UTCG,r_x,r_y,r_z,v_x,v_y,v_z,a_x,a_y,a_z,lla_Lat,lla_Lon,lla_Alt,coe_Semi-major_Axis,coe_Eccentricity,coe_Inclination,coe_RAAN,coe_Arg_of_Perigee,coe_True_Anomaly
15 Jul 2026 00:00:00.000000000,-5564.529693047451,-2433.0584382029288,-3228.7775554590303,4.47457889965442,-3.706415815133002,-4.918579963489842,0.006812577273508297,0.002982215249327301,0.003968652736911293,-28.282497548694835,-88.87406012984857,504.7716057315086,6878.137023938875,6.585184133471028e-09,53.00000004591876,3.9603645391934287e-07,0.0,216.00000016468516
15 Jul 2026 00:01:00.000000000,-5283.990928541627,-2649.9181120804915,-3516.539705314232,4.873281535639645,-3.5196087340403412,-4.669982708684743,0.006466898673152157,0.0032467812212543298,0.004320699646059431,-31.039000695135847,-86.10015192885217,505.6459204829673,6877.346929488139,0.0001175638092853547,52.997513094129935,359.9975717326407,25.502951526061405,194.3032377782877
15 Jul 2026 00:02:00.000000000,-4980.169078998973,-2855.101444003755,-3788.763423714427,5.250400408766762,-3.3173486564755827,-4.400824387282055,0.006092920221669079,0.00349688930006059,0.004653453391384823,-33.719129247593166,-83.15006630966238,506.5283654261729,6876.538358748011,0.0002350666074502511,52.9949662818743,359.9947250498798,30.3098655045278,193.302557207761
15 Jul 2026 00:03:00.000000000,-4654.4091336936945,-3047.707922865749,-4044.25062649812,5.60428704787835,-3.1005350943390626,-4.112305337942503,0.0056923396686567665,0.0037314656085465875,0.004965481134268694,-36.30979456821418,-79.99898406910073,507.4049000326311,6875.725564694164,0.0003508178329468415,52.99240435434917,359.9914541306149,35.07977661710496,192.3389369797356
15 Jul 2026 00:04:00.000000000,-4308.1518692922855,-3226.892898544559,-4281.877772236601,5.933398081605853,-2.870129838454583,-3.805708988952649,0.005266962814300084,0.003949509872010452,0.005255448484735892,-38.795972709291775,-76.62081913608804,508.2614815038455,6874.922861426091,0.00046312985320159,52.989872315442526,359.98776023148093,39.8165885478769,191.4084839815504
15 Jul 2026 00:05:00.000000000,-3942.927354816831,-3391.871184049351,-4500.6006679681595,6.236301441071347,-2.627152443863625,-3.4823958191957134,0.004818693991797614,0.004150098671380198,0.005522123862289508,-41.16045322026195,-72.98896276492935,509.08430539037033,6874.144372743946,0.0005703443926292424,52.98741463569027,359.9836520588699,44.52321249505559,190.50829491029572
15 Jul 2026 00:06:00.000000000,-3560.3481015824455,-3541.9203812542637,-4699.458905076587,6.511681989939235,-2.372675534904379,-3.1437970775211483,0.004349526511999152,0.004332388194344603,0.0057643821845265505,-43.38364036478635,-69.07756251187536,509.8600411469856,6873.403784855144,0.0006708606366257266,52.98507446989701,359.9791456140381,49.20210190377477,189.63592155434606
15 Jul 2026 00:07:00.000000000,-3162.1018924944597,-3676.3839202917766,-4877.579911984775,6.758346582252853,-2.107819959135653,-2.79140829943638,0.003861533159149645,0.004495616521714323,0.005981207932979589,-45.44346851982783,-64.86350702853214,510.57605864673457,6872.714107471853,0.0007631624184538017,52.98289289813051,359.9742639100968,53.855340418828426,188.7892829075868
15 Jul 2026 00:08:00.000000000,-2749.944324960032,-3794.6738043361947,-5034.182612566926,6.975228553299024,-1.8337498167496136,-2.42678265684218,0.0033568568092707885,0.004639105492940487,0.0061716976544458095,-47.315519791837765,-60.32925330815113,511.2206419213451,6872.087447368184,0.0008458440253417128,52.98090820338222,359.96903656592406,58.484663833065376,187.96664333836944
15 Jul 2026 00:09:00.000000000,-2325.69110109512,-3896.273053064476,-5168.580681286355,7.1613916525792005,-1.551667389253696,-2.051524172719675,0.002837701223956978,0.004762262198726616,0.006335061961757662,-48.97345500374713,-55.46650743879035,511.7831866902017,6871.534798210473,0.0009176341849075438,52.979155198536404,359.96349928414554,63.09145660277436,187.16661624004104
15 Jul 2026 00:10:00.000000000,-1891.2100985341183,-3980.737839341199,-5280.1853877687545,7.316033430424261,-1.262807988406741,-1.667280828954905,0.0023063220537119537,0.004864580151314436,0.006470627101318826,-50.38987476865042,-50.28050855894095,512.2543785727872,6871.065850163179,0.0009774178252769594,52.97766461442362,359.9576932223813,67.67672824228784,186.38818784573309
15 Jul 2026 00:11:00.000000000,-1448.4132541233523,-4047.699314926774,-5368.50802521302,7.438488091401484,-0.9684347432029048,-1.275737591229158,0.001765018064747484,0.004945640181926501,0.006577836153561358,-51.53769347275607,-44.79426067292583,512.626349243927,6870.688822412412,0.0010242552417585172,52.97646255966099,359.9516642688025,72.24106677555254,185.63076402640493
15 Jul 2026 00:12:00.000000000,-999.2482921532696,-4096.865121930853,-5433.161918291591,7.528228827859848,-0.6698333399041132,-0.8786093711721208,0.0012161225851602248,0.005005111112283101,0.006656249928939041,-52.392013736344595,-39.051599877676004,512.8928081765897,6870.410321347705,0.0010573983488960561,52.97557006172618,359.9454622347078,76.78456182850786,184.89424748263013
15 Jul 2026 00:13:00.000000000,-545.6903279276613,-4128.0205875718075,-5473.864007324645,7.58486964624991,-0.3683067274000199,-0.47763394233520995,0.0006619951497853792,0.005042750242315248,0.0067055476157934025,-52.93232924615148,-33.1177144196639,513.0491480188506,6870.235226705879,0.001076303749018277,52.97500269729082,359.93913997825825,81.30668457901157,184.17915810772755
15 Jul 2026 00:14:00.000000000,-89.73337675724868,-4141.029600466397,-5490.436006404489,7.608166697156132,-0.0651697978509724,-0.07456482344284461,0.00010501330819770052,0.0050584036889923184,0.00672552722678489,-53.144699583452315,-27.075980144551128,513.0925220636154,6870.166607516767,0.0010806424065949289,52.97477031828148,359.932752474748,85.8061034774444,183.48681760283463
15 Jul 2026 00:15:00.000000000,366.6182021253601,-4135.835167213164,-5482.805133871522,7.5980191175024805,0.23825594929119934,0.32883586011458277,-0.0004524354508348797,0.005052006603204047,0.0067161058798807915,-53.02342026654048,-21.02091823835357,513.0218926881494,6870.205669204084,0.0010703057824472883,52.97487687846407,359.92635584968264,90.28040057823245,182.81963349702121
15 Jul 2026 00:16:00.000000000,821.3582976561212,-4112.4596484786625,-5451.00441413705,7.554469390322269,0.5406477531106584,0.7308045273456227,-0.0010079617136387147,0.005023583281409645,0.006677319936221152,-52.571751504124286,-15.048472016199735,512.8380500630254,6870.35173269377,0.0010454083544444916,52.975320363594975,359.920006391596,94.72562824110443,182.18154280668307
15 Jul 2026 00:17:00.000000000,1272.4876461965894,-4071.004674178647,-5395.172550356741,7.47770322403046,0.8406869408520307,1.12958329704134,-0.0015591821539427623,0.004973247178944961,0.006609325004002757,-51.80149799028476,-9.245925793759918,512.5436008543847,6870.602245870438,0.0010062865361862388,52.976092826374234,359.9137595619004,99.13559919302322,181.5787223362544
15 Jul 2026 00:18:00.000000000,1718.0224090715737,-4011.650737711851,-5315.553367943867,7.368048949545649,1.1370642753307347,1.5234271392866259,-0.0021037276031810616,0.0049012008203518755,0.0065123958020619445,-50.731560752965265,-3.683947818571473,512.1429270689396,6870.952827208025,0.0009534941123244399,52.97718052560804,359.907669019124,103.50071133341875,181.02076423008285
15 Jul 2026 00:19:00.000000000,2156.0026994477475,-3934.65646956432,-5212.49482938949,7.225976430065267,1.428485293654692,1.9106110142836814,-0.0026392512356065733,0.00480773559272806,0.006386925864315295,-49.385851850177175,1.5876750167230567,511.64211561606265,6871.397340886352,0.0008877944638213617,52.978564167168074,359.901785674624,107.80591872162358,180.52270533044472
15 Jul 2026 00:20:00.000000000,2584.501028966267,-3840.357591049059,-5086.4476214542865,7.052095475136102,1.713675629446032,2.289436987873465,-0.0031634369171927843,0.004693231396529192,0.006233427050713847,-47.791056725733135,6.540442748680777,511.0488595858198,6871.9280021992345,0.0008101501219811417,52.9802192425569,359.8961567963458,112.02703884054996,180.1087202397762
15 Jul 2026 00:21:00.000000000,3001.630644166299,-3729.1655494431516,-4937.963316463829,6.847153747967969,1.9913863091432258,2.6582413109849137,-0.003674007757162069,0.004558156120865203,0.006052528820533941,-45.974644556283074,11.16463512082949,510.37233266288996,6872.535511565957,0.0007217107417559317,52.982116459181654,359.8908251763477,116.12357181216255,179.8193024058487
15 Jul 2026 00:22:00.000000000,3405.5537218864397,-3601.565836427417,-4767.692110306674,6.612034153030089,2.2603990106464424,3.0154014471351993,-0.004168734887058325,0.004403064902205213,0.005844977212979202,-43.963349855808104,15.465271248288632,509.6230385124913,6873.209214983585,0.000623801956767011,52.984222254832225,359.8858283767181,120.02350287635181,179.7264619120204
15 Jul 2026 00:23:00.000000000,3794.489392048164,-3458.11599251011,-4576.38014078578,6.347751689942968,2.519531269964281,3.3593430286185715,-0.004645446475776218,0.004228599119907621,0.00561163347284815,-41.782175957012846,19.457754931564917,508.8126373818391,6873.937288308232,0.0005179216437682471,52.98649938738361,359.88119806715895,123.58734067346514,179.96968742692763
15 Jul 2026 00:24:00.000000000,4166.7215553683845,-3299.443301063005,-4364.866391255157,6.055449759696026,2.7676416186124766,3.6885467181402145,-0.005102036970825567,0.0040354850786458825,0.005353472254598011,-39.45385693867232,23.163988592033984,507.9537525541326,6874.706942336693,0.00040576479856915376,52.988907589418886,359.8769594659012,126.50885873714917,180.85520490220665
15 Jul 2026 00:25:00.000000000,4520.606462733212,-3126.242176722793,-4134.079185996427,5.736395910364955,3.003634631473618,4.001554948596086,-0.00553647653727076,0.003824532326858816,0.005071579337049229,-36.99866563944343,26.60930451647085,507.05975966555076,6875.5046452827955,0.00028936726185235166,52.99140427632485,359.87313089381723,127.97103704348467,183.20003616826483
15 Jul 2026 00:26:00.000000000,4854.580022257457,-2939.271254215129,-3885.032285558838,5.391977011814655,3.2264658617915147,4.296978509656077,-0.005946820645473414,0.0035966315611830808,0.004767148782259925,-34.43445252559616,29.820259138223168,506.14456224151843,6876.31635891142,0.00017195393450149794,52.99394529546602,359.8697234496551,124.90567471281356,190.07238632852878
15 Jul 2026 00:27:00.000000000,5167.164799518843,-2739.35018514621,-3618.8205922932384,5.023693852355573,3.4351466370781436,4.573502945970959,-0.006331219739989961,0.003352752070792213,0.004441479477457917,-31.77682026481025,32.8231770510411,505.2223571174392,6877.127784317508,6.823837627672974e-05,52.996485703309396,359.8667408121665,94.33241426237262,224.4526195517736
15 Jul 2026 00:28:00.000000000,5456.976676168938,-2527.35615195456,-3336.615478537402,4.633155154913115,3.6287486871144012,4.8298947283834694,-0.006687928904580369,0.0030939386817975915,0.004095971007484051,-29.039365219726204,35.64327679662046,504.30739367161647,6877.924613121164,9.915566813497944e-05,52.99898055686868,359.8641791727195,6.837433616100146,315.75456705480815
15 Jul 2026 00:29:00.000000000,5722.731132141817,-2304.220110014049,-3039.659752324069,4.2220710158785275,3.806408573047571,5.065007156663213,-0.007015317421394494,0.0028213081694083366,0.003732118815387585,-26.233940956110448,38.304214248896535,503.41373100388483,6878.692779703397,0.0002103203674783938,53.00138570557012,359.86202729965134,352.9647610798949,333.4342120668491
15 Jul 2026 00:30:00.000000000,5963.249117069697,-2070.9227707818086,-2729.2622780467345,3.7922457762827673,3.9673318849698185,5.277785950161438,-0.007311878110635655,0.0025360451164555494,0.00335150862333359,-23.37091716835098,40.8279079201361,502.55499733208023,6879.418710033529,0.0003246439585905326,53.003658569616434,359.8602667333854,352.30535599946984,337.90060905901186
15 Jul 2026 00:31:00.000000000,6177.462477308522,-1828.4903408794398,-2406.7922721786767,3.345570342103846,4.110797174381795,5.467274481535434,-0.007576236326188419,0.0022393972077016364,0.0029558101007714638,-20.459420078847344,43.23454436336308,501.74415594068324,6880.089562644834,0.00043520322101103315,53.00575889114511,359.8588721089597,354.6027482893006,339.4102440519582
15 Jul 2026 00:32:00.000000000,6364.41890622099,-1577.9900340168094,-2073.6732968447113,2.8840139781561542,4.236159587710739,5.632618608426555,-0.007807158477242121,0.001932669962786244,0.0025467697843888676,-17.50754846218592,45.542692123291566,500.99328199320155,6880.693457403161,0.0005396048124607467,53.007649444936874,359.8578116004249,358.02524177865286,339.794831058198
15 Jul 2026 00:33:00.000000000,6523.286387071668,-1320.525374688952,-1731.3769767295032,2.40961560789286,4.342854167599446,5.773071058763345,-0.00800355994438595,0.0016172209237839302,0.0021262032721802537,-14.522564278716432,47.76947652142435,500.3133544060172,6881.219687885305,0.0006362117166843807,53.00929669612276,359.85704747937996,2.011256730951621,339.6159693061549
15 Jul 2026 00:34:00.000000000,6653.357100071494,-1057.2313145315345,-1381.4164674078143,1.924474659316178,4.430398790051519,5.8879953272343775,-0.008164512259765333,0.0012944533269612735,0.0016959867318478027,-11.511059582821716,49.93078497843641,499.7140667728507,6881.65891343956,0.0007237002902262184,53.010671393252515,359.85653677794596,6.335416030361138,339.09905675635554
15 Jul 2026 00:35:00.000000000,6754.05076775097,-789.2691840830189,-1025.3397056363476,1.4307415047952081,4.498396707693864,5.976869043428449,-0.008289249429325697,0.0009658093019813716,0.001258047781940471,-8.479102717837522,52.04148469367722,499.2036610249627,6882.003327338653,0.0008009735618271819,53.011749086208994,359.85623204455567,10.892571607601218,338.34926334270875
15 Jul 2026 00:36:00.000000000,6824.917415926583,-517.8215043945246,-664.7224743916811,0.9306075496655964,4.546538672381142,6.039286776126013,-0.008377173284005553,0.0006327626540463122,0.0008143558203256968,-5.4323673799781345,54.11564263129434,498.788787115644,6882.246797848886,0.0008671442585405412,53.012510559760784,359.85608217936306,15.629674916034817,337.4196601335223
15 Jul 2026 00:37:00.000000000,6865.639531007206,-244.08668443935878,-301.16131741483287,0.4262950308143273,4.574604614042545,6.074962243162583,-0.008427857763016824,0.00029681129605064576,0.0003669118898024867,-2.376248286942824,56.166743055582096,498.47439153505337,6882.384979523452,0.0009215351235199478,53.01294217502003,359.85603333457453,20.51969620511494,336.3372996714409
15 Jul 2026 00:38:00.000000000,6876.033598221594,30.72636847083462,63.73366032093234,-0.0799534081984305,4.582464856982685,6.083729902051786,-0.008441052048677723,-4.053059289727363e-05,-8.226181688046167e-05,0.6840328552537805,58.20790120034481,498.2636369029904,6882.415392572585,0.0009636829498181315,53.013036112684816,359.85602986390506,25.550273318084198,335.1145667721637
15 Jul 2026 00:39:00.000000000,6856.051009465396,305.4036970625007,428.34606851170236,-0.5858852947231115,4.57008085967344,6.065545903004165,-0.008416682493435917,-0.0003777405982731316,-0.0005311327002887456,3.7433274997203054,60.252073676956634,498.1578542661007,6882.337468756916,0.00099334193396675,53.01279051367174,359.85601530442005,30.718358373882637,333.7545314291021
15 Jul 2026 00:40:00.000000000,6805.778333797984,578.7317723865933,791.0605451944451,-1.0892489836478074,4.537505469286842,6.020488392931838,-0.008354853302598268,-0.0007132962011031704,-0.0009776686267677916,6.796463028232394,62.312267336937225,498.1565290587789,6882.152562882046,0.00101048470775411,53.012209514550065,359.8559333734679,36.02762432958857,332.25354183500065
15 Jul 2026 00:41:00.000000000,6725.436948083465,849.5029727603606,1150.2700691219359,-1.587804317887836,4.484882687670957,5.948757166294861,-0.008255845959355164,-0.0010456829169541964,-0.001419848807486204,9.838144696641306,64.40174874838436,498.25732099174485,6881.863929625383,0.0010153004148704713,53.01130317704606,359.8557289630555,41.48729954174986,330.6023894096281
15 Jul 2026 00:42:00.000000000,6615.382029782822,1116.521034085974,1504.3832317419585,-2.079333217491691,4.412446951005846,5.850672666017622,-0.008120117403385701,-0.0013734023510055245,-0.00185567456155825,12.862853291507077,66.53425632034302,498.4561174289378,6881.476666088587,0.0010081896532326943,53.01008731275994,359.85534911412884,47.11185016177145,328.7866260058014
15 Jul 2026 00:43:00.000000000,6476.100918379817,1378.606442552852,1851.8314300873149,-2.561650123481304,4.320521930838081,5.726674344972163,-0.007948296997602917,-0.0016949800795967676,-0.0022831798440696486,15.864734954797232,68.72421638515851,498.7471191218605,6880.997621122803,0.0009897563658263905,53.00858320609509,359.85474395345113,52.92126455716553,326.78627910922125
15 Jul 2026 00:44:00.000000000,6308.210856276295,1634.6017413606717,2191.0759427117337,-3.0326122253141903,4.209518869420916,5.577318405486252,-0.007741182340795981,-0.0020089732739703918,-0.0027004414267990657,18.83747951951202,70.98696306279805,499.1229565106435,6880.435273106663,0.0009607969629113502,53.00681724020824,359.853867576507,58.94186616125645,324.5750386365085
15 Jul 2026 00:45:00.000000000,6112.4561241458505,1883.376724010453,2520.6148520390993,-3.4901294049036222,4.079934467143854,5.403274940791785,-0.007499734003620322,-0.002313977989281478,-0.0031055886292335323,21.774183602913716,73.33895916456989,499.5748341906568,6879.799578452206,0.0009222871544994559,53.00482043251576,359.85267886067885,65.20769109026736,322.1188789990978
15 Jul 2026 00:46:00.000000000,5889.704589608825,2123.8334879271065,2838.989778091209,-3.932173835348471,3.9323483441742324,5.205324508110784,-0.007225069283715409,-0.002608636051421606,-0.0034968125102047224,24.667194723410216,75.79801123526232,500.09270059873654,6879.101793660329,0.0008753672035381149,53.00262788790584,359.85114219429596,71.7625594044511,319.37398756236314
15 Jul 2026 00:47:00.000000000,5640.943691630995,2354.9113236073654,3144.7923904824443,-4.356789178688881,3.7674201021602993,4.984354168031629,-0.006918455089731345,-0.002891641485531933,-0.003872374445250322,27.507933011035284,78.38346533230042,500.66543950637663,6878.35427423248,0.0008213266176290466,53.00027817927819,359.8492281085128,78.66306764151408,316.2837718771311
15 Jul 2026 00:48:00.000000000,5367.275886193166,2575.5914161415785,3436.670667763859,-4.762099333934279,3.585886014854815,4.741353028840259,-0.006581300074444671,-0.0031617464421858873,-0.004230614031195581,30.286687949961117,81.11636027527884,501.2810795287854,6877.5702541600285,0.0007615897338799753,52.99781266633694,359.8469138007477,85.98284711043767,312.774601200133
15 Jul 2026 00:49:00.000000000,5069.913581494046,2784.90133776197,3713.334875607299,-5.146316694049397,3.3885553787584413,4.477407337457818,-0.006215146144635616,-0.0034177665909781384,-0.00456995627749019,32.9923894709329,84.01950060188193,501.9270175734495,6876.763610048839,0.0006977042869244078,52.9952747646737,359.8441835403217,93.81856090629798,308.7498093466255
15 Jul 2026 00:50:00.000000000,4750.173593212347,2981.9193119816614,3973.5632378802784,-5.507749878283851,3.176306556323733,4.193695160553833,-0.005821659476074627,-0.0036585859641579043,-0.004888918061167642,35.61235628009188,87.11739102098309,502.59025196355975,6875.948614190792,0.0006313359486717277,52.99270917807544,359.8410289489699,102.29819289157547,304.081405632615
15 Jul 2026 00:51:00.000000000,4409.471152145347,3165.778231877482,4216.207277309827,-5.844810913946573,2.9500827448832347,3.891480700249697,-0.005402621161218192,-0.00388316124660879,-0.005186113840396124,38.13203053329787,90.43594696228854,503.257620877397,6875.1396810604565,0.0005642729371241623,52.99016110766113,359.8374491512236,111.59199412916246,298.59912842345494
15 Jul 2026 00:52:00.000000000,4049.31349788662,3335.669417049677,4440.196805104595,-6.1560218491823,2.710887504331804,3.5721082886381943,-0.0049599176103019855,-0.004090525520843136,-0.005460260638139507,40.534718080201486,94.00186287460008,503.9160417424007,6874.351111796633,0.000498445532381322,52.98767545187699,359.8334507918462,121.92532837857989,292.0775996782741
15 Jul 2026 00:53:00.000000000,3671.293093099918,3490.846095765286,4644.544541540192,-6.440020785300658,2.4597800757180233,3.236996104194832,-0.004495530817140786,-0.004279791486997602,-0.005710182322580084,42.80136881460252,97.84148641919286,504.5527473040789,6873.596841223216,0.0004359633250130821,52.98529601155621,359.8290479199882,133.58881585769976,284.22618128790486
15 Jul 2026 00:54:00.000000000,3277.0804934524344,3630.6266006710625,4828.350352054653,-6.695567323496874,2.1978705214133525,2.8876296511584205,-0.0040115285877355975,-0.004450154187926035,-0.0059348132243600814,44.91045292017283,101.97902590638459,505.15551424740187,6872.890191877159,0.00037916076042592,52.98306471417075,359.8242617419772,146.93073180769693,274.69657666751885
15 Jul 2026 00:55:00.000000000,2868.416908404797,3754.3972682572785,4990.805085802844,-6.921547426240394,1.9263147154819338,2.525555040252713,-0.003510054813604957,-0.0046008932765390954,-0.0061332011403251166,46.838014814791684,106.43393622022089,505.71288047240205,6872.243639346894,0.0003306012074950351,52.981020871071905,359.81912024716405,162.29502852343595,263.1448089396687
15 Jul 2026 00:56:00.000000000,2447.1064878796606,3861.615033896074,5131.194005850736,-7.116977698038778,1.6463092104401231,2.1523721058455996,-0.0029933198549067386,-0.0047313748689655905,-0.006304509781891404,48.55801196922816,111.21742597014457,506.21434740564234,6871.668592988473,0.0002929009546119359,52.979200480936164,359.8136577133423,179.84735832079252,249.4051982334073
15 Jul 2026 00:57:00.000000000,2015.0083695143398,3951.809715754982,5248.899802171668,-7.281009093576396,1.3590860039339754,1.7697273911078817,-0.002463591079334793,-0.004841053030232398,-0.0064480207304719065,50.04305809009454,116.32825327469443,506.65056405509245,6871.175195785683,0.0002681560578079289,52.97763559181746,359.80791410054405,199.28750963718215,233.77792589864825
15 Jul 2026 00:58:00.000000000,1574.0285204830147,4024.5859822515963,5343.405180456226,-7.412930063500119,1.0659072259393996,1.3793070288098528,-0.0019231835832472968,-0.004929470939391131,-0.006563134962682707,51.26566885481006,121.74835291371397,507.01348987859126,6870.772146761757,0.00025698244727664996,52.97635373316647,359.8019343439028,219.68326727527486,217.19517462185615
15 Jul 2026 00:59:00.000000000,1126.1114073770657,4079.624998823225,5414.295021235616,-7.512169149092689,0.7680597643829427,0.9828295417956827,-0.0013744511036387207,-0.004996261780311017,-0.006649374007088289,52.20002982030198,127.43930404079367,507.29653392585215,6870.466548942182,0.00025788657220733927,52.97537742793349,359.7957675582023,239.79642273209436,200.89511849452722
15 Jul 2026 01:00:00.000000000,673.2315268269805,4116.685750804435,5461.258105196706,-7.578297037117048,0.4668498443703363,0.582038583533189,-0.0008197771119353132,-0.005041149399884828,-0.006706380788256436,52.82415969089759,133.34100251080264,507.49466812432894,6870.263785417133,0.0002678259766345622,52.97472379344481,359.7894661681857,258.7263868885847,185.7783107534394
15 Jul 2026 01:01:00.000000000,217.38482892089218,4135.606040033542,5484.088401674744,-7.61102808509993,0.1635975738699055,0.17869563602387667,-0.00026156606569957634,-0.005063948770140817,-0.006733920206866392,53.12215495779978,139.37381965266505,507.6045130036417,6870.167425567528,0.0002835640652181557,52.97440423816029,359.78308498010773,276.20085612610615,172.11701811930527
15 Jul 2026 01:02:00.000000000,-239.41993510879254,4136.303153517541,5482.685918258975,-7.61022132550146,-0.1403685332582706,-0.22542732025599804,0.000297765218453512,-0.005064566282578448,-0.006731879493577347,53.08605276684055,145.4447537072868,507.6243945865915,6870.179163006573,0.0003026807297801037,52.97442425970716,359.77668021103335,292.3843653360885,159.74666826031088
15 Jul 2026 01:03:00.000000000,-695.169909905343,4118.774203089414,5457.057110252228,-7.575880954740226,-0.4437170474565669,-0.6285551516528466,0.0008557961162054528,-0.00504299989465801,-0.006700268363146715,52.71684075290249,151.45673372231502,507.5543716142684,6870.298786257427,0.00032385376571061224,52.974783347779656,359.77030849315776,307.58419717729464,148.3599410184716
15 Jul 2026 01:04:00.000000000,-1147.856846957707,4083.096135525726,5407.314849434819,-7.508156310122845,-0.7451191183403731,-1.0289169203153283,0.001410110722434243,-0.0049993391377233035,-0.006639218980963807,52.02432930622503,157.31894592900855,507.39623271476916,6870.5241826438705,0.0003467025640608263,52.97547499361904,359.76402587083993,322.07408351367036,137.68306745796295
15 Jul 2026 01:05:00.000000000,-1595.4857989059333,4029.4254130858703,5333.677952237792,-7.407341334577037,-1.0432539660199003,-1.424753225708926,0.00195830640661741,-0.004933764986857862,-0.006548985742386296,51.025923293704736,162.9555998090497,507.15346356839615,6870.851375321053,0.00037149140050097586,52.97648680588885,359.75788680820136,336.0302180049186,127.53981775578299
15 Jul 2026 01:06:00.000000000,-2036.0837663265545,3957.997364944871,5236.470268109409,-7.273873525982547,-1.336814360218587,-1.814323526933006,0.002498002447109121,-0.004846549580489541,-0.006429944848310361,49.74463365578927,168.31123566777586,506.83118456529695,6871.2745928256745,0.0003988194600233117,52.97780073085935,359.75194322491564,349.52677406933924,117.85598370664934
15 Jul 2026 01:07:00.000000000,-2467.7082660596902,3869.1252105145504,5116.119329556248,-7.108332364990505,-1.624512077733453,-2.195913433015002,0.003026848789111712,-0.0047380557705177075,-0.006282593650943349,48.20681456508974,173.35204803617742,506.4360598920766,6871.786369984845,0.00042933928069948844,52.979393372956544,359.74624357732824,2.5585582460549743,108.6367258083986
15 Jul 2026 01:08:00.000000000,-2888.455789499722,3763.19875627232,4973.1545661792225,-6.91143721284371,-1.9050833271588545,-2.567841946170955,0.003542534960959909,-0.004608736472748666,-0.006107549729185374,46.440065579491915,178.06395974599914,505.9761794209755,6872.3776784973825,0.00046352870401415155,52.98123640994236,359.7408320012274,15.07481325769198,99.93277061898425
15 Jul 2026 01:09:00.000000000,-3296.4701187941414,3640.6827684276445,4808.205085982254,-6.684044668972526,-2.1772941278768028,-2.9284686404452636,0.004042799170636539,-0.004459133781158076,-0.005905549644652253,44.471572024245745,-177.55120002236976,505.46091520495526,6873.03808499879,0.0005015390954466626,52.98329709530886,359.7357475314677,27.01327010393673,91.80635904816653
15 Jul 2026 01:10:00.000000000,-3689.95046820198,3502.115024608762,4621.997028382869,-6.4271453772698655,-2.4399456279161247,-3.2762007549289036,0.00452543758951142,-0.004289877804049298,-0.005677447322263432,42.32697351975485,-173.48010145534872,504.9007548015278,6873.755933946728,0.0005431297437066545,52.985538838919815,359.73102341225996,38.325833057324,84.3055617063707
15 Jul 2026 01:11:00.000000000,-4067.159417188248,3348.1040487512178,4415.350494709783,-6.141860270057716,-2.6918793426371987,-3.60950017721457,0.0049883138118816716,-0.004101685175508697,-0.005424211993243687,40.02971820627914,-169.70199531266928,504.3071140519923,6874.518552227471,0.0005876777992957724,52.98792185554587,359.72668651035207,48.99165416193504,77.45120470461761
15 Jul 2026 01:12:00.000000000,-4426.430601182913,3179.326534539109,4189.176063553611,-5.829436239952233,-2.9319822933915534,-3.926890289016169,0.005429368461371236,-0.0038953571956806985,-0.005146925638725754,37.60079575345018,-166.1920197727105,503.69213232422896,6875.312471989633,0.000634238137124512,52.990403869739204,359.72275684143744,59.01868021943227,71.23532291646244
15 Jul 2026 01:13:00.000000000,-4766.1761254023995,2996.5244640832457,3944.4709001458914,-5.491241232153528,-3.159192022506309,-4.226962642156101,0.005846628895689266,-0.0036717775535550262,-0.004846779872572656,35.058730284453425,-162.92362689362812,503.06845357967984,6876.12366787149,0.0006816252938897909,52.9929408645014,359.71924721814514,68.43803162392702,65.62678133669074
15 Jul 2026 01:14:00.000000000,-5084.893666769138,2800.5019300269882,3682.3144709725234,-5.1287587531380066,-3.372501458269191,-4.5083834295968135,0.006238218943090597,-0.003431909589998147,-0.004525072207709464,32.419730972906414,-159.8702162661429,502.4489969387045,6876.937804505339,0.0007284969897866035,52.99548786043205,359.71616302573347,77.29583271069428,60.57944486893097
15 Jul 2026 01:15:00.000000000,-5381.173228856971,2592.1216709180203,3403.863877059719,-4.743581796250516,-3.570963601214563,-4.769899713056169,0.006602368586447606,-0.003176793064284744,-0.004183201657744401,29.697924358340856,-157.00613961882408,501.84672068427864,6877.740489966888,0.0007734285486880017,52.99799971151782,359.7135021294212,85.64558210837127,56.039808050711116
15 Jul 2026 01:16:00.000000000,-5653.703514976489,2372.3013314777204,3110.3488217749195,-4.337406190200089,-3.7536960010315252,-5.010345366175336,0.006937423495479152,-0.0029075403955508995,-0.0038226636368555427,26.905617682148147,-154.30724668355296,501.2743838515342,6878.517530693901,0.0008149749842964569,53.00043190344199,359.7112549148554,93.54240104626317,51.95274676350468
15 Jul 2026 01:17:00.000000000,-5901.277885070588,2142.009461284044,2803.0662315199775,-3.9120233827963844,-3.9198849919896928,-5.228646690365372,0.007241854295859078,-0.0026253323606119983,-0.0034450441343316196,24.053562518787412,-151.75111738177404,500.74430969030396,6879.255183333749,0.0008517214928868549,53.00274134026712,359.70940446091146,101.0393208067206,48.26523073799704
15 Jul 2026 01:18:00.000000000,-6122.799863044623,1902.2612673447406,2483.3745503107207,-3.469312679256753,-4.068789653981722,-5.423827659476923,0.00751426545402648,-0.002331413240704233,-0.003052013155232085,21.151202067532317,-149.3170912310403,500.2681553497807,6879.940398995509,0.0008823244657945723,53.004887105566915,359.7079268416274,108.18523262467279,44.928373553695174
15 Jul 2026 01:19:00.000000000,-6317.288162550984,1654.1141380149118,2152.6877318797992,-3.0112329618417646,-4.199745466213466,-5.595014749420927,0.007753403651759545,-0.0020270854225368814,-0.002645317435571039,18.206894628239592,-146.98617292300398,499.8566921112171,6880.561055484464,0.0009055451357690341,53.00683118455654,359.70679155184274,115.02399924295781,41.89832092643768
15 Jul 2026 01:20:00.000000000,-6483.881201092462,1398.662957684356,1812.4689555474993,-2.5398139252187617,-4.312167621268179,-5.741441309883977,0.007958165522169061,-0.0017137034717727962,-0.002226772457701102,15.228111335447965,-144.74086729800334,499.51960038015613,6881.106173284055,0.0009202774689460107,53.00853913447873,359.70596204885675,121.59429259406852,39.136412816333376
15 Jul 2026 01:21:00.000000000,-6621.841074616845,1137.0352335496,1464.2240946158977,-2.0571468695412416,-4.405553968775108,-5.862451437359252,0.008127604623283989,-0.001392667711076803,-0.0017982538098674336,12.221609356139252,-142.56497788235427,499.26528344009813,6881.5661113216065,0.0009255713536165861,53.00998069143832,359.7053964004538,127.92983992992824,36.60893703854529
15 Jul 2026 01:22:00.000000000,-6730.556967525019,870.3860575774721,1109.4949683912853,-1.565375100533697,-4.479487560199868,-5.957503311843042,0.008260937531012496,-0.00106541734720898,-0.0013616879505027807,9.193583368071982,-140.44338977486046,499.1007036654755,6881.932738907617,0.0009206516865224038,53.011130303019264,359.7050480276974,134.05986991222125,34.286682869240586
15 Jul 2026 01:23:00.000000000,-6809.5479761889555,599.8929283809664,749.8524110676848,-1.0666839926170288,-4.5336387693274425,-6.026171963677196,0.008357548945032059,-0.0007334232041765305,-0.0009190424542055746,6.149798850181286,-138.36184863249517,499.0312444950442,6882.199580665493,0.0009049336487594951,53.01196757734711,359.70486652930714,140.00963240162767,32.144420913929075
15 Jul 2026 01:24:00.000000000,-6858.465327626549,326.7504591524617,386.88919255526497,-0.5632907770894172,-4.567766966749321,-6.068151442061857,0.00841699571593575,-0.0003981801302483524,-0.000472315830566565,3.09571093914153,-136.3067415887222,499.0606009855034,6882.361931765486,0.0008780342770656269,53.01247764074944,359.7047985729535,145.8009213743759,30.16037981596686
15 Jul 2026 01:25:00.000000000,-6877.0939788592295,52.16499896614567,22.212827859084943,-0.05743412236227915,-4.581721731015056,-6.08325636259881,0.008439009719497239,-6.119915573548707e-05,-2.3527019009188544e-05,0.03657258867690474,-134.2648821785137,499.1907012078936,6882.416941328813,0.0008397803402815999,53.01265139779321,359.7047888376944,151.45256580113602,28.315754976913567
15 Jul 2026 01:26:00.000000000,-6865.35358661756,-222.65080433320125,-342.56168723145095,0.4486364229107378,-4.575443583944228,-6.071422817700958,0.008423499525667531,0.00027600051438069536,0.00042529532802082135,-3.0224643387415875,-132.2232990469917,499.42166013109176,6882.363662468637,0.0007902124970559167,53.012485689210116,359.7047809908335,156.98087524749033,26.594262536596272
15 Jul 2026 01:27:00.000000000,-6823.298841389001,-496.4834708563517,-705.8191756311913,0.952671050446948,-4.548964242790732,-6.032708640641986,0.008370550830585851,0.0006118995842121674,0.0008721236550675701,-6.076251528292652,-130.1690269177556,499.7517669725533,6882.20306806595,0.0007295857174756292,53.01198334502821,359.7047186819925,162.4000413118818,24.981737504352125
15 Jul 2026 01:28:00.000000000,-6751.1191642377435,-768.1241559252129,-1065.9515747827318,1.4524303021639373,-4.502406387356234,-5.967293021228295,0.008280425645110568,0.0009449867361195492,0.0013149422855350031,-9.11954676499971,-128.0888977099643,500.17750630523915,6881.938032030335,0.0006583659833764899,53.01115313207758,359.7045465368195,167.72250863093615,23.465762319047492
15 Jul 2026 01:29:00.000000000,-6649.137769288184,-1036.37408883312,-1421.3651900733792,1.9456955949804629,-4.435982945613271,-5.8754754783486,0.008153560256233927,0.0012737665945243566,0.0017517580548610306,-12.146913133950358,-125.96932968653593,500.69361251089896,6881.573276450316,0.0005772233290095551,53.010009596900595,359.70421113285215,172.95934920682214,22.035292090717363
15 Jul 2026 01:30:00.000000000,-6517.810099165106,-1300.0499544580264,-1770.4878676330197,2.430279588034907,-4.349995906763001,-5.757674201788659,0.00799056200171062,0.0015967674968314668,0.002180610678518857,-15.152611362319163,-123.7961130864528,501.2931564833672,6881.115285682234,0.00048702133875377815,53.008572806933756,359.70366194035086,178.12072632417213,20.68019026367688
15 Jul 2026 01:31:00.000000000,-6357.72164494205,-1557.9891897756308,-2111.776049245049,2.9040363228288673,-4.244834675763295,-5.61442378248789,0.007792204919722331,0.001912548989153573,0.002599582745676839,-18.13048169483097,-121.55419196909654,501.9676628305723,6880.572189045221,0.00038880327705860177,53.00686799461351,359.7028522116005,183.2167180681077,19.390404696685447
15 Jul 2026 01:32:00.000000000,-6169.58516618818,-1809.0551683040796,-2443.7216734347535,3.3648710711161427,-4.120973988079605,-5.4463723566728905,0.007559424355045146,0.00221970897230432,0.003006809239623434,-21.07381159336792,-119.22744425183538,502.7072552186101,6879.953614369782,0.00028377508630087107,53.00492511075755,359.70173980307806,188.25961376902328,18.153670841250953
15 Jul 2026 01:33:00.000000000,-5954.237330451873,-2052.1422467681673,-2764.858888485987,3.810749830785135,-3.978971407604473,-5.254278194860118,0.007293310621251723,0.0025168904333986485,0.003400486499246168,-23.975185536001874,-116.79846560815078,503.50082696067483,6879.270515175703,0.00017328556294684554,53.00277829515567,359.7002879160761,193.27468637271306,16.944739025742624
15 Jul 2026 01:34:00.000000000,-5712.6347949143155,-2286.1806497642333,-3073.770545129407,4.239708416338902,-3.8194644342492348,-5.039005771434888,0.006995101831028135,0.002802787709470388,0.0037788805507700555,-26.826313407802388,-114.24836869127842,504.3362334908983,6878.534974722016,5.8804446047018265e-05,53.000465273747274,359.6984657428715,198.43736598864703,15.588200598149516
15 Jul 2026 01:35:00.000000000,-5445.849755943091,-2510.141169880395,-3369.0944388948265,4.649861097638722,-3.6431672505580903,-4.801521354272661,0.00666617601716373,0.0030761522422533497,0.004140334755657207,-29.617834671013867,-111.55661799955507,505.2005029870977,6877.759990567997,5.810721155041521e-05,52.998026693037275,359.6962490071305,22.550024427143615,195.28170312169448
15 Jul 2026 01:36:00.000000000,-5155.064994832703,-2723.0396625610847,-3649.529274564096,5.039408748121386,-3.450867138759161,-4.542888156596863,0.006308042672599071,0.0033357977963856316,0.004483276738234477,-32.33909707046861,-108.7009338027327,506.0800611230904,6876.959243603795,0.0001758078190150098,52.9955054034886,359.6936203891756,27.631200968839973,194.00672438407045
15 Jul 2026 01:37:00.000000000,-4841.568450120824,-2923.9413169260088,-3913.8403277406255,5.40664647146308,-3.2434206009341073,-4.264261094924966,0.005922333839321402,0.003580605126826604,0.004806224574532671,-34.97791167842963,-105.6573172182959,506.9609657425601,6876.14685574806,0.0002926244104626846,52.992945704509665,359.6905698287172,32.470062438189665,192.97411215189578
15 Jul 2026 01:38:00.000000000,-4506.747348503353,-3111.964685735406,-4160.864781200852,5.749970683402561,-3.0217492154453645,-3.9668811975435907,0.005510794873489009,0.0038095260945356178,0.005107792241451044,-37.52029149022823,-102.40027375068195,507.8291471512191,6875.33714066607,0.000406865373302153,52.99039256431234,359.68709469984657,37.24535084461101,192.00513640918143
15 Jul 2026 01:39:00.000000000,-4152.081927552714,-3286.2854596690677,-4389.516716351444,6.067885632896577,-2.786835262451647,-3.652069707511359,0.005075275007370305,0.0040215872417859126,0.005386694341796673,-39.95018970987172,-98.90334400043122,508.6706497180421,6874.544351934151,0.0005168542236469506,52.9878908283439,359.68319985526546,41.97934323959668,191.07752943298476
15 Jul 2026 01:40:00.000000000,-3779.138784185695,-3446.13997303429,-4598.791742721078,6.3590093537423105,-2.539717150305743,-3.3212219227951736,0.004617717818811674,0.004215892850117503,0.0056417501362597145,-42.2492676168337,-95.1400839994598,509.4718705532048,6873.782433069501,0.0006209575184773819,52.985484430180854,359.6788975391075,46.6798796980528,190.18345779848795
15 Jul 2026 01:41:00.000000000,-3389.5638831767455,-3590.8284298690924,-4787.771250916676,6.62207904404319,-2.281484672973804,-2.9758008139069756,0.004140151704819119,0.004391627513044469,0.005871886925427738,-44.39674143798116,-91.08566304118753,510.2197911811389,6873.064773758721,0.0007176125395848429,52.98321561871878,359.67420716991285,51.35121185163916,189.31867388528963
15 Jul 2026 01:42:00.000000000,-2985.0752600033848,-3719.7178411550362,-4955.626276820439,6.855955876257763,-2.0132741264183123,-2.6173304564668727,0.0036446804407791397,0.004548058264252983,0.006076142836534953,-46.36938244202077,-86.71924184752419,510.9021983427102,6872.403976461818,0.0008053538638430398,52.98112421519637,359.66915499764764,55.99617249645781,188.48034636118092
15 Jul 2026 01:43:00.000000000,-2567.4554520448496,-3832.244665440577,-5101.620966947372,7.059629244890436,-1.7362633093168198,-2.247389312666308,0.0031334738879844697,0.0046845363069431155,0.006253669076075685,-48.141770498714564,-82.02722167397494,511.50789033030367,6871.81163734483,0.000882838343157894,52.979246913061225,359.66377364080864,60.616807123057676,187.66642879285965
15 Jul 2026 01:44:00.000000000,-2138.5436915227488,-3927.9171466436765,-5225.115636856129,7.232220462162834,-1.4516664305503748,-1.8676033916790578,0.0026087588931508468,0.004800498393242483,0.006403731713797306,-49.68691833576897,-77.00726857508431,512.026865574082,6871.298145211311,0.0009488680661064494,52.97761663292865,359.65810151180307,65.21458962000705,186.87544412980745
15 Jul 2026 01:45:00.000000000,-1700.2278930742184,-4006.317344000141,-5325.569416129347,7.372985913962129,-1.1607289430357635,-1.4796393152290876,0.0020728104054478086,0.0048954679048321455,0.006525713066482787,-50.97737333545872,-71.67268304005067,512.4504905463428,6870.8725017674715,0.0010024109119966106,52.97626194391739,359.65218214066334,69.79048544530961,186.10642176197845
15 Jul 2026 01:46:00.000000000,-1254.4364678591778,-4067.1028502708987,-5402.542474976274,7.481319689387163,-0.8647223203561454,-1.0851973103667956,0.0015279428151943858,0.004969055681837694,0.006619112744390691,-51.98684243686803,-66.05623501969788,512.7716444265579,6870.542166174613,0.0010426183514097266,52.975206561482494,359.6460634090091,74.34493698842094,185.35891242462287
15 Jul 2026 01:47:00.000000000,-803.1299954412242,-4110.008195180397,-5455.697828672587,7.556755696933468,-0.5649387899263834,-0.6860041478617002,0.0009765015033305701,0.005020960646628051,0.006683548422589215,-52.692257701472656,-60.21217857704753,512.9848383634991,6870.312926423151,0.001068840196603833,52.974468930527216,359.63979670764957,78.8777898894948,184.63306217776878
15 Jul 2026 01:48:00.000000000,-348.29278386658746,-4134.8459318228715,-5484.802717073556,7.598969279181551,-0.2626860338567809,-0.28380604120209474,0.0004208545726476656,0.005050970259941,0.006718756387028588,-53.07602032007613,-54.215098742935936,513.086307578337,6870.188799612406,0.0010806360604044985,52.974061901086664,359.63343603262285,83.3881553772134,183.92975039307012
15 Jul 2026 01:49:00.000000000,108.07565228255423,-4141.507404373962,-5489.7295572422,7.607778335765363,0.04071813343460242,0.11963848162877386,-0.00013661527963004338,0.00505896084193378,0.006724591898640315,-53.127994177192235,-48.154823202147554,513.0740749679077,6870.171962744003,0.001077783343772495,52.97399250225854,359.6270370354851,87.87418635094188,183.25081401580618
15 Jul 2026 01:50:00.000000000,563.9691665990633,-4129.9631959392345,-5470.456467890413,7.583143961619648,0.34395110344173224,0.522565723583867,-0.000693518799405893,0.005044897780011703,0.006701029404284911,-52.846767272243945,-42.12785513160876,512.9479852881146,6870.262715143181,0.001060281640760806,52.974261818343685,359.62065604449725,92.33272330348085,182.59940199894197
15 Jul 2026 01:51:00.000000000,1017.3835793987525,-4100.263255783066,-5427.06736487725,7.525170604227327,0.6456908212562178,0.9232139725624777,-0.0012474681808734387,0.005008835635875801,0.006648162610738504,-52.239833835395,-36.22715020403037,512.7097094208746,6870.45947311516,0.0010283535280207886,52.97486496937402,359.61434907383926,96.7587304831345,181.9805395035625
15 Jul 2026 01:52:00.000000000,1466.3252712547085,-4052.536705553154,-5359.751627501073,7.434105740043792,0.944621136754723,1.3198306558759494,-0.0017960850993843003,0.0049509181534616005,0.00656620442342639,-51.32264452586377,-30.532783259447147,512.3627186532256,6870.758796930176,0.0009824418011144028,52.97579119638554,359.6081708382134,101.14437630716708,181.40204784617012
15 Jul 2026 01:53:00.000000000,1908.8197426876118,-3986.9913244694553,-5268.803335791407,7.3103390666682895,1.2394371531886808,1.7106794868319894,-0.002337008831100865,0.004871378159233778,0.006455486737954902,-50.11679237054771,-25.105656732504205,511.9122293223045,6871.155449715496,0.0009232033480067207,52.97702404996562,359.60217379010766,105.4774793776191,180.8760988354601
15 Jul 2026 01:54:00.000000000,2342.9201106929127,-3903.9127138502668,-5154.620079547674,7.154401203955853,1.5288505661085718,2.094047593777048,-0.0028679045128043677,0.004770537334501516,0.006316460056729679,-48.647795419419005,-19.985154385566997,511.36511860498933,6871.642487321646,0.0008515000520916099,52.97854167879942,359.59640719659313,109.73875806514953,180.42196552517433
15 Jul 2026 01:55:00.000000000,2766.715512439394,-3803.6631418023003,-5017.70134048178,6.966961894272046,1.8115949842120593,2.468252620111226,-0.0033864715868520646,0.004648805831912215,0.0061496928929899155,-46.94293847673855,-15.190299148268569,510.72981265405576,6872.2113777293225,0.0007683875000480137,52.98031721319375,359.59091627183835,113.89666896370088,180.07118407412202
15 Jul 2026 01:56:00.000000000,3178.339385721133,-3686.680069469484,-4858.646449592883,6.74882768976003,2.0864312216669187,2.8316497810353174,-0.003890452463719404,0.004506681698247602,0.005955870911277349,-45.02949399657493,-10.72317088084153,510.0161487017225,6872.8521480778745,0.0006751031431179371,52.9823192368935,359.5857413805966,117.89697292100607,179.87798800190743
15 Jul 2026 01:57:00.000000000,3575.9775949835926,-3553.4743609329257,-4678.152122848248,6.500939112965688,2.3521525490374287,3.1826388595448507,-0.004377641419668441,0.004344750060041322,0.00573579574603892,-42.933457167747186,-6.573225805533847,509.23521316419476,6873.55355693341,0.0005730579289008875,52.98451233895946,359.58091732663803,121.63950810660992,179.94253537299383
15 Jul 2026 01:58:00.000000000,3957.876370896912,-3404.6281797044376,-4477.0095794055305,6.224367276615084,2.6075898871744365,3.519671120468488,-0.004845893729696524,0.0041636820235241255,0.005490383433613838,-40.678782300854756,-2.7214943748734326,508.399158181941,6874.303288979586,0.00046384311575601027,52.98685773606911,359.57647273870305,124.91932776651508,180.46977125487447
15 Jul 2026 01:59:00.000000000,4322.350030594315,-3240.792575789218,-4256.101248008117,5.920309948877684,2.85161692542487,3.8412561173628195,-0.005293135017362487,0.003964233238012047,0.005220662389840434,-38.28702628782889,0.8559047416421319,507.5209994154974,6875.088168916132,0.0003492952166650804,52.9893139543642,359.57242956472544,127.24734488771729,181.948783222686
15 Jul 2026 02:00:00.000000000,4667.788444924732,-3062.68476849118,-4016.397068826498,5.590087052130206,3.08315514246913,4.145968363000444,-0.005717370783172132,0.0037472420717454256,0.004927770865743209,-35.77728115083577,4.185118320006208,506.61439827763894,6875.894390993437,0.00023183738832783257,52.99183755891467,359.5688026833682,127.12292176621105,185.880211913075
15 Jul 2026 02:01:00.000000000,4992.66421841622,-2871.0851315349255,-3758.9503999046897,5.235135586106808,3.3011787050730614,4.432453830218607,-0.006116696054322371,0.0035136273517031246,0.004612953817354018,-33.16628847358084,7.292733025126702,505.6934321120691,6876.707760306438,0.00011705849839971988,52.99438391802478,359.5655996397013,117.12083116337244,199.68928993965218
15 Jul 2026 02:02:00.000000000,5295.5395472234795,-2666.8338886341594,-3484.893539486176,4.857003970326341,3.5047192172659423,4.69943624622693,-0.006489305078831061,0.003264385623010928,0.004277559131487073,-30.468653175603976,10.2046210128369,504.77235611675917,6877.513941722921,5.976278881397065e-05,52.99690798898187,359.56282050981304,40.710793137960806,279.9063050809581
15 Jul 2026 02:03:00.000000000,5575.072720168295,-2450.8275293683946,-3195.432877816123,4.4573458057785675,3.6928702900041865,4.945723140288631,-0.006833500971684247,0.0030005878916827106,0.003923033160380294,-27.69709993434111,12.945285696202806,503.865361046484,6878.298712137671,0.00015283833043529295,52.999365111457756,359.5604578967686,356.8234936235244,327.6005816702561
15 Jul 2026 02:04:00.000000000,5830.024228168835,-2224.0149570737344,-2891.8436945089297,4.0379130618809445,3.864791899437273,5.170211602164503,-0.0071477052049617636,0.0027233758224996353,0.0035509155291569843,-24.86273690477608,15.537555624548986,502.9863309040606,6879.048211631937,0.00026721352605550686,53.00171179462156,359.5584970581653,352.1324994452108,336.0985654932208
15 Jul 2026 02:05:00.000000000,6059.262447916327,-1987.3933824179385,-2575.4646201862993,3.600548701549396,4.0197145005221815,5.371893706992935,-0.0074304668219116205,0.002433957374852389,0.0031628331948418977,-21.975306879445615,18.00250716031058,502.14860493254776,6879.749189081414,0.00038013065000179713,53.0039064841157,359.55691616310554,353.27090845060417,338.76717351994716
15 Jul 2026 02:06:00.000000000,6261.768866657354,-1742.0039783414163,-2247.691783781842,3.1471787646442033,4.1569428620709195,5.5498615614920705,-0.007680471248424158,0.002133601872037361,0.0027604937527534227,-19.0434163276404,20.359529418829585,501.3647482432097,6880.389237801308,0.00048797903949581454,53.005910295381575,359.5556866742123,356.1961681633172,339.64897506453855
15 Jul 2026 02:07:00.000000000,6436.642816392378,-1488.9273140874002,-1909.9726696098987,2.6798039378436873,4.275859589405139,5.7033119266057275,-0.007896548569949653,0.0018236345122209798,0.0023456780030031454,-16.074739122899842,22.626472236075795,500.64633534783746,6880.95701694458,0.0005888295904723597,53.00768770039529,359.5547738480396,359.9135445977171,339.738722736815
15 Jul 2026 02:08:00.000000000,6583.105687729838,-1229.2785880429758,-1563.7997109492817,2.2004906469050085,4.37592830169691,5.831550373022956,-0.008077681141992353,0.0015054303427666938,0.0019202318079292525,-13.076195444871159,24.819838575272026,500.0037507050949,6881.442454582959,0.0006812112696925214,53.009207155673835,359.5541373452169,4.067275789290676,339.39219863543167
15 Jul 2026 02:09:00.000000000,6700.504596027782,-964.202681048922,-1210.7036494330953,1.7113617150585787,4.4566964327882,5.933994928396758,-0.008223010408209327,0.0011804077339163976,0.0014860572899889357,-10.054108295554563,26.95499748558926,499.44601013579893,6881.836928695225,0.0007639111120922846,53.01044166042965,359.5537319396623,8.501808520191135,338.7649773074598
15 Jul 2026 02:10:00.000000000,6788.315475307208,-694.8690536346812,-852.2466918950406,1.2145866386731932,4.517797626806803,6.010179178547387,-0.008331842805841917,0.0008500213999503359,0.0010451034358857376,-7.014340987228362,29.046403765809433,498.98060661284137,6882.133422662121,0.0008359318691628592,53.0113692349636,359.5535083144613,13.141007090279635,337.9332166294647
15 Jul 2026 02:11:00.000000000,6846.145578693765,-422.46651226713675,-490.01549844749815,0.7123715380961692,4.558953703175411,6.059754789391894,-0.008403654654322858,0.0005157550289630777,0.0005993561896859414,-3.9624192940046474,31.10781712263383,498.6133834927109,6882.326652316776,0.0008964856988280007,53.01197331077945,359.5534139304447,17.945784143559386,336.93602660615323
15 Jul 2026 02:12:00.000000000,6873.735367797627,-148.1978711086737,-125.6140373941966,0.20694884747266576,4.5799761695762236,6.082493421695874,-0.008438095935654573,0.00017911359231016387,0.0001508281306239218,-0.9036419970577144,33.152517873734176,498.3484377347285,6882.413162112999,0.0009449969055895947,53.01224302544594,359.55339395222853,22.89670145538245,335.79286818772744
15 Jul 2026 02:13:00.000000000,6870.959777413877,126.72546306312044,239.34365593459876,-0.29943318780654854,4.5807672659811525,6.078288016859757,-0.008434992896443158,-0.0001583845860584855,-0.0002984521566823328,2.156816531600443,35.19351888740145,498.1880550637599,6882.391388544357,0.000981105841321876,53.01217341690428,359.5533922154266,27.98604075807947,334.51148203524286
15 Jul 2026 02:14:00.000000000,6837.828846152206,401.08895425010314,603.2407782323163,-0.804521133754679,4.561320527869002,6.047153438667428,-0.008394349422515143,-0.0004952159136978021,-0.0007464509036753447,5.213808169519906,37.24377499311677,498.1326783866685,6882.261689560419,0.0010046711981639687,53.01176551368665,359.5533522179784,33.21397819359224,333.0917136526248
15 Jul 2026 02:15:00.000000000,6774.487708008616,673.6804198616192,964.4650762709956,-1.3060670359876887,4.521720862088076,5.989226463055805,-0.008316347159431251,-0.0008298596764372791,-0.0011911400497741304,8.262113845851708,39.316391866430685,498.1809100894774,6882.026339370435,0.0010157696210990452,53.01102631934692,359.55321811807306,38.586756429799784,331.52734085607983
15 Jul 2026 02:16:00.000000000,6681.2159443889295,943.2955032738004,1321.4161448206987,-1.8018390580771193,4.462144134329878,5.904765115307754,-0.008201344377566859,-0.001160806155354314,-0.0016305080816622142,11.296343858093438,41.42483655703162,498.3295481405628,6881.689488684128,0.0010146922507428813,53.009968691273656,359.5529357210914,44.1159567338612,329.8068012950405
15 Jul 2026 02:17:00.000000000,6558.426300600882,1208.7431071055241,1672.5126654717726,-2.289632015248455,4.382856272703624,5.794147361420918,-0.008049873603984459,-0.0014865646227746041,-0.002062570698684782,14.310832207591691,43.58315142708954,498.57365522496485,6881.257091099397,0.0010019381504309689,53.008611115925866,359.5524534380376,49.8184784481486,327.9132125864423
15 Jul 2026 02:18:00.000000000,6406.662775262063,1468.8507584359431,2016.199548010574,-2.7672777306455405,4.284211897282417,5.657869167551497,-0.007862638065632489,-0.0018056711296102529,-0.0024853811880126493,17.29952135770524,45.806172205386716,498.9066594562249,6880.736796992677,0.0009782047972343368,53.00697738436988,359.5517231984864,55.7170733115699,325.82383762669093
15 Jul 2026 02:19:00.000000000,6226.598095340684,1722.469877934855,2350.9549370256977,-3.232655144755983,4.166652490575345,5.496541948175067,-0.007640507012217999,-0.0021166960026881526,-0.0028970404018198916,20.255833704213902,48.10974890722493,499.3204845738369,6880.137816883692,0.0009443760113812731,53.0050961737701,359.5507013018567,61.84141802033217,323.5090116940757
15 Jul 2026 02:20:00.000000000,6019.030593581836,1968.4809259094197,2675.2970478339635,-3.6837001131931135,4.030704128531278,5.31088942976074,-0.007384510004048345,-0.0024182509789806936,-0.003295706239743561,23.172525991162686,50.510965114792796,499.8057069537541,6879.470756820123,0.0009015079094098084,53.00300054216159,359.54934919184143,68.22980768623769,320.9304486898638
15 Jul 2026 02:21:00.000000000,5784.880508797734,2205.7983995826708,2987.7907975781177,-4.118414833713272,3.876974795765222,5.101743962155947,-0.007095830267882145,-0.002708995913971173,-0.0036796025538729806,26.041523034847007,53.02834593701855,500.3517362507794,6878.747428845872,0.0008508137324137147,53.0007273453832,359.54763414023176,74.93164846519839,318.03874825114485
15 Jul 2026 02:22:00.000000000,5525.185732865788,2433.375657441254,3287.0541994066452,-4.534876849886989,3.70615131212624,4.870042314394777,-0.0067757972362206,-0.0029876450132525216,-0.004047027409202371,28.853727650529603,55.682036992529504,500.9470160662591,6877.980640068611,0.0007936487697473022,52.99831658644335,359.5455298279123,82.01103830909568,314.76981478734444
15 Jul 2026 02:23:00.000000000,5241.097031228461,2650.209548209797,3571.7644899531188,-4.9312475860392535,3.518995900408187,4.616820995169346,-0.0064258783929994024,-0.0032529725488760837,-0.004396360649182763,31.59880496317858,58.493924833286364,501.5792407006278,6877.183964220649,0.0007314971360888213,52.99581070880576,359.5430168126639,89.55185730746918,311.03976697819854
15 Jul 2026 02:24:00.000000000,4933.872766200998,2855.3448238540864,3840.6639628207718,-5.3057803756581245,3.316342426905937,4.343211140679707,-0.006047670555689661,-0.0035038180362092736,-0.004726070734917923,34.26494187457068,61.48765201794897,502.2355838114958,6876.371499903812,0.0006659629466226089,52.99325384609183,359.54008287534595,97.66492149904671,306.73778385657437
15 Jul 2026 02:25:00.000000000,4604.873154437356,3047.8783179663333,4092.565483388976,-5.656827953210826,3.099092347601949,4.050433013977986,-0.005642890720970996,-0.0037390908594918974,-0.005034720843068016,36.83858716614949,64.68845638178678,502.9029346552268,6875.557619921328,0.0005987695208414989,52.990691041487445,359.5367232382774,106.49777490106088,301.7163127306669
15 Jul 2026 02:26:00.000000000,4255.554091493331,3226.9628728605853,4326.35766292587,-5.982849386922685,2.868210393067552,3.7397901602627126,-0.00521336659930424,-0.003957774347870599,-0.005320974225694986,39.30418564626154,68.12273377794187,503.5681375409135,6874.75671622562,0.0005317714404634437,52.98816745069427,359.53294065181547,116.24722574266315,295.77853296075926
15 Jul 2026 02:27:00.000000000,3887.4605775589343,3391.8110006893653,4541.009672652374,-6.28241643734325,2.624720024697805,3.4126632619168813,-0.004761026955314754,-0.004158929315853045,-0.005583598851428131,41.643932217303856,71.81718930939337,504.21823016411713,6873.982945049611,0.0004669844376591658,52.985727542572924,359.5287453475328,127.17266970617318,288.66503278729243
15 Jul 2026 02:28:00.000000000,3502.2197791466774,3541.6982658182496,4735.575681000674,-6.554219333207084,2.3696986937560434,3.070503735509183,-0.004287891858956881,-0.004341697092324911,-0.005821471360792926,43.837589893076256,75.79741234713501,504.8406766073873,6873.249976744815,0.00040663292538129967,52.98341431167807,359.52415485872996,139.6017970056089,280.048102380263
15 Jul 2026 02:29:00.000000000,3101.53376185292,3675.9663775393205,4909.198899789918,-6.797071962007209,2.104272932963076,2.7148271106215787,-0.0037960629386470644,-0.004505302071610032,-0.006033580381114453,45.86243968411395,80.08570427633246,505.423590985153,6872.570754724507,0.00035319219406009845,52.98126851668586,359.5191937114353,153.90423476280418,269.5580916480514
15 Jul 2026 02:30:00.000000000,2687.1719292760363,3794.025983931866,5061.115227376412,-7.009916477689404,1.8296133081346881,2.3472062273432375,-0.0032877137104846948,-0.004649053826817227,-0.0062190292551634364,47.693457018848925,84.69803821348371,505.95594796293017,6871.9572677100805,0.00030933761071185817,52.97932795826194,359.5138929912877,170.38150797948964,256.8934495050538
15 Jul 2026 02:31:00.000000000,2260.9632030147777,3895.3591592238545,5190.6564789133345,-7.191827331734903,1.5469292548783993,1.9692642859256224,-0.002765080039716691,-0.004772348830243362,-0.006377038243796213,49.30383052469859,89.64018312623493,506.42777668407666,6871.420339211085,0.00027760259077667324,52.97762680922348,359.5082897939937,189.019883809737,242.06787988940695
15 Jul 2026 02:32:00.000000000,1824.787977981492,3979.5215784873044,5297.253195850915,-7.342014736820941,1.2574638224592132,1.5826677781852065,-0.0022304507713380626,-0.004874671828098004,-0.006506946266011044,50.665938113330355,94.90332251255269,506.83033498224086,6870.969437839149,0.0002595556505595722,52.97619500892187,359.50242656905215,209.1973090140619,225.70340464632648
15 Jul 2026 02:33:00.000000000,1380.5698868774728,4046.1443746744853,5380.43702838635,-7.459827573771974,0.962488344261073,1.1891193266540374,-0.0016861585478797417,-0.004955596916140122,-0.006608212238779992,51.752849118012456,100.459932241582,507.1562611341701,6870.6125116726,0.0002548196022528838,52.975057732632166,359.49635036841903,229.72172784905928,208.9920460169735
15 Jul 2026 02:34:00.000000000,930.2674068446048,4094.935674128058,5439.842686086582,-7.544755753152083,0.6632970514287754,0.7903504536683088,-0.0011345708144588854,-0.0050147883605123145,-0.00668041607587982,52.54030959059539,106.26112994366532,507.39970080836065,6870.355849459077,0.0002609483978794047,52.9742349454009,359.49011201343563,249.4113463391466,193.11556278079183
15 Jul 2026 02:35:00.000000000,475.86534067646477,4125.681807598382,5475.209453111563,-7.5964320423259695,0.361201643781112,0.3881142992614218,-0.0005780809949070477,-0.005052001203697607,-0.006723259398904686,53.008995237891185,112.2368959154657,507.556407282636,6870.203970974909,0.0002745514402552558,52.97374104829725,359.483765194836,267.6614665368797,178.67861643819978
15 Jul 2026 02:36:00.000000000,19.366204338277214,4138.248194579451,5486.382265505375,-7.61463336741973,0.05752582989727691,-0.01582169618734274,-1.9099808652156384e-05,-0.005067081688086332,-0.006736566003585467,53.14663499366343,118.3001652633308,507.62381343324665,6870.1595483616675,0.00029264253057658865,52.97358462336481,359.47736552182397,284.4614312906091,165.6918269077947
15 Jul 2026 02:37:00.000000000,-437.2184479739276,4132.579899432168,5473.312348896166,-7.599281597459523,-0.24640015346231062,-0.4196831308999321,0.0005399533128754417,-0.005059967521817857,-0.006720282113959994,52.94951509390718,124.35469230949663,507.6010744344366,6870.22335973735,0.00031329462179599716,52.97376828181001,359.4709695371358,300.0903602958574,153.87603695423527
15 Jul 2026 02:38:00.000000000,-891.8767303674979,4108.701858331533,5436.057415698939,-7.550443815253908,-0.5492450336457532,-0.8216959901760266,0.0010966587589047111,-0.005030688002769168,-0.006674476445059257,52.42295868025009,130.30516726635003,507.48908054878444,6870.3942758424655,0.0003356524438762174,52.97428861811875,359.46463371561407,314.8641414903474,142.9153212791349
15 Jul 2026 02:39:00.000000000,-1342.6051326924876,4066.7187765878502,5374.781421596177,-7.468332076534809,-0.8496819977686969,-1.2200939931200525,0.001648605273597227,-0.004979364004644992,-0.006599340078774984,51.58064258453026,136.06709652077473,507.2904398311876,6870.669279932649,0.00035967359532545654,52.975136270903384,359.45841346409645,329.0201637208598,132.57225433886663
15 Jul 2026 02:40:00.000000000,-1787.4171982573941,4006.8146963798185,5289.753881716945,-7.353302655695456,-1.1463941834473605,-1.613125926363038,0.0021933985443951887,-0.004906207821705558,-0.006495186147608496,50.44294699780345,141.5740632101901,507.0094310130081,6871.043520580895,0.00038581354802174754,52.97629608937563,359.45236214038897,342.6892450545827,122.71598250925989
15 Jul 2026 02:41:00.000000000,-2224.3521408120914,3929.2522354667963,5181.348747644827,-7.205854773460967,-1.4380801555775127,-1.9990629525001178,0.002728669892246839,-0.00481152285486307,-0.0063624493025898725,49.03477316776541,146.78109371964177,506.65192727482855,6871.510396506369,0.00041472619402980695,52.977747402457894,359.44653010878324,355.9078783839162,113.30997893945273
15 Jul 2026 02:42:00.000000000,-2651.483369698923,3834.371497990033,5050.042847109932,-7.026628799097091,-1.7234593591165261,-2.3762058795755414,0.003252085104561549,-0.004695703115822361,-0.006201684933610249,47.383313801714905,151.66426964368975,506.2252920555195,6872.0616720141425,0.00044700620545621195,52.97946438571547,359.44096384887985,8.64787942797772,104.38239598558062
15 Jul 2026 02:43:00.000000000,-3066.9268912865095,3722.5886591510457,4896.413889138826,-6.81640391769637,-2.0012775359181165,-2.742892375367656,0.003761353439858378,-0.004559232515937787,-0.0060135680972079756,45.516143997350284,156.21771012797618,505.73824847924664,6872.687621113722,0.0004829957862825208,52.98141651955022,359.43570513353103,20.851256757958332,95.99119558926235
15 Jul 2026 02:44:00.000000000,-3468.849554319679,3594.394226318238,4721.138038469321,-6.5760952517107265,-2.270312091588034,-3.097504107422333,0.004254236819234164,-0.00440268390005231,-0.005798892098483597,43.45981438638477,160.4493256260105,505.20072440735004,6873.377197895305,0.0005226732725749272,52.98356913047369,359.4307902904809,32.46089419234647,88.19346724874772
15 Jul 2026 02:45:00.000000000,-3855.477106091703,3450.3509800321467,4524.987064287482,-6.306750425475877,-2.52937739577628,-3.4384737863656185,0.004728559203179503,-0.0042267177810836505,-0.005558566668042867,41.23896422098462,164.37648472404788,504.62367553458927,6874.118230285045,0.0005656241776926458,52.9858840058033,359.426249560783,43.44048870379938,81.02549043510413
15 Jul 2026 02:46:00.000000000,-4225.102025669539,3291.0915994576653,4308.825069807406,-6.009545562082149,-2.777329996576624,-3.7642920863728757,0.0051822161345577355,-0.004032080728744017,-0.005293615672062371,38.87587295178898,168.02227429421927,504.0188893433622,6874.897633884101,0.0006110764105010273,52.98832007082492,359.4221065653191,53.78208559059703,74.49519969543957
15 Jul 2026 02:47:00.000000000,-4576.09109980204,3117.315978073804,4073.6048109038006,-5.685780703660917,-3.0130737268804477,-4.073514412923653,0.005613184409251691,-0.0038196033649730643,-0.005005174292723424,36.39033256778901,171.41261841192602,503.3987730977967,6875.701642227132,0.0006579721724248786,52.990834116362926,359.41837788883595,63.50403900204137,68.58422434959347
15 Jul 2026 02:48:00.000000000,-4906.89270667121,2929.7882368091814,3820.3636139254545,-5.336874649010354,-3.2355646777546396,-4.364767484316823,0.006019531817631585,-0.003590197921511987,-0.004694485620533541,33.799727621915956,174.57425130522034,502.7761293946381,6876.51604948256,0.0007050517273989863,52.99338156381371,359.41507278878066,72.64404082067048,63.25485977410307
15 Jul 2026 02:49:00.000000000,-5216.043772394475,2729.3334434028066,3550.218904947883,-4.964359206442179,-3.4438160113507026,-4.6367556900595295,0.006399426881855009,-0.0033448553192376293,-0.0043628966059066415,31.11923299050752,177.5334084457536,502.16392307952026,6877.326461365726,0.0007509331986875711,52.99591725404572,359.41219303404273,81.25115726845581,58.458030903924836
15 Jul 2026 02:50:00.000000000,-5502.1763651991805,2516.834048496311,3264.363365042024,-4.569872864731643,-3.636902583617225,-4.888267186358579,0.006751148496985198,-0.00308464173551611,-0.0040118533266007735,28.362066076841234,-179.6849371360238,501.5750435762009,6878.118549854473,0.0007941814256349083,52.99839624616037,359.4097328763208,89.37910214921948,54.14001903832414
15 Jul 2026 02:51:00.000000000,-5764.023892544066,2293.226050798929,2964.0597286088764,-4.155153890962855,-3.813965345339871,-5.1181796867038445,0.007073095371230101,-0.0028106946354261534,-0.00364289554064334,25.53975312688093,-177.05745369486954,501.02206685246557,6878.878307190576,0.0008333647021245143,53.00077461194911,359.40767915455706,97.08148451600046,50.247214161863454
15 Jul 2026 02:52:00.000000000,-6000.426867190582,2059.494905603859,2650.635244410214,-3.7220328707347683,-3.9742154888545147,-5.325465904090642,0.0073637951485439725,-0.002524218252629131,-0.003257650507896485,22.66238640860533,-174.56257360005722,500.5170213495416,6879.5922946240335,0.0008671008820062853,53.003010211976836,359.4060115304344,104.40891142695166,46.729012117591346
15 Jul 2026 02:53:00.000000000,-6210.338209384382,1816.67119290738,2325.4758215605957,-3.272424713413916,-4.116938307294374,-5.509198600901051,0.007621913089212954,-0.002226478517686764,-0.0028578260795050965,19.738860562825412,-172.18045503045767,500.07116222392045,6880.24788141489,0.0008940949987768023,53.00506343956495,359.4047028506843,111.40750240310332,43.53930002079713
15 Jul 2026 02:54:00.000000000,-6392.82805390256,1565.8260633769985,1990.019885381419,-2.8083201526877173,-4.241496733480253,-5.668555202936568,0.007846260181888661,-0.0019187974451127493,-0.002445203072504691,16.777083691832246,-169.892848247262,499.6947581837463,6880.83346974995,0.0009131702795728978,53.00689791953664,359.4037196296534,118.11834740164379,40.63699810232517
15 Jul 2026 02:55:00.000000000,-6547.08803278403,1308.066482357677,1645.751970583326,-2.3317767803176945,-4.347334526610952,-5.80282193562179,0.008035800558889304,-0.0016025470028045144,-0.0020216269634219337,13.784163006795165,-167.6829097073929,499.3968950421182,6881.338701460352,0.0009232938944813298,53.008481149404695,359.40302264349316,124.57753317654048,37.98603311322541
15 Jul 2026 02:56:00.000000000,-6672.435007070102,1044.5302939719866,1294.1960816863366,-1.8449096584880174,-4.433979076750303,-5.911397442984121,0.008189658094371223,-0.0012791425018104398,-0.0015889989534696555,10.766567160397814,-165.53499111640784,499.1852998542435,6881.754642736666,0.0009235982736013033,53.009785071721,359.40256762534324,130.8164762955628,35.555005026099316
15 Jul 2026 02:57:00.000000000,-6768.314223833698,776.3811290930538,936.9088528352186,-1.3498815632174566,-4.501043799735088,-5.993795853634451,0.00830712207110571,-0.0009500355562275462,-0.0011492664736217051,7.730268508291431,-163.43441939638143,499.06618915640865,6882.073943428515,0.0009133984434058773,53.01078656753936,359.40230604913086,136.86239628217515,33.31671356988748
15 Jul 2026 02:58:00.000000000,-6834.301878127044,504.8031825161589,575.4725411687194,-0.8488929177254347,-4.54823009848578,-6.04964926255615,0.008387651815443835,-0.0006167066750367108,-0.0007044132135955985,4.680868980987703,-161.36727614734994,499.0441443858908,6882.29096797708,0.0008922055854461751,53.01146786235415,359.402185988054,142.73883098696356,31.247642499321053
15 Jul 2026 02:59:00.000000000,-6870.10706318652,230.99588597947658,211.4878895997623,-0.3441714801886448,-4.575328870718941,-6.078709602950932,0.008430880218381322,-0.00028065755813821936,-0.0002564487723115146,1.623713330670153,-159.32018040572456,499.122017041926,6882.401895553822,0.0008597368783014084,53.011816837435155,359.40215303251506,148.46614192129508,29.327453872789597
15 Jul 2026 03:00:00.000000000,-6875.573096240254,-43.83149524934413,-153.4331037871664,0.1620381451992735,-4.582221547634226,-6.080849888553663,0.008436616075952532,5.6596823445333037e-05,0.0001926019626689441,-1.436006557308343,-157.28007551903235,499.3008655592986,6882.404787555885,0.0008159216179221313,53.011827241160994,359.4021512512313,154.06198658687364,27.538515311871514
15 Jul 2026 03:01:00.000000000,-6850.678211500019,-318.46531373384516,-517.674471552601,0.6674851017090458,-4.568880653158646,-6.056064813548457,0.008404845207648694,0.0003935362766177212,0.0006407095907538596,-4.493152714819389,-155.23401918461147,499.57992522363065,6882.299621225567,0.00076090359719501,53.01149879672401,359.40212417854934,159.54175454517505,25.86546350579521
15 Jul 2026 03:02:00.000000000,-6795.535616305779,-591.6930102191362,-879.6235792108571,1.1699229040306407,-4.535369878633846,-6.004470704310268,0.008335730331948106,0.0007286434745211932,0.0010858510088623983,-7.542544023182547,-153.16897476808342,499.95661177794415,6882.088288804369,0.0006950397442898686,53.01083720441285,359.40201581052264,164.91898102052758,24.2947901745001
15 Jul 2026 03:03:00.000000000,-6710.392910849663,-862.3085738745762,-1237.6784051878863,1.6671200181410397,-4.481843673283146,-5.9263048244603285,0.00822960970293202,0.0010604119928851869,0.0015260201354909053,-10.578857585418783,-151.07160171810466,500.4265586728934,6881.7745622872935,0.0006188950585443851,53.0098540385373,359.40177159217774,170.20577671767037,22.814411816995477
15 Jul 2026 03:04:00.000000000,-6595.630876348861,-1129.1179635226035,-1590.2547598916794,2.1568703234595934,-4.40854635623325,-5.821924041953325,0.008086994536402747,0.001387354204818728,0.001959238429404836,-13.596525069831644,-148.92804315760966,500.9836872176233,6881.364024494233,0.0005332339335415514,53.00856654091447,359.4013393786253,175.41337144144933,21.413125664809588
15 Jul 2026 03:05:00.000000000,-6451.761640882551,-1390.9444614485442,-1935.7934060913,2.6370033859939825,-4.3158107611393115,-5.691802873904641,0.007908565274488027,0.0017080089483546012,0.002383565089406584,-16.58962047298508,-146.72370961700472,501.6203082146932,6880.8639678091595,0.00043900801450861567,53.00699731465149,359.40067035308397,180.55305434412153,20.07966902233359
15 Jul 2026 03:06:00.000000000,-6279.426236273172,-1646.633932211283,-2272.7670439351045,3.1053944748375337,-4.204056429417755,-5.536530931420862,0.007695166761110891,0.0020209488876180527,0.002797106830828852,-19.55173564096443,-144.4430595761453,502.3272530294422,6880.2832625393285,0.0003373407997291867,53.00517392370673,359.399719885741,185.63853031716275,18.800362484121123
15 Jul 2026 03:07:00.000000000,-6079.391563304932,-1895.0599599685283,-2599.687125446281,3.559974259221377,-4.073787372596612,-5.356809792636084,0.007447802418263111,0.002324787497232099,0.003198027145894341,-22.475839814310845,-142.06938035522967,503.0940314680805,6879.632197402819,0.00022950927856676056,53.003128405358076,359.3984483183784,190.69474862681807,17.55028093642379
15 Jul 2026 03:08:00.000000000,-5852.546786164269,-2135.1288391884077,-2915.1104651732735,3.9987381292042845,-3.9255894282226906,-5.153449337323683,0.007167627528212081,0.0026181856096980445,0.003584554969117304,-25.354119535045776,-139.5845774966552,503.9090133345752,6878.922295153228,0.00011692321525923419,53.00089670422649,359.3968216610545,195.81829112824252,16.232865014086222
15 Jul 2026 03:09:00.000000000,-5599.899180203153,-2365.784395185866,-3217.6456157962684,4.419755089788875,-3.7601272370249927,-4.927363580718175,0.006855941739516611,0.0028998574777202523,0.003954992684832554,-28.177795662874388,-136.96898791246045,504.75963011428973,6878.166106783541,1.3310632941047885e-06,52.99851803786545,359.3948121886608,234.90011428207634,340.95717879429
15 Jul 2026 03:10:00.000000000,-5322.569459923968,-2586.012612665762,-3505.958979839595,4.821176185563015,-3.578140871546594,-4.679566047451947,0.006514180922350492,0.0031685763161591204,0.004307723431295101,-30.936915302190318,-134.20124280676544,505.63259290056754,6877.376988111575,0.00011636667870472574,52.99603420511627,359.39239892697,24.81900538218916,194.84445332299066
15 Jul 2026 03:11:00.000000000,-5021.786616434179,-2794.8460523221565,-3778.7806311575587,5.201242420635567,-3.3804421481811393,-4.4111647287261055,0.006143908502724084,0.003423179301726241,0.004641217673496946,-33.6201186306386,-131.25822200490683,506.5141224425354,6876.568862830579,0.0002338036353716832,52.993488849416266,359.38956801972114,29.81482615422196,193.65484281819332
15 Jul 2026 03:12:00.000000000,-4698.882295503719,-2991.368037493062,-4034.9098224820173,5.558292146415386,-3.1679106554629692,-4.123356666974383,0.005746806404325166,0.0036625720219120067,0.004954039034634549,-36.21438467546929,-128.1151630718727,507.39018704905095,6875.755976307071,0.00034953243566148687,52.99092669002248,359.3863129704133,34.64868472163998,192.62725255625529
15 Jul 2026 03:13:00.000000000,-4355.284748787831,-3174.7165948385964,-4273.220157979741,5.890767897409363,-2.941489531591152,-3.8174222123658166,0.005324665723211276,0.00388573237779607,0.005244849393799406,-38.70476702534818,-124.74601699192256,508.24674403226834,6874.952644524743,0.00046186551308269753,52.98839273466088,359.3826347545914,39.41805729475552,191.66421708771745
15 Jul 2026 03:14:00.000000000,-3992.51239174669,-3344.0881349848823,-4492.664412408703,6.19722266247509,-2.7021810235264496,-3.494718994578443,0.00487937725070828,0.004091713956793684,0.005512413272386127,-41.07414155597171,-121.12417551084816,509.06998040880654,6874.173002605846,0.0005691441466223604,52.98593148742293,359.37854180080814,44.144435660507014,190.74425270590882
15 Jul 2026 03:15:00.000000000,-3612.16700235944,-3498.7408609660265,-4692.278981021722,6.476325585598699,-2.4510418587017164,-3.1566756514624053,0.004412921950288509,0.004279648903201871,0.005755601547501645,-43.3030047170957,-117.22372690693797,509.8465486904181,6873.430757297522,0.0006697661713574873,52.983586165800915,359.3740498406216,48.83644815213029,189.8587364892281
15 Jul 2026 03:16:00.000000000,-3215.926594899707,-3637.997894111758,-4871.187946800245,6.726867096125329,-2.189178458474541,-2.804785353611029,0.003927361476576052,0.004448750321523636,0.005973394539954003,-45.36938321520833,-113.02141135392523,510.56379377900896,6872.738947689166,0.0007622131465265731,52.98139794058339,359.36918163035983,53.49881589668402,189.0029501182861
15 Jul 2026 03:17:00.000000000,-2805.5380029426533,-3761.250108685237,-5028.606753840352,6.947763473233814,-1.9177420201120665,-2.440599160675636,0.003424828811026097,0.00459831425675997,0.006164884536591747,-47.248942133053895,-108.4994151479076,511.20996722372223,6872.10971823778,0.0008450762041864511,52.979405211921346,359.36396654954706,58.13458345712606,188.17384934901062
15 Jul 2026 03:18:00.000000000,-2382.809205225056,-3867.9586681497153,-5163.845477821573,7.138060853354364,-1.6379234912776193,-2.0657192414670336,0.0029075190666499446,0.0047277212978487325,0.006329277809197098,-48.915401971750626,-103.6490217928758,511.7744253906887,6871.554107925147,0.00091708010420783,52.977642934236435,359.3584400831212,62.745849291590616,187.36933371723316
15 Jul 2026 03:19:00.000000000,-1949.6014276196424,-3957.657257209371,-5276.311686204675,7.296938691759637,-1.3509484582273228,-1.6817919861610198,0.0023776804979443963,0.004836437854854013,0.006465896197895448,-50.3413816824639,-98.47488222769951,512.2478084273962,6871.081859061858,0.0009771050809626405,52.9761420017822,359.3526431965308,67.33403430449079,186.5879781951432
15 Jul 2026 03:20:00.000000000,-1507.8210534866885,-4029.954005037782,-5365.512882500369,7.423712691241429,-1.058071965755437,-1.2905010346791017,0.0018376057311235059,0.004924017159542394,0.006574178325570819,-51.49975278343662,-92.99926601717708,512.6221972669342,6870.701248894698,0.0010242061113550235,52.974928705605365,359.34662161469174,71.89996660916216,185.8289486766162
15 Jul 2026 03:21:00.000000000,-1059.4113740439948,-4084.533096045199,-5431.058530212101,7.5178372110564124,-0.7605732841284943,-0.893560241570502,0.0012896232114437477,0.0049901000359442995,0.0066536805054662074,-52.36549696092431,-87.26519680580917,512.8912463020805,6870.418946773654,0.0010576292809571838,52.97402427140384,359.3404250174402,76.44386839777601,185.09201539006355
15 Jul 2026 03:22:00.000000000,-606.3442095474614,-4121.156065389524,-5472.661653195035,7.5789071686796845,-0.45975063550550466,-0.4927065940710811,0.0007360888480597442,0.005034415483459522,0.006704077398602535,-52.917901907961536,-81.33709230245174,513.0502897604343,6870.23989920006,0.0010768249775616617,52.97344448636499,359.33410616560076,80.96526770297146,184.37764144871693
15 Jul 2026 03:23:00.000000000,-150.61143137096107,-4139.6627771098765,-5490.14001007221,7.606659445261254,-0.15691588999228254,-0.08969309689602019,0.0001793778218397424,0.005056781108772497,0.006725162468977744,-53.14274546027672,-75.2977496217865,513.0964202234669,6870.167244613671,0.0010814576999739038,52.97319942151245,359.3277199729873,85.4628287702973,183.68715281300064
15 Jul 2026 03:24:00.000000000,305.78358551648506,-4139.972083312018,-5483.416841079233,7.60097380324997,0.14661076042860155,0.31371836519503765,-0.0003781234900677851,0.005057103433221593,0.006716848271537625,-53.033993366326385,-69.24143608033197,513.0285381504937,6870.202259291079,0.0010714123349344349,52.97329325442416,359.3213225405763,89.9340721166949,183.0230185831119
15 Jul 2026 03:25:00.000000000,760.8345506030109,-4122.082163288251,-5452.521186306634,7.561873321611826,0.44950614322373944,0.7157641778127978,-0.0009340255275759072,0.005035378094347805,0.006679166597122339,-52.594569093737675,-63.26422948290742,512.8473716911012,6870.344335227594,0.0010467968283170272,52.9737241954322,359.3149701697541,94.37492605972986,182.38929983016905
15 Jul 2026 03:26:00.000000000,1212.5408575819392,-4086.0705418409716,-5397.587774819491,7.489524350634388,0.7504494558080964,1.1146861520761375,-0.00148594355810817,0.004991689948724417,0.006612268482985706,-51.83597670572088,-57.45390294186627,512.5554664936419,6870.590990363054,0.0010079412630512132,52.97448451861016,359.30871837195474,98.77900193356571,181.79237474291403
15 Jul 2026 03:27:00.000000000,1658.9161669131352,-4032.093786444146,-5318.8564846196105,7.384235984720162,1.0481276192288713,1.5087386762939954,-0.002031505744138525,0.00492621307277934,0.006516424083533505,-50.77688552056916,-51.88185143201147,512.1571456429538,6870.937910997666,0.0009553934660725866,52.975560697025124,359.30262089202625,103.13639067360208,181.2421424005019
15 Jul 2026 03:28:00.000000000,2097.996942273352,-3960.3868832355197,-5216.671373891218,7.246459048015442,1.3412406286492087,1.8961958554245455,-0.0025683613250386513,0.004839210648700047,0.0063920223830716445,-49.44105997330074,-46.59867602978671,511.658440285529,6871.379025729642,0.0008899114268042663,52.97693363991111,359.29672876242614,107.43158399853228,180.7541019365414
15 Jul 2026 03:29:00.000000000,2527.8509113113055,-3871.262292271398,-5091.479284566145,7.076784584532043,1.6285068929546382,2.2753586277627575,-0.0030941889628375375,0.004731034710693581,0.00623957071666704,-47.855119524170554,-41.63364537188177,511.06699192473394,6871.906609739592,0.0008124530873476421,52.97857902763989,359.29108940483127,111.63969348149531,180.3531337947468
15 Jul 2026 03:30:00.000000000,2946.5854207663724,-3765.1086829617234,-4943.828019905037,6.87594184168139,1.9086685542627264,2.644561846189851,-0.00360670529138958,0.004602125718734104,0.006059694054506693,-46.04653446253617,-36.99711780313648,510.39192779003423,6872.5114177523255,0.0007241646442372126,52.98046773865546,359.2857457949703,115.71910818439906,180.08084239644813
15 Jul 2026 03:31:00.000000000,3352.355655138553,-3642.3893512367813,-4774.364098653212,6.644795734180846,2.1804967758136593,3.0021813082231916,-0.004103673694967514,0.004453011920187261,0.005853133996334043,-44.042087956679936,-32.684548389354845,509.6437111008301,6873.1828435315865,0.0006263699451540791,52.98256636092758,359.28073570529455,119.59598597101298,180.01106509804688
15 Jul 2026 03:32:00.000000000,3743.3726873190926,-3503.6403207558405,-4583.83008937245,6.384343774199958,2.4427969841531643,3.346640715638682,-0.00458291332590594,0.004284308452336965,0.005620747413049135,-41.86686057162029,-28.68084890819984,508.8339684529774,6873.90910331232,0.0005205678333537705,52.98483777899705,359.27609103885715,123.12765887642772,180.2864670554245
15 Jul 2026 03:33:00.000000000,4117.911328717327,-3349.4681314035865,-4373.061529822905,6.095712453563252,2.6944140486078205,3.6764185405651135,-0.005042308352642834,0.004096716136003545,0.005363504669120622,-39.54367686352714,-24.964300200143505,507.97529695065384,6874.677440157584,0.0004084596382007434,52.98724182635711,359.2718372660844,126.00205260696178,181.2191219164447
15 Jul 2026 03:34:00.000000000,4474.317745595746,-3180.547319422169,-4142.983437784167,5.780153064891326,2.9342373780157343,3.9900547708947354,-0.005479817410708245,0.0038910199089583165,0.005082487357856714,-37.09290254635055,-21.509653876193507,507.0810540804282,6875.474345847487,0.00029210066877934917,52.98973599176268,359.26799297446286,127.39148679433976,183.63671171368114
15 Jul 2026 03:35:00.000000000,4811.016807588617,-2997.6175948282134,-3894.606421463383,5.439036950805297,3.1612059115921336,4.286157503807788,-0.005893483209473811,0.0036680868488226507,0.0047788854833483605,-34.53247656105438,-18.290369028558363,506.1651336714675,6876.285796575163,0.00017477616502635575,52.99227616710419,359.26456953904164,124.22666198670143,190.60853997161857
15 Jul 2026 03:36:00.000000000,5126.519133829602,-2801.480723227848,-3629.0223996386912,5.073850173722307,3.3743129778889642,4.563409352357085,-0.006281442227907137,0.0034288637381831603,0.004453994027371592,-31.8780819535803,-15.280093463232333,505.24173159650155,6877.097498445804,7.116610013071775e-05,52.994817423742596,359.2615709196979,94.44772711504132,224.19446428739775
15 Jul 2026 03:37:00.000000000,5419.4278017896895,-2592.9971207948793,-3347.3999439048553,4.68618760330301,3.5726109931301786,4.820573626601067,-0.00664193441505267,0.003174374130836938,0.004109208848212358,-29.14338579592128,-12.45355667439292,504.3251051325794,6877.895138556877,9.876615688053966e-05,52.99731480368775,359.258993588751,8.175746919493845,314.27342889930264
15 Jul 2026 03:38:00.000000000,5688.444683923322,-2373.082172955305,-3050.979257797149,4.277746424153684,3.755215967967538,5.05650024788644,-0.006973312794758415,0.0029057148857522157,0.0037460218689487766,-26.34030244139015,-9.787039489438571,503.4293301088963,6878.664637287796,0.00020927852304011897,52.99972411172713,359.25682659038023,353.3470099753766,332.90915660264534
15 Jul 2026 03:39:00.000000000,5932.376377563252,-2142.702289243098,-2741.066810128738,3.850319072825474,3.921311789970974,5.270131352727081,-0.007274052861086113,0.0026240521454525875,0.0033660155265121325,-23.479252935799746,-7.2585573098802865,502.5680601104201,6879.392397350813,0.000323657268760815,53.00200269457729,359.25505173084764,352.4169625592121,337.646214773364
15 Jul 2026 03:40:00.000000000,6150.139694269337,-1902.870708778578,-2419.0296425362153,3.405785620282283,4.07015424810258,5.460506541443961,-0.007542761640485584,0.0023306167466323794,0.0029708564679780452,-20.56940625621742,-4.84786001303944,501.75429207118475,6880.065545157554,0.0004344417568797648,53.004110193339734,359.2536438963343,354.5933419566103,339.2768818989507
15 Jul 2026 03:41:00.000000000,6340.766676038402,-1654.6430728632718,-2086.2893739308984,2.946105623637363,4.201074765069453,5.6267677264273885,-0.007778186290920201,0.0020266990639249342,0.0025622884978876493,-17.618896290661542,-2.536321089532937,501.0001425718705,6880.672160140483,0.0005391469094554824,53.00600925599511,359.2525714928915,357.94649324756836,339.73083058360186
15 Jul 2026 03:42:00.000000000,6503.409107451568,-1399.1127832213847,-1744.3159272423413,2.473309478842644,4.3134838038886345,5.768163535628701,-0.007979222105836997,0.001713643300852192,0.002142124798300757,-14.635013406631861,-0.30676450536780986,500.3166390459338,6881.201487837137,0.000636104234904361,53.00766619735106,359.25179700087995,1.8863158204156143,339.5981807796988
15 Jul 2026 03:43:00.000000000,6637.342494979407,-1137.406166403477,-1394.6210064457366,1.9894893139017986,4.406873916250002,5.884053228722732,-0.008144919792592286,0.0013928412557935694,0.0017122394610659,-11.624372201343437,1.8567398640998307,499.71352989346747,6881.644132797937,0.0007239731110535307,53.00905159476885,359.2512776342461,6.176290870142778,339.11547199407806
15 Jul 2026 03:44:00.000000000,6741.969487271881,-870.6774667583828,-1038.7513543276846,1.4967894698195163,4.480822402331333,5.973910086295095,-0.008274491902147208,0.0010657256043384946,0.001274558390210504,-8.593058411820726,3.969093672890881,499.19911720172405,6881.992227712904,0.0008016441836111443,53.0101408091042,359.25096609311083,10.706024624050915,338.393119731117
15 Jul 2026 03:45:00.000000000,6816.822713310086,-600.1036921209105,-678.2818236988245,0.9973966236367602,4.534993554577363,6.037324236358949,-0.008367318296210721,0.0007337627519560025,0.0008310496483509776,-5.5467585550590846,6.044390117517745,498.7801153776457,6882.239575563315,0.0008682194630842532,53.010914421602585,359.25081139648165,15.419646430150824,337.48701704286304
15 Jul 2026 03:46:00.000000000,6861.56701875223,-326.87933790672037,-314.80829674966844,0.49352961429547176,4.569140461543027,6.074004887410033,-0.008422950552686373,0.0003984453224667327,0.00038371333637529886,-2.4908760327696116,8.09613160816662,498.46153851879217,6882.3817620868385,0.0009230116231620942,53.01135857895569,359.2507597804955,20.288437268987543,336.4259056317836
15 Jul 2026 03:47:00.000000000,6876.001084612967,-52.211016623022886,50.05951108409965,-0.012570962480173703,4.583106352130936,6.083781942968894,-0.008441115228755054,6.128435785613526e-05,-6.542889149681392e-05,0.5693626023654083,10.13744358426267,498.24661879247316,6882.416236386118,0.0009655476655149829,53.0114652403353,359.25075564639343,25.298922825186924,335.22328237657285
15 Jul 2026 03:48:00.000000000,6860.05841651558,222.6879791533019,414.7053250749783,-0.5186533197987678,4.576825465320047,6.0666069789870525,-0.008421715919300701,-0.00027619868748537425,-0.0005143445654838408,3.628807627245092,12.181285021629941,498.13675747445035,6882.342358104553,0.0009955721609193236,53.01123232194285,359.2507425415193,30.447252176734803,333.88302023010607
15 Jul 2026 03:49:00.000000000,6813.807697074345,496.60315154015274,777.5136243966988,-1.0224651322155942,4.5503234356536755,6.022553572434347,-0.008364834073046473,-0.0006124800692041134,-0.0009610012717894811,6.682288880643586,14.240657318404006,498.1315096321088,6882.161410222098,0.001013048279260419,53.01066373641594,359.25066415607483,35.736462101712895,332.40210349716705
15 Jul 2026 03:50:00.000000000,6737.452498422312,768.3242806330727,1136.8769554925996,-1.5217642002146432,4.5037171901850535,5.951816976644834,-0.008270728550983137,-0.0009460419002819334,-0.0014033775354337346,9.724517800324417,16.328813712802912,498.2286027426925,6881.876577177713,0.0010181559129623329,53.00976932629155,359.25046531798523,41.1752289763667,330.7718755255201
15 Jul 2026 03:51:00.000000000,6631.330356412327,1036.650886997861,1491.2032065086917,-2.014329051251516,4.437214358114803,5.854713146372824,-0.008139833935611572,-0.0012753802309357007,-0.001839473591603703,12.749985302125522,18.459471281667952,498.4239888333962,6881.492888686847,0.0010112866843591446,53.008564692596586,359.25009296831075,46.77749844736051,328.9784086349241
15 Jul 2026 03:52:00.000000000,6495.911212502149,1300.3976442930457,1838.9228040666549,-2.497969403301803,4.3511121998366376,5.731677122789723,-0.007972757625802223,-0.0015990129711547472,-0.002267321926338577,15.752851961567076,20.647026869087004,498.71192903786516,6881.017130277157,0.0009930359029745987,53.00707092149816,359.24949709990364,52.56273285020557,327.0022563193711
15 Jul 2026 03:53:00.000000000,6331.795233701202,1558.3997135094698,2178.4957944684693,-2.9705364195228903,4.245796067379375,5.583260795630165,-0.007770275771038049,-0.0019154875705784608,-0.002684997473810423,18.726826845171743,22.906776841502317,499.08510880208553,6880.457722199618,0.0009641917448377163,53.005314213755526,359.2486316426693,58.55669589048367,324.81766821293866
15 Jul 2026 03:54:00.000000000,6139.71002512798,1809.5179711793814,2508.4187726406003,-3.429932686593615,4.121737413147508,5.4101300661783025,-0.007533328122469091,-0.0022233883776926052,-0.003090627367423472,21.66503124041745,25.25513804734048,499.53478135996255,6879.824568969125,0.0009257221256398496,53.00332542344741,359.24745527969327,64.79280832217952,322.39123409153507
15 Jul 2026 03:55:00.000000000,5920.507253628657,2052.644105059102,2827.2316237114073,-3.874121854418071,3.9794913682836452,5.213061440596938,-0.007263011894517255,-0.0025213436094501346,-0.0034824001544284497,24.559843545823934,27.70986327208277,500.05093655123727,6879.128882337329,0.0008787599745388226,53.001139514067454,359.2459321797143,71.31420464539397,319.67982689432506
15 Jul 2026 03:56:00.000000000,5675.158704474088,2286.705552188208,3133.52404402786,-4.301137880982919,3.8196939157892444,4.992938088092638,-0.006960574746291675,-0.0028080318736260763,-0.003858574398712805,27.402721871760694,30.290238083338977,500.6224915846889,6878.382980988229,0.0008245879289149898,52.998794941558415,359.2440326328937,78.17672489058737,316.62761070311376
15 Jul 2026 03:57:00.000000000,5404.751796331848,2510.670255834353,3425.9418106035546,-4.70909383302809,3.643058686654426,4.750745402460514,-0.00662740700193117,-0.0030821881981041585,-0.0042174866124634934,30.184001743198902,33.01723624238516,501.2374999674022,6877.60007066438,0.0007646239207999385,52.99633297516676,359.24173357852214,85.45320223496414,313.16175293876637
15 Jul 2026 03:58:00.000000000,5110.484582462935,2723.55121960369,3703.1927703913393,-5.096190200592598,3.4503734095986887,4.4875661085801175,-0.006265033236928101,-0.0033426095348611197,-0.004557558475486943,32.89266812680825,35.91359655858496,501.8833745322551,6876.794008771015,0.0007004097932194717,52.993796968118545,359.23901901520424,93.23955561696737,309.18633161254866
15 Jul 2026 03:59:00.000000000,4793.660268389333,2924.410838890812,3964.0525233311287,-5.460722691185421,3.2424960465705204,4.204574957392197,-0.005875103358914543,-0.0035881597195128742,-0.004877303318446422,35.516104494889525,39.003763860157484,502.54712030361173,6875.979057762587,0.0006336060584995515,52.99123159102299,359.23588028617894,101.66331782096597,304.57380716327475
15 Jul 2026 04:00:00.000000000,4455.681278115962,3112.3649917959333,4207.369775768629,-5.8010894770357115,3.0203506469004773,3.9030330537729316,-0.005459383310757138,-0.00381777388096872,-0.005175331864495965,38.03982774138158,42.31360981399235,503.21557284375876,6875.169631785973,0.0005659971933401146,52.988682041588746,359.23231623460833,110.89512346114607,299.1535344532525
15 Jul 2026 04:01:00.000000000,4098.042902366971,3286.5868736183115,4432.07134351386,-6.115797876360064,2.784922952964598,3.5842818615704535,-0.005019745516800566,-0.004030462307968023,-0.0054503572399896075,40.447227710821124,45.869816537295755,503.8756377168123,6874.380041139497,0.0004995129933281249,52.98619324467255,359.22833322599257,121.16270441350332,292.69776737514144
15 Jul 2026 04:02:00.000000000,3722.3265632330763,3446.3105609905742,4637.16678644673,-6.403470456603456,2.537255789449568,3.2497369289529314,-0.0045581591841174504,-0.004225313790939783,-0.005701199280357729,42.71934519959371,49.69877228478117,504.5145267851749,6873.624239104096,0.00043627028141702466,52.983809056865475,359.22394503723666,132.76328852568128,284.90926023997696
15 Jul 2026 04:03:00.000000000,3330.1927301598625,3590.834293607016,4821.7526591242895,-6.662850553952971,2.2784442669001193,2.900881375248495,-0.004076680558215397,-0.004401498467953576,-0.005926788170977197,44.83474332309732,53.82480684720875,505.1199872088468,6872.915575620105,0.0003786282247335602,52.981571489753115,359.2191726142772,146.05977271421688,275.42509483576845
15 Jul 2026 04:04:00.000000000,2923.373522382932,3719.5234632837655,4985.016364252981,-6.892807208909762,2.009630828278449,2.5392591777747158,-0.003577443215864868,-0.004558270210835537,-0.006126167472283136,46.76955304121322,58.26761010156165,505.6805192394103,6872.266562120576,0.0003292104494499447,52.979519965663926,359.2140437024999,161.42275156256116,263.8746520412395
15 Jul 2026 04:05:00.000000000,2503.665032756629,3831.813301753755,5126.239598129178,-7.092339522213002,1.7320001648698353,2.1664682938972173,-0.00306264846128679,-0.004694968594026836,-0.00629849658696099,48.49779920290266,63.03877080436203,506.1855791787015,6871.688651598685,0.00029075118933907443,52.97769061914931,359.2085923564757,179.05343811440562,250.05669129737893
15 Jul 2026 04:06:00.000000000,2072.9194076361628,3927.211260075712,5244.801379142583,-7.260580438766915,1.4467740252659802,1.7841536500290471,-0.0025345558731997217,-0.004811020492678545,-0.006443052731987396,49.992126595449385,68.1375919196417,506.62576419677066,6871.192037688207,0.0002655192657774333,52.97611565663096,359.20285833767844,198.67172165810612,234.25129313649813
15 Jul 2026 04:07:00.000000000,1633.0367167691454,4005.2990739223987,5340.18065229388,-7.396799969573233,1.1552059382480897,1.3940000253647826,-0.0019954740297248876,-0.004905941355805376,-0.006559232477124196,51.22502587556965,73.54670881950057,506.99297606502734,6870.7854761788285,0.0002542833401239116,52.974822785619196,359.19688641086316,219.3114657780076,217.4245614890608
15 Jul 2026 04:08:00.000000000,1185.9566466730173,4065.7345101282867,5411.958464177132,-7.500407862709214,0.8585758677036135,0.9977248545360262,-0.0014477514219654875,-0.004979336201951798,-0.006646552913472969,52.17058317340211,79.22850239937638,507.28056124950723,6870.476131981477,0.0002555692896644755,52.97383472366835,359.1907255516021,239.65237869488422,200.89675373976704
15 Jul 2026 04:09:00.000000000,733.6500501733781,4108.252790915674,5459.819704264077,-7.570955734506158,0.5581848149780229,0.5970709697205234,-0.0008937675474618837,-0.005030900378412354,-0.006704652506745887,52.80663307806951,85.12366360892356,507.48342521913696,6870.269454109877,0.00026620793063201234,52.97316879581497,359.18442807905035,258.72876659331035,185.63352782916323
15 Jul 2026 04:10:00.000000000,278.1103841624439,4132.667693054971,5483.554409442421,-7.6081386711253955,0.25534938170989874,0.19379929960690892,-0.0003359241608637888,-0.005060420121317471,-0.006733291684780056,53.117007949873766,91.15320594834111,507.5981192476422,6870.169080760224,0.0002827897556243793,52.97283662766683,359.17804872934653,276.25620853587156,171.9192677939743
15 Jul 2026 04:11:00.000000000,-178.65493294921777,4138.872319936376,5483.0586297165755,-7.611796308958993,-0.04860369580395918,-0.21031846002206608,0.00022336335402839335,-0.00506777294595438,-0.00673235319790404,53.093424044953174,97.22447376250555,507.62289842109124,6870.176776059877,0.0003027554816384461,52.972843939603585,359.17164368614834,292.4192409780834,159.56939972501513
15 Jul 2026 04:12:00.000000000,-634.6332130568727,4126.839545141852,5458.334853789539,-7.581913399841705,-0.3523430311661573,-0.6135071912936337,0.0007816745361115838,-0.0050529278874564395,-0.006701842278269339,52.73653002159502,103.24036047864577,507.5577500022758,6870.292399525386,0.0003246907654071688,52.973190445745054,359.16526958552487,307.5505541044244,148.25119591466972
15 Jul 2026 04:13:00.000000000,-1087.815208705703,4096.622126645835,5409.491993957123,-7.518619864163435,-0.6545380827581566,-1.0139957032467948,0.0013365923735199846,-0.005015945602792551,-0.006641886611811224,52.05582314941406,109.10964403656466,507.4043917451053,6870.513908726197,0.0003481561149152839,52.97386985947246,359.1589825129282,321.9448166886193,137.66995048293293
15 Jul 2026 04:14:00.000000000,-1536.2038113398012,4048.352491269222,5336.744930401059,-7.422190331829626,-0.9538646507095121,-1.4100240736864718,0.0018857118579138966,-0.004956978334783152,-0.006552736122782042,51.06845750225431,114.75585264648302,507.16624019571947,6870.837395101358,0.0003733789179379841,52.97487000538575,359.15283701003807,335.79443205556777,127.63322389713392
15 Jul 2026 04:15:00.000000000,-1977.8227066042466,3982.2421895177677,5240.413615646036,-7.293043167903698,-1.2490103673636408,-1.799850972185122,0.0024266486170978516,-0.004876269727535787,-0.0064347625556663655,49.797275463839924,120.1227200745051,506.84834945988075,6871.257152328068,0.00040094001332503706,52.97617303568128,359.14688510919007,349.186497410615,118.05388411103827
15 Jul 2026 04:16:00.000000000,-2410.724955771193,3898.5810214565777,5120.921740639455,-7.131738976839683,-1.5386801718934806,-2.1817609514752845,0.002957047671346979,-0.0047741544745569745,-0.0062884588285019565,48.268546434193425,125.17565076417395,506.4573213571533,6871.765776100399,0.00043149260096575097,52.97775574707133,359.1411754125003,2.1258822580614107,108.92702859486003
15 Jul 2026 04:17:00.000000000,-2833.0014717150007,3797.735834886492,4978.794964747305,-6.938978576797466,-1.8216017581443,-2.554071692309728,0.003474592348804515,-0.004651057770257116,-0.006114438117672193,46.509856700860745,129.8998924364667,506.00118831936817,6872.354293650931,0.00046553387585389046,52.97958999257636,359.13575223206254,14.568545127754044,100.29666802945833
15 Jul 2026 04:18:00.000000000,-3242.7893573848855,3680.1489977903034,4814.658712910585,-6.7156004337462125,-2.096530982898328,-2.915141184318279,0.003977013382708374,-0.0045074945284870474,-0.005913432625153874,44.548430807584275,134.29675950386178,505.4892708210994,6873.0123208440455,0.00050324961123852,52.98164318083221,359.1306548064445,26.455148152904826,92.22211211507809
15 Jul 2026 04:19:00.000000000,-3638.2800740274256,3546.336547853298,4629.2355443503675,-6.462577544128142,-2.362257219385822,-3.2633748221937378,0.004462098198489419,-0.004344068326800575,-0.005686291972783204,42.40998052047227,138.37922981570313,504.93201154969915,6873.728244194643,0.0005444419947645366,52.98387885399971,359.12591660740026,37.73705247191174,84.75197451566775
15 Jul 2026 04:20:00.000000000,-4017.7274057183263,3396.886022853468,4423.342098557092,-6.181013754899903,-2.6176086382156454,-3.5972323930102803,0.0049277003807257705,-0.004161470029884372,-0.00543398116159367,40.11804263550969,142.16784062806167,504.34078892676985,6874.48942472736,0.000588532363206468,52.98625733397134,359.1215647490213,48.390443229190744,77.91004815831799
15 Jul 2026 04:21:00.000000000,-4379.455186110681,3232.4539768661934,4197.885625871519,-5.872139510886346,-2.8614573950999547,-3.915234926752574,0.0053717492919604926,-0.003960476045065957,-0.005157578034053404,37.693700030247086,145.68734927623063,503.7277129756492,6875.282420197134,0.000634615460098303,52.988736425360784,359.11761950979565,58.41917682157678,71.6924582365999
15 Jul 2026 04:22:00.000000000,-4721.864752748424,3053.7631885563237,3953.8601117649237,-5.537307021632281,-3.0927247019067674,-4.215971378406943,0.00579225979638017,-0.003741946163385797,-0.004858270178110647,35.15556687855482,148.96427463511517,503.1054068827587,6876.093221848224,0.0006815383206243818,52.99127216276331,359.1140939759456,67.85022559890906,66.07221770539601
15 Jul 2026 04:23:00.000000000,-5043.442093917968,2861.599569317452,3692.342005947886,-5.177984843311061,-3.310385754873733,-4.498105106430286,0.0061873420223346985,-0.00350682094267671,-0.004537351216632951,32.51993489956033,152.02523660918237,502.4867779160007,6876.907501605052,0.0007279830001055067,52.99381958899784,359.1109938123184,76.72613542359677,61.00676985957328
15 Jul 2026 04:24:00.000000000,-5342.764652866123,2656.8087806694225,3414.4855696618774,-4.795751875710115,-3.513474491364555,-4.760380109257973,0.006555211081380409,-0.0032561185953113173,-0.004196216434322125,29.80100368043726,154.89593120048477,501.88478163097267,6877.7108653698415,0.0007725416156961529,52.996333550507195,359.10831716477514,85.09762921289672,56.44538487088871
15 Jul 2026 04:25:00.000000000,-5618.507754376706,2440.2925721045062,3121.517856905001,-4.392290779754559,-3.701088144510582,-5.00162697891873,0.006894196644860588,-0.0029909313503477686,-0.0038363577042729233,27.01114351495285,157.60057033100625,501.31218350558214,6878.489107955567,0.0008137796672872523,52.99876949580303,359.10605469572744,93.01783922535972,52.33492752080727
15 Jul 2026 04:26:00.000000000,-5869.4506192134795,2213.0048524693743,2814.733347873242,-3.9693808273242555,-3.872391563554069,-5.220768528952629,0.007202752267037101,-0.0027124212698045455,-0.0034593576897730643,24.161159395758922,160.16164015516011,500.7813222859255,6879.228465115268,0.0008502878577391571,53.001084262805016,359.10418975203953,100.53846440028441,48.623699820552496
15 Jul 2026 04:27:00.000000000,-6094.481932861355,1975.9475099259769,2495.488255512799,-3.5288902020724193,-4.02662126682635,-5.416825052812737,0.0074794643351839265,-0.0024218155104880667,-0.003066883313019058,21.260539096455172,162.59986568510652,500.30387939125916,6879.915858142019,0.0008807242753008739,53.0032368411399,359.1026986622603,107.70756300034292,45.26364826939396
15 Jul 2026 04:28:00.000000000,-6292.604936349381,1730.1659975385453,2165.1945287198055,-3.0727677773729716,-4.163089194107901,-5.588919168877585,0.007723060518888513,-0.0021204010340609225,-0.002660678497405523,18.317677598111388,164.93430168625704,499.8906587059588,6880.539126612465,0.0009038489770492016,53.00518909592787,359.1015511577637,114.56852245502094,42.21139385570059
15 Jul 2026 04:29:00.000000000,-6462.9420087502285,1476.744703513221,1825.3135783346172,-2.6030344051594816,-4.281186125712429,-5.736280209177051,0.00793241759255719,-0.001809518782639803,-0.0022425562095959813,15.34007577747631,167.1824957807191,499.55138097539964,6881.08724503144,0.0009185525969584076,53.00690644028508,359.10071091025407,121.15978549830218,39.42850571043502
15 Jul 2026 04:30:00.000000000,-6604.738713217792,1216.8021270449767,1477.3497545908658,-2.1217737570320208,-4.380384737022614,-5.858248110972014,0.008106568504760594,-0.0014905573494250575,-0.0018143898437207524,12.33451447737009,169.36068899124325,499.2944968166384,6881.550519403018,0.0009238800731402885,53.00835844469781,359.1001361759962,127.5150155674824,36.88133545021062
15 Jul 2026 04:31:00.000000000,-6717.367281142091,951.4858825383632,1122.8436070355701,-1.6311227663377263,-4.460242259392532,-5.954276773417464,0.008244708575730947,-0.0011649461873198613,-0.0013781040079096744,9.307206735287611,171.48403252604047,499.1270220542135,6881.920760103768,0.0009190501420114331,53.009519372557335,359.0997805353023,133.66348839695263,34.540625280892925
15 Jul 2026 04:32:00.000000000,-6800.329512138051,681.9675566356411,763.36496007391,-1.1332617267400809,-4.5204027212785345,-6.023936845631258,0.008346200717334747,-0.0008341484113993443,-0.0009356647899609053,6.263931685869064,173.56680878013648,499.05439869821674,6882.191427858906,0.0009034709311999908,53.01036863246722,359.0995937140944,139.63057821991126,32.38102145432588
15 Jul 2026 04:33:00.000000000,-6853.259071108725,409.4374439448623,400.50583915206613,-0.6304041088326701,-4.560598747116885,-6.066917917501819,0.008410579579954551,-0.0004996532609738094,-0.0004890695920534085,3.210153888528419,175.62265054284606,499.08038440320246,6882.357750115704,0.0008767517867724153,53.01089113941867,359.09952247295877,145.43826397222662,30.380567690141717
15 Jul 2026 04:34:00.000000000,-6875.9231674763105,135.0991885830916,35.87328412701581,-0.12478616142664178,-4.580652895737593,-6.083030090374377,0.008437554552634542,-0.00016296829754747704,-4.033663772326242e-05,0.1511318197695948,177.66475622681168,499.2069726922935,6882.416805659557,0.0008387113654290312,53.011077578551166,359.0995115479416,151.10561862455384,28.520215443240442
15 Jul 2026 04:35:00.000000000,-6868.223605794481,-139.83564039341366,-328.9179124600903,0.3813436319283625,-4.580478524881643,-6.072204911207759,0.008427011561339503,0.00017438857829663577,0.0004085057370089558,-2.9079808357763963,179.70610127612917,499.43434561442444,6882.367575916119,0.000789381981460392,53.01092456694374,359.09950462640256,156.64927016217177,26.783362504558056
15 Jul 2026 04:36:00.000000000,-6830.197201271249,-414.1530109589695,-692.2525037232765,0.885735167996567,-4.560080173545058,-6.034495660716125,0.008379013632487754,0.0005108972027770697,0.0008554298901946291,-5.962037572590445,-178.24035275695246,499.76085984009705,6882.210962014449,0.0007290101998389836,53.01043471068731,359.0994453407249,162.0838431273201,25.155411027701962
15 Jul 2026 04:37:00.000000000,-6762.015558160142,-686.641898434116,-1052.5220845541257,1.3861473360228431,-4.5195534592579465,-5.970076993208813,0.008293800212864367,0.0008450432266743399,0.0012984196568197463,-9.005801676121687,-176.16144936683176,500.18306651069094,6881.949767336329,0.0006580536952976545,53.009616556336965,359.0992782623278,167.42241511475328,23.62331059824012
15 Jul 2026 04:38:00.000000000,-6663.984213438372,-956.0997350899228,-1408.1323467813602,1.8803585527208768,-4.459084492871542,-5.879243933113655,0.008171785261140195,0.0011753261041665812,0.0017354809875475491,-12.033845612579356,-174.04362635335454,500.6957644574106,6881.58864593213,0.0005771744421943888,53.008484437704524,359.0989498784868,172.67707517491257,22.174999398745005
15 Jul 2026 04:39:00.000000000,-6536.541152598881,-1221.3378102981746,-1757.5102551365303,2.3661771473725115,-4.378948818813354,-5.762410240307377,0.00801355414846343,0.0015002669044310336,0.002164652326450611,-15.040443693689012,-171.87270160463157,501.29208571897846,6881.134017828482,0.00048722835458425733,53.00705822079065,359.09840953473906,177.85981981964989,20.79850778205164
15 Jul 2026 04:40:00.000000000,-6380.254708653305,-1481.186593132592,-2099.111106722415,2.841451527287798,-4.27950989392192,-5.620106163180052,0.007819859429375062,0.0018184158630656492,0.0025840146184833335,-18.019454412300533,-169.63365506844846,501.96361163064233,6880.593952872232,0.00038925155789043303,53.005362951443054,359.0976103263855,182.98454745142047,19.479963438941745
15 Jul 2026 04:41:00.000000000,-6195.820859500749,-1734.5009502501089,-2431.42543800009,3.304080058088381,-4.161217122751075,-5.452975604639092,0.007591615562764407,0.0021283595976038664,0.0029917008474203634,-20.96418874253884,-167.3104087864256,502.7005171498042,6879.978025337087,0.00028444355398447136,53.003428412028995,359.09650992341705,188.07331550528357,18.197333877681093
15 Jul 2026 04:42:00.000000000,-5984.059942588114,-1980.1652330939214,-2752.9857449833407,3.752020598623281,-4.024603471502286,-5.261772731842605,0.007329892679931806,0.0024287279207994904,0.0033859050177140995,-23.867260677366755,-164.88561048659494,503.4917405403281,6879.297142049363,0.00017414775847368608,53.00128859499872,359.0950713144356,193.18671615935244,16.890050366041706
15 Jul 2026 04:43:00.000000000,-5745.912809214088,-2217.098209899253,-3062.372984310355,4.1832996366047475,-3.8702826863968522,-5.047358065198528,0.007035909512855289,0.0027182001969483505,0.0037648905094732257,-26.720416481064216,-162.34043193308125,504.3251750718738,6878.563347258581,5.983294443811586e-05,52.998981102664416,359.09326345653875,198.80711362743193,15.075770327738987
15 Jul 2026 04:44:00.000000000,-5482.436443852804,-2444.257819635013,-3358.22282510304,4.59602097807042,-3.698946145238301,-4.81069408596039,0.006711025602485851,0.0029955111981587934,0.004126997751276038,-29.5143398053738,-159.65440194778975,505.18787901118424,6877.7896078776885,5.6973480665757554e-05,52.99654648380032,359.09106181989097,21.4913746884148,196.19764654370243
15 Jul 2026 04:45:00.000000000,-5194.799076471155,-2660.6457267958867,-3639.2316239607558,4.9883739512699705,-3.511359373098518,-4.5528404045171325,0.00635673291625816,0.0032594564313489826,0.004470651174185164,-32.23843134407036,-156.80530693837522,506.0662998955188,6876.989583040278,0.00017458315512373408,52.994027518763865,359.08844881744733,27.077282960430725,194.41791265438428
15 Jul 2026 04:46:00.000000000,-4884.27481794804,-2865.3116578700615,-3904.1620980102084,5.358641093326922,-3.308358254431543,-4.274948533171181,0.0059746470036991075,0.0035088969197126295,0.004794365427527305,-34.88056467935852,-153.76921020517952,506.9465088859913,6876.177382163968,0.0002913558058788079,52.991468465724786,359.0854141124055,32.01604483090068,193.2853770553158
15 Jul 2026 04:47:00.000000000,-4552.237850379838,-3057.3575022598225,-4151.848673580279,5.70520529575677,-3.090844974494675,-3.978256307826689,0.005566497817734427,0.003742763435736661,0.005096750854773189,-37.42682527262799,-150.52066627087788,507.8144409001636,6875.367315868122,0.00040559652398853907,52.98891428125707,359.081954798047,36.83481717915447,192.27289505170756
15 Jul 2026 04:48:00.000000000,-4200.156205268958,-3235.941162408032,-4381.202490728237,6.026556392405207,-2.859783722743044,-3.6640820026056833,0.005134120323419175,0.003960060196046615,0.0053765182452703425,-39.861248323979055,-147.03323767747395,508.6561362138224,6874.573644170166,0.0005156285340913317,52.986409828982616,359.0780754469505,41.59332172774521,191.3207544374768
15 Jul 2026 04:49:00.000000000,-3829.5851633784914,-3400.280139807438,-4591.216046451936,6.321297180352047,-2.616196189943379,-3.333818180049261,0.004679445003942402,0.0041598680384867795,0.005632482890983477,-42.16558477372087,-143.2804554927778,509.4579792957231,6873.810326380199,0.0006198174562510681,52.98399909015117,359.07378802873404,46.309521606048854,190.41099891567006
15 Jul 2026 04:50:00.000000000,-3442.160310411687,-3549.65484543647,-4780.967461926231,6.588148870622294,-2.3611568891694463,-2.9889253173536963,0.004204488363017595,0.0043413471133350754,0.005863567992491358,-44.31914402962103,-139.2373908080454,510.2069307872447,6873.090777031526,0.0007165987469610177,52.9817243899963,359.0691116978887,50.99154212602488,189.5355073599903
15 Jul 2026 04:51:00.000000000,-3039.590282703009,-3683.411624905468,-4949.624361455141,6.825955970958348,-2.095788328734112,-2.630925246172579,0.003711343504718705,0.0045037391271351025,0.00606880746700059,-46.298786642288064,-134.8830011966336,510.89074875223696,6872.427632030552,0.0008045042635424647,52.97962565341925,359.0640724554379,55.64401228632325,188.68965239990982
15 Jul 2026 04:52:00.000000000,-2623.649236861264,-3800.9654902015654,-5096.447352980821,7.033690607297557,-1.8212560625870617,-2.2613944400821593,0.0032021708557742464,0.004646369185044165,0.006247348220780508,-48.07916626769689,-130.2033472138851,511.49819559006886,6871.832528988314,0.0008821872933736446,52.97773970303225,359.0587026904581,60.26991618670493,187.87044914485946
15 Jul 2026 04:53:00.000000000,-2196.16907670803,-3901.802551390444,-5220.793101970791,7.2104562939432,-1.5387636408306495,-1.8819571798948054,0.002679189074454641,0.004768647279172436,0.006398451950233812,-49.63333786689233,-125.19559274066717,512.0192273178038,6871.315905415263,0.0009484455905965709,52.97609961184412,359.053040609497,64.87125577095443,187.07589262680307
15 Jul 2026 04:54:00.000000000,-1759.03147035891,-3985.4821428523783,-5322.116992138862,7.355491164455799,-1.249547480150569,-1.4942786231642322,0.0021446661729194122,0.004870069474115322,0.006521496540415304,-50.93384014801155,-119.87237455338612,512.4451622750405,6870.886818127843,0.0010022420230232155,52.97473412191219,359.0471295639419,69.44930396418019,186.30470489029787
15 Jul 2026 04:55:00.000000000,-1314.1596893377812,-4051.6386397843316,-5399.975367997106,7.468170676381257,-0.9548716708679579,-1.1000578000729762,0.0016009108588115701,0.004950218837061274,0.006615977124406565,-51.95430128832679,-114.26567874753609,512.7688266793814,6870.552786835266,0.0010427224799080582,52.9736671391276,359.041017287124,74.00467915952882,185.55626077108832
15 Jul 2026 04:56:00.000000000,-863.510300947444,-4099.982961579241,-5454.027355408688,7.5480098027272255,-0.6560227345717986,-0.7010205542342016,0.0010502640855851427,0.005008766158702663,0.006681506865113335,-52.67149147595054,-108.42894944566864,512.9846748540131,6870.3196644578575,0.0010692307416855327,52.972917312970026,359.0347550545595,78.53731568639965,184.83061772533875
15 Jul 2026 04:57:00.000000000,-409.0647443214842,-4130.303759466459,-5484.03625733874,7.5946647219794485,-0.35430434371058567,-0.2989124435079015,0.0004950907842424393,0.005045470503727385,0.00671781751069098,-53.067567134526946,-102.4360744607233,513.0888823555669,6870.191536278489,0.0010813200685731166,52.97249770858275,359.0283967820229,83.04634769426826,184.12863226947724
15 Jul 2026 04:58:00.000000000,47.179180070381086,-4142.468286412839,-5489.870522812442,7.607934016416657,-0.051032012357792374,0.1045083869107033,-6.22282638352452e-05,0.005060179623320014,0.006724759766139166,-53.13208280529467,-96.37644565187257,513.0794106455911,6870.170649553892,0.00107876132677889,52.97241557690847,359.02199807727413,87.5298936633584,183.45217581294895
15 Jul 2026 04:59:00.000000000,503.215878199979,-4136.422947785244,-5471.5042877503465,7.58775938574233,0.25247223430058474,0.5074783490529331,-0.0006193044634054719,0.005052830253261172,0.006702303511476783,-52.863287807091616,-90.34649710884362,512.9560423695913,6870.257374719574,0.0010615475401623512,52.972672226913694,359.0156152620078,91.98470137895629,182.80449004028512
15 Jul 2026 05:00:00.000000000,957.0405586217969,-4112.193531694021,-5429.017486900179,7.534225879800899,0.5548852053326313,0.9082355657267855,-0.0011737494086750616,0.005023448310441552,0.00665053788237828,-52.26835200680681,-84.43949966683559,512.7203867308251,6870.450198815249,0.001029894834658051,52.97326300215009,359.0093043812047,96.40557429312847,182.19076091175975
15 Jul 2026 05:01:00.000000000,1406.6578281288255,-4069.885118309436,-5362.59553657808,7.447561650611308,0.8548878983042552,1.3050270249282,-0.0017231829133422059,0.004972148990755349,0.006569671215866722,-51.36245550271843,-78.7361494032607,512.3758548711592,6870.745751244266,0.000984239839827074,52.97417736207976,359.00312021719736,100.78443115240391,181.61905939662444
15 Jul 2026 05:02:00.000000000,1850.0902581087228,-4009.6816677970523,-5272.528588400194,7.32813722034033,1.151170856361369,1.6961157268088616,-0.002265241126710834,0.004899136760725573,0.006460030849461727,-50.166999348231066,-73.29813630090189,511.9276055965704,6871.138861465699,0.0009252337439405982,52.97539906676339,358.9971153257495,105.10871466103207,181.10193316293103
15 Jul 2026 05:03:00.000000000,2285.38689228635,-3931.845286915488,-5159.210354724905,7.17646425844073,1.4424395211896088,2.0797878135925503,-0.0027975847896253778,0.004804705223513313,0.006322062746639264,-48.70739447096113,-68.16565042796064,511.3824622098006,6871.622647705705,0.0008537334092564516,52.97690646170468,358.9913391110237,109.35857555356333,180.6592228424002
15 Jul 2026 05:04:00.000000000,2710.631666208411,-3836.715174765341,-5023.136507130796,6.993193858153343,1.7274195736151412,2.454359671043348,-0.003317907676100332,0.004689236832420817,0.006156330911546359,-47.01089425893491,-63.358427804151134,510.748801635938,6872.188635274,0.0007707903554663349,52.978672857894914,358.9858369556972,113.5015936721413,180.32334126885488
15 Jul 2026 05:05:00.000000000,3123.951708059268,-3724.706248736898,-4864.902650020876,6.779114300192677,2.004862251596847,2.818184987353058,-0.003823945253687028,0.004553202414152739,0.005963516541717236,-45.10479765989992,-58.87910887020845,510.0364174459859,6872.826902584711,0.0006776393372162819,52.98066700043439,358.98064942146215,117.48212459798285,180.14992713427566
15 Jul 2026 05:06:00.000000000,3523.525489639987,-3596.3074523845485,-4685.201872382375,6.535148289851439,2.2735496329851346,3.1696617520882406,-0.004313483581425196,0.004397160459308597,0.005744416861516334,-43.015164451291284,-54.71754535694973,509.25635879651526,6873.526252516962,0.0005756907297170416,52.98285361755582,358.97581153400216,121.19764066999447,180.24150422380035
15 Jul 2026 05:07:00.000000000,3907.5907954780196,-3452.0797477971946,-4484.8218818842315,6.2623496531444305,2.5322998676517905,3.5072391741340576,-0.004784368446633197,0.004221756131342797,0.005499943571131987,-40.76603418516161,-50.85501566366537,508.4207477052576,6874.274406314718,0.0004665389947047382,52.98519404046272,358.9713521649974,124.43897964076223,180.80723297429358
15 Jul 2026 05:08:00.000000000,4274.452477178889,-3292.6537960415358,-4264.641726882103,5.96189947807164,2.7799723406137415,3.8294244935910697,-0.0052345147233176115,0.004027719943191653,0.005231120843772119,-38.379056467794506,-47.26776977945765,507.5425774682691,6875.058216824807,0.0003520320235373893,52.98764688314942,358.9672935220896,126.7092561757271,182.34399914624242
15 Jul 2026 05:09:00.000000000,4622.489959330136,-3118.727330451176,-4025.6281135337154,5.63510168869584,3.015472744680498,4.13478965850441,-0.005661915915315178,0.0038158660499974877,0.004939082803205711,-35.87341471051314,-43.92970836835668,506.63549538656906,6875.863897514513,0.0002346269024411499,52.990168770309126,358.9636507558092,126.49655238879734,186.36372341208178
15 Jul 2026 05:10:00.000000000,4950.16446260792,-2931.062228908928,-3768.831327104312,5.283378042517207,3.237758038122907,4.421977833327275,-0.006064653827679033,0.0035870901085043342,0.004625070417282077,-33.26593538316039,-40.814236795175404,505.7135733008832,6876.677263402547,0.00012001070804237516,52.99271510058302,358.96043169047056,116.47854256450745,200.18873670805257
15 Jul 2026 05:11:00.000000000,5256.025909274669,-2730.4812928283504,-3495.380768650333,4.9082625455715325,3.445841260010592,4.689709702335109,-0.006440908291378539,0.0033423666583716287,0.0042904277497567145,-30.57129922821448,-37.89544161981152,504.79106972273127,6877.483979785824,6.109982053866239e-05,52.9952408317697,358.95763668381534,42.89490606566268,277.579367348778
15 Jul 2026 05:12:00.000000000,5538.719476074134,-2517.8647422494478,-3206.480120585323,4.5113952846968015,3.6387961733658574,4.936789528000689,-0.006788966848938409,0.0030827459870643604,0.003936597521918045,-27.802296831834695,-35.14876069294317,503.8821875891491,6878.269814459696,0.00015195030033575315,52.9977012742152,358.9552586180229,357.5254339885487,326.7558343415411
15 Jul 2026 05:13:00.000000000,5796.991759671448,-2294.1464383229477,-2903.402157118907,4.094515682401323,3.815761704232396,5.1621109217870975,-0.007107234294297387,0.002809350449096061,0.00356511594801558,-24.970092505374904,-32.551299986516696,503.0008318452622,6879.020889012852,0.00026616334471395213,53.00005287844195,358.95328302231667,352.35402335606244,335.7342531099429
15 Jul 2026 05:14:00.000000000,6029.696520321228,-2060.3098464113828,-2587.4832181737884,3.659455186551404,3.975946143306886,5.364662283065485,-0.007394241946982882,0.0025233702205173856,0.003177606822411834,-22.08447613901503,-30.081917759525634,502.16037116530816,6879.723924739898,0.0003792365807774266,53.00225400315997,358.951688325144,353.31627121330433,338.5790412634047
15 Jul 2026 05:15:00.000000000,6235.799970402569,-1817.3837550663948,-2260.117368074986,3.2081294144968493,4.118631076003802,5.543531861040972,-0.007648656535137179,0.002226058482654281,0.00277577485403833,-19.154093158646894,-27.721163743702203,501.37340814778554,6880.366478755904,0.000487353622348496,53.00426565012827,358.95044623158924,356.1509553750878,339.5514376650108
15 Jul 2026 05:16:00.000000000,6414.385575878177,-1566.4377681881479,-1922.750263009003,2.7425297790305514,4.243175006809825,5.697912394765714,-0.007869288554122144,0.0019187260408941478,0.0023613982595075485,-16.186649211356055,-25.451133488924278,500.6515622582713,6880.93716602254,0.0005885335498950902,53.00605215289966,358.9495222195143,359.8120383278233,339.6974982981202
15 Jul 2026 05:17:00.000000000,6564.658340619493,-1308.5775897057654,-1576.8727539076822,2.2647146315044453,4.34901664456655,5.827105287585847,-0.008055099969790654,0.001602735398841881,0.0019363206457534362,-13.18908996364492,-23.255277118416537,500.0052696376858,6881.4258632046885,0.000681282760731827,53.00758180727418,358.9488761457896,3.9261544975845872,339.3906087236991
15 Jul 2026 05:18:00.000000000,6685.948545898054,-1044.9401220774057,-1224.0142539577682,1.7767999652364752,4.435677816926776,5.930524274724842,-0.008205211138650297,0.0012794943215616796,0.0015024422305041083,-10.167758401189698,-21.118186840371134,499.44360364272484,6881.823890568776,0.0007643739937242406,53.00882743229493,358.94846295202626,8.330142621443777,338.79395139585455
15 Jul 2026 05:19:00.000000000,6777.714920160188,-776.6884017408693,-865.7359023057593,1.280949729780555,4.502765984647264,6.007698546127506,-0.008318906824544994,0.0009504489346069689,0.0010617104661469086,-7.128532965718382,-19.02537737156426,498.97411963966874,6882.124168506418,0.000836798549691309,53.009766851827145,358.9482334574965,12.944025204376043,337.98752585858864
15 Jul 2026 05:20:00.000000000,6839.5472174410015,-505.0063963260485,-503.62355766295747,0.7793658134666144,4.549976329559308,6.0582752911105215,-0.008395641206304023,0.0006170764183694558,0.0006161101490478525,-4.076950215131051,-16.963066684145314,498.6027271367715,6882.321345712925,0.0008977582126125054,53.01038328814611,358.9481352253045,17.726532692892665,337.01262419855664
15 Jul 2026 05:21:00.000000000,6871.168186400814,-231.0936898900126,-139.28065735504904,0.27427775759325307,4.577093393940513,6.082021636690138,-0.008435041783086536,0.0002808773673509731,0.0001676531095021338,-1.018315738534103,-14.917960152378113,498.3335918228669,6882.411896562416,0.0009466673494950352,53.01066566049917,358.9481134866275,22.656857733178715,335.89007639256164
15 Jul 2026 05:22:00.000000000,6872.434915916211,43.83991634822808,225.6790211382543,-0.23206772940083073,4.583992253487359,6.07882595754941,-0.008436912106293205,-5.6632106236892e-05,-0.00028163241015850224,2.0421930248202167,-12.877038484287873,498.16906949148625,6882.394185789702,0.0009831565870048265,53.0106087832734,358.9481121067424,27.726339446479788,334.6285656239605
15 Jul 2026 05:23:00.000000000,6843.339547368909,318.5798593783702,589.6386579908577,-0.7374173857417803,4.570639211048703,6.048698542306223,-0.008401233286493259,-0.0003939284387209855,-0.0007297125737115538,5.0994285216782105,-10.827348246351729,498.1096731860561,6882.268499201193,0.0010070750530318555,53.010213460167016,358.9480745758377,32.934442197159605,333.22864909979813
15 Jul 2026 05:24:00.000000000,6784.009348168103,591.9122968556043,950.9857093153635,-1.2395220636658693,4.537092003583489,5.991771607863846,-0.008328164247753211,-0.0007294887606122744,-0.0011745588442909913,8.1481759115668,-8.75579299524758,498.15407421929905,6882.037039780389,0.0010184900140960843,53.009486472594794,358.94794500708264,38.28681908536939,331.6846941441388
15 Jul 2026 05:25:00.000000000,6694.706145536585,862.6295873455377,1308.119206781317,-1.7361473749122973,4.483499520302655,5.908298660967803,-0.008218040725355084,-0.0010617990291868235,-0.0016141588296476029,11.18305353780904,-6.648922843991692,498.2991370187693,6881.70388921268,0.0010176834751160963,53.00844046242767,358.9476691243623,43.794517934257186,329.98567180513595
15 Jul 2026 05:26:00.000000000,6575.82512410049,1129.5357390891734,1659.4569995838292,-2.2250842394456654,4.410101035488791,5.798653213448932,-0.008071373027088921,-0.0013893620565097937,-0.002046526957933861,14.198407549645825,-4.492720669520235,498.5399870494625,6881.274935515057,0.001005145672763839,53.00709371103727,358.94719522215433,49.47391647678418,328.11522127814754
15 Jul 2026 05:27:00.000000000,6427.892995262506,1391.4517983995313,2003.4429003764092,-2.704159264409753,4.317224964897972,5.6633268647923485,-0.007888842602238532,-0.0017107053444990405,-0.002469714867461095,17.18819708361644,-2.2723842024194125,498.87011038445775,6880.757768102424,0.0009815656282679318,53.00546981845655,358.94647508055294,55.34722403132196,326.05114786289346
15 Jul 2026 05:28:00.000000000,6251.565550626082,1647.2211494847195,2338.553697792519,-3.171244883581491,4.205287159785065,5.502926772436438,-0.007671297483118855,-0.0020243886446820493,-0.002881821402140989,20.14586629753312,0.027894844457738873,499.28148285465585,6880.161542240854,0.0009478191250244971,53.00359728824457,358.94546481917166,61.44352833309164,323.7643757944072
15 Jul 2026 05:29:00.000000000,6047.6246157926635,1895.7146984858748,2663.3059995810872,-3.6242691921140335,4.074788757308844,5.318172536386687,-0.007419746684802159,-0.0023290111683592837,-0.0032810021156234573,23.064199489983473,2.425150254658795,499.76472612494706,6879.496815412707,0.0009049546902205142,53.00150902532454,358.9441256747743,67.80046917586367,321.21727429972117
15 Jul 2026 05:30:00.000000000,5816.974424610986,2135.8359157643345,2976.2628721295623,-4.0612254169484,3.926313610248642,5.109892530163862,-0.007135353663466464,-0.0026232183827321906,-0.0036654782004638202,25.935155657640678,4.937849950353314,500.3092875329342,6878.775358639913,0.0008541784297991379,52.99924175561895,358.9424246887468,74.4667202593008,318.36117549066734
15 Jul 2026 05:31:00.000000000,5560.637437350068,2366.5257119679204,3276.0402441994597,-4.480180969762469,3.760525322482336,4.8790197146576295,-0.0068194289486440355,-0.002905708340506517,-0.004033544774810613,28.749679354240964,7.586076502564447,500.90364009754535,6878.009946266276,0.0007968389433943517,52.996835377706766,358.9403352921824,81.50557818057106,315.1327851592499
15 Jul 2026 05:32:00.000000000,5279.749629256761,2586.767125074666,3561.313044996961,-4.879286036464902,3.578163919470502,4.6265869750237405,-0.006473422071783364,-0.0031752375027086113,-0.004383578475656561,31.497485965158468,10.391650458661537,501.53549876717574,6877.214128080519,0.0007344141029636426,52.994332257949054,358.93783777808255,89.00010363009639,311.4490414200219
15 Jul 2026 05:33:00.000000000,4975.555278503259,2795.589797440881,3830.8210491852756,-5.256781664807022,3.3800421849954003,4.353722023280187,-0.006098912920399223,-0.0034306260285830673,-0.004714044326357275,34.166822041110215,13.378150448786414,502.1920487348005,6876.4019879622165,0.0006685023126452301,52.99177648154777,358.93491965224115,97.06042049336814,307.19981550096304
15 Jul 2026 05:34:00.000000000,4649.401284616621,2992.0742237942936,4083.374404054782,-5.611007319407016,3.1670416966072743,4.061641910697616,-0.00569760264479713,-0.003670762518587426,-0.005023501862583293,36.7442059445272,16.570760624544675,502.86018150114313,6875.587893447908,0.0006008220641596668,52.989213072801704,358.93157585647515,105.8338576148741,302.23776992933625
15 Jul 2026 05:35:00.000000000,4302.731050107125,3175.3557530808766,4317.85881673197,-5.940407881109163,2.9401085926331345,3.7516471944613676,-0.005271304243921,-0.0038946082111284436,-0.005310610520009493,39.214161848108795,19.995845935510033,503.5267343143418,6874.786240743817,0.0005332250539581143,52.986687198384686,358.9278088601661,115.51826280997841,296.36504452819463
15 Jul 2026 05:36:00.000000000,3937.077959184222,3344.628329040568,4533.240381973847,-6.243540074892236,2.700249103246904,3.4251158024542923,-0.0048219329466577645,-0.004101200644624316,-0.005574134301738611,41.5589723990162,23.68012153789349,504.1787286501855,6874.0111997536305,0.00046772884140999175,52.98424336778772,358.92362861839393,126.37694467648828,289.31831467233775
15 Jul 2026 05:37:00.000000000,3554.058488196127,3499.1479563128255,4728.570033695861,-6.519078317266575,2.4485248770469608,3.083496638467501,-0.004351496494916412,-0.004289656807837816,-0.005812945758184299,43.758493292711044,27.649252476939854,504.80360351363885,6873.2764636483325,0.00040657093246964396,52.981924645129574,358.9190523973363,138.74741663229793,280.7600473768312
15 Jul 2026 05:38:00.000000000,3155.3649827977606,3638.235880712786,4902.9876058656455,-6.7658199800572945,2.1860481329352486,2.728302967818515,-0.003862085420965568,-0.0044591758111074565,-0.006026029324918545,45.79009670015763,31.925712057214792,505.3894395305253,6872.5950073826925,0.00035226465760850414,52.97977188634861,358.9141044699769,153.01952571841431,270.3003726772106
15 Jul 2026 05:39:00.000000000,2742.7581368413976,3761.2814740579847,5055.725490739286,-6.982690072530321,1.9139766649210992,2.3611056203505405,-0.0033558633930867014,-0.004609041116609708,-0.0062124840709868985,47.62883724372839,36.525774725355106,505.92517004868034,6871.978859365944,0.0003075707463726023,52.97782301534661,358.90881568746624,169.52785755447275,257.6046789120597
15 Jul 2026 05:40:00.000000000,2318.059207853971,3867.7448154726367,5186.111884501912,-7.168745347741096,1.6335087250406726,1.9835260444542346,-0.002835057688509604,-0.0047386223731848125,-0.00637152591969719,49.247955824279735,41.45566776309455,506.4007757693981,6871.438890228338,0.00027517273019534875,52.97611235196855,358.9032229336965,188.29291126440333,242.65243808603338
15 Jul 2026 05:41:00.000000000,1883.1420032964932,3957.1589625956008,5293.573612378351,-7.323177841985577,1.3458778067081971,1.5972292418554843,-0.002301949830392643,-0.004847376901339336,-0.006502489403643962,50.61983693646543,46.70719806124219,506.8074597736823,6870.984622296974,0.00025682100265934867,52.9746700037838,358.89736847277163,208.69117373877415,226.06713194360657
15 Jul 2026 05:42:00.000000000,1439.9246714271767,4029.1319072990377,5377.638526870025,-7.445317857828952,1.0523473481537966,1.2039166093168394,-0.0017588664085649082,-0.004934850875010703,-0.006604829016631462,51.717491037840205,52.25360089051909,507.13780018332955,6870.624063013354,0.0002522412272280762,52.97352133250121,358.8912992009367,229.46603837051913,209.1053336107021
15 Jul 2026 05:43:00.000000000,990.3613297738251,4083.348211667798,5437.937474294404,-7.534636401895392,0.7542053727602693,0.8053187095883869,-0.0012081700859859817,-0.005000680246010674,-0.006678120223873136,52.516524492812486,58.04680892449249,507.3858780970675,6870.363565096009,0.00025892685240488006,52.97268650452202,358.8850658162454,249.35090754742873,193.03360551532555
15 Jul 2026 05:44:00.000000000,536.4335635936479,4119.570320902843,5474.2058260178665,-7.590747088145843,0.4527590805989796,0.4031879905997256,-0.0006522507743399266,-0.005044591448918744,-0.006722060180562529,52.99738866457961,64.01754325520604,507.5473788590567,6870.207715785039,0.0002733205950784357,52.972180133633856,358.87872192072984,267.70128546556145,178.4964070164378
15 Jul 2026 05:45:00.000000000,80.1418260702973,4137.639550601701,5486.284571818881,-7.613407516029226,0.1493294032453787,-0.0007085310499513859,-9.35169504677389e-05,-0.0050664019218755124,-0.006736468205504103,53.14751701385925,70.07925420770663,507.61966514627113,6870.159257007365,0.0002922725331158135,52.97201102220674,358.87232307103994,284.5151132371849,165.4957597603895
15 Jul 2026 05:46:00.000000000,-376.5032285175368,4137.4767465357345,5474.120973697963,-7.60252013078364,-0.15475446782413294,-0.4045966085752983,0.00046561292749005943,-0.005066020467429239,-0.006721286041076701,52.962860728694096,76.13586377611418,507.6018207976122,6870.219037779755,0.00031374040983978913,52.97218200549225,358.8659257944258,300.09723849387996,153.72677855683605
15 Jul 2026 05:47:00.000000000,-831.4894477891074,4119.082615619062,5437.768779207899,-7.558132570483352,-0.45816057021305756,-0.8067021133472456,0.0010227189523860014,-0.005043447470119029,-0.006676577920605089,52.448411109810515,82.09183981313964,507.4946647486048,6870.385999629162,0.0003367956932291693,52.97268990178712,358.85958658757716,314.7874409141234,142.8496463370976
15 Jul 2026 05:48:00.000000000,-1282.8118897267163,4082.537727281416,5377.387994060764,-7.480437501392207,-0.7595596685874828,-1.2052583817968106,0.0015753883010888045,-0.004998774977251418,-0.006602530450402672,51.61755820335681,87.86213231322289,507.30073487840616,6870.657195262174,0.0003613494910288146,52.97352556933245,358.8533609161069,328.84147536468976,132.60857149768722
15 Jul 2026 05:49:00.000000000,-1728.4815059951773,4028.002184944583,5293.244214413628,-7.369771940008209,-1.057630753399849,-1.5985135496429541,0.002121223820996162,-0.004932186638048354,-0.006499452298642896,50.49046968538619,93.37956359719188,507.02424201924435,6871.02784016631,0.00038782995327504117,52.974674068913984,358.8473022324983,342.40440172687386,122.85845855067548
15 Jul 2026 05:50:00.000000000,-2166.5337691022814,3955.7149678282904,5185.707519943365,-7.226616057166485,-1.3510665313946006,-1.9847378612073237,0.002657852717999751,-0.004843957486556015,-0.00636777367021395,49.09191939341089,98.59834584465398,506.6709948206297,6871.491396279735,0.00041688177811736733,52.97611492924396,358.84146102992514,355.524018995281,113.55147448430823
15 Jul 2026 05:51:00.000000000,-2595.037212322414,3865.9929438472104,5055.25092954093,-7.051591456807478,-1.6385788980015439,-2.3622309402311186,0.0031829353875829957,-0.0047344535452392604,-0.006208045535541645,47.449051798150926,103.49381694476054,506.24829659989825,6872.039686332571,0.0004491091663789283,52.977822510372626,358.83588394881576,8.18048812608896,104.70742635095064
15 Jul 2026 05:52:00.000000000,-3012.1018504941176,3759.229555031001,4902.448422369503,-6.845458919909215,-1.9189043798279874,-2.7293290060450563,0.003694174418535455,-0.004604131216111202,-0.00602093856825335,45.58945652038922,108.05949547858431,505.76481574484114,6872.663036946007,0.00048488093885419147,52.979766458632,358.8306129519349,20.320661522458664,96.37943218672774
15 Jul 2026 05:53:00.000000000,-3415.8874493361186,3635.893177647121,4727.972528056112,-6.609115602654596,-2.190809533435732,-3.0844120161677155,0.0041893237859290024,-0.004453536421061449,-0.005807241739969947,43.53974156569526,112.30285716765935,505.23043165985473,6873.35044808549,0.0005242141152984028,52.98191224498687,358.82568458268645,31.88863363413543,88.62337077970248
15 Jul 2026 05:54:00.000000000,-3804.611610176843,3496.525160117695,4532.591491029795,-6.343591677421284,-2.453096284031904,-3.4259107130008775,0.0046661982325490485,-0.0042833034463551425,-0.005567860512089424,41.324628064210415,116.24098976404316,504.65605866014835,6874.089786005088,0.0005667379709615298,52.98422177718803,358.8211293197104,42.846339076474884,81.47728387547109
15 Jul 2026 05:55:00.000000000,-4176.557636319084,3341.7375428786263,4317.166015471746,-6.050046405714532,-2.7046071849787587,-3.7523135486502994,0.0051226828207652335,-0.004094153444753385,-0.005303814562972638,38.96648753015967,119.89682409791428,504.05345061321606,6874.867996402436,0.0006117227114087926,52.98665407481525,358.81697103922977,53.182275632383615,74.95265345161565
15 Jul 2026 05:56:00.000000000,-4530.082146629484,3172.210465567679,4082.6455990257855,-5.729763633812479,-2.9442305761669463,-4.062173458148659,0.0055567426180285545,-0.0038868925479576765,-0.005016234988489309,36.48520437376773,123.29621980806292,503.4349894963709,6875.67133413248,0.0006581469593952543,52.9891659951892,358.81322659456526,62.91066313247469,69.03524306144799
15 Jul 2026 05:57:00.000000000,-4863.622401466072,2988.689268324431,3830.064465324588,-5.384146704666841,-3.1709056165064218,-4.354114447701347,0.005966432460223738,-0.0036624095436872963,-0.004706360916675747,33.89824996275307,126.46590838498034,502.8134613752429,6876.485605513141,0.0007047795820921545,52.99171299723598,358.80990552024315,72.06532375504443,63.69121770209959
15 Jul 2026 05:58:00.000000000,-5175.703305771519,2791.98129555378,3560.537107509313,-5.014712783494651,-3.3836271631622026,-4.626837961200345,0.00634990671787912,-0.0034216730754620455,-0.004375535482925143,31.220877287630046,129.43216053064975,502.20182360165256,6877.2964190021785,0.0007502594114978674,52.99424992972898,358.8070098658502,80.69214606963165,58.87467988081124
15 Jul 2026 05:59:00.000000000,-5464.944054146599,2582.9524122220955,3275.2534572330287,-4.623086599433338,-3.5814504678670263,-4.879128985345327,0.006705428976912291,-0.0031657283318708967,-0.004025201124166807,28.466371986265173,132.22000516863264,501.61296727031527,6878.089439840692,0.000793165042923544,52.99673182991306,358.8045341624682,88.84246262497199,54.534292077207844
15 Jul 2026 06:00:00.000000000,-5730.064383038143,2362.523244595008,2975.473696103268,-4.210993611490236,-3.7634956588078166,-5.109861851448508,0.007031381526624613,-0.0028956931974726224,-0.003656894158330363,25.64631864124213,134.85283876774642,501.0594791523514,6878.850644149529,0.0008320728633517138,52.99911471834898,358.8024655221616,96.56822191848443,50.61810476406127
15 Jul 2026 06:01:00.000000000,-5969.890395873218,2131.665159256516,2662.522729096449,-3.780252613644374,-3.9289519753216884,-5.318005690524159,0.007326274541023634,-0.002612753851036824,-0.003272238633635977,22.770858569391333,137.3522948633939,500.5534074296086,6879.566567935832,0.0008656044096532512,53.00135637590116,358.80078386867547,103.91894666401397,47.07659807046151
15 Jul 2026 06:02:00.000000000,-6183.359928084957,1891.3959962431811,2337.7843421109565,-3.3327678011620456,-4.077081722037983,-5.502629497700485,0.0075887548292286255,-0.0023181598068301775,-0.0028729394459989423,19.8489270657917,139.7382776904004,500.1060355788825,6880.224546520956,0.0008924650434477437,53.00341708912646,358.79946229513087,110.94009898808606,43.864316458791826
15 Jul 2026 06:03:00.000000000,-6369.527420537707,1642.7755741336123,2002.6950684580702,-2.8705203277400195,-4.207223909249205,-5.662906762428042,0.007817614026391468,-0.0020132184076443196,-0.0024607747401863373,16.888465459167776,142.02909324515414,499.7276686918899,6880.81294004155,0.0009114757926713835,53.00526035090104,358.79846754223814,117.67241230417751,40.94053666864219
15 Jul 2026 06:04:00.000000000,-6527.568271880749,1386.9009868969558,1658.7377916626797,-2.39555939074697,-4.318797547230533,-5.798119622442741,0.008011796100643679,-0.0016992887928199136,-0.0020375876296394703,13.896607681537953,144.24163379538953,499.4274363603979,6881.32134089985,0.0009215997291559164,53.00685350393364,358.79776058851166,124.15182197532194,38.269336820880774
15 Jul 2026 06:05:00.000000000,-6656.782642832416,1124.9017142081075,1307.4351143891872,-1.9099928893571707,-4.4113045639542765,-5.9076625019896385,0.00817040405007556,-0.001377775375730977,-0.0016052772849128964,10.879843417805235,146.39158823451834,499.21311600420944,6881.7407593479165,0.0009219637600293111,53.00816831584218,358.7972973418691,130.40973092526403,35.819330526086766
15 Jul 2026 06:06:00.000000000,-6756.598688314781,857.9345686846635,950.3425255665471,-1.4159777074825002,-4.484332318174166,-5.991045198393222,0.0082927056786703,-0.001050120880178063,-0.0011657894599431473,7.84416105192631,148.49366196446434,499.0909801740673,6882.063783777557,0.0009118763278039467,53.00918147569861,358.7970294203701,136.47343867669883,33.56323752398458
15 Jul 2026 06:07:00.000000000,-6826.575196675647,587.1785051048108,589.0413997957493,-0.9157096799010336,-4.537555683110623,-6.047895385607088,0.008378138348076915,-0.0007177989954151527,-0.0007211065389285007,4.79517408287887,150.56179750545397,499.06567092603945,6882.284712746422,0.0008908412568336985,53.0098750033493,358.7969050081469,142.36663120928765,31.477393467054714
15 Jul 2026 06:08:00.000000000,-6866.403618919213,313.8293180237341,225.1318648331898,-0.4114133055937127,-4.570738679907213,-6.07796050878566,0.008426312620583623,-0.0003823067207946986,-0.00027323720084335314,1.7382347755641376,152.60939188763712,499.1401038478403,6882.399656293724,0.0008585678323295835,53.01023656437298,358.79686977138863,148.1098763916638,29.541254100541693
15 Jul 2026 06:09:00.000000000,-6875.909474849021,39.09425533350874,-139.77442569514741,0.09466872312910385,-4.583735644531672,-6.0811090500577585,0.00843701472793197,-4.5156479334320634e-05,0.00017579419086115398,-1.3214612595546587,154.64950991849264,499.31540373124903,6882.406604674005,0.0008149771243644871,53.010259685213775,358.7968678181058,153.72110175792997,27.736917075261076
15 Jul 2026 06:10:00.000000000,-6855.0531272469,-235.81342386841519,-504.06157621445186,0.6002861037883158,-4.576491916755383,-6.05733115238216,0.008410207819829965,0.00029213191432715457,0.0006239583581409301,-4.378775980475651,156.6950942291169,499.5908732443781,6882.305463253312,0.0007602045489134263,53.009943864796234,358.7968426847568,159.21605543273137,26.048660596348626
15 Jul 2026 06:11:00.000000000,-6803.929919587188,-509.6799182046196,-866.1167510581566,1.1031915452441141,-4.549044045116979,-6.006738595444519,0.008346031970860819,0.0006280393415623368,0.0010692319176085474,-7.4285318387465225,158.75917396104802,499.9639952789245,6882.098052953937,0.0006945986724648469,53.00929458075994,358.7967383322756,164.60877639318727,24.46247272712555
15 Jul 2026 06:12:00.000000000,-6722.76967723981,-781.2963506447855,-1224.3374554203588,1.6011513530063797,-4.501519507216354,-5.929564124813574,0.00824480294863765,0.0009610554319758883,0.0015096081077623589,-10.465413273610316,160.8550742761689,500.4304689510112,6881.788076289146,0.0006187163032349513,53.008323190307756,358.7965001339673,169.91214452357283,22.96550089969218
15 Jul 2026 06:13:00.000000000,-6611.935576561335,-1049.4642038660959,-1577.1387568577404,2.0919559046256864,-4.4341359501348805,-5.826160142806836,0.008107009768160981,0.0012896864901618542,0.0019431073153152653,-13.483863308738744,162.99662862989635,500.9842785382842,6881.381049680348,0.0005333139619063823,53.00704672751928,358.79607583785844,175.13869269375832,21.54523940872133
15 Jul 2026 06:14:00.000000000,-6471.922390626509,-1313.0006958360605,-1922.9604095097716,2.573429943671609,-4.347199961080676,-5.6969967765159275,0.007933311080270943,0.0016124632105701878,0.0023677872865885538,-16.477971703550093,165.19839488853302,501.6177939615533,6880.884203384125,0.00043933588425372353,53.00548760079579,358.7954164866231,180.30221828017608,20.187917476963054
15 Jul 2026 06:15:00.000000000,-6303.354124534797,-1570.7440678582598,-2260.273844325317,3.0434426243493578,-4.241105383367126,-5.542659345014406,0.007724530466331474,0.0019279481006480113,0.0027817529198066473,-19.441351002015296,167.47587470624293,502.3219007842783,6880.306350959099,0.0003378987829720726,53.00367319585556,358.79447727889914,185.4221422699925,18.874139758747805
15 Jul 2026 06:16:00.000000000,-6106.981057157972,-1821.5587583814083,-2587.5889900792185,3.499917243570633,-4.116331197402485,-5.363845253733235,0.007481650725174326,0.0022347425401530287,0.0031831655443395938,-22.3669967454008,169.84573275651684,503.086157124949,6879.657730760675,0.00023027375022941415,53.00163539134661,358.79321835694657,190.54026359377065,17.562131642751563
15 Jul 2026 06:17:00.000000000,-5883.6762098143945,-2064.340437167944,-2903.460891788649,3.9408406030842054,-3.9734389903859304,-5.161360349185912,0.007205807257998056,0.002531493415196414,0.0035702516079110006,-25.24712818008346,172.32600788887112,503.89897437034836,6878.949822454188,0.00011786670300649366,52.99940999566997,358.79160550682707,195.83527783580104,16.07322021083969
15 Jul 2026 06:18:00.000000000,-5634.431265600541,-2298.020875954757,-3206.4960952520496,4.364271950920937,-3.8130700417566836,-4.936114771524171,0.006898280667737176,0.0028168992772312175,0.003941310708293001,-28.07300618292852,174.93630126175245,504.7478181522769,6878.195141972947,2.621807375794978e-06,52.99703611497509,358.7896107589143,233.98343235222947,341.73117882821487
15 Jul 2026 06:19:00.000000000,-5360.351965942924,-2521.5726334379187,-3495.358768774933,4.768351458665678,-3.6359420540642304,-4.689118345712066,0.006560488697305668,0.003089715989649564,0.004294722922889374,-30.834726149462686,177.69791592555828,505.6194257152672,6877.407018710641,0.00011519159263683166,52.994555463484176,358.78721287824555,24.146227935576427,195.37452523089252
15 Jul 2026 06:20:00.000000000,-5062.653013318031,-2734.0135342566296,-3768.7765356578334,5.15130819871134,-3.4428455607585646,-4.421475554359733,0.0061939776372731984,0.0033487618388880745,0.0046289554086354785,-33.52098572503443,-179.36609308479376,506.50003556132975,6876.599359021911,0.00023256214647828394,52.992011628298044,358.7843977362102,29.326677544384257,194.00026259557234
15 Jul 2026 06:21:00.000000000,-4742.6525110123475,-2934.4109235727155,-4025.545993638913,5.5114675934139985,-3.234640043428968,-4.134380136437262,0.005800413329433554,0.003592922098649735,0.0049425682600972125,-36.118831227885735,-176.23102059177174,507.37562511086804,6875.786400306607,0.00034826927488372766,52.98944930161929,358.78115855712264,34.222327569740216,192.91085812309458
15 Jul 2026 06:22:00.000000000,-4401.765972256733,-3121.8856808046644,-4264.537900142435,5.847258315706992,-3.012249791250928,-3.8291093562136664,0.005381571893936129,0.003821153051129087,0.00523421963401497,-38.613393424267706,-172.87085564570268,508.2321520640458,6874.9824600725005,0.00046062436278977226,52.986913493885346,358.77749603544885,39.02305702277606,191.91644375338146
15 Jul 2026 06:23:00.000000000,-4041.4999320815937,-3295.615978026886,-4484.702004825801,6.157218628004546,-2.7766595348752103,-3.5070179858887323,0.004939330294581006,0.004032485479056885,0.005502670161596149,-40.987634226473915,-169.2589922394031,509.05579517842574,6874.201684408024,0.0005679680494849591,52.9844487416239,358.7734183217158,43.76843229023614,190.9774613658373
15 Jul 2026 06:24:00.000000000,-3663.445195834623,-3454.84077044173,-4685.071513480583,6.440002152904921,-2.528909885778789,-3.1695320436032843,0.0044756568486235705,0.004226027654729855,0.005746786685924897,-43.222142135305106,-165.3694621206764,509.83319028955594,6873.45780025449,0.0006686967748056851,52.98209832392321,358.768940877423,48.47305091209011,190.07931901131104
15 Jul 2026 06:25:00.000000000,-3269.2697585099654,-3598.863008140949,-4864.7671697819305,6.694383075104948,-2.2700926102771875,-2.818142325940346,0.003992601771851109,0.004400967860957703,0.00596554537335028,-45.29503632960643,-161.17886093211325,510.5516575817044,6872.763875749441,0.0007612898204286016,52.97990350124761,358.76408620155496,53.14417437083513,189.2147581851601
15 Jul 2026 06:26:00.000000000,-2860.7114289628307,-3727.052560043637,-5023.000943626352,6.919260778867173,-2.001345765115087,-2.454397770868155,0.0034922878320600673,0.004556576485399384,0.0061580342560221225,-47.182065447161534,-156.66910946049268,511.1994163567884,6872.132092725917,0.0008443351739587156,52.97790278992878,358.7588834335684,57.78610451396769,188.37947751777548
15 Jul 2026 06:27:00.000000000,-2439.5701925702383,-3838.84884247407,-5159.079316913119,7.1136639293508,-1.7238487187988785,-2.079898683299363,0.0029769011663578317,0.004692207734873685,0.006323455269061726,-48.857010851925445,-151.83107473746745,511.7657838404655,6871.573535201939,0.0009165536431761128,52.976131285029936,358.7533678398474,62.40162405402592,187.57069243635235
15 Jul 2026 06:28:00.000000000,-2007.7003455488282,-3933.7631461261262,-5272.406159349996,7.276754008725517,-1.4388170800953008,-1.6962898517184748,0.002448682299183979,0.004807301019883085,0.006461125850450613,-50.292511751373375,-146.66882564565802,512.2413548944937,6871.097997387546,0.0009768207853460365,52.97462004343158,358.74758019265704,66.99254693132639,186.78658500785673
15 Jul 2026 06:29:00.000000000,-1567.00243316745,-4011.380656442792,-5362.485188565841,7.407828319740738,-1.1474975519756692,-1.3052535800891762,0.001909917376897559,0.004901382057888012,0.006570480168758565,-51.46139944520662,-141.2039019169667,512.6181598665811,6870.713814380091,0.001024186274676225,52.97339553792771,358.74156605251,71.55992943042881,186.0260930688786
15 Jul 2026 06:30:00.000000000,-1119.415023475989,-4071.362163391007,-5428.922010083969,7.506322469766133,-0.8511627264797399,-0.9085026554977979,0.0013629296175250345,0.004974063743149686,0.006651070042627579,-52.33853783674936,-135.47851580222238,512.8897981929263,6870.427718320414,0.0010578903814516965,52.9724791918807,358.73537496653853,76.10411825791586,185.28886242920208
15 Jul 2026 06:31:00.000000000,-666.9063473371298,-4113.445457478197,-5471.425733855821,7.571812347738143,-0.5511058332222559,-0.5077732683277254,0.0008100709567581222,0.005025046825755184,0.006702565608334086,-52.90301177660241,-129.55631025483055,513.051545769306,6870.244722348018,0.0010773772900454421,52.971887002574064,358.72905959691406,80.62469270452426,184.57530502043213
15 Jul 2026 06:32:00.000000000,-211.46583484441956,-4137.446409545316,-5489.8101649604905,7.604015604862823,-0.24863545187977518,-0.10481789862031485,0.0002537138564991229,0.005054120436118999,0.006724755783059924,-53.140319815531434,-123.51949375985753,513.1004345177593,6870.168034231699,0.001082305041930704,52.97162925985318,358.7226747945945,85.12030886698277,183.88675500809381
15 Jul 2026 06:33:00.000000000,244.9044223770585,-4143.259732431394,-5483.994566811347,7.602792647539895,0.05492980295152679,0.29860182026265164,-0.00030375676947192956,0.005061162483187269,0.006717548560260276,-53.044099052954934,-117.46206582617026,513.0353029940238,6870.199001066939,0.001072551955374424,52.971710364981696,358.71627663460333,89.58842298446753,183.2257458056536
15 Jul 2026 06:34:00.000000000,700.1982539206895,-4130.859423065079,-5454.003995812527,7.568147147969099,0.35826661756835265,0.7007222513783927,-0.0008599515669489139,0.005046139945847519,0.0066809711616500145,-52.61693567251045,-111.4802241349724,512.8568173029772,6870.337085931921,0.001048219447528173,52.97212875289262,358.7099214297666,94.02483758623744,182.59646428697
15 Jul 2026 06:35:00.000000000,1152.4140095690987,-4100.298883929119,-5399.969206920796,7.50022607448289,0.6600523295150411,1.0997849090711793,-0.0014124847488578933,0.005009109064869149,0.006615170053859414,-51.87003105984617,-105.66221897671024,512.5674620136123,6870.579876882556,0.0010096312723682501,52.97287691920947,358.70366474014355,98.42296186509488,182.0054907755335
15 Jul 2026 06:36:00.000000000,1599.563145611844,-4051.7107232095527,-5322.126130054307,7.399319240065156,0.9589702865188164,1.494043610797846,-0.0019589821592054264,0.00495021543490065,0.006520410827317428,-50.82181983713865,-100.0801657792872,512.1715011903052,6870.923128152537,0.0009573293006015002,52.973941551584666,358.69756039554363,102.77258031969488,181.4630307598807
15 Jul 2026 06:37:00.000000000,2039.6787696059582,-3985.3062332977242,-5220.814917763015,7.265858363946926,1.253715207707309,1.8817716171944332,-0.00249708945053444,0.0048696939822355755,0.0063970779165045556,-49.49591559830571,-94.78547914857059,511.67491008250767,6871.36083291023,0.0008920661335829839,52.975303763081016,358.69165954822205,107.05772488991376,180.985043104957
15 Jul 2026 06:38:00.000000000,2470.8241140038913,-3901.3745477420402,-5096.478565168048,7.100415637953173,1.5429985395690284,2.2612687498989015,-0.0030244804255205354,0.004767868806317051,0.006245674130580017,-47.91886895585317,-89.8081999786889,511.08527843921377,6871.885326416796,0.0008147951332734925,52.976939423540024,358.6860097723993,111.25280761169316,180.59710772496217
15 Jul 2026 06:39:00.000000000,2891.1009087237735,-3800.281477227779,-4949.661103831976,6.903701786498363,1.8255537976204124,2.630868474564777,-0.003538865582705768,0.004645152852230589,0.00606681994932432,-46.11814912684653,-85.15933050784456,510.4116868362059,6872.487417935093,0.000726659058570948,52.97881958316613,358.68065422638585,115.31512088257429,180.34192562081338
15 Jul 2026 06:40:00.000000000,3298.6576218656014,-3682.4680257787004,-4781.005372077603,6.6765636071127314,2.100141882490056,2.9889449334210796,-0.004038000893282797,0.004502047374639521,0.005861252530739858,-44.12058650060232,-80.83480623502436,509.66455782098467,6873.1565492627715,0.0006289800143490008,52.98091098094236,358.67563089204594,119.16902834868219,180.29512826512115
15 Jul 2026 06:41:00.000000000,3691.697536984958,-3548.4485891238473,-4591.250365307704,6.419980977228855,2.3655563565730833,3.333919908284175,-0.0045196968202179085,0.0043391411475452125,0.005629824368964674,-41.95133809997966,-76.81986008535424,508.85548408822444,6873.880977311046,0.0005232578943208876,52.983176629003985,358.6709719049661,122.66876798889064,180.60247475352915
15 Jul 2026 06:42:00.000000000,4068.4866344586,-3398.808838087977,-4381.228171143116,6.135063312834098,2.620628664519788,3.664269691062687,-0.004981827571430315,0.00415710936871242,0.005373501534531589,-39.63331868005338,-73.09296055062796,507.99703629385726,6874.647977731596,0.00041120051295132586,52.985576462761365,358.6667029871396,125.49665168259095,181.58165243118083
15 Jul 2026 06:43:00.000000000,4427.361243631315,-3234.2032909572526,-4151.860495701594,5.823045465588359,2.864233277762627,3.9785318347455685,-0.005422340561745181,0.003956712208434619,0.0050933614306129,-37.18698688157436,-69.6289462893641,507.10255349099333,6875.444066212565,0.0002948828397880475,52.98806804540448,358.66284299219,126.81514348289303,184.0701987684213
15 Jul 2026 06:44:00.000000000,4766.735431684528,-3055.352580050629,-3904.1547890913607,5.4852830471702125,3.0952927401918124,4.2753117538095236,-0.005839266036790983,0.0037387929507128005,0.00479058999757176,-34.630370365281955,-66.40129399591277,506.1859195193573,6876.2552337303,0.00017764964391560572,52.990607314457876,358.6594035711932,123.557273207862,191.13508786989266
15 Jul 2026 06:45:00.000000000,5085.108094585001,-2863.0404191896664,-3639.1999801845213,5.123247172950158,3.3127825891080556,4.553289139119901,-0.006230726794098896,0.0035042756795114634,0.004466478304957778,-31.979232895761534,-63.38362512213322,505.2613289920003,6877.067191762155,7.414033949366044e-05,52.993149357305604,358.6563889650398,94.54225455899626,223.9571124054579
15 Jul 2026 06:46:00.000000000,5381.069715129716,-2658.110280389287,-3358.1618329474904,4.738518621547603,3.515736122861287,4.811224148921734,-0.006594947917202325,0.003254162467077566,0.0041224184764584,-29.247312626070677,-60.55061784933462,504.3430467897578,6877.865623245389,9.844536328875343e-05,52.995649202083705,358.6537959271074,9.552074452120497,312.75429427635487
15 Jul 2026 06:47:00.000000000,5653.308753057235,-2441.461789879676,-3062.277939009164,4.332781412321123,3.703248984251658,5.047963334604398,-0.0069302664247639974,0.0029895300306056276,0.0037598989063429397,-26.44658506230782,-57.87848995655295,503.4451651842629,6878.636434914051,0.00020824102544879123,52.99806261005161,358.65161377769624,353.7472603771567,332.3661171996438
15 Jul 2026 06:48:00.000000000,5900.617632511737,-2214.04685548027,-2752.8523637023636,3.9078158092271855,3.874483526962818,5.262445257739104,-0.007235140719497744,0.002711525830840781,0.0033804987361902286,-23.587522940697042,-55.34519075356561,502.581362854688,6879.366006566913,0.0003226598143918716,53.00034685551105,358.6498245893701,352.5383624570542,337.3820445411702
15 Jul 2026 06:49:00.000000000,6121.898292869745,-1976.8655393435579,-2431.249965471695,3.465490766582331,4.028672931124223,5.453705753570391,-0.007508159715671153,0.002421363600134642,0.0029858815796402777,-20.679338297418912,-52.93040638850249,501.764670131688,6880.041432818682,0.00043366441901870076,53.00246147954075,358.6484035000895,354.5905892701948,339.13688333418645
15 Jul 2026 06:50:00.000000000,6316.167270101721,-1730.9616921433394,-2098.890411244762,3.0077558398781337,4.165125033636218,5.620882795800758,-0.007748051513800455,0.002120318297958961,0.0025777884969739465,-17.730200402399397,-50.61545214155945,501.00724478583993,6880.650752968135,0.0005386715673367853,53.004369004257796,358.6473191487043,357.8728817263492,339.66171019596646
15 Jul 2026 06:51:00.000000000,6482.56027747375,-1477.4183668322223,-1757.241913054425,2.5366325926795836,4.28322583921945,5.76322091821389,-0.007953691491167739,0.001809720506606944,0.0021580302412373014,-14.747428265153287,-48.38310097731469,500.3201625713966,6881.183164782787,0.0006359795447753,53.00603559499053,358.64653422528426,1.7656678725334132,339.57611626936756
15 Jul 2026 06:52:00.000000000,6620.336256497255,-1217.3530321099863,-1407.8147138100662,2.0542055385477833,4.38244267928546,5.880075150475321,-0.008124109677248532,0.0014909502928317291,0.001728478814643894,-11.737659231240782,-46.217379760848566,499.71322653443775,6881.629218248963,0.0007242301071252011,53.007431658647626,358.646006126682,6.020948480831723,339.1281213414431
15 Jul 2026 06:53:00.000000000,6728.88087160596,-951.9126076637331,-1052.154352587327,1.5626126646058365,4.462326987685262,5.970914428322361,-0.008258497289915095,0.0011654305749840086,0.0012910583922699425,-8.70699661259879,-44.10335207408336,499.1947987978881,6881.980985667841,0.0008023012311149037,53.00853236767291,358.64568770588915,10.522938806591524,338.43353175562373
15 Jul 2026 06:54:00.000000000,6807.70942505541,-682.2683450213262,-691.8347420669597,1.0640355905571754,4.522516665146125,6.035324442270348,-0.00835621231663804,0.0008346200477806177,0.0008477356863942154,-5.661139909202812,-42.026898182455945,498.7716581456942,6882.232204886233,0.0008692840654967961,53.0093181002726,358.6455281020506,15.212875174079326,337.5511334660269
15 Jul 2026 06:55:00.000000000,6856.469171964265,-409.6105794527793,-328.45109275642466,0.5606894234367775,4.56273800770123,6.073009893832399,-0.008416784042269369,0.0005000057291887523,0.00040050984064250245,-2.6055013551570267,-39.974497229949044,498.44888625236524,6882.378392930531,0.0009244811319801021,53.00977478906201,358.64547363657886,20.060311289877394,336.51139533982666
15 Jul 2026 06:56:00.000000000,6874.941019199865,-135.1433797152893,36.38727969216595,0.054812373897808,4.582807178569542,6.083796133964187,-0.008439916439161341,0.0001630952033238254,-4.8598044864253634e-05,0.45468751058232865,-37.933013276496624,498.22978485034156,6882.416927852167,0.0009674095883732501,53.009894171885286,358.645468759622,25.050638853451467,335.32894814498485
15 Jul 2026 06:57:00.000000000,6863.040595889238,139.920876462353,401.0642264313428,-0.451344795762449,4.582631207646358,6.067630164851302,-0.008425490357137288,-0.00017459135815307706,-0.0004975556455590573,3.514275652974165,-35.88948468931064,498.115825510874,6882.347097184604,0.0009978043420112964,53.00967394027814,358.64545703021275,30.179190657855273,334.0084810374592
15 Jul 2026 06:58:00.000000000,6820.818687641575,414.36697245915246,763.964078076543,-0.9555294185148125,4.562208507893035,6.0245809930839185,-0.008373564472733394,-0.0005115293079722128,-0.0009443302829317638,6.568095231106845,-33.83091523056371,498.106633049303,6882.17011204054,0.0010156190702571254,53.00911778284711,358.64538211280325,35.44835881906123,332.5476229167422
15 Jul 2026 06:59:00.000000000,6748.4610310184935,686.9823392267832,1123.4789590132139,-1.4554975893892097,4.521628903321917,5.954839329517405,-0.008284374980609363,-0.0008461976767733518,-0.0013868998108907285,9.610863722179873,-31.744064695338366,498.20000287167653,6881.8890865309095,0.0010210243864793192,53.00823532269304,358.6451887726022,40.86626185780002,330.93827493329786
15 Jul 2026 07:00:00.000000000,6646.28746930044,956.5625288037344,1478.016064228907,-1.9490247767858533,4.461073168806024,5.858716638493451,-0.008158334035155163,-0.0011770872759113793,-0.0018232633952810808,12.63708201808615,-29.615237036931408,498.3919518758737,6881.508982849177,0.0010144029098504463,53.00704194988025,358.64482385209766,46.44632022341274,329.1670345658366
15 Jul 2026 07:01:00.000000000,6514.750475086823,1221.9166457195506,1826.004859917065,-2.433916304094369,4.380812087445078,5.736643546385462,-0.00799602697288603,-0.0015027086589755468,-0.002251452067019422,15.640924958821069,-27.430064591956285,498.6768018271808,6881.036523020399,0.0009963412870255632,53.00555855181493,358.6442372114608,52.207465508987994,327.21498602643896
15 Jul 2026 07:02:00.000000000,6354.433049646524,1481.8727076367786,2165.904169900725,-2.9080176299643865,4.281205036530795,5.589167626426187,-0.007798208369609334,-0.001821599855993755,-0.002669538935753151,18.61612065424679,-25.173288437889383,499.0472934650283,6880.480068948917,0.0009676194262615109,53.00381114620853,358.6433826161524,58.174895628220156,325.05694473012034
15 Jul 2026 07:03:00.000000000,6166.046013125811,1735.2829073895732,2496.209111124208,-3.3692243594289666,4.162698118126875,5.41695058328284,-0.007565797007416947,-0.00213233380107377,-0.003075648960928576,21.555814845512447,-22.828537386577878,499.49472898283244,6879.849472997759,0.0009291974077557371,53.00183042303794,358.6422185559684,64.38140670777148,322.6601250816503
15 Jul 2026 07:04:00.000000000,5950.424703647187,1981.0287496749631,2815.457843036052,-3.8154919231169866,4.025821854777778,5.220764866686427,-0.007299869844702627,-0.0024335253834564946,-0.0034679681895547444,24.452416563459494,-20.378112134074577,500.00913997241645,6879.155901883989,0.0008822007719765491,52.99965120353776,358.64070898092825,70.86943233792509,319.98210094292676
15 Jul 2026 07:05:00.000000000,5708.525106926194,2218.0260370123174,3122.238097587833,-4.24484486782601,3.8711884747602388,5.00148974844686,-0.007001655095473835,-0.0027238380621130336,-0.0038447523840401373,27.297421615998694,-17.802787380858838,500.5794774514039,6878.411637163329,0.0008279052063179793,52.99731182574444,358.63882394092843,77.69402985652432,316.9678191113681
15 Jul 2026 07:06:00.000000000,5441.419441249903,2445.2296811415363,3415.1934587491273,-4.655385708532621,3.699488814513001,4.760106901275742,-0.006672524538702731,-0.0030019899969678703,-0.004204334980973881,30.081211249805413,-15.081654309261465,501.1938202066198,6877.629855999016,0.000767722112638658,52.99485346742965,358.63654011768057,84.92718930771481,313.545290172508
15 Jul 2026 07:07:00.000000000,5150.2912254441835,2661.6383177816483,3693.0293628361655,-5.045303299292197,3.5114888683314827,4.497695520905765,-0.006313985182657051,-0.00326675966225306,-0.004545134338408364,32.7928251155333,-12.192039909517966,501.83959739416827,6876.824396251607,0.0007031872343348743,52.99231941838668,358.6338412394636,92.66400830276261,309.6194135034175
15 Jul 2026 07:08:00.000000000,4836.429859796362,2866.2987045241753,3954.51879350339,-5.412880688136712,3.3080260170807554,4.21542703499644,-0.005927670413529453,-0.00351699092129771,-0.004865660247661238,35.419711078651055,-9.109559607894724,502.50382114104445,6876.009510186575,0.0006359555646302726,52.989754314948755,358.6307183712138,101.03143757007793,305.0632316428171
15 Jul 2026 07:09:00.000000000,4501.224751770605,3058.309883580032,4198.507647892373,-5.75650242879042,3.090004968530856,3.914559443242071,-0.00551533075507297,-0.003751597554975109,-0.005164519702735176,37.94746040261516,-5.808386339425101,503.1733247923364,6875.199611270514,0.0005678072057067144,52.9872033503041,358.6271700747465,110.20027843267775,299.7059327916901
15 Jul 2026 07:10:00.000000000,4146.1590197733085,3236.8270930553504,4423.919753105448,-6.074661329513364,2.8583934419978183,3.5964313329850692,-0.005078824361810899,-0.003969567249403881,-0.005440421938275216,40.359546609100484,-2.261851833883563,503.83500243870293,6874.409018613436,0.0005006703560906532,52.984711474617384,358.62320243612464,120.40029196132171,293.3177416972056
15 Jul 2026 07:11:00.000000000,3772.8028091935626,3401.0654123905283,4629.761514813735,-6.365964626441236,2.6142176292985106,3.2624556135562255,-0.004620107357504216,-0.004169965059352362,-0.005692182761050099,42.63710120589601,1.5564703211987367,504.47604543463547,6873.6517036165205,0.000436667182963249,52.982322599161826,358.6188289596685,131.93485323483807,285.5952654884695
15 Jul 2026 07:12:00.000000000,3382.8062555154747,3550.303129474768,4815.126182361437,-6.629139575172053,2.3585574627138657,2.914113010624171,-0.004141224119278892,-0.0043519363747329485,-0.005918728214339795,44.75878028786864,5.671027814285099,505.08417177010654,6872.941043303283,0.0003781786696599466,52.98007881860646,358.61407033039865,145.18107810948842,276.16136706125695
15 Jul 2026 07:13:00.000000000,2977.8921295039136,3683.884818739993,4979.19771714432,-6.863038459897026,2.092541718777379,2.552945359176043,-0.0036442975917063128,-0.004514709425587702,-0.006119097624779772,46.7008017929034,10.101740683236306,505.6478443778115,6872.2895846530355,0.0003278852401062483,52.978019665290184,358.6089540490572,160.53651774802736,264.618470759051
15 Jul 2026 07:14:00.000000000,2559.848199338098,3801.224121208772,5121.254253286923,-7.066643023944865,1.8173429843747924,2.1805487305135007,-0.0031315196974411362,-0.004657597366715292,-0.006292446088563958,48.43725894242751,14.860571949380315,506.15647473452645,6871.708824024688,0.000288637649262669,52.97618140875253,358.60351394614935,178.24016786630887,250.7275533897419
15 Jul 2026 07:15:00.000000000,2130.5193442926575,3901.8062189611587,5240.671141646203,-7.239068329043402,1.5341725090714087,1.7985664251219837,-0.002605141893400255,-0.0047799999877659845,-0.006438046459509271,49.94082930266558,19.947363209382612,506.6006084380034,6871.209005461727,0.00026288283456944397,52.97459641299172,358.5977895836161,198.03602418865594,234.7445890823412
15 Jul 2026 07:16:00.000000000,1691.7994538976805,3985.1899978785987,5336.9235700307945,-7.379566053019759,1.2442749647155251,1.408681859367692,-0.0020674659012172836,-0.004881405095211726,-0.0065552909018908164,51.18398095346112,25.345445274822275,506.9720898012946,6870.798941314974,0.00025155427742038346,52.97329256289547,358.59182555473546,218.92547554049602,217.66815655123398
15 Jul 2026 07:17:00.000000000,1245.6231460285017,4051.0098936553177,5409.58875403842,-7.487527236778101,0.9489231306752854,1.0126113703509854,-0.0015208346232473949,-0.004961389612628069,-0.00664369207031675,52.1407036259732,31.017998628418745,507.2642028943627,6870.485858213805,0.00025320535241793777,52.97229277006067,358.58567069467887,239.5018821995694,200.9048611404463
15 Jul 2026 07:18:00.000000000,793.9573365965495,4098.977417118398,5458.347694305691,-7.562484491572848,0.6494125203353271,0.6120969595880233,-0.0009676232368330184,-0.0050196204410578454,-0.006702883972296837,52.788650975136406,36.90651204848316,507.47178687236675,6870.275270969317,0.0002645375794126994,52.97161456680284,358.5793772157302,258.72997312635226,185.48993802135718
15 Jul 2026 07:19:00.000000000,338.79269289184407,4128.882355749643,5482.986497089202,-7.604113676701795,0.3470559620901586,0.208898993037868,-0.00041023044506193683,-0.00505585511754083,-0.006732622563686922,53.111393908507964,42.93264966699774,507.59132385330076,6870.1708865095425,0.000281962467403387,52.9712697955842,358.57299978258055,276.3129084753269,171.72019013536558
15 Jul 2026 07:20:00.000000000,-117.86499794374694,4140.593649031088,5483.3972560588045,-7.612235056021078,0.04317814605100707,-0.19521112766710974,0.00014893015125171544,-0.005069942301147324,-0.006732786115106279,53.100329283325536,49.00411502440707,507.6209980409313,6870.174539436568,0.0003027785122891874,52.97126439938584,358.5665945441067,292.4568462142193,159.38942204711327
15 Jul 2026 07:21:00.000000000,-574.0035142870564,4134.059935859116,5459.578493999475,-7.586813939284426,-0.26088985387963526,-0.5984583099299179,0.0007074386049070409,-0.005061822108162104,-0.006703375376842536,52.75576665729688,55.023780632696734,507.5607252278367,6870.286160265439,0.0003254791731817047,52.9715983167475,358.5602181388832,307.5210265543013,148.13835599758758
15 Jul 2026 07:22:00.000000000,-1027.6129084859397,4109.309772815828,5411.635163833594,-7.52796081143436,-0.5638160738923801,-0.9990711192105521,0.0012628771475734434,-0.005031526307780388,-0.006644513555761108,52.08688847670502,60.90002871137769,507.4121522555612,6870.503776860834,0.0003495670993016594,52.97226548332958,358.5539266920696,321.82133730830304,137.65106703266954
15 Jul 2026 07:23:00.000000000,-1476.6942077955607,4066.4515225846208,5339.778209031848,-7.435930949841055,-0.8642731618958875,-1.395289121217656,0.001812838742037881,-0.004979178380639236,-0.00655644610554813,51.11059522244912,66.55571384663182,507.17862645226415,6870.823549038955,0.0003752336172474583,52.973253939950474,358.54777482158073,335.5661462877816,127.71915108783271
15 Jul 2026 07:24:00.000000000,-1919.2680769382737,4005.672912301603,5244.323684158921,-7.311123526364162,-1.160943878321562,-1.7853702055897336,0.002354935712185916,-0.004904993429771995,-0.006439540314651449,49.84955752230117,71.93376519950769,506.8651355110903,6871.23983575276,0.00040304123100843285,52.97454604515235,358.5418146711397,348.85504692984136,118.24297983042212
15 Jul 2026 07:25:00.000000000,-2353.383411382714,3927.240262150472,5125.691436990323,-7.154080188165243,-1.4525265868872417,-2.1675978783784293,0.002886808496824262,-0.004809277926896796,-0.006294284667478741,48.32995703763029,76.99879440343832,506.4782187136763,6871.745293738565,0.0004336428392447938,52.97611878848394,358.53609498745385,1.7026186397921736,109.2079407664132
15 Jul 2026 07:26:00.000000000,-2777.1258297655318,3831.4973851161094,4984.4033544671,-6.965483108747324,-1.7377407245361485,-2.5402885084965936,0.0034061345628119116,-0.004692429264126259,-0.006121287937620921,46.57936444407584,81.73536864350548,506.02585084039356,6872.331005975214,0.0004675533006185741,52.97794419889531,358.5306602578212,14.071409745604578,100.65145470785481
15 Jul 2026 07:27:00.000000000,-3188.6260334201093,3718.8641594987935,4821.081175700031,-6.746152498860155,-2.0153322379533485,-2.9017985107741078,0.00391063750220742,-0.004554935077439241,-0.005921277967262495,44.62504191328712,86.14428132172064,505.5173005391422,6872.986637802293,0.000504990906945841,52.97998984094637,358.52554992356534,25.9051343377885,92.62977932085354
15 Jul 2026 07:28:00.000000000,-3586.068000260326,3589.8347766219545,4636.443876370202,-6.497043565920134,-2.2840789716873537,-3.250531445088286,0.004398096321220385,-0.004397372298370295,-0.005695100074310802,42.492772454540074,90.23815255659905,504.96296534509986,6873.700618067979,0.0005457991941735143,52.982219389971284,358.5207976831462,37.15488493296276,85.19179680963805
15 Jul 2026 07:29:00.000000000,-3967.696979575783,3444.9756671362934,4431.304630212907,-6.219242910567909,-2.542795990287589,-3.584945007515256,0.004866354913416439,-0.0042204058895482085,-0.005443715028284219,40.20618115136561,94.03730296142517,504.3741859485729,6874.460342236817,0.0005894427775637906,52.984593275941165,358.5164308973335,47.7941789662437,78.36396772608028
15 Jul 2026 07:30:00.000000000,-4331.827253619308,3284.9231104675396,4206.567354833557,-5.913964350036845,-2.790340814041735,-3.90355788573192,0.0053133316895982415,-0.004024787215447922,-0.005168196531074249,37.7864440861119,97.56638197675362,503.7630426916556,6875.252393991857,0.0006350560163024067,52.987069384552356,358.5124701068854,57.82301488047209,72.14627513197483
15 Jul 2026 07:31:00.000000000,-4676.849631302014,3110.3805332593347,3963.2228508962507,-5.5825441601755585,-3.02561854505518,-4.204956447167569,0.005737029318563738,-0.0038113520015244577,-0.0048697281417900504,35.25226570057903,100.85187712234556,503.14213762909475,6876.062781520264,0.0006815186708740866,52.98960380306106,358.50892867128607,67.26435243545667,66.51574448706675
15 Jul 2026 07:32:00.000000000,-5001.238638901285,2922.115504150285,3702.3445457379958,-5.226435731276079,-3.2475868576507607,-4.487801224860304,0.006135544514699307,-0.0035810178379047284,-0.004549599589664937,32.62002059008025,103.92042639508267,502.5243658051032,6876.8771843849645,0.0007275376181261664,52.99215159760113,358.50581253481204,76.1572106093041,61.43334588787328
15 Jul 2026 07:33:00.000000000,-5303.559372522731,2720.956433861037,3425.0838546792406,-4.847203637248989,-3.4552608245714134,-4.7508331628018885,0.006507077790013327,-0.0033347811884374434,-0.004209202425928449,29.903981762478733,106.79777276858415,501.92267966789314,6877.68120666448,0.0007717223380011561,52.99466760817603,358.5031201239921,84.5495333386522,56.851128408564115
15 Jul 2026 07:34:00.000000000,-5582.4739771895065,2507.7889913437643,3132.6651756909046,-4.446517123069405,-3.6477175483520674,-4.992879579939712,0.0068499430732426436,-0.0030737138738668496,-0.0038500249767580426,27.116582936455178,109.50818949865655,501.34985075540163,6878.460631894272,0.0008126493616511243,52.997107247219915,358.5008423781981,92.49243266222314,52.71797697859321
15 Jul 2026 07:35:00.000000000,-5836.74771791191,2283.55224864559,2826.380535604484,-4.0261430216657255,-3.824100565612616,-5.212859810102119,0.007162577086087811,-0.0027989590075905148,-0.0034736465728484266,24.268682871787725,112.07422877864305,500.81823293065094,6879.2016752717245,0.0008489153693631072,52.999427287574704,358.4989629126735,100.03623429642629,48.983566768462644
15 Jul 2026 07:36:00.000000000,-6065.2546089797315,2049.234569100663,2507.5839086610026,-3.5879381183408428,-3.9836239910430407,-5.409790474066205,0.007443548356108053,-0.002511726372931255,-0.0030817310455754205,21.369814231435022,114.51668028595081,500.3395315132355,6879.891228597774,0.0008791805297425475,53.00158662593723,358.4974583110312,107.22812316130512,45.60071756647104
15 Jul 2026 07:37:00.000000000,-6266.982569033255,1805.8692554809945,2177.6852308363564,-3.1338409882167335,-4.125576367561082,-5.582790339894943,0.007691565739933844,-0.002213287243557999,-0.002676019496802388,18.428408956256504,116.8546584766207,499.9245826367285,6880.517093523985,0.0009022040258197837,53.00354700828414,358.49629854190204,114.1109759478829,42.52656105751805
15 Jul 2026 07:38:00.000000000,-6441.038071241573,1554.5299767361096,1838.144135991196,-2.665863339827368,-4.249324189606558,-5.731084728607409,0.007905486330406853,-0.0019049686621821003,-0.002258322367457463,15.451997909113906,119.10576371913332,499.5831470540381,6881.068198854051,0.0009168733919879078,53.00527370447422,358.4954474922592,120.72297685036189,39.72292488358859
15 Jul 2026 07:39:00.000000000,-6586.650260146354,1296.3259939047048,1490.4634424108747,-2.186080905614585,-4.35431506781215,-5.854009424243328,0.008084322619637836,-0.0015881472049807637,-0.0018305108462753784,12.447385821902731,121.28628189065428,499.3237224106426,6881.53479791501,0.0009222287936346851,53.006736120146535,358.4948636078602,127.09770174326336,37.15624820980737
15 Jul 2026 07:40:00.000000000,-6703.174509409386,1032.3972076293635,1136.1824206637132,-1.6966239274485302,-4.440080505368623,-5.9510140504323985,0.00822724880178074,-0.0012642422737422737,-0.0013945076792054641,9.42080427941561,123.41140081686456,499.1533777083512,6881.908642359968,0.000917482941560382,53.0079083351597,358.4945006293868,133.2644541007147,34.797245503645186
15 Jul 2026 07:41:00.000000000,-6790.095397807958,763.909051405375,776.8698758499902,-1.199667292150019,-4.5062382592513694,-6.021664879634779,0.008333606103940768,-0.0009347089687490482,-0.0009522774542499907,6.378046239161422,125.49543125229934,499.0776132924488,6882.183129186619,0.0009020370119113191,53.00876955913202,358.4943084111857,139.2487161943135,32.620454996373056
15 Jul 2026 07:42:00.000000000,-6847.0290843141975,492.04725620312155,414.11707918546773,-0.6974203781051072,-4.552494263038604,-6.0656470461955,0.008402907053129812,-0.0006010306080145875,-0.0005058164525344464,3.32458583530414,127.55202621080477,499.100249219637,6882.353418246732,0.0008754927370539561,53.0093044961224,358.4942338080648,145.07263705782705,30.603750344664306
15 Jul 2026 07:43:00.000000000,-6873.725066922407,218.01251337812965,49.53058541161289,-0.19211667922001432,-4.578644092247203,-6.0827661401332005,0.008434838601047339,-0.000264710967148268,-5.714216743197845e-05,0.26568720907672755,129.59439634902023,499.2233443127664,6882.416518071681,0.0008376607193413731,53.0095036121065,358.4942216144089,150.75551855091967,28.72785416681834
15 Jul 2026 07:44:00.000000000,-6870.067313989588,-56.9849362183857,-315.2750262957175,0.3139967235204295,-4.584573957830895,-6.07294916501269,0.008429264051590696,7.273367749088031e-05,0.000391717396192348,-2.7934939959084675,131.63552149347336,499.4471475938242,6882.371338434148,0.0007885649717423711,53.00936330062918,358.49421553902016,156.31428949175466,26.97586349084387
15 Jul 2026 07:45:00.000000000,-6836.074761153811,-331.7307583029732,-678.6844494640717,0.8186697698803664,-4.570261218597604,-6.036244850156598,0.008386223755263534,0.0004097826147863123,0.0008387345248575864,-5.847812946908863,133.68835976534098,499.7700831258175,6882.218708697539,0.000728443685886335,53.008885943815244,358.49415919844427,161.76398389602463,25.332771084200047
15 Jul 2026 07:46:00.000000000,-6771.90117131727,-605.0119973806778,-1039.0889466910637,1.319660033206709,-4.535774408667969,-5.972823314641003,0.008305934561459652,0.0007449187832887665,0.0012818925802969275,-8.89203828873128,135.76605639098267,500.1887686045026,6881.961361654094,0.0006577462530894737,53.00807986776825,358.4939971112547,167.11827685619855,23.78492913889743
15 Jul 2026 07:47:00.000000000,-6677.834359639859,-875.6225360428082,-1394.893606493133,1.814743263946219,-4.481272781560448,-5.882975087790158,0.008188788038972088,0.0010766367829909296,0.0017191966434143531,-11.920751718185421,137.88215433483535,500.6980673421887,6881.603883207238,0.0005771266070597167,53.00695919324814,358.4936756757866,172.39021443054858,22.319318949924057
15 Jul 2026 07:48:00.000000000,-6554.294789902114,-1142.3685125204963,-1744.5245223840313,2.3017237909944437,-4.407005377894073,-5.767109498030542,0.008035347504449609,0.0014034507258067971,0.0021486839017716627,-14.928240966496654,140.05080836663632,501.2911725979677,6881.152628899947,0.0004874330122665424,53.005543584359366,358.49314411412865,177.59351185626053,20.922252280066918
15 Jul 2026 07:49:00.000000000,-6401.833552878895,-1404.0736682531217,-2086.4358568478356,2.778444710876946,-4.31330962889389,-5.625752448780206,0.007846343914617034,0.0017239018408072755,0.002568433670645194,-17.908382589837025,142.2870029604274,501.9597225510762,6880.615608910439,0.00038969449090696395,53.00385789976871,358.492355365783,182.74563463092045,19.57628987400551
15 Jul 2026 07:50:00.000000000,-6221.129741440367,-1659.584598112512,-2419.1167541722766,3.2427977988838688,-4.200609512719542,-5.459543606349485,0.007622670702538189,0.0020365657573805348,0.0029765769481598725,-20.85451086474357,144.6067722562636,502.6939436045855,6880.002343720564,0.00028510419825526117,53.001931752679475,358.4912669153345,187.87771168472386,18.250327906094885
15 Jul 2026 07:51:00.000000000,-6012.987240890858,-1907.775877079656,-2741.0980677705875,3.6927330815370323,-4.0694132849826525,-5.269233030438992,0.007365377653948582,0.0023400593989051956,0.003371305417769111,-23.759269059199458,147.02741675768084,503.4828191608569,6879.3236931934725,0.0001750005275754606,52.999798987379805,358.4898415396257,193.08281988296105,16.851313128593592
15 Jul 2026 07:52:00.000000000,-5778.3309565098325,-2147.555038570528,-3050.95886958839,4.126268015977173,-3.9203108085589573,-5.055677282599891,0.00707566393372952,0.0026330474301070723,0.0037508798260944293,-26.61443954267558,149.56770582828779,504.3142805416118,6878.5916622698505,6.0854366957963735e-05,52.99749708163744,358.4880479613861,199.11606811100512,14.624158473794441
15 Jul 2026 07:53:00.000000000,-5518.202503316409,-2377.86738121174,-3347.332711424831,4.541496228816027,-3.7539705108444497,-4.819835051850415,0.006754870383268124,0.0029142482136356295,0.004113637680665246,-29.41074984622955,152.2480464679614,505.17541634255383,6877.819186892898,5.586475291308531e-05,52.995066485500125,358.4858613979161,20.442818319240406,197.10352173765136
15 Jul 2026 07:54:00.000000000,-5233.755385709976,-2597.7005826252025,-3628.9136104241493,4.936595774454647,-3.5711359988902673,-4.562762339448635,0.006404471216833846,0.0031824392447291927,0.0044580002302241845,-32.13765326832185,155.09058611151443,506.05269622223625,6877.019904097926,0.00017337937342346742,52.99254990816252,358.4832639952743,26.5322336783849,194.82025719866468
15 Jul 2026 07:55:00.000000000,-4926.2496968116475,-2806.089100656919,-3894.461733566799,5.309836880596429,-3.372622364337414,-4.285607246556013,0.006026065245378407,0.003436462045676412,0.004782478707258933,-34.783085532221484,158.1191989841436,506.9322049292064,6876.207910447688,0.0002901085802958031,52.98999156545646,358.480245140419,31.567750890757694,193.59094312988572
15 Jul 2026 07:56:00.000000000,-4597.046369042705,-3002.1183444249637,-4142.808758631104,5.659589156412327,-3.159312210753095,-3.9896044091942913,0.005621366756249725,0.0036752265158541465,0.005085679831106106,-37.33320419356785,161.3592808298878,507.7998822691132,6875.397513156105,0.0004043500053526536,52.98743640119552,358.47680164593976,36.428393674553824,192.53656818945694
15 Jul 2026 07:57:00.000000000,-4247.601008729942,-3184.9285995138803,-4372.862891755992,5.984328246306021,-2.932151435873538,-3.676069124529956,0.005192196169524762,0.0038977147450278307,0.005366310585756892,-39.772126114532725,164.83724582642105,508.64176470121976,6874.602978322873,0.000514426180462423,52.984929296050645,358.4729378041985,41.210452630088604,191.56085148229107
15 Jul 2026 07:58:00.000000000,-3879.457348344025,-3353.7186935723817,-4583.6135243439585,6.282641919244658,-2.6921448004246886,-3.3463912111949474,0.0047404705826205994,0.004102984309427959,0.005623182301770473,-42.08169166805467,168.57958566771356,509.44422432427075,6873.8382806992495,0.0006187017029648782,52.98251427783667,358.4686653100348,45.94168742791149,190.63604035357693
15 Jul 2026 07:59:00.000000000,-3494.2403503947467,-3507.7493904228863,-4774.1355145513935,6.553235589951167,-2.4403513137140402,-3.002028644174478,0.004268194302844102,0.004290171081036109,0.0058552140860607844,-44.241303423671944,172.6113241595915,510.1942011574201,6873.116859326942,0.0007156101887670249,52.98023374705351,358.46400305342104,50.633954693427135,189.75028253909744
15 Jul 2026 08:00:00.000000000,-3093.648997055636,-3646.346502549768,-4943.593080972578,6.794937273731401,-2.177879464136431,-2.6445010018979587,0.0037774494495521537,0.004458491587118842,0.006061435651572783,-46.22791154514605,176.95370232160016,510.8794248326176,6872.4513832397015,0.0008036807825664306,52.978127731249664,358.45897678581593,55.29360840022884,188.89722585886182
15 Jul 2026 08:01:00.000000000,-2679.4487993811476,-3768.903713431265,-5091.243298279898,7.006701981154545,-1.9058823202904478,-2.275382759752473,0.0032703866924465794,0.0046072449652015315,0.006240989609178093,-48.016244324637825,-178.37900540425352,511.4886220809482,6871.853531199332,0.0008815632219558124,52.97623318126101,358.45361866607817,59.92453182863439,188.07298639506286
15 Jul 2026 08:02:00.000000000,-2253.4640594017583,-3874.8851026714983,-5216.439186569852,7.187615562225033,-1.6255525255571672,-1.8962964603410892,0.0027492161711763527,0.004735814560509948,0.0063931332861031686,-49.57940048386558,-173.38346700556497,512.0117067066176,6871.33378915906,0.0009480509436237275,52.97458332164023,358.44796669395987,64.52923143470694,187.2750548065692
15 Jul 2026 08:03:00.000000000,-1817.5699179030285,-3963.8273681150126,-5318.632387809332,7.336898011794618,-1.338117206168984,-1.508905786963706,0.0022161986244822436,0.004843669216579604,0.006517240139405166,-50.889912339143834,-168.0716611838875,512.4399490885052,6870.901268815948,0.0010021018205608192,52.97320706664022,358.4420640411172,69.10927271094523,186.50186069384134
15 Jul 2026 08:04:00.000000000,-1373.6842197553267,-4035.341740299398,-5397.375424323993,7.453906249125403,-1.0448328097106738,-1.114908562650363,0.001673636735575857,0.004930364306428782,0.00661280082805594,-51.92133224227143,-162.4747933352385,512.766122623005,6870.563550236131,0.0010428561757055434,52.97212851196547,358.4359582914106,73.66544018966624,185.75261285931072
15 Jul 2026 08:05:00.000000000,-923.7592280060144,-4089.1155854902436,-5452.323535452997,7.5381363843770535,-0.7469798882494278,-0.7160296934033012,0.0011238666846644394,0.0049955425508865885,0.006679424005506658,-52.650271737266465,-156.64549632041795,512.9846249144766,6870.32655112065,0.0010696517702917612,52.97136651118058,358.4297006037762,78.19775013389102,185.027286912646
15 Jul 2026 08:06:00.000000000,-469.77321714692425,-4124.913694333772,-5483.236089528398,7.589225483736452,-0.4458578376728665,-0.31401407085788813,0.0005692498820024641,0.005038934663072057,0.006716836883925319,-53.05864539002863,-150.65695371508036,513.0915719259108,6870.194424831204,0.0010820355217902979,52.97093434418615,358.42334481238,82.70535488901987,184.32672124171935
15 Jul 2026 08:07:00.000000000,-13.721975329488487,-4142.579253785541,-5489.97756915546,7.606952842924189,-0.14277960262956335,0.08938055329074691,1.2164842226662927e-05,0.005060359853135888,0.006724885614290671,-53.13570028153428,-144.5981093768919,513.084863717285,6870.169488821136,0.001079771768711827,52.970839483565456,358.4169464797747,87.18633521042563,183.65282502769537
15 Jul 2026 08:08:00.000000000,442.3897552192508,-4142.034500486833,-5472.51812843605,7.591240776115306,0.16093364526561185,0.492390710955006,-0.0005450008503332759,0.005059726216126037,0.006703535511114369,-52.879347382089364,-138.56531356504237,512.964220819471,6870.252184625035,0.0010628469691849726,52.97108346289719,358.4105619196765,91.63734396613363,183.0089348982858
15 Jul 2026 08:09:00.000000000,896.5568706624463,-4123.2810541828385,-5430.933721329254,7.5421549240853265,0.4639578494599127,0.8932543707206981,-0.0010998585421337713,0.005037031018055404,0.006652871139876564,-52.29643087934134,-132.6521386962287,512.7311907147864,6870.441070053377,0.0010314708008726124,52.9716618493509,358.4042472064518,96.05302259635572,182.40039883044918
15 Jul 2026 08:10:00.000000000,1346.782502064108,-4086.3999301523313,-5365.405800838454,7.459904081871369,0.7649714247457619,1.2902180921783326,-0.0016500265366580506,0.004992360883648071,0.006573096269617925,-51.40185772545461,-126.93989286997669,512.3891243201156,6870.732843725959,0.0009860737287816252,52.97256432106281,358.3980571886867,100.42504008984228,181.8355375351013
15 Jul 2026 08:11:00.000000000,1791.0865871445055,-4031.5512299726206,-5276.2205891810245,7.344839542623984,1.062660621807913,1.6815441732471157,-0.0021931382059519073,0.004925891879125312,0.006464533679591657,-50.216833816519284,-121.4910501356986,511.9431227940725,6871.122401562517,0.0009273012436569589,52.973774847960364,358.3920445240836,104.74046478899938,181.32727300554933
15 Jul 2026 08:12:00.000000000,2227.5143879821658,-3958.9735103325497,-5163.767919634036,7.197453950907788,1.3557248931908976,2.0655177809357124,-0.002726850241848114,0.004837889472194568,0.006327624794068721,-48.766659851662304,-116.34660848930056,511.39995541438776,6871.60292433714,0.0008560051922830318,52.975271972898,358.38625875265467,108.97888414561858,180.89600909995127
15 Jul 2026 08:13:00.000000000,2654.144925034008,-3868.9828300476315,-5028.539651349432,7.0183796556514,1.6428822526072424,2.440454054230437,-0.003248851092941936,0.00472870834178073,0.0061629291068568464,-47.078555241814406,-111.52702194548637,510.7679496953049,6872.165994901388,0.0007732330411526586,52.97702918821253,358.38074542443104,113.1070111923739,180.5750253865688
15 Jul 2026 08:14:00.000000000,3069.0992970827383,-3761.9714759747303,-4871.127659191727,6.80838655051852,1.9228746175519338,2.80470516508552,-0.003756869621750535,0.004598792001960824,0.005971123346684048,-45.17984360869817,-107.0354977308631,510.05685533412685,6872.801743193869,0.0006802168781210192,52.979015401137715,358.375545297027,117.06781852275009,180.42134345266086
15 Jul 2026 08:15:00.000000000,3470.548855950013,-3638.4063691952483,-4692.221401583145,6.5683793878331995,2.19447312282868,3.1566673202810427,-0.004248684001678505,0.004448672197110984,0.0057530003252894745,-43.09664821999121,-102.86228910689162,509.27768398949826,6873.499016689182,0.0005783665654521591,52.98119547995935,358.3706936171423,120.7564652798337,180.5398001708247
15 Jul 2026 08:16:00.000000000,3856.7232039521728,-3498.827153656424,-4492.605070485205,6.299394551505942,2.456483389857412,3.4947876832257005,-0.004722130856369668,0.004278968019879974,0.005509467403482915,-40.85309335502485,-98.98892745087298,508.44252729638225,6874.2455735016165,0.0004692798794715487,52.98353087137532,358.36621949867816,123.95971160845541,181.14363346314647
15 Jul 2026 08:17:00.000000000,4225.917981196599,-3343.8439704576913,-4273.1543290256395,6.002596274798673,2.7077507336360362,3.8175711908036454,-0.005175114625114156,0.004090384700748697,0.005241544507493616,-38.47092123403551,-95.39179785354058,507.5643559091702,6875.028294957493,0.00035481626831234433,52.98598027827076,358.36214540842514,126.1732971198539,182.73710400951566
15 Jul 2026 08:18:00.000000000,4576.502409004685,-3174.134922147925,-4034.8326439027087,5.679272290303971,2.9471652861278193,4.123587236289176,-0.005605617119282298,0.0038837120178848434,0.0049503616285556115,-35.96940681681662,-92.04485102411711,506.6568027278568,6875.833414090003,0.00023746674627605924,52.98850038605133,358.358486768401,125.87564195461268,186.8417943106872
15 Jul 2026 08:19:00.000000000,4906.926555065481,-2990.4432327580244,-3778.687221568566,5.330828902225875,3.17366701178063,4.411476185364947,-0.006011707213979077,0.003659822276379271,0.0046371557401783,-33.365461760248145,-88.9214860029877,505.73393379413176,6876.64675620066,0.00012301218053436294,52.99104662481578,358.35525168196125,115.85217023413243,200.6722853129954
15 Jul 2026 08:20:00.000000000,5215.728285433363,-2793.574110846078,-3505.8445592931794,4.958785474925373,3.3862505879748666,4.679955688579762,-0.006391550601523738,0.003419667811604495,0.00430326707579158,-30.67384299135305,-85.9957489984349,504.8100106360823,6877.453987378573,6.256252235186338e-05,52.99357395400621,358.3524407885051,45.00843654782387,275.32302994562946
15 Jul 2026 08:21:00.000000000,5501.539868274251,-2584.391324529362,-3217.505624520049,4.564768336645407,3.583970120635831,4.927826750352698,-0.006743419514717909,0.003164277976638353,0.003950134717215735,-27.90740737702532,-83.24301956205784,503.8992480808588,6878.240866679928,0.00015108723950023654,52.99603765576594,358.35004724950915,358.2549136277985,325.88356541771634
15 Jul 2026 08:22:00.000000000,5763.094194370362,-2363.8134993378185,-2914.940678407135,4.150504103267823,3.765943663108759,5.153979512049118,-0.007065702315051221,0.0028947555836937836,0.003579291458341236,-25.077375739209174,-80.6403382990556,503.0155717347414,6878.993497551907,0.00026510816612900206,52.998394123065005,358.3480568661885,352.5884340277207,335.3570714585419
15 Jul 2026 08:23:00.000000000,5999.230579895498,-2132.8101516749502,-2599.4837620567796,3.717812433695073,3.9313575048537963,5.357398704871197,-0.007356912825248251,0.0026122727779387856,0.003192357920310096,-22.193585388601832,-78.16649799985831,502.17237943885,6879.698574043292,0.0003783286349685726,53.000601628726756,358.3464483268851,353.36957382888716,338.3829864788155
15 Jul 2026 08:24:00.000000000,6208.900117885401,-1892.3974727220204,-2272.5268666279603,3.2685982358321364,4.079470195626472,5.537168727444163,-0.007615699282347867,0.0023180663367681955,0.00279103591413088,-19.264720994711737,-75.80198703553073,501.38231103742004,6880.3436173825085,0.00048671121943650583,53.00262106180636,358.34519357986665,356.11152944180725,339.4481305866118
15 Jul 2026 08:25:00.000000000,6391.170546213864,-1643.6338796700384,-1935.5138112270595,2.8048433499031615,4.209616270694947,5.692478303137233,-0.007840852776118021,0.0020134323973941422,0.002377101060341746,-16.29852023001529,-73.52884607112259,500.657030736611,6880.917198625718,0.0005882198985053486,53.004416618327426,358.3442583251744,359.7151939526277,339.65162901151047
15 Jul 2026 08:26:00.000000000,6545.230601724021,-1387.6153532308736,-1589.9338551375529,2.3285977437837078,4.321209643303532,5.822624673382913,-0.008031315043898452,0.0016997206323019112,0.00195239469703767,-13.301954468001984,-71.33047801662266,500.0070261798145,6881.409143283676,0.0006813374429441904,53.005956434166634,358.3436026169227,3.7890396727616,339.3850292822785
15 Jul 2026 08:27:00.000000000,6670.393832489935,-1125.470582358067,-1237.3150734972128,1.8419702628595922,4.413746632092077,5.927017285577047,-0.008186185491339188,0.0013783279035103606,0.0015188151230114005,-10.281386871184605,-69.19143602856434,499.44142811788424,6881.810714125639,0.0007648218643951431,53.00721314887728,358.3431815655578,8.162077248920799,338.81934180545835
15 Jul 2026 08:28:00.000000000,6766.101842959824,-858.3559389880138,-879.2175279127925,1.3471189844183806,4.486808593484779,6.005180937522795,-0.008304727319710761,0.001050691441289457,0.0010783082416274071,-7.242711182144634,-67.09720403118428,498.9678542106252,6882.114768727551,0.0008376528075504465,53.008164390442126,358.3429461277709,12.750386259714752,338.03850892396736
15 Jul 2026 08:29:00.000000000,6831.92694994392,-587.450307317253,-517.2262656447908,0.846241233463287,4.540064132148106,6.056758344770602,-0.00838637265125119,0.0007182816047113822,0.0006328576863271875,-4.1914748974721245,-65.0339773725264,498.5922800632375,6882.315888775451,0.0008990215721475168,53.00879317232567,358.3428439702527,17.510463100461383,337.0860566600001
15 Jul 2026 08:30:00.000000000,6867.574231004409,-313.9497936437985,-152.94418284897898,0.34156332290460795,4.573270866406205,6.0815121024997145,-0.008430726558797117,0.00038259429275632145,0.0001844745229877956,-1.1329905577381252,-62.98844682145107,498.3189400865055,6882.410478645221,0.0009483325216218778,53.00908819572822,358.3428203921072,22.420102494063908,335.9842128108593
15 Jul 2026 08:31:00.000000000,6872.882950732957,-39.062344061373665,212.0152111243393,-0.1646699138869376,4.586276729909474,6.0793260196547765,-0.008437569927136951,4.5143084138159254e-05,-0.00026481336394460733,1.9275611934373786,-60.947586368850246,498.1502601836248,6882.396831345747,0.000985206512996956,53.0090440516101,358.3428192896816,27.469683968896966,334.7426200636816
15 Jul 2026 08:32:00.000000000,6847.827354594468,235.9977017260896,576.0350902386151,-0.6702057263561715,4.579020795758699,6.05020580973221,-0.008406861092315759,-0.0002925488090813804,-0.0007129720861119977,4.98503323641441,-58.898443684773234,498.08682362434945,6882.27516052399,0.0010094830761504003,53.0086613188133,358.34278414681336,32.65794957256431,333.3625578674162
15 Jul 2026 08:33:00.000000000,6792.516824397545,510.0150915308185,937.5026302312164,-1.1727941115695286,4.551533614555066,5.994279129721428,-0.008338736229279348,-0.00062895668390866,-0.0011579726456242092,8.034214822241042,-56.827931263697394,498.1273707860615,6882.0475978727745,0.0010212200702663272,53.00794655644254,358.34265903303526,37.9899558999993,331.8389899910059
15 Jul 2026 08:34:00.000000000,6707.195393941395,781.7791474531305,1294.8163098750128,-1.6701984651674162,4.503937063329581,5.911794966046026,-0.008233508482774954,-0.0009625624926643072,-0.0015978017861629004,11.069732193048736,-54.72261608228508,498.2688327398607,6881.71815594112,0.0010206903373205548,53.006912190535104,358.3423895920784,43.4762122822575,330.16142592886786
15 Jul 2026 08:35:00.000000000,6592.240627901262,1050.0892289897652,1646.3931560406527,-2.1602061434561177,4.436443707846822,5.803122373710984,-0.008091665858741128,-0.0012918629009681247,-0.002030472678949587,14.08594348577671,-52.5685059517037,498.5063979588109,6881.292657007999,0.0010083752594691761,53.00557629691974,358.34192400317977,49.13257043019167,328.314030866889
15 Jul 2026 08:36:00.000000000,6448.161871464327,1313.76014347596,1990.6758941345563,-2.6406388634284736,4.349355686219089,5.668748582036266,-0.007913867919232554,-0.0016153771686672768,-0.0024540353269182826,17.076824331577207,-50.35083175265873,498.83361074398584,6880.778629328001,0.0009849553716702805,53.00396228400947,358.3412138981289,54.9806922576161,326.27515749148426
15 Jul 2026 08:37:00.000000000,6275.597882528988,1571.6274755012028,2326.1399664875585,-3.1093628706814553,4.243063126949145,5.509276487141102,-0.007700941344582631,-0.0019316547703520667,-0.0028665865785103897,20.0358404480768,-48.05382661834817,499.2424993220611,6880.1851726767245,0.0009512983848427659,53.00209848105127,358.3402152178173,61.0490694773838,324.01632605513765
15 Jul 2026 08:38:00.000000000,6075.313862358708,1822.552807860586,2651.3003826538666,-3.5642988096113553,4.1180421193064305,5.325421557551712,-0.007453874444942655,-0.0022392826796163727,-0.0032662796530680085,22.955803457393376,-45.66050627029929,499.7237309822072,6879.522795701085,0.0009084451916282017,53.000017639042184,358.3388889930185,67.37467519015544,321.500572485018
15 Jul 2026 08:39:00.000000000,5848.197904362017,2065.4288078182262,2964.7183673178015,-4.003431235790423,3.974852258193913,5.118008184771794,-0.0071738107231425225,-0.002536892251582705,-0.0036513330942628958,25.828706272309297,-43.15245971737571,500.2667911056784,6878.803228102679,0.0008575947002210541,52.997756353080966,358.3372020355264,74.00543133438944,318.67998067193196
15 Jul 2026 08:40:00.000000000,5595.256884098646,2299.1841538924537,3265.0077735457794,-4.424817716838971,3.814133789284895,4.8879655152448,-0.006862041601513534,-0.0028231656492647295,-0.004020039083132562,28.645534884712827,-40.50966725808605,500.8601825093067,6878.0392111403735,0.0008000887260302513,52.99535441633293,358.33512752727285,81.00379985639147,315.4920910858726
15 Jul 2026 08:41:00.000000000,5317.6118166281085,2522.788280026303,3550.841231413628,-4.826597475214959,3.6366043830967127,4.636322803741969,-0.006519998434458951,-0.0030968417716918132,-0.0043707710588454666,31.396054604647592,-37.71037431254299,501.4916411830698,6877.244270321453,0.0007373987450199138,52.99285411701287,358.3326454969621,88.45196450754894,311.85471881538024
15 Jul 2026 08:42:00.000000000,5016.492709905522,2735.2559157808587,3820.9560045164376,-5.206999533860504,3.4430555687959905,4.3642043307696765,-0.0061492439359444075,-0.003356721655620314,-0.004701990614292635,34.06857126754675,-34.731066378821076,502.14836425589505,6876.432474454747,0.0006711171886442496,52.9902994908188,358.3297431756117,96.45925813067667,307.65852617224726
15 Jul 2026 08:43:00.000000000,4693.232945049254,2935.6514030965945,4074.159529474416,-5.564350333365643,3.2343488598351726,4.072823928071441,-0.005751463149783943,-0.003601673335693534,-0.005012253650666339,36.64967244170665,-31.54661356342341,502.81724587401214,6875.618185457261,0.0006029572603799303,52.98773554205605,358.32641522466093,105.17262699324763,302.75655830633093
15 Jul 2026 08:44:00.000000000,4349.263215971774,3123.09277210403,4309.334616215668,-5.897080796936645,3.0114116040445853,3.7634791567187964,-0.005328454087696051,-0.003830636160885925,-0.005300215792564988,39.12396131269934,-28.13068295596804,503.48511662006916,6874.815803437873,0.0005347669524121187,52.98520744726158,358.3226638324341,114.79068497369254,296.9501890258676
15 Jul 2026 08:45:00.000000000,3986.105062068976,3296.7555604360273,4525.444289481356,-6.2037328267778635,2.775232590537825,3.437545181696913,-0.004882118153659954,-0.004042624578039713,-0.005564637082117893,41.47380800406294,-24.456551274278453,504.1389821338599,6874.039511627812,0.00046856421524037173,52.98275975546496,358.3184986772653,125.5802424846938,289.972591939906
15 Jul 2026 08:46:00.000000000,3605.364028452726,3455.876362398508,4721.536254606555,-6.482965222250749,2.526857444847197,3.0964683853780604,-0.004414450460285113,-0.004236731403197165,-0.00580438598341709,43.67916080033842,-20.49848076275507,504.7662567090808,6873.303025687943,0.00040659726872271245,52.980435599292846,358.3139367577774,137.88813999892236,281.476907056967
15 Jul 2026 08:47:00.000000000,3208.722488608191,3599.7560962076204,4896.746973119327,-6.733559016188975,2.2673838421270314,2.7417597599768406,-0.003927530131589197,-0.004412130612489584,-0.0060184427429722165,45.71748324700825,-16.233830382426298,505.3549878265364,6872.619351804225,0.00035141408978080414,52.97827593094403,358.3090020933154,152.12422702342093,271.05326199218274
15 Jul 2026 08:48:00.000000000,2797.9321643815188,3727.7629792403645,5050.305336052023,-6.9544222308659815,1.9979565661685625,2.374988116096243,-0.003423510667270052,-0.004568079689937957,-0.00620590215864327,47.56390984395485,-11.64602974589283,505.89406783236865,6872.000557787818,0.000305857621434887,52.97631879662626,358.30372529977103,168.65721537187648,258.33291893148953
15 Jul 2026 08:49:00.000000000,2374.8063780882544,3839.335202806164,5181.535924954711,-7.144594059108505,1.7197624395787414,1.997773141149707,-0.002904610427740871,-0.004703921576034862,-0.006365975817748967,49.19173508462501,-6.728399428362289,506.3734292698047,6871.457561132632,0.00027276264533719846,52.9745986623698,358.29814304832365,187.54524407912388,243.25771000433653
15 Jul 2026 08:50:00.000000000,1941.2120709029698,3933.9832994505337,5289.861852609903,-7.303248479114274,1.4340251476565256,1.6117783375611685,-0.0023731032792275683,-0.00481908626351084,-0.006497993867715079,50.573352108872456,-1.488515063735899,506.7842207154313,6870.999937657451,0.0002540709061726126,52.97314580322174,358.292297416646,208.1670296781978,226.44888734137723
15 Jul 2026 08:51:00.000000000,1499.0616213159005,4011.292197003193,5374.8071770512215,-7.429697313210406,1.1419999758361403,1.2187038670390045,-0.001831309418844167,-0.004913092085822239,-0.006601406380779725,51.681715259584685,4.047614051804988,507.1189603452754,6870.635753979716,0.0002496230804757091,52.971985766699405,358.28623514412504,229.19993331235602,209.22905633864573
15 Jul 2026 08:52:00.000000000,1050.3044966498232,4070.9229547349364,5435.998884015867,-7.523392741562683,0.8449684777399888,0.820279323403609,-0.0012815863829292475,-0.004985546744190082,-0.006675784374111205,52.49229438571907,9.832735636760146,507.3716648558128,6870.371426641255,0.0002568549254168102,52.97113892005882,358.280006804284,249.2870187064824,192.95511809832925
15 Jul 2026 08:53:00.000000000,596.91877000714,4112.614177916396,5473.168434183771,-7.583929281456986,0.5442330883489597,0.41825645308889364,-0.0007263202236999289,-0.00503614811251355,-0.006720820537292828,52.985319535708015,15.798317069937044,507.53795178128047,6870.2116102401615,0.000272036800029348,52.97062008944059,358.27366590914914,267.7414578991674,178.3138641382397
15 Jul 2026 08:54:00.000000000,140.902534395051,4136.183107872397,5486.152872610191,-7.611045241488602,0.2411116945546288,0.014401839480254319,-0.00016791682606219317,-0.005064684855169937,-0.006736329712882335,53.14793088008693,21.858334855025966,507.61511367792946,6870.159116426409,0.0002918500246652359,52.97043829731585,358.2672679614607,284.5709044183157,165.29760368009045
15 Jul 2026 08:55:00.000000000,-315.73475474031386,4141.526385303106,5474.895498643289,-7.60462365793215,-0.06306782646908372,-0.3895104351019779,0.0003912066755990889,-0.005071036882747534,-0.006722249161955752,52.97574529980478,27.91689298734477,507.6021630817367,6870.21486509755,0.0003141357537742738,52.97059660290021,358.2608694716101,300.10750292065234,153.57415448876785
15 Jul 2026 08:56:00.000000000,-770.9809777026503,4128.620485224429,5439.446095379581,-7.564692717915102,-0.3669730919369755,-0.7917061376085952,0.0009486304275109005,-0.0050551756595243365,-0.006678638631279053,52.473421335318264,33.8782510838525,507.4998475872419,6870.377868593602,0.000337892868407354,52.971092048365634,358.2545269567484,314.7156284326685,142.7791041173413
15 Jul 2026 08:57:00.000000000,-1222.830058776846,4097.521822401959,5379.960718395191,-7.491425671001134,-0.6692727127649216,-1.190418231340256,0.0015019403917426511,-0.005017164400434085,-0.006605680269912693,51.65405993578514,39.6568131831823,507.31063483787347,6870.645249142879,0.0003629870123085902,52.97191571179043,358.248295939918,328.6693836524565,132.63831309042337
15 Jul 2026 08:58:00.000000000,-1669.2906538909867,4048.366526640578,5296.7010441360835,-7.385140227614573,-0.9686417992788697,-1.5838942106783993,0.0020487369212234107,-0.004957158059829338,-0.006503678264171094,50.53761318106502,45.18464565494865,507.03866766162184,6871.012289261173,0.0003898194865386236,52.97305286588352,358.2422299669639,342.12770851836234,122.99280581264368
15 Jul 2026 08:59:00.000000000,-2108.394786703544,3981.3698878127584,5190.033279058084,-7.246297439705995,-1.2637674644449732,-1.9704034112706923,0.0025866434530699566,-0.0048754032562754535,-0.006373058378974677,49.1487243450874,50.41514595261922,506.6896900281941,6871.472514260556,0.00041902534452232046,52.97448323963057,358.2363796587209,355.1493002870952,113.78385095068946
15 Jul 2026 09:00:00.000000000,-2538.206402052748,3896.825471043067,5060.426631322126,-7.0755000562716255,-1.553354314852732,-2.3482442821703344,0.0031133153325387146,-0.00477223795290104,-0.006214367165341785,47.51448696496979,55.32290397810347,506.2709449431283,6872.017805489776,0.0004512169825354433,52.976181378176484,358.23079181528914,7.72241433876715,105.02316106548241
15 Jul 2026 09:01:00.000000000,-2956.829804891014,3795.103903119977,4908.45134776,-6.873490344185891,-1.836129917846044,-2.7157516038765186,0.0036264488158191522,-0.004648090955505015,-0.006028270914250246,45.66250320273874,59.90083172416759,505.79104582872804,6872.63854241098,0.0004867880155200571,52.978117094508654,358.2255085883195,19.79874128340481,96.75901591192547
15 Jul 2026 09:02:00.000000000,-3362.4179523520006,3676.6513319491132,4734.7763198435205,-6.641147363327604,-2.1108502311841684,-3.0713036334769934,0.00412379026290595,-0.0045034811584783,-0.005815554263227304,43.619437194052374,64.1559640484451,505.2598233677486,6873.323771126041,0.000525792387262299,52.98025600487346,358.22056673597206,31.32378774369625,89.04588202533729
15 Jul 2026 09:03:00.000000000,-3753.1805658484404,3541.9875617560065,4540.166263625169,-6.37948368443118,-2.3763049790918855,-3.4133291547005715,0.004603145522448213,-0.004339016499382872,-0.005577118403250331,41.410091323208846,68.10510259204382,504.68815019932634,6874.061396505867,0.0005679018774304424,52.982560138371845,358.2159969737242,42.25801870346079,81.92327069917725
15 Jul 2026 09:04:00.000000000,-4127.3920294077125,3391.70386779254,4325.478480063068,-6.089641538559351,-2.631322955827095,-3.7403144070547882,0.005062389491423552,-0.00415539257468928,-0.00531397882332635,39.056928995768345,71.77101809010665,504.08774625207184,6874.8383946564745,0.000612428395946773,52.98498860986752,358.211823432533,52.58665420828399,75.40594156250428
15 Jul 2026 09:05:00.000000000,-4483.399039811185,3226.4604955229115,4091.659203814768,-5.772888388665723,-2.8747772350269694,-4.050809864477865,0.005499475813903977,-0.003953390868994686,-0.005027262530699412,36.579927161978134,75.179502901363,503.4709678698073,6875.641042082909,0.0006583869728829132,52.98749834422281,358.20806323386205,62.31996503577655,69.48360713543816
15 Jul 2026 09:06:00.000000000,-4819.627973599734,3046.9838506522005,3839.7395504848464,-5.430611916419142,-3.1055902602641363,-4.343436830268429,0.00591244666435786,-0.0037338765514793567,-0.004718204687463934,33.996644287203964,78.35728394803432,502.8505842229371,6876.455157594729,0.0007045754385049598,52.990044838976736,358.2047261890688,71.48799697903664,64.12620871564995
15 Jul 2026 09:07:00.000000000,-5134.591935700996,2854.063387920261,3570.8310744232717,-5.064314421282872,-3.322738789570641,-4.6168938116715506,0.00629944254242565,-0.0034977957971881308,-0.00438814461030998,31.322411834159524,81.33066609797838,502.2395447935544,6877.266352740857,0.0007496538649644618,52.9925829519097,358.2018146283683,80.13348456543615,59.29100277135491
15 Jul 2026 09:08:00.000000000,-5426.897454392947,2648.548208291153,3286.120951478163,-4.675606633712908,-3.5252586643308597,-4.869962634572051,0.006658711989979114,-0.0032461725974724295,-0.0040385210899633985,28.57058405206985,84.1247336427285,501.6507419654988,6878.060286374934,0.0007922151633117805,52.99506769951179,358.199323362328,88.30536147316336,54.92905057692907
15 Jul 2026 09:09:00.000000000,-5695.250787603862,2431.3433760108605,2986.8668035645965,-4.266200950146255,-3.7122493710238276,-5.101514256458874,0.006988621126441392,-0.002980105031877595,-0.003670866998088198,25.75280422328158,86.76294760742506,501.09677293159893,6878.822918840751,0.000830844323227424,52.997455052195384,358.19723977642894,96.05387948881946,50.990099247463675
15 Jul 2026 09:10:00.000000000,-5938.463806211762,2203.4059689377896,2674.3911844857666,-3.8379041040343935,-3.8828783629450614,-5.310514234316131,0.007287662886943468,-0.002700760984283166,-0.0032868031640747564,22.879263046820906,89.26700748959905,500.5897052390844,6879.540761234796,0.0008641669929375953,52.999702712168535,358.1955440569524,103.42743642866772,47.425753750254025
15 Jul 2026 09:11:00.000000000,-6155.45942108359,1965.7408775566782,2350.0757490720725,-3.3926092943529875,-4.036385108334834,-5.496027803499943,0.007554465840124523,-0.00240937329771964,-0.0028880315199753914,19.95893676951803,91.65688012794566,500.14085032241354,6880.201115254561,0.0008908892057414213,53.00177086021102,358.19420954403586,110.4707992561387,44.191253662259676
15 Jul 2026 09:12:00.000000000,-6345.276522117662,1719.3963701035634,2015.3551303407091,-2.9322878005610664,-4.172084831381282,-5.657224524054854,0.0077878024585299735,-0.0021072343752059903,-0.002476327529134383,16.99980020803441,93.9509280388827,499.7605493128345,6880.79229927807,0.0009098300584324219,53.00362285816577,358.1932032055553,117.22431258167174,41.2462644900255
15 Jul 2026 09:13:00.000000000,-6507.074399535996,1465.459443225216,1671.7105519474726,-2.458980120647192,-4.28937191338686,-5.7933824523717465,0.007986596713000981,-0.001795690246651111,-0.002053531931140932,14.009014243806787,96.16609251176669,499.4579752611102,6881.3038565416955,0.0009199487305224663,53.005225894761075,358.19248622331133,123.72373393179457,38.55504216871028
15 Jul 2026 09:14:00.000000000,-6640.136620110163,1205.050979514053,1320.6632056570431,-1.974786676443911,-4.387722923011728,-5.9038917985931025,0.008149930869027528,-0.0014761341361117695,-0.0016215418543512284,10.993089794192535,98.31810334823984,499.240955661636,6881.726741588514,0.000920366763106175,53.00655156340019,358.1920146810782,130.0004311222416,36.086235409776314
15 Jul 2026 09:15:00.000000000,-6743.874333883372,939.320735063772,963.7674258193347,-1.481858137556222,-4.466699246921147,-5.988258033715206,0.008277051370092303,-0.0011499995760618398,-0.0011823013631763917,7.958031448542616,100.42169858389687,499.1158188240473,6882.05348154423,0.0009103861338361834,53.00757636177504,358.1917403422161,136.0817659114356,33.81250172618416
15 Jul 2026 09:16:00.000000000,-6817.828990241373,669.4421818127353,602.6036948600522,-0.9823854217873224,-4.525949295334334,-6.046104414846801,0.008367373705127452,-0.0008187531273559372,-0.0007377915230000997,4.909464433533202,102.49084516408773,499.0872672062597,6882.278309233146,0.0008895033999832332,53.00828210455796,358.19161150306115,141.99155689800853,31.710044177258744
15 Jul 2026 09:17:00.000000000,-6861.674445836017,396.60723086953175,238.7715155146971,-0.47858943564686285,-4.565210260818398,-6.077173902462246,0.008420486173592135,-0.0004838867743490046,-0.00029002007895798706,1.8527486733340286,104.53895648451022,499.15828030940537,6882.397265667992,0.0008574200212801413,53.00865624197368,358.1915739069103,147.75056346534512,29.758127036659815
15 Jul 2026 09:18:00.000000000,-6875.21845082812,122.02086417468415,-126.11781308992667,0.027289376827470402,-4.584309413110312,-6.081330449597564,0.008436152480654073,-0.00014691007357596817,0.00015898914413434368,-1.2069163575999375,106.57910580216469,499.33004915162707,6882.40827001989,0.0008140488926642061,53.00869207872603,358.19157170244614,153.3769670945916,27.93859406890366
15 Jul 2026 09:19:00.000000000,-6858.4035041160205,-153.10429725432758,-490.44847740933375,0.5330016052533584,-4.583164917654632,-6.058559649618437,0.008414313116213955,0.00019065785912387035,0.0006072070056730107,-4.264392407311442,108.62423636934035,499.60194369885016,6882.311155789967,0.000759517090722439,53.00838888951956,358.19154842962985,158.8868544611126,26.23538500667301
15 Jul 2026 09:20:00.000000000,-6811.307072582101,-427.5534596721416,-852.6074508323958,1.0362994902969347,-4.561786170786205,-6.0089687362549995,0.008355085493451337,0.0005272964336491063,0.0010526098569929394,-7.314505359463168,110.68737012886923,499.97151395336795,6882.107672544435,0.0006941648477882269,53.007751929244385,358.1914480156722,164.2947399008963,24.634012649865582
15 Jul 2026 09:21:00.000000000,-6734.1411738377665,-700.1151284621282,-1210.99177557475,1.5349475127591048,-4.520273649914214,-5.932785936851554,0.008258762848161131,0.000861491651708299,0.0014931902717163989,-10.351946844517476,112.78181715147936,500.4345247048812,6881.801453230254,0.0006185408016626313,53.00679233775006,358.1912157635106,169.61422714230602,23.120900698492967
15 Jul 2026 09:22:00.000000000,-6627.251326394499,-969.586556486704,-1564.0157865582037,2.026732880556165,-4.458818282522208,-5.830359187013257,0.00812581192169059,0.001191744063551434,0.0019269675793939648,-13.371171084638211,114.92138777501407,500.98502325253884,6881.397947739556,0.0005333936181757943,53.00552694098944,358.19079931540165,174.85907097774242,21.68232165235116
15 Jul 2026 09:23:00.000000000,-6491.1148755507,-1234.7791403085212,-1910.1182394175082,2.5094758419095604,-4.377700343131641,-5.702154221842191,0.007956869474926074,0.0015165765284284511,0.0023519980886837232,-16.366283428192165,117.12060857160306,501.61543873105063,6880.904324026833,0.00043966014690769513,53.00397795213326,358.19014957469767,180.04541165758727,20.30216200237382
15 Jul 2026 09:24:00.000000000,-6326.338707478828,-1494.523736365891,-2247.7693058832724,2.9810397565120024,-4.277287892432876,-5.548752065543812,0.00775273770157964,0.0018345416976882775,0.0027663848949287667,-19.330916920833953,119.39494163895137,502.3167110371868,6880.329338686643,0.0003384503642155364,53.00217257800778,358.189221569628,185.1979847100399,18.955712017055575
15 Jul 2026 09:25:00.000000000,-6133.656367951448,-1747.6758701797596,-2575.4774012678836,3.4393408610971545,-4.158034777427438,-5.370845947171771,0.007514378627487969,0.002144229147434276,0.0031682871782926845,-22.258093180850352,121.76100394321433,503.07844677266723,6879.683179459422,0.00023102961869637058,53.00014253786361,358.1879752439364,190.3741459719527,17.585640345389965
15 Jul 2026 09:26:00.000000000,-5913.924605786547,-1993.1208129340127,-2891.795810598547,3.88235767156352,-4.020478215519687,-5.169237675503747,0.007242907599517774,0.002444272097715543,0.003555928912712235,-25.1400639030809,124.2367789935097,503.8890991092164,6878.977282637725,0.00011880075258659447,52.997923503012046,358.1863761605685,195.827212174405,15.938653098615154
15 Jul 2026 09:27:00.000000000,-5668.119364370096,-2229.7785012499794,-3195.3290820417146,4.308139970374343,-3.865235988947222,-4.944833510374775,0.006939585979398034,0.0027333536667201127,0.003927606921503486,-27.968129690175715,126.84180621963174,504.7361680534477,6878.224128783605,3.878337797040367e-06,52.995554467241455,358.18439610610636,233.09960418526464,342.4723503138897
15 Jul 2026 09:28:00.000000000,-5397.331247477308,-2456.608277647986,-3484.739158598248,4.714817335171525,-3.6930032786611138,-4.6986395711373135,0.006605813167200901,0.003010212621212148,0.004281698232938053,-30.732433901579686,129.59732300337026,505.6064172502445,6877.437020533663,0.00011403730550489689,52.99307705912761,358.18201358541535,23.485281221035336,195.89279149225726
15 Jul 2026 09:29:00.000000000,-5102.760488035539,-2672.6134309977456,-3758.7512215525057,5.1006071721485045,-3.504549168709882,-4.431756825210075,0.006243118082269283,0.0032736485972974963,0.004616666706141676,-33.42173129242782,132.52631910531966,506.4861032187595,6876.629846555683,0.00023134120326003243,52.99053480835508,358.1792141979076,28.845652898045252,194.3385833446813
15 Jul 2026 09:30:00.000000000,-4785.711450432026,-2876.8455181605177,-4016.1592217720545,5.46382222547849,-3.300712853319099,-4.145375700896348,0.005853150231788275,0.0035225267798204315,0.00493106891675928,-36.02313509795059,135.65344197211215,507.3612127644572,6875.816835925461,0.0003470275507776437,52.98797237895919,358.1759908889164,33.80083635736568,193.18962251472914
15 Jul 2026 09:31:00.000000000,-4447.586698470485,-3068.4084499673863,-4255.831077612542,5.802877541734651,-3.082399579202883,-3.8407703688148107,0.0054376704908928285,0.003755782040800742,0.005223559307708341,-38.521852901778104,139.00466350006442,508.21770425245427,6875.012307314915,0.00045940569132034724,52.9854347829626,358.1723440718389,38.63167803250157,192.1650737109059
15 Jul 2026 09:32:00.000000000,-4089.880662128215,-3246.4623266229914,-4476.713520824489,6.116296875533946,-2.8505763552190935,-3.519292735444319,0.004998541712386493,0.003972422550471682,0.005492894627578383,-40.9009323591704,142.60658572630925,509.04174845588574,6874.230417422516,0.0005668154588414214,52.9829665882097,358.16828161900514,43.39527179511128,191.2078515144873
15 Jul 2026 09:33:00.000000000,-3714.1729368982806,-3410.227009513043,-4677.836574423514,6.402718529347941,-2.60626746036477,-3.1823661905351024,0.004537719271673044,0.004171532884912483,0.005737937692749412,-43.141053879071464,146.4852307276896,509.8199648008242,6873.484913037731,0.000667651863108484,52.98061113429167,358.1638187214846,48.11196737368048,190.29761196803395
15 Jul 2026 09:34:00.000000000,-3322.1212497353763,-3558.9854182101926,-4858.317648930745,6.660900626380474,-2.3505497793635586,-2.8314791475910415,0.004057241638113252,0.004352276663498552,0.005957660521026203,-45.2204292423276,150.66414349345104,510.53964900752334,6872.788891016443,0.0007603919091334951,52.97840977030217,358.1589776203879,52.791465277759755,189.42465771121456
15 Jul 2026 09:35:00.000000000,-2915.4541255851054,-3692.086543139626,-5017.365245640869,6.889725820393081,-2.0845479928948563,-2.4681784134880798,0.0035592210484877832,0.004513898757500248,0.006151146894879543,-47.114891200938345,155.16166360216303,511.1889883662895,6872.154570260018,0.0008436204530393885,52.97640112777164,358.1537872143929,57.439271285068756,188.58348360451114
15 Jul 2026 09:36:00.000000000,-2495.963287987385,-3808.9481659598155,-5154.282257696584,7.088205450401194,-1.8094296468067732,-2.0940624195366087,0.0030458343385393665,0.004655727115693558,0.006317594417628056,-48.79828314069468,159.98733440548315,511.7572611754946,6871.593079542371,0.0009160543674547342,52.974620441506026,358.14828255046,62.05882167894247,187.7706516515136
15 Jul 2026 09:37:00.000000000,-2065.4958269086096,-3909.0592810045196,-5268.468861486224,7.255483150844594,-1.5264001219512804,-1.7107743425702295,0.0025193139697331857,0.004777174255406001,0.006456316128670274,-50.2432664149052,165.13766291041858,512.2350171979549,6871.114264724856,0.00097656454998724,52.97309893021258,358.1425042066563,66.65230457221286,186.98396987888609
15 Jul 2026 09:38:00.000000000,-1625.9461660122258,-3991.982212429293,-5359.424992585992,7.390837929658141,-1.2366975231580388,-1.319995140416736,0.0019819392700652807,0.004877738469490115,0.0065667417459306125,-51.42263472911516,170.59183451810668,512.614236353004,6870.72651854396,0.0010241953883700077,52.97186324774586,358.13649757796395,71.22099221279754,186.22216027542405
15 Jul 2026 09:39:00.000000000,-1179.2478609657676,-4057.3544226706904,-5426.752401751983,7.493686727086538,-0.9415875030574736,-0.9234365223353381,0.0014360278868987095,0.004957004794910304,0.006648418596379278,-52.31113734338872,176.30844714277225,512.8884632446296,6870.436635760091,0.0010581813516690212,52.97093501457188,358.1303120775743,75.76534760475451,185.48475245092712
15 Jul 2026 09:40:00.000000000,-727.3652595594696,-4104.89000870751,-5470.156287618247,7.563586467570165,-0.6423580336958453,-0.5228338713363035,0.0008839274353160845,0.005014645787751054,0.006701012293820819,-52.887659429081445,-177.77536341323426,513.0529155262018,6870.249696022794,0.0010779604322571092,52.9703304376455,358.1240002676858,80.28499561328266,184.7721128407812
15 Jul 2026 09:41:00.000000000,-272.28505371175567,-4134.380883313547,-5489.446503671275,7.600235615503079,-0.340314136473396,-0.11993913213696254,0.000328007308448556,0.005050422140541279,0.006724307210471969,-53.1374227515848,-171.74120730444326,513.1045645132011,6870.168976347173,0.0010831842228434757,52.9700600253527,358.11761693501825,84.77858021161671,184.08558779211052
15 Jul 2026 09:42:00.000000000,183.99224714837965,-4145.697639062401,-5484.538337811522,7.603475243325741,-0.03677257894354221,0.2834863240523918,-0.00022934939478448446,0.005064183171453415,0.006718206779938279,-53.05373694127448,-165.68280239270769,513.042186872995,6870.195894611776,0.0010737244790242162,52.97012840251074,358.111218127241,89.24349063785185,183.4277777568195
15 Jul 2026 09:43:00.000000000,639.4608922631511,-4138.790093312689,-5455.4528634186445,7.573289617445422,0.26694345446743833,0.6856788485694254,-0.0007857538782376073,0.005055867205003284,0.006682733655495603,-52.63885041784908,-159.69645157783302,512.866386642936,6870.329984989302,0.0010496760926706485,52.970534228672854,358.1048601671891,93.6754019522805,182.802997094046
15 Jul 2026 09:44:00.000000000,1092.118486472751,-4113.687512796355,-5402.31686135155,7.50980630408048,0.5695097116577696,1.0848796698714385,-0.0013388196524432997,0.005025501854298251,0.006618029734531139,-51.90365989110632,-153.87087054245333,512.5795872519099,6870.568905710719,0.0010113564906495014,52.971270221183055,358.09859866215186,98.06752058225184,182.218028887993
15 Jul 2026 09:45:00.000000000,1539.9745790219547,-4070.4985167997834,-5325.362312801183,7.413295793544669,0.8696062360123669,1.479342045480003,-0.0018861705937533078,0.0049732042024541075,0.006524356043336201,-50.86636232331751,-148.27888867424218,512.1859936460496,6870.908479048589,0.0009593015890245544,52.97232328259764,358.0924875255342,102.4093253227008,181.68338430541772
15 Jul 2026 09:46:00.000000000,1981.0592153690407,-4009.410658280681,-5224.925463384753,7.284170637909039,1.1659227373286116,1.8673384026259394,-0.00242544911665434,0.0048991808733222795,0.006402092466463219,-49.550417246041356,-142.97273325996179,511.69152504433407,6871.342762891478,0.0008942586045527379,52.97367473026954,358.0865780281038,106.68439122592132,181.21547905319866
15 Jul 2026 09:47:00.000000000,2413.4314224301097,-3930.689682684902,-5101.445459460109,7.122984093735044,1.457163963090515,2.247167457176053,-0.002954324509830276,0.004803727967392554,0.006251737286148037,-47.98230353896503,-137.9832209113655,511.10371927435125,6871.864152773282,0.0008171763279546406,52.97530062410521,358.0809178954167,110.86643769314186,180.84058561532248
15 Jul 2026 09:48:00.000000000,2835.18759735849,-3834.678464700441,-4955.462558288004,6.93042825875772,1.742055061248164,2.617161298375453,-0.0034705014776008473,0.004687230833295337,0.006073906490344714,-46.18948713367288,-133.322003516651,510.4316100602428,6872.463512725944,0.0007291941007369311,52.977172186788415,358.0755504672749,114.9116757267538,180.60248630479964
15 Jul 2026 09:49:00.000000000,3244.469769079396,-3721.79562378707,-4787.615914518754,6.707331689327952,2.0193469234379435,2.9756924238782774,-0.003971728913870636,0.00455016363400758,0.0058693327935540485,-44.19884417993073,-128.98550326799528,509.6855790519289,6873.130332847019,0.0006316323266574093,52.97925630914508,358.0705139339969,118.74270939388558,180.57857207345128
15 Jul 2026 09:50:00.000000000,3639.4737009984583,-3592.5338200583174,-4598.640946507591,6.454656484210466,2.2878214950415967,3.321180706104438,-0.004455808920745594,0.004393088662863196,0.00563886430988345,-42.03560736191728,-124.95927984524964,508.877184793337,6873.852911020354,0.0005259920299910216,52.981516131829835,358.06584066288974,122.2107676857674,180.91761088967195
15 Jul 2026 09:51:00.000000000,4018.4568024231435,-3447.4577329867725,-4389.366287219213,6.173494820136831,2.5462970356157557,3.652100267106157,-0.004920606066269536,0.004216655359713166,0.005383462812369,-39.72278133954464,-121.22199382839845,508.01897122296594,6874.61855580776,0.00041398765069600423,52.98391169317437,358.0615566268623,124.99278631270202,181.9426661395107
15 Jul 2026 09:52:00.000000000,4379.745815367884,-3287.2017264883993,-4160.71032597815,5.865064925436168,2.793633310140341,3.966986235079435,-0.0053640568553084,0.0040215989743682306,0.005104201509254986,-37.280917722115824,-117.74857411763927,507.1242586765421,6875.413807146518,0.0002977139741422745,52.98640063186885,358.05768094520494,126.24217505215798,184.5003294294645
15 Jul 2026 09:53:00.000000000,4721.744242653449,-3112.467205199081,-3913.6773490643473,5.53070648015005,3.0287366884300253,4.2644413515967825,-0.005784179369191379,0.0038087388263597986,0.004802262271387207,-34.728133129912074,-114.51251712216293,506.2069207108179,6876.224671150827,0.00018057436516357562,52.98893893217861,358.0542255447252,122.89756547801142,191.65197295968605
15 Jul 2026 09:54:00.000000000,5042.939482598844,-2924.01966821216,-3649.353289137366,5.171875434304525,3.250565127017838,4.543142394762591,-0.006179083010691061,0.0035789761126561056,0.004478932249326162,-32.08027238426575,-111.48741921261285,505.281150381682,6877.036865032105,7.716084700722881e-05,52.991481698639646,358.0511949472299,94.61822846593559,223.73833207020195
15 Jul 2026 09:55:00.000000000,5341.909635240218,-2722.6854681606565,-3368.9010956757475,4.790138240396976,3.4581330050491776,4.801846379998137,-0.006546978270455184,0.003333291218583396,0.004135599824651679,-29.351145090615685,-108.64790792728239,504.3612198780779,6877.8360679298985,9.819735075744315e-05,52.99398394664443,358.04858618723864,10.964543710760726,311.19903572287103
15 Jul 2026 09:56:00.000000000,5617.329944927933,-2509.34828531569,-3073.5557410174924,4.387165501593869,3.6505157833088036,5.039396497223064,-0.006886186417581432,0.003072740496985707,0.0037737498535688027,-26.55278827374168,-105.97013825934306,503.4612376262016,6878.608173289568,0.00020720916101536524,52.9964013950362,358.0463888614402,354.16575622427916,331.80484995008777
15 Jul 2026 09:57:00.000000000,5867.97884443868,-2284.945328276538,-2764.6188791379304,3.9647250434686803,3.8268544536147373,5.254727740985425,-0.007195149001906673,0.0027984524886210385,0.0033949581724999093,-23.695726700425922,-103.43199342889903,502.59490712541907,6879.339538340745,0.0003216519887670058,52.99869124677506,358.04458530916725,352.66965617021225,337.1079979139755
15 Jul 2026 09:58:00.000000000,6092.743566420988,-2050.4632748407917,-2443.453176955917,3.524674424181391,3.9863597445296963,5.446872188740404,-0.007472437043795797,0.0025116235678400213,0.0030008853503603284,-20.789215771738224,-101.01309569977067,501.7752918487147,6880.017226226782,0.00043287124461205753,53.00081294393266,358.0431509207802,354.59452882849496,338.9902097853464
15 Jul 2026 09:59:00.000000000,6290.625289122793,-1806.9339686942594,-2111.4763406650472,3.0689529055876124,4.128316048782951,5.614963882095494,-0.007716759783943155,0.0022135130114233274,0.002593269691177414,-17.841460409292257,-98.69470189834834,501.01459052780456,6880.629236413653,0.000538178628422831,53.00272888370259,358.04205456872853,357.8044200703982,339.58745706326954
15 Jul 2026 10:00:00.000000000,6460.743784935117,-1555.429889649687,-1770.1548622776963,2.5995729156580403,4.252085037993749,5.7582432665080745,-0.00792697285867605,0.0019054375000974618,0.002173919506105933,-14.859808500655166,-96.4595336999372,500.3239270398033,6881.164719169433,0.0006358373589653258,53.004405082781446,358.04125915372896,1.6493138446523314,339.5497748383661
15 Jul 2026 10:01:00.000000000,6602.341542356639,-1297.059417186963,-1420.9975141874374,2.1186110405070595,4.3571089313219895,5.876061146672168,-0.008102085770661741,0.001588765077177195,0.0017447046939080427,-11.850920346243273,-94.29157465339665,499.7131589146025,6881.614170151599,0.0007244708936634151,53.00581177836566,358.0407222566175,5.8693838989508755,339.1370097795757
15 Jul 2026 10:02:00.000000000,6714.787334513642,-1032.9619090120093,-1065.548622031451,1.6281985920495283,4.442913386511868,5.967882117666725,-0.00824126853007673,0.0012649086020525054,0.0013075476861376994,-8.820917014925474,-92.17585326717808,499.19070818861115,6881.969601468065,0.0008029442405122478,53.006923955107474,358.0403968844398,10.343306158830421,338.470507427309
15 Jul 2026 10:03:00.000000000,6797.579210353658,-764.302618161727,-705.3811484089128,1.1305118045461777,4.509109984448026,6.033287435814403,-0.008343857349866105,0.0009353187490194836,0.0008644138297877002,-5.7755111524643645,-90.09822296280194,498.76341794412366,6882.224685983401,0.0008703375347248395,53.00772178866269,358.0402322977495,15.009351665401761,337.6120188971119
15 Jul 2026 10:04:00.000000000,6850.346888023562,-492.26747382443125,-342.0896220211056,0.6277617198377706,4.555398281741408,6.071977298039262,-0.008409359294319312,0.0006014766142647169,0.00041730129585924896,-2.7201239741485383,-88.04514413827755,498.4364374002078,6882.374872118917,0.0009259430601198607,53.00819099791988,358.0401749045777,19.835308227681885,336.59377884431234
15 Jul 2026 10:05:00.000000000,6872.853533699179,-218.05775245636573,22.717051501758558,0.12218382668027693,4.581567409934777,6.0837725041967605,-0.00843745579616407,0.00026488600385267,-3.1769385176602046e-05,0.3400078549576155,-86.00347005774393,498.2131378700233,6882.417466932941,0.000969268076352683,53.008323099599515,358.04016920537185,24.805411451738,335.4315740341188
15 Jul 2026 10:06:00.000000000,6864.996913192944,57.11533307409928,387.4228594907325,-0.3839724759167355,4.587497204557626,6.068615483235823,-0.008428004976898187,-7.293451579035615e-05,-0.00048076604957936675,3.3997318520987663,-83.9602361389031,498.09506128477017,6882.351685858266,0.001000037788702876,53.008115560627054,358.0401587722531,29.91416449976303,334.1309231711548
15 Jul 2026 10:07:00.000000000,6826.809907954891,332.03609772268254,750.411994305016,-0.8884545182152838,4.573158852342063,6.026570670964946,-0.008381042729348254,-0.0004104597171649157,-0.0009276557695318339,6.453882360131176,-81.90245101124538,498.0819023208172,6882.178668100513,0.001018196351030867,53.007571845483945,358.0400872453267,35.16330635688283,332.6901082179319
15 Jul 2026 10:08:00.000000000,6758.460391525185,605.4898727534799,1110.0761685225425,-1.3890170271619156,4.538615050294163,5.957824234442292,-0.008296782542833957,-0.000746165869453917,-0.0013704157429384554,9.497182753531654,-79.81688720676138,498.1715244735746,6881.901457354732,0.001023905069942851,53.00670135759345,358.0398993284533,40.56039192390838,331.1015938915201
15 Jul 2026 10:09:00.000000000,6660.250467006509,876.268489120136,1464.8218941164866,-1.8834327462956093,4.484019675844704,5.862683145387155,-0.008175614076443434,-0.001078538862155289,-0.0018070440808628256,12.524143747530129,-77.68986940705526,498.3600097174595,6881.5249481583405,0.0010175375344007134,53.005519275673294,358.03954176686216,46.11831197334013,329.3525073085368
15 Jul 2026 10:10:00.000000000,6532.615070619113,1143.1757265110034,1813.077686838168,-2.369502933796474,4.409616972822965,5.74157361230834,-0.008018100510488608,-0.001406082203767981,-0.0022355703730381235,15.528954278224068,-75.50705882206736,498.64174069743984,6881.055798856177,0.0009996716998334407,53.00404628784896,358.0389642892741,51.855462987932846,327.4244677664529
15 Jul 2026 10:11:00.000000000,6376.119950792313,1405.0326992740045,2153.3011578090213,-2.8450676667664503,4.3157402633459,5.595038888056685,-0.007824974726789927,-0.0017273248083361408,-0.002654065917709848,18.505361309530823,-73.25323366356133,499.00951373276894,6880.502312788185,0.0009710791749638983,53.0023082281383,358.0381204978429,57.79647154834599,325.2928620017154
15 Jul 2026 10:12:00.000000000,6191.459036454809,1660.6831511906817,2483.985955512544,-3.308015883593045,4.202810200745941,5.423736476039852,-0.007597134393569465,-0.002040828490069735,-0.0030606535128095695,21.446534820817025,-70.91206810055871,499.45468029646656,6879.874289912209,0.0009327121662096484,53.00033562165599,358.03696869009144,63.97350067087783,322.9255375303078
15 Jul 2026 10:13:00.000000000,5979.45121213497,1908.9986321185186,2803.6685229394,-3.756295101196911,4.071332583231876,5.228434764208141,-0.007335636043225375,-0.002345195093773472,-0.003453516716129629,24.344914228723617,-68.46591603150718,499.9673140808494,6879.182851626129,0.0008856887749842548,52.99816314651655,358.0354725982093,70.42826884745377,320.28078332469454
15 Jul 2026 10:14:00.000000000,5741.036521107723,2148.8835308259554,3110.934636526742,-4.187920749918268,3.9218957519700877,5.010009120981515,-0.007041688252921975,-0.002639073200774421,-0.003830908498855083,27.192032757277836,-65.89561220042002,500.5364002835272,6878.440242047366,0.0008312776660928236,52.99582902190369,358.0336020325426,77.215026241201,317.30435337927685
15 Jul 2026 10:15:00.000000000,5477.271821067596,2379.279939872562,3404.425695704158,-4.600985075558052,3.755167600587385,4.769437491414123,-0.006716644043281069,-0.002921164360575905,-0.0041911592310204596,29.97831705712168,-63.18031261334853,501.1500433587491,6877.6596094299475,0.0007708835973583683,52.993374333099126,358.03133341778846,84.40487720390709,313.9251440028213
15 Jul 2026 10:16:00.000000000,5189.325919633726,2599.1723300856074,3682.84473424471,-4.9936655654079445,3.571892225665435,4.5077955350033045,-0.006361992623181543,-0.003190228812823993,-0.004532683957189726,32.69286111205579,-60.29741012268394,501.79568918378885,6876.854771745913,0.0007060360219617792,52.99084230539778,358.0286502122861,92.09202417381829,310.048949783303
15 Jul 2026 10:17:00.000000000,4878.474219362227,2807.5920140243466,3944.962127172164,-5.364232862752613,3.3728862495665206,4.226251348588762,-0.005979350606527684,-0.0034450906759637408,-0.004853988936056353,35.323176808192535,-57.222580769149936,502.46035739012433,6876.039970720382,0.0006383840810556192,52.9882775397594,358.02554320288846,100.40270882810181,305.5495223538965
15 Jul 2026 10:18:00.000000000,4546.0929038584545,3003.6213797329606,4189.62096961428,-5.711058142020791,3.1590348479031154,3.9260598187582105,-0.005570452831438145,-0.0036846425943946317,-0.005153677438597823,37.85492940913888,-53.93004290799967,503.1308795050208,6875.229618786754,0.0005697029073791406,52.985725223741674,358.02201067007434,109.50768548326747,300.25609696886505
15 Jul 2026 10:19:00.000000000,4193.652698028409,3186.39787804183,4415.742106670547,-6.0326199242812155,2.931287514135912,3.60855664809728,-0.005137142900988551,-0.00390784984623422,-0.005430454812485627,40.27167579295716,-50.39314360192232,503.794138536496,6874.438043518644,0.0005019180383404606,52.98323033171408,358.018058420316,119.63840257704786,293.9372110569553
15 Jul 2026 10:20:00.000000000,3822.71223652603,3355.1177486073034,4622.328796004441,-6.327510319850639,2.6906535932303894,3.275152098578071,-0.0046813635612895,-0.004113753928370103,-0.00568313283989885,42.55463798120853,-46.58542067767464,504.4373057074216,6873.679234100132,0.0004371551374346881,52.980836828554956,358.0136996850127,131.10389962685554,286.2838073572287
15 Jul 2026 10:21:00.000000000,3434.911075053868,3509.039471770248,4808.470987427811,-6.594440691217513,2.4381976150662346,2.9273244934730607,-0.00420514701551159,-0.004301475643326547,-0.005910633425566151,44.6825650846126,-42.482312086072206,505.0480701939884,6872.966594316873,0.00037781406689200704,52.97858689098463,358.0089548877543,144.2950422665882,276.90499903455805
15 Jul 2026 10:22:00.000000000,3031.96237937154,3647.4869351155726,4973.3492061863935,-6.832246735109512,2.1750344564733206,2.566613516505576,-0.0037106052601121316,-0.004470217722469314,-0.006111991664724047,46.63176243770588,-38.06367241468671,505.6148579411637,6872.312706395228,0.0003266283511262668,52.97652016038298,358.00385128395015,159.6365332384403,265.37605889652656
15 Jul 2026 10:23:00.000000000,2615.6453269259478,3769.8523052371206,5116.238028838752,-7.039892987070367,1.9023243585991523,2.194613343872121,-0.0031999205120188316,-0.004619267026862441,-0.006286358349041486,48.37639260483301,-33.31717022966397,506.12703590198464,6871.729109787284,0.0002865633198536648,52.97467304038797,357.9984224792104,177.40731775329928,251.41801429421184
15 Jul 2026 10:24:00.000000000,2187.7972554414578,3875.5985968287755,5236.50914277823,-7.21647675562286,1.621267823581344,1.8129656409613966,-0.002675335775049987,-0.004747996369435907,-0.006433001970870651,49.88916760155214,-28.242431522747236,506.5750983694021,6871.226098704785,0.0002602489932525756,52.973078051779375,357.9927078349788,197.37978026343762,235.25845066072603
15 Jul 2026 10:25:00.000000000,1750.3055925688493,3964.261932481647,5333.63398213566,-7.361231495327218,1.3331004119217926,1.423352452063293,-0.0021391455771035675,-0.004855866005657858,-0.006551310290168533,51.142535348236734,-22.855435267547243,506.95083242817225,6870.812541853063,0.0002487962881039114,52.971763256135915,357.98675177196657,218.52470187302094,217.92655445605905
15 Jul 2026 10:26:00.000000000,1305.0995998968085,4035.453487830925,5407.185934469666,-7.47352962944286,1.0390874590659258,1.0274890074341216,-0.0015936868898355889,-0.004942424838661718,-0.006640791525972609,52.11039218910074,-17.192203697163894,507.2474599418839,6870.495727411503,0.0002507950416377781,52.97075175853102,357.9806029837412,239.34468319818345,200.91969070147343
15 Jul 2026 10:27:00.000000000,854.141964022923,4088.8611177020643,5456.842113978712,-7.552884833045745,0.7405187270560187,0.62711646856257,-0.001041330224824851,-0.005007311381115592,-0.006701075228623934,52.77021403093789,-11.310447677647623,507.45975389886604,6870.281235860908,0.00026281500010770736,52.9700612981232,357.9743135744468,258.72999512065,185.3475526531763
15 Jul 2026 10:28:00.000000000,399.4202667264167,4124.250659785162,5482.384698121965,-7.5989537866493855,0.4387030046949191,0.22399462926819372,-0.000484470885299534,-0.005050254511756499,-0.006731912882468546,53.10531303833058,-5.287844191783347,507.5841273638045,6870.172842776167,0.00028108226585074966,52.96970393393054,357.96793813599174,276.371007059053,171.51973398432136
15 Jul 2026 10:29:00.000000000,-57.06163428603685,4141.466913106748,5483.701825502682,-7.611537408705532,0.13496266759409753,-0.18010541241701822,7.447966079634741e-05,-0.005071074057772426,-0.006733178279121857,53.10676821466077,0.7836824602011568,507.61869371483425,6870.172453193134,0.00030274986658910034,52.96968583137952,357.96153278111046,292.49720670190254,159.20670952413332
15 Jul 2026 10:30:00.000000000,-513.2922830344721,4140.4342891980605,5460.7880536877365,-7.590581572998489,-0.1693717921157651,-0.5834085986582568,0.0006331023307770638,-0.00506968122410315,-0.006704867687405959,52.77454995561228,6.806998588224716,507.56329728471206,6870.28006862886,0.0003262189410928822,52.97000715341869,357.9551541494849,307.4955803807657,148.02145536801189
15 Jul 2026 10:31:00.000000000,-967.2613305694193,4121.157134408969,5413.744376355854,-7.536177314098905,-0.4729672576845597,-0.9841432608583892,0.0011889789502566896,-0.0050460788833068876,-0.006647099835836237,52.11752423372582,12.690103402905082,507.4195139667448,6870.493787291305,0.0003509352745278184,52.97066205812181,357.948858404628,321.70354192126837,137.62652051313086
15 Jul 2026 10:32:00.000000000,-1416.9682373302135,4083.7197223169737,5342.777799824179,-7.4485605209200365,-0.7744934930170785,-1.3805484621841002,0.0017397008024588856,-0.005000361728240661,-0.00656011570814574,51.152335165708166,18.355185724856643,507.1906217895156,6870.809837465462,0.0003770549533746333,52.97163880280267,357.9427002393537,335.34520193486065,127.7977580491446
15 Jul 2026 10:33:00.000000000,-1860.4309417074503,4028.2859156833133,5248.2004796808,-7.328111115294419,-1.0726286528156106,-1.7708813219225241,0.002282877254664009,-0.004932716278546377,-0.006444278137358091,49.90147842641253,23.74437224713633,506.88154190749225,6871.222643513964,0.0004051221963002374,52.972919952763974,357.936731907504,348.5322449891879,118.4234484574419
15 Jul 2026 10:34:00.000000000,-2295.6944639239928,3955.0984979213667,5130.428418936983,-7.175351709520472,-1.366064788476776,-2.1534243090482805,0.0028161445082014957,-0.004843420724356539,-0.006300071173982401,48.391044954932894,28.821479210881158,506.4987508956817,6871.7249233892835,0.00043578871902875277,52.97448269093649,357.9310022991668,1.2886169172368684,109.47961275231303
15 Jul 2026 10:35:00.000000000,-2720.839413666807,3864.478174639168,4989.979729940062,-6.990945734341915,-1.6535133391117958,-2.526492490246215,0.0033371745087943778,-0.00473284457933124,-0.006128099189273567,46.64858744634706,33.570387904070145,506.0501656739423,6872.307816027733,0.00046958544607341975,52.97629922286661,357.92555607576736,13.583320280753641,100.99721744052448
15 Jul 2026 10:36:00.000000000,-3133.9903694462773,3756.8222464977307,4827.472463224889,-6.77569502693736,-1.9337105952791993,-2.888440715150611,0.0038436840418027422,-0.004601448107508186,-0.005929085664876739,44.70140408187973,37.99136447835,505.54500281710784,6872.961036489265,0.0005067613590192995,52.97833726981484,357.92043288040855,25.36321955885229,93.02936972189133
15 Jul 2026 10:37:00.000000000,-3533.3240969368567,3632.602955442044,4643.622007611593,-6.530536867449206,-2.2054231206798764,-3.2376707183953872,0.00433344402259102,-0.004449781483528475,-0.005703871614374099,42.57534818827362,42.096665521778384,504.9936144279397,6873.673056230389,0.0005471997984410802,52.98056064116152,357.9156666374285,36.57939090941036,85.6249680769932
15 Jul 2026 10:38:00.000000000,-3917.0775728537933,3492.3655073200803,4439.238067186294,-6.256540452487016,-2.467453114451119,-3.572638114569922,0.004804288974096103,-0.0042784836392756815,-0.0054534135744047,40.29413275164481,45.90639029992754,504.4073031554063,6874.431305456173,0.0005904077127901163,52.98292987591035,357.9112849535796,47.20297037775588,78.81285436204907
15 Jul 2026 10:39:00.000000000,-4283.555780228769,3336.7257750334734,4215.221222357109,-5.9549027950194455,-2.718643693869155,-3.8918592584566283,0.005254126666377619,-0.004088280750036878,-0.0051787811041654865,37.87902704526745,49.44507690476695,503.79811932516037,6875.222394099048,0.0006355587674899132,52.985402941859,357.90730863138555,57.23032859246527,72.5966393663845
15 Jul 2026 10:40:00.000000000,-4631.139240364133,3166.3676876594927,3972.559083957912,-5.626944042165701,-2.957884074398137,-4.193917939200311,0.005680947873414749,-0.0038799843120482496,-0.004881153731270848,35.34882599010652,52.73917917486689,503.1786435047597,6876.032347625469,0.0006815656226353928,52.987935979990745,357.9037513032449,66.68055250055296,66.957221276375
15 Jul 2026 10:41:00.000000000,-4958.291246316122,2982.040312454427,3712.3220513782976,-5.2741022056309115,-3.184114621230375,-4.477471873502192,0.0060828361836852965,-0.003654488766596846,-0.004561817287645752,32.719987385631526,55.815351768227615,502.5617581445078,6876.846853582847,0.0007271604256665848,52.990484080848596,357.90061919269084,75.58919224238907,61.85903894259016
15 Jul 2026 10:42:00.000000000,-5263.564762564771,2784.55463827977,3435.6586879057277,-4.897927303851842,-3.3963317439033087,-4.7412589597471815,0.006457977784007016,-0.003412768630848916,-0.004222159586455077,30.006858032819835,58.69938385097692,501.9604122059868,6877.651514575806,0.0007709705678652759,52.99300207910088,357.8979110069414,84.00141531309417,57.256917801452886
15 Jul 2026 10:43:00.000000000,-5545.608955626658,2574.7800707697247,3143.7907288508836,-4.5000749202464725,-3.593592603387155,-4.984103252332498,0.006804671119533104,-0.003155875102553253,-0.003863665401474027,27.2219354483745,61.41560967946556,501.3873829049027,6878.432103209645,0.0008115841483433864,52.99544535219896,357.89561796252514,91.96628643209678,53.10179002878519
15 Jul 2026 10:44:00.000000000,-5803.175320820383,2353.6406514476625,2838.0077405462775,-4.082299188151573,-3.7750195993477553,-5.204920613537371,0.007121336320978435,-0.0028849321155897116,-0.003487910724008768,24.376132509289018,63.986647440765246,500.85503884212346,6879.174814465015,0.0008476042951586467,52.997770608973006,357.8937239434404,99.53271973981326,49.344742306371174
15 Jul 2026 10:45:00.000000000,-6035.123371239427,2122.1110149798824,2519.6614509165697,-3.6464452199237387,-3.939804604198679,-5.402723999190686,0.007406524279016427,-0.002601131833708877,-0.003096556286770539,21.479027084289186,66.43335160819727,500.3751088679252,6879.866510975383,0.0008776936443136394,52.99993665420893,357.89220578891565,106.74698776112136,45.93950676296108
15 Jul 2026 10:46:00.000000000,-6240.425856268578,1881.2121007753494,2190.1597749573266,-3.1944410050538323,-4.087212910168989,-5.576628334266144,0.007658925240032663,-0.0023057295822561255,-0.0026913403612200677,18.539088353971305,68.77489655936989,499.95846101083407,6880.494956771383,0.0009006108115718132,53.00190511569372,357.8910337055542,113.6514215642365,42.84376066321295
15 Jul 2026 10:47:00.000000000,-6418.1734787115265,1632.0066371625621,1850.960561072635,-2.72828880977973,-4.216586855983189,-5.725854935430766,0.007877376795624221,-0.0020000382309476976,-0.0022740708524206896,15.563877412464306,71.02893569182883,499.6148956984908,6881.049035233993,0.0009152404696802652,53.003641120900845,357.890171796461,120.28391756441219,40.019619398189555
15 Jul 2026 10:48:00.000000000,-6567.579081789839,1375.5944183500062,1503.5650867423035,-2.250056118324029,-4.327349100916752,-5.8497354395302406,0.008060871139832991,-0.001685422053835977,-0.0018466167329227725,12.560223095056767,73.21180004208156,499.3529572989647,6881.518947260654,0.0009206181936239149,53.00511391139723,357.8895786978826,126.67794020642727,37.4336335473949
15 Jul 2026 10:49:00.000000000,-6687.981279916392,1113.1073962597711,1149.5113343573285,-1.7618661632845318,-4.419005515958658,-5.947715200004555,0.008208561473009347,-0.0013632901057546339,-0.0014108988742721077,9.534375722279266,75.33871436375188,499.1797677175293,6881.896385992813,0.0009159508074145992,53.00629738417281,357.8892083119919,132.86280116270268,35.05650938027675
15 Jul 2026 10:50:00.000000000,-6778.8475102176935,845.7046110613103,790.3670802166166,-1.2658880996123612,-4.491147664560795,-6.019356117245065,0.008319767445279302,-0.001035089167939557,-0.00096888035188688,6.4921422423535375,77.42401807859883,499.100885397332,6882.174684872673,0.0009006326410243845,53.00717055040214,357.88901062278404,138.8640741829053,32.86269366682827
15 Jul 2026 10:51:00.000000000,-6839.776485241928,574.5669857846821,427.7228315577164,-0.7643268827900265,-4.54345484892642,-6.064338873847327,0.008393979540821743,-0.0007022963257574545,-0.0005225563121411344,3.4390065166944055,79.48138472698807,499.1201926002119,6882.348936285707,0.0008742578927145584,53.007717903620566,357.8889325805799,144.7040633335638,30.82990506491132
15 Jul 2026 10:52:00.000000000,-6870.500031090899,300.8920117142856,63.18464805605868,-0.25941291706017444,-4.575695701907543,-6.082464551461701,0.008430862328173111,-0.00036641125264689936,-7.394350408979509e-05,0.3802384935149099,81.52403750611747,499.2398132948984,6882.416078592741,0.0008366291702303558,53.007929690908966,357.88891903946364,150.40228409138768,28.938652627257476
15 Jul 2026 10:53:00.000000000,-6870.884299293931,25.888352320035498,-301.63311458008087,0.24660845633435968,-4.5877293092373765,-6.0736556123498975,0.008430256515420861,-2.8948281316271647e-05,0.0003749304132188709,-2.679004087653841,83.56496091823843,499.46006336784154,6882.37494994967,0.000787762229598199,53.00780208240203,357.88891373106696,155.97594842305244,27.171750302461795
15 Jul 2026 10:54:00.000000000,-6840.930345026642,-249.22960575059528,-665.1151004926204,0.7514875580902026,-4.579505851893078,-6.037956235644085,0.008392179775956176,0.00030857165037612876,0.0008220376697921747,-5.733577930378989,85.61710994649015,499.7794342123493,6882.226307942493,0.0007278869216413635,53.00733723623483,357.88886025749025,161.44047634701099,25.513804941747136
15 Jul 2026 10:55:00.000000000,-6780.774068690449,-523.2472256456005,-1025.6522502318787,1.2529809826770917,-4.551066763725624,-5.9755320054855625,0.008316826331857607,0.0006446290884157428,0.0012653611691526684,-8.778256898007122,87.69361883384376,500.19461006281665,6881.97281471384,0.0006574443779754954,53.00654325788832,357.88870308583347,166.81010516391396,23.95060663241965
15 Jul 2026 10:56:00.000000000,-6690.685522326178,-794.955088150716,-1381.6490592387731,1.7488621487238587,-4.502544404954163,-5.886668955488689,0.008204565305747548,0.0009777140954517801,0.0017029051375645706,-11.807631767853076,89.80801161001695,500.70051874258223,6881.6189879132435,0.0005770805099060591,53.00543405475508,357.88838852683887,172.09877844222598,22.46823927893634
15 Jul 2026 10:57:00.000000000,-6571.0675867513655,-1063.1544255037466,-1731.53075998359,2.236931714980257,-4.4341612575459965,-5.771771981125509,0.008055937875411883,0.0013063341381034826,0.002132705520818149,-14.816003526219076,91.97441600939308,501.29041480492936,6881.171118447727,0.0004876359501053942,53.00402908858784,357.88786568041513,177.32181714350182,21.05140905453846
15 Jul 2026 10:58:00.000000000,-6422.454029605474,-1326.662492809134,-2073.750390388777,2.715027791619836,-4.346228653735108,-5.631362638457366,0.007871653289870861,0.001629021744290141,0.0025528400190141503,-17.797266608614713,94.20778123806122,501.95599338814964,6880.637156632267,0.0003901326459162564,53.00235303028544,357.88708733145677,182.50000516792267,19.679358449991476
15 Jul 2026 10:59:00.000000000,-6245.5069585781475,-1584.3178495044951,-2406.7957124576023,3.1810358806759242,-4.239145053826214,-5.46607635395758,0.0076525838212392495,0.0019443418523151222,0.002961437658709927,-20.744778385176968,96.52409792408213,502.6875324937784,6880.026568923068,0.00028575747892393673,53.00043532317832,357.8860107802141,187.67286353252408,18.312591713826258
15 Jul 2026 11:00:00.000000000,-6041.013687913021,-1834.9855244439595,-2729.195946672156,3.6328984845720536,-4.113393893847759,-5.276659075808184,0.0073997587498705435,0.002250898783150211,0.003356687815687468,-23.6512111602296,98.94061508985307,503.4740608491295,6879.35016795181,0.00017584409657975776,52.99830966257416,357.8845985927261,192.96322381032434,16.828301062160598
15 Jul 2026 11:01:00.000000000,-5809.883039759349,-2077.5620395088854,-3039.528289688216,4.068624327843043,-3.9695410274484266,-5.063963401861348,0.007114357490813255,0.0025473427774473853,0.0037368486156504053,-26.50838313573594,101.47604346785027,504.30354804328135,6878.619919052167,6.186774106867388e-05,52.99601340078252,357.8828192581517,199.36735982175395,14.23023467244939
15 Jul 2026 11:02:00.000000000,-5553.14110503349,-2310.9802682278428,-3336.4241850715257,4.486297144040619,-3.8082317895717273,-4.828944223323493,0.006797701981775017,0.0028323760512145423,0.004100254656938082,-29.307065413214005,104.1507260297286,505.1631132397883,6877.848726875031,5.4779379786254297e-05,52.99358688813178,357.88064774158227,19.406041034203035,197.9976430103725
15 Jul 2026 11:03:00.000000000,-5271.926491117175,-2534.21410760505,-3618.5753192455873,4.884083987232438,-3.6301877118399495,-4.572653926060895,0.006451248459543775,0.00310475833689872,0.00444532401686741,-32.036763552696975,106.9867440410692,506.0392484754982,6877.050206016413,0.00017219542317819492,52.991072761599256,357.87806592264747,25.99640954055293,195.21340162327516
15 Jul 2026 11:04:00.000000000,-4967.4850859269045,-2746.2829432162853,-3884.739317383669,5.260243035208956,-3.4362029211684826,-4.296237193202667,0.006076578753956357,0.003363311890127196,0.004770564521274471,-34.6854750502353,110.00790897371064,506.9180523556217,6876.23843983076,0.0002888818747841697,52.98851519358078,357.8750629123689,31.125348127265294,193.89064289300424
15 Jul 2026 11:05:00.000000000,-4641.164369639033,-2946.2558895388065,-4133.745116621648,5.613130859231467,-3.227140253931292,-4.000925453420837,0.005675391227067641,0.0036069259556836923,0.005074579274466271,-37.23942918339237,113.2395661426568,507.78546984960354,6875.42773176725,0.0004031250646484292,52.98595911400804,357.87163524274524,36.026186302201474,192.79604988050804
15 Jul 2026 11:06:00.000000000,-4294.407306644433,-3133.2557894292127,-4364.497996624001,5.941209142658746,-3.00392711800195,-3.688031018938658,0.005249491478894589,0.0038345606987867965,0.00535607146317362,-39.68282413989368,116.70810513407102,508.62753387648263,6874.6323536489135,0.0005132464860079173,52.983449419475754,357.8677869258545,40.83081358175976,191.79774296419725
15 Jul 2026 11:07:00.000000000,-3928.7458511619684,-3306.4629585770513,-4575.984250147879,6.2430508378315155,-2.7675511342698864,-3.358940956025221,0.004800782932556107,0.004045250619916513,0.0056138484639977415,-41.997589491444074,120.4400382384281,509.4306044362863,6873.866295316193,0.0006176096439933234,52.98103018325454,357.86352938147814,45.57643918539773,190.85852012463567
15 Jul 2026 11:08:00.000000000,-3545.7941003851065,-3465.1186626226204,-4767.275478761214,6.517345756972398,-2.51905558783047,-3.0151107285870706,0.00433125739796175,0.0042381074814391295,0.005846825296448654,-44.16322093997857,124.46048089870354,510.181601186749,6873.143019980231,0.0007146463051349231,52.978743880037904,357.85888123462894,50.27850202100991,189.96294699175087
15 Jul 2026 11:09:00.000000000,-3147.2411291247026,-3608.5283163763506,-4937.532501234896,6.762905598381396,-2.2595347170896405,-2.6580576525979445,0.0038429856985059503,0.004412322783260323,0.006054027475119893,-46.15675857747792,128.7908682190469,510.86822557321267,6872.475229482274,0.000802882911515029,52.97663063900392,357.8538679865727,54.94500708055794,189.103020533902
15 Jul 2026 11:10:00.000000000,-2734.843539718636,-3736.064396193037,-5086.008864294197,6.97866841372379,-1.9901288666250554,-2.2893541957059744,0.00333810842602766,0.0045671698297116555,0.00623459332028011,-47.95300615959297,133.44580397240998,511.4791688835894,6871.8746434397035,0.0008809656673288008,52.97472753826815,357.8485215651727,59.58069610199408,188.2739985303303
15 Jul 2026 11:11:00.000000000,-2310.4177604399792,-3847.169058047195,-5212.053947405571,7.16370252568776,-1.7120195268642657,-1.9106211524794479,0.002818826873093308,0.004702005436608747,0.006387775794426407,-49.5251076683333,138.42910978799972,512.004302909892,6871.351795983112,0.0009476837097797266,52.97306795307388,357.8428797624394,64.18855583204552,187.47289148989995
15 Jul 2026 11:12:00.000000000,-1875.8321251539508,-3941.356455105174,-5315.115654933102,7.317209907483141,-1.4264242808191343,-1.5235207219015745,0.002287394169696522,0.004816271326434857,0.006512943930061937,-50.84559128247878,143.72945934665728,512.4348502428686,6870.915853459198,0.0010019899343391612,52.971680969122396,357.8369855692315,68.77042905261908,186.6978518485343
15 Jul 2026 11:13:00.000000000,-1432.9987660714169,-4018.2147497660226,-5394.742690550095,7.4385290368764805,-1.1345916750674774,-1.1297495095844035,0.0017461066339873414,0.004909495261052013,0.0066095839150803705,-51.88793644486071,149.316424664873,512.7635315990559,6870.57445609842,0.0010430191130802327,52.970590871303905,357.83088641874434,73.32725635372931,185.9479324584882
15 Jul 2026 11:14:00.000000000,-983.8653507856795,-4077.4078160537892,-5450.586409984704,7.52713723739678,-0.8377960293997055,-0.7310314734819052,0.0011972953279867594,0.004981291957490191,0.006677299896120213,-52.628599283488946,155.1381852658513,512.9846879715216,6870.333586231716,0.0010701030009769097,52.96981671677138,357.82463335206694,77.85912905561297,185.22303396107927
15 Jul 2026 11:15:00.000000000,-530.406694000524,-4118.676629042891,-5482.402249218358,7.582652518348585,-0.5373321969285678,-0.32911082842413836,0.0006433177929926676,0.00503136382663888,0.006715814551852596,-53.04925544101192,161.12226861248118,513.0943758013356,6870.197465193007,0.0010827821828876458,52.969371999826166,357.8182801203932,82.3652129187101,184.52398139830498
15 Jul 2026 11:16:00.000000000,-74.61627370489093,-4141.840338638323,-5490.050726080651,7.604834923343325,-0.23451028421436204,0.07425507809201377,8.654992631583372e-05,0.005059501569673464,0.006724969480816592,-53.13884647143692,167.1801908655483,513.0904337814573,6870.16848057195,0.0010808144768799928,52.969264414482296,357.81188223967973,86.84354766156775,183.85272503686386
15 Jul 2026 11:17:00.000000000,381.5023189538324,-4146.797025549062,-5473.4980138545225,7.593587394399292,0.06934966079379731,0.47730290865078234,-0.0004706220505438537,0.005065584656120598,0.006704725433266936,-52.894945391996615,173.21570030809974,512.9725203247957,6870.247144989141,0.001064179779989889,52.96949571887111,357.80549601424593,91.29068906562833,183.21269861883695
15 Jul 2026 11:18:00.000000000,835.9439671947283,-4133.524137725584,-5432.816086060838,7.548956155465671,0.3729229864342253,0.8782704884746682,-0.0010258095885330137,0.005049581699433445,0.006655162405398039,-52.32406945310698,179.13493663303,512.7421211512836,6870.43208706027,0.0010330813241964908,52.97006170387215,357.79917754643196,95.70111543596502,182.6094132630295
15 Jul 2026 11:19:00.000000000,1286.7106246997298,-4102.078605908572,-5368.182432088032,7.471130615716301,0.6748857946342348,1.2754039596501363,-0.0015766298325922497,0.005011550734399281,0.006576479598661721,-51.44084991238662,-175.14401086340334,512.4025268738685,6870.720074703007,0.0009879434115101643,52.97095226653796,357.7929817496837,100.0662460761254,182.0514393513154
15 Jul 2026 11:20:00.000000000,1731.8198915049597,-4052.596637289818,-5279.879343798066,7.36044278934275,0.9739203119011922,1.6669649287813049,-0.0021207137277589982,0.0049516393914179665,0.006468995234483601,-50.26629433442048,-169.68439660040957,511.95878088833086,6871.106070424848,0.0009294058373485011,52.97215158705082,357.7869613823176,104.37277676001477,181.55207141076463
15 Jul 2026 11:21:00.000000000,2169.313540399756,-3985.2931866693716,-5168.292773775525,7.217366225140611,1.2687202672611066,2.0512375985648945,-0.0026557142643392484,0.004870084949322465,0.006333146197060067,-48.825590070741036,-164.52802796004812,511.4175982972174,6871.583317718435,0.0008583154386091538,52.97363840614266,357.7811661189406,108.59973642105864,181.1322717633893
15 Jul 2026 11:22:00.000000000,2597.265964233243,-3900.461104927119,-5033.910766481602,7.042514436093092,1.5579962692337685,2.42653587206602,-0.0031793149094496457,0.004767214242102237,0.0061694874688348975,-47.14591996869251,-159.69608177063571,510.78725702135546,6872.143457188504,0.0007757156420256259,52.97538639815202,357.7756416757897,112.7129818908648,180.8261761052479
15 Jul 2026 11:23:00.000000000,3013.792513753171,-3798.4699651589553,-4877.321464329391,6.836638816681936,1.8404811720130974,2.7912104157729267,-0.0036892382596088523,0.0046434433829241045,0.0059786913079573475,-45.254630475709355,-155.192338231869,510.0774626723252,6872.776670546515,0.0006828358975243077,52.977364633219786,357.7704290053643,116.65412616234875,180.6921655334029
15 Jul 2026 11:24:00.000000000,3417.057694835507,-3679.7645674845444,-4699.210691620233,6.600626033957926,2.1149354187009344,3.1436556643250615,-0.004183254935697874,0.004499277263973099,0.005761546111165504,-43.17790722623197,-151.0074581832877,509.29918917286653,6873.471850143681,0.0005810856114448608,52.97953812056229,357.7655635744959,120.31606969476968,180.83733549753154
15 Jul 2026 11:25:00.000000000,3805.2831930852244,-3544.8631243418745,-4500.35912041863,6.335494877653238,2.3801523467170718,3.4823167461271654,-0.004659192723149032,0.004335308782931707,0.005518954896367319,-40.939958693759415,-147.12323105603707,508.46449751530776,6874.216791273793,0.0004720659792790638,52.98186842333698,357.76107473857166,123.48163593191357,181.47886049974682
15 Jul 2026 11:26:00.000000000,4176.75569290593,-3394.3551290625505,-4281.639023812599,6.042392554933783,2.634963437522025,3.8056963050953483,-0.00511494594353343,0.004152217746108218,0.0052519333389261895,-38.56261959945152,-143.51618087153102,507.5863354352008,6874.998404074365,0.0003576481642290466,52.98431433435544,357.75698522295625,125.63961503005011,183.12795054152306
15 Jul 2026 11:27:00.000000000,4529.8344573028535,-3228.8989116856196,-4044.010623622223,5.722590416852421,2.878243489669006,4.11236118970108,-0.0055484850220592135,0.003950769394607511,0.004961607292142492,-36.065256603451324,-140.1603110301254,506.67832114198205,6875.802941492836,0.00024035703852523792,52.9868326008234,357.75331072078006,125.26034951858284,187.31426559109195
15 Jul 2026 11:28:00.000000000,4862.958633977962,-3049.2188873184305,-3788.518041479455,5.377479106203989,3.108915691096074,4.40094897648441,-0.005957866198640485,0.003731812504298786,0.0046492097291785895,-33.46486684688537,-137.02901592521047,505.7545145819098,6876.616239472528,0.00012606275160956357,52.98937868541698,357.75005961422994,115.24127157964865,201.14037838219232
15 Jul 2026 11:29:00.000000000,5174.654252769171,-2856.102503882281,-3516.284864294435,5.008563120279151,3.3259565636271957,4.670174291492523,-0.006341241307654085,0.003496277010835182,0.004316077045630417,-30.776283801676836,-134.0963023687499,504.82918000198106,6877.423965257733,6.414805829447005e-05,52.991907550353694,357.74723282435093,47.04659745494791,273.1420800339508
15 Jul 2026 11:30:00.000000000,5463.540879235129,-2650.396897783918,-3228.5093374275216,4.617454786910911,3.52840075000189,4.91883488984767,-0.006696867538311673,0.0032451711207949303,0.003963644675765428,-28.012430987662746,-131.3374920657226,503.9165438265481,6878.211869526082,0.0001502515642263559,52.994374450698245,357.74482379209314,359.01211102640076,324.98359644427677
15 Jul 2026 11:31:00.000000000,5728.337889268966,-2433.0052679000983,-2926.4592013616684,4.205867658081663,3.7153456115490817,5.145817451040873,-0.007023117068146358,0.0029795778750299866,0.003593441983401927,-25.184586092549907,-128.7295603763262,503.0305520408261,6878.966037934787,0.0002640487310968496,52.99673572296395,357.7428185910382,352.8358933666589,334.9668586607127
15 Jul 2026 11:32:00.000000000,5967.870330082201,-2204.882980226033,-2611.466190280075,3.77560933206673,3.885955602973555,5.350103045729244,-0.00731848645388917,0.0027006511435098655,0.0032070864062074458,-22.302634171704234,-126.25123453833199,502.18463138733665,6879.673137622969,0.0003774070074134678,52.99894955513529,357.7411961699482,353.43087973155895,338.1789457575639
15 Jul 2026 11:33:00.000000000,6181.074333784211,-1967.0334175807975,-2284.9202136383506,3.3285737224313663,4.039466389740456,5.530772228919996,-0.007581605651034053,0.002409611040139635,0.0028062768454503134,-19.37529942659614,-123.88294135770614,501.39145871311075,6880.3206542468515,0.0004860517666507247,53.00097672454508,357.7399287209885,356.07791400459166,339.3390302111334
15 Jul 2026 11:34:00.000000000,6367.002051116885,-1720.5035908475977,-1948.2632445298668,2.8667327999664907,4.17518867329988,5.687009714538397,-0.007811246532311162,0.0021077387611135056,0.0023927863131865826,-16.410351808191628,-121.60666634567247,500.66274275011835,6880.897115244075,0.0005878884145940873,53.002781290585304,357.7389821672494,359.6230175748118,339.60110879443215
15 Jul 2026 11:35:00.000000000,6524.826074714877,-1466.3795302959445,-1602.9829413049138,2.392127841583996,4.292511689953333,5.818108587565415,-0.008006330771422402,0.001796370862492206,0.0019684538652113446,-13.414788618187195,-119.40576489998541,500.0090224627349,6881.392295225586,0.0006813749826323947,53.00433123000714,357.7383167611026,3.655928941047122,339.37546270221384
15 Jul 2026 11:36:00.000000000,6653.8433235413895,-1205.7814775527027,-1250.6060314650558,1.9068602280627722,4.390906350540846,5.923474012205102,-0.008165936964144936,0.001476893007347817,0.0015351758673848074,-10.394993389998943,-117.26475081664024,499.4394858523654,6881.797399680088,0.0007652543026803142,53.00559900355813,357.7378877829476,7.9976057032680465,338.84115524996605
15 Jul 2026 11:37:00.000000000,6753.478362894849,-939.858900694258,-892.6914892374645,1.4130818400634764,4.469927990328537,6.002626397888175,-0.008289306864082016,0.0011507332254546705,0.00109489665923748,-7.356875339169598,-115.1690769191117,498.9618127705803,6882.105223543005,0.0008384941482768959,53.006562043896885,357.73764632812924,12.5600813419114,338.0861747513435
15 Jul 2026 11:38:00.000000000,6823.286137555591,-669.7853566884187,-530.8235403929281,0.9129851087865283,4.529218701456989,6.055203989269054,-0.00837585062501943,0.0008193547420526879,0.0006495986960796924,-4.3059930563923965,-113.10491562817771,498.58204486271524,6882.3102816215505,0.0009002752198570103,53.00720315609974,357.7375401682408,17.29756542728572,337.1563339377982
15 Jul 2026 11:39:00.000000000,6862.9540992107495,-396.75322696682457,-166.60452973374876,0.4087927837818387,4.568509224015092,6.080964851638797,-0.008425150954499442,0.0004842484426459454,0.0002012922638645021,-1.247666177555199,-111.05894280977668,498.30448525194754,6882.40890837662,0.000949991808678375,53.00751082360041,357.73751467168,22.18642553620576,336.075287649739
15 Jul 2026 11:40:00.000000000,6872.303713198057,-121.96835322371693,198.35231179126296,-0.09725251445809469,4.587620376136433,6.079788229218889,-0.008436966103795792,0.00014692505103790842,-0.00024799512644010214,1.8129213120853198,-109.01812544413225,498.13162999011433,6882.399325125852,0.0009872549563474137,53.00747941406497,357.73751376725124,27.216064437268194,334.85365524469137
15 Jul 2026 11:41:00.000000000,6851.291333784706,153.35539843227568,562.4301622403112,-0.6028988855687347,4.586464008366099,6.051675260464578,-0.008411231639545541,-0.0001910928951415046,-0.0006962295498645515,4.870622590965811,-106.96951201250374,498.064132661212,6882.281673342316,0.001011894560311756,53.00710928146265,357.7374809338549,32.38449127878162,333.4934489956638
15 Jul 2026 11:42:00.000000000,6800.008441566743,428.0016161086222,924.0159272572932,-1.1058958098889278,4.565043472777253,5.996749041606122,-0.008348060964448064,-0.0005282791816495758,-0.0011413815627941914,7.920230863021453,-104.90002365287958,498.10080284338613,6882.058013365106,0.0010239590434040979,53.0064067624229,357.7373601987746,37.6961592713506,331.9902359951281
15 Jul 2026 11:43:00.000000000,6718.681241058834,700.7568342709121,1281.507542922686,-1.6040048031936813,4.523453602784923,5.915254036993938,-0.008247744581654299,-0.0008631120753897913,-0.0015814370596896438,10.95638012258785,-102.79624390672356,498.23863843396157,6881.732288496404,0.0010237120576648674,53.00538406683838,357.73709712694017,43.16103436123358,330.33406907594895
15 Jul 2026 11:44:00.000000000,6607.669621058531,970.4160100401069,1633.3212238548965,-2.095009990491195,4.461880205152313,5.807554842180004,-0.00811074811686086,-0.0011940824104960956,-0.0020144079691291456,13.973440334702339,-100.64420521478812,498.4728911407212,6881.310255121751,0.001011626103620689,53.004059064544656,357.73663978361213,48.79443809122841,328.5096435599054
15 Jul 2026 11:45:00.000000000,6467.465484825355,1235.787954552658,1977.898618102919,-2.576728525490556,4.380599071150283,5.674134312854844,-0.007937709140011386,-0.0015197015132045488,-0.0024383426723017334,16.96540344736056,-98.42917129875516,498.79716375983145,6880.79938013802,0.0009883732008605093,53.00245497175297,357.7359396534739,54.61748040374855,326.4958640863236
15 Jul 2026 11:46:00.000000000,6298.690461432906,1495.700690854458,2313.7138313528726,-3.0470207854037397,4.279974519063695,5.515591079564198,-0.007729432848269483,-0.0018385088812099143,-0.002851336034817648,19.925756536779165,-96.13541640414662,499.20353721703407,6880.208707594839,0.0009548129543795736,53.000599942695715,357.73495249977157,60.65805055879097,324.26485335496085
15 Jul 2026 11:47:00.000000000,6102.093013748735,1749.0067106885383,2639.2802843447666,-3.5038002750804105,4.160457485086322,5.332636474364351,-0.007486886691545525,-0.0021490795405682806,-0.0032515389535487833,22.84733831877653,-93.74600546314535,499.68272476030813,6879.548697034559,0.0009119785805850844,52.99852657363303,357.7336391482507,66.95244453234393,321.78032442399257
15 Jul 2026 11:48:00.000000000,5878.544962305406,1994.5881036854503,2953.1573691200047,-3.9450431799029113,4.022583183984219,5.126090901074486,-0.007211194040479105,-0.0024500310129897075,-0.0036371673340905,25.72217535929805,-91.24258415794657,500.22425017478304,6878.8310365409525,0.0008610617328870124,52.9962713279358,357.73196618190315,73.54781459539109,318.9951308687531
15 Jul 2026 11:49:00.000000000,5629.03744778057,2231.3615338712275,3253.9568717517277,-4.368797513224826,3.866968364616342,4.8968796854101155,-0.006903627009190263,-0.002740029837618763,-0.004006510430017879,28.54129478944907,-88.60519547468748,500.816646455215,6878.0684339674735,0.0008033973567343679,52.993873892373955,357.72990653416383,80.50575679214424,315.8476790877285
15 Jul 2026 11:50:00.000000000,5354.676357860532,2458.2830400015664,3540.3491314936705,-4.773191811178267,3.6943081884047992,4.646028444927176,-0.006565598553546814,-0.003017797603276952,-0.004357938491168933,31.294511509482604,-85.81215075714015,501.4476710267651,6877.274390202592,0.0007404503926026008,52.9913764759742,357.7274399699132,87.90752329162868,312.25671578604187
15 Jul 2026 11:51:00.000000000,5056.677246879273,2674.352637997045,3811.068908756098,-5.156443335177018,3.505372761071101,4.374658021306582,-0.006198653973929693,-0.003282116461258737,-0.004689909687563313,33.970190276178556,-82.83999982032078,502.10453335512517,6876.46295863615,0.0006738070589986323,52.988823063847356,357.72455344570477,95.86156081521592,308.11378943732603
15 Jul 2026 11:52:00.000000000,4736.359778789421,2878.6187056155336,4064.9209369208947,-5.516865750134946,3.3010033493864146,4.0839790190317435,-0.005804461950311276,-0.003531834101638147,-0.005000976292401578,36.55498748852821,-79.6636675863133,502.7741306336699,6875.648495212596,0.0006051748428021452,52.98625863919918,357.72124134269853,104.51426977221747,303.272491094449
15 Jul 2026 11:53:00.000000000,4395.14172571887,3070.1821314355175,4300.7851356744,-5.852876254062895,3.082108315302951,3.775285994970951,-0.0053848052342938485,-0.00376586818892794,-0.005289790124723307,39.03358499176736,-76.25685429475709,503.4432871757889,6874.845403592146,0.0005363972576914631,52.98372838732073,357.7175055681119,114.06475825318432,297.5337004010495
15 Jul 2026 11:54:00.000000000,4034.5325556170533,3248.2002121625815,4517.621466204153,-6.163002142036556,2.8496587996919045,3.4499513428231663,-0.0049415711178503385,-0.003983210266418808,-0.0055551072700194964,41.388440112936124,-72.59283043082723,504.09899317003453,6874.067879989854,0.00046949126011059137,52.981276895686946,357.7133555232821,124.78291817452353,290.62750951086366
15 Jul 2026 11:55:00.000000000,3656.1266433119204,3411.890284189377,4714.474411215817,-6.445886794330518,2.6046841870497754,3.1094189149083338,-0.004476741785071739,-0.0041829291484648335,-0.0057957921096588125,43.59959362445552,-68.64578844981166,504.7286385663987,6873.329662226241,0.0004067134268183988,52.978947364374925,357.7088079388575,137.0243812058233,282.1982672830212
15 Jul 2026 11:56:00.000000000,3261.5961397335777,3560.5330771762947,4890.477065224744,-6.70029508457178,2.348267381056654,2.755197421506376,-0.003992384641912607,-0.0043641738309774655,-0.006010820704161951,45.64460064625589,-64.3929237162861,505.32023804570025,6872.6437874073445,0.0003506428816095574,52.97678084083979,357.70388657994096,151.2186852456816,271.8164129860402
15 Jul 2026 11:57:00.000000000,2852.683534113041,3693.4757791732127,5044.854822931382,-6.925118208947018,2.081539918834523,2.3888536449916145,-0.0034906427001111353,-0.00452617595632602,-0.006199283582380823,47.4986762187409,-59.817375250892646,505.86264326994586,6872.022362459214,0.0003042012460107508,52.97481549266211,357.69862182641776,167.76961054483587,259.07814040952786
15 Jul 2026 11:58:00.000000000,2431.193943871844,3810.13480436467,5176.928655599509,-7.119377941563093,1.8056769494247025,2.012005502689049,-0.0029737250762808475,-0.004668251876232926,-0.006360387997755509,49.1351697208983,-54.91201764187837,506.3457389101137,6871.4763514813285,0.0002703751087038201,52.97308593121165,357.6930501358461,186.77641625368514,243.8841616023979
15 Jul 2026 11:59:00.000000000,1998.9871663176884,3909.9982560404806,5286.117967368326,-7.2822303241960045,1.5218920992186886,1.6263149885146562,-0.002443897645779417,-0.004789804357725146,-0.006493459713757519,50.526484971855176,-49.68381500146611,506.7606192884883,6871.0153835590145,0.0002513070223567897,52.97162259826898,357.6872133984427,207.6241821889752,226.84936543957411
15 Jul 2026 12:00:00.000000000,1557.9695258969268,3992.6280786039524,5371.943025048104,-7.412968800417045,1.231432244436103,1.2334810198427404,-0.0019034738737594824,-0.004890323978860131,-0.006597944382066623,51.645522938278376,-44.15802526988389,507.0997428465956,6870.647584297129,0.00024696574886616713,52.970451226530145,357.68115819558824,228.92297017392806,209.3636566569047
15 Jul 2026 12:01:00.000000000,1110.0855499759562,4057.6618935998945,5434.026956481537,-7.5110268049308395,0.9355722079107135,0.8352322122262263,-0.001354805826411736,-0.004969390258401737,-0.006673408572546978,52.467620118762696,-38.38108586341538,507.35706204827676,6870.379433911704,0.00025473275332841427,52.96959238360166,357.6749349750427,249.219571076061,192.8802092245608
15 Jul 2026 12:02:00.000000000,657.3095055119613,4104.814515682424,5472.097313786234,-7.575979818634481,0.6356093949071406,0.4333196012178851,-0.0008002753498285699,-0.005026672561286976,-0.006719540510285332,52.972788293437326,-32.42077784147156,507.5281267438353,6870.215654251527,0.00027070012137919984,52.96906110760657,357.668597157522,267.78202070452085,178.13095089051936
15 Jul 2026 12:03:00.000000000,201.63682835349596,4133.879145257623,5485.987198854049,-7.607546898680474,0.332858380413822,0.02950932756228427,-0.00024228538793544832,-0.0050619308126099005,-0.0067361505618978275,53.147876569232764,-26.36258774036382,507.61015944956466,6870.159126625745,0.00029137506900189433,52.96886664088671,357.662200190506,284.6288508921229,165.0973125619179
15 Jul 2026 12:04:00.000000000,-254.92452360260404,4144.728235222998,5475.635949373929,-7.605591690808891,0.02864545849113675,-0.37442470034983444,0.00031674859889321984,-0.005075016049358884,-0.006723171508107779,52.98816832136924,-20.302215300582073,507.6021014332489,6870.210841793195,0.0003144806662447005,52.96901226653547,357.65580056614107,300.1211533989378,153.41816487999395
15 Jul 2026 12:05:00.000000000,-710.3627625302811,4137.314029814063,5441.089384411083,-7.5701229285982405,-0.27569683709123494,-0.7767081545431501,0.0008744071626216094,-0.005065870825811336,-0.006680658621283107,52.49798847048747,-14.335594940790651,507.50462893678935,6870.369882931988,0.0003389438429216413,52.969495250658944,357.64945482066776,314.648637341024,142.70376127726033
15 Jul 2026 12:06:00.000000000,-1162.6709774436094,4111.668774092075,5382.499609256772,-7.501294421279695,-0.5788352325186538,-1.175573634740658,0.0014282753954596077,-0.0050345294822449335,-0.006608789558012656,51.69014659939768,-8.548857956989131,507.32013931017286,6870.633441861375,0.00036458578630581154,52.970306891376254,357.6432185332005,328.50375714319273,132.6616105104934
15 Jul 2026 12:07:00.000000000,-1609.8558248714085,4067.9045931034884,5300.124379928384,-7.399404528610543,-0.8794412255783779,-1.5692680035317272,0.0019759515095323825,-0.004981118273291602,-0.006507864058940077,50.58437612621161,-3.010688849479934,507.0527072742689,6870.996868237722,0.00039178143492344693,52.97143267366353,357.63714534164313,341.85899443945965,123.11919523734502
15 Jul 2026 12:08:00.000000000,-2049.9461726862273,4006.2130402428143,5194.3260283657255,-7.264895118212674,-1.176196600651146,-1.956059697485174,0.002515055517722262,-0.00490585534452175,-0.006378303437853372,49.20518659939417,2.2314947655835993,506.70801197242014,6871.453750900475,0.00042115580639757024,52.97285252725861,357.6312859932466,354.783554049275,114.00727650159718
15 Jul 2026 12:09:00.000000000,-2481.001665800423,3926.864314900233,5065.569950129518,-7.098349998025143,-1.4677989372472497,-2.3342460005705674,0.0030432380576974347,-0.0048090505338486455,-0.006220649826430467,47.579617902002674,7.151530624171986,506.2932359101791,6871.996030009328,0.0004533282488812898,52.97454118300635,357.6256874466426,7.273535459344724,105.32972268927018
15 Jul 2026 12:10:00.000000000,-2901.1211820095737,3830.206150101848,4914.422657273541,-6.9004928142785396,-1.7529671007520098,-2.702160264060841,0.003558189390953245,-0.004691104967622807,-0.006035565132568932,45.735282727159245,11.741718138473749,505.81693731722817,6872.614138095411,0.0004887154288586396,52.97646862127074,357.62039204133373,19.285445357469943,97.1299974023024
15 Jul 2026 12:11:00.000000000,-3308.4511455939337,3716.6623715919804,4741.5494000916815,-6.672184403890534,-2.0304467019339363,-3.0581790541993312,0.004057648594662144,-0.004552510412428223,-0.005823829659267089,43.69890007088091,16.008645152569674,505.28889789181585,6873.2971676570905,0.0005274064902716268,52.9786006044042,357.61543674932034,30.766380853597926,89.46097660808377
15 Jul 2026 12:12:00.000000000,-3701.1936655895997,3586.7311306814768,4547.711362663287,-6.414419589561602,-2.29901550931098,-3.4007292055825973,0.004539412948549264,-0.004393848339263151,-0.005586340326074366,41.4953529276557,19.968821878095227,504.7199483021791,6874.03306247013,0.000569114444243127,52.98089928377182,357.6108525221612,41.67561191327225,82.36336653376617
15 Jul 2026 12:13:00.000000000,-4077.6144649237026,3440.982814226119,4333.762438556162,-6.128323406249793,-2.557488795721053,-3.72829475458286,0.005001347501068834,-0.004215788652927797,-0.005324108431111608,39.1471964083741,23.644854854913994,504.12177421555134,6874.808829360057,0.0006131922643792668,52.98332387050832,357.6066637449404,51.99534298143805,75.85494232226148
15 Jul 2026 12:14:00.000000000,-4436.050565963391,3280.057636296861,4100.645594709974,-5.815146749196365,-2.804724597586473,-4.039423723388664,0.005441394779835836,-0.004019088037820939,-0.005038256890599636,36.67450011381089,27.06246627599653,503.50670599692745,6875.610766811265,0.0006586913183379507,52.985831358061304,357.6028878068328,61.73208224169569,69.92917900052187
15 Jul 2026 12:15:00.000000000,-4774.917697494035,3104.6629174882914,3849.388833413153,-5.476261436308427,-3.039628862480324,-4.332734721573013,0.00585758459361708,-0.0038045878740833104,-0.004730016897598997,34.09490988558888,30.248376631219298,502.88749555848324,6876.4247064666715,0.0007044387137332546,52.98837728366467,357.5995347957612,70.91219798888844,64.55969527880126
15 Jul 2026 12:16:00.000000000,-5092.717387816809,2915.5700593547244,3581.100764392002,-5.113154681452439,-3.261160457895428,-4.606923328698632,0.006248043853640671,-0.0035732116802932763,-0.0044007239458606785,31.423836015074183,33.22892386561954,502.27708413753425,6877.236263314855,0.0007491162648868492,52.99091651520721,357.5966073224991,79.57530053935396,59.706871754106736
15 Jul 2026 12:17:00.000000000,-5388.043708583874,2713.611223170674,3296.965801326906,-4.727422980020125,-3.468336011686436,-4.860768218526729,0.006611006326015354,-0.003325962045838559,-0.004051813174942056,28.674701739661927,36.029247097054515,501.6883650258759,6878.031090171403,0.0007913317436642084,52.99340404952593,357.5941004771976,87.76791208747696,55.324181107748956
15 Jul 2026 12:18:00.000000000,-5659.58963424541,2499.675724043813,2998.238999566367,-4.320765413876968,-3.6602345526664837,-5.093136983078573,0.006944822212099499,-0.0030639170239477437,-0.0036848140040558583,25.859209405521135,38.67287172909822,501.13394545679597,6878.795131947082,0.0008296792476185521,52.99579580796803,357.59200191904034,95.53855488732403,51.36309991775518
15 Jul 2026 12:19:00.000000000,-5906.152982607572,2274.7061533534393,2686.240554376129,-3.894976389347641,-3.8360019183865823,-5.302991613263991,0.007247967442295839,-0.002788225966610115,-0.003301344036586911,22.987599428509554,41.18156327240282,500.6259119678191,6879.5148751604065,0.0008627889662211765,52.99804941513065,357.59029209730073,102.93446321749855,47.776396628595386
15 Jul 2026 12:20:00.000000000,-6126.641903041939,2039.69424449543,2362.3499816915582,-3.451937829038606,-3.994854896329324,-5.489393592155946,0.007519052559780453,-0.0025001047938046687,-0.0029031022325166746,20.068889306092167,43.57535135603649,500.17560358830224,6880.177588200485,0.000889367952383006,53.00012494700611,357.58894459977284,109.99967203463417,44.520042774381096
15 Jul 2026 12:21:00.000000000,-6320.079880372403,1795.6764989512444,2028.000005974277,-2.9936108458266864,-4.136085064678001,-5.651508557349352,0.007756831067650027,-0.0022008307027951203,-0.0024918613641165726,17.11108760568699,45.872655277033324,499.7933971446219,6880.771547979164,0.0009082336450682007,53.00198563532044,357.5879266222784,116.77410520870977,41.55412456491987
15 Jul 2026 12:22:00.000000000,-6485.610224408924,1543.7295917121166,1684.6701823505473,-2.522026935013616,-4.259062299534585,-5.788610490247813,0.007960207110574786,-0.0018917363356169442,-0.0020694597866421373,14.121382387893593,48.0904656425505,499.48850882622435,6881.286248830933,0.0009183415425002441,53.00359851564854,357.58719955084325,123.2933159775518,38.843102200743665
15 Jul 2026 12:23:00.000000000,-6622.500017498224,1284.9655770386082,1333.8802826630088,-2.0392787282104745,-4.363237916972507,-5.900085392588576,0.008128242369043944,-0.0015742034373812939,-0.0016377925747896147,11.106306003744256,50.244553471548784,499.2688159112459,6881.712589820709,0.0009188079811676841,53.00493500790203,357.58671964614734,129.58861542461526,36.35568111737493
15 Jul 2026 12:24:00.000000000,-6730.14349530342,1020.5269173724248,977.1834773397862,-1.5475103597229116,-4.448147420619278,-5.985434414018777,0.008260162048506395,-0.0012496560498669819,-0.0011988020910398112,8.071879425858446,52.34968974309582,499.1407022116392,6882.043037001178,0.0009089285966958754,53.005971418999124,357.58643881803323,135.6874095661544,34.06447457784523
15 Jul 2026 12:25:00.000000000,-6808.06483928171,751.5813598872062,616.1593470127644,-1.048907502806259,-4.5134128285352455,-6.044276399011272,0.008355359861593671,-0.0009195532981144909,-0.000754468068689366,5.023739768430364,54.41986613276107,499.10893036894424,6882.271757615093,0.0008881927723766273,53.006689358916674,357.5863054762918,141.6136338973641,31.945568769712004
15 Jul 2026 12:26:00.000000000,-6855.920362953933,479.3166866251276,252.40675954972,-0.5456871389260107,-4.558744556919492,-6.076349826754408,0.008413401914324374,-0.0005853818379086349,-0.00030679730509630834,1.9672547618456837,56.46851270099498,499.17654362125484,6882.39472375604,0.0008562942126399642,53.00707606286765,357.58626544266116,147.38822429124545,29.978051519219385
15 Jul 2026 12:27:00.000000000,-6873.500077995645,204.93536539143003,-112.4633504465188,-0.04008712790156275,-4.583942842537416,-6.081514123734138,0.008434029427529008,-0.0002486480414891875,0.00014218692798846427,-1.0923721163554998,58.50871144896981,499.34479908091765,6882.4097835726825,0.0008131376897192709,53.007124614015154,357.5862629078636,153.02959996044854,28.143528919219683
15 Jul 2026 12:28:00.000000000,-6860.728630362591,-70.35087048398228,-476.8352616131563,0.4656443496496909,-4.588898690618435,-6.05975033538706,0.008417160246024303,8.912999422680796e-05,0.0005904556421907875,-4.150002268145596,60.55340654294403,499.61313392537744,6882.31669871431,0.0007588419794195775,53.006834062896836,357.5862414167684,158.5541660629476,26.425622297226703
15 Jul 2026 12:29:00.000000000,-6817.665601016102,-345.32648476254724,-839.0957666186607,0.9692594039200103,-4.5735943401785155,-6.01116115025542,0.00836288910852327,0.0004264305280984033,0.001035984938641231,-7.200464871338382,62.61561302108011,499.9791652277483,6882.11714735603,0.000693739007917848,53.006209441558774,357.58614486424244,163.9768839686248,24.80939751394789
15 Jul 2026 12:30:00.000000000,-6744.505170256769,-618.7776142349143,-1197.6414549439482,1.4685210271113824,-4.53810324413513,-5.93597027732245,0.008271486677935147,0.0007617362526695522,0.001476766741130785,-10.238458602949615,64.70862616107476,500.4387234577144,6881.814692795665,0.000618369262943939,53.00526167225597,357.5859184842186,169.31203622672956,23.280599559869948
15 Jul 2026 12:31:00.000000000,-6641.575149121987,-889.497528911518,-1550.8859390840041,1.9612135903521406,-4.482589567046999,-5.834521184442519,0.008143397353888037,0.0010935422789573107,0.001910819337054165,-13.25844872727811,66.84623348705955,500.9859189872411,6881.414718267041,0.000533473571827254,53.004007372431055,357.58550981449036,174.57451929559323,21.82435939597647
15 Jul 2026 12:32:00.000000000,-6509.33538567209,-1156.2920477512953,-1897.266986288575,2.445153174479693,-4.407307208671032,-5.707275212799654,0.007979235912249388,0.0014203639405140453,0.002336197612051532,-16.254556008456348,69.04293058599123,501.6132402589243,6880.924329249561,0.00043998141674112787,53.00246855950434,357.58486962033396,179.78265346279576,20.422383617725067
15 Jul 2026 12:33:00.000000000,-6348.375558199656,-1417.9848818473913,-2235.2535190475305,2.918197666172542,-4.312598366634519,-5.5548090889341415,0.007779783038173984,0.0017407443347435907,0.00275100287280936,-19.22043379853453,71.31414030878716,502.3116816364854,6880.352225159744,0.00033899607527587114,53.00067226076313,357.5839527606922,184.96609556960885,19.04504133544632
15 Jul 2026 12:34:00.000000000,-6159.412371366629,-1673.4228779508528,-2563.3524489957326,3.37825655549984,-4.198891656219869,-5.377811861885956,0.0075459798389777705,0.0020532615272340084,0.0031533921640011803,-22.149129570221657,73.67643221396258,503.0708983743146,6879.70854287218,0.00023177726875338027,52.99865003529759,357.58271898182096,190.19650373450798,17.620699082968027
15 Jul 2026 12:35:00.000000000,-5943.286174945024,-1921.4811364029033,-2880.115310712651,3.823300376576522,-4.066699809442608,-5.177081298258783,0.0072789214378574585,0.002356535354510475,0.0035415869987973753,-25.032927212186927,76.14773473965612,503.8793856299479,6879.004675023373,0.00011972533775803039,52.99643741646324,357.58113362442907,195.79468694726592,15.828570888983998
15 Jul 2026 12:36:00.000000000,-5700.9570281381475,-2161.067979008746,-3184.1446639860683,4.2513697395376315,-3.9166169791387824,-4.953519772373953,0.006979849763779856,0.0026492337721357472,0.003913881438419263,-27.86316676283453,78.74752579129179,504.72467801195114,6878.253066493481,5.10149536729458e-06,52.994073284733744,357.5791682320422,232.20678178550838,343.22254126471057
15 Jul 2026 12:37:00.000000000,-5433.5002353614,-2391.1297439993773,-3474.1002354320594,4.660583909192462,-3.7493156766122246,-4.708129692065052,0.006650145660855377,0.0029300787074228183,0.0042686494731492474,-30.63003921958751,81.49697716498842,505.59356581373675,6877.4669928299545,0.00011290257265628379,52.99159918201359,357.5768010499086,22.83682422653137,196.3985931396974
15 Jul 2026 12:38:00.000000000,-5142.101381811396,-2610.6553870248636,-3748.7047728640987,5.049148893307685,-3.565543373433037,-4.442008502993808,0.0062913204455414705,0.0031978513894398547,0.0046043516750259575,-33.322356090385846,84.4190132224609,506.4723238350274,6876.660324665942,0.00023013987010323352,52.98905857949341,357.5740174058592,28.371981873536676,194.66957543052231
15 Jul 2026 12:39:00.000000000,-4828.050899156735,-2818.6808689811046,-4006.7495884119635,5.415365011189576,-3.3661187992403465,-4.156343315627219,0.005905007040191418,0.0034513971420127255,0.0049195411101250796,-35.92729715359192,87.5382232216633,507.3469485392333,6875.847282396196,0.00034580646291557554,52.98649611192983,357.5708099664495,33.384339950336475,193.46341689131336
15 Jul 2026 12:40:00.000000000,-4492.738193214596,-3014.2933134128175,-4247.09976904838,5.757633920889663,-3.151927967844102,-3.8524051992153177,0.005492950809298835,0.0036896296394718134,0.005212868516544765,-38.43014644866557,90.88053904139436,508.2033992329291,6875.042185496882,0.0004582087850920031,52.983956791804935,357.5671788640337,38.244008988583325,192.4100183241258
15 Jul 2026 12:41:00.000000000,-4137.6453665682,-3196.6349181551223,-4468.699035824132,6.074465090661498,-2.923919963612961,-3.5315431863039746,0.0050570002138864145,0.003911534635438229,0.005483086767987432,-40.814037076351084,94.47255705786193,509.02783897916925,6874.259200920166,0.0005656857282209808,52.98148521715986,357.5631316925671,43.025022357671034,191.4353550001728
15 Jul 2026 12:42:00.000000000,-3764.3405697408234,-3364.906607773788,-4670.574235679832,6.364481707051351,-2.683102519102078,-3.1951780295999272,0.004599097393600393,0.0041161731888691875,0.0057290546608767135,-43.059741203157934,98.34035050805012,509.8068710612236,6873.512094957189,0.0006666308470993794,52.97912478699483,357.5586833723422,47.75325375684639,190.5135591725171
15 Jul 2026 12:43:00.000000000,-3374.4710148174986,-3518.3714151672116,-4851.839452152013,6.626426017999565,-2.4305374132299837,-2.8447957504857615,0.004121268766102141,0.004302684417887556,0.0059497400704692635,-45.14556332861759,102.50760116107516,510.5277669890494,6872.813992851746,0.0007595188753092995,52.97691693798413,357.5538558860546,52.44073725621905,189.6326000928019
15 Jul 2026 12:44:00.000000000,-2969.7556853855544,-3656.3575823771753,-5011.699723549605,6.85916411437837,-2.167335717165608,-2.4819410153617407,0.003625615722108018,0.004470287822757803,0.006144222535187897,-47.047420858791575,106.99290386113411,511.1786822772265,6872.177150264863,0.0008429315526591279,52.97490041587278,357.54867789090594,57.094127375247524,188.78582404137944
15 Jul 2026 12:45:00.000000000,-2551.977776215806,-3778.2613722482633,-5149.454359302687,7.0616901574909905,-1.8946529124520894,-2.108210372254849,0.003114305471765152,0.0046182852219167694,0.006311695330758357,-48.73922033485376,111.80620627809654,511.7488565104129,6871.612740444863,0.0009155818348038507,52.97311059430717,357.5431842135661,61.717482365197874,187.96917120251808
15 Jul 2026 12:46:00.000000000,-2122.9768957746146,-3883.5495838870966,-5264.4998469350685,7.23313006281796,-1.6136839032065737,-1.72524537641024,0.002589562082539354,0.004746062350724921,0.006451467102488585,-50.193647116768744,116.94458512093676,512.2287945398248,6871.130660655041,0.00097633597790402,52.97157885301725,357.53741523690326,66.31334514990725,187.18009492561066
15 Jul 2026 12:47:00.000000000,-1684.641063743883,-3971.7617661761797,-5356.332343822343,7.3727446521846485,-1.325657941151569,-1.3347256293610286,0.0020536577263526356,0.00485309017080059,0.0065629631205478154,-51.38345991496858,122.38794613368822,512.6104260140706,6870.739361058051,0.0010242330999486917,52.970332026227,357.531416189241,70.88319144928835,186.41711384464378
15 Jul 2026 12:48:00.000000000,-1238.8985351222987,-4042.5121245792725,-5424.549749189966,7.479932287015618,-1.0318334794224393,-0.938361752193618,0.0015089041375551304,0.004938925938620614,0.006645726223262884,-52.283296473795694,128.0956959997741,512.887240829985,6870.445698860866,0.0010585018832336977,52.969391930940205,357.5252363485959,75.42759218670297,185.67964974930024
15 Jul 2026 12:49:00.000000000,-787.709481661404,-4095.491117371294,-5468.85335296585,7.554230994893201,-0.7334929683096607,-0.5378883100406986,0.000957644264255856,0.005003214075917947,0.006699417504250162,-52.87184545946421,134.005753060853,513.054398488796,6870.254820093325,0.001078574139815136,52.968774983352816,357.51892817587674,79.94621203349831,184.9680293488306
15 Jul 2026 12:50:00.000000000,-333.057560706559,-4130.466738135,-5489.04905902093,7.595320100165599,-0.4319376036656304,-0.13505670166082756,0.00040224408159551426,0.005045686880273066,0.006723816792887659,-53.13405438961275,140.03711499387524,513.108809753118,6870.170070932284,0.0010840950224344727,52.96849191010474,357.51254639218723,84.4376788352477,184.28361517793934
15 Jul 2026 12:51:00.000000000,123.05859908412619,-4147.285481951767,-5485.048181078739,7.60302136706382,-0.12848203665796284,0.2683719746286849,-0.0001549154775243736,0.005066165104930704,0.006718822964376302,-53.0629066642589,146.09635931970487,513.0491894180599,6870.192940001599,0.0010749297300145758,52.96854755942894,357.5061470164302,88.89931212275555,183.62907743503726
15 Jul 2026 12:52:00.000000000,578.6339660881209,-4145.872993186376,-5456.8678101837,7.577299660848882,0.1755509479648249,0.6706340692674991,-0.0007114465272124256,0.005064558429346562,0.006684454105093526,-52.66031252238092,152.08709261670964,512.8760794314514,6870.323032578308,0.001051166632725598,52.96894081551232,357.4997863800404,93.32665787126058,183.00885958249577
15 Jul 2026 12:53:00.000000000,1031.6656993343195,-4126.234393166489,-5404.630753135238,7.518263129137371,0.47883577889425366,1.0699705357052383,-0.0012649622277483034,0.00504086583063715,0.00662084754342353,-51.936862048855474,157.92014575977075,512.591842022204,6870.5580771254945,0.0010131168323042022,52.96966461758392,357.4935201361237,97.71271924061854,182.42994796915255
15 Jul 2026 12:54:00.000000000,1480.1617385310835,-4088.454286423625,-5328.565041782051,7.426162901978617,0.7800494646323604,1.464634082436914,-0.001813084839053816,0.004995175855509929,0.006528259742025777,-50.91051160597944,163.52198211346484,512.2006229212094,6870.8939640581975,0.000961310291808557,52.97070608341697,357.48740228032375,102.04667025635057,181.90315850753726
15 Jul 2026 12:55:00.000000000,1922.149361660207,-4032.6964445147382,-5229.00301353893,7.3013923056683705,1.0778769730953035,1.8528963142000414,-0.0023534538867419586,0.004927666782886093,0.006407066035031076,-49.60456343940414,168.83956275483328,511.70828518427686,6871.324816133492,0.0008964888468435856,52.972046735110105,357.481484200623,106.31163229487132,181.4453605365955
15 Jul 2026 12:56:00.000000000,2355.683680579215,-3959.2031668557906,-5106.379964077107,7.144485582015859,1.3710166171622982,2.233054851972492,-0.002883734491953222,0.004838606654966669,0.006257760177419914,-48.04542179053127,173.84129202127176,511.1223145512085,6871.84308934857,0.0008195967255784169,52.97366282322506,357.47581377270507,110.4806395385776,181.08351169600448
15 Jul 2026 12:57:00.000000000,2778.856044765504,-3868.2943184637074,-4961.232373780933,6.956116101926344,1.6581854375200582,2.60344041940969,-0.0034016259069295208,0.00472835314656129,0.006080953663783717,-46.26054706419147,178.51486266891467,510.4516976970533,6872.439702734103,0.0007317698717506255,52.97552574363922,357.4704345167739,114.50883770281676,180.8624595044924
15 Jul 2026 12:58:00.000000000,3189.8023224353933,-3760.3660450928987,-4794.195710407499,6.737094060042137,1.9381245719551758,2.9624238803059457,-0.0039048702849613566,0.0045973532337553165,0.005877374762779055,-44.27685968256422,-177.13664045372192,509.7067751489007,6873.104194952227,0.000634327028119581,52.97760253984655,357.4653848306238,118.31710731722207,180.8613183532453
15 Jul 2026 12:59:00.000000000,3586.711027477926,-3635.8891669718046,-4606.001811405018,6.488363635907233,2.209604597753031,3.308423208252046,-0.004391261697697616,0.004446142616481394,0.005647867205857243,-42.119667172342965,-173.09910942572787,508.89907105056625,6873.824905154663,0.0005287704255363702,52.97985648194295,357.46069731247485,121.75375577995284,181.23177769040433
15 Jul 2026 13:00:00.000000000,3967.8312597413337,-3495.4072532306263,-4397.475850593975,6.210999606858007,2.4714308309866047,3.639910365814573,-0.00485865539549773,0.004275344845678335,0.005393388464732212,-39.81206378839523,-169.35140139946068,508.0411023540602,6874.5891751341005,0.00041682125829037287,52.982247712182584,357.4563981854937,124.49058338237326,182.30203619424674
15 Jul 2026 13:01:00.000000000,4331.480425337343,-3339.5343801738586,-4169.532895402438,5.906203398687776,2.722448563406986,3.9554180665168843,-0.00530497728607982,0.004085670101724196,0.005115007548072973,-37.37469414037333,-165.86853875564321,507.1461703936441,6875.38356941742,0.0003005942460937687,52.98473394581876,357.4525068341618,125.67274156864866,184.92694366644704
15 Jul 2026 13:02:00.000000000,4676.051702843881,-3168.952577799213,-3923.174062580487,5.575298562143345,2.9615482145082828,4.253546388839201,-0.005728233588510577,0.0038779135729341734,0.004813902251737835,-34.825764042415194,-162.62403976747325,506.22813814929617,6876.194109610934,0.00018355029965937329,52.98727121496324,357.4490354607105,122.2475784099352,192.15915566244496
15 Jul 2026 13:03:00.000000000,5000.021220655712,-2984.408970400859,-3659.4822822951737,5.2197256665005,3.187670373273244,4.532969207567374,-0.006126520599955315,0.003652953384520231,0.004491355800484038,-32.18119970833066,-159.59147702442837,505.3011968217356,6877.00651902189,8.022739561048602e-05,52.98981464243202,357.44598886775606,94.67761291862752,223.53615923100946
15 Jul 2026 13:04:00.000000000,5301.954910334565,-2786.712618708752,-3379.6176827031272,4.84103660578643,3.3998107012641077,4.792440404307582,-0.006498034493051506,0.0034117480327661015,0.004148752825920744,-29.454882566804333,-156.74542811050645,504.3796256116204,6877.806473354802,9.802613285089154e-05,52.99231923200483,357.4433643710364,12.410987486018119,309.6098204781601
15 Jul 2026 13:05:00.000000000,5580.515000702708,-2576.731072788968,-3084.812609491526,4.44088831858942,3.597024666245737,5.030799816018764,-0.006841081046503685,0.003155333287220254,0.003787574637405788,-26.658911527823037,-154.061985507917,503.4775488109374,6878.579853123503,0.00020618427756540975,52.99474066122131,357.4411518439047,354.60273732951475,331.22511506874207
15 Jul 2026 13:06:00.000000000,5834.46611766921,-2355.386646840495,-2776.3662974240833,4.0210359286840465,3.778432073541343,5.246978878169807,-0.007154085198479057,0.002884818533335925,0.003409393756105736,-23.803863730024197,-151.51896635686904,502.608694464079,6879.312993333414,0.0003206342146749685,52.99703606277521,357.43933389289805,352.8109464848214,336.8239721306745
15 Jul 2026 13:07:00.000000000,6062.680955426996,-2123.6524290332936,-2455.639213581859,3.5833253207324516,3.943221360946215,5.44000591774051,-0.007435600297941376,0.002601382536955001,0.0030158676953855627,-20.899038246472546,-149.09592888627245,501.7861589307954,6879.992925983043,0.0004320622893007068,52.999164780749254,357.4378861614156,354.6052006106368,338.8368212957101
15 Jul 2026 13:08:00.000000000,6264.145485744733,-1882.5480416062212,-2124.047094693636,3.1296851728954183,4.090653622349041,5.609011050865824,-0.007684316926861123,0.0023062686271376467,0.002608731990884361,-17.95267592155313,-146.77407122775205,501.022181673629,6880.607611007569,0.0005376679488140005,53.00108908835679,357.43677775628345,357.7411218693972,339.5080576155092
15 Jul 2026 13:09:00.000000000,6437.963673629152,-1633.135168536241,-1783.0547036457003,2.662118476069676,4.22006632530623,5.753230640549561,-0.007899071159183578,0.002000779304845699,0.0021897924988344497,-14.972153758104099,-144.53606348063045,500.32793449301283,6881.1461514475495,0.0006356774015056144,53.00277485451416,357.4359717898102,1.5372550658153084,339.5191551745159
15 Jul 2026 13:10:00.000000000,6583.361669659515,-1376.512870154099,-1434.1693328813908,2.182693577410079,4.330876688724133,5.872011271585526,-0.00807885212583569,0.0016862703001620846,0.0017609170008237932,-11.9641552189079,-142.36584557197804,499.7133292386611,6881.598988868374,0.0007246950957801265,53.00419214745036,357.4354260278755,5.721592313358613,339.1421421335945
15 Jul 2026 13:11:00.000000000,6699.691451792601,-1113.8127060622228,-1078.9340848865872,1.6935347935418334,4.422584688541441,5.964813202618671,-0.008222808759335716,0.0013641441135595926,0.001324026170461986,-8.93481931259884,-140.24841062735118,499.1868477363936,6881.95807538186,0.0008035727568158083,53.005315764650796,357.4350936327639,10.167118687435387,338.504054750529
15 Jul 2026 13:12:00.000000000,6786.43389238207,-846.1936895712994,-718.9209622384665,1.1968126461671291,4.494775661845422,6.03121325912,-0.008330255602176002,0.0010358430905561807,0.0008810839745020649,-5.889871994139538,-138.1695849183039,498.75539728625864,6882.217019024408,0.0008713793477018128,53.0061256797152,357.43492398770917,14.80906630894851,337.6696829393131
15 Jul 2026 13:13:00.000000000,6843.201229518596,-574.8370985488068,-355.72380171933776,0.6947337793755591,4.5471224831621235,6.070907135854241,-0.008400677575059284,0.000702842090541871,0.0004340875959349366,-2.834743609218697,-136.11580979653235,498.42419461745857,6882.371199720185,0.0009273968249439835,53.00660739816022,357.4348635887081,19.61341782744384,336.673066405186
15 Jul 2026 13:14:00.000000000,6869.738925526091,-300.9411690413965,9.048911294050955,0.1895306236645829,4.579387290649068,6.083711083077751,-0.008433733620201528,0.00036664082186589397,-1.4943020011442689e-05,0.22532391093042045,-134.07392743508092,498.1966806374975,6882.41785359449,0.0009711224938643148,53.00675221579231,357.43485698788686,24.563230353210848,335.53117031274405
15 Jul 2026 13:15:00.000000000,6865.926899487679,-25.715699227892575,373.7813106039919,-0.31654912374005034,4.59142274449489,6.069562957068098,-0.008429259151966283,2.875592346051885e-05,-0.00046397588600571805,3.285176500009434,-132.03097000956473,498.07446769998774,6882.356123990447,0.001002271818087852,53.00655737498777,357.4348477718599,29.652163960542445,334.25035637197936
15 Jul 2026 13:16:00.000000000,6831.780124947698,249.62340781441713,736.857460612443,-0.8212531293381429,4.583172804863215,6.028522622485397,-0.008387267272935508,-0.00030928711980911727,-0.0009109778403642206,6.339650548226616,-129.97395072388264,498.0573204535579,6882.1870781686985,0.0010207793965877677,53.00602611601452,357.43477955778616,34.88129604057104,332.82956807115613
15 Jul 2026 13:17:00.000000000,6767.448588370038,523.8596334515158,1096.6686723387877,-1.322335089701761,4.554673022074956,5.9607717013063395,-0.008307948732032654,-0.0006459621370766014,-0.0013539254400808335,9.38347518548678,-127.88965455072547,498.14317064175253,6881.913689322272,0.0010267972015298229,53.00516762238231,357.4345969895523,40.25761221125239,331.26183935639784
15 Jul 2026 13:18:00.000000000,6673.21660844116,795.781335583208,1451.6207848872016,-1.8175653583055924,4.506050337246926,5.866612670450634,-0.008191670630763417,-0.000979750413989729,-0.001790815756108488,12.411170798142138,-125.76442659840363,498.32816551976606,6881.540784200136,0.001020689765065554,53.00399686108332,357.43424671643834,45.79346929091652,329.5348312590123
15 Jul 2026 13:19:00.000000000,6549.5015208041405,1064.1872141872466,1800.141373555662,-2.304741458359743,4.437522397138585,5.746467317526704,-0.008038973903134706,-0.0013091487264308217,-0.002219676950883135,15.416940250711841,-123.58395664299985,498.6067488589055,6881.074957290726,0.0010030263239965871,53.002534320447566,357.43367833695976,51.50672461355847,327.6307021996881
15 Jul 2026 13:20:00.000000000,6396.851737213383,1327.8917213998789,2140.6868465457474,-2.7816984094936674,4.3493963923457155,5.600874571152278,-0.007850569621392996,-0.0016326771778261931,-0.002638578524547578,18.394549172774777,-121.33305972091993,498.9717728434188,6880.524453153385,0.0009745701574183302,53.0008056501578,357.4328452911028,57.42142839067037,325.52541527179204
15 Jul 2026 13:21:00.000000000,6215.944192323423,1585.7303879282529,2471.749393408263,-3.246318799811407,4.242067433063469,5.430487728858924,-0.007627334197866339,-0.001948886758597477,-0.0030456411255694116,21.337191567553216,-118.99545505478505,499.41463854497755,6879.899019088356,0.0009362655623544967,52.99884120971027,357.43170568513915,63.56910280760624,323.18745882243076
15 Jul 2026 13:22:00.000000000,6007.581195299532,1836.565038575,2791.863749904932,-3.6965425396868747,4.116016481288494,5.2360711114916905,-0.007370303574167933,-0.002256366554952856,-0.003439045834071946,24.237336992215837,-116.55354946498403,499.92546210417333,6879.209730890964,0.0008892231551158847,52.99667553324174,357.4302230343044,69.99073820741364,320.5758499844502
15 Jul 2026 13:23:00.000000000,5772.6867070875605,2079.2888709245053,3099.613745849068,-4.130376239559172,3.9718078624064495,5.018496178108388,-0.0070806665020300506,-0.0025537505441539524,-0.003817042840140042,27.086555806856104,-113.98823751174221,500.49326326922665,6878.468794930939,0.0008347045121205319,52.99434672013948,357.4283669101349,76.73975478327763,317.6371727437475
15 Jul 2026 13:24:00.000000000,5512.302067459942,2312.831372715879,3393.6386046440766,-4.545902160676091,3.810086382529374,4.7787371395510645,-0.006759757034497578,-0.0028397239257724385,-0.004177959456589951,29.875319749699074,-111.27873989988369,501.1061725493055,6877.689330223676,0.0007741076440625355,52.99189576218244,357.42611348088116,83.88633108653518,314.3012492396824
15 Jul 2026 13:25:00.000000000,5227.581198810245,2536.16305510269,3672.6389656253896,-4.9412866950238925,3.631574080617463,4.517866112009043,-0.006409046351230096,-0.0031130289507137286,-0.004520207422297102,32.592776787984334,-108.40251539793579,501.7516529409253,6876.885134509265,0.0007089555402705113,52.98936581910304,357.42344593534096,91.52370394471464,310.4748397081067
15 Jul 2026 13:26:00.000000000,4919.785316082083,2748.299980799368,3935.382602852651,-5.31478833829219,3.437066646308111,4.237047853978187,-0.006030134046772008,-0.0033724702235125243,-0.004842289470602281,35.226502456436876,-105.3353010074253,502.4167319822366,6876.070438621145,0.0006408911829956748,52.98680145539072,357.42035478248994,99.77728324630054,306.0325276133539
15 Jul 2026 13:27:00.000000000,4590.277174165402,2948.308068013037,4180.709816643517,-5.664765127424074,3.2274295354519555,3.9375341310265166,-0.005624739009130181,-0.0036169194666775236,-0.0051428051550194386,37.76223564870646,-102.05136130159973,503.0882397826799,6875.259653606452,0.0005716841791872726,52.984247851862804,357.4168380215108,108.8175664150268,300.8038051485152
15 Jul 2026 13:28:00.000000000,4240.514885586603,3135.307152992364,4407.538476812859,-5.989681521819299,3.0035938156453383,3.620657752742309,-0.005194690011601817,-0.0038453197489942727,-0.005420455941664774,40.18361627558666,-98.52406013289783,503.75304865932117,6874.467115154051,0.000503256391945551,52.98175000598978,357.412901179125,118.87734603743138,294.55586564136155
15 Jul 2026 13:29:00.000000000,3872.0453423628087,3308.4747959568126,4614.868699232199,-6.288114714370429,2.766551773585478,3.287826325225659,-0.00474191613036517,-0.004056689190878466,-0.005674049592069454,42.471956668489476,-94.72690192590417,504.3983100808046,6873.706829892818,0.0004377351806966845,52.97935193517687,357.4085572134812,130.2708233962979,286.9744901134198
15 Jul 2026 13:30:00.000000000,3486.4972765376683,3467.049817045394,4801.78713988143,-6.5587603649782205,2.517352314943815,2.940515760612909,-0.004268437090782851,-0.00425012417175254,-0.005902503875529264,44.606098979307745,-90.63521376191854,505.0116847671426,6872.992228048909,0.0003775363326300683,52.97709589716153,357.4038262862244,143.40207996795138,277.65557593323183
15 Jul 2026 13:31:00.000000000,3085.5739941339098,3610.3355507403307,4967.470893016363,-6.800437754883757,2.2570961856962346,2.580263582468004,-0.0037763536274773427,-0.004424802071650513,-0.006104849658661714,46.56243634049362,-86.22862959487945,505.5815620082095,6872.33592679566,0.00032544255419590163,52.9750216413927,357.3987354067627,158.72303880653305,266.14717563911654
15 Jul 2026 13:32:00.000000000,2671.0458173497636,3737.70280883902,5111.1909822665175,-7.012094364748763,1.9869310417535802,2.208662062815067,-0.0032678379289843547,-0.004579983587840113,-0.006280233430595042,48.3152016064224,-81.49445539916124,506.0972645363438,6871.749508404563,0.00028453126482881,52.97316570471383,357.39331795498686,176.5546831798011,252.12827856300214
15 Jul 2026 13:33:00.000000000,2244.742269279845,3848.592543679441,5232.31543564147,-7.192809883199247,1.7080463910523493,1.8273512227922277,-0.0027451242160695705,-0.004715014669285366,-0.0064279193237170495,49.83714288449562,-76.43179098242979,506.5492356090507,6871.243317012959,0.0002576200772418846,52.97156076388761,357.3876130908707,196.70233874402797,235.79352896533015
15 Jul 2026 13:34:00.000000000,1808.5440352091966,3942.518204595622,5330.3119371244975,-7.3417996548566915,1.4216684297057773,1.438011725370595,-0.002210499486902345,-0.004829328116310661,-0.006547290695077404,51.10069032638959,-71.05593039732226,506.9292053148368,6870.826277472795,0.0002460104602019139,52.97023505649345,357.38166506147434,218.1085167498595,218.20038318329352
15 Jul 2026 13:35:00.000000000,1364.374733761877,4019.0677818523423,5404.750049208896,-7.458417578347734,1.1290547909516502,1.042357684654485,-0.0016662944413294823,-0.004922444890271334,-0.006637851328957068,52.07964988505197,-65.40210104161302,507.23033350270845,6870.505739343627,0.0002483386526760629,52.9692118805107,357.375522417572,239.1805151448726,200.94150892168938
15 Jul 2026 13:36:00.000000000,914.1925305802774,4077.9055333332767,5455.303002068609,-7.5421584650010365,0.8314892229769483,0.6421294127454752,-0.0011148745803333997,-0.004993975177519103,-0.006699226319487117,52.751322909289954,-59.527211104269995,507.44732714327296,6870.287348646762,0.00026104027290083494,52.9685091815001,357.3692371538937,258.7288195198079,185.20638473312746
15 Jul 2026 13:37:00.000000000,459.98162656781795,4118.773390144818,5481.749046216209,-7.592659868195552,0.5302762092574419,0.2390861219197602,-0.0005586314595228705,-0.005043619243505408,-0.0067311626799378965,53.09876556110789,-53.50827063784635,507.57653035253475,6870.174949517411,0.000280149219953892,52.96813923473204,357.3628637882333,276.4305574797591,171.3178460995464
15 Jul 2026 13:38:00.000000000,3.7436521597183257,4141.492038050778,5483.972366473842,-7.609703391705423,0.2267355429491264,-0.16500140283330547,2.5935588603677452e-08,-0.005071168112240207,-0.006733529723747741,53.11274058869117,-47.43681895158616,507.61598574198223,6870.170517382657,0.0003026695943889564,52.96810842791703,357.35645839581474,292.54035074033516,159.02123380776592
15 Jul 2026 13:39:00.000000000,-452.5110013584349,4145.961672291484,5461.963555908211,-7.593215483065127,-0.07780313476886401,-0.5683581479201506,0.0005586797373508618,-0.005076504089115661,-0.00670631923868219,52.79287922682391,-41.40998122185577,507.56546619722775,6870.274124763557,0.0003269100286113345,52.96841714839632,357.3500776160533,307.4741851700006,147.9005243903164
15 Jul 2026 13:40:00.000000000,-906.7718827414212,4132.16242389686,5415.819649102642,-7.543267715157289,-0.3820058236084417,-0.9692122201989505,0.0011149117158558378,-0.005059601145484148,-0.006649645475644727,52.14772937686947,-35.520128399387964,507.4264766297277,6870.483940257866,0.0003522604110368205,52.969059776785855,357.3437776494402,321.5913324147258,137.5964089875085
15 Jul 2026 13:41:00.000000000,-1357.0371833057075,4100.154456105455,5345.743714797295,-7.460076556113296,-0.6845396720991462,-1.3658021898393606,0.0016663118243847458,-0.005020525165012131,-0.0065637449489082955,51.1936760497377,-29.845729360777582,507.20222568916745,6870.796260709481,0.00037884240349104494,52.9700247871666,357.33761326234867,335.13144625498904,127.86919747331832
15 Jul 2026 13:42:00.000000000,-1801.3224102367826,4050.077730001216,5252.044008606623,-7.344002624487536,-0.9840784960651141,-1.7563844153499322,0.0022104868212154257,-0.004959434045389142,-0.006448976036028204,49.95303677356155,-24.44545753947536,506.8975678674836,6871.2055760230705,0.00040718202385036327,52.971294952011846,357.3316368174709,348.2179184630667,118.59546306833839
15 Jul 2026 13:43:00.000000000,-2237.66899981789,3982.1514389929957,5135.132687205728,-7.195549423680391,-1.2793082986385946,-2.139240338220671,0.002745069015246425,-0.004876577640524964,-0.006305818354571044,48.45180876454054,-19.35629452554918,506.5189168664536,6871.704665539913,0.0004379289993416506,52.972847648175104,357.3258973470774,0.8837275376296049,109.74219405638037
15 Jul 2026 13:44:00.000000000,-2664.152839032924,3896.673112343808,4995.524086200156,-7.015361547060282,-1.5689327813414156,-2.512683732510235,0.0032677251718193283,-0.004772297512930212,-0.006134871872946865,46.717524341615935,-14.595050222691954,506.07413153840423,6872.284724363706,0.0004716288110174435,52.974655258461624,357.32043968562107,13.104186693001473,101.33404621931335
15 Jul 2026 13:45:00.000000000,-3078.892663527966,3794.017388632935,4833.832564825018,-6.80422234330706,-1.8516788340009307,-2.875067892250132,0.0037761656055977358,-0.004647026465371581,-0.005936855712297058,44.77751604942007,-10.161991965047706,505.572376140621,6872.935517518699,0.0005085593625170859,52.976685661605224,357.3153036770095,24.829388591043998,93.42089849566051
15 Jul 2026 13:46:00.000000000,-3480.0582992016816,3674.63446083161,4650.769921740413,-6.563051030388668,-2.126301988976736,-3.2247927363934057,0.0042681534706711195,-0.004501287808461784,-0.005712606581018643,42.65770658306917,-6.045232526788962,505.0239570649867,6873.645559343905,0.0005486422664811687,52.97890280190171,357.31052347062536,36.0106238560264,86.05143481633387
15 Jul 2026 13:47:00.000000000,-3865.878713974988,3539.048195622632,4447.142387512181,-6.292899246426407,-2.3915918225574555,-3.560311807544259,0.004741514241151816,-0.004335694318562245,-0.0054630767814142275,40.38189642928273,-2.2248987411432766,504.4401386107163,6874.402315084638,0.0005914258264719268,52.981267328338575,357.30612691851445,46.61692028584271,79.25660519861665
15 Jul 2026 13:48:00.000000000,-4234.6498455966375,3387.8539307020396,4223.847200912448,-5.994947026606575,-2.64637728357206,-3.880139136995676,0.005194145359573549,-0.00415094683967303,-0.005189331728255355,37.97144802743424,1.323432635795891,503.8329407531647,6875.1924212431895,0.0006361226513570032,52.983737291831325,357.30213508443586,56.64124769848259,73.04342115472271
15 Jul 2026 13:49:00.000000000,-4584.742170730583,3221.715955091085,3981.868777945662,-5.67049819732272,-2.88953192635109,-4.182855944873717,0.005624026007375688,-0.003947832478712391,-0.004892546914722376,35.44524698272908,4.6261793971778085,503.2149222184923,6876.001920901287,0.0006816784235128389,52.9862688881543,357.29856187335076,66.09896357821845,67.3965102466051
15 Jul 2026 13:50:00.000000000,-4914.607980125212,3041.3646789405257,3722.2744845042776,-5.32097518189136,-3.1199790223534487,-4.4671171406198855,0.006029226937916192,-0.0037272223509228694,-0.004574004272065366,32.81983462395751,7.710011401961155,502.5989524938398,6876.81650993655,0.0007268509720842714,52.98881723335335,357.29541378788673,75.02221330215616,62.283716003377
15 Jul 2026 13:51:00.000000000,-5222.788324444159,2847.5935009363884,3446.2100257551424,-4.947913216437374,-3.3366965221528333,-4.731657585846469,0.00640792028962551,-0.003490068832106338,-0.0042350878707456425,30.109631916955266,10.600763209427663,501.9979766756809,6877.621789829306,0.000770286126051479,52.99133715786559,357.2926898159497,83.4533961262051,57.66263202034545
15 Jul 2026 13:52:00.000000000,-5507.919595407279,2641.2553831825976,3154.8944677397985,-4.552953979810864,-3.538721837222571,-4.975298078931921,0.0067583892853718755,-0.0032374022854057757,-0.0038772789263691633,27.327200550091355,13.322829729746031,501.42477727577125,6878.403522602232,0.0008105840796140666,52.993784005254426,357.2903814514223,91.43950652577027,53.48626064334146
15 Jul 2026 13:53:00.000000000,-5768.7397073087095,2423.259145332989,2849.6149091819993,-4.137838647539272,-3.725156409173785,-5.196951018771548,0.0070790377101973175,-0.00297032723784219,-0.0035021500845592553,24.483507868811895,15.898895090078325,500.89173725403083,6879.147883358549,0.0008463548775271022,52.99611442140555,357.28847284742835,99.02801132841212,49.70713580118234
15 Jul 2026 13:54:00.000000000,-6004.093844790123,2194.565491724685,2531.7208241025287,-3.7044003866697905,-3.8951700329232986,-5.395625703979954,0.007368399043499853,-0.0026900179901765253,-0.0031113589712834567,21.588177265385152,18.34987868536213,500.41060862170303,6879.841705889309,0.0008762640131873786,52.99828712021454,357.28694109935475,106.26423302292464,46.27993960286998
15 Jul 2026 13:55:00.000000000,-6212.939743987186,1956.1827873026145,2202.618098480437,-3.2545563157153587,-4.048004899769055,-5.57043322367685,0.007625145127785032,-0.0023977136619453346,-0.002706641018912125,18.64971544146813,20.695015043013765,499.99229094786506,6880.472716909284,0.0008990698466928099,53.00026361223495,357.2857566524801,113.18992279222677,43.16292915418007
15 Jul 2026 13:56:00.000000000,-6394.352475865662,1709.1626001583659,1863.7627868092825,-2.7902989615381064,-4.182979326617271,-5.720590896848471,0.007848094238079242,-0.0020947126788392273,-0.0022898015867553233,15.675713968868555,22.95201087106161,499.6466240015685,6881.029754656033,0.0009136544322421858,53.00200888343019,357.28488382690296,119.84266019219841,40.31853667455813
15 Jul 2026 13:57:00.000000000,-6547.528702710758,1454.5950305162144,1516.6546169278142,-2.313687252671354,-4.29949113865452,-5.845426219189488,0.008036218431025767,-0.0017823667294330468,-0.001862707419977386,12.673026001667042,25.137242669843353,499.3821985669177,6881.502967846013,0.0009190489415320654,53.003492012073444,357.28428145035434,126.2557742905117,37.71344810414553
15 Jul 2026 13:58:00.000000000,-6671.790381345478,1193.603847903384,1162.8302738724963,-1.8268370960013118,-4.397020674623892,-5.94438027930469,0.008188650050879057,-0.0014620742279424833,-0.0014272775039404842,9.647920785464484,27.265972431398964,499.20618917788363,6881.88399132211,0.0009144544547259132,53.00468671295433,357.28390358761976,132.45856523231967,35.3183812388432
15 Jul 2026 13:59:00.000000000,-6766.587889686132,927.3414600273862,803.8564956641698,-1.3319115906943433,-4.4751333865053455,-6.017010610127841,0.008304687281604384,-0.001135273333557266,-0.0009854733885115438,6.606219427729046,29.352568552625193,499.1242121370433,6882.166095144625,0.0008992585643037856,53.00557179934945,357.2837003535521,138.47668147451154,33.107708157167856
15 Jul 2026 14:00:00.000000000,-6831.502556677072,656.9837384680513,441.3230158328374,-0.8311109394921095,-4.533482008784723,-6.062993446324127,0.008383798650707507,-0.0008034345890318042,-0.0005392890718867593,3.5534156701233024,31.41072540263276,499.1402117129916,6882.344304363393,0.0008730480166501953,53.00613155468444,357.28361879528137,144.33256685424206,31.059007779302153
15 Jul 2026 14:01:00.000000000,-6866.2485794198565,383.72472767087214,76.83538905400651,-0.3266621228164662,-4.57180827653075,-6.082125364162061,0.008425626401251544,-0.000468053250031421,-9.074054454074229e-05,0.4947854103976409,33.45367901592419,499.2563768650651,6882.415487253965,0.0008356174866664605,53.00635600741947,357.2836038279431,150.04593503738025,29.15259101935413
15 Jul 2026 14:02:00.000000000,-6870.674315370319,108.77126483369659,-287.99226251877286,0.1791915946701855,-4.589944176093742,-6.074324286721658,0.008429988676128167,-0.00013064138660948886,0.00035814489492358957,-2.5645113789349594,35.494418863847145,499.47309023402585,6882.378410393469,0.0007869745192358994,53.00624110440845,357.2835992073881,155.6342633583686,27.371006526377112
15 Jul 2026 14:03:00.000000000,-6844.76294174651,-166.66246089642345,-651.5445438298333,0.6842012524553547,-4.587812717263808,-6.039629844178311,0.008396880474403451,0.00020728015709883812,0.0008053394349114927,-5.619332801343159,37.545897084501654,499.7889104795618,6882.233759580306,0.0007273406577242926,53.00578877977874,357.28354852266,161.11333436382535,25.698498709162365
15 Jul 2026 14:04:00.000000000,-6788.632478693669,-441.36038099800834,-1012.2120836172184,1.1861228033436013,-4.565428221041797,-5.978203086071618,0.008326473366120891,0.000544189854487914,0.0012488255358012268,-8.664457798128588,39.621237233175485,500.2005883573029,6881.984126249462,0.0006571487979228149,53.00500691822333,357.28339619077025,166.49791243790133,24.12033067429346
15 Jul 2026 14:05:00.000000000,-6702.535177206432,-714.110022808166,-1368.3987944744883,1.682727669049304,-4.522896122632599,-5.890325549735466,0.008219113975246618,0.0008785735483388329,0.0016866065842299457,-11.694486077443528,41.73394470566053,500.7031162298543,6881.633959691264,0.0005770368461205564,53.003909213456936,357.2830884362046,171.802779685691,22.621747908664098
15 Jul 2026 14:06:00.000000000,-6586.856277228244,-983.7079584574208,-1718.5290579953773,2.1718131691331486,-4.460412294709479,-5.77639769622044,0.008075321261526889,0.0012089323730546707,0.002116717299122659,-14.70373171685583,43.89812050759439,501.28981001681234,6881.1894860262755,0.0004878378183224308,53.00251492443078,357.2825742379746,177.0447512438457,21.18596254475816
15 Jul 2026 14:07:00.000000000,-6442.112145653383,-1248.965199000959,-2061.0547975938725,2.6512127528212592,-4.378261901268071,-5.636936731883797,0.007895782659991968,0.0015337904620838507,0.0025372337797907514,-17.686106848048265,46.12867888731955,501.95242192896944,6880.658595513067,0.0003905666085497187,53.000848533693535,357.2818062275441,182.2476850913974,19.78914314281696
15 Jul 2026 14:08:00.000000000,-6268.947808062388,-1508.7125060270964,-2394.4624028747717,3.118805967187737,-4.276817797334995,-5.472573840159956,0.00768134915089698,0.0018517023614162108,0.002946283095324754,-20.63499172695033,48.44156726760862,502.68128171764073,6880.050700350047,0.0002864038783928562,52.99893931399847,357.28074152191766,187.4588314449344,18.384064912602685
15 Jul 2026 14:09:00.000000000,-6068.1338918622005,-1761.8055940699346,-2717.2794710589583,3.5725281002519376,-4.15653849428872,-5.284050853688675,0.007433029352948666,0.002161260078488651,0.003342052327004869,-23.543087456738824,50.85398347815702,503.46546362013163,6879.376565670331,0.00017667873180356189,52.996820810858615,357.27934247728297,192.82814611346046,16.82079600574998
15 Jul 2026 14:10:00.000000000,-5840.563002008015,-2007.1301984660074,-3028.0813329166317,4.010379443606912,-4.017965714464598,-5.0722164018185305,0.0071519827530118225,0.0024610997078815993,0.003722796992448042,-26.402247800479355,53.38457986388214,504.2929757069089,6878.648116903601,6.28722811686831e-05,52.99453025021543,357.2775773500499,199.56388309574365,13.89110460164681
15 Jul 2026 14:11:00.000000000,-5587.245553604709,-2243.6069848153998,-3325.4973328743886,4.430434126030338,-3.8617215619583978,-4.838021572403792,0.0068395121844194145,0.0027499075842976777,0.004086848792559386,-29.203287122634592,56.05363552276647,505.15096794719517,6877.878227086752,5.371568841442683e-05,52.992107881687936,357.27542085374097,18.382756198921754,198.878297013163
15 Jul 2026 14:12:00.000000000,-5309.305088383081,-2470.1962779019423,-3608.2168353755596,4.830848476904259,-3.6885053390395366,-4.582515129693735,0.006497055685739766,0.0030264259292314276,0.004432622644274749,-31.935762902848335,58.88316554723486,506.0259550121687,6877.080488036107,0.00017103025734936425,52.9895962689837,357.2728546020436,25.470162649303482,195.59699384557695
15 Jul 2026 14:13:00.000000000,-5007.973104291427,-2685.90258974755,-3874.9949321342233,5.209868885944447,-3.499090039291936,-4.306838331927757,0.006126177866107037,0.003289457968854283,0.004758622976833405,-34.58773404229875,61.896918389374285,506.90404963226393,6876.268969544912,0.00028767483149080435,52.987039539966496,357.269867430343,30.68900116967702,194.1843117378553
15 Jul 2026 14:14:00.000000000,-4684.583429228129,-2889.7789283710467,-4124.657827562586,5.56583913345549,-3.2943185495058773,-4.0122193929936385,0.0057285609053816505,0.003537872515102711,0.005063449288475892,-37.14550116768351,65.12018825841783,507.7712022158473,6875.457970938427,0.00040192094780295,52.984482609565276,357.2664555901709,35.628299087035344,193.05123612494722
15 Jul 2026 14:15:00.000000000,-4340.566171270431,-3080.930870747871,-4356.107882307094,5.897207172836644,-3.075099592460936,-3.6999676322149435,0.005305995311673278,0.003770608014697535,0.005345800977169139,-39.59334345336164,68.57933886515968,508.6134424177065,6874.661769404069,0.0005120887708405719,52.98197038917329,357.26262281323557,40.45448079943018,192.03135269399988
15 Jul 2026 14:16:00.000000000,-3977.441278639863,-3258.5203853815938,-4568.328297444078,6.202531354137972,-2.8424034421073556,-3.371467355073668,0.004860370547388203,0.003986676081625102,0.005604481472658516,-41.91327943043008,72.30090096800512,509.41711841024863,6873.894369519133,0.0006165406601850019,52.979546996407215,357.2583802440079,45.21383780502471,191.07837733210988
15 Jul 2026 14:17:00.000000000,-3596.8117431309,-3421.769391745656,-4760.38742439891,6.480486083876042,-2.597257441353651,-3.02817150555826,0.004393665626824211,0.004185164541543043,0.00583840171388336,-44.08489789379877,76.31007843205856,510.16912975061933,6873.169258324703,0.0007137065305451737,52.9772549790797,357.2537462421051,49.925235691190636,190.1734491674546
15 Jul 2026 14:18:00.000000000,-3200.3564808451033,-3569.9630456121527,-4931.442688023483,6.7298669218994664,-2.340741350783025,-2.6715951279808765,0.003907939767769833,0.004365240022472402,0.006046583022530047,-46.08532916279462,80.62849598524184,510.85714994303567,6872.499170148873,0.0008021101343939762,52.975134566978554,357.2487460579855,54.59825382954355,189.306990956689
15 Jul 2026 14:19:00.000000000,-2789.8229239084058,-3702.4527409065563,-5080.744112437764,6.949595120672129,-2.073982554284122,-2.3033086727253322,0.003405323165405624,0.00452615013423336,0.006228159433354495,-47.889453261425835,85.27108110220819,511.4698350576583,6871.895865168418,0.0008803941605172627,52.973222964552214,357.2434113877223,59.238450421964416,188.4734441711604
15 Jul 2026 14:20:00.000000000,-2367.0193563369294,-3818.658820229385,-5207.637441239785,7.138721615890468,-1.7981511448504233,-1.9249311765222346,0.002888007938139755,0.004667225284585111,0.006382379548257464,-49.4704609040206,90.24213875812995,511.99701507545853,6871.369925424635,0.0009473434655487419,52.97155369687767,357.2377798146582,63.849267620243644,187.6693640567953
15 Jul 2026 14:21:00.000000000,-1933.8070267499331,-3918.072987446658,-5311.566845356903,7.296430479618631,-1.5144549110094756,-1.5381233439960273,0.0023582392733738876,0.004787880179299571,0.006508607978828282,-50.80087835796164,95.53098927189961,512.4298649722365,6870.930571681454,0.0010019059853518955,52.97015602035325,357.2318941477906,68.43280984721285,186.89264153503203
15 Jul 2026 14:22:00.000000000,-1492.0920697485667,-4000.260416942983,-5392.077213367249,7.422041848419865,-1.224134241308842,-1.1445805530945112,0.0018183067847954925,0.00488761505670694,0.006606326445399916,-51.854115053286954,101.1079786573895,512.7610529267034,6870.585504139576,0.0010432109569968142,52.96905440842252,357.2258016684714,72.99016345682203,186.14218380336544
15 Jul 2026 14:23:00.000000000,-1043.8172671191687,-4064.8615550562786,-5448.816020325226,7.515014338973892,-0.9284569615011076,-0.7460258033032083,0.0012705360720778483,0.00496601670021353,0.006675134590185313,-52.60647492802177,106.92209974696416,512.9848634289181,6870.340769607221,0.001070584142460034,52.96826812132502,357.2195532986545,77.52148783268927,185.41782353033113
15 Jul 2026 14:24:00.000000000,-590.9536792583659,-4111.593610022858,-5481.534772169345,7.574946962731673,-0.6287131164376456,-0.3442026220818483,0.0007172804599513398,0.005022759271697941,0.0067147505602448,-53.0393976600932,112.90159762458052,513.0972934705976,6870.200657282252,0.0010835598043518236,52.96781086740092,357.21320270522534,82.02595731481242,184.72037724932517
15 Jul 2026 14:25:00.000000000,-135.4921765603438,-4140.251727415452,-5490.09002362386,7.6015805492899675,-0.32620970639691066,0.059132057955000566,0.00016091287835668158,0.0050576050003019865,0.006725011403954375,-53.14152125931568,118.9584603237866,513.0961204131141,6870.167624828475,0.0010818892477537038,52.9676905618793,357.2068053561473,86.50156726751734,184.05183963181037
15 Jul 2026 14:26:00.000000000,320.5650999935823,-4150.709848582006,-5474.443968179407,7.594798685548421,-0.02226538577336503,0.46221504084201337,-0.00039618216567854035,0.005070404749486401,0.006705873308384095,-52.91008124853825,124.99654934443654,512.9809405489053,6870.2422559374945,0.0010655458134163755,52.96790918737874,357.2004175449188,90.94477425640127,183.41574366536474
15 Jul 2026 14:27:00.000000000,775.2133201540785,-4142.921250031226,-5434.66459929667,7.554628174546421,0.2817948692338838,0.863284019286548,-0.0009516165798533457,0.005061098482935373,0.006657411701462464,-52.3512667414698,130.92173028540316,512.7531777949943,6870.423250062795,0.0010347262903497958,52.96846275857513,357.1940954004443,95.34989241865794,182.81776464525532
15 Jul 2026 14:28:00.000000000,1226.4535588174876,-4116.918762089825,-5370.925442475063,7.481239014381013,0.584645117920588,1.2605847287641025,-0.0015030067025317926,0.0050297156314170885,0.006579821217841863,-51.479430790472215,136.65149945717454,512.4160623821923,6870.707444499473,0.0009898488192085447,52.96934139167368,357.18789389964104,99.70809160146256,182.26672239735595
15 Jul 2026 14:29:00.000000000,1672.3013747869052,-4072.8146655104483,-5283.504858293079,7.374943893990769,0.884963831487973,1.6523780954745386,-0.0020479814022064673,0.004976375357663191,0.006473415520641321,-50.31537946506086,142.1218259837928,511.9745798287963,6871.089868468159,0.0009315475022964632,52.970529477494004,357.1818659001055,104.00569705464252,181.77628193992814
15 Jul 2026 14:30:00.000000000,2110.795344606204,-4010.8002650855587,-5172.7849170606,7.236197199137114,1.1814392819182824,2.03694736870138,-0.0025841903160792688,0.004901286703324442,0.006338626954105596,-48.884183637786094,147.2900918046854,511.4353909126828,6871.563828349023,0.0008606641720736558,52.97200595516691,357.17606120978456,108.22118435622436,181.36795889768317
15 Jul 2026 14:31:00.000000000,2540.0055219004676,-3931.145139750299,-5039.249846313111,7.065593518793634,1.4727749355727233,2.4126052264428464,-0.0031093122743165395,0.004804748590672908,0.006176005987604412,-47.212986980574854,152.13439254848296,510.8067237792849,6872.121022709678,0.0007782382285676103,52.973744681683925,357.17052570996725,112.3195653870387,181.07673384595168
15 Jul 2026 14:32:00.000000000,2958.0417918640205,-3834.1960691784643,-4883.484053128508,6.863865639636773,1.757694841880565,2.7777008404932007,-0.0036210639480548,0.004687149648608789,0.0059862204077632715,-45.3291568897216,156.65036887550218,510.0982397428807,6872.75168528149,0.0006854965115818766,52.97571489086248,357.16530054700104,116.24111798336423,180.96232294936254
15 Jul 2026 14:33:00.000000000,3363.0620897826107,-3720.37563751652,-4706.169724160572,6.6318820145725494,2.03494900521435,3.130626883999706,-0.004117208739740675,0.0045489678148413325,0.00577005419329997,-43.258940217648664,160.8469462964908,509.32087475267366,6873.44475357228,0.000583848025942432,52.97788173372291,357.160421406949,119.8765401890237,181.134023967899
15 Jul 2026 14:34:00.000000000,3753.2804515758253,-3590.1805156970104,-4508.084007415957,6.370643690423411,2.303318725326762,3.469826460841358,-0.004595565924042029,0.004390769672524779,0.005528406016293399,-41.02662907972736,164.74207220641753,508.48665889866544,6874.188060363507,0.00047489748395168727,52.980206890844364,357.15591788594304,123.00486235065394,181.8128043813317
15 Jul 2026 14:35:00.000000000,4126.974863462175,-3444.179424733181,-4290.095781159714,6.081280680138427,2.561621888752181,3.7937999322228104,-0.005054020023227304,0.00421320946560705,0.005262287296715327,-38.65415057216303,168.35907977700506,507.6085167203569,6874.968544934835,0.00036052790171325905,52.982649245998104,357.1518129673567,125.10835208761881,183.51639659607903
15 Jul 2026 14:36:00.000000000,4482.494876993704,-3283.010783546876,-4053.1620169428047,5.76504776627993,2.808718190435976,4.101111611792045,-0.005490530385166917,0.004017027742417204,0.004972819745141277,-36.160963199722694,171.7239102297421,506.70005144690685,6875.772480495819,0.00024329787195185158,52.98516560927566,357.1481226150285,124.65082169293935,187.78099067436474
15 Jul 2026 14:37:00.000000000,4818.268954983404,-3107.3800462162185,-3798.3237455970925,5.423319725102551,3.043514261722319,4.3903962965884595,-0.005903140911407542,0.0038030495756061077,0.00466123232811818,-33.564149881184385,174.86317210886418,505.77531663233276,6876.585713990288,0.0001291622496261684,52.98771147704952,357.1448554897753,114.6454113702591,201.59345117775104
15 Jul 2026 14:38:00.000000000,5132.811513316093,-2918.056735048686,-3526.701637125751,5.0575859642637,3.2649686778363125,4.660365597399813,-0.0062899898621194715,0.003572182309574718,0.004328857596265258,-30.87862099240517,177.80289702047762,504.8485789443066,6877.393914180826,6.585325439849022e-05,52.99024181544457,357.142012794268,49.005955067558304,271.0399513623786
15 Jul 2026 14:39:00.000000000,5424.729623350932,-2715.8711775805987,-3239.4912077176414,4.669444572038345,3.472096815281687,4.909814028828755,-0.006649319651227278,0.003325412795319357,0.003977127327748215,-28.11736707852513,-179.43217936175648,503.93407611062673,6878.182823727325,0.0001494457770106032,52.99271185357134,357.1395882490999,359.79715367678426,324.0557999556577
15 Jul 2026 14:40:00.000000000,5692.729339676099,-2501.710957445412,-2937.9576695815385,4.260595781726134,3.6639755272912766,5.137624816737928,-0.006979486525073801,0.003063804077143825,0.0036075674473764023,-25.291723049123988,-176.81896728472395,503.04577421221717,6878.9385108491715,0.00026298582197107175,52.99507787258356,357.13756820056557,353.0965650629763,334.56345105078566
15 Jul 2026 14:41:00.000000000,5935.621618396115,-2276.517091017567,-2623.430441904587,3.8328348616035104,3.839747603726505,5.3427753788893,-0.007278970007210401,0.002788491507890504,0.0032217921984014825,-22.411622029652122,-174.336128355454,502.1971286262741,6879.647616112696,0.00037647191578932157,52.997297976677025,357.1359318583933,353.5002542094977,337.9668538333463
15 Jul 2026 14:42:00.000000000,6152.327791976944,-2041.2799437919934,-2297.297343922918,3.388044448089168,3.998625980731605,5.524342433661742,-0.0075463819856851945,0.002500678281597335,0.0028214975610621365,-19.48582804322738,-171.96402761377877,501.400852958315,6880.297589917471,0.0004853752156282992,52.999332832446505,357.1346516593463,356.0501337262826,339.2241118949398
15 Jul 2026 14:43:00.000000000,6341.884567971329,-1797.0349025526834,-1960.998493802339,2.9281863475426295,4.139897665098568,5.681506691806362,-0.007780475308120972,0.00220163038291036,0.0024084539263600213,-16.522143573653334,-169.68459514981814,500.6687002497548,6880.876916370869,0.0005875388888936062,53.00114636355345,357.1336937504291,359.53551583513183,339.5459310225724
15 Jul 2026 14:44:00.000000000,6503.448520715068,-1544.8578214814693,-1616.0199396928385,2.455292840062782,4.262927338738617,5.813557087346675,-0.007980151753894018,0.0018926709684853977,0.0019844980545387493,-13.527592073157502,-167.48113855081385,500.01126060271787,6881.375319439542,0.0006813950566626479,53.002706388425516,357.13301858326764,3.5268201882448875,339.3619111112944
15 Jul 2026 14:45:00.000000000,6636.300047329377,-1285.8602623947888,-1263.887051886975,1.9714575265400005,4.367160609925889,5.91989450596505,-0.008144469253370284,0.0015751742081818074,0.001551524364300036,-10.508577641030874,-165.33813194349395,499.43777912374225,6881.783947550046,0.0007656708964930162,53.003985189693005,357.132581609342,7.836721365990982,338.85939835854776
15 Jul 2026 14:46:00.000000000,6739.84676206873,-1021.1845512469022,-906.1577074055654,1.4788257677930212,4.452126880063506,6.000034972524077,-0.008272648231325059,0.001250558627594862,0.0011114756166018883,-7.471025138599028,-163.24099674223325,498.95599775244136,6882.095533174098,0.0008393220858254401,53.0049600052537,357.13233406387883,12.373101488010187,338.13053231137593
15 Jul 2026 14:47:00.000000000,6813.626306197278,-751.9986748282274,-544.4153005016653,0.9795847716318467,4.517441797606057,6.053612263688294,-0.008364076966259985,0.0009202800068701073,0.0006663330735022108,-4.420504406590073,-161.1758821371795,498.57202411551884,6882.304524372304,0.000901518605790032,53.00561343222388,357.13222382468325,17.0878295790945,337.2234661309107
15 Jul 2026 14:48:00.000000000,6857.308554114343,-479.49104318976583,-180.26161444929255,0.47595338989998004,4.562809274385116,6.080379916845695,-0.008418315865714263,0.0005858239008717513,0.0002181062255285085,-1.3623423203903238,-159.129448793651,498.2902300369573,6882.40718577567,0.0009516446042456701,53.00593373655622,357.13219633080627,21.955816403055135,336.1633113673948
15 Jul 2026 14:49:00.000000000,6870.697200328657,-204.86514468480186,184.69040847001767,-0.029828307241348113,4.58802304384303,6.08021261254613,-0.008435100584929989,0.00024869785746997527,-0.00023117780544192594,1.698273655694261,-157.08865638757428,498.11318175423935,6882.40166704713,0.0009893012601999787,53.005915062761126,357.13219554491815,26.965470606180588,334.96168141098906
15 Jul 2026 14:50:00.000000000,6853.730716035941,70.66587838311253,548.8239607099911,-0.5355096084977702,4.592967745471611,6.053106914319686,-0.008414343930637435,-8.957658291316476e-05,-0.0006794850733582476,4.756196862674372,-155.04055391907988,498.0416032515881,6882.288037473318,0.0010143088035641408,53.00555753992399,357.13216494237975,32.11405780248369,333.62133199339365
15 Jul 2026 14:51:00.000000000,6806.482668412307,345.8847047374632,910.5256881008199,-1.0388398161009995,4.577619524947345,5.999181356826904,-0.008356136514729091,-0.00042747201733803463,-0.0011247857042040634,7.806224318956578,-152.97207087551214,498.0743734421828,6882.068285978257,0.0010267061915893267,53.00486728203924,357.1320485096239,37.405420989424194,332.1384403589801
15 Jul 2026 14:52:00.000000000,6729.161400213272,619.5753304752604,1268.1929942342438,-1.5375789026350868,4.542046144904628,5.918675880627337,-0.008260746152374552,-0.0007634633476008829,-0.0015650647581380774,10.842997624873755,-150.86980706451055,498.20855723056627,6881.746286508656,0.0010267478596010075,53.00385628254943,357.1317917341122,42.84897798031571,330.5036074266948
15 Jul 2026 14:53:00.000000000,6622.109071782993,890.5285574072602,1620.2412915511204,-2.0295080948796356,4.486406606839307,5.8119506192244295,-0.008128616014678071,-0.0010960358923510598,-0.0019983329353910236,13.860898414559186,-148.71981925198693,498.4394697843643,6881.3277294027175,0.0010148974000321774,53.00254220485149,357.1313425684228,48.45951625909681,328.70206254444867
15 Jul 2026 14:54:00.000000000,6485.80007204294,1157.5474441919496,1965.1111606358625,-2.512440311088429,4.4109502901276265,5.679484051244887,-0.007960361578735387,-0.0014236933540478294,-0.002422637009038048,16.8539347758674,-146.5074036915774,498.76077266061344,6880.820020003618,0.0009918182892170138,53.00094807237787,357.1306523513168,54.257589631819954,326.7132664688187
15 Jul 2026 14:55:00.000000000,6320.838809357776,1419.4526915989704,2301.2753801934323,-2.9842303810986306,4.316015619419132,5.5218705374341095,-0.007756766431707958,-0.0017449655553388602,-0.0028360698746028724,19.815614943370274,-144.21687543290838,499.16459978629507,6880.2321464007755,0.0009583619948255121,52.999101863648065,357.1296766694927,60.270479087015715,324.50995016479493
15 Jul 2026 14:56:00.000000000,6127.95689729778,1675.0879340406786,2627.2457915369005,-3.4427849828768866,4.202028276581538,5.3398172684131,-0.007518777011443454,-0.002058415866856276,-0.003236780118203378,22.738804497928378,-141.83134832358076,499.64171070187314,6879.574518764028,0.0009155540186519002,52.9970360193784,357.128376144615,66.53379396501751,322.0565133318577
15 Jul 2026 14:57:00.000000000,5908.009754144402,1923.3249106428052,2941.579963133611,-3.8860722344836556,4.069498977783804,5.134140654671592,-0.0072474963818547535,-0.0023626482580782373,-0.003622981018428723,25.615563397028087,-139.3325244594917,500.1816679559714,6878.858783262592,0.0008645787075391969,52.99478687031076,357.12671713169607,73.09390033943278,319.30659575906617
15 Jul 2026 14:58:00.000000000,5661.972638475017,2163.068490459224,3242.887622774906,-4.312130886702246,3.919020840114688,4.905762194935569,-0.006944177150983748,-0.0026563139125949232,-0.0039929589108669335,28.436959613441704,-136.70050932875915,500.7730351009965,6878.09761402484,0.0008067640596273054,52.992393995840445,357.1246723163178,80.01149913487212,316.19949899018934
15 Jul 2026 14:59:00.000000000,5390.93614624943,2393.261528007491,3529.836827211205,-4.719079068580647,3.751266365234515,4.655703862732753,-0.006610213658406279,-0.002938117363835013,-0.004345080864753934,31.192857304450282,-133.91368014841538,501.40359139081045,6877.30448698335,0.0007435683536769797,52.9898995247664,357.12222120003395,87.36685922262383,312.6549530615806
15 Jul 2026 15:00:00.000000000,5096.101197477057,2612.8895270245844,3801.159841563329,-5.105122545596038,3.566984069898297,4.385083053619688,-0.00624713355401602,-0.003206822117755117,-0.004677801634881791,33.87167978569657,-130.94865122834997,502.06055902890046,6876.493439760915,0.0006765713758248255,52.98734739052978,357.11935046523286,95.26745008349047,308.565483727114
15 Jul 2026 15:01:00.000000000,4778.773542742278,2820.985092189468,4055.658703419247,-5.46856245783368,3.366994794723597,4.095107137099827,-0.005856588899129352,-0.0034612557442512595,-0.004989669872709776,36.46015191168977,-127.78040284698658,502.73083865789965,6875.678821976442,0.000607474499895506,52.98478255413145,357.11605421292955,103.85896753907117,303.7853866714955
15 Jul 2026 15:02:00.000000000,4440.357821603383,3016.6321504677394,4292.210449193576,-5.80780251321283,3.152187723313841,3.7870676577595463,-0.005440346915236616,-0.003700314431927095,-0.005279333597402567,38.9430338324728,-124.38266948034295,503.40124871893073,6874.875040489896,0.0005381160325204339,52.98225020850702,357.11233406917347,113.3407447530469,298.1153165120389
15 Jul 2026 15:03:00.000000000,4082.351206167045,3198.9699256632075,4509.771982996225,-6.121355618142582,2.923516143810279,3.4623342296325688,-0.0050002804976325855,-0.0039229670121575435,-0.005545544942126779,41.30286980134836,-120.72871724066991,504.05876433504005,6874.096304155943,0.00047051060595100204,52.97979497848312,357.10819915806684,123.98532768465843,291.28271140735006
15 Jul 2026 15:04:00.000000000,3706.3366639933424,3367.196651675493,4707.384570869049,-6.4078499348286835,2.681992984176741,3.12234816636044,-0.0045383586053079,-0.004128258472791611,-0.005787164209641786,43.51979296898293,-116.79267167300604,504.69075148129883,6873.356372623965,0.00040692082989028547,52.977460130527824,357.10366594186047,136.15656638547176,282.92370188141143
15 Jul 2026 15:05:00.000000000,3313.975874953924,3520.5730117948524,4884.1779457562825,-6.666034360558227,2.4286861511332574,2.7686158874634423,-0.004056636617886012,-0.004315312987109498,-0.006003163277181918,45.57145021575255,-112.55156863641257,505.28519238495585,6872.668313608001,0.0003499533880515649,52.9752868063463,357.09875793082705,150.30327566194867,272.5894503391308
15 Jul 2026 15:06:00.000000000,2907.0018367493867,3658.4252931265805,5039.3740109338405,-6.894783429530194,2.164713700687008,2.4027021381039697,-0.003557246741487301,-0.00448333649622609,-0.006192628406647853,47.43313776527769,-107.98826186726674,505.8308983431136,6872.044272861056,0.000302604667680268,52.973313293956146,357.0935052680957,166.86510789130116,259.84027848369135
15 Jul 2026 15:07:00.000000000,2487.211193723794,3780.1482468029258,5172.290131743306,-7.093101641931434,1.8912388659399555,2.0262230564130377,-0.00304238852341911,-0.004631618886710088,-0.006354762519662865,49.0782611490003,-103.09518610664597,506.31770644202896,6871.495260828913,0.0002680129969768332,52.97157434921719,357.08794419670943,185.9859702833031,244.53225033899062
15 Jul 2026 15:08:00.000000000,2056.4563230368353,3885.2076461762153,5282.342007495655,-7.26012722816763,1.6094649651024084,1.640839118597248,-0.002514319515629757,-0.00475953580613979,-0.006488886997058853,50.47923687122088,-97.87869993240214,506.73665700177355,6871.030959637054,0.00024853110322463557,52.970100579895586,357.0821164184,207.06190669608424,227.26929076589508
15 Jul 2026 15:09:00.000000000,1616.6372119096143,3973.142536403958,5369.046117038268,-7.3951353579823325,1.3206302100287481,1.2482479884225326,-0.001975346113168789,-0.004866550166518236,-0.006594443071072023,51.60891523785079,-92.36331411173572,507.0801489426283,6870.659553687795,0.00024426985241357845,52.968917903232075,357.0760683554044,228.63467857964002,209.50960489260143
15 Jul 2026 15:10:00.000000000,1169.693158886424,4043.5671700260764,5432.0217330217265,-7.497540805119942,1.0260024327526418,0.85017729384173,-0.0014278145694854322,-0.004952213376750351,-0.0066709928653352225,52.44250255454493,-86.59465155455216,507.3420706676048,6870.387586720863,0.00025256047830826136,52.968047086674616,357.0698503284888,249.14844827146806,192.80899522926657
15 Jul 2026 15:11:00.000000000,717.5943314636123,4096.172624080248,5470.992501142261,-7.566900077923625,0.7268737449610772,0.4483773501469455,-0.0008741021783199827,-0.0050161663480697595,-0.0067182201406016965,52.95979539620253,-80.63973669967379,507.51790447121067,6870.219847726923,0.0002693106284489906,52.9675033799532,357.0635156657487,267.82301185478946,177.94762924985884
15 Jul 2026 15:12:00.000000000,262.33321180952987,4130.728095132456,5485.787581705355,-7.602913025095354,0.4245551430284349,0.04461384602204596,-0.0003166085941945012,-0.005058140305899183,-0.00673593078900722,53.14735407556807,-74.58350852353125,507.6048029128413,6870.159287608884,0.0002908477342918088,52.96729624504502,357.0571197580564,284.68900116556887,164.89483784803454
15 Jul 2026 15:13:00.000000000,-194.08403820132648,4147.081869293568,5476.342351751546,-7.605423923871278,0.12037106934167058,-0.3593394935293729,0.0002422527466649737,-0.005077957435422255,-0.0067240531107450935,53.0001293236651,-68.52145631085011,507.60163602908466,6870.206967965712,0.00031477516581351976,52.967429188829556,357.05071907793473,300.1381928094442,153.25880679849004
15 Jul 2026 15:14:00.000000000,-649.6462617833537,4145.161964890766,5442.698666756439,-7.574422055286837,-0.18434606076106239,-0.7617082551032798,0.0008000631516736968,-0.005075531382407109,-0.006682637898730251,52.522111641930984,-62.54969424437483,507.50900869985696,6870.362042837159,0.00033994849996640694,52.967899701401045,357.0443701793339,314.5864054101784,142.62367999440644
15 Jul 2026 15:15:00.000000000,-1102.3460112533883,4124.976445989537,5385.004681600483,-7.510041768219036,-0.488261357987371,-1.1607246843519412,0.0013544071959952363,-0.005050867615069955,-0.006611858335420063,51.72581702039246,-56.75487815264236,507.3292479262525,6870.621773701114,0.00036614545725833554,52.968699301117546,357.0381286960867,328.3444701948921,132.6785893482519
15 Jul 2026 15:16:00.000000000,-1550.188240523744,4086.6134054582935,5303.514231170027,-7.412562030749038,-0.7900429757174093,-1.5546350216446865,0.0019028812974034083,-0.005004063647193745,-0.006512009698479491,50.63075716640489,-51.20643810755172,507.06636022137224,6870.981577465253,0.0003937151122091216,52.96981368556147,357.03204835684977,341.5980940222336,123.23779224116753
15 Jul 2026 15:17:00.000000000,-1991.198955349595,4030.2406167684203,5198.585771615092,-7.28240546428791,-1.0883676357017387,-1.9417068140443665,0.0024431023920913576,-0.004935309111250734,-0.006383508856769942,49.261304733386815,-45.95260695906064,506.72595975778205,6871.435106648478,0.0004232721108554514,52.971222985696954,357.02618003404217,354.42661503195677,114.2219163356464
15 Jul 2026 15:18:00.000000000,-2423.4337900583773,3956.1048542627505,5070.68088404647,-7.120136853123604,-1.3819261531571747,-2.320236190030488,0.002972716753460961,-0.00484488565817813,-0.006226893522566016,47.64444320680719,-41.02030320979857,506.3151683549557,6871.974360412397,0.0004554415946072775,52.9729021186695,357.02057084368,6.833727843019938,105.62723481634987
15 Jul 2026 15:19:00.000000000,-2844.9864790580787,3864.5308822463244,4920.362343314493,-6.926461119767522,-1.6694289500914818,-2.6885550812439676,0.0034894089874830765,-0.004733166656291893,-0.0060428212208781884,45.80779377245372,-36.417845986633765,505.8424888247879,6872.589824583908,0.0004906616172950223,52.97482123293665,357.0152633120722,18.780718352695175,97.4924319997191
15 Jul 2026 15:20:00.000000000,-3253.997190755135,3755.9201139795587,4748.29175553428,-6.702220754915513,-1.949611543623181,-3.045038372659546,0.0039909112219118905,-0.0046006166479763515,-0.005832067919461829,43.77812899084079,-32.13910062507206,505.31765362000255,6873.270638316975,0.0005290548374144878,52.97694623777798,357.0102946241618,30.216430612829143,89.8686368297048
15 Jul 2026 15:21:00.000000000,-3648.660690794741,3630.748942520541,4555.22676923781,-6.448392690159714,-2.2212399936086107,-3.3881109592724,0.00447501249435608,-0.004447790524039886,-0.005595526265668243,41.58041180228407,-28.167853702730056,504.7514511448096,6874.004784579198,0.0005703742137575429,52.97923940773331,357.0056959668073,41.09919632137794,82.79749371555198
15 Jul 2026 15:22:00.000000000,-4027.23430082376,3489.5667463817404,4342.0178664582545,-6.166084601911667,-2.4831162911648317,-3.716254683773514,0.004939568323099798,-0.004275332365960278,-0.00533420336489191,39.23728882301866,-24.48166702246737,504.155532484108,6874.779301226055,0.0006140130986742995,52.98166005119303,357.00149197861606,51.408458212693944,76.29953942303275
15 Jul 2026 15:23:00.000000000,-4388.045618299906,3332.993574159116,4109.604741709204,-5.856530636424205,-2.7340836667870048,-4.028015125938916,0.0053825104282638585,-0.004083973908838449,-0.005049218040094352,36.7689224063873,-21.054891485306825,503.5422016800207,6875.580509049795,0.000659059073963958,52.98416523123173,356.99770031602964,61.1471487070399,70.3718246542723
15 Jul 2026 15:24:00.000000000,-4729.499962332362,3161.717513655415,3859.0122786990087,-5.521086548351449,-2.9730317938672823,-4.322008210790972,0.00580185655079512,-0.003874532577050433,-0.004741797512251668,34.193046044508264,-17.860814931517186,502.9241930246361,6876.394252868128,0.0007043687933295735,52.986710525858584,356.9943313432781,70.33806245618246,64.99154167590771
15 Jul 2026 15:25:00.000000000,-5050.08751017604,2976.491752560676,3591.3461367216287,-5.1612242489707425,-3.1989018606528408,-4.5969265991712565,0.00619572029850267,-0.0036479090483731006,-0.004413273448011685,31.52514921220049,-14.873067452130385,502.3144391363528,6877.20615145765,0.0007486462849304715,52.98925081417145,356.9913879515936,79.01772133379,60.12215944432373
15 Jul 2026 15:26:00.000000000,-5348.390088913503,2778.1313394432495,3307.7879609516303,-4.778525764923957,-3.4106914812032407,-4.851545821406845,0.006562320932590429,-0.003405084308945424,-0.004065077330807146,28.778724511844352,-12.066455661383891,501.7258338343577,6878.001851945137,0.0007905147105636914,52.99174107445628,356.9888655108167,87.23022838182307,55.719569715302114
15 Jul 2026 15:27:00.000000000,-5623.087587073467,2567.509655644236,3009.590233320781,-4.37467661403427,-3.607459413825563,-5.084730112408518,0.0068999929912811845,-0.0031471161677276652,-0.0036987351213532246,25.965533718376882,-9.417389965975923,501.1709940115801,6878.767284152619,0.0008285777753385085,52.99413718007877,356.9867519541116,95.0223468934443,51.73700795707423
15 Jul 2026 15:28:00.000000000,-5872.963951529894,2345.5546106068646,2698.0707832176918,-3.9514586112500494,-3.788330053932907,-5.2954379049717275,0.007207195637192804,-0.002875135210740099,-0.003315861189690116,23.095867300416465,-6.904038797736274,500.6620248209004,6879.488910353871,0.0008614706406479889,52.996396679072056,356.9850279942068,102.44011097762684,48.1284427221338
15 Jul 2026 15:29:00.000000000,-6096.912736026928,2113.24457519661,2374.6069798788167,-3.5107421248864523,-3.9524976673668313,-5.482726937382932,0.007482521606281287,-0.002590340185946438,-0.002918151515609332,20.17878430633322,-4.5063095544631535,500.210292523706,6880.153965945635,0.0008879017308257534,52.9984795436326,356.98366746716476,109.52678775159426,44.85061333323098
15 Jul 2026 15:30:00.000000000,-6293.942169126347,1871.604069607517,2040.629630972524,-3.0544778108427355,-4.09923033005548,-5.645758931754135,0.0077247056291247064,-0.0022939928215394497,-0.0025073761708024034,17.222327318454944,-2.205725899847255,499.8262092967354,6880.750686666878,0.0009066871052999785,53.00034887628865,356.9826377975345,116.32184879772703,41.86405824944358
15 Jul 2026 15:31:00.000000000,-6463.179711272562,1621.6992244984679,1697.6166144574404,-2.584687860157032,-4.2278735404695915,-5.783803800873485,0.007932632199335246,-0.001987412095612247,-0.002085371115813198,14.233711807465555,0.014752386435484093,499.51903414722227,6881.268518215366,0.0009167787970242915,53.001971560292034,356.9819005764982,122.86061665488128,39.13346834582568
15 Jul 2026 15:32:00.000000000,-6603.876073037939,1364.633035970901,1347.0862732534451,-2.1034568028377705,-4.337853472748917,-5.896243343787589,0.008105342563703915,-0.001671967986650517,-0.0016540293602310666,11.219491760284662,2.170937849563831,499.2966938453643,6881.698304409817,0.0009172881037509338,53.00331884278965,356.98141224270455,129.17432392067454,36.6276275344156
15 Jul 2026 15:33:00.000000000,-6715.408669414629,1101.5404368746097,990.5906045444932,-1.612921918161042,-4.4286798405711085,-5.982574393794039,0.008242040815959232,-0.001349074748002005,-0.0012152915521756796,8.185704711466672,4.277634722003566,499.1656274478,6882.032450424426,0.0009075044456581757,53.00436684053653,356.98112485362947,135.29040269688096,34.31912299955621
15 Jul 2026 15:34:00.000000000,-6797.284488244331,833.5832086318824,629.7082775692987,-1.1152633082726167,-4.499948344810477,-6.042411386962305,0.008342098993296451,-0.0010201837629236453,-0.0007711360797335638,5.1379998231394115,6.348859714871182,499.1306575602267,6882.265058073624,0.0008869101281722536,53.00509695929728,356.980986933783,141.23288945082956,32.183939980434296
15 Jul 2026 15:35:00.000000000,-6849.142354470516,561.944759289037,266.037515498774,-0.6126936977788863,-4.551342681707628,-6.075488324615305,0.008405061081749866,-0.0006867760460120547,-0.0003235687785537237,2.0817527792566852,8.39805985279567,499.19489097988907,6882.39203064097,0.0008551911729567266,53.00549621962044,356.980944384672,147.02288134512702,30.201005054910617
15 Jul 2026 15:36:00.000000000,-6870.754575810998,287.8247947672631,-98.81112159709365,-0.10744802683212133,-4.582636092566773,-6.081660109260783,0.008430645865251371,-0.00035035446811760115,0.00012538764703824202,-0.977828800243991,10.43832617590878,499.3596507796313,6882.411145315268,0.0008122442837017842,53.00555748333339,356.9809414404364,152.67901897973113,28.351702987452963
15 Jul 2026 15:37:00.000000000,-6862.027959611731,12.433911285437784,-463.22201467427755,0.398227091146347,-4.593692440793441,-6.060903240101764,0.008418748561974703,-1.243578734229524e-05,0.0005737043757218005,-4.035605835110608,12.482604057238103,499.6244412605247,6882.322091908929,0.0007581799752092111,53.00527957686536,356.98092165222687,158.2180058719059,26.619356822885152
15 Jul 2026 15:38:00.000000000,-6823.004194982078,-263.01186237943307,-825.5817858933023,0.9020839736284487,-4.584466807255641,-6.013315861293613,0.008369441227180687,0.0003254574246412604,0.0010193572733807688,-7.086410659491151,14.543901924223245,499.9869465250309,6882.1264771725655,0.0006933218960315053,53.00466730932925,356.9808288839701,163.65522216463478,24.988613742766862
15 Jul 2026 15:39:00.000000000,-6753.859598747934,-537.2965437513928,-1184.2865822333824,1.4018844606217793,-4.555005600348407,-5.93911716335704,0.008282971914726526,0.0006618048704074801,0.0014603376290728257,-10.124948852610524,16.63550055946672,500.4430627275485,6881.827794674003,0.0006182024039494404,53.003731385149926,356.9806083019541,169.00558450660398,23.444584748850648
15 Jul 2026 15:40:00.000000000,-6654.904228206005,-809.2096675421155,-1537.7493039632395,1.8954104198733361,-4.505446182610866,-5.838646145393403,0.00815976261848681,0.00099509653760097,0.0018946627029413736,-13.145696565065604,18.771164977042396,500.9869633624687,6881.431360861423,0.0005335545026435098,53.0024882128816,356.9802073408291,174.28505162332328,21.97133866151524
15 Jul 2026 15:41:00.000000000,-6526.580368038763,-1077.5517197453244,-1884.4067400609817,2.3804740936156525,-4.4360160211320565,-5.712359752777482,0.008000406038863017,0.001323840544797649,0.002320385972300554,-16.142789804278415,20.96536008760244,501.61119627261485,6880.944218567676,0.0004403003215913601,53.00095961367954,356.9795766290161,179.51396343153573,20.5485625883455
15 Jul 2026 15:42:00.000000000,-6369.460402969994,-1341.1395067221079,-2222.726573750312,2.85492821808648,-4.347031374128447,-5.560830411624712,0.007805661235739915,0.0016465707391170124,0.0027356069694153876,-19.109902034321063,23.23346980508904,502.3068104207335,6880.375009818968,0.00033953646648936383,52.99917243464997,356.97867085732685,184.72651287804635,19.142089688749206
15 Jul 2026 15:43:00.000000000,-6184.244091733055,-1598.8114319408553,-2551.2142227718064,3.3166758515210333,-4.238895530845277,-5.384742987362897,0.007576448256183347,0.001961853970565072,0.0031384806171244903,-22.040106360821863,25.59201658075978,503.063509881895,6879.733820374524,0.00023251711371230678,52.99715807396375,356.9774495755421,190.00744222815723,17.667202516015408
15 Jul 2026 15:44:00.000000000,-5971.755261614432,-1849.4326542054378,-2868.419480800589,3.763679851876316,-4.11209662618844,-5.184891200020869,0.00731384183457114,0.0022682969769134784,0.003527225980983783,-24.925718612905722,28.058874052880306,503.86983199889784,6879.03199893262,0.00012064049783143528,52.99495192615881,356.97587790303123,195.7382664923846,15.742409254218018
15 Jul 2026 15:45:00.000000000,-5732.93794616946,-2091.9001025989337,-3172.9429285022807,4.193971951984085,-3.9672050551302886,-4.962173533246067,0.00701906427864907,0.002564552823937979,0.0039001343721598147,-27.75811797604155,30.65345881012402,504.71334620833863,6878.281954382136,6.292171568939585e-06,52.99259275744354,356.97392714098635,231.29615809609308,343.9905587507718
15 Jul 2026 15:46:00.000000000,-5468.851991636791,-2325.1473249676064,-3463.442085033347,4.605661386937694,-3.804870514859214,-4.717588677481895,0.006693477667978253,0.002849326859769762,0.004255576754637674,-30.52754276097058,33.39687715181779,505.580869699263,6877.496934849897,0.00011178615313698015,52.99012202202926,356.97157527562155,22.20151275618171,196.89127438519225
15 Jul 2026 15:47:00.000000000,-5180.668160066742,-2548.1491485167703,-3738.637273289274,4.996943036060526,-3.6258187048027692,-4.452230550102332,0.006338575486973495,0.003121382152352535,0.004592010423657048,-33.22286087241247,36.31198792608077,506.45869581456833,6876.690792587328,0.00022895721448744225,52.98758313153706,356.9688073635794,27.90589052605814,194.99301281676372
15 Jul 2026 15:48:00.000000000,-4869.662759216859,-2759.926132937926,-3997.317174804355,5.3661050495132985,-3.4308477160183375,-4.167282936602061,0.005955973826812619,0.003379544395892785,0.004907984945593139,-35.83131825819248,39.42332175981129,507.33283094786657,6875.877738951404,0.00034460521102792506,52.98502069033443,356.96561579285503,32.97296485677927,193.73211476624607
15 Jul 2026 15:49:00.000000000,-4537.211830836627,-2959.548798402122,-4238.344052865627,5.711535937249169,-3.220824142001374,-3.8640137971761472,0.005547402277779098,0.0036227062824664064,0.005202147362171974,-38.338275050780446,42.756769572938644,508.18923562324267,6875.072093862761,0.00045703292850716234,52.98247971023762,356.9620004147762,37.8601368967526,192.65119061136463
15 Jul 2026 15:50:00.000000000,-4184.784930090244,-3146.141612665467,-4460.6586250449445,6.03173110534607,-2.9966789427555707,-3.543769282255478,0.005114694631296922,0.003849831348653325,0.0054732466801307895,-40.72694949519236,46.33892042167639,509.01406546777537,6874.288034170716,0.000564578207503733,52.980004818364485,356.9579685447681,42.65775091180511,191.65990491545008
15 Jul 2026 15:51:00.000000000,-3813.9385295643892,-3318.8867234210197,-4663.284568923761,6.3252988315311205,-2.7594030930373004,-3.20796749887942,0.004659779499955247,0.004059957319239849,0.005720137682904443,-42.97820535741438,50.19589607965426,509.79390788850776,6873.539345321229,0.0006656331326754008,52.977639472029125,356.95353483199625,47.396965292416446,190.72710542261345
15 Jul 2026 15:52:00.000000000,-3426.3090816121817,-3477.027423839529,-4845.332647240397,6.590965677755835,-2.5100430441214683,-2.8580920672938803,0.0041846709466513855,0.004252198977181988,0.005941784109253016,-45.07043995961063,54.3515112911285,510.51601043892185,6872.839180614835,0.0007586701756373429,52.97542519443613,356.94872100021706,52.0920381305675,189.83853753631934
15 Jul 2026 15:53:00.000000000,-3023.6057727968237,-3619.8713409258326,-5006.004440952475,6.827581342783762,-2.24969602636299,-2.49568550406528,0.003691459202647755,0.0044257506008224855,0.0061372612588458855,-46.97965588267037,58.824611110838454,511.16849709400117,6872.199832162667,0.0008422679771765023,52.973400844558306,356.9435554644564,56.75071569664515,188.9864559488832
15 Jul 2026 15:54:00.000000000,-2607.603003776269,-3746.7933379206843,-5144.595680841258,7.034122961917696,-1.979505217251377,-2.1223424642795026,0.0031823015304323437,0.004579888010508179,0.006305758084706067,-48.67982393144086,63.62554148687393,511.7405689386725,6871.632517404886,0.0009151355953433925,52.971601933976835,356.93807283024057,61.37764570669802,188.16621152980804
15 Jul 2026 15:55:00.000000000,-2180.1326276556506,-3857.2381233007227,-5260.499170042276,7.209698863826242,-1.7006547970003054,-1.739702871676979,0.002659413273390783,0.004713970274304056,0.006446578841596604,-50.14365530469335,68.75194262366655,512.2226861004323,6871.147184756036,0.0009761346637904664,52.970060002636565,356.93231328424116,65.97570604579526,187.3749228025036
15 Jul 2026 15:56:00.000000000,-1743.0759789442495,-3950.7225602450862,-5353.207291604796,7.353551796389145,-1.4143649106607352,-1.3494449613580235,0.002125059111410695,0.00482744112090382,0.006559144355820414,-51.34387629114872,74.18443573061404,512.6067281154176,6870.752341590408,0.0010242990479987061,52.96880206443524,356.92632188699247,70.5465631379542,186.61091781564585
15 Jul 2026 15:57:00.000000000,-1298.3557246582923,-4026.8376714349015,-5422.314096484002,7.465061634044684,-1.1218865529297424,-0.9532782559082115,0.001581544524283274,0.004919830107011489,0.006642992979588085,-52.25501623414207,79.88323469992643,512.886130299169,6870.454907387131,0.001058851658266825,52.96785013234359,356.9201477801135,75.09088729000749,185.87351907632927
15 Jul 2026 15:58:00.000000000,-847.9275683062917,-4085.2503349586254,-5467.516968537405,7.543747578738924,-0.8244963890412063,-0.5529364920955893,0.001031207447673273,0.004990753584268014,0.006697781289015874,-52.855570478763134,85.78704398021888,513.0559940917776,6870.260094424607,0.0010792181383100985,52.96722083136309,356.91384332190347,79.60837712901726,185.16301941985864
15 Jul 2026 15:59:00.000000000,-393.77183680526963,-4125.704667822592,-5488.617864023142,7.589269865167106,-0.5234915226508186,-0.15017051209899393,0.0004764100900278588,0.005039915502360769,0.006723284572458438,-53.13021486957479,91.81547837879322,513.1131697575456,6870.171317955175,0.0010850372098987848,52.96692510609537,356.90746316648017,84.09764034014314,184.48080160309067
15 Jul 2026 16:00:00.000000000,62.11502020564983,-4148.023094156841,-5485.524123850157,7.601430978755885,-0.2201842195590738,0.25325886938451414,-8.046913256370996e-05,0.0050671080799870585,0.00671939714837856,-53.07160787307738,97.87542442642338,513.0563102362838,6870.190137308443,0.0010761675214431858,52.96696802804517,356.9010633025713,88.55592405790404,183.82960826178308
15 Jul 2026 16:01:00.000000000,517.7289896202635,-4152.107095690094,-5458.248857444039,7.580176391937279,0.0841034054662071,0.6555880127077679,-0.0006370435964331669,0.005072212364859852,0.006686132537296045,-52.68132119409549,103.87041290996994,512.885895365198,6870.3162288735375,0.0010526909251628504,52.9673487060407,356.8947000687931,92.97864362012899,183.2140135157718
15 Jul 2026 16:02:00.000000000,971.0670839010286,-4137.93764247172,-5406.9108976109455,7.525594820912182,0.38804473251628774,1.0550576071814293,-0.0011909264638127704,0.005055198694621807,0.006623623499442945,-51.969636393533854,109.71083337164687,512.6042261141988,6870.547391401032,0.0010149121997128161,52.96806030135482,356.88842916265855,97.35859853667303,182.6412073629084
15 Jul 2026 16:03:00.000000000,1420.1359310636356,-4105.57530218467,-5331.7343262705135,7.437918001533837,0.6903140051018842,1.449919823175756,-0.0017397387297319845,0.005016127058923387,0.006532121934147374,-50.95426631840215,115.32244885843912,512.2153889027477,6870.879583550154,0.0009633553568392983,52.9690901472848,356.88230466068944,101.68465919412927,182.12230933287535
15 Jul 2026 16:04:00.000000000,1862.9603367884065,-4055.1600267458866,-5233.047571394254,7.317519979345959,0.9895917174018396,1.8384454538405994,-0.0022811173808152357,0.004955147354091799,0.0064119986252156045,-49.65835270348406,120.65141005399215,511.7251904915063,6871.306993093086,0.0008987568543751632,52.97041997112527,356.8763780667795,105.9394968165736,181.67463887497763
15 Jul 2026 16:05:00.000000000,2297.5917891242834,-3986.9106152918343,-5111.282076072291,7.164915905516677,1.284570013050508,2.218931036144355,-0.0028127237175016233,0.00487249950831758,0.006263742799106083,-48.108222226522535,125.66533904154969,511.1410643667632,6871.822136679303,0.0008220563663601074,52.972026214678415,356.8706974055364,110.09546827903951,181.32583087490917
15 Jul 2026 16:06:00.000000000,2722.116875945577,-3901.123853107954,-4966.9705412672565,6.98076032751964,1.5739580869918595,2.589705938969921,-0.0033322518832997238,0.004768513450047018,0.006087961456188762,-46.33132749636133,130.351267569475,510.47194995758315,6872.415988566288,0.000734386457697649,52.973880447724724,356.8653063764577,114.1066709215517,181.121781147125
15 Jul 2026 16:07:00.000000000,3134.665584423787,-3798.1733266325764,-4800.744744651258,6.765844961240235,1.8564875797859752,2.94913940296858,-0.003837437628785158,0.004643608877423117,0.005885378416823923,-44.35463169197849,134.71178125643502,509.7281464433196,6873.078136244238,0.0006370642485446859,52.97594986724758,356.8602435838514,117.89229910244427,181.1432901576445
15 Jul 2026 16:08:00.000000000,3533.4194509663857,-3678.507915375805,-4613.332938935046,6.521095929849986,2.130917951269547,3.2956475134731815,-0.004326067327171776,0.004498294788667128,0.005656833027482158,-42.20351634126141,138.76064994308294,508.92114331861956,6873.796960426922,0.0005315932480201742,52.97819787370214,356.85554185601944,121.29782815231864,181.5448793104164
15 Jul 2026 16:09:00.000000000,3916.6195291770146,-3542.6499624588037,-4405.556834335462,6.2475704544552295,2.396041817625699,3.6277000839422002,-0.004795987234890714,0.004333168718706668,0.00540327845450268,-39.901164968097405,142.5188153732931,508.0634302799795,6874.5598364577,0.0004197015216998529,52.98058471426363,356.8512276657295,123.99016622678158,182.6596392942454
15 Jul 2026 16:10:00.000000000,4282.5741424908965,-3391.1931265317803,-4178.328171309036,5.946452982302958,2.6506902328266944,3.943827423356293,-0.005245112977265355,0.004148915633552076,0.0051257795023558275,-37.46831520413495,146.01115840205918,507.16828937604754,6875.353353792916,0.0003035238053221814,52.9830681818093,356.8473206621594,125.10699521066208,185.34988933338929
15 Jul 2026 16:11:00.000000000,4629.66638734901,-3224.7999190549795,-3932.644891401859,5.619050740254753,2.8937378922677732,4.242626956927905,-0.005671439215496658,0.003946306427532879,0.004825509886613764,-34.92326228608579,149.26413670620042,506.24957271592575,6876.1635498849555,0.000186577396425127,52.9856043574015,356.8438333226636,121.60733516362171,192.6566128486053
15 Jul 2026 16:12:00.000000000,4956.3613521121715,-3044.1989323549724,-3669.5869160349775,5.266788704357259,3.1241082332926933,4.522769665582523,-0.006073049432447368,0.0037261959729061726,0.0045037488992175625,-32.282014153502324,152.30420014988522,505.32146934664274,6876.976154498441,8.333977485452375e-05,52.98814838326394,356.8407707305451,94.7221413837012,223.34886044961846
15 Jul 2026 16:13:00.000000000,5261.213016492574,-2850.1817654702227,-3390.3115452349293,4.891203980589578,3.3407784044173097,4.783006306138068,-0.006448125760663009,0.0034895206785414182,0.0041618774142437205,-29.55852442867568,155.1568203955387,504.398265183489,6877.776840265803,9.793564117642775e-05,52.990655252694424,356.83813048284173,13.888946280005344,307.9891080662631
15 Jul 2026 16:14:00.000000000,5542.870796143015,-2643.5996565696546,-3096.048490702492,4.493939597176003,3.5427840725040816,5.022173371123345,-0.006794958750583419,0.0032372955151407433,0.0038013731854352212,-26.764954273924268,157.84596718440088,503.4941000945236,6878.551475126766,0.00020516778528953606,52.99308060304296,356.835902729823,355.0584380038328,330.6266782684341
15 Jul 2026 16:15:00.000000000,5800.085697255257,-2425.359832629537,-2788.094560158734,4.07673771508944,3.729224035073198,5.239198744896228,-0.007111956973102327,0.00297061048063921,0.0034238054086348445,-23.91193354217603,160.3938894385134,502.622726392902,6879.286372208239,0.0003196069449150638,52.995381497813824,356.8340703456747,352.9623384315477,336.52986218190983
15 Jul 2026 16:16:00.000000000,6031.716046627063,-2196.4215890756645,-2467.8080125561955,3.6414322703685746,3.899264603452827,5.433107011302089,-0.007397656331513835,0.002690626484762575,0.003030828530778459,-21.008805286919728,162.82109310986627,501.79727306822485,6879.968532691285,0.0004312376273723925,52.99751718412151,356.83260922744734,354.6226459945462,338.67667650605614
15 Jul 2026 16:17:00.000000000,6236.732763707204,-1957.7921141778309,-2136.6026064479793,3.189941069421367,4.052143721692302,5.603024367654914,-0.007650728953740413,0.0023985706463930064,0.002624175307035506,-18.063846547705943,165.14643900007047,501.03002008212985,6880.58587728343,0.0005371393984638621,52.999449812145514,356.83148871713803,357.6830014688264,339.4234975232016
15 Jul 2026 16:18:00.000000000,6414.224142636887,-1710.5220750977476,-1795.9413665067098,2.724257366370114,4.187174786142073,5.748183100409052,-0.007869991534431917,0.0020957310111398833,0.002205649125938765,-15.084463681048044,167.3873088713229,500.33218695711145,6881.127462070957,0.0006354994078285828,53.00114510387732,356.83067213956656,1.429493256382336,339.4842555706536
15 Jul 2026 16:19:00.000000000,6563.400114298085,-1455.7009845675225,-1447.3300958073169,2.2464409594390213,4.303750131405341,5.86792557956241,-0.008054412991393608,0.001783450707922809,0.0017771156380397201,-12.077363520615982,169.55980672350893,499.7137396969377,6881.583674765369,0.0007249023484932417,53.00257295932746,356.83011744672683,5.577569083544867,339.14352305432715
15 Jul 2026 16:20:00.000000000,6683.595960829617,-1194.452369204961,-1092.310663985212,1.758608851179745,4.4013441499807815,5.961707731585036,-0.008203121313822661,0.001463121580102535,0.0013404937446240682,-9.048703198455128,171.678975123398,499.18321979089484,6881.946407681316,0.0008041863339031918,53.00370798944428,356.82977795731483,9.99436841984849,338.53418170521826
15 Jul 2026 16:21:00.000000000,6774.275457989408,-927.9287623519152,-732.4541036675378,1.2629255246640907,4.479516015360694,6.029101954472742,-0.00831540948206547,0.0011361773373649775,0.0008977460172327502,-6.004222142763532,173.75901525562628,498.74759867418567,6882.20920418272,0.0008724089893869486,53.00452996627074,356.82960317852604,14.612009414923408,337.7241352868088
15 Jul 2026 16:22:00.000000000,6835.033424066178,-657.3065460600687,-369.353549613658,0.7615928944587427,4.537911981551353,6.06979944329694,-0.008390740353821112,0.0008040862882470277,0.0004508686354168671,-2.9493599792637353,175.81350511535933,498.41216054973654,6882.36737580646,0.0009288418510834555,53.00502418231192,356.8295396956448,19.394629638716275,336.749268474253
15 Jul 2026 16:23:00.000000000,6865.5976577496,-383.78066834374766,-4.617056723937761,0.2568399969620135,4.576267235893811,6.083611900252175,-0.008428750435181365,0.00046834372448117413,1.8809436723068312e-06,0.11063595433282168,177.8556139160839,498.1804159310073,6882.418087806695,0.0009729722118442751,53.00518171267555,356.82953211386877,24.324084996486224,335.62774754055135
15 Jul 2026 16:24:00.000000000,6865.830251380055,-108.55926309207113,360.13966556303603,-0.2490875106279474,4.5944072865655645,6.070472609545987,-0.008429252459223203,0.00013046403546209222,-0.00044718526269602255,3.17060987230291,179.8983130168915,498.0540476545452,6882.360411449803,0.0010045057530017431,53.00499957525529,356.82952403570926,29.3931788969614,334.3667907784124
15 Jul 2026 16:25:00.000000000,6835.728270257948,167.1417990046187,723.3005639872542,-0.7539379700105975,4.592248871131792,6.030436864358711,-0.008392236735844605,-0.0002080273595649999,-0.0008942966036138392,6.225400075909729,-178.04541506769752,498.03289045055004,6882.195342015321,0.0010233674867952416,53.00448078602276,356.82945905678616,34.602318671513906,332.9660116672152
15 Jul 2026 16:26:00.000000000,6775.423793115427,442.104399490029,1083.2565582579045,-1.2554643853752914,4.569800377840921,5.9636817403353835,-0.008317871243027032,-0.0005456021715957696,-0.0013374290102837623,9.269741308946774,-175.96236745504186,498.11494446772736,6881.9257821099145,0.0010297000232488284,53.003634308343784,356.8292817623754,39.95791508458935,331.4190189523221
15 Jul 2026 16:27:00.000000000,6685.183313358593,715.1136717863243,1438.4128247560243,-1.7514350554780933,4.52716177687522,5.870505217451593,-0.008206500466364435,-0.0008807374012140234,-0.0017745785281617775,12.298163477163646,-173.83890937879147,498.29642244466135,6881.556490563301,0.0010238588114899398,53.00247489711125,356.82893870713417,45.47178691421623,329.7140116653253
15 Jul 2026 16:28:00.000000000,6565.406505189325,984.9634820865223,1787.1960083174595,-2.2396440996058065,4.464524064315015,5.75132465941053,-0.00805864300871599,-0.0012119234055051045,-0.0022037719064942002,15.30488320650492,-171.66075887417998,498.5718295242176,6881.093997832982,0.0010064043431644715,53.00102284034973,356.8283793606065,51.16124862237768,327.8336910727934
15 Jul 2026 16:29:00.000000000,6416.6243631288535,1250.461862465959,2128.0613240107746,-2.7179218050554814,4.382168226994742,5.606674666774081,-0.007874988020294106,-0.0015376717840273634,-0.002623076860412537,18.28368460470746,-169.4127674926042,498.93407403957787,6880.546489482689,0.0009780915391608338,52.99930360277005,356.82755700176483,57.04976950403473,325.75460117175095
15 Jul 2026 16:30:00.000000000,6239.4967277077885,1510.4363678235356,2459.4995119876185,-3.184144727318079,4.280463741570657,5.437204326607943,-0.007656390520716576,-0.0018565230016636988,-0.003030611901390076,21.22778548556006,-167.07869920626675,499.3746069791529,6879.923659903974,0.0009398567540281193,52.9973473774977,356.82642954664743,63.168223932930744,323.44587812042556
15 Jul 2026 16:31:00.000000000,6034.809214079009,1763.7393292199433,2780.043610018155,-3.6362454789320204,4.159866625831438,5.243673887350848,-0.007403865698785139,-0.0021670536737997395,-0.003424555643068235,24.12968530274655,-164.64101347575786,499.8835872788032,6879.236539007082,0.0008928030769573909,52.99518855383737,356.82496029442945,69.55686216777133,320.86727914682365
15 Jul 2026 16:32:00.000000000,5803.469563992106,2009.2529773761773,3088.275510190794,-4.0722221487651336,4.020917064453842,5.026950892748099,-0.007118582296420628,-0.002467883449792414,-0.0038031555047736273,26.980991273737146,-162.08066444750256,500.45006960753665,6878.497295105507,0.0008381849366579494,52.99286511043927,356.8231185785782,76.268253301657,317.9662393577699
15 Jul 2026 16:33:00.000000000,5546.503444875118,2245.8944115461413,3382.832268407352,-4.490147300126178,3.864236634917033,4.788005812893441,-0.006801855193155079,-0.0027576814424534087,-0.0041647357514142625,29.77221990932426,-159.37693739518448,501.0622109167786,6877.719017647159,0.0007773935039243564,52.99041794456882,356.82088031147214,83.37161242852497,314.67354437945096
15 Jul 2026 16:34:00.000000000,5265.049722659807,2472.620390611893,3662.4121376820153,-4.888176503347502,3.6905251620660167,4.527907213612261,-0.0064551373130910744,-0.003035172162859275,-0.004507704824114758,32.492572811611076,-156.50735704903843,501.7074917203555,6876.915483797008,0.0007119451469805649,52.98789014933325,356.8182284127683,90.95914380305412,310.896987057005
15 Jul 2026 16:35:00.000000000,4960.3552374399405,2688.431925015596,3925.78029878936,-5.26455636606121,3.500557231818242,4.24781650754632,-0.006080010986988722,-0.0032991409356048947,-0.00483056193787461,35.12968879243765,-153.447721704325,502.37294786565064,6876.100913145491,0.0006434764080020056,52.985326251655984,356.81515311378445,99.15530729175418,306.5121009184955
15 Jul 2026 16:36:00.000000000,4633.769113030781,2892.3786500278175,4171.7742644531945,-5.617632032094393,3.295178395689815,3.9489823313432537,-0.005678178891963766,-0.003548438779740424,-0.005131902935028957,37.66938000470082,-150.1723429298383,503.04540844493187,6875.2897150004965,0.0005737508504776422,52.982771424504065,356.81165213244566,108.13013802931982,301.34884049138526
15 Jul 2026 16:37:00.000000000,4286.736633036228,3083.5629627583994,4399.308935936126,-5.9458541274250125,3.0753010982240303,3.632734593362729,-0.005251454694730372,-0.0037819867563206543,-0.005410425404673147,40.09536906547377,-146.65460279583328,503.71173547680326,6874.496232817158,0.0005046857028777758,52.98027068734468,356.8077307155783,118.1174296394563,295.17339811340304
15 Jul 2026 16:38:00.000000000,3920.7927171054803,3261.1439072467024,4607.381293547274,-6.247785138787319,2.841900359037876,3.300478235328354,-0.004801753512317911,-0.003998779794827565,-0.005664933092264177,42.38905840595223,-142.8679746452907,504.3590610541994,6873.7344903307585,0.0004384082745916262,52.9778681090303,356.80340154775,129.4360252550436,287.66691300311453
15 Jul 2026 16:39:00.000000000,3537.5550317444986,3424.3407938348096,4795.074705147059,-6.522105217019179,2.5960092401681725,2.953686749512584,-0.004331082290308453,-0.004197890019580074,-0.005894339634628123,44.529383233575565,-138.7876781358068,504.9750177998649,6873.017943885442,0.0003773473225448359,52.97560602727956,356.7986845281626,142.50262574074566,278.41266318613236
15 Jul 2026 16:40:00.000000000,3138.716770298964,3572.436540848142,4961.562839184386,-6.76761740298914,2.3387141277201247,2.5938954904143814,-0.003841530189816843,-0.004378469610696324,-0.006097671672772934,46.49282486310743,-134.39313128243612,505.5479586827088,6872.359245300377,0.0003243306145778799,52.97352429863611,356.793606419555,157.79631090730751,266.93154448617526
15 Jul 2026 16:41:00.000000000,2726.0391368391697,3704.780728230246,5106.113171004149,-6.9832522786005455,2.0711498547889775,2.222694816839673,-0.003335259049823862,-0.0045397532354451865,-0.006274071395042557,48.253687362673595,-129.67128325670765,506.0671625191589,6871.770019391889,0.0002825446240658011,52.97165959225264,356.78820037526856,175.68208802844845,252.85852226626642
15 Jul 2026 16:42:00.000000000,2301.3435681649357,3820.792354420776,5228.090073330275,-7.168072049219886,1.7944946899935148,1.841723096521975,-0.0028144939795715284,-0.0046810600958127205,-0.006422798575562899,49.78475654632312,-124.6207139141376,506.5230218024138,6871.26065997889,0.0002549985328971687,52.97004474007271,356.78250535285963,196.00303562388925,236.35048795406863
15 Jul 2026 16:43:00.000000000,1866.5037279295907,3919.962289045963,5326.957483544788,-7.321274066261142,1.5099652134337715,1.4526596018758564,-0.002281514112614428,-0.0048017956368380825,-0.006543232169678258,51.05844716099363,-119.25603774667309,506.90720985879295,6870.840147850784,0.00024319794495196396,52.96870815498172,356.776565424641,217.67625689432535,218.49030595975628
15 Jul 2026 16:44:00.000000000,1423.4373061282793,4001.855415282967,5402.281142065617,-7.442193800199416,1.218811099020918,1.057217321551189,-0.001738643536948918,-0.004901452961038095,-0.006634871527848779,52.04847774711872,-113.61168990859078,507.2128247165544,6870.51589377593,0.0002458364959267674,52.96767332729016,356.7704289974093,239.0090937773597,200.9706000124261
15 Jul 2026 16:45:00.000000000,974.0976566095881,4066.112456790332,5453.730397472502,-7.530307274569804,0.9223098194860371,0.6571357089080883,-0.0011882423987850806,-0.004979613994365048,-0.006697337288454297,52.731978288869804,-107.74377379441664,507.4345074798941,6870.293609185565,0.00025921348103439043,52.96695840851526,356.7641479552161,258.72643149911323,185.06644903407573
15 Jul 2026 16:46:00.000000000,520.4653046271344,4112.451485002357,5481.0795751991855,-7.585232970828999,0.621761287901312,0.25417338528217187,-0.0006326981591062554,-0.005035950438983789,-0.006730371995093015,53.091751715703474,-101.7286246912168,507.5685334230239,6870.177206687191,0.0002791634024482348,52.966575889871216,356.75777674041603,276.49161513482704,171.11447103108316
15 Jul 2026 16:47:00.000000000,64.53935588521834,4140.669103348302,5484.208907589549,-7.606733212390716,0.3184824474170614,-0.14989918681555184,-7.441697165777819e-05,-0.005070224547796806,-0.006733840482642455,53.11824617222524,-95.65738422184766,507.61287445199315,6870.168732054891,0.0003025377505861634,52.96653238118616,356.75137138934116,292.58630931429775,158.83296386011094
15 Jul 2026 16:48:00.000000000,-391.6711619140933,4150.6413056041265,5463.105023945881,-7.594715033865718,0.013801819230399758,-0.5533070475026336,0.0004841848612491701,-0.005082289743730718,-0.006707730059554245,52.810753796013564,-89.6271543360205,507.56723202024807,6870.268328814229,0.00032755240253738276,52.96682849417244,356.74498853976337,307.45681416084494,147.7755897721725
15 Jul 2026 16:49:00.000000000,-846.1559942894997,4142.3240061455135,5417.860999922658,-7.549230538742411,-0.29094598234570607,-0.9542780885975413,0.001040689404769115,-0.0050720910958756945,-0.006652150498831109,52.177502873453776,-83.7306631662704,507.4330400260549,6870.4742359975835,0.0003535422920244605,52.96745883211207,356.73868442778377,321.4846158339119,137.56082535689413
15 Jul 2026 16:50:00.000000000,-1296.9123614006267,4115.753240377881,5348.675966278476,-7.4704767456464145,-0.5944257594603491,-1.3510503968079886,0.0015926856320605753,-0.005039665661632842,-0.006567333845862826,51.23461659869159,-78.04702900944714,507.2134376631503,6870.78281909649,0.0003805954662350063,52.96841208611981,356.73251389200595,334.9247323558831,127.93361619896996
15 Jul 2026 16:51:00.000000000,-1741.9536348403062,4071.045034115589,5255.854277676644,-7.358794920183559,-0.8953072565275384,-1.741879579426117,0.002137778040700134,-0.004985142683105692,-0.006453634023561777,50.00423116342063,-72.63572287817358,506.91321263929666,6871.188633688637,0.0004092198587603871,52.96967123624445,356.72652940267744,347.91189872813896,118.75919223297046
15 Jul 2026 16:52:00.000000000,-2179.317958961648,4008.394941193115,5139.804242904192,-7.21466938636762,-1.1922706933494431,-2.1250460600395056,0.0026735953924383457,-0.004908743626480665,-0.006311526216067477,48.512247043895485,-67.53452648653425,506.5387156185431,6871.684520675196,0.00044006247403667793,52.971213853798595,356.72078013306464,0.4878020923389465,109.9958330341413
15 Jul 2026 16:53:00.000000000,-2607.0767852049644,3928.0772491649223,5001.036418697704,-7.038725809076188,-1.4840122952292305,-2.498862329671209,0.0031977996143288177,-0.004810782035642086,-0.006141605989756348,46.78617376061698,-62.760946155120436,506.0977471807279,6872.2617315359785,0.00047368192530871826,52.97301249950453,356.71531108954537,12.633916100711618,101.66203387330927
15 Jul 2026 16:54:00.000000000,-3023.3432874332843,3830.4438536151415,4840.161470289812,-6.831728937003217,-1.7692498080385686,-2.86168013633276,0.0037080948872070165,-0.004691663166371048,-0.005944588104600714,44.85337654752419,-58.315788932931426,505.5994190230049,6872.910081502382,0.0005103833319859951,52.97503521033801,356.7101623158545,24.303620432383724,93.80438659233769
15 Jul 2026 16:55:00.000000000,-3426.2806255575188,3715.922802386161,4657.88760290363,-6.594579794410418,-2.0467279839271644,-3.2118975928482483,0.004202236934596664,-0.0045518833621441745,-0.005721304962870999,42.739846495406205,-54.187542819391304,505.05399154969,6873.618128068951,0.0005501250610667656,52.97724606637632,356.7053681855617,35.4486304118816,86.47115033771497
15 Jul 2026 16:56:00.000000000,-3814.1100240104224,3585.0165119668595,4455.017569736313,-6.328312309755029,-2.31522402077158,-3.5479661793285575,0.004678042505558812,-0.0043920291234315675,-0.005472704631559898,40.469471172340704,-50.35656554357166,504.4726904034477,6874.373371820175,0.0005924957649472036,52.97960582753902,356.7009567953238,46.03612535548509,79.69512352103584
15 Jul 2026 16:57:00.000000000,-4185.118630916091,3438.299659380334,4232.445263508349,-6.034089370103801,-2.5735529356299125,-3.8683976129741144,0.005133399029657686,-0.004212775824412382,-0.005199848378836214,38.06370614781084,-46.79855225492579,503.8675048769211,6875.162476147994,0.0006367465828987558,52.982072628873624,356.6969494696047,56.05589738383805,73.48649526319525
15 Jul 2026 16:58:00.000000000,-4537.6671231774135,3276.4167541826664,3991.15190041933,-5.713198292194298,-2.8205728495522346,-4.171770554150916,0.005566274400757654,-0.004014886026947714,-0.00490390766115313,35.54152791002763,-43.48712360847719,503.25097150186974,6875.971502084863,0.0006818562916593273,52.9846027220082,356.69336038557566,65.51972071015392,67.83347630903351
15 Jul 2026 16:59:00.000000000,-4870.197022234699,3100.0793966307488,3732.201807338283,-5.367045704089929,-3.0551901582314414,-4.456737114113535,0.00597472682932179,-0.0037992073461252463,-0.004586160505001599,32.91956163935442,-40.395596033673144,502.63594643404775,6876.786154184018,0.0007266087747663804,52.98715124958386,356.6901963247664,74.45640560475032,62.70724520869832
15 Jul 2026 17:00:00.000000000,-5181.2376850037035,2910.0632296901667,3456.7378252485637,-4.997151835558345,-3.276364560311455,-4.722029126532479,0.006356914685209077,-0.0035666698256386904,-0.004247987234018817,30.212302837493898,-37.49809039802751,502.0353705271225,6877.592033151048,0.0007696688019404246,52.98967303890982,356.68745655578147,82.90559678444441,58.06815001518485
15 Jul 2026 17:01:00.000000000,-5469.412934539254,2707.204594321459,3165.9763443377833,-4.605144220505907,-3.483113912835968,-4.966464142298885,0.006711106233734142,-0.003318282786128892,-0.003890865500253889,27.432377738627615,-34.770151497950806,501.46203120771025,6878.3748907736,0.0008096491788489353,52.99212340075719,356.6851328500401,90.91219973548753,53.87128198837123
15 Jul 2026 17:02:00.000000000,-5733.447295353656,2492.396899375241,2861.2019886350467,-4.192750820894602,-3.674518881459521,-5.1889511050921975,0.007035689160872244,-0.0030551311227381044,-0.0035163645963899467,24.590808509018895,-32.189029328415636,500.9283254162662,6879.120882617142,0.0008451673335198987,52.99445891913519,356.68320963015907,98.52220093090078,50.07065534467632
15 Jul 2026 17:03:00.000000000,-5972.171799097726,2266.5867194142456,2543.7619706943015,-3.7617925883762258,-3.849727351765168,-5.388495664051898,0.007329179765425345,-0.0027783710337144106,-0.003126139034655695,21.697264383626347,-29.733739452244624,500.44602795535934,6879.816813955893,0.0008748920090743701,52.99663821807143,356.68166424821555,105.77993668546847,46.62193831014685
15 Jul 2026 17:04:00.000000000,-6184.5293275132,2030.7696358234582,2215.0601394645314,-3.3141754872134253,-4.007958567434498,-5.564205079688388,0.007590231694641236,-0.00248922517747205,-0.0027219213990830383,18.760289867860372,-27.38498696672843,500.02606957991804,6880.450374494496,0.0008975816259669878,52.99862269184479,356.6804673888697,112.7265447331814,43.48400139418056
15 Jul 2026 17:05:00.000000000,-6369.579461220769,1785.985838631526,1876.5507470983714,-2.8518820096786244,-4.148506961164528,-5.71529267999012,0.007817644095360381,-0.002188977267226491,-0.0023055144934740353,15.787507258888887,-25.12501157325922,499.67832906668053,6881.0103576075135,0.0009121158679304393,53.00037718578655,356.67958359006474,119.3992589075501,40.619622506464275
15 Jul 2026 17:06:00.000000000,-6526.50280502462,1533.3155084851346,1529.731962979888,-2.376962222785698,-4.270745645174613,-5.841081825559339,0.00801036905196,-0.0018789661250725657,-0.0018787828246647205,12.785794246073653,-22.93739100364463,499.41144330848306,6881.486860080056,0.0009175216951877379,53.001870615658476,356.67897187201334,125.83124891063416,37.99564693516874
15 Jul 2026 17:07:00.000000000,-6654.604762979314,1273.8740001707943,1176.139165634519,-1.891524392677554,-4.374129529892468,-5.94100934553897,0.008167518193206427,-0.0015605792325734053,-0.0014436434798478217,9.761439190311934,-20.80682571695967,499.2326391923086,6881.871458670876,0.0009129945910929585,53.00307651472188,356.67858646321287,132.05178347624184,35.58282388563235
15 Jul 2026 17:08:00.000000000,-6753.318739471619,1008.8068508817963,817.3380453485106,-1.3977252399836746,-4.458198041956694,-6.014628410038164,0.008288368353536812,-0.0012352458257680573,-0.001002056470742089,6.720277527552455,-18.71891803306386,499.14759064058217,6882.157360233424,0.000897915522700759,53.003973498905935,356.6783776105925,138.08656880193672,33.35546771038272
15 Jul 2026 17:09:00.000000000,-6822.208745964424,739.2846380753342,454.91755223318654,-0.8977598857796741,-4.522577415955116,-6.061610809635839,0.008372366192252938,-0.0009044295957168437,-0.0005560146336803779,3.667813033203285,-16.65995245163626,499.1603037290016,6882.339522614183,0.0008718638694523861,53.00454564194529,356.6782924593839,143.9581730468464,31.29103303956419
15 Jul 2026 17:10:00.000000000,-6860.971396800526,466.49771317588034,90.48272604720921,-0.3938515531646432,-4.566982538279003,-6.0817486182327,0.008419131690163001,-0.0005696210657527015,-0.00010753318651255464,0.6093276974251208,-14.616679803936645,499.2730322507404,6882.4147440903225,0.0008346264372228479,53.004782753958764,356.67827598712773,149.68649248550167,29.36964822820322
15 Jul 2026 17:11:00.000000000,-6869.4372814971075,191.65083855072734,-274.35255468280974,0.11175890622356861,-4.591218325998712,-6.074955221878693,0.008428460459557575,-0.00023232972472002073,0.0003413609472351659,-2.4500161370937668,-12.57610535606361,499.48622548915495,6882.381719700006,0.0007862026070405847,53.00468055865418,356.6782719752721,155.28925194474024,27.573614500298927
15 Jul 2026 17:12:00.000000000,-6847.571705216067,-84.04224394496332,-637.9728658783872,0.6168235883933256,-4.595180628645457,-6.041265703058434,0.008400324832926256,0.00010592399730246721,0.0007886399292641066,-5.505077837363759,-10.525279521991221,499.7985093047973,6882.241063445721,0.000726805649066595,53.00424076613871,356.6782240012058,160.78257301990527,25.886837300846803
15 Jul 2026 17:13:00.000000000,-6795.474793487355,-359.3642839884285,-998.7685346888026,1.119098141830239,-4.57885664607126,-5.980836577077082,0.008334873707641166,0.00044361682134373643,0.0012322857918589183,-8.550641282285092,-8.451089138553373,500.2067009554193,6881.995295998478,0.0006568602473801627,53.00347104015744,356.67807643322385,166.18171221165954,24.29408772197921
15 Jul 2026 17:14:00.000000000,-6713.380961712339,-633.1000042655734,-1355.1429010797626,1.6163523266393633,-4.542324861008393,-5.893944884453046,0.00823243116045871,0.0007792306883465598,0.0016703010969525477,-11.581314961600741,-6.340047143294465,500.7058573693768,6881.6487981858545,0.0005769963199410367,53.00238486044248,356.677775410904,171.50223169566328,22.779831298486336
15 Jul 2026 17:15:00.000000000,-6601.6577543978965,-904.0415633765155,-1705.5195059282105,2.106380454809271,-4.485754490404439,-5.780986650385066,0.008093493858680068,0.0011112607145529953,0.0021007193515490616,-14.591425880940632,-4.178078952904248,501.28935590312614,6881.2077311932235,0.00048803927883377915,53.00100128269872,356.6772697936301,176.7623306403104,21.3258962649476
15 Jul 2026 17:16:00.000000000,-6460.8040633839655,-1170.9939715586197,-2048.3491681879846,2.587011640943685,-4.409404464911099,-5.642474729216287,0.007918727321453553,0.001438222946995456,0.0025216150686057275,-17.574903685802173,-1.9503049666101733,501.9490059517405,6880.679925031163,0.0003909969800574251,52.999344600547516,356.67651206063493,181.9887009984509,19.905617355741906
15 Jul 2026 17:17:00.000000000,-6291.447738451353,-1432.7804313250847,-2382.116914949381,3.0561197966256586,-4.313621950907432,-5.47903605817773,0.007708961109315104,0.0017586618395236554,0.0029311133735075547,-20.525151311106743,0.35917934014060027,502.6751891661263,6880.074737409594,0.0002870439013614052,52.997443915465496,356.67545914676464,187.23567516901815,18.464687758828717
15 Jul 2026 17:18:00.000000000,-6094.3426075552525,-1688.2475761259163,-2705.3487298410564,3.5116333065775787,-4.1988404340008545,-5.2914083503809834,0.007465183028824731,0.002071157377291625,0.003327399066797403,-23.43489842257116,2.767520893874697,503.45702547720833,6879.402885697298,0.0001775047386498463,52.99533262236088,356.6740731993131,192.67779740878123,16.82858734947103
15 Jul 2026 17:19:00.000000000,-5870.36492746167,-1936.2705814044828,-3016.618087154434,3.9515443307637015,-4.065577386946252,-5.080436261903211,0.0071885324628183644,0.002374331788705403,0.003708725070334094,-26.296034074288784,5.293313897910596,504.2825616496213,6878.676255124003,6.386737292337499e-05,52.99304781990069,356.67232224275705,199.708311779425,13.604094424452287
15 Jul 2026 17:20:00.000000000,-5620.5092887180435,-2175.7581238906505,-3314.552241275102,4.373917683347729,-3.914431548269731,-4.84706707174275,0.006880292943814871,0.002666855795281348,0.004073420199687545,-29.09941558748499,7.956773735556481,505.13897869498976,6877.907686791979,5.267198694658527e-05,52.99062965600767,356.67018073970934,17.374703436897835,199.74374413495596
15 Jul 2026 17:21:00.000000000,-5345.884001614713,-2405.6571666484283,-3597.8382434136206,4.776899246761294,-3.74607984047686,-4.592345916341624,0.0065418840943174865,0.002947454361962434,0.004419896222101842,-31.834652020622986,10.779849329795638,506.01281417397,6877.110749398166,0.0001698828342958413,52.988120620069864,356.6676300384059,24.953840759489495,195.97068612598272
15 Jul 2026 17:22:00.000000000,-5047.7059920811425,-2624.9575491706223,-3865.228660181064,5.158723886771559,-3.5612739585518436,-4.317410622226421,0.006174853066976041,0.0032149119259646764,0.004746654180645917,-34.48986331300791,13.786225858855536,506.8901952099822,6876.299498822125,0.0002864865945692608,52.98556479432421,356.66465869889987,30.25887174236874,194.47178795805516
15 Jul 2026 17:23:00.000000000,-4727.295238275024,-2832.696363702684,-4115.546971195077,5.517722842155566,-3.3608366604594933,-4.023486181098944,0.005780865605705664,0.0034680770914687375,0.005052289976616663,-37.05142106727177,17.001145768197755,507.75707792493955,6875.488229906208,0.00040073690006099373,52.983007077577234,356.6612626923781,35.2348340851136,193.30202488731408
15 Jul 2026 17:24:00.000000000,-4386.068779996883,-3027.962100873803,-4347.6926255529515,5.852330570091765,-3.1456577915979094,-3.7118789114577297,0.005361696856868522,0.0037058667957850285,0.005335499227110525,-39.503685103177986,20.450945636378705,508.59948898497237,6874.691224843265,0.0005109523524393999,52.98049239489554,356.65744547012224,40.08152906197398,192.2616059158938
15 Jul 2026 17:25:00.000000000,-4025.5343339772858,-3209.8985496310456,-4560.645739628917,6.161091035488335,-2.916690074608911,-3.383970349602941,0.004919222039243755,0.003927269959867193,0.005595081422962782,-41.82876266647149,24.162172597511564,509.4037650058166,6873.922502594782,0.0006154941282720018,52.978064907131504,356.6532179010427,44.853943099846774,191.29555218833752
15 Jul 2026 17:26:00.000000000,-3647.2835486080057,-3377.7084383092747,-4753.47142116786,6.442663438910267,-2.6749446947519386,-3.041210910792854,0.004455407074888638,0.004131350648795694,0.005829943428651017,-44.00633559577006,28.160115768488907,510.1567857048795,6873.195573691813,0.000712790294172788,52.97576723414097,356.6485980789134,49.57420638496101,190.3817384127769
15 Jul 2026 17:27:00.000000000,-3252.984931831489,-3530.656805436089,-4925.323707024342,6.695827383403389,-2.4214867092334207,-2.6851133584985902,0.003972299268754099,0.0043172507783285725,0.006039102378730493,-46.013624721169144,32.46658508771622,510.846196890881,6872.523204627806,0.0008013619289153691,52.97363970529968,356.6436110027844,54.25339339333377,189.50909241063056
15 Jul 2026 17:28:00.000000000,-2844.376485772662,-3668.074090490235,-5075.449104073884,6.919487485146606,-2.1574303066251983,-2.317246116338541,0.003472018102422761,0.0044841924064376185,0.006221688027518641,-47.8255871177019,37.09682614019594,511.4606196419891,6871.917195841692,0.0008798482254140543,52.97171965043903,356.63828813616493,58.897835551321904,188.6712825861459
15 Jul 2026 17:29:00.000000000,-2423.258081202953,-3789.3589363560313,-5203.189724828244,7.112677436487259,-1.883933939805359,-1.9392264534251487,0.0029567461946985924,0.0046314796582973515,0.006376944620496365,-49.415461676586006,42.05562098352046,511.9898423297594,6871.388177017674,0.0009470297795495937,52.97004074360931,356.6326668528002,63.51140487905498,187.8644344604936
15 Jul 2026 17:30:00.000000000,-1991.4836044802444,-3893.980696479986,-5307.986010965696,7.274563532249543,-1.6021953531032103,-1.5527135700033445,0.0024287204581445038,0.0047585003319053675,0.006504232352542487,-50.755774951682234,47.33293078100866,512.4249924888093,6870.945423103143,0.0010018495860603395,52.96863241115031,356.62678977876305,68.09645142942425,187.0861934530474
15 Jul 2026 17:31:00.000000000,-1550.9529087468704,-3981.481640945369,-5389.379039549562,7.404447671573439,-1.3134465213071636,-1.1594016061286623,0.001890223463400173,0.00486472723310922,0.006603028478864713,-51.81986923559666,52.899872003611634,512.7586859027417,6870.596694073299,0.001043431363294699,52.96751931442203,356.62070404239194,72.65419682000864,186.3353316085046
15 Jul 2026 17:32:00.000000000,-1103.6036005210294,-4051.478856617857,-5447.012407921579,7.501769847621906,-1.0189485154093962,-0.7610125924164117,0.00134357500481581,0.004949719286712978,0.0066729281403931145,-52.58389949945982,58.70625152290168,512.9851506676727,6870.348101059428,0.0010710948937774501,52.96672091624369,356.61446044522876,77.1848613891367,185.61162073300875
15 Jul 2026 17:33:00.000000000,-651.4026920502696,-4103.6658373422715,-5480.633694310118,7.566110136622925,-0.719986307294195,-0.35928935840639314,0.0007911238437202415,0.005013122463657126,0.006713644955163409,-53.02907243800276,64.68103840720147,513.1003243993441,6870.204001013317,0.0010843681284607972,52.96625113862667,356.6081125685014,81.68762316797547,184.91587374153295
15 Jul 2026 17:34:00.000000000,-196.3381491608339,-4137.813760829561,-5490.095492030349,7.597190195892341,-0.4178635232817325,0.04401158883918617,0.0002352395929655141,0.005054670561138433,0.0067250114220504436,-53.14372454829254,70.73670425092223,513.1019231638176,6870.166921608766,0.0010829958670996555,52.96611811779372,356.60171583078534,86.16042984449325,184.2501330342728
15 Jul 2026 17:35:00.000000000,259.58963617922274,-4153.772449413141,-5475.356015833942,7.59487427791265,-0.11389715457505672,0.4471272055714656,-0.0003216953061636895,0.005074185861336244,0.006706979167284653,-52.924754380513505,76.77723840269601,512.9894811314562,6870.2375175916095,0.001066944899104591,52.96632406077946,356.5953265133507,90.59963667863535,183.61803293597055
15 Jul 2026 17:36:00.000000000,714.3764197071057,-4151.471012295308,-5436.479279526797,7.559169764403966,0.19058776866923702,0.8482950628205319,-0.0008772935703409162,0.005071579685146716,0.006659619051285109,-52.378021771218044,82.7082462642006,512.7643603766726,6870.414559283794,0.001036405573347944,52.96686520613654,356.5890007702408,94.9993926959515,183.0254138639956
15 Jul 2026 17:37:00.000000000,1166.0226963307305,-4130.918167286883,-5373.634844473259,7.490227220844642,0.4942635336244326,1.2457605003350445,-0.0014291710834063295,0.005046852849410512,0.006583121142413582,-51.517599095493026,88.44664097693655,512.4297306708306,6870.694953435671,0.000991789870824009,52.96773188945344,356.58279364046126,99.3506186686799,182.48134470865634
15 Jul 2026 17:38:00.000000000,1612.5422804915047,-4092.2022403972405,-5287.097139068733,7.388339968281845,0.7958051255960863,1.6377837748146704,-0.0019749549883058106,0.005000096022160822,0.006477794545579609,-50.364087775848226,93.92761933825734,511.99051954082097,6871.0737961044315,0.0009337262029330039,52.968908712563746,356.57675807955155,103.63927161112953,181.9998586926987
15 Jul 2026 17:39:00.000000000,2051.9708461712326,-4035.4908420014704,-5177.244349794819,7.253943165803502,1.0938956268013187,2.0226471930244103,-0.002512291917778961,0.004931489963126843,0.006344067064175249,-48.9424390628836,99.1077514854457,511.45333329106694,6871.544456725137,0.0008630514029836969,52.970374813513516,356.57094402754274,107.8432792950275,181.603019196254
15 Jul 2026 17:40:00.000000000,2482.3743970080805,-3961.030218734621,-5044.556885055588,7.087612393892597,1.3872316255402184,2.39866221874668,-0.0030388564111699084,0.004841305621854625,0.006182484654646528,-47.27975481624373,103.96440086672958,510.82635011021677,6872.0986920365285,0.0007808008568602458,52.97210423259352,356.56539752960634,111.92682051787577,181.32663980823637
15 Jul 2026 17:41:00.000000000,2901.8576361941946,-3869.144280768466,-4889.615413738777,6.8900617263214885,1.6745286263407404,2.764176539854552,-0.003552359554907798,0.004729904062263503,0.005993710629065709,-45.403421475622366,108.49262285806901,510.1191868041661,6872.726788035415,0.0006881988209307622,52.97406636806266,356.5601599249013,115.82886340702355,181.23174631484147
15 Jul 2026 17:42:00.000000000,3308.5722050582663,-3760.23330475886,-4713.098481353089,6.6621412764330765,1.9545264494016172,3.1175810786537084,-0.004050557869223304,0.004597736170789844,0.0057785245467094366,-43.33974593714887,112.70092322586821,509.3427411112572,6873.417727665094,0.0005866539501226406,52.976226513615075,356.555267117821,119.43796149420236,181.42978088463286
15 Jul 2026 17:43:00.000000000,3700.724758343566,-3634.772313527814,-4515.779707715219,6.404834202774544,2.2259946049782706,3.4573169249810034,-0.004531262446569826,0.004445342100037382,0.005537820730133473,-41.113103386342544,116.60698102735317,508.50901195962683,6874.159381501836,0.0004777745639922191,52.978546468210396,356.5507489445014,122.52949800523265,182.14535800024026
15 Jul 2026 17:44:00.000000000,4076.584843282625,-3493.3091344947748,-4298.524571512333,6.119253159222531,2.4877376253722776,3.781882167594308,-0.004992348330713717,0.004273350398107775,0.005272606340238445,-38.74551315550394,120.23398270397489,507.63090041552437,6874.938718297631,0.0003634556486258381,52.980985207610274,356.54662864573544,124.57964527660896,183.90230522042145
15 Jul 2026 17:45:00.000000000,4434.492548711749,-3336.462139998017,-4062.2867886633826,5.806636176045579,2.738600334050645,4.08983859530818,-0.005431764102657358,0.004082476768336664,0.004983998939498992,-36.256525730525524,123.6078113706501,506.7219944379516,6875.742031871634,0.00024628931419815384,52.98349960587629,356.54292245567075,124.0471929047021,188.24183516297822
15 Jul 2026 17:46:00.000000000,4772.865889712271,-3164.917673976068,-3808.104293246784,5.468341960842576,2.977473028239941,4.37981823531786,-0.005847541624534632,0.0038735224098916457,0.004673223481520322,-33.663310097313115,126.75507676759153,505.796340891438,6876.555180526554,0.00013231049617006964,52.98604519419516,356.53963931353763,114.06416241012911,202.03193092303727
15 Jul 2026 17:47:00.000000000,5090.207892714405,-2979.427170980187,-3537.094831838234,5.1058446119436605,3.2032965483105245,4.6505296924102035,-0.0062378058691062105,0.003647371888429514,0.0043416086652878876,-30.98085389330134,129.7018479174511,504.86820856549787,6877.363834906347,6.767469364720805e-05,52.98857694373079,356.5367807036094,50.88432569969592,269.01882764227713
15 Jul 2026 17:48:00.000000000,5385.113345688416,-2780.8039751777537,-3250.4511843916944,4.720727741624221,3.4150672044820927,4.900764249465465,-0.006600784746302385,0.003404990493816776,0.003990582604392089,-28.222215061405446,132.4729173887854,503.951846196823,6878.153730014332,0.00014867246365661124,52.99105005876492,356.5343406262794,0.6101119091143734,323.10010564482184
15 Jul 2026 17:49:00.000000000,5656.275178062634,-2569.919868841759,-2949.4360272661434,4.314678012245778,3.6118415290193053,5.1294016869867605,-0.006934818825964525,0.0031474210513647545,0.003621667775086145,-25.398786090100803,135.09143990621226,503.06123967779354,6878.91091698472,0.00026192026344075084,52.99342076619007,356.5323057009097,353.37061425948343,334.14668350666494
15 Jul 2026 17:50:00.000000000,5902.4904353953825,-2347.7013217911276,-2635.376456598015,3.8894780950530294,3.7927408202482216,5.335415777516256,-0.007238370835884218,0.0028757801585064142,0.0032364752160134423,-22.520548501598768,137.5788195653921,502.2098727523534,6879.6220101487215,0.0003755236009240263,52.995647087465635,356.5306553987198,353.5777644031245,337.7466435839196
15 Jul 2026 17:51:00.000000000,6122.66581463274,-2115.125475300886,-2309.65819290877,3.4469990686439766,3.956955443535787,5.517879409821981,-0.007510034813559307,0.002591253835545354,0.002836697974773836,-19.596306431688273,139.95475329018652,501.41049553876815,6880.274424965765,0.0004846815338740567,52.997689579435594,356.5293624017756,356.0282143118411,339.1033499485979
15 Jul 2026 17:52:00.000000000,6315.822727042362,-1873.2158761140468,-1973.7194905411807,2.989192281865507,4.1037488539086455,5.67596929778083,-0.007748544777612979,0.0022950925877497,0.002424103808994555,-16.633895152618464,142.23736667708673,500.67490516994206,6880.8566025024,0.0005871711245915754,52.999512030935435,356.5283930818405,359.4526959337095,339.48608850858676
15 Jul 2026 17:53:00.000000000,6481.101857641616,-1623.0379782973089,-1629.0447781942887,2.518080713839189,4.23246130531797,5.8089702299854595,-0.00795278278558952,0.001988605891378039,0.0020005271698619867,-13.640364490571374,144.44340024689976,500.01374270085455,6881.358216338121,0.0006813973524833946,53.0010821028752,356.52770809079703,3.401711577760037,339.3443763560603
15 Jul 2026 17:54:00.000000000,6617.767192142302,-1365.6944327564518,-1277.158059394381,2.0357498717329814,4.342513212706587,5.916278818300243,-0.008121786251620062,0.0016731561309366926,0.0015678605149734722,-10.622139306605776,146.58841985072152,499.4363101958486,6881.770358057115,0.0007660712431054168,53.00237190046123,356.5272630523278,7.679417716823464,338.87407765851066
15 Jul 2026 17:55:00.000000000,6725.209485104396,-1102.3201862009428,-919.616104142127,1.5443382745069074,4.4334081350152745,5.99740670685903,-0.008254754395034834,0.0013501520257345676,0.001128045011966403,-7.585160281371663,148.68703579172546,498.950411576951,6882.08569784599,0.0008401361425890681,53.00335846739867,356.5270093427676,12.189437704055992,338.1715906020982
15 Jul 2026 17:56:00.000000000,6802.949146097181,-834.0774131864702,-558.0014651555828,1.0460275779355668,4.50473535004159,6.051983207278496,-0.008351053715527194,0.0010210416006312432,0.00068306071441311,-4.535008662087723,150.75312241396315,498.5622203914394,6882.29861715268,0.0009027511876529136,53.00402419327718,356.52689494743527,16.88124532494285,337.28746347135484
15 Jul 2026 17:57:00.000000000,6850.638524176,-562.1503065054087,-193.91535401469105,0.5430324024901063,4.556171995589316,6.079757331064911,-0.008410222390989755,0.0006873047636102353,0.00023491630200584598,-1.4770187081585946,152.8000345506134,498.27617715052884,6882.405310865312,0.0009532903088331459,53.00435712685951,356.52686537740453,21.7282644032976,336.24829465317384
15 Jul 2026 17:58:00.000000000,6868.063574834718,-287.73975261185194,171.02958592579978,0.03758993096338745,4.587484755526586,6.080599196184195,-0.008431973522862922,0.0003504455661029111,-0.00021436150811578482,1.5836184994983238,154.840820123774,498.09491831237096,6882.403857030522,0.0009913447738842177,53.004351189644396,356.526864630599,26.717891894546064,335.06670913863934
15 Jul 2026 17:59:00.000000000,6855.144897730093,-12.057919914552192,535.2165718115086,-0.4680506531551213,4.598531074103767,6.054500791392954,-0.008416197171323544,1.198422857456969e-05,-0.0006627387644030795,4.6417563289939485,156.88842990676488,498.0192383454289,6882.294252737807,0.001016725109328898,53.00400628582811,356.5268361802625,31.84663918237979,333.7462168138129
15 Jul 2026 18:00:00.000000000,6811.9381378178505,263.6772113792987,897.0319999364384,-0.9716388127300584,4.589259887036715,6.00157608900616,-0.008362961143677166,-0.00032655098014963625,-0.0011081851777468238,7.692195475000557,158.9559263569099,498.0480856303738,6882.078415436622,0.0010294607773516586,53.00332830661569,356.5267239733503,37.117732263582596,332.28361186206473
15 Jul 2026 18:01:00.000000000,6738.633747011159,538.2473486604827,1254.8727516072008,-1.4709333142196106,4.559711863291545,5.922060504108181,-0.008272510524443959,-0.0006636319176498121,-0.0015486849888590884,10.729584998037526,161.05669369880823,498.17859225824986,6881.760149611168,0.0010297969699267825,53.002329028699606,356.5264734212143,42.54003620560983,330.67004790083683
15 Jul 2026 18:02:00.000000000,6635.55610798578,810.4393861412568,1607.1534471628129,-1.9637128198939522,4.510019157059323,5.816309705590353,-0.008145265961045865,-0.0009977387041385456,-0.001982247684081157,13.748318042910912,163.20465114558073,498.4061370800969,6881.345079400125,0.0010181883455080486,53.00102590859772,356.5260323650323,48.127800785087274,328.89129195206596
15 Jul 2026 18:03:00.000000000,6503.162026227459,1079.0508746263924,1952.3136096205985,-2.447786341293392,4.440404674924923,5.684797791610623,-0.007981820740629137,-0.0013273677294386714,-0.0024069184418853665,16.742418661140686,165.41447022054624,498.72444067824546,6880.84054839839,0.0009952898104027372,52.999441776391436,356.52535199885233,53.901019893209764,326.92736466747937
15 Jul 2026 18:04:00.000000000,6342.038600759969,1342.8954330193856,2288.8247003722495,-2.9210034830485094,4.351180868552611,5.528114848915097,-0.00778293671834206,-0.001651039444785775,-0.0028207882007042885,19.70541604639043,167.70179537836324,499.1256902820143,6880.255488502242,0.0009619446654543158,52.997604434193185,356.5243877338968,59.886361020733055,324.75161050295816
15 Jul 2026 18:05:00.000000000,6152.9004881286255,1600.8080735133933,2615.196990698439,-3.3812644103134204,4.2427480681877725,5.346963921749184,-0.007549539172308779,-0.0019673058596461164,-0.0032220032478240544,22.630202417074905,170.08346415204485,499.60069205711955,6879.600260242059,0.0009191706625451337,52.995546166372314,356.52309998871954,66.11873825828906,322.32912441266524
15 Jul 2026 18:06:00.000000000,5936.586578071775,1851.6504134784639,2929.9862345695524,-3.826529478332644,4.11559237676785,5.142157421650946,-0.007282710687372485,-0.0022747576743033264,-0.003608774245232249,25.508870861916304,172.57771829349423,500.1390476747241,6878.886467576792,0.0008681447951566289,52.99330317014379,356.52145489117476,72.64371630328698,319.6143475775121
15 Jul 2026 18:07:00.000000000,5694.056102825439,2094.315748364452,3231.80011021626,-4.254828468877942,3.9702831483327135,4.914613014115342,-0.006983684172741735,-0.002572030988101776,-0.003979384620693612,28.332529899189268,175.20439000192226,500.7293516242014,6878.126750590489,0.0008101880447215467,52.990914916551716,356.5194248796568,79.52107376072443,316.5475038858561
15 Jul 2026 18:08:00.000000000,5426.384205130097,2327.7339614600482,3519.3044002152787,-4.664269385225458,3.80747007763134,4.665349021846472,-0.00665383513678457,-0.0028578135365893024,-0.0043321982713715075,31.091092611312288,177.98503624388957,501.3594053816129,6877.334559923413,0.0007467519148317094,52.988423453129165,356.516989192874,86.83004743517239,313.04935547354495
15 Jul 2026 18:09:00.000000000,5134.756992696249,2550.876248044828,3791.228882304748,-5.053046764778154,3.627879930267661,4.395479386993122,-0.006294673345209655,-0.003130850423562095,-0.00466566654449274,33.77304051120832,-179.05702195269754,502.01644428944576,6876.523917083304,0.0006794095600963228,52.98587266056669,356.5141342393709,94.67704253217312,309.01349240866455
15 Jul 2026 18:10:00.000000000,4820.466109125194,2762.7596332848666,4046.3729057357828,-5.419449476094974,3.4323129443808384,4.106208236371787,-0.005907833989188179,-0.003389949326610834,-0.004978334476351809,36.365166533766946,-175.89682074690253,502.6873728422134,6875.709165010645,0.0006098558763625182,52.983307476555126,356.51085384015573,103.20689650381362,304.295068788845
15 Jul 2026 18:11:00.000000000,4484.902853055587,2962.4512651170994,4283.610630634866,-5.7618679747331445,3.221638935700244,3.798824094218856,-0.00549506849214623,-0.0036339851700288995,-0.005268846291373313,38.85230877741483,-172.50812991332128,503.3590040064547,6874.904713413235,0.0005399232810263307,52.98077310056522,356.50714934005,112.61890215442664,298.6947796368478
15 Jul 2026 18:12:00.000000000,4129.551878627907,3149.0724652850904,4501.895910523852,-6.078800999679841,2.996793137882084,3.474693786533221,-0.005058235071460127,-0.003861904269154218,-0.005535950175607264,41.21709814023566,-168.86421301776193,504.01829822644265,6874.124783440765,0.00047162281082441536,52.97831419368037,356.5030295856948,123.18782695396985,291.93784164756073
15 Jul 2026 18:13:00.000000000,3755.984511251845,3321.8025235884847,4700.266800760942,-6.368861699015268,2.7587718093724614,3.135256079659232,-0.004599289165388518,-0.004072727963290955,-0.0057785023559725895,43.439760033250316,-164.93913153178727,504.65259787228075,6873.383156239883,0.0004072208280865949,52.975974087698766,356.49851077052097,135.28513262535247,283.6527737197681
15 Jul 2026 18:14:00.000000000,3365.85171315918,3479.8822222503286,4877.849678175477,-6.630783179607366,2.5086276367276583,2.782015093539331,-0.004120273821989385,-0.004265555765261278,-0.005995470530149836,45.49803326957285,-160.70976585289665,505.2498530655203,6872.6929298198675,0.00034934792170901956,52.973794017567094,356.49361614939517,149.37840210013223,273.37197017685116
15 Jul 2026 18:15:00.000000000,2960.876733340559,3622.6170790604897,5033.862959541239,-6.863423480934637,2.247464962442449,2.416533527146639,-0.003623310126027509,-0.0044395680596098445,-0.006185936695573367,47.367295878656186,-156.15868969929903,505.79883505914745,6872.066288471701,0.0003010709661094425,52.971812390801304,356.48837562794415,165.94381030245626,260.6192302144407
15 Jul 2026 18:16:00.000000000,2542.847476419894,3749.3802995345795,5167.6204086575835,-7.065769977333582,1.9764348631114652,2.040425730316787,-0.0031105877310636915,-0.004594028394843986,-0.006349099443348603,49.021010785452155,-151.2779040870146,506.2893336440341,6871.514288727072,0.00026567929254441475,52.970064106898704,356.48282523381073,185.17346023918583,245.2024220930509
15 Jul 2026 18:17:00.000000000,2113.608624472443,3859.615429868604,5278.534023837746,-7.236943216246426,1.6967301010538247,1.655350652351379,-0.0025843555345900263,-0.0047282854096929875,-0.006484275773292572,50.431609157128264,-146.07316807822787,506.712335392008,6871.046665523936,0.0002457449970337737,52.968579938859065,356.47700647920954,206.4794480325,227.7094184361671
15 Jul 2026 18:18:00.000000000,1675.0535454514409,3952.8387037051184,5366.1164992429585,-7.376200201947543,1.409579969921215,1.2630046941380044,-0.002046912524362111,-0.004841774443271182,-0.00659090249883871,51.57189333096566,-140.56824955290585,507.06017991740674,6870.6716618707715,0.000241536046632222,52.96738598782958,356.4709656261026,228.33455829049564,209.66740123236102
15 Jul 2026 18:19:00.000000000,1229.1160211466,4028.641076921234,5429.983255050267,-7.482937135212659,1.1162450519999996,0.8651144867029914,-0.0015005987995917237,-0.004934018871791782,-0.006668537298962167,52.4169425686798,-134.80795745021413,507.3266917363093,6870.395884878974,0.00025033824845467915,52.96650322058593,356.46475286702986,249.0735257288011,192.74160062297034
15 Jul 2026 18:20:00.000000000,777.7618269968085,4086.6899456161573,5469.854032692355,-7.556691619205554,0.8180119023455786,0.463429615703264,-0.000947786756096772,-0.005004631212289737,-0.006716859470247729,52.946341318629955,-128.85855474552343,507.5072857178114,6870.224190570809,0.0002678683936019373,52.96594709808482,356.45842143617136,267.8644705282916,177.76385998373055
15 Jul 2026 18:21:00.000000000,322.9801954768474,4126.730543312544,5485.554052482398,-7.597144340744448,0.5161876725641255,0.05971530834860876,-0.00039087241097880194,-0.005053314033630632,-0.006735670430796426,53.14636341075096,-122.80442243972988,507.59904454971525,6870.159599375937,0.0002902680931623691,52.96572730169813,356.4520266664346,284.7514062940241,164.69012842821232
15 Jul 2026 18:22:00.000000000,-133.22480574120152,4148.587014094666,5477.014731840803,-7.604120234190522,0.21209468510891122,-0.3442549031936309,0.00016773317336928856,-0.005079860696313817,-0.0067248940014939754,53.01162785320413,-116.74082524673096,507.6007670766908,6870.203243710799,0.0003150192769750724,52.9658475619948,356.44562500934626,300.15862707685346,153.09607426424398
15 Jul 2026 18:23:00.000000000,-588.8429500005054,4152.163159008098,5444.273963113958,-7.577589132652345,-0.0929350324821364,-0.7467065295745501,0.0007256124103992774,-0.005084155947342379,-0.006684576495974569,52.545789989366206,-110.76404277576738,507.51298680959053,6870.354348498744,0.0003409067322168853,52.96630559310579,356.43927303518694,314.5288747520584,142.53891810117673
15 Jul 2026 18:24:00.000000000,-1041.866551654722,4137.442853579374,5387.475950661972,-7.517665908237,-0.39756524491778034,-1.1458714718911542,0.0012803497085945924,-0.005066176376367362,-0.006614886623253399,51.76107003374985,-104.96124440694436,507.3379603474556,6870.610244942427,0.00036766568594219745,52.96709313382112,356.4330264311509,328.1914027721012,132.68936958342707
15 Jul 2026 18:25:00.000000000,-1490.2991591187442,4104.490134809203,5306.870607558796,-7.424610099938164,-0.700461029757433,-1.5399953578374297,0.00182954004068812,-0.005025990732881778,-0.006516115198405333,50.67675495158259,-99.40260026908392,507.07962589718755,6870.966417310064,0.0003956198579499478,52.96819609466364,356.42693901533056,341.3448472103017,123.34875682485095
15 Jul 2026 18:26:00.000000000,-1932.164210278038,4053.4489564930814,5202.812512909937,-7.298825024642467,-1.0002943128074109,-1.927344854538388,0.0023707976133794596,-0.004963760095837054,-0.006388674645534959,49.31707732469399,-94.13715842827264,506.7435325183467,6871.416581950733,0.000425373238074351,52.96959480829297,356.42106178407585,354.0783210421101,114.42793259049215
15 Jul 2026 18:27:00.000000000,-2365.513619000223,3984.542612255635,5075.759431546946,-7.140856363924145,-1.2957494087547123,-2.306214944566093,0.0029017646801259953,-0.004879737872089556,-0.006233098258012834,47.7089614747452,-89.19259758945432,506.33674116032836,6871.95279721764,0.0004575556827440329,52.971264378751435,356.4154420096291,6.402867110412702,105.91582177117671
15 Jul 2026 18:28:00.000000000,-2788.436261071839,3898.0728262969183,4926.270398712029,-6.951390216979158,-1.585528556044073,-2.674936149513555,0.00342012053113708,-0.004774269596885734,-0.006050039177321123,45.880035013510465,-84.57786134087058,505.86769899404817,6872.565602458984,0.0004926250455243317,52.973175123303236,356.41012240406997,18.284500542863807,97.84637937610673
15 Jul 2026 18:29:00.000000000,-3199.06632720506,3794.4185125662552,4755.0033733624605,-6.731250608436964,-1.8683574329628756,-3.031881682651644,0.003923590679633149,-0.004647792496639583,-0.005840269035896264,43.857122743840264,-80.28727437864474,505.34608896753167,6873.244183742264,0.0005307358542352297,52.975293098972344,356.40514036435746,29.673948271447866,90.26885138667838
15 Jul 2026 18:30:00.000000000,-3595.5915100464786,3674.0342039276875,4562.712464930579,-6.481396439043224,-2.1429906394817855,-3.37547450889555,0.004409956249013713,-0.0045008347720086345,-0.0056046762075940395,41.66526686687694,-76.30492547014921,504.7826569295221,6873.976563513003,0.0005716797250941031,52.97758070438074,356.40052731188047,40.52884294759664,83.22558117225886
15 Jul 2026 18:31:00.000000000,-3976.2609913836245,3537.4481538907803,4350.2447397938795,-6.202917867467081,-2.4082171266654253,-3.704194286699266,0.004877063547814847,-0.004334014553955932,-0.005344263603844988,39.32720529000993,-72.60854895564415,504.18901906316086,6874.749810966259,0.0006148896640025849,52.97999734615662,356.3963081381523,50.826110722018,76.73962199357568
15 Jul 2026 18:32:00.000000000,-4339.393195065077,3385.2601146552656,4118.536615354378,-5.89703211283465,-2.6628655525794604,-4.016584162756698,0.005322833799246806,-0.004148038482810302,-0.005060145951784096,36.863193212538114,-69.1725718011888,503.5774527450201,6875.550269530178,0.0006594892918878087,52.982500158041084,356.39250076643845,60.56529468363873,70.81141379494602
15 Jul 2026 18:33:00.000000000,-4683.3832705802915,3218.138796574275,3868.60985150037,-5.5650786700752874,-2.905809540691063,-4.311257386708096,0.0057452729763122585,-0.0039436998641662014,-0.004753546497181431,34.29105204681656,-65.97029210907775,502.9606742863355,6876.36379753815,0.0007043650320370169,52.98504475989783,356.389115836993,69.7657240628175,65.42161417669105
15 Jul 2026 18:34:00.000000000,-5006.710271875212,3036.819015661766,3601.567151309024,-5.208513933767029,-3.1359728139611294,-4.586903709630891,0.006142481671137642,-0.003721876354629817,-0.0044257930758278665,31.62635080419083,-62.97530914454479,502.3516073133609,6877.176017902935,0.0007482435669253687,52.98758604313381,356.38615652142704,78.46087369003449,60.53673905403496
15 Jul 2026 18:35:00.000000000,-5307.9439958431085,2842.098537466714,3318.587385134821,-4.828905230850052,-3.3523341752661846,-4.842295527106295,0.006512664913234352,-0.0034835271390824527,-0.004078313509833446,28.882651828791506,-60.162375829363704,501.76314579279574,6877.972572411845,0.0007897639602813115,52.990078968585756,356.38361846935527,86.69242465705106,56.11510205392112
15 Jul 2026 18:36:00.000000000,-5585.751445131516,2634.8346274585115,3020.9204546670458,-4.427924268203762,-3.5539323026508476,-5.076293725292683,0.00685414183557979,-0.0032296895676898526,-0.003712630295547615,26.071776690138908,-57.507838580220586,501.20791589679675,6878.73937614265,0.000827540017893307,52.99247936272233,356.3814898882012,94.50535530621664,52.11172352358323
15 Jul 2026 18:37:00.000000000,-5838.902880453668,2415.9403200221295,2709.8818161012005,-4.007340007543006,-3.7398703262720643,-5.287853186835211,0.007165355073356158,-0.0029614752296536796,-0.0033303545625160934,23.20406624681948,-54.98979973375279,500.69804101883125,6879.462867457964,0.0008602123037420519,52.99474469806088,356.3797517545827,101.94446503638387,48.481806662905065
15 Jul 2026 18:38:00.000000000,-6066.277428565209,2186.38042017982,2386.846684194969,-3.5690109871680376,-3.9093201529056314,-5.476027912737413,0.007444879776031203,-0.002680065454489698,-0.0029331793018416725,20.28862139977434,-52.588103535698245,500.24491428935,6880.130249078919,0.0008864909687727797,52.996834843995714,356.3783781534582,109.05221839093953,45.182893316563515
15 Jul 2026 18:39:00.000000000,-6266.868213474212,1947.1672542237081,2053.2439416088782,-3.114877117599923,-4.0615265035969115,-5.639975716605479,0.007691432102854652,-0.00238670624094423,-0.00252287187555874,17.33351901172636,-50.28421635378996,499.8589828903478,6880.7297158657275,0.000905190975868179,52.998712774778994,356.37733673887845,115.86760357458962,42.1760052818448
15 Jul 2026 18:40:00.000000000,-6439.786980315416,1699.3561874997124,1710.5497805182372,-2.64695098581407,-4.195810630527578,-5.778962448997593,0.00790387707510066,-0.0020827026294039093,-0.002101265839102197,14.346002195550756,-48.061048060016134,499.54954832537123,6881.250665145591,0.0009152611135533539,53.00034522217305,356.37658930810727,122.42568610730058,39.42609042711542
15 Jul 2026 18:41:00.000000000,-6584.268183646206,1444.0409295904922,1360.2811059409078,-2.1673087103858997,-4.311573680461901,-5.892365712001273,0.008081235660926531,-0.0017694125460570194,-0.0016702521254940911,11.332646777265122,-45.90274427428462,499.32458656416736,6881.6838857242365,0.0009158078111195741,53.00170326129078,356.3760924788041,128.75759825046444,36.902032990206095
15 Jul 2026 18:42:00.000000000,-6699.672514692672,1182.3486490389175,1003.9887325146984,-1.6780803971413545,-4.408299674236938,-5.979678027584341,0.00822269097277388,-0.001448240159843185,-0.0012317696561487779,8.299507032825565,-43.794467200691585,499.19059164938653,6882.021722093272,0.0009061144036204559,53.00276281933886,356.3757984572517,134.89077984519776,34.576412421866415
15 Jul 2026 18:43:00.000000000,-6785.4898452601265,915.4349215151057,643.2504085049105,-1.1814402516213163,-4.485558074628496,-6.040509427668641,0.008327593476765248,-0.0011206288075844431,-0.0007877954607454758,5.252244333311882,-41.72217478701354,499.1524459302556,6882.258210793633,0.0008856562177916063,53.00350509835767,356.3756558839225,140.84935221785824,32.425129124975
15 Jul 2026 18:44:00.000000000,-6841.341569591181,644.4785368740914,279.66370257438234,-0.6795964105694347,-4.543005918518448,-6.074589439158342,0.008395465118101903,-0.0007880535513379293,-0.0003403343995371965,2.196242464011963,-39.67240274479818,499.21331958392653,6882.3891864095185,0.0008541116674532625,53.00391690458372,356.37561074142315,146.65455845140704,30.426963797266396
15 Jul 2026 18:45:00.000000000,-6866.982329337181,370.6761918870348,-85.16120973325948,-0.17478055957456004,-4.58038949350387,-6.08176844318366,0.00842600229351308,-0.0004520134439813713,0.0001085914050218518,-0.8632866732064166,-37.632050700018645,499.3746015085634,6882.41235523427,0.000811369443715142,53.00399087871874,356.3756073086719,152.32524406441354,28.563096342597245
15 Jul 2026 18:46:00.000000000,-6862.301110956153,95.23709646084527,-449.60882181508754,0.3307625922815134,-4.597545543833261,-6.062018394440641,0.008419077619294576,-0.00011402358538917725,0.0005569533133744482,-3.921203379663433,-35.588171780055056,499.6358630393317,6882.327335260056,0.0007575318413778463,53.00372562314759,356.37558914450307,157.87839075442272,26.81657170125059
15 Jul 2026 18:47:00.000000000,-6827.321709172985,-180.62247807274332,-812.0655955238459,0.8347859074779683,-4.5944019956830875,-6.015432893531987,0.008374740462308511,0.00022439294280598957,0.0010027269711742966,-6.972343008160169,-33.527763874331704,499.9948552649485,6882.135661781617,0.000692914260552429,53.00312572396644,356.3755000832888,163.32976923888825,25.171646573504784
15 Jul 2026 18:48:00.000000000,-6762.202554566847,-455.68467958630185,-1170.9272455600678,1.3350504104739762,-4.570978197168573,-5.942226612449154,0.008293216235261592,0.0005617131727686645,0.0014439030477508077,-10.011417896108036,-31.43756039758366,500.4475400275134,6881.840758557486,0.0006180409490610879,53.00220166754007,356.37528522503857,168.69488583563248,23.61284240200854
15 Jul 2026 18:49:00.000000000,-6667.235907796952,-728.7355555878576,-1524.6059701585482,1.8293357995446022,-4.527384673954396,-5.842734080574298,0.00817490446695229,0.0008964222854632222,0.0018784977909742657,-13.032914925072904,-29.303818542351795,500.98815399177903,6881.447875124634,0.0005336371004876823,53.000969653161185,356.374891902568,173.99068296995034,22.12324443336845
15 Jul 2026 18:50:00.000000000,-6542.84642735919,-998.5705045438158,-1871.5375901336977,2.3154508078631943,-4.463822406741558,-5.717407845618491,0.008020375695111466,0.0012270214961650288,0.002304563284288404,-16.030985173998435,-27.112103765551375,501.60930449151186,6880.963991499707,0.0004406175026570003,52.99945130521061,356.374270608688,179.2393621309417,20.680678343661196
15 Jul 2026 18:51:00.000000000,-6389.589121998344,-1263.9996697385827,-2210.188559412983,2.7912433448164014,-4.380581642096285,-5.56681603055033,0.007830367243062736,0.0015520357069698342,0.0027201973000293123,-18.999322025498756,-24.84707078028646,502.30209521898814,6880.397692107715,0.000340072106486845,52.99767328997615,356.37337586721907,184.47927489229906,19.246818819694212
15 Jul 2026 18:52:00.000000000,-6208.146702910169,-1523.8532481358595,-2539.062811625029,3.2546103529051384,-4.27804025291854,-5.391639313624245,0.007605777959639744,0.0018700208489955403,0.003123552652807402,-21.93102399771534,-22.492243941509543,503.0562792364889,6879.759011344399,0.00023324959495040805,52.995666843955256,356.37216703249663,189.80706445424784,17.725047645942187
15 Jul 2026 18:53:00.000000000,-5999.326354582322,-1776.986687832914,-2856.7084090850576,3.7035073210614033,-4.156661669178769,-5.192667363930395,0.007347662028701984,0.0021795708479726123,0.003512845973519264,-24.81843860810925,-20.029804138082696,503.8604362702701,6879.05925368903,0.00012154633519276339,52.99346722200991,356.37060900344414,195.65848828323516,15.679630726633123
15 Jul 2026 18:54:00.000000000,-5764.055946485022,-2022.2857490420367,-3161.7239625957986,4.135957401577672,-4.016992403282598,-4.970794769318897,0.00705722195282206,0.0024793241553780925,0.00388636583567917,-27.652983901863827,-17.440395887203728,504.7021708097621,6878.3107917306215,7.451309633931615e-06,52.99111307513649,356.36867283966484,230.3644661561676,344.7796697416807
15 Jul 2026 18:55:00.000000000,-5503.379710781357,-2258.6714051051313,-3452.7647927845596,4.550060084905669,-3.8596591974444134,-4.727016497007389,0.006735800840939729,0.0027679698026801115,0.004242480188099576,-30.424945179666107,-14.702978291637898,505.56832718578823,6877.526845844853,0.00011068681247727958,52.98864576883368,356.3663362689149,21.579999461968555,197.37018258840124
15 Jul 2026 18:56:00.000000000,-5218.453413754107,-2485.1045617458726,-3728.548806188765,4.9439993940755125,-3.685365822727195,-4.462422929586224,0.006384874120918258,0.0030442529460211203,0.004579643060265385,-33.12324638796181,-11.794758121911366,506.44521754621354,6876.721249554908,0.00022779230820387707,52.986108654079366,356.36358407704563,27.447601295400247,195.308673078042
15 Jul 2026 18:57:00.000000000,-4910.5390507148495,-2700.5905746027656,-3987.862061899199,5.3160515681876666,-3.4948895608709414,-4.1781945204748965,0.00600604080860022,0.0033069798841209516,0.004896400528162838,-35.73519927060139,-8.691263809402663,507.31885848644725,6875.908204823602,0.00034342299578131024,52.98354630374302,356.36040837372,32.56683520957955,193.99559202374363
15 Jul 2026 18:58:00.000000000,-4580.999095774202,-2904.1835469661128,-4229.564007225924,5.664592212067093,-3.289077400711032,-3.8755961131588483,0.005601014460104447,0.0035550225459016283,0.005191395946053466,-38.24623968904731,-5.366646311897717,508.17521202368823,6875.102031656292,0.0004558774045264792,52.981003727850364,356.35680872926815,37.48014708641247,192.8885052628734
15 Jul 2026 18:59:00.000000000,-4231.29033900583,-3094.990391559991,-4452.592363495481,5.988102896519038,-3.068841980870692,-3.555970967802677,0.005171613921788982,0.003787322453875872,0.005463374461487403,-40.63967072775306,-1.7943255208080722,509.00042662286023,6874.316916442778,0.0005634922433761226,52.97852558147555,356.35279218042996,42.293523126330946,191.88143561356662
15 Jul 2026 19:00:00.000000000,-3862.957344277211,-3272.174642075151,-4655.967645661249,6.285177200430066,-2.83515730959223,-3.2207345371827754,0.004719753990137424,0.004002894185041043,0.005711186851515624,-42.89644758675615,2.051866291348564,509.7810740813143,6873.5666634365125,0.0006646581211903687,52.9761553791505,356.348373104906,47.04315620698136,190.93819651605745
15 Jul 2026 19:01:00.000000000,-3477.625561356115,-3434.960001975412,-4838.797301865977,6.554526192050818,-2.589054291085447,-2.8713680314205847,0.004247436072956665,0.0042008283575431194,0.005933792725138774,-44.99506050228014,6.195873086345329,510.5043782499508,6872.8644536630345,0.0007578452611504708,52.97393472955789,356.34357296699807,51.74541489574976,190.04242307323753
15 Jul 2026 19:02:00.000000000,-3076.994125938422,-3582.63361978753,-5000.279461369153,6.794983351958692,-2.3316160857708046,-2.5094118079145917,0.003756738930421743,0.004380294180601242,0.006130263148245031,-46.911597731981104,10.656785119380665,511.15843180052866,6872.222615373079,0.0008416292243672086,52.97190260390894,356.3384199388564,56.4090784543144,189.18533715030554
15 Jul 2026 19:03:00.000000000,-2662.8283808577844,-3714.5490816944352,-5139.706281386306,7.005508944422497,-2.063973329278716,-2.1364586191761514,0.003249809557003716,0.004540541612679594,0.006299782755931916,-48.62009542761172,15.445340603017025,511.7323975326641,6871.652409914955,0.0009147151918039283,52.970094650810914,356.33294840401857,61.03935067814368,188.36173368875043
15 Jul 2026 19:04:00.000000000,-2236.952151429992,-3830.1291135852775,-5256.466885162001,7.185193846801309,-1.7872992324478307,-1.7541467475461403,0.002728854243708854,0.00468090317367879,0.006441651416427654,-50.09329243026301,20.55973701392594,512.216691038483,6871.1638366024235,0.0009759601942523145,52.968542569611834,356.3271983519629,65.6394240862154,187.5684167148307
15 Jul 2026 19:05:00.000000000,-1801.2398070289898,-3928.8679860456955,-5350.049885315706,7.333262848634493,-1.502804581537414,-1.3641530515740896,0.002196129843445856,0.004800795461363294,0.0065552855153672976,-51.3038851544298,25.981306064861357,512.6031419006154,6870.7654598055415,0.001024392862368724,52.96727355318308,356.3212146743218,70.21114276815904,186.80353673200278
15 Jul 2026 19:06:00.000000000,-1357.6081403963321,-4010.333616782583,-5420.045487816052,7.449077432720873,-1.2117326550559742,-0.9681859450350471,0.0016539352412884456,0.00489972041825129,0.006640218922207248,-52.22629764364844,31.6710671345419,512.885130979813,6870.464261099346,0.0010592303495834414,52.96630980988661,356.31504637508374,74.7552677250192,186.0663256557203
15 Jul 2026 19:07:00.000000000,-908.0080953997203,-4074.1693658982176,-5466.147173110406,7.532138050164728,-0.9153540708114225,-0.5679783258615602,0.0011046030156805996,0.004977266393978687,0.00669610369761478,-52.83883511482444,37.56851413127145,513.0577017468969,6870.265518877618,0.0010798921434718922,52.965668173088645,356.3087457086324,79.2715256088736,185.35704837979662
15 Jul 2026 19:08:00.000000000,-454.4163732662127,-4120.095520167548,-5488.152951872106,7.5820859000187735,-0.6149615742880673,-0.16528046904791555,0.0005504912604561286,0.005033109042255651,0.00672271059143718,-53.12590435018577,43.593888087455916,513.11764402324,6870.172717379945,0.0010860105440438099,52.96535980505441,356.30236726072644,83.75849988465548,184.67711194485798
15 Jul 2026 19:09:00.000000000,1.1730532593164298,-4147.9104630734055,-5485.966193584166,7.598704221960756,-0.3118647773474856,0.23814710504398706,-6.024475548527423e-06,0.005067012081648097,0.0067199293666254985,-53.079840237159914,49.65439805774797,513.0635489111858,6870.187486600174,0.0010774376555326539,52.9653900004111,356.2959669885119,88.21336261882345,184.02933409763517
15 Jul 2026 19:10:00.000000000,456.757488819344,-4157.491527846186,-5459.59602679611,7.581919107579846,-0.007384854617512181,0.6405407774853055,-0.0005625591826935829,0.005078827946162417,0.006687768979328951,-52.70187565647686,55.65351379592855,512.895834117076,6870.3095740456165,0.0010542488160497157,52.96575809262972,356.2896012363592,92.63139702193762,183.4184211072137
15 Jul 2026 19:11:00.000000000,910.334098601514,-4148.795531163629,-5409.157310416373,7.531799832523981,0.2971507961053704,1.0401409842888507,-0.0011167263773518576,0.005068498334468085,0.006626357621947131,-52.00198179684408,61.50119577746267,512.6167392936545,6870.536848807637,0.0010167424833272883,52.96645746517978,356.2833257447915,97.00519868813663,182.85176688787638
15 Jul 2026 19:12:00.000000000,1359.9084970786828,-4121.858985532334,-5334.870175875121,7.448558708184878,0.6004139236269278,1.4351993686122058,-0.0016661461414437116,0.0050360546632067064,0.00653594263118158,-50.99762510044319,67.1225138796175,512.2302914535577,6870.865337889658,0.0009654367194985273,52.96747566718427,356.27719466983496,101.3233356871272,182.34079326645505
15 Jul 2026 19:13:00.000000000,1803.5033133050665,-4076.79798872433,-5237.059140488885,7.332550448024352,0.9010808171774113,1.823985922911335,-0.0022084532728413923,0.004981618412536001,0.006416890240250288,-49.71178356571053,72.46280983533673,511.74224093107733,6871.289294223799,0.0009010626079162138,52.96879463157847,356.27125963000765,105.56803291606629,181.9032659789714
15 Jul 2026 19:14:00.000000000,2239.1667034930065,-4013.8077890357026,-5116.151792901058,7.184271040292769,1.1978377174136525,2.2047961110208125,-0.002741305599240664,0.004905401346100746,0.006269685146896075,-48.17070336196328,77.4889204032673,511.1599687938974,6871.801295299145,0.0008245552766019277,52.97039099198508,356.2655687976128,109.71097833233837,181.56748876921765
15 Jul 2026 19:15:00.000000000,2664.9807809270424,-3933.1620255852085,-4972.677052135967,7.004356115992919,1.4893862362311976,2.575957957867613,-0.003262392499045002,0.004807705576550309,0.006094929854865804,-46.401827004991475,82.18721072813086,510.4923670287258,6872.3923708267475,0.0007370439297651149,52.972236492792504,356.26016605033846,113.70523857989565,181.38038806986754
15 Jul 2026 19:16:00.000000000,3079.0699325472224,-3835.211643432725,-4807.263002618319,6.7935787987054805,1.7744487750160816,2.9358390916771064,-0.003769443659880588,0.004688923438511689,0.005893343735325158,-44.43215888726205,86.559760925481,509.7496932427229,6873.052157386891,0.0006398441015417214,52.97429848529068,356.255090198028,117.46836045653244,181.4244118126759
15 Jul 2026 19:17:00.000000000,3479.6089906749553,-3720.3834839897363,-4620.63430851954,6.552847021499216,2.051773928493378,3.282853720099749,-0.00426023808910254,0.004549537123265556,0.005665761746040354,-42.287153673784836,90.61999703897442,508.94340203253415,6873.769077548529,0.0005344606464656746,52.9765405012086,356.2503742982462,120.8430786863953,181.8568218978828
15 Jul 2026 19:18:00.000000000,3864.831227443541,-3589.1785520481867,-4413.609212022219,6.283200295746239,2.3201418584859907,3.6154695178694918,-0.004732613375421561,0.0043901180277269095,0.005413132745153953,-39.99008381524048,94.3886551302258,508.08595557021033,6874.530540524596,0.0004226286061641447,52.97892289363814,356.2460450726799,123.49165455545484,183.0153557601818
15 Jul 2026 19:19:00.000000000,4233.036138597192,-3442.169961781871,-4187.096121564061,5.985805917357955,2.5783696188233773,3.932214399564126,-0.005184475178349849,0.004211325762437918,0.005136517328107729,-37.561779976566704,97.8905159610552,507.19061633454623,6875.323161040205,0.0003065027774049315,52.981403534139325,356.24212243471396,124.54508027867867,185.769022158326
15 Jul 2026 19:20:00.000000000,4582.5969824933945,-3280.000565297661,-3942.0897978403345,5.6619545978193875,2.8253164094468963,4.231683146965213,-0.005613806907070231,0.004013906768385889,0.0048370851242963775,-35.020627040023946,101.15201093516916,506.27122526936904,6876.132992747272,0.00018965558382549148,52.983938553827805,356.2386191365154,120.97684346403838,193.14433681985238
15 Jul 2026 19:21:00.000000000,4911.968039478758,-3103.3802687163866,-3679.667147299759,5.3130555104304245,3.0598887346280264,4.512543856610689,-0.006018679524993975,0.003798692488235733,0.004516111486855873,-32.38271500161908,104.19961101504155,505.3419689690116,6876.94577222934,8.649778783898515e-05,52.986483115462214,356.23554054195523,94.75334801006372,223.17490160173932
15 Jul 2026 19:22:00.000000000,5219.6915563425355,-2913.0830423636535,-3400.9826350558346,4.940630746352901,3.2810454372476294,4.773544169575769,-0.00639726140431111,0.0035665970481157327,0.004174973524102747,-29.662070047044516,107.05883638222302,504.41713976559515,6877.747169409731,9.792969218204962e-05,52.98899220298937,356.23288452941796,15.395676868201413,306.33964173412716
15 Jul 2026 19:23:00.000000000,5504.404340393695,-2709.9436334039506,-3107.263331511804,4.54630918030015,3.4878025784726634,5.013517242510843,-0.006747828132743932,0.0033186144080321832,0.0038151454257940812,-26.870915958644535,109.75371870106717,503.5108928126484,6878.523040011996,0.00020416115747374058,52.99142141468462,356.2306415263485,355.5330855575292,330.0093122589581
15 Jul 2026 19:24:00.000000000,5764.8439678763925,-2494.853991162688,-2799.803609538,4.131819751896892,3.679238129999341,5.231387416654967,-0.007068772161414155,0.0030558149493396867,0.0034381930523592627,-24.01993564719697,112.30657293020762,502.6370044146745,6879.25967563076,0.00031857066281276686,52.99372774594138,356.22879467502133,353.1239392101732,336.2255608855225
15 Jul 2026 19:25:00.000000000,5999.854572014826,-2268.759417395483,-2479.9595116892797,3.6989841756916926,3.85449644446181,5.426175540086624,-0.00735861217684551,0.0027793414808614833,0.003045767773331204,-21.118516456366496,114.73796934381065,501.80863593293697,6879.944046957995,0.00043039735196016225,52.99587034792922,356.22732012675607,354.64690777311165,338.509732638533
15 Jul 2026 19:26:00.000000000,6208.392176986069,-2032.6544558621938,-2149.1428096523337,3.249709100333424,4.012792468711439,5.597003897979319,-0.007616002061591646,0.0024904046517451855,0.0026395995515391484,-18.174971894578338,117.06682791263619,501.03810759488556,6880.564035777803,0.000536592861255247,52.99781124874337,356.2261874594822,357.6300739907036,339.3337616766704
15 Jul 2026 19:27:00.000000000,6389.529545592233,-1787.578537682285,-1808.814780815958,2.7859777452943613,4.153415664546541,5.74310070617345,-0.007839739316817406,0.0021902777786745637,0.002221489294722032,-15.196737911610628,119.31058254473537,500.3366864422086,6881.108651496758,0.0006353031247823515,52.999516024309386,356.2253602114658,1.3260305468549454,339.4450739058355
15 Jul 2026 19:28:00.000000000,6542.460510348576,-1534.6114010644103,-1460.4797294852192,2.309841051491957,4.275733602147509,5.863804125008135,-0.008028772811056467,0.001880291104001729,0.0017933005089522073,-12.19054492156453,121.48538147168624,499.7143924651715,6881.5682282122525,0.0007250922967455566,53.00095440717295,356.2247965218697,5.437309757059206,339.1411570009163
15 Jul 2026 19:29:00.000000000,6666.503760125478,-1274.8683060425897,-1105.6782827596683,1.8234083899690063,4.379195192986045,5.958565753072064,-0.008182209728154314,0.0015618255173505782,0.0013569503086835574,-9.162568364362203,123.60630326201328,499.17982668866415,6881.93459864224,0.0008047845345319128,53.00210082237967,356.22444986698457,9.825047421725417,338.5608962294829
15 Jul 2026 19:30:00.000000000,6761.106057353672,-1009.4950667884532,-745.9804934001924,1.3288378801952188,4.4633335313038955,6.02695356429779,-0.00829932159835274,0.0012363057869386796,0.0009143998552400061,-6.118561306096847,125.68757686293888,498.74002459848293,6882.201241635665,0.0008734259527948285,53.0029348409202,356.2242698792159,14.418171216893274,337.77538570681446
15 Jul 2026 19:31:00.000000000,6825.844864103768,-739.6629258267395,-382.97878404991314,0.8283263762807312,4.527768316371228,6.068654256565346,-0.008379549303079784,0.0009051933576561673,0.00046764430949803714,-3.0639728025987676,127.74279991723908,498.4003378328625,6882.363400453756,0.0009302775704893728,53.00344154265392,356.2242032344883,19.178933034396923,336.8223956763729
15 Jul 2026 19:32:00.000000000,6860.430359020437,-466.5632960494056,-18.280768916357573,0.3240991852589977,4.572207831552061,6.083474985581092,-0.008422506969171979,0.0005699787861507827,1.8702399536623022e-05,-0.004055738603429848,129.7851533205208,498.16434652081296,6882.4181695433,0.0009748166078244203,53.003611782210484,356.22419459245026,24.087964546079615,335.7213165477392
15 Jul 2026 19:33:00.000000000,6864.706831085904,-191.4023977308408,346.49800960239804,-0.1816004136335156,4.596450460643964,6.071344464119756,-0.008427984679602865,0.00023217389070506349,-0.0004303942869241755,3.056032244786272,131.82761225923943,498.0338040403562,6882.364548108727,0.0010067389221149073,53.003442353073325,356.2241875729185,29.137198787346836,334.4802369037816
15 Jul 2026 19:34:00.000000000,6838.653440427005,84.60418122794695,709.7413908771603,-0.6865217762175522,4.6003857268937605,6.032313413585669,-0.008395949953003015,-0.00010669629813668862,-0.0008776121668756892,6.111131223714411,133.88315525909394,498.00861531070075,6882.203459414181,0.0010259599065121229,53.002936046840425,356.22412575136667,34.32636455272536,333.09944869169664
15 Jul 2026 19:35:00.000000000,6782.384340791756,360.23697286706647,1069.8399135529562,-1.1884175525189784,4.583994845385812,5.966554362076249,-0.008326547971431566,-0.0004451016955697761,-0.0013209265609745839,9.155981414613159,135.96497335390723,498.0868490409383,6881.937735397392,0.0010326127811193927,53.00210160650871,356.22395365584,39.66129226568129,331.57314094308674
15 Jul 2026 19:36:00.000000000,6696.148162823051,634.2781352053211,1425.1981014351097,-1.685054322414627,4.547350785006711,5.87436079051093,-0.008220100550164752,-0.0007815153367162298,-0.0017583325037929182,12.185122091397165,138.08668148583067,498.2647836540237,6881.5720668397,0.0010270438861436503,53.00095357450337,356.22361774769195,45.15325875821246,329.8900545950421
15 Jul 2026 19:37:00.000000000,6580.326861761127,905.516947330886,1774.2416788911182,-2.1742231330705386,4.490617841748938,5.756145635713552,-0.008077103879413279,-0.0011144214747233626,-0.0021878553453338763,15.192783475118919,140.26253366727443,498.53698590814497,6881.1129199946,0.0010098049423233565,52.99951203803839,356.2230673687457,50.8190321988041,328.033437180919
15 Jul 2026 19:38:00.000000000,6435.433937627168,1172.7552644086854,2115.4246776472633,-2.6537498655997975,4.414050730567846,5.612439166396334,-0.007898225080387395,-0.0014423235136746427,-0.002607561029098978,18.172767965042567,142.50764214149223,498.89642056811977,6880.568421216647,0.0009816424851765973,52.99780227622035,356.22225563809883,56.681496888794335,325.98041767787123
15 Jul 2026 19:39:00.000000000,6262.112040200224,1434.81290404467,2447.236397996171,-3.1215053618116078,4.317993208200213,5.443886254595448,-0.007684297646362537,-0.0017637516928394766,-0.0030155659418325442,21.118316973311384,144.83819849114636,499.3345888561805,6879.948211738729,0.0009434848960243015,52.99585431505554,356.22114028259625,62.77087312851835,323.7007863163939
15 Jul 2026 19:40:00.000000000,6061.129975111735,1690.5329363542235,2768.2081889609053,-3.5754152466173577,4.202876244134156,5.251243071066489,-0.007436315856059045,-0.002077270446875365,-0.0034100462422312827,24.021959607353423,147.27169089842266,499.8416928496928,6879.2632753045455,0.0008964276987322103,52.99370239816605,356.21968438624856,69.12666024475838,321.15505126655523
15 Jul 2026 19:41:00.000000000,5833.379131091049,1938.7868512296438,3076.9200138132346,-4.013469387370711,4.069215761175795,5.035373238313023,-0.007155428260571125,-0.002381485375775573,-0.003789246589162621,26.875339664694,149.82710586334005,500.4068225081724,6878.525741863559,0.0008417181211018455,52.991384382526974,356.21785704519084,75.8005567413137,318.29151824462826
15 Jul 2026 19:42:00.000000000,5579.869351732083,2178.479577711896,3372.00676948807,-4.433730938001401,3.917609970665109,4.797243479163168,-0.006842930362748568,-0.0026750497711823754,-0.004151488208507625,29.669018115042782,152.52509367812908,501.01816161236223,6877.748670967874,0.0007807404111108374,52.988941069881754,356.2156339165188,82.86077904040421,315.0419715772383
15 Jul 2026 19:43:00.000000000,5301.724278079151,2408.554331960684,3652.1643308054668,-4.83434492298931,3.7487363302820658,4.537918802039241,-0.006500256609322566,-0.002956670656605618,-0.004495176252307746,32.39224984793693,155.38806361352783,501.6632085915972,6876.945818864499,0.0007150041744409363,52.98641548565141,356.21299765115066,90.3984353890883,311.31530015286245
15 Jul 2026 19:44:00.000000000,5000.176190813301,2627.9972720683077,3916.1552929465233,-5.2135463237911885,3.5633481544888213,4.258557266232316,-0.006128971825637009,-0.003225114313769835,-0.004818806424142132,35.03273658140036,158.44015576081017,502.329008005347,6876.1313935497255,0.0006461392571126452,52.98385211809831,356.20993820297764,98.53692211814985,306.98810107633767
15 Jul 2026 19:45:00.000000000,4676.5603828446,2835.841939808127,4162.814388270376,-5.569667638010722,3.36227090895894,3.9604043715807062,-0.005730762219358589,-0.0034792112797173386,-0.005120970860989973,37.576363356157685,161.70701079802419,503.0023883299305,6875.3198022388715,0.000575902700041258,52.98129613122952,356.20645300871087,107.44561178692386,301.89099149510946
15 Jul 2026 19:46:00.000000000,4332.309094684422,3031.1734713105902,4391.053556232967,-5.9011458891391975,3.146398220852314,3.6447871169945807,-0.005307426077468838,-0.003717860813524289,-0.005400363280393927,40.00693516640432,165.21522703744716,503.6702016788635,6874.525395804243,0.0005062061913028473,52.97879256540411,356.20254703514775,117.35895750855306,295.7895043038928
15 Jul 2026 19:47:00.000000000,3968.9450460896205,3213.1325605730267,4599.866647824806,-6.2065290718577435,2.916687636536417,3.313107771324626,-0.004860864269813933,-0.003940034842131047,-0.005655783415172976,42.30594432706199,168.99135993483867,504.319561148971,6873.762214748454,0.00043917530506008693,52.976385539841004,356.1982326929449,128.59990986281932,288.3606713207948
15 Jul 2026 19:48:00.000000000,3588.074598181832,3380.919161579028,4788.333748513831,-6.484482024442634,2.674156157405072,2.966837398258665,-0.0043930706634398055,-0.0041447814073152,-0.005886140773743427,44.452419104775664,173.06029385575596,504.93807162591094,6873.043741210357,0.0003772488268202507,52.97411747120214,356.19352961836796,141.59713295947128,279.1758073710731
15 Jul 2026 19:49:00.000000000,3191.3805805390116,3533.7959166148885,4955.625106140184,-6.733791725603662,2.4198755828625806,2.6075091743306453,-0.0039061225352547842,-0.004331227643754323,-0.006090457773323391,46.422929364298064,177.4428220754519,505.5140500933131,6872.382661353083,0.0003232952843081765,52.972028322148766,356.1884643268233,156.8566625809708,267.72885234806535
15 Jul 2026 19:50:00.000000000,2780.6148178844655,3671.0913000090627,5101.004652423479,-6.9533720178180785,2.1549676875575576,2.2367115360883734,-0.0034021710560827915,-0.004498582327355231,-0.006267872304419753,48.19185128814134,-177.84765353078595,506.0367317581017,6871.790642261935,0.0002806066109055339,52.97015489324387,356.1830697442924,174.78938806403977,253.6088895881814
15 Jul 2026 19:51:00.000000000,2357.5903905241394,3792.202468165015,5223.833108915863,-7.142267763133548,1.8805992573838413,1.8560811887111708,-0.002883431896271043,-0.004646138033781237,-0.006417639784038383,49.732009984166936,-172.80919910089912,506.496458622196,6871.278127192312,0.00025238692214214493,52.968530170805934,356.1773846249488,195.28119563330768,236.93000284419568
15 Jul 2026 19:52:00.000000000,1924.173662476926,3896.5978080516957,5323.570669960162,-7.299658439874239,1.5979770062623841,1.467296004824413,-0.0023521759911336293,-0.004773272956730426,-0.006539134766958195,51.01580713154251,-167.45575499019336,506.8848474857145,6870.854152660457,0.00024035996127042624,52.96718274232777,356.17145286528483,217.22722177518395,218.79702326294966
15 Jul 2026 19:53:00.000000000,1482.2761105034335,3983.8191776220415,5399.779256905164,-7.424861190299803,1.3083423928702262,1.0720678383258044,-0.0018107204779037778,-0.0048794524272286225,-0.006631852171054734,52.016876819460194,-161.82096684142704,507.19493475214324,6870.5261904709405,0.0002432888977583818,52.96613628987156,356.1653227269369,238.83011578452715,201.00726722996694
15 Jul 2026 19:54:00.000000000,1033.8459866706207,4053.4838326715476,5452.124339183104,-7.517333329615992,1.012966353842857,0.6721352744854785,-0.0012614198046646944,-0.00496423018095171,-0.006695408179395713,52.71218086309882,-155.9601313398988,507.421295812693,6870.300017332678,0.0002573347107984547,52.965409170460845,356.1590459820084,258.7228143778059,184.9277621810155
15 Jul 2026 19:55:00.000000000,580.8598464470879,4105.286035569806,5480.376319033469,-7.576674326123822,0.7131439674799778,0.26925633430747553,-0.0007066569912627564,-0.005027249410522587,-0.0067295408666398415,53.08427175803489,-149.94890138284129,507.5601372088902,6870.179614235927,0.00027812488988352715,52.9650140909398,356.15267699608023,276.55423776078186,170.90955098588495
15 Jul 2026 19:56:00.000000000,125.31397376895103,4138.998342070551,5484.411477641978,-7.602627260779564,0.41018905982395687,-0.1347988516039925,-0.0001488350109102132,-0.005068243635262845,-0.006734110590299674,53.123284749192145,-143.8780083516612,507.60936020486406,6870.167097256102,0.000302354395219455,52.964957883082725,356.1462717652376,292.63511614157125,158.64186590628393
15 Jul 2026 19:57:00.000000000,-330.7842659272262,4154.472563061669,5464.212481299891,-7.595079772200385,0.10542876325514526,-0.5382553865411921,0.00040963174961495825,-0.005087037415330711,-0.006709100179041233,52.82817300318039,-137.84451626468785,507.56859483914957,6870.262680922096,0.0003281460369734325,52.96524138294638,356.139886924219,307.4434441680332,147.64667464135198
15 Jul 2026 19:58:00.000000000,-785.4251139910556,4151.640398684126,5419.868446917556,-7.554064490385183,-0.19980196346277432,-0.9393409567775861,0.0009663260010868798,-0.005083546921973016,-0.006654614929259225,52.20684370188095,-131.9414973290015,507.4392039677672,6870.464674744293,0.00035478071310209865,52.96585941659732,356.1335787433743,321.383304207756,137.51985753465308
15 Jul 2026 19:59:00.000000000,-1236.6051176158833,4130.513742758798,5351.5745668860845,-7.479758959335319,-0.50416584540906,-1.336293175085147,0.0015188360865457907,-0.005057780373082267,-0.006570882417443816,51.27515554333607,-126.24871077754656,507.2242572536855,6870.769512948968,0.00038231366097329857,52.96680089244573,356.12740213219,334.72491902783446,127.99115537807576
15 Jul 2026 20:00:00.000000000,-1682.3358088566063,4091.1846559535647,5259.63129395951,-7.372485045624823,-0.8063288236319769,-1.7273669070914286,0.002064764591506102,-0.005009838325796824,-0.0064582521126718756,50.055060198086714,-120.82642244755576,506.928475501063,6871.1718169163505,0.0004112348756382666,52.96804899851591,356.1214096671948,347.61402164256333,118.91480003560362
15 Jul 2026 20:01:00.000000000,-2120.6523328001526,4033.8250066329706,5144.443087504634,-7.232707826949376,-1.1049656003642192,-2.11084156805381,0.0026017370768000327,-0.004939913811931357,-0.006317194765956902,48.57235836954477,-115.71321632106809,506.55814617387756,6871.6644892773065,0.0004421879710770245,52.9695815011112,356.1156506614386,0.1006935190369038,110.2406766906934
15 Jul 2026 20:02:00.000000000,-2549.6219933711873,3958.685778895385,5006.516723282371,-7.061033952093584,-1.398765187145138,-2.4850283755395344,0.0031274109735695884,-0.0048482922923738575,-0.006148301541024893,46.85453433093391,-110.92730028870476,506.12101137652866,6872.238838095167,0.00047574334983080684,52.971371139524734,356.1101702921306,12.172413134294906,101.98127571540546
15 Jul 2026 20:03:00.000000000,-2967.352684806454,3866.096047960872,4846.459169841478,-6.858209461736071,-1.6864364439986352,-2.848277541111859,0.0036394846669893185,-0.004735351395030521,-0.00595228283685218,44.928984303390045,-106.4700273351354,505.626130005396,6872.884729050108,0.0005122317022480451,52.97338610973904,356.1050088018395,23.785888645707338,94.17986039310951
15 Jul 2026 20:04:00.000000000,-3372.001176100366,3756.46162384327,4664.975035713111,-6.625117058287746,-1.9667135955811987,-3.198985381007205,0.004135706782168375,-0.004601560397304797,-0.005729966748728606,42.821766776850154,-102.33026657836066,505.0837162023146,6873.590763064327,0.0005516466502111122,52.975590628475494,356.10020078748164,34.89345060943093,86.88407455360156
15 Jul 2026 20:05:00.000000000,-3761.7812149863043,3630.2633651634433,4462.863592899455,-6.362772812670074,-2.23836170762078,-3.5356013223260634,0.004613885668325422,-0.004447479407427757,-0.005482297107317819,40.55685596399311,-98.48861148606557,504.50495664821347,6874.344476359496,0.0005936161648590034,52.977945567531094,356.09577458962,45.46067613559767,80.12831872639316
15 Jul 2026 20:06:00.000000000,-4134.971417300344,3488.0551660411147,4241.015383676798,-6.072322296699541,-2.500182104150412,-3.8566347775644725,0.005071899058474326,-0.00427375819522575,-0.005210331032081748,38.155800517053414,-94.92087919236138,503.9018096220674,6875.132559536329,0.0006374294557625855,52.98040914709723,356.09175179289144,55.47439819121822,73.92574109637599
15 Jul 2026 20:07:00.000000000,-4489.922906928592,3330.461620264752,4000.4084194877014,-5.75503613162239,-2.7510177030960374,-4.160661856580256,0.005507703865389519,-0.0040811346252580556,-0.004915235940016751,35.63766799954447,-91.60073124204939,503.2867891094616,6875.941091912909,0.0006820984167334816,52.9829376757164,356.0881468463063,64.94295604379577,68.26798726492015
15 Jul 2026 20:08:00.000000000,-4825.066671052843,3158.175368368729,3742.1039826758183,-5.412304946352472,-2.9897582448861404,-4.446331881508127,0.005919346052014004,-0.003870432642760996,-0.004598285949623743,33.01916776265091,-88.50147187191152,502.67273756757436,6876.755787063253,0.0007264333196545492,52.98548632371654,356.0849668101164,73.89189963874867,63.12949602027323
15 Jul 2026 20:09:00.000000000,-5138.920595133335,2971.9541348555895,3467.2420440012743,-5.045633743081475,-3.2153453860216903,-4.712373666905698,0.0063049705008573495,-0.003642559771417289,-0.004260857632711932,30.31487021413888,-85.59717821707757,502.07259123034294,6877.562245267585,0.0007691183536777276,52.98800991638216,356.0822112336172,82.35813816314547,58.47335086270575
15 Jul 2026 20:10:00.000000000,-5430.096142079765,2772.617464559504,3177.03631123753,-4.656635673068053,-3.426777627148714,-4.957601524707338,0.006662830787051475,-0.003398504084987822,-0.0039044250725604563,27.537466508624846,-82.86333515483933,501.4991420586238,6878.346208426286,0.0008087794404384297,52.9904637327877,356.0798721659485,90.38447353786201,54.256746541259965
15 Jul 2026 20:11:00.000000000,-5697.304640408503,2561.0431690415026,2872.768926657259,-4.247025231455035,-3.6231150432273416,-5.180920951547029,0.006991298748441461,-0.0031393306256552677,-0.0035305542025058714,24.698033986669508,-80.27712687327707,500.964800595178,6879.093812906988,0.0008440418545216228,52.99280429613517,356.0779342995738,98.01538160070658,50.4352078395076
15 Jul 2026 20:12:00.000000000,-5939.363146929379,2338.1634958946424,2555.784833808202,-3.8186108867300272,-3.8034837820235716,-5.381333954833877,0.007288873735644462,-0.0028661772519379225,-0.0031408964132637893,21.806288046430762,-77.81750377753016,500.48136406428125,6879.791835793258,0.0008735779827895026,52.99499014160818,356.0763752437939,105.2941779447913,46.96542364706561
15 Jul 2026 20:13:00.000000000,-6155.199850666041,2104.9610358942914,2227.485836619821,-3.3732871677556577,-3.9670802964437826,-5.55794397372182,0.0075541914137267465,-0.002580249909065251,-0.0027371814318462766,18.870811281150477,-75.4651103669458,500.059794051857,6880.427930086117,0.0008961466261037763,52.99698254817191,356.07516592334014,112.26135406646645,43.80691066452248
15 Jul 2026 20:14:00.000000000,-6343.858986330755,1862.4643850058692,1889.3243764950882,-2.913026238909212,-4.113175276273218,-5.709960351896962,0.007786031992428986,-0.0022828173315235034,-0.002321209496516299,15.899256962297372,-73.2021324735904,499.7100080080907,6880.990844578377,0.0009106253505577535,52.99874622140662,356.0742710948578,118.95376948851765,40.922821079029085
15 Jul 2026 20:15:00.000000000,-6504.505227751652,1611.7435803100593,1542.7970555725026,-2.439869001546646,-4.241117245714541,-5.8367023209424564,0.007983327753326474,-0.00197520519632403,-0.0018948428650647023,12.898527532108673,-71.01210175788435,499.4406886265718,6881.470624374673,0.0009160371013352349,53.000249915348235,356.07364997201597,125.40441055875085,38.28018351429429
15 Jul 2026 20:16:00.000000000,-6636.427534182016,1353.9053308733148,1189.4379367308304,-1.9559157674912482,-4.3503357947670205,-5.937602455931152,0.008145169754558214,-0.001658789762350136,-0.001459996714631366,9.874930657906853,-68.87968081956794,499.2591148706948,6881.85878836532,0.0009115719160885524,53.001466982406136,356.0732569481371,131.64249458318218,35.84979860044004
15 Jul 2026 20:17:00.000000000,-6739.04242538485,1090.0880664512877,830.8116530851798,-1.463316557299394,-4.440344414920134,-6.012209568802122,0.00827081360076064,-0.0013349910427786938,-0.001018629506042005,6.83431627406169,-66.79044238696045,499.1710180420379,6882.1484803734475,0.0008966042519225561,53.00237584171694,356.0730424034364,137.69376835491138,33.60594010806938
15 Jul 2026 20:18:00.000000000,-6811.89666475482,821.4568285873477,468.5063616348774,-0.9642610824201281,-4.5107429128318595,-6.060191009916755,0.00835968417701502,-0.0010052655693907919,-0.0005727329003355261,3.7821983437294704,-64.73064952582284,499.1804658224481,6882.334591176064,0.0008707062090027658,53.00296035774781,356.07295358253697,143.58090872911558,31.525954002193437
15 Jul 2026 20:19:00.000000000,-6854.669333458319,549.198030134352,104.12657732192443,-0.460968475837922,-4.561219379536244,-6.081334353849253,0.008411379268002468,-0.000671098819354032,-0.00012432132859060982,0.7238650926778031,-62.6870396360573,499.289776680728,6882.413849140518,0.0008336567901126734,53.00321012256078,356.0729355267308,149.32397886177813,29.58980180499544
15 Jul 2026 20:20:00.000000000,-6867.173282584555,274.5141104462785,-260.71407501087157,0.04432315982983338,-4.5915516971858015,-6.075548451800913,0.00842567199577813,-0.00033399738244212766,0.0003245786752636178,-2.3355186288961223,-60.64661242766019,499.4994664295419,6882.384877807545,0.0007854472612510434,53.00312063685768,356.0729320444472,154.9409331035416,27.779555283111286
15 Jul 2026 20:21:00.000000000,-6849.355954535518,-1.3818855839151545,-624.400152423673,0.5493673146570257,-4.601608570263017,-6.042863839863647,0.008402512036900931,4.519045512223022e-06,0.0007719392610618895,-5.390813315226501,-58.59642057374685,499.8082280631609,6882.248219377227,0.0007262826546133081,53.002693386718576,356.0728867028125,160.44820861345138,26.078804401944673
15 Jul 2026 20:22:00.000000000,-6801.299569264599,-277.271775839241,-985.3216906897266,1.0519196702388764,-4.591350073454961,-5.983432499509196,0.008342025601062751,0.00034292575355628405,0.001215742048085382,-8.436807642683991,-56.52336100784424,500.2129453206457,6882.006323702045,0.000656579467016727,53.00193581478626,356.07274382278996,165.86151919420396,24.471863052929834
15 Jul 2026 20:23:00.000000000,-6723.220675418171,-551.9377275434318,-1341.8814673565873,1.5497486607196904,-4.560827713824573,-5.897526973940863,0.008244514173672673,0.000679701099426155,0.0016539887885055479,-11.468118733760488,-54.4139647004544,500.70873972097576,6881.663503045161,0.0005769596442376566,53.00086118651078,356.0724494603881,171.1971491191139,22.942474791039718
15 Jul 2026 20:24:00.000000000,-6615.469070860201,-824.1677329930778,-1692.5021927377184,2.0406459227421867,-4.51018401038007,-5.78553885111133,0.008110452058404695,0.0010133344960306585,0.0020847117921181093,-14.479086359552069,-52.25418318436144,501.2890501262138,6881.22585350952,0.0004882410050499957,52.999488353911275,356.0719523566478,176.47457280636922,21.471192734388904
15 Jul 2026 20:25:00.000000000,-6478.526101379806,-1092.7610457370952,-2035.6335913695575,2.5224365634767545,-4.43965159947787,-5.647976631076872,0.00794048276175159,0.0013423342133425885,0.002505984000103192,-17.46365749780562,-50.029171196230465,501.94574322598794,6880.701144667858,0.000391424377095473,52.99784142110976,356.07120483976735,181.7230801554078,20.028753818330088
15 Jul 2026 20:26:00.000000000,-6313.002350520537,-1356.5335491327241,-2369.7593377093053,2.992989179600774,-4.349551879549602,-5.485463001737936,0.007735414301570733,0.0016652349150430143,0.0029159286081811924,-20.41525755662982,-47.72306680232119,502.6692527190726,6880.098679512369,0.0002876780745207031,52.99594931761104,356.0701636635162,187.00345398411997,18.554400972151797
15 Jul 2026 20:27:00.000000000,-6119.6347373485505,-1614.323030171156,-2693.4038114623754,3.450225565011747,-4.240293213273691,-5.29873155272919,0.0074962135241225525,0.001980604856800065,0.0033127281493925374,-23.326644529147202,-45.31877368867395,503.4487444122529,6879.429127383085,0.00017832246072096156,52.99384528691287,356.06879076727415,192.5123812988816,16.85147149278422
15 Jul 2026 20:28:00.000000000,-5899.283042535329,-1864.9943326742416,-3005.138639849947,3.8921300509565007,-4.112368709398437,-5.088622962125422,0.007223999537366479,0.0022870526832692493,0.003694632962605932,-26.189742491710877,-42.79775554528914,504.27230397586123,6878.704333015021,6.485255928954681e-05,52.99156629950502,356.0670539443939,199.80311494984437,13.366735068881272
15 Jul 2026 20:29:00.000000000,-5652.925886311308,-2107.444365408054,-3303.588996318856,4.316758428971174,-3.966353609856946,-4.85608069460131,0.006920036379519033,0.0025832337731190994,0.004059968989768651,-28.995451417466857,-40.139860540177466,505.1271436995397,6877.93710525597,5.164657014151978e-05,52.989152400630296,356.0649274072482,16.38364819709029,200.59221893478949
15 Jul 2026 20:30:00.000000000,-5381.656184608046,-2340.6069422813753,-3587.439627599971,4.722246414312657,-3.8029023105216355,-4.602146252636958,0.006585725043781102,0.0028678560923876993,0.004407144859851102,-31.733431604080106,-37.3232059086009,505.9998242876313,6877.140989344536,0.00016875211946069273,52.986646004309556,356.0623922391133,24.447787303594534,196.33413504284854
15 Jul 2026 20:31:00.000000000,-5086.676112026264,-2563.4574335568636,-3855.440583566397,5.10681761517245,-3.6227450458748605,-4.3279540242565036,0.006222594992252568,0.00313968553213816,0.004734658239156647,-34.39186366267099,-34.32416998820545,506.87648752362503,6876.330026894609,0.0002853163111100134,52.98409114606006,356.05943672503764,29.835118655428445,194.75291275709804
15 Jul 2026 20:32:00.000000000,-4769.291602122265,-2775.0172088592426,-4106.412626980226,5.468790980664122,-3.4266842689958583,-4.034725771606979,0.005832295283133281,0.003397550717509972,0.005041101441774939,-36.95718979824704,-31.11756273685054,507.74309551701833,6875.518507906878,0.0003995721666271038,52.981532707447,356.05605655598333,34.845891368334094,193.5483161119162
15 Jul 2026 20:33:00.000000000,-4430.906416906742,-2974.357854659662,-4339.252302870842,5.806587708097589,-3.2155907585957477,-3.723764804467388,0.0054165854345120945,0.0036403472892085377,0.005325166312281525,-39.41385013253021,-27.677075938429077,508.58567222054535,6874.7207192206,0.0005098365461555704,52.97901562608542,356.0522549027479,39.712031694661874,192.48842932330672
15 Jul 2026 20:34:00.000000000,-4073.0158184141096,-3160.6051508041405,-4552.93664990295,6.118737597165531,-2.9903994844102164,-3.396449881590882,0.004977326140176351,0.0038670416715460365,0.005585648409627526,-41.74404037593824,-23.97614813934647,509.3905429640209,6873.950693828542,0.0006144694212776677,52.97658410495234,356.0480423584337,44.49681375398351,191.509986030245
15 Jul 2026 20:35:00.000000000,-3697.1998757448378,-3332.9427925052546,-4746.527538618773,6.403884845165415,-2.75210526113483,-3.05422888072121,0.004516469940558494,0.004076674353129064,0.005821450535966594,-43.92753535187783,-19.98940809683415,510.14456788597477,6873.221965411133,0.0007118970202414402,52.974280834869646,356.0434367505585,49.225463867282244,190.58776498599252
15 Jul 2026 20:36:00.000000000,-3305.11644117055,-3490.615845970568,-4919.175623814492,6.66079328305218,-2.501758219369138,-2.6986122753350172,0.004036051910101759,0.004268362689616295,0.006031585628375571,-45.94164666917207,-15.694865027672696,510.83536534544174,6872.547332304985,0.0008006377668141677,52.97214624377673,356.0384628261469,53.910469748250705,189.709280944661
15 Jul 2026 20:37:00.000000000,-2898.493828775494,-3632.933927479235,-5070.123900500808,6.888351056822892,-2.240459119825609,-2.3311664528086706,0.003538180514216707,0.00444130334506622,0.006215179181912376,-47.76140921458388,-11.076960789279763,511.4515216546764,6871.938634912948,0.0008793273790530894,52.970217785935425,356.03315181537863,58.55889158645571,188.86747370599238
15 Jul 2026 20:38:00.000000000,-2479.1232286526915,-3759.2740972400134,-5198.710854905615,7.085574762413881,-1.9693545344270504,-1.9535069048784934,0.003025028544173519,0.0045947742878827275,0.006371471084482535,-49.36011147347448,-6.130442496277173,511.982783777923,6871.406550293105,0.0009467422127711473,52.96852928350544,356.0275408814859,63.175005096865036,188.05806524135107
15 Jul 2026 20:39:00.000000000,-2048.850889236612,-3869.083460646227,-5304.373203667422,7.25161304470475,-1.6896319151846064,-1.567291317409518,0.00249882430676697,0.004728136521034495,0.006499817118016972,-50.71028245570018,-0.8647139812331204,512.4202319829556,6870.9604073411465,0.001001820340625842,52.967110332008154,356.0216724665611,67.76138959746832,187.27847183455899
15 Jul 2026 20:40:00.000000000,-1609.570099512317,-3961.881470765508,-5386.648215937536,7.385749672661683,-1.4025145687441263,-1.1742125823571996,0.0019618429924962116,0.004840835513894813,0.0065996900760139495,-51.78520017050858,4.692108021347748,512.7564298016755,6870.608025609521,0.0010436799788859602,52.96598578007834,356.01559354474415,72.3193912668799,186.5273410817481
15 Jul 2026 20:41:00.000000000,-1163.2130022048523,-4037.2619268522967,-5445.175614330156,7.4874061028016055,-1.10925655169904,-0.7759917510814549,0.0014163982481642332,0.00493240241127826,0.006670680600345007,-52.56087384144134,10.490644959276814,512.985549046079,6870.355580396703,0.0010716349444569902,52.965175292602964,356.0093547959015,76.84928417797,185.8043911485607
15 Jul 2026 20:42:00.000000000,-711.7422682948618,-4094.894664510324,-5479.699051720992,7.55614354235146,-0.8111374990875162,-0.37437094466906795,0.0008648339257065987,0.0050024550553562945,0.006712497782327061,-53.01828018350951,16.4605960289256,513.1034680301307,6870.207496296454,0.0010852068874546092,52.96469300489166,356.00300971426503,81.35024511365137,185.11043627274904
15 Jul 2026 20:43:00.000000000,-257.1426625743686,-4134.5269338047865,-5490.067161738132,7.591664521712043,-0.5094573961606254,0.028893766026045268,0.0003095159719369527,0.005050698857295005,0.006724969573965897,-53.14545626031637,22.514927903982674,513.1078415617491,6870.166370926803,0.0010841341101144562,52.96454727393359,355.9966136676333,85.82017075888966,184.44756991171556
15 Jul 2026 20:44:00.000000000,198.58747055917564,-4155.984462172595,-5476.234181474122,7.593813983309413,-0.20553130159909497,0.43203950022510734,-0.0002471755887072399,0.005076927545817959,0.006708043041218455,-52.93896423390111,28.55777236580328,512.9981416884556,6870.232930068993,0.0010683768556065064,52.96474053110256,355.9902229236192,90.25531301727032,183.81952977993382
15 Jul 2026 20:45:00.000000000,653.4447722171827,-4159.172199427078,-5438.260145512685,7.56257989080866,0.09931597102593269,0.8333037181080519,-0.0008028546339213348,0.005081023810798222,0.006661784478288237,-52.404333582724654,34.49448861119355,512.7756686032412,6870.406014942313,0.0010381190355833916,52.965269238902195,355.9838936599956,94.64965494598711,183.23232227546168
15 Jul 2026 20:46:00.000000000,1105.429456267897,-4144.074742537585,-5376.310650864822,7.4980933592019605,0.40375520749905136,1.230931374571952,-0.0013551369451255647,0.005062959849461425,0.00658637938753402,-51.55535357223369,40.241416625460765,512.4435315415167,6870.682601828192,0.0009937664731362792,52.96612395252924,355.97768097646554,98.99386877269046,182.6952648245627
15 Jul 2026 20:47:00.000000000,1552.553890034996,-4110.7564382208675,-5290.6561928715755,7.400628302668602,0.7064581771317415,1.6231820677133129,-0.0019016482911382918,0.005022797813095993,0.006482132316539202,-50.412417838633324,45.732985227038995,512.0065999256547,6871.057853742254,0.0009359418909074253,52.967289485202365,355.9716379251788,103.27354580196932,182.22275633052166
15 Jul 2026 20:48:00.000000000,1992.851139211481,-4059.3611617429888,-5181.671072661315,7.270600593619651,1.0061030404066722,2.00833717266844,-0.0024400326495557334,0.004960690139066319,0.00634946652684942,-49.00035485674398,50.924951798744424,511.4714254385149,6871.525203339979,0.0008654771281485765,52.968745174393625,355.965814576974,107.46607192114091,181.8374020088224
15 Jul 2026 20:49:00.000000000,2424.3834474959103,-3990.1117707471344,-5049.8318773297715,7.108566723161628,1.3013797726806733,2.3847069498527538,-0.0029679606153441866,0.004876879746749537,0.006188923461140937,-47.346222012342345,55.793943066087444,510.84613613116863,6872.076465737903,0.0007834035686426825,52.970465244334704,355.9602571397547,111.5348053034762,181.57583600463158
15 Jul 2026 20:50:00.000000000,2845.2506206509024,-3903.3092334190005,-4895.715534748652,6.915221950605774,1.5909955947204644,2.7506376139903854,-0.0034831380327093333,0.00477170005995065,0.006001161955543968,-45.47742285444804,60.33442300104693,510.1403040905333,6872.701979442599,0.0006909429107419121,52.97241925848628,355.9550071444413,115.41743076627958,181.50036732853613
15 Jul 2026 20:51:00.000000000,3253.5982839146177,-3799.3314309172933,-4719.996945812812,6.691397927785847,1.8736803986430657,3.104518347198751,-0.00398331487640071,0.004645574820158155,0.005786957147064185,-43.42032312293549,64.55447150930623,509.36478860709775,6873.390773110355,0.0005895035081708049,52.974572654082195,355.95010071285253,119.00041674280088,181.7245231456991
15 Jul 2026 20:52:00.000000000,3647.625980800568,-3678.6316347609554,-4523.44619804552,6.438059782998269,2.1481921551645144,3.444788235761183,-0.004466294387243102,0.004499017638320654,0.005547199005997754,-41.19938048207453,68.47149410309385,508.5315571877877,6874.13075541848,0.00048069737071120857,52.9768873494182,355.9455679203611,122.05564736720524,182.47641691399028
15 Jul 2026 20:53:00.000000000,4025.595080395059,-3541.7366607953454,-4306.925365829498,6.15630264948179,2.4133222850893605,3.7699431062611835,-0.004929942452245966,0.004332631236474166,0.00528289042946544,-38.836706348014935,72.10852652287487,507.65348714838774,6874.908924920742,0.00036643155055213905,52.97932241327467,355.94143226460545,124.05362632786016,184.28554471120287
15 Jul 2026 20:54:00.000000000,4385.836459389193,-3389.2447024757507,-4071.384904116422,5.84734762458518,2.667900974818538,4.078542232680728,-0.005372197198854324,0.004147106325590196,0.004995144827587949,-36.351943316327,75.4913910068806,506.7441508876473,6875.711596392721,0.00024933140861312016,52.98183478476545,355.93771024963013,123.44958567812232,188.69667655840976
15 Jul 2026 20:55:00.000000000,4726.757924309831,-3221.8228475133037,-3817.8596443054466,5.512537148184763,2.910802412457058,4.369214882040554,-0.005791078751280735,0.00394322006503398,0.0046851831348311505,-33.76234672548295,78.64669671700734,505.8175882830119,6876.524639854274,0.00013550730662678244,52.98438003100844,355.93441109285925,113.49710608201967,202.45623625907461
15 Jul 2026 20:56:00.000000000,5046.851338830669,-3040.204283425246,-3547.464403049433,5.153329792492634,3.1409499180121503,4.640666662402822,-0.006184699083200254,0.003721834057234593,0.004354330191071686,-31.082981830659207,81.60054906735809,504.8880699463919,6877.333728193727,6.96088021785049e-05,52.986913129338205,355.9315365601286,52.68064598770288,267.07977225898946
15 Jul 2026 20:57:00.000000000,5344.699420711978,-2845.185199203863,-3261.3892170296667,4.771294460087715,3.3573209383372875,4.891685633741533,-0.006551271875227061,0.0034838918293675332,0.00400401043744493,-28.326974345095547,84.3777970216154,503.9698553280085,6878.124589119246,0.00014793428957792252,52.989389260333326,355.92908093179364,1.4509925462636253,322.11650670832904
15 Jul 2026 20:58:00.000000000,5618.982172894886,-2637.621392154476,-2960.894219203171,4.368103992708814,3.5589518750276894,5.121148139491865,-0.006889122278401155,0.0032304157685644065,0.003635742892074332,-25.50577469407641,87.00166012379655,503.076949846429,6878.883257033024,0.0002608529233011965,52.99176459772521,355.9270311006174,353.65820717919,333.71638982238295
15 Jul 2026 20:59:00.000000000,5868.482913628915,-2418.4245909179012,-2647.3041746240688,3.9455281999179577,3.7449427115479232,5.328024314676257,-0.0071966964654280275,0.002962503481718875,0.0032511353788686526,-22.629413124511274,89.493608237932,502.2228653432175,6879.596320369651,0.00037456232711576123,52.99399708129119,355.9253667998396,353.6634793003547,337.5182460358864
15 Jul 2026 21:00:00.000000000,6092.093871277618,-2188.5585077595624,-2322.0026966235328,3.5054263239969576,3.9144614045754498,5.511383225497865,-0.007472570843696121,0.0026813235643760383,0.0028518780012165637,-19.70673417720989,91.87340044559483,501.4203882022387,6880.251159965899,0.0004839707048721157,52.996047159114276,355.92406095751335,356.01218252973734,338.9767176155242
15 Jul 2026 21:01:00.000000000,6288.821310665791,-1949.0346353258667,-1986.4261668452427,3.049738965162127,4.066748003973002,5.670397595289072,-0.007715460802126715,0.002388110776995686,0.00243973587088669,-16.745606169742533,94.15921829356613,500.68135942838,6880.836174138217,0.0005867849374013354,52.99787848611224,355.92308017101595,359.37456564868427,339.421573483491
15 Jul 2026 21:02:00.000000000,6457.790159521368,-1700.907805202278,-1642.057385304042,2.580479499130638,4.201118466015313,5.804348072770153,-0.007924228853754081,0.0020841606370414845,0.00201654111687007,-13.753105526783106,96.367850707463,500.01647084279546,6881.340986337361,0.000681381568148694,52.999458566487554,355.92238529348015,3.2806015688589802,339.32285998358
15 Jul 2026 21:03:00.000000000,6598.24810572551,-1445.2715277092123,-1290.4189792175198,2.09972502701262,4.316968125529942,5.9126270007249495,-0.008097892048427193,0.0017708234531307952,0.0015841842213703498,-10.735678067973096,98.51490382457695,499.43508131850837,6881.756631526556,0.0007664549491590744,53.000759328720264,355.92193212190654,7.525688351260591,338.8851995578012
15 Jul 2026 21:04:00.000000000,6709.569138721602,-1183.2531343724727,-933.0666017658298,1.6096069051447466,4.413774794485162,5.994741646432776,-0.008235628528770599,0.001449497838122836,0.0011446047442815797,-7.699280467559169,100.61501997418083,498.9450566523788,6882.075717787575,0.0008409358494157858,53.00175762289608,355.9216721749596,12.00908098282827,338.20935863121645
15 Jul 2026 21:05:00.000000000,6791.256511501712,-916.0087463903271,-571.5819541252588,1.112300909617061,4.491101457227317,6.050316859440353,-0.00833678311636715,0.0011216237525481997,0.0006997815153578352,-4.649505536234782,102.68209733829757,498.5526362494771,6882.292560091497,0.0009039724308478541,53.00243563151678,355.9215535467724,16.677802315296038,337.3483363061505
15 Jul 2026 21:06:00.000000000,6842.945103069022,-644.718094101441,-207.56566602448393,0.6100170965980687,4.548598536004345,6.079097127429641,-0.008400871833416632,0.000788675142127263,0.0002517223879743755,-1.5916950622839456,104.72950654666761,498.2623292926398,6882.4032836723545,0.000954928329932414,53.00278118645174,355.92152182180536,21.503758630338307,336.33024840812675
15 Jul 2026 21:07:00.000000000,6864.403165100983,-370.5792139275113,157.36992836114243,0.10498942494462436,4.586005704513535,6.080948006906357,-0.008427585273969928,0.000452152241903258,-0.0001975463410434093,1.468956119041296,106.77030341323778,498.076842493701,6882.405895000783,0.0009933848529892805,53.00278798633767,355.9215210346369,26.47331740711543,335.1687493142987
15 Jul 2026 21:08:00.000000000,6855.53344065224,-94.80305046462907,521.608081160804,-0.4005347881886718,4.603153231883342,6.055856912040922,-0.008416790770681444,0.0001135736298793843,-0.0006459907302025853,4.5273012674984106,108.81743877708523,497.99704088743505,6882.300318960255,0.0010191427865068503,53.00245571048203,355.9214946577903,31.58222503314283,333.86811383059916
15 Jul 2026 21:09:00.000000000,6816.373647066308,181.39200769599347,883.5349494076148,-0.9043055051079509,4.599962844611603,6.003933252061598,-0.008368533316399212,-0.00022553188227007577,-0.0010915800906812214,7.578144616023879,110.88396733410055,498.0219424526215,6882.088401467997,0.0010322220678096695,53.001790027151756,355.92138660014535,36.83308374982397,332.4257598336833
15 Jul 2026 21:10:00.000000000,6747.096319727341,456.7856292479134,1241.54690232637,-1.4040806235432404,4.57644809939157,5.925407914926639,-0.008283035227298749,-0.0005636334294427485,-0.0015322978587112139,10.616142539900329,112.98325763932503,498.14874664437167,6881.7738774404625,0.001032858618981799,53.00080249599437,355.9211421982961,42.23420139073915,330.83339812701956
15 Jul 2026 21:11:00.000000000,6648.008017796182,730.1610491195282,1594.0577782318778,-1.8976365755718352,4.532714265309608,5.820632102383317,-0.008160694561672772,-0.0008992062513641832,-0.001966152321092417,13.63569953676375,115.12920518887734,498.37289621915426,6881.3623046660805,0.0010214981390978184,52.999510366213634,355.9207091832984,47.79928660777255,329.07733682345406
15 Jul 2026 21:12:00.000000000,6519.547897550671,1000.310555740686,1939.5060524745165,-2.382778795617617,4.468957719433318,5.690075528745969,-0.008002082324681404,-0.001230739737771396,-0.0023911870754918987,16.63085544637302,117.33644959180478,498.68817104769016,6880.860964798449,0.000998786938690974,52.99793627397206,355.9200386056942,53.547769969111265,327.1381598774201
15 Jul 2026 21:13:00.000000000,6362.285663306708,1266.0409276656017,2276.3618788070353,-2.857351986385711,4.38546486517289,5.534324002589553,-0.007807938520045788,-0.0015567452735168,-0.0028054911158190074,19.595160223203063,119.62059511561473,499.0868119615426,6880.27873330901,0.0009655601240229994,52.99610784428534,355.91908570232624,59.50570081345781,324.98982988934307
15 Jul 2026 21:14:00.000000000,6176.918910049354,1526.178791323344,2603.1339678782433,-3.3192501156407994,4.28261058783004,5.354076416869043,-0.007579167123183975,-0.0018757638031275169,-0.0032072084425659566,22.521532496888106,121.99843097071795,499.5596720835975,6879.625920822884,0.0009228276646587341,52.99405720437633,355.9178106896047,65.70729024009746,322.59814480904697
15 Jul 2026 21:15:00.000000000,5964.269875785379,1779.5758726570818,2918.376268247185,-3.766426081907094,4.160856266324423,5.150141178571119,-0.0073168300724507675,-0.0021863730433107466,-0.003594547112058523,25.402098228396383,124.48814302014723,500.0963925659622,6878.9140887938365,0.0008717591585958172,52.991820417038404,355.9161794690461,72.19728771481039,319.9183610640459
15 Jul 2026 21:16:00.000000000,5725.2816251702225,2025.1141166872326,3220.6944173139473,-4.196900993317331,4.020747364072487,4.9234321137387616,-0.0070221403882498945,-0.0024871942828133186,-0.003965787654141346,28.228006186719714,127.10950134332435,500.68559921394626,6878.15584294319,0.0008136685087457868,52.9894368439905,355.91416423253065,79.0345243172381,316.89165009232505
15 Jul 2026 21:17:00.000000000,5461.01368911736,2261.7106505088227,3508.7519318222667,-4.608773010717059,3.862910625304691,4.674963887474334,-0.006696454536590039,-0.002776898719717532,-0.0043192908026191456,30.989218048824927,129.88399715358702,501.3151161191898,6877.364608282703,0.0007500003422862098,52.98694845046351,355.91174395642213,86.29715897142069,313.43985194233954
15 Jul 2026 21:18:00.000000000,5172.637187822479,2488.3225669007293,3781.2761100462703,-5.000225713524756,3.6880509056588364,4.405846981250352,-0.006341264167708156,-0.0030542133015258226,-0.004653504504331578,33.67427316426124,132.83488665973115,501.97219216459524,6876.5543898574315,0.0006823210027968476,52.984399063317746,355.90890477573646,94.0904497607822,309.45770384253757
15 Jul 2026 21:19:00.000000000,4861.429466908671,2703.9515075094505,4037.063620369338,-5.369535954489514,3.4969476676523437,4.117282271502583,-0.005958187354817694,-0.0033179260448720246,-0.004966970187397332,36.270032173239564,135.98707731395737,502.6437360996268,6875.739523576406,0.0006123185742618192,52.98183359582946,355.9056402316127,102.55822729152013,304.80136677914044
15 Jul 2026 21:20:00.000000000,4528.768278213156,2907.648026442037,4274.9857536263535,-5.715081177125705,3.290451172594327,3.8105552540605614,-0.005548959458401389,-0.0035668908250216466,-0.0052583282870052265,38.76141076465081,139.36676300472269,503.3165558146535,6874.934421643209,0.0005418189494332552,52.97929725289465,355.90195138761015,111.89948322727358,299.27183696100167
15 Jul 2026 21:21:00.000000000,4176.125538095475,3098.5157170080333,4493.9933192549515,-6.035346176991459,3.0694784006719384,3.4870299585271542,-0.005115423738385477,-0.003800031640169313,-0.005526323046538087,41.13112619576665,143.00068091908204,503.9775974628339,6874.153317157427,0.0004728283603051353,52.97683473075791,355.8978468126733,122.39077102776541,292.5925451395532
15 Jul 2026 21:22:00.000000000,3805.0606970716262,3275.7150862462036,4693.121167923651,-6.328929294878873,2.8350087303779645,3.14814259533907,-0.004659521820253603,-0.004016346363744538,-0.005769806621255984,43.3594960119829,146.91483086396363,504.6141801805033,6873.410012430899,0.00040761469533301105,52.97448942548515,355.8933424310126,134.41052680966914,284.3850358652738
15 Jul 2026 21:23:00.000000000,3417.2137551133924,3438.467163706339,4871.492325818289,-6.594548036183068,2.588079407225254,2.7953949760481667,-0.004183284115979866,-0.0042149100131025925,-0.005987742531544028,45.42435111797154,151.13248390642363,505.21422233272904,6872.71763545441,0.00034882874645981505,52.97230266425386,355.88846124150643,148.444496594477,274.1635404145118
15 Jul 2026 21:24:00.000000000,3014.2979570982243,3586.0568327162878,5028.321728147774,-6.831044116072323,2.329780829887313,2.4303477444666965,-0.0036888202754504183,-0.0043948775650128795,-0.006179208513144673,47.301151951793955,155.67134112240538,505.76645545078975,6872.088408766983,0.00029960324707308433,52.9703129731368,355.88323291154563,165.00586105265637,261.41485227529574
15 Jul 2026 21:25:00.000000000,2598.0922028735376,3717.8358739518862,5162.919541564304,-7.037387934348213,2.0612516797359057,2.054613453039169,-0.0031783097358044714,-0.0045554863611784145,-0.006343398828123027,48.96342004727852,160.539829117799,506.26062232126156,6871.533434724665,0.00026337708462991573,52.96855539441276,355.8776932524792,184.33845517733442,245.8951077549228
15 Jul 2026 21:26:00.000000000,2170.43320587905,3833.225712680871,5274.694067229799,-7.212682487234252,1.7836739170930305,1.669849514970558,-0.00265399241052849,-0.00469605814636018,-0.00647962609716464,50.383603183938476,165.73278229830103,506.68765602358883,6871.062500848961,0.00024295065408456092,52.96706086555938,355.8718835859917,205.87601990121874,228.17053469237243
15 Jul 2026 21:27:00.000000000,1733.2074339431078,3931.7198622960705,5363.154217911878,-7.356166725307465,1.498267664930506,1.2777510590055305,-0.0021181595441542873,-0.004816000784361174,-0.006587322715898038,51.53445839885646,171.2271712853833,507.03983708350773,6870.683908561814,0.0002387650251364291,52.965855670987786,355.8658500126358,228.02207705842173,209.83757786803156
15 Jul 2026 21:28:00.000000000,1288.3428651439867,4012.8860579632424,5427.911564049063,-7.467218367844799,1.2062859979465541,0.8800437099215501,-0.0015731447406539937,-0.0049148096989739595,-0.006666041918724671,52.39094104965253,176.9790004006058,507.3109263061995,6870.404328192913,0.00024806621802199203,52.96496097628319,355.85964259550695,248.99467012191477,192.67815867456707
15 Jul 2026 21:29:00.000000000,837.8005910371058,4076.36807518816,5468.681944984601,-7.545356183733293,0.9090096523707328,0.47847631437337934,-0.0010213151535907016,-0.004992069078102975,-0.006715458540024242,52.932426551453425,-177.0772272407196,507.49627126790966,6870.22868268422,0.00026637349226987594,52.964392453243725,355.85331447356134,267.90643721406866,177.5796025449829
15 Jul 2026 21:30:00.000000000,383.5662989432345,4121.8872289588735,5485.286642650496,-7.590241748042456,0.6077416694871717,0.0748136286889057,-0.00046506281490987897,-0.005047452880802189,-0.006735369523463118,53.14490460382494,-171.02532443516958,507.5928848723912,6870.160061923616,0.0002896362227860642,52.964160002390265,355.8469209203936,284.81611998778595,164.48313053336148
15 Jul 2026 21:31:00.000000000,-72.35833550797778,4149.243549833121,5477.653115892673,-7.601680681481652,0.3038019839026766,-0.3291710172425545,9.320393617507879e-05,-0.005080725674241017,-0.006725694211787298,53.02266347281487,-164.96031729225584,507.59949481396797,6870.199669120803,0.0003152130301892549,52.964267577879404,355.8405183651561,300.18246516112254,152.92995825800423
15 Jul 2026 21:32:00.000000000,-527.9643147540769,4158.316633954792,5445.815294406475,-7.579623377457394,-0.0014780339244237653,-0.7317030676030105,0.0006510689695712833,-0.005091743320692394,-0.006686474439533748,52.5690226657179,-158.9786364491639,507.51656322964885,6870.346800103059,0.0003418184416646147,52.96471311792213,355.83416339308917,314.47599169366873,142.44952921095384
15 Jul 2026 21:33:00.000000000,-981.2440140118188,4149.06616451927,5389.913431940477,-7.524165218501711,-0.30676107234729993,-1.131014088440507,0.0012061168775280811,-0.005080453528943073,-0.006617874442858023,51.79590448339759,-153.16795368098147,507.34627626552214,6870.598855862419,0.00036914614915682523,52.9654885819284,355.8279117433798,328.04444026068126,132.69406577041062
15 Jul 2026 21:34:00.000000000,-1430.1998736283265,4121.532102703002,5310.19351909375,-7.435546280709864,-0.6107094021148718,-1.5253491043087761,0.0017559415373241956,-0.005046896265073041,-0.006520180574688659,50.72236813619574,-147.59917344211405,507.0925037260989,6870.951388135514,0.00039749503661169934,52.96658009369041,355.82181732225,341.09909924726776,123.45224368509602
15 Jul 2026 21:35:00.000000000,-1872.8530583911954,4075.834546573305,5207.006256692045,-7.314150521708336,-0.9119904204517193,-1.9129739119527167,0.0022981547737824953,-0.004991204018266857,-0.006393800814440802,49.37250295163886,-142.3221588130759,506.7607294178837,6871.398177250794,0.0004274582003985187,52.96796818802784,355.8159312487301,353.7385130295513,114.62548425686109
15 Jul 2026 21:36:00.000000000,-2307.2520525730247,4012.173257017147,5080.805591478455,-7.160504444837203,-1.2092822062130644,-2.2921823576089952,0.0028303951653640444,-0.004913601898425556,-0.006239264037068211,47.773171299061325,-137.36535255298244,506.35795323823703,6871.931340941236,0.00045966920972108653,52.96962815647164,355.8103009501416,5.980828430041617,106.1956083262004
15 Jul 2026 21:37:00.000000000,-2731.4811590527447,3930.826850335163,4932.146816703309,-6.975275229875917,-1.501279075277529,-2.661303562395626,0.0033503370274807916,-0.00481440753726252,-0.006057219000370746,45.95200512134557,-132.73832859522054,505.89256649594125,6872.541472300939,0.0004946042048592704,52.971530485801374,355.80496932327077,17.796728225822594,98.1919031751946
15 Jul 2026 21:38:00.000000000,-3143.668870187182,3832.1516578473925,4761.684241208187,-6.759268318975253,-1.7866971233589735,-3.0187090774342593,0.003855699594683529,-0.004694030757343277,-0.0058484330010428335,43.935880115049365,-128.4358771911221,505.374202376985,6873.217804567647,0.0005324479798282152,52.97364138159894,355.7999739761776,29.13893896603659,90.66161508479198
15 Jul 2026 21:39:00.000000000,-3541.9960773776743,3716.5802536988417,4570.168431795701,-6.513424445654289,-2.0642797410018896,-3.3628199470712543,0.004344256405507412,-0.0045529729633519405,-0.005613790138228941,41.749917036265565,-124.44239473849449,504.8135638849331,6873.948399950047,0.0005730295156314816,52.975923367473044,355.7953465640042,39.96461634539999,83.64756429376052
15 Jul 2026 21:40:00.000000000,-3924.704085534673,3584.619653043776,4358.443035088717,-6.238816094912001,-2.3328030828154733,-3.6921136549594324,0.004813844880276946,-0.004391826212131437,-0.005354289127616283,39.41694485490167,-120.73579235689961,504.2222319832494,6874.720359291484,0.000615820710228128,52.978335949268995,355.79111223054997,50.248405867480606,77.17508462032777
15 Jul 2026 21:41:00.000000000,-4290.102397949062,3436.8491839507483,4127.441186716306,-5.936643383776891,-2.5910814700977762,-4.005130924031708,0.005262376058448673,-0.004211271908401976,-0.0050710405988592085,36.95731170078286,-117.29057609159109,503.6124570416259,6875.520048983465,0.0006599809993447829,52.98083633243203,355.78728916544515,59.98664659791645,71.24781994195567
15 Jul 2026 21:42:00.000000000,-4636.576236489596,3273.9180377114794,3878.1815175293327,-5.608229354027754,-2.8379727030490534,-4.300482337709936,0.005687844446842894,-0.0040120790795510975,-0.004765263819143319,34.388927171603314,-114.08005627318167,502.9969370308659,6876.333341215628,0.0007044267545528977,52.98338017975809,355.7838882846957,69.19531434073689,65.84978119655253
15 Jul 2026 21:43:00.000000000,-4962.593761647811,3096.5425037508776,3611.763768627816,-5.255014672350263,-3.0723832559256494,-4.576854746259863,0.006088337911654275,-0.0037951021840739473,-0.0044382827893567605,31.727440166501676,-111.07780250445532,502.38858621270606,6877.145863384728,0.0007479077212278118,52.98592239606268,355.7809130401846,77.90488359204986,60.95048454829921
15 Jul 2026 21:44:00.000000000,-5266.712956798306,2905.502897017326,3329.364029255969,-4.878551737799349,-3.293273325875976,-4.83301741920324,0.006462047526908624,-0.003561278411442722,-0.004091521665549775,28.98648314803107,-108.25851460744826,501.80029832220134,6877.943252287999,0.0007890793588035112,52.988417925835,355.77835936139434,86.15461546902054,56.51066351860694
15 Jul 2026 21:45:00.000000000,-5547.588141197992,2701.6401875611414,3032.229614058702,-4.480498202017558,-3.499661703973015,-5.067827902305119,0.006807277280358214,-0.0033116244414562795,-0.003726499473374388,26.1779378469525,-105.59847521975189,501.2447084307413,6878.711408603647,0.000826566059266362,52.99082254973186,355.7762157302623,93.98768084165468,52.48714585412742
15 Jul 2026 21:46:00.000000000,-5803.976076773638,2485.852343952561,2721.673598746807,-4.062609914060305,-3.690630435244937,-5.280237536027858,0.007122453523470999,-0.0030472326390449883,-0.003344824095080295,23.31219585030476,-103.07572055199411,500.73395779776433,6879.436747117108,0.0008590142190424944,52.9930936658044,355.7744633877458,101.4476120293139,48.83640177036776
15 Jul 2026 21:47:00.000000000,-6034.741634673818,2259.0904042257935,2399.0690358422594,-3.6267333087318856,-3.8653292334033367,-5.469296591602901,0.007406134043840011,-0.0027692666719850937,-0.002948185524901509,20.398400214651943,-100.67003152284319,500.279466059768,6880.106438191273,0.0008851360737303747,52.99519104164047,355.7730766683091,108.57603744515792,45.51680918918397
15 Jul 2026 21:48:00.000000000,-6238.862988932197,2022.3542901127973,2065.8428748066904,-3.1747972648148965,-4.02297961557867,-5.634158981117474,0.0076570166336274535,-0.002478956551696423,-0.00253834840593804,17.44466234993886,-98.36281694942441,499.89171505855245,6880.708636102585,0.0009037457770310887,52.99707752414045,355.7720234562789,115.41143135091035,42.48990381022661
15 Jul 2026 21:49:00.000000000,-6415.436306416506,1776.6883824033785,1723.46961343854,-2.7088044672488385,-4.162878722753363,-5.774086499298746,0.007873947023838956,-0.0021775931093815258,-0.002117143878062096,14.458253244528583,-96.13693650239375,499.5800484719251,6881.232690074901,0.00091378909856592,52.99871969441409,355.7712657559072,121.98857606686448,39.720916674822654
15 Jul 2026 21:50:00.000000000,-6563.679904518837,1523.1768773071576,1373.4647098958753,-2.230822314943682,-4.2844027927593755,-5.888452557023284,0.008055926062605995,-0.0018665219353493619,-0.0016864607863121862,11.445770767753846,-93.97649365827205,499.3524911759102,6881.669334135413,0.0009143677737781297,53.00008845627462,355.7707603649172,128.33848160505656,37.178854258603856
15 Jul 2026 21:51:00.000000000,-6682.9378507824085,1262.9389456174147,1017.3777869888887,-1.7429734232186742,-4.387010254703601,-5.976745369968666,0.008202116016360554,-0.0015471368201886836,-0.0012482363133290036,8.413286117248184,-91.86661674757005,499.21559193944734,6882.010852290359,0.0009047591866549424,53.00115954799956,355.77045963955214,134.48857704677783,34.836306776800186
15 Jul 2026 21:52:00.000000000,-6772.682981808898,997.1237182760945,656.7856624484014,-1.2474257766303483,-4.470244416451708,-6.038570570187779,0.008311845889073632,-0.00122087275109228,-0.0008044461172568427,5.366473034672436,-89.7932380711695,499.1742926334466,6882.251215963526,0.000884431787493631,53.00191396839774,355.77031233750796,140.46305228864577,32.66910608369594
15 Jul 2026 21:53:00.000000000,-6832.519322328935,726.9051235326692,293.28524063533877,-0.746382593922107,-4.533735720304332,-6.073653213638558,0.008384615667265104,-0.0008891985271947671,-0.0003570940691093931,2.310723554830525,-87.74287577692229,499.23182663439957,6882.386191152116,0.0008530564596428951,53.00233830975088,355.77026452379835,146.28328080405865,30.655902525813687
15 Jul 2026 21:54:00.000000000,-6862.183889175651,453.47660226705955,-71.5136974097957,-0.24207197182925727,-4.577203546141019,-6.081839162702814,0.008420099416455587,-0.0005536090677155498,9.179830483519042e-05,-0.7487459987076113,-85.70241986183113,499.38964852907327,6882.413413320081,0.000810513939443943,53.0024249918507,355.77026052349663,151.96829644040133,28.777687735252137
15 Jul 2026 21:55:00.000000000,-6861.547869026416,178.04572914480613,-435.9957676344812,0.2632636217059882,-4.600457545990869,-6.063095829327006,0.008418147177522395,-0.00021561749516586668,0.0005402025614932415,-3.8067951725897777,-83.65892166081804,499.6473965956258,6882.332428657792,0.0007568983439945553,53.00217239310717,355.7702439045107,157.53533884202844,27.01724878036442
15 Jul 2026 21:56:00.000000000,-6830.6171630871795,-98.17123191679656,-798.5472817706973,0.7673779318171742,-4.60339849907961,-6.017512271428159,0.00837878563008493,0.00012325291931131738,0.0009860941412395325,-6.858262200711518,-81.59938508640465,500.0028888642393,6882.144700974421,0.0006925168548592364,53.00158487652163,355.770158473046,163.00054116095117,25.358480019273554
15 Jul 2026 21:57:00.000000000,-6769.532296313315,-373.954808997384,-1157.5635324533744,1.2680315042474068,-4.586018681761218,-5.945298642436167,0.00830221751711588,0.0004614768573733063,0.0014274631086023943,-9.89786603496397,-79.51055745307991,500.45215286606225,6881.853584141863,0.0006178856299117556,53.00067271017404,355.7699492642054,168.37995523783837,23.785357481133417
15 Jul 2026 21:58:00.000000000,-6678.567693205717,-648.0878109939296,-1511.4560260670155,1.763002202157471,-4.548401752216698,-5.846785001083645,0.00818881984800906,0.0007975350106195732,0.0018623247141528127,-12.920104133050385,-77.37871785677393,500.9894884824522,6881.464260662048,0.0005337220650838974,52.99945188372826,355.76956351027496,173.69142943757643,22.280060598391618
15 Jul 2026 21:59:00.000000000,-6558.130326606221,-919.3607950351957,-1858.6596253641326,2.2500955799171907,-4.490722155232533,-5.722419495600169,0.008039140916171913,0.0011299220039700055,0.0022887296622440233,-15.919142474363895,-75.18946181337165,501.6075626272023,6880.983647567308,0.0004409336142844609,52.997943824286395,355.7689515697061,178.95887104198047,20.818709394800265
15 Jul 2026 22:00:00.000000000,-6408.757750160657,-1186.577483986703,-2197.639564943158,2.7271550446194426,-4.4132440576054535,-5.5727659431222065,0.00785389619903807,0.0014571541008732217,0.0027047739792689595,-18.888694167484932,-72.9274823529793,502.2975338510431,6880.420271472172,0.0003406035819430662,52.9961750166853,355.7680678004736,184.2244202276248,19.359190108245766
15 Jul 2026 22:01:00.000000000,-6231.115529143605,-1448.5601063312317,-2526.8983041007523,3.192071740345299,-4.316319829609014,-5.398500831207085,0.007633963214444974,0.001777776612114931,0.0031086083854689702,-21.821882923740944,-70.57635033508136,503.04920436856537,6879.784115162261,0.000233975181471016,52.994176534999134,355.76687136250837,189.59547135552253,17.794133528321122
15 Jul 2026 22:02:00.000000000,-6025.9940880762015,-1704.15463177229,-2844.9821833371693,3.6427940955902485,-4.200388092367714,-5.20040977367957,0.007380375437543985,0.0020903709400421455,0.0034984470898667417,-24.711087698055735,-68.11830090133475,503.8511964863141,6879.086438618145,0.00012244301295998722,52.99198349355987,355.765326935169,195.55586453793558,15.639723089468955
15 Jul 2026 22:03:00.000000000,-5794.304996957019,-1952.2358772188838,-3150.4878528543077,4.077336980561704,-4.065971354800275,-4.979383457505577,0.007094315386252608,0.002393561199809683,0.0038725759410411747,-27.547765109316003,-65.53403946074444,504.6911499702099,6878.339577821526,8.57990642112327e-06,52.98963442720812,355.76340533723,229.41004104189076,345.59153916561064
15 Jul 2026 22:04:00.000000000,-5537.076720917168,-2191.712459326647,-3442.068443686222,4.493790428056156,-3.9136732669234693,-4.736413120876722,0.006777106996448433,0.002686020371471849,0.00422935988390146,-30.32224712607911,-62.80259041776079,505.55593653798684,6877.556725067297,0.00010960332546043309,52.9871706117135,355.761084038568,20.972934026179242,197.83466807426578
15 Jul 2026 22:05:00.000000000,-5255.4498606713405,-2421.531571453213,-3718.439454579407,4.8903278790839275,-3.7441755186828938,-4.472585605138238,0.006430207417206976,0.0029664759510826997,0.0045672496925270225,-33.023513382457594,-59.90122625710895,506.4318874034199,6876.751694804322,0.0002266442285320881,52.984635336339196,355.75834755466207,26.99733301581731,195.6163373901369
15 Jul 2026 22:06:00.000000000,-4950.671913239481,-2640.683564687267,-3978.384330342002,5.2652139220897665,-3.5582344150590957,-4.189078024565003,0.006055198349140648,0.003233715079530145,0.004884787962488153,-35.63894104515393,-56.805534880749406,507.305029634691,6875.9386792453215,0.0003422590195219094,52.982073141348856,355.7551877170566,32.166072756347795,194.25372692892515
15 Jul 2026 22:07:00.000000000,-4624.091584065105,-2848.2063144781464,-4220.759710026686,5.616811502247798,-3.356677158980325,-3.88715209831029,0.00565377705645814,0.0034865891446012576,0.005180614368958092,-38.15404133947401,-53.48971002084368,508.1613270172444,6875.131998120703,0.00045474149521808013,52.979529033853666,355.75160381513473,37.10412319556685,193.12187865594564
15 Jul 2026 22:08:00.000000000,-4277.152682846862,-3043.1893562908363,-4444.500325961701,5.943588584672919,-3.1403978735689266,-3.5681481881508668,0.005227747168422535,0.003724017861533528,0.005453470208569293,-40.552201880974046,-49.927182112959365,508.98692112744124,6874.345847003918,0.0005624271797837124,52.977047695763375,355.7476026068027,41.93240338955464,192.0998827239457
15 Jul 2026 22:09:00.000000000,-3911.387636172961,-3224.7777755766397,-4648.623537217912,6.244124262226728,-2.910353394519456,-3.233479084033513,0.004779009379012853,0.003944992849837419,0.005702202258998905,-42.81446913114222,-46.091740018187195,509.76836841934244,6873.594048608195,0.0006637052098200165,52.97467269773068,355.74319819796125,46.69187970800506,191.1467792653939
15 Jul 2026 22:10:00.000000000,-3528.410650419361,-3392.1758391601556,-4832.233483561991,6.517114304729423,-2.66755886201268,-2.8846235769934316,0.004309552142131841,0.004148580736289007,0.00592576600522188,-44.919426319396656,-41.959314267860485,510.4928692952596,6872.88981135159,0.000757043577555843,52.97244573286253,355.73841179293964,51.40091370330227,190.24421057415177
15 Jul 2026 22:11:00.000000000,-3129.910558436319,-3544.6503568370963,-4994.52484822578,6.761376151607593,-2.413083139638537,-2.5231198559535932,0.003821442437859436,0.00433392581822773,0.00612322828507471,-46.84324786350549,-37.51057437110297,511.1484853603884,6872.2454993131605,0.000841014785720807,52.970405883616614,355.7332713203354,56.06925713294201,189.38242618503276
15 Jul 2026 22:12:00.000000000,-2717.6433831949507,-3681.533763592555,-5134.786219962091,6.97585335429279,-2.148044085349457,-2.150558761239628,0.003316816673810564,0.0045002523321342296,0.00629376942007352,-48.56003632051713,-32.73439583724572,511.72434134378824,6871.672417464538,0.0009143201598013343,52.9685889347144,355.72781094084803,60.70263562200066,188.55569936271417
15 Jul 2026 22:13:00.000000000,-2293.4246512711393,-3802.2269141967668,-5252.403046642255,7.159619477669507,-1.8736036968785743,-1.7685769239209055,0.0027978717622478486,0.004646866373413727,0.006436684896525396,-50.042559948755404,-27.63203015521331,512.2108084911688,6871.180615765476,0.000975812148032712,52.967026744091314,355.7220704457831,65.30453552928115,187.76054043187477
15 Jul 2026 22:14:00.000000000,-1859.121488214911,-3906.201583274323,-5346.860174374758,7.311881471963973,-1.590963151066287,-1.37884981589728,0.0022668563954156822,0.004773157515069781,0.006551386662568069,-51.26348780979714,-22.221440152480707,512.5996665911838,6870.77871536428,0.0010245141643904175,52.96574668288805,355.71609455674945,69.87696530740573,186.99493565497073
15 Jul 2026 22:15:00.000000000,-1416.6445272682117,-3993.0026649712104,-5417.743967448391,7.431982527179928,-1.3013577537202332,-0.9830847318429563,0.001726062524513002,0.004878600174945596,0.006637404107853134,-52.19714173441554,-16.540802845242165,512.8842421770844,6870.473759754219,0.0010596376208606684,52.964771154277194,355.7099321388826,74.42076781252933,186.25803519658874
15 Jul 2026 22:16:00.000000000,-967.9396621147341,-4062.250067275285,-5464.744005584969,7.519404421934282,-1.0060518138342545,-0.5830137204003147,0.0011778170270573577,0.004962754773621097,0.0066943847804055,-52.82164001221037,-10.649831726633025,513.05952084304,6870.271093309348,0.0010805958613347238,52.964117199543495,355.7036353413428,78.93569171349411,185.5500820190564
15 Jul 2026 22:17:00.000000000,-514.9796736687628,-4113.640296797779,-5487.6543559262245,7.5737693772565775,-0.7063334534665943,-0.1803864787889167,0.0006244735347898521,0.005025268723970796,0.006722094892606496,-53.121123008884766,-4.627650650366921,513.1222320237417,6870.174269166572,0.0010870147734486784,52.96379619831227,355.6972586801651,83.42029216874685,184.87251153483385
15 Jul 2026 22:18:00.000000000,-59.75576032938828,-4146.947730436199,-5486.374417943838,7.594841423775287,-0.40350936242925234,0.22303677766517033,6.840437957549962e-05,0.0050658772842055895,0.006720419654465536,-53.08760344426025,1.433285358129875,513.0709050027583,6870.184987940655,0.0010787399237336254,52.963813668177764,355.6908580794983,87.871663522218,184.22821925793323
15 Jul 2026 22:19:00.000000000,395.73099931225744,-4162.025570838042,-5460.909340082015,7.582527287890862,-0.09889950525325383,0.6254924615333873,-0.0004880073944860728,0.00508440429634361,0.006689363458329667,-52.721975148674005,7.436399800311583,512.9058953362307,6870.303068261153,0.0010558401401668592,52.96416916724956,355.68448988805585,92.28495542861441,183.62204503708813
15 Jul 2026 22:20:00.000000000,849.4782225171659,-4158.806482997249,-5411.370007471026,7.536876799233917,0.2061682131831424,1.025220766397137,-0.0010423760102435972,0.0050807628262291,0.006629049930735528,-52.03389714192793,13.291236503873682,512.6293813023774,6870.526449611794,0.0010186075617657404,52.96485630134096,355.67820988795893,96.65255941517948,183.06158685622682
15 Jul 2026 22:21:00.000000000,1299.4908085645895,-4137.302909685549,-5337.972600522555,7.458082818144182,0.5103633175760096,1.4204728190701597,-0.0015923209883731402,0.005054955704995,0.00653972184523846,-51.040586598716025,18.922179540326415,512.2453304124483,6870.85122743828,0.0009675543027529306,52.9658628356963,355.67207231338074,100.9627427424242,182.55856733334412
15 Jul 2026 22:22:00.000000000,1743.7895060273092,-4097.607063767168,-5241.0377247135975,7.346480678325146,0.8123581615986049,1.8095178222144206,-0.002135475288601196,0.005007075967476321,0.006421740884259437,-49.7648545560002,24.27376333658581,511.7594364438886,6871.271719975837,0.0009034060751581851,52.96717090933078,355.6661288961412,105.19728809872153,182.13119437493677
15 Jul 2026 22:23:00.000000000,2180.419431930847,-4039.8905958340156,-5120.9891124039295,7.202547136455365,1.1108333500622367,2.190650177402329,-0.002669493614189767,0.004937307166233127,0.006275587216183453,-48.23286371103578,29.31203639203956,511.179027881324,6871.780565738884,0.0008270934687337329,52.968757348262486,355.660427955031,109.32722337311127,181.80843173538818
15 Jul 2026 22:24:00.000000000,2607.4585128746917,-3964.403936041249,-4978.351898192056,7.026898817605192,1.4044831756312248,2.5621965764194905,-0.0031920609237473204,0.004845923534497226,0.006101858847632137,-46.47204416180912,34.02269171078997,510.51294907328196,6872.368850117153,0.0007397423443076433,52.97059407218804,355.6550135448164,113.30460292317743,181.63821805762726
15 Jul 2026 22:25:00.000000000,3023.0258174875944,-3871.475309570062,-4813.750470121448,6.820290143019934,1.6920210599556211,2.922523045784205,-0.0037009011820226274,0.004733289960685513,0.005901270697904473,-44.50943994315037,38.40729763106604,509.7714158306781,6873.026259041924,0.0006426666845857924,52.972648587516794,355.64992467990174,117.04536576190885,181.70460896508465
15 Jul 2026 22:26:00.000000000,3425.289748712541,-3761.5094258264485,-4627.905900051313,6.583610725379498,1.9721849866235,3.2700419260432003,-0.004193786365280371,0.004599861729247411,0.005674653333748165,-42.37057797014623,42.47893064786573,508.9658476035904,6873.741257229307,0.0005373727519440589,52.97488455816255,355.6451946462665,120.38959920786606,182.16751365501156
15 Jul 2026 22:27:00.000000000,3812.476063507267,-3634.98584231737,-4421.632957727441,6.3178822161703065,2.243742910523833,3.6032187635964403,-0.004668545721361834,0.004446183980125887,0.005422951300933844,-40.078819261504734,46.258116515105876,508.108678770793,6874.501288079884,0.0004256026563721446,52.977262444126666,355.6408504138528,122.99516438526697,183.36906960160442
15 Jul 2026 22:28:00.000000000,4182.875686624924,-3492.457005164178,-4195.836714549977,6.024254590429679,2.5054981251176884,3.920579088766897,-0.005123075262988338,0.004272890832057362,0.005147220981951631,-37.655087516200794,49.76953252717985,507.2131519568833,6875.292991926064,0.00030953126431905177,52.979740196708406,355.63691215974336,123.98713322622638,186.1842057124886
15 Jul 2026 22:29:00.000000000,4534.852284301534,-3334.545969413484,-3951.508744743631,5.704001855904245,2.756294565919734,4.220715049754739,-0.00555534745541345,0.004080704117283159,0.004848627914181622,-35.11785747912698,53.03958155405677,506.2930966457239,6876.102438972449,0.0001927847707137734,52.98227399817827,355.633392910602,120.35609660747969,193.6223343028086
15 Jul 2026 22:30:00.000000000,4866.849562980189,-3161.9438037028676,-3689.7229335848833,5.358517176625015,2.995022025309242,4.5022918681983155,-0.005963421039312895,0.003870431675709131,0.004528443505569677,-32.48330153080011,56.0947542730251,505.3626966794597,6876.915372982867,8.970124864894524e-05,52.98481903295609,355.63029831072714,94.7725940756844,223.01292143030966
15 Jul 2026 22:31:00.000000000,5177.398257722113,-2975.406685417299,-3411.6309045168678,4.989307405010514,3.220621250784644,4.764054078493658,-0.006345450909701902,0.003642965159541325,0.004188041091127699,-29.765518789489178,58.96061863774701,504.4362505085494,6877.717461534644,9.801195357983404e-05,52.98733027676927,355.6276265199151,16.928167355728785,304.6644333953695
15 Jul 2026 22:32:00.000000000,5465.122774750529,-2775.752694228789,-3118.457079358448,4.597987021795216,3.432088896075948,5.0048315099854355,-0.006699697958777536,0.0033992773090028047,0.003828891287470005,-26.976796025796595,61.66126792231688,503.52792828046427,6878.494548493462,0.00020316593109589653,52.98976328993411,355.62536824303334,356.02689867377023,329.3727983735759
15 Jul 2026 22:33:00.000000000,5728.747452719254,-2563.8583138142853,-2811.493388344358,4.186271489208592,3.6284822922872015,5.2235449688097235,-0.007024538769596293,0.003140418663654588,0.00345255661026812,-24.127869553022624,64.21908308813376,502.6515300125631,6879.232904268669,0.0003175258827370537,52.99207500081365,355.62350689087003,353.2958581000282,335.91095897616384
15 Jul 2026 22:34:00.000000000,5967.102407832431,-2340.6546535632365,-2492.0936493840954,3.7559700297474437,3.8089240045723867,5.419211574672072,-0.007318475043529936,0.002867513689332809,0.0030606853403781008,-21.228171316078775,66.6546988680025,501.82024917823736,6879.91946939223,0.00042954157523421646,52.994224465658206,355.6220188696143,354.678030168986,338.3359454819015
15 Jul 2026 22:35:00.000000000,6179.12892890909,-2107.12340419929,-2161.6676386270165,3.308977850390182,3.9726061388421456,5.590949707314852,-0.007580142630535053,0.0025817563088523015,0.0026550046366940654,-18.286051567288492,68.98709463512773,501.04644603600866,6880.54208703026,0.0005360282350688814,52.99617359143151,355.62087399390657,357.5823553538624,339.2388341658203
15 Jul 2026 22:36:00.000000000,6363.884389921469,-1864.2925433698704,-1821.6748771264447,2.8472678399610922,4.118794362766016,5.737983517930882,-0.007808320028264148,0.002284404838945427,0.002237312913164375,-15.308976090485157,71.23375672649645,500.3414349421932,6881.0897201854095,0.0006350883106741165,52.99788780885606,355.62003601637434,1.2268694963995792,339.40160762685844
15 Jul 2026 22:37:00.000000000,6520.546649438753,-1613.2318093990523,-1473.61816103129,2.3728817753373423,4.2468316058917654,5.859646962370722,-0.008001936222739769,0.001976776351789302,0.0018094715176319469,-12.303699090759846,73.41087790968086,499.71528970425703,6881.55264958228,0.000725264595417506,52.999336683770245,355.61946326440545,5.300810086896601,339.13504822348017
15 Jul 2026 22:38:00.000000000,6648.417908792566,-1355.04796346622,-1119.036865234597,1.8879210800215143,4.356141405105287,5.955387315669298,-0.008160077734976661,0.0016602404886611358,0.0013733957633777793,-9.2764145012129,75.53357306436529,499.17667075288625,6881.922648544175,0.0008053669303532837,53.00049445595633,355.61910937305316,9.659147813823036,338.58420620276087
15 Jul 2026 22:39:00.000000000,6746.92800361302,-1090.8798624502385,-759.500052726798,1.394537186059195,4.446230863871208,6.024768131143165,-0.008281994761498166,0.0013362127721089727,0.0009310453865264918,-6.232889191125176,77.6160992069271,498.7326775379764,6882.1931315644115,0.0008744297390166793,53.0013404958622,355.6189241012051,14.227541889090494,337.82344402231934
15 Jul 2026 22:40:00.000000000,6815.637106654818,-821.8933664718259,-396.5994239511361,0.8949215570656918,4.516693196713203,6.067471612018865,-0.00836710629762158,0.001006147471637059,0.0004844145139844595,-3.1785817969469887,79.67207392870439,498.38872909261534,6882.359273741985,0.0009317034224700936,53.00185967107245,355.6188542167537,18.966317229307137,336.8924587909347
15 Jul 2026 22:41:00.000000000,6854.237823471434,-549.276106788646,-31.94214221435145,0.3912954360759444,4.567209834121031,6.083300369124281,-0.00841500415406403,0.0006715300913158938,3.5521241858410436e-05,-0.11875089124363862,81.71469010316041,498.1484751689203,6882.418098781897,0.0009766550659953753,53.00204261596533,355.6188444351775,23.85485791256347,335.8118884149007
15 Jul 2026 22:42:00.000000000,6862.556666466244,-274.2321410541969,332.85642740314137,-0.11410061320735522,4.597552067441692,6.072178544474448,-0.008425455797658766,0.00033386955692852693,-0.0004136030653762671,2.9414438934872207,83.75692703682637,498.01373974298264,6882.36853384338,0.0010089706600272766,53.00188589969181,355.6188383950113,28.884212753776342,334.59070561412403
15 Jul 2026 22:43:00.000000000,6840.554897071039,2.0234759595451255,696.180027191046,-0.619017299550479,4.607582218193428,6.034152287436652,-0.008398405963152932,-5.309812665422588e-06,-0.0008609246372722275,5.9968442721948145,85.81175955926203,497.98449802850706,6882.211430142661,0.0010285559457117652,53.001392089404625,355.61877965298083,34.05342351395136,333.22988929991175
15 Jul 2026 22:44:00.000000000,6788.328730203164,278.2701773042138,1056.4188249761626,-1.1212072572085712,4.5972543215043205,5.969389577378638,-0.008333977013987914,-0.0003444764595545559,-0.0013044181989998764,9.042195793001778,87.89236715115626,498.0588874484217,6881.949548867753,0.0010355347253285796,53.00056970751224,355.618612681276,39.36773486208042,331.72421420315936
15 Jul 2026 22:45:00.000000000,6706.108899647344,553.2873951219847,1411.9767021346795,-1.618435683455233,4.56661431887076,5.878179394084501,-0.008232468046918356,-0.0006820997737602098,-0.0017420777890965722,12.072046947221123,90.0123452313629,498.2332523094065,6881.587512624168,0.001030244204523899,52.9994330836089,355.61828384927037,44.83787794799523,330.0629669020709
15 Jul 2026 22:46:00.000000000,6594.259587514889,825.86006878505,1761.2784725632039,-2.1084908858409332,4.515799761000275,5.760930244555169,-0.008094352762316072,-0.001016658220490033,-0.002171927372325378,15.080641385377206,92.18592016653889,498.5022212272422,6881.131723289854,0.0010132273080707065,52.99800210359799,355.6177423723235,50.48007151292461,328.2299443299951
15 Jul 2026 22:47:00.000000000,6453.276725363754,1094.7841206562841,2102.7769944402708,-2.5891946664001644,4.445039026987205,5.618168061888175,-0.00792027614906399,-0.0013466473181359816,-0.002592031133892759,18.061799612496113,94.42816830420703,498.85881567986684,6880.590247798044,0.000985222160240862,52.99630186035376,355.61694121080086,56.316611240436664,326.20286406774767
15 Jul 2026 22:48:00.000000000,6283.785678832518,1358.8718707670173,2434.960137745765,-3.0584124733987728,4.354650071308052,5.450533498552881,-0.007711050044940699,-0.001670587382124815,-0.0030005033482373455,21.008786427930225,96.75523708674837,499.2945874393571,6879.972673974194,0.0009471491405506086,52.9943622120192,355.61583790339296,62.37705779079472,323.95217598411693
15 Jul 2026 22:49:00.000000000,6086.538331681231,1616.9573625261469,2756.3575720075287,-3.5140632557775766,4.245038714981855,5.258778642368843,-0.007467647664352561,-0.001987030958356228,-0.0033955177303233944,23.914160351320575,99.18456262330061,499.7997820700706,6879.2899391148785,0.0009000961728843778,52.9922172556865,355.61439531984223,68.70014977276615,321.4391489766543
15 Jul 2026 22:50:00.000000000,5862.409588859389,1867.9015727083215,3065.547340597879,-3.9541289611142463,4.116696501570958,5.043763188690029,-0.0071911971910769805,-0.0022945698785350236,-0.0037753161891733644,26.769601484287918,101.7350722955392,500.3635251912253,6878.554134498581,0.0008453032367239045,52.989904725720514,355.6125823197149,75.33669722325178,318.6129772479939
15 Jul 2026 22:51:00.000000000,5612.393321595426,2110.597480308633,3361.1621900293812,-4.376663624417222,3.9701981424101405,4.806450106580598,-0.006882974552088363,-0.0025918418815505952,-0.004138216920856534,29.565714943176072,104.42735210113383,500.97402779972873,6877.778289453823,0.0007841475836987112,52.98746532733674,355.61037430539915,82.35388510565629,315.4064766115995
15 Jul 2026 22:52:00.000000000,5337.597780457074,2343.9749704256806,3641.8956250665206,-4.779802002224183,3.8061985784359527,4.547900840036729,-0.006544395497457181,-0.00287753675823141,-0.004482621796564348,32.29180855869368,107.28374528258875,501.6188066386457,6876.976138967131,0.0007181319307188987,52.984942017210294,355.607753659496,89.84166578732267,311.729691870677
15 Jul 2026 22:53:00.000000000,5039.240504855169,2567.0055510371567,3906.507663000217,-5.161767714000559,3.625429688212388,4.269270087516516,-0.006177007108580065,-0.0031504019875303506,-0.004807023015328884,34.93564658470705,110.32833001095474,502.28491538273295,6876.161879089649,0.0006488791960294686,52.982379243848364,355.6047100587037,97.9222634565762,307.46039231286784
15 Jul 2026 22:54:00.000000000,4718.64275952537,2778.706862363812,4153.830263066871,-5.520880860503532,3.42869667316134,3.971800204171926,-0.005782478868779211,-0.0034092478496388647,-0.005110009015184293,37.483186577782746,113.58669847316575,502.9591822941405,6875.349914590686,0.0005781394571467331,52.979822161188714,355.6012406585712,106.7641934914107,302.4300523108798
15 Jul 2026 22:55:00.000000000,4377.223530123907,2978.146960400548,4382.772409675034,-5.855565096324877,3.216874151624491,3.6568152712523077,-0.005362593413857725,-0.003652952010283299,-0.005390269646743895,39.91831557747789,117.08542799246077,503.6284499755219,6874.554603410234,0.000507818011847342,52.97731582937675,355.5973501457269,116.60222992822891,296.403883881901
15 Jul 2026 22:56:00.000000000,4016.4931112332492,3164.4483580944775,4592.324830754324,-6.164354141005096,2.9909019932291345,3.3257148762472935,-0.004919237082102735,-0.0038804635867314653,-0.005646600634823617,42.222615560536816,120.85110057784077,504.2798129082251,6873.790002478622,0.0004400370804946145,52.974904416915905,355.5930506566104,127.7628847320799,289.0553575045307
15 Jul 2026 22:57:00.000000000,3638.0463208156975,3336.7918095148266,4781.5643351213785,-6.445897719705666,2.7517809241765883,2.9799676455466506,-0.004454390364622772,-0.0040908067139532765,-0.005877907362653841,44.375207845953895,124.90870126252067,504.9008486023514,6873.069619405523,0.0003772425653173591,52.972630418371594,355.58836156405596,140.68607280774924,279.94453725304146
15 Jul 2026 22:58:00.000000000,3243.555375480188,3494.4198241742124,4949.657755220579,-6.698966930264215,2.500567932566671,2.621104568825113,-0.003970118346186414,-0.00428308364031958,-0.00608320802658091,46.35275119966835,129.27923000981244,505.4798383933809,6872.406174395028,0.00032233929505335956,52.9705339015433,355.58330913548804,155.9044441746224,268.53874882452106
15 Jul 2026 22:59:00.000000000,2834.7624610858325,3636.6399002982394,5095.865483821199,-6.92245903824865,2.238371500962684,2.250712151336614,-0.0034685612113969483,-0.00445647739172614,-0.006261636220451206,48.12969479636243,133.97643401955966,506.00597418683805,6871.811376524657,0.0002787205087998327,52.968651797501984,355.57792606871175,173.87647447648285,254.37948928405746
15 Jul 2026 23:00:00.000000000,2413.472032754288,3762.8274675023863,5219.544595432514,-7.115401705610976,1.9663466908766802,1.8704254265624016,-0.0029519248666887953,-0.004610254043112131,-0.00641244300654855,49.678904597330565,139.00275463593837,506.4695477682174,6871.2957182399905,0.00024978792707831273,52.96701724613172,355.5722509135642,194.53613418324588,237.53275816850598
15 Jul 2026 23:01:00.000000000,1981.5428781755775,3872.4285306325755,5320.151544936114,-7.2769566610711065,1.6856901013903067,1.4819208581102046,-0.002422471716539872,-0.004743764644533369,-0.006534998539715326,50.972771523790755,144.34492015515224,506.8621196493838,6870.868291572159,0.000237497800569915,52.96565900883013,355.5663273896437,216.7606715124974,219.12127491527343
15 Jul 2026 23:02:00.000000000,1540.8799773752735,3964.9620078474363,5397.244437633688,-7.406422822048838,1.3976347212962785,1.0869091558336266,-0.0018825116097801213,-0.004856446847232636,-0.006628793306751915,51.984848156944565,149.97007157663754,507.1766648070945,6870.536629187885,0.00024069620155576645,52.96460095882713,355.5602036122486,238.64325735282208,201.05183432919245
15 Jul 2026 23:03:00.000000000,1093.4261915461573,4040.021757076238,5450.484866273178,-7.503238878383946,1.1034446915002827,0.6871280275688543,-0.0013343929538515793,-0.004947826271146024,-0.00669343903611605,52.691931340022556,155.8237206381498,507.40769307518303,6870.306572940124,0.0002554040515309827,52.96386165819743,355.5539312402643,258.7179495224745,184.7903427477263
15 Jul 2026 23:04:00.000000000,641.1538129204301,4097.278285918638,5479.639311801036,-7.566985347533841,0.8044099919116964,0.2843348846033967,-0.0007804939815535228,-0.005017517657016346,-0.00672866933381984,53.07632596102705,161.83090424467258,507.5513423738098,6870.182172110737,0.000277033762663362,52.963454029096766,355.5475645611771,276.6184855776644,170.70302568349666
15 Jul 2026 23:05:00.000000000,186.0560071008786,4136.480140836449,5484.58010558193,-7.5973861094796185,0.5018410648628273,-0.11970048378689194,-0.00022321413725676206,-0.005065225832037544,-0.006734340080761589,53.12785612068189,167.90131366698733,507.6054433909664,6870.165613029238,0.00030211959352731817,52.96338512506883,355.5411595294546,292.68680772964535,158.44790337777889
15 Jul 2026 23:06:00.000000000,-269.8618211687911,4157.45497215282,5465.285951666989,-7.594309427376687,0.1970633853222785,-0.523203253524039,0.0003350344576779038,-0.005090746518203822,-0.006710429626187308,52.84513620335716,173.93793750921446,507.5695547698166,6870.257181225145,0.00032869091325805433,52.963656006482836,355.53477277543595,307.43405551857506,147.51379860940156
15 Jul 2026 23:07:00.000000000,-724.5907080960892,4160.110271947496,5421.842008425112,-7.557768457250236,-0.10858801308040913,-0.924400914823705,0.0008918355101395787,-0.005093966997307658,-0.006657038790755823,52.23575085179687,179.84737272039683,507.444968297369,6870.455256728614,0.00035597548196643293,52.964261722303135,355.5284606023269,321.2873143880009,137.473588607358
15 Jul 2026 23:08:00.000000000,-1176.1268262771955,4144.4337824507,5354.439529512595,-7.487921246967693,-0.4137740479379176,-1.3215306160385025,0.0014447770832894974,-0.0050748666391298314,-0.006574390682509515,51.31529162121358,-174.45077217866432,507.2346840332808,6870.756342586323,0.00038399652711491243,52.96519139849191,355.5222779891675,334.53187057848294,128.0419506412538
15 Jul 2026 23:09:00.000000000,-1622.4801646776505,4110.4935730285215,5263.3750648349605,-7.385070221581892,-0.7171571255028304,-1.7128464906739576,0.001991460199424228,-0.005033517290081946,-0.006462830316643218,50.10552248221777,-169.01755488673084,506.9433557608521,6871.155126109022,0.0004132262776882914,52.9664284314442,355.51627761747864,347.3241275178145,119.06244610315511
15 Jul 2026 23:10:00.000000000,-2061.6831623914586,4058.43778436158,5149.049222826572,-7.2496611491054175,-1.0174066969833901,-2.0966269552179844,0.002529507565216572,-0.004970083505369747,-0.006322824011553955,48.63214131723767,-163.89236364612157,506.577207583787,6871.6445718257855,0.0004443043518159148,52.96795078298085,355.51050893890266,359.72225628245417,110.47687050001433
15 Jul 2026 23:11:00.000000000,-2491.7992646754706,3988.4940389730687,5011.964996186324,-7.0822815781545,-1.3132048236429246,-2.4711819633512757,0.0030565724593744526,-0.004884822603337986,-0.00615495852847685,46.92260467706282,-159.0941129957596,506.1439229301501,6872.2160445895,0.00047781167639925244,52.96973137161547,355.50501730035546,11.719580265354107,102.29186921320776
15 Jul 2026 23:12:00.000000000,-2910.9313693299587,3900.968517907288,4852.725654118632,-6.883658736835839,-1.6032517390562688,-2.83486019975001,0.0035703478103670757,-0.004778084506769295,-0.00595993990486613,45.004338039830806,-154.6247080665967,505.6525076568213,6872.859460769715,0.0005141029291131299,52.97173855309827,355.49984314225907,23.276161695475608,94.54735137340924
15 Jul 2026 23:13:00.000000000,-3317.2301307418015,3796.244704123346,4672.0322052291585,-6.65465688097143,-1.8862713946404714,-3.1860561935942795,0.004068575478366639,-0.0046503113324380925,-0.005738591928489833,42.90346627405771,-150.4734050178594,505.1131293700369,6873.563464987235,0.0005532055084852956,52.973936681653775,355.4950212840179,34.345118090729486,87.29017376270585
15 Jul 2026 23:14:00.000000000,-3708.902088174191,3674.78179407276,4470.680436521301,-6.396274079401193,-2.1610169720239774,-3.5232173284469583,0.004549055739049815,-0.004502036683604672,-0.005491854192120604,40.64404978251823,-146.6210379441082,504.5369354854176,6874.315629398087,0.0005947856546771456,52.976286741898925,355.49058030940466,44.890657115640366,80.55610626704927
15 Jul 2026 23:15:00.000000000,-4084.2175841481594,3537.112780001291,4249.557535457186,-6.1096384247925,-2.4262763429855427,-3.844850721479618,0.005009656947374048,-0.0043338845956404,-0.005220779664967819,38.247730241256995,-143.04354960157653,503.93585293878107,6875.102672130244,0.0006381701436181692,52.9787470401785,355.4865420626761,54.89686594960728,74.361042768335
15 Jul 2026 23:16:00.000000000,-4441.518438105596,3383.8422067570064,4009.6383037933565,-5.796003660187072,-2.680877454747428,-4.1495299412867634,0.005448325343039457,-0.004146568087093816,-0.004926531721447589,35.733666474762565,-139.71464490563375,503.3223728190157,6875.910691121816,0.0006824039609049166,52.981273943008624,355.4829212643137,64.3687986918781,68.6999139459967
15 Jul 2026 23:17:00.000000000,-4779.225340030544,3215.6436083106346,3751.9809738698546,-5.456744214451967,-2.9236936154682276,-4.4359015299448785,0.005863094939194128,-0.003940887267639309,-0.004610380569143067,33.11865232117627,-136.60761744923394,502.70932351853884,6876.725409312326,0.0007263240618234179,52.983822649494414,355.47972525310547,73.32882440526406,63.55033938303747
15 Jul 2026 23:18:00.000000000,-5095.844928407253,3033.2566307902157,3477.722640207943,-5.093349643845375,-3.153648652008071,-4.702691291724271,0.006252097415299559,-0.003717726957060771,-0.004273699023515465,30.41733346365981,-133.696501497125,502.1096362754726,6877.532426905998,0.0007686345083790137,52.98634798399845,355.47695385902745,81.81114086058926,58.878113912421796
15 Jul 2026 23:19:00.000000000,-5389.976516874116,2837.483850583423,3188.074321630633,-4.707418481983096,-3.369721909574624,-4.948710308132613,0.0066135719259194795,-0.003478053780987893,-0.0039179575934849085,27.642466352323193,-130.95672239590445,501.5361072048245,6878.317476263761,0.0008079748296856104,52.98880519499451,355.47459940910585,89.85643597485776,54.64254620974269
15 Jul 2026 23:20:00.000000000,-5660.318434249929,2629.1872979551026,2884.3156716159597,-4.300651506475736,-3.570953060827039,-5.172860636931257,0.006945874714638228,-0.003222912710844218,-0.00354471884669471,24.805183856601126,-128.3653986066415,501.0011600737581,6879.066674895683,0.0008429786059629594,52.99115074594753,355.4726468660001,97.50764748807507,50.80069908719084
15 Jul 2026 23:21:00.000000000,-5905.6739433125995,2409.284698619501,2567.789357189783,-3.874844437237604,-3.7564466905525378,-5.374140651548759,0.007247488418784009,-0.0029534230309817087,-0.0031556310443297624,21.915247859718885,-125.90141526663733,500.5166141587151,6879.766772021345,0.0008723222628452491,52.99334308422288,355.4710740967654,104.80703739350113,47.310314974988486
15 Jul 2026 23:22:00.000000000,-6124.95670483865,2178.74544777366,2239.895129295827,-3.431880088746008,-3.9253766212222616,-5.551649977043714,0.0075170309380863205,-0.0026707737244546447,-0.002752421048011143,18.981279328208906,-123.54535605754779,500.0934615215275,6880.405384245439,0.0008947653052590323,52.995343374435244,355.4698522668947,111.794419010973,44.131588702636556
15 Jul 2026 23:23:00.000000000,-6317.1957549860745,1938.586333188935,1902.0836102020648,-2.973720006137221,-4.076989944666283,-5.704593979506485,0.007753263740321746,-0.0023762182834643083,-0.0023368865206171113,16.01096275806243,-121.27935266477009,499.7416579511486,6880.971216061144,0.0009091834389995004,52.99711618329795,355.46894635256956,118.50624929659001,41.22807498956158
15 Jul 2026 23:24:00.000000000,-6481.53996614255,1689.8670260317917,1555.849826031746,-2.50239562270607,-4.210610725829147,-5.832287767589635,0.007955099477167714,-0.002071068963539924,-0.0019108874601339084,13.011225563085764,-119.08689037431351,499.46993163328705,6881.454261144662,0.0009145957951461026,52.99863010391012,355.46831576190453,124.97530729627188,38.56700974150973
15 Jul 2026 23:25:00.000000000,-6617.261963853739,1433.6853600807194,1202.726514902629,-2.0199989838878976,-4.325643346103106,-5.934159667705643,0.008121608784930989,-0.001756690512797842,-0.0014763371217930488,9.988394909070033,-116.95259361616499,499.2856133302198,6881.845980734879,0.0009101871207961268,52.99985830850953,355.4679150541503,131.23073876706547,36.1192651334476
15 Jul 2026 23:26:00.000000000,-6723.7614753748,1171.1724219017347,844.2772433411757,-1.5286730898961993,-4.421575456065441,-6.009754138299385,0.008252026161817508,-0.0014344934234530335,-0.0010351924027831372,6.948335399452731,-114.8620052186172,499.19449148088484,6882.139455802541,0.0008953254819915474,53.00077901999964,355.4676947440057,137.29831379107182,33.85909165951143
15 Jul 2026 23:27:00.000000000,-6800.568088724018,903.4874762589178,482.0893655609713,-1.0306019156124937,-4.497980510547173,-6.058734093407456,0.008345754817117615,-0.0011059267618016438,-0.0005894437755187334,3.896571339668059,-112.80136651057359,499.20069517100245,6882.329510190593,0.0008695757900609605,53.001375894008625,355.46760217677894,143.200802126793,31.76374241126147
15 Jul 2026 23:28:00.000000000,-6847.343404806188,631.8127525577125,117.7668618034317,-0.5280001718768073,-4.554519862749734,-6.080882611346001,0.008402370410524078,-0.0007724706460712995,-0.00014110487024257285,0.8383973346072905,-110.7574011632579,499.3066073854181,6882.412802446934,0.0008327093128050484,53.00163830483126,355.4675824588552,148.9584179442626,29.81302794446715
15 Jul 2026 23:29:00.000000000,-6863.882569163413,357.3481193778019,-247.07690681363823,-0.02310287679384998,-4.590944398522067,-6.076104010678515,0.008421623617517108,-0.00043562844964357,0.00030779818322556793,-2.2210191205403933,-108.71710303692777,499.5128103512771,6882.387884658077,0.0007847092516146658,53.001561530309054,355.4675794270286,154.5893270586581,27.988808626753176
15 Jul 2026 23:30:00.000000000,-6850.115174126551,81.30567514436844,-610.8264886375003,0.48184519108168294,-4.607095696786776,-6.044424282433956,0.00840344147520739,-9.691881416110428e-05,0.0007552375377419207,-5.27653951095323,-106.66752677092651,499.81806412776507,6882.255227217052,0.0007257724370161468,53.001146832493276,355.46753663955866,160.1102587019037,26.274382433926437
15 Jul 2026 23:31:00.000000000,-6806.105526510105,-195.09571632966114,-971.8716382665569,0.9846000839083322,-4.6029067073327425,-5.985990874685173,0.00834792749287579,0.00024213243790749736,0.0011991944144268873,-8.322957170559732,-104.59557910018457,500.2193189127805,6882.017209105008,0.0006563072034475325,53.00040143277564,355.46739837146134,165.53734931216803,24.65364072254323
15 Jul 2026 23:32:00.000000000,-6732.052280433219,-470.635916342479,-1328.6145810303988,1.482929245807965,-4.578401942622246,-5.901071832855771,0.00825536052683421,0.000580000400219302,0.0016376697708634187,-11.354897706160171,-102.48780872798518,500.71176083907494,6881.678073920718,0.0005769275402449839,52.99933838203029,355.46711059651324,170.88754776651749,23.109662561020453
15 Jul 2026 23:33:00.000000000,-6628.287439274912,-744.0989987168003,-1679.477206825348,1.9746219708567148,-4.533697185736525,-5.790054306294223,0.008126192449475008,0.0009151690980435389,0.0020686947342354075,-14.366713492317368,-100.33019299717037,501.2888903414972,6881.24385253934,0.0004884436816388433,52.99797632815631,355.4666219386971,176.18149627493634,21.621833408483983
15 Jul 2026 23:34:00.000000000,-6495.274735100204,-1014.2787052971886,-2022.90815580829,2.457499686792524,-4.468998721950584,-5.6534424385338955,0.007961044662153334,0.0012461393348160332,0.002490340688514785,-17.352368658255504,-98.10792067175532,501.9426315128455,6880.722253907471,0.0003918494314996619,52.99633918520928,355.4658845763757,181.4508506000573,20.15852448424549
15 Jul 2026 23:35:00.000000000,-6333.607398044406,-1279.9838413081577,-2357.3897596819506,2.9294259970389103,-4.38460210653148,-5.49185466505456,0.007760703520857801,0.0015714362874760775,0.002900728913650606,-20.305310880454456,-95.8051721010868,502.6634702465085,6880.122526071753,0.00028830694626288625,52.99445571003204,355.4648550833433,186.76222688665143,18.653145550726965
15 Jul 2026 23:36:00.000000000,-6144.005332043455,-1540.0435832491012,-2681.444803896939,3.3883164184503602,-4.280890486053948,-5.30602044810218,0.007526114768029251,0.0018896167769497805,0.0032980396885905626,-23.218326245477176,-93.40490129214092,503.4406184060066,6879.45529008041,0.00017913227899595945,52.99235899390995,355.46349519202556,192.33209492557046,16.889251291521823
15 Jul 2026 23:37:00.000000000,-5927.311716878238,-1793.3126731738103,-2993.643078014178,3.8321477580184977,-4.158332494694039,-5.096776483055021,0.007258377069757916,0.0021992761487248935,0.003680520781991659,-26.083373584470934,-90.88862957769716,504.26220077761633,6878.732349880062,6.582752806375256e-05,52.990085878256735,355.4617724654862,199.850572440549,13.176746702045518
15 Jul 2026 23:38:00.000000000,-5684.489059712573,-2038.6764745977864,-3292.607683647924,4.258967078415935,-4.017479750491971,-4.865062414832324,0.006958734779945785,0.0024990547113787538,0.004046495273827886,-28.891395219001435,-88.23626850946823,505.11546116355794,6877.966481745242,5.063772513173616e-05,52.987676304654514,355.4596608665279,15.411382441163953,201.42192945460383
15 Jul 2026 23:39:00.000000000,-5416.614722097169,-2275.0558668659023,-3577.0210718085145,4.666900209496377,-3.858963979385363,-4.611916105832551,0.006628570052624919,0.0027876436922710003,0.004394368666058386,-31.63210234750824,-85.42600146241665,505.98698366515407,6877.171207117973,0.0001676370870519434,52.98517261071175,355.4571412139694,23.95234146427859,196.68700141998002
15 Jul 2026 23:40:00.000000000,-5124.875950765935,-2501.4119565426936,-3845.630784003795,5.054159770448101,-3.683493796852363,-4.338468498821971,0.006269394429654664,0.0030637906826057287,0.0047226352584133,-34.293735887322015,-82.43427052020239,506.8629249922587,6876.360552994845,0.0002841631320495736,52.98261878413497,355.4542015181679,29.417897806010927,195.02753024704933
15 Jul 2026 23:41:00.000000000,-4810.564442444128,-2716.7505862208614,-4097.254874090152,5.419052674982277,-3.4918511782379666,-4.045938119055739,0.00588284003578922,0.0033263045598737797,0.005029883786791309,-36.86280827197181,-79.2359386653581,507.7292535154767,6875.548804176438,0.00039842599330963674,52.980059688130154,355.45083719000553,34.46156901540483,193.79001173191088
15 Jul 2026 23:42:00.000000000,-4475.07047432359,-2920.1266230218907,-4330.786990521621,5.75998709946677,-3.2848876492774477,-3.7356252597304422,0.0054706504972982335,0.0035740598843897117,0.0053148023316498235,-39.323839579556164,-75.80472724813205,508.5719907490298,6874.750251789359,0.0005087406657065646,52.97754027173587,355.4470511197462,39.34606055608077,192.7117510720296
15 Jul 2026 23:43:00.000000000,-4119.876632860305,-3110.6480109424656,-4545.201101260066,6.075478901047864,-3.06352022800944,-3.4089058937160313,0.005034671704482656,0.003806000783861083,0.005576182527236675,-41.65911373010211,-72.11406251602061,509.3774510074167,6873.978942504453,0.0006134659089389392,52.97510477894228,355.44285362445174,44.14250730938749,191.72162133262933
15 Jul 2026 23:44:00.000000000,-3746.551174126028,-3287.4795730469164,-4739.555846140571,6.36415747933667,-2.8287271482400422,-3.067225352480709,0.0045768425168971755,0.0040211443471342,0.0058129231097228335,-43.84849846345291,-68.13849418206696,510.1324751111139,6873.248432810379,0.000711026128379953,52.972795970458684,355.4382622649538,48.8790569736887,190.79148007058225
15 Jul 2026 23:45:00.000000000,-3356.7410492016475,-3449.8465512474395,-4912.998503849336,6.624771080932798,-2.581543393102592,-2.7120918103939244,0.004099185500215774,0.0042185835594203995,0.00602403285633998,-45.86939641980622,-63.85585493642011,510.8246542154659,6872.571552564014,0.0007999371141510237,52.97065437176202,355.4333015356586,53.569526087468944,189.90751338660837
15 Jul 2026 23:46:00.000000000,-2952.1646278649173,-3597.0378731188116,-5064.768562938604,6.856191550926167,-2.32305606502499,-2.3450696091221284,0.0036037977655110328,0.004397489818786177,0.006208632975645,-47.69692103672952,-59.25027959223703,511.4425400932361,6871.960181832858,0.0008788311318838939,52.96871756058899,355.4280024326545,58.22165794480536,189.06197813613124
15 Jul 2026 23:47:00.000000000,-2534.6041537011206,-3728.4091365931363,-5194.200888171836,7.0574185390465365,-2.054399616026093,-1.9677724532959087,0.0030928419632077504,0.00455711507847534,0.006365959013559767,-49.30441178377571,-54.316050680569,511.9758385039016,6871.425044778692,0.0009464803188242595,52.96701950634111,355.4224019077467,62.84010515821228,188.25021953937681
15 Jul 2026 23:48:00.000000000,-2105.8979629581872,-3843.3853048437754,-5300.728475378479,7.227583170892803,-1.7767509593198123,-1.5818565044208885,0.002568537464470219,0.004696793662796063,0.00649536234209905,-50.66440226786882,-49.061942914332704,512.4155826233272,6870.975524008939,0.0010018178451099461,52.96558997295777,355.4165422179893,67.42765960011722,187.46944145681945
15 Jul 2026 23:49:00.000000000,-1667.9324989576705,-3941.4631047672096,-5383.884789423177,7.365951195960085,-1.491324480411882,-1.1890133961637641,0.0020331517442156778,0.004815943805246544,0.006596311297034942,-51.750109047234034,-43.51531001526006,512.754283875797,6870.619498454495,0.0010439564419444474,52.96445399570208,355.4104701821647,71.98578111055767,186.71817793727004
15 Jul 2026 23:50:00.000000000,-1222.6341530916193,-4022.2131235007264,-5443.305681201302,7.471925624512779,-1.1993669629936081,-0.7909631902614637,0.001488991960421556,0.00491406895354154,0.0066683920234065,-52.53739881249961,-37.724715613166566,512.9860578997778,6870.363207423454,0.0010722039747032104,52.96363144101164,355.4042363571932,76.5147901680518,185.99610083647931
15 Jul 2026 23:51:00.000000000,-771.960962727899,-4085.2815982511365,-5478.730880617988,7.5450488645789,-0.9021524422541998,-0.38944728883090984,0.00093839671051282,0.004990758887827417,0.006711309088479772,-53.007021323342386,-31.75972445982636,513.1067237824969,6870.211143037934,0.0010860758036797915,52.9631366571159,355.397894148971,81.01385731822762,185.30403070578004
15 Jul 2026 23:52:00.000000000,-317.8941957134784,-4130.391895392486,-5490.005063361758,7.585004368634296,-0.6009769958803683,0.01377868412409288,0.0003837279267728777,0.005045690682564616,0.0067248858987786556,-53.146716336177754,-25.706863456904646,513.113875111711,6870.1659727924425,0.0010853037415724694,52.962978221537725,355.3914988731235,85.48082491260945,184.64411539204704
15 Jul 2026 23:53:00.000000000,137.57014934651178,-4157.345675351008,-5477.078489972234,7.591617797064478,-0.2971534810495366,0.41695202153565647,-0.0001726371337918648,0.005078629546130965,0.0067090649617792784,-52.95271027196219,-19.661843859814148,513.0069218122732,6870.228493483119,0.0010698414905118152,52.963158789906956,355.38510678219774,89.91183948610842,184.02019801365418
15 Jul 2026 23:54:00.000000000,592.4298982077044,-4166.023740249187,-5440.007216270593,7.564857702416087,0.007993775705634528,0.8183100835498859,-0.0007283138617649225,0.0050894295532456155,0.006663908006389498,-52.43020123010944,-13.719538593793384,512.7871021577565,6870.397617253397,0.0010398665279562178,52.96367504874702,355.3787740762735,94.30071735608874,183.43845172269482
15 Jul 2026 23:55:00.000000000,1044.6852827518476,-4156.386561667476,-5378.9528747238255,7.504835735004376,0.31313432969226884,1.2160974510786478,-0.0012809182883811697,0.005078034280560437,0.006589595969700137,-51.59269297466405,-7.9641706233684255,512.4574647719706,6870.670389989922,0.000995778520855324,52.96451777308174,355.3725559143664,98.63788288081804,182.90844180805408
15 Jul 2026 23:56:00.000000000,1492.3475207519512,-4128.4744862404605,-5294.182026775422,7.411806366831858,0.6169370045688661,1.6085730745051492,-0.0018280751598366602,0.005044477344145743,0.006486428841787559,-50.46036822987725,-2.462074542945672,512.0228208604086,6871.042041786697,0.000938194505179753,52.96567198788052,355.36650544389084,102.90856441101872,182.44493009955443
15 Jul 2026 23:57:00.000000000,1933.4473644299458,-4082.407617158255,-5186.065086704227,7.286166127273958,0.9180753078221829,1.9940174082213649,-0.0023674261486697178,0.004988882823972412,0.006354825342709209,-49.0579295308342,2.741693497354276,511.489667336977,6871.506068683558,0.000867941330968984,52.96711723054696,355.360672865234,107.08961223112715,182.07105736832364
15 Jul 2026 23:58:00.000000000,2366.0435883527684,-4018.38537005611,-5055.074818149019,7.128452340782782,1.2152328679501117,2.370739520123021,-0.0028966382522439956,0.00491146555520762,0.006195322399319231,-47.41238710346509,7.623019055995884,510.86608193500524,6872.054344379971,0.0007860463913565226,52.96882790988997,355.3551045478505,111.1435769146377,181.8242652931088
15 Jul 2026 23:59:00.000000000,2788.231386401899,-3936.685702258293,-4901.784405168828,6.939341354208757,1.5071088843294773,2.7370841625559312,-0.003413412416192986,0.0048125312512820526,0.006008574371142118,-45.55115964343501,12.175768608356483,510.161591812277,6872.67726013505,0.0006937288507803004,52.97077375532837,355.34984221338266,115.00688726418194,181.76811881521783
16 Jul 2026 00:00:00.000000000,3198.1506467579597,-3837.6640149653836,-4726.8651006044365,6.719646239432269,1.7924235785391172,3.091438788105219,-0.003915492407892743,0.00469247641958168,0.005795351970387852,-43.50067050852798,16.407590062236935,509.3870175747899,6873.363890594529,0.000592396807337411,52.97292034849735,355.34492219983736,118.56398741635192,182.01816929622993
