UTCG,r_x,r_y,r_z,v_x,v_y,v_z,a_x,a_y,a_z,lla_Lat,lla_Lon,lla_Alt,coe_Semi-major_Axis,coe_Eccentricity,coe_Inclination,coe_RAAN,coe_Arg_of_Perigee,coe_True_Anomaly
15 Jul 2026 00:00:00.000000000,6358.646216549286,1975.2096627576595,1724.7996081209767,-2.8318726551598985,4.0759982024184715,5.7722213543312275,-0.007794817201410639,-0.0024243609071173894,-0.002124347152760798,14.752946208270474,84.74552071117155,501.3765293236629,6878.137036715114,6.200588333204053e-09,53.000000122541536,6.000000136392154,0.0,18.299999644963222
15 Jul 2026 00:01:00.000000000,6174.831105825044,2215.23163006372,2067.061431610651,-3.2930329041826654,3.921814943781634,5.632309863636632,-0.007567750127087382,-0.0027180597601887883,-0.0025446195435357482,17.733030405358747,86.97814591922318,501.95258232519797,6877.605465836721,0.00010506295705051995,52.9983275792788,5.999223534009769,157.50208290628737,224.60315579450102
15 Jul 2026 00:02:00.000000000,5963.774835217586,2445.480881622016,2400.178543503553,-3.7395783350013563,3.7503615104711026,5.467510649112461,-0.007307288021137679,-0.0029996200824971837,-0.0029534408579120564,20.67957435317578,89.29341263011129,502.58125760147533,6876.9971505821995,0.00021260451931736174,52.99641255237605,5.998149355998906,163.1112873209588,222.79924924857286
15 Jul 2026 00:03:00.000000000,5726.413717131091,2664.9437915166527,2722.6793571397047,-4.1695399653404115,3.5624029722407116,5.278564396387837,-0.007014632443538563,-0.0032678064764939253,-0.00334900412981293,23.585274455985477,91.70854130063891,503.2520783993207,6876.322838142841,0.00032149458290003593,52.99428864925504,5.996740017186356,168.60864497335288,221.10728675833568
15 Jul 2026 00:04:00.000000000,5463.799956511089,2872.6548237689167,3033.1399396545135,-4.581025118720957,3.3587766199508025,5.066318267893363,-0.006691126418639669,-0.0035214489195012975,-0.003729569544465864,26.44197506225506,94.24221020636693,503.9535623886418,6875.594431814976,0.0004304942616558983,52.99199315190237,5.9949638342399085,173.99905853420876,219.52240182015535
15 Jul 2026 00:05:00.000000000,5177.096822928529,3067.700744936943,3330.1902754104185,-4.972225676278083,3.140387896194957,4.831721645310622,-0.0063382463350252095,-0.0037594476471808783,-0.004093472070175777,29.240475733907964,96.91472676468432,504.67342666643134,6874.824779987038,0.000538276450248916,52.98956636152853,5.992795581914911,179.28648143769303,218.0406745171552
15 Jul 2026 00:06:00.000000000,4867.573342365008,3249.2245841436284,3612.520260785861,-5.341425826527335,2.9082060496947846,4.57582143414287,-0.005957593322057499,-0.0039807774666380516,-0.0044391284061002295,31.970313058312538,99.74813515880588,505.39880724104864,6874.027448994368,0.000643449908628531,52.9870508903732,5.990216936119526,184.4743301779824,216.65871893420305
15 Jul 2026 00:07:00.000000000,4536.598539674442,3416.4293249679185,3878.8854052313804,-5.687009285370348,2.6632595477953402,4.299756972114926,-0.005550884228727854,-0.004184491497972851,-0.0047650432265784505,34.61951828622071,102.76621101685754,506.1164888737234,6873.216483920159,0.0007445852060530663,52.98449091301625,5.9872167960525555,189.5654273221642,215.37373990803073
15 Jul 2026 00:08:00.000000000,4185.635264155038,3568.581315698096,4128.112216030576,-6.007465966054951,2.4066312811123285,4.004754583802904,-0.0051199423255773565,-0.004369724354790979,-0.005069814718670408,37.174357113686085,105.99426957686404,506.8131410426261,6872.406161594393,0.000840241941692205,52.98193139025517,5.983791479801996,194.56188796044887,214.18364639406738
15 Jul 2026 00:09:00.000000000,3816.2336316032497,3705.0133864945265,4359.10324679974,-6.3013980859735685,2.139453593323668,3.6921218235153,-0.004666687845193003,-0.0045356947871485285,-0.005352139427369737,39.61906631598236,109.45868309053704,507.4755557715149,6871.610740136975,0.0009289966803380951,52.979417279087414,5.979944789955943,199.46498554628292,213.08718549991514
15 Jul 2026 00:10:00.000000000,3430.024116933824,3825.127663886511,4570.841792160408,-6.56752570361689,1.86290316753316,3.3632414472975687,-0.00419312846319124,-0.004681707817977671,-0.005610816435148974,41.935614988161554,113.18596937921642,508.090883122665,6870.844209407559,0.0010094710686359932,52.97699274258278,5.975687948052174,204.2749938786056,212.08410043348434
15 Jul 2026 00:11:00.000000000,3028.71033158972,3928.398074895659,4762.39621349479,-6.804691684920017,1.5781957983796175,3.0195651527915524,-0.0037013498106099204,-0.0048071564142584495,-0.005844750917441273,44.103536904343535,117.2012859892304,508.6468602862505,6870.120046665681,0.0010803596314583877,52.97470037343833,5.971039398961592,208.99099238615844,211.17532520625033
15 Jul 2026 00:12:00.000000000,2614.0615199182434,4014.372534727351,4932.923882910472,-7.011866103110424,1.2865810764895143,2.6626071229637636,-0.0031935060909778967,-0.0049115227389560315,-0.00605295712463803,46.099904745625906,121.52616362289952,509.1320303952297,6869.450981615269,0.001140456792200195,52.97258044478195,5.966024488554408,213.61061563139302,210.36323517293377
15 Jul 2026 00:13:00.000000000,2187.9048083143384,4082.674813488363,5081.674734629063,-7.188150080087125,0.9893370089599196,2.2939374064134666,-0.002671810858060956,-0.004994379033810566,-0.006234560849033573,47.899543251993684,126.17537325460204,509.5359474471134,6868.848774811512,0.0011886827189376298,52.97067020132714,5.960675020187108,218.12972014435744,209.6519802952891
15 Jul 2026 00:14:00.000000000,1752.1172403629107,4133.006078720371,5207.994414880822,-7.332779080164449,0.687764596500314,1.9151751633208418,-0.0021385279914851074,-0.00505538818442852,-0.006388801439650058,49.47559743893806,131.15298993553952,509.8493640120384,6868.324013152566,0.0012241076767189158,52.96900320329611,5.9550286976967906,222.54192990652842,209.047939807171
15 Jul 2026 00:15:00.000000000,1308.6176305083955,4165.146111683967,5311.327023030215,-7.445125668682002,0.3831823848030603,1.5279818022686567,-0.0015959628884064383,-0.00509430401800316,-0.006515033429195347,50.800566595958955,136.44803032840585,510.0643987409097,6867.885925868666,0.0012459746748368335,52.967608734622324,5.949128464534938,226.83800315630114,208.56035560544737
15 Jul 2026 00:16:00.000000000,859.358268003013,4178.954196295477,5391.217438068977,-7.5247017485290995,0.07692100478120095,1.134054029359192,-0.0010464538711134174,-0.005110971380418824,-0.006612727835198186,51.84786154448744,142.03048145279325,510.17468104996294,6867.542224063889,0.001253720354203108,52.966511285844014,5.9430217504994705,231.00493305960524,208.20223181878657
15 Jul 2026 00:17:00.000000000,406.3165021050885,4174.369680418417,5447.313225797841,-7.571160287114013,-0.22968228635305266,0.7351168274379709,-0.0004923637933736319,-0.0051053260344757915,-0.006681473193173217,52.593823538444596,147.84896432842297,510.1754707416111,6867.2989664678325,0.0012469942949627792,52.96573012081197,5.936759639159222,235.02464509273565,207.99163770201596
15 Jul 2026 00:18:00.000000000,-48.51376122309786,4151.412209861412,5479.366122993461,-7.584296544828689,-0.5352890534744909,0.3329163800017815,6.392818639147002e-05,-0.00507739441308306,-0.006720976371269271,53.01996765574207,153.8314030317671,510.063750720095,6867.160453620971,0.0012256772961616695,52.965278934891,5.9303959704679565,238.87207011484958,207.95363487277817
15 Jul 2026 00:19:00.000000000,-503.1306214752721,4110.181635962351,5487.233095649176,-7.564048813762412,-0.838565113488924,-0.07078704833186394,0.0006200347094884485,-0.005027293252687904,-0.006731063206170188,53.11503958711074,159.88958469684312,509.83829136990556,6867.129152256049,0.0011898997986766993,52.965165610751846,5.9239863942019,242.51222687145736,208.12319514281893
15 Jul 2026 00:20:00.000000000,-955.5327754289227,4050.857598076177,5470.876969023642,-7.510498672481305,-1.1381859401542063,-0.4742262649515529,0.0011735682519989979,-0.004955229122323543,-0.0067116789880915595,52.87640102126371,165.92734054550033,509.4996855814957,6867.20565115305,0.0011400627111506163,52.96539207615716,5.917587390765666,245.8956891842476,208.54973368183707
15 Jul 2026 00:21:00.000000000,-1403.7281097087794,3973.6987826657,5430.366627773968,-7.423870759319419,-1.4328420376951594,-0.8756343273996777,0.0017221491491848403,-0.0048614978526294456,-0.006662888808808871,52.3103672747031,171.85068681240554,509.05035383086533,6867.388649243416,0.0010768649142544775,52.96595426637304,5.911255276492429,248.95134004418165,209.30435528994937
15 Jul 2026 00:22:00.000000000,-1845.7422652031687,3879.0418610600987,5365.876784938227,-7.3045320630470805,-1.72124427708239,-1.2732517383965123,0.0022634136692479033,-0.004746483858467234,-0.006584877772510415,51.43140005027589,177.57741645338626,508.4945191451183,6867.674976226061,0.001001345645524057,52.96684219201181,5.9050452108839195,251.57442692581256,210.49179945365654
15 Jul 2026 00:23:00.000000000,-2279.6271442803727,3767.300108332314,5277.687319019201,-7.152990726227355,-2.0021291881489645,-1.6653336491597237,0.002795022194274794,-0.004610659338527405,-0.0064779510553820184,50.26038475753213,-176.9561238779203,507.83815221447566,6868.059645437886,0.0009149580017164324,52.968040111267705,5.899010223245792,253.60623884306824,212.27076365787616
15 Jul 2026 00:24:00.000000000,-2703.4693313729563,3638.96170619318,5166.1821789597,-6.969894353278763,-2.2742641994041217,-2.050157061145164,0.003314667559588029,-0.004454583324585477,-0.006342533784551445,48.82243851888369,-171.79216394920593,507.08888734126765,6868.535938201627,0.0008197069750159201,52.96952680367518,5.893200275857393,254.79852831364346,214.8894817798211
15 Jul 2026 00:25:00.000000000,-3115.3983969308733,3494.587733342542,5031.847857441169,-6.756027812459186,-2.5364528155302204,-2.4260280142283035,0.003820083592888373,-0.004278900545354648,-0.006179170695463245,47.144721332316145,-166.95226306754626,506.25591034689944,6869.095518359435,0.0007184232694338929,52.97127594072958,5.88766138020958,254.75031443690267,218.74892135296142
15 Jul 2026 00:26:00.000000000,-3513.5950540294784,3334.8098473837363,4875.271433729712,-6.512310518878249,-2.7875397202071066,-2.79128874651337,0.004309053881358252,-0.004084340062154935,-0.0059885255146242865,45.25459425007066,-162.44050773459185,505.34981998658213,6869.728575197581,0.0006153260839742574,52.9732565469985,5.8824347819849985,252.79918443760502,224.511482342259
15 Jul 2026 00:27:00.000000000,-3896.2991360959495,3160.327663228578,4697.138188277067,-6.239793184420338,-3.02641578918905,-3.14432480751642,0.004779420778827501,-0.003871713628841016,-0.005771380006168916,43.17828348871231,-158.24777821856918,504.38246484592685,6870.423992483509,0.0005171749124247495,52.975433543742795,5.877556229241296,247.86971986558768,233.25257123450857
15 Jul 2026 00:28:00.000000000,-4261.817363354612,2971.905833907269,4498.228792492252,-5.939654020259612,-3.252022995607881,-3.483572102566747,0.005229094646756978,-0.0036419137253743167,-0.005528632614108056,40.940053711237674,-154.3560031681846,503.3667581085547,6871.169540877397,0.0004353179958001152,52.97776836559372,5.873055336867528,238.47339042188923,246.46070746785304
15 Jul 2026 00:29:00.000000000,-4608.530864744387,2770.3708408705656,4279.416078554334,-5.613194378585377,-3.463359186411305,-3.8075238420818787,0.005656063303836142,-0.0033959112141690936,-0.005261296629332529,38.56180340929425,-150.7417806946987,502.31647298421325,6871.9520905547415,0.0003872142669511272,52.98021963952022,5.868955058662738,223.76865723640404,264.9774203706115
15 Jul 2026 00:30:00.000000000,-4934.90242131409,2556.6075022183013,4041.661395850013,-5.261833822279898,-3.659482705841348,-4.114737365083549,0.006058401638031878,-0.0031347525700281867,-0.004970497809857539,36.062965091877466,-147.37914010275344,501.246021965396,6872.757840492269,0.0003899286823207405,52.982743914192234,5.865271276597234,206.3907000047821,286.16752219770325
15 Jul 2026 00:31:00.000000000,-5239.483396508622,2331.555208821305,3786.0105625904234,-4.887104614628749,-3.839516839030572,-4.403840802134823,0.006434281315874858,-0.002859556639428306,-0.004657471386877475,33.460600471330466,-144.24146866624142,500.17022342783036,6873.572560534044,0.00044379997676393236,52.985296426925075,5.862012514684105,191.8280300614295,304.5424951846511
15 Jul 2026 00:32:00.000000000,-5520.9203184114285,2096.2038999871907,3513.5894233768527,-4.4906456256408,-4.002654046325299,-4.673539538993915,0.006781980504134017,-0.0025715108914051077,-0.004323558395215915,30.769604548739284,-141.30274502755566,499.1040593973932,6874.381842077473,0.0005325096543118002,52.987831894691965,5.859179782759036,182.56272956282982,317.62025244268557
15 Jul 2026 00:33:00.000000000,-5777.961078960196,1851.589792146663,3225.5990259201417,-4.07419565713628,-4.148159956946824,-4.9226224388923105,0.007099893502958753,-0.0022718671318392707,-0.003970201277391144,28.002958634312172,-138.53825035485048,498.06242856194984,6875.171353007068,0.0006391804071329805,52.990305315229776,5.856766553133503,177.68996635909525,326.30562311572373
15 Jul 2026 00:34:00.000000000,-6009.460715474589,1598.7908759571442,2923.310432735952,-3.639586195279387,-4.275377089216271,-5.149967778635957,0.007386540174074866,-0.0019619366634081666,-0.0035989387223068535,25.171994426451263,-135.92491298217536,497.0598988002907,6875.927092364824,0.0007526918631876832,52.99267276405012,5.85475887078847,175.72748639746078,332.0808599551699
15 Jul 2026 00:35:00.000000000,-6214.386740567734,1338.9221992172072,2608.0591863935715,-3.188733606527063,-4.383728263879255,-5.354548851855913,0.007640575038117792,-0.0016430848866736069,-0.0032113997159358533,22.286647536470714,-133.44141035216003,496.1104636215715,6876.635640186727,0.0008662546918331594,52.99489217320447,5.853135595333344,175.61514014881283,336.00611282207564
15 Jul 2026 00:36:00.000000000,-6391.823987709738,1073.1309549849045,2281.2394497305204,-2.7236308008017107,-4.472719677175644,-5.535439191833978,0.007860795905955906,-0.001316725350565949,-0.002809296797029631,19.355689769607316,-131.06811887159733,495.2273069469383,6877.284397959598,0.0009754730527001283,52.99692407794304,5.851868770683585,176.70054793058696,338.7337632449396
15 Jul 2026 00:37:00.000000000,-6540.9789413829085,802.5913962807979,1944.2978453025084,-2.2463383938615507,-4.5419436012321,-5.691817366492627,0.008046151907847644,-0.0009843132755626117,-0.0023944185307473525,16.386936295471184,-128.78697414143906,494.42258061339237,6877.861815265511,0.0010772534396821583,52.99873231794554,5.850924116047917,178.58784649940029,340.6596776623229
15 Jul 2026 00:38:00.000000000,-6661.1835229388,528.4996006464828,1598.7270211465257,-1.7589754090496263,-4.591080681155552,-5.822971299432101,0.00819575078373867,-0.0006473385863792199,-0.0019686212309214233,13.387427818901221,-126.58128251563328,493.70719883125366,6878.357598382947,0.001169272933305675,53.00028468058194,5.850261629705709,181.030747899725,342.030148367429
15 Jul 2026 00:39:00.000000000,-6751.898305920548,252.0681096017266,1246.0589726308633,-1.263709566609821,-4.619901800842909,-5.928302073335954,0.00830886530532463,-0.00030731850545466705,-0.0015338199816541795,10.363590004334256,-124.43550952373621,493.09065357936754,6878.762896904079,0.0012497236245775493,53.00155347466775,5.849836294970975,183.87049416121775,343.0039385663141
15 Jul 2026 00:40:00.000000000,-6812.715137736686,-25.47953037743671,887.8581526782494,-0.762747216279075,-4.628269492967686,-6.007327175630323,0.008384938709362601,3.4210229278164515e-05,-0.001091979026544476,7.321373435252335,-122.33506011048726,492.58085457624185,6879.070464803898,0.0013171876241655307,53.00251602439644,5.8495988759325055,187.00087851864714,343.6872608808373
15 Jul 2026 00:41:00.000000000,-6843.359148122898,-302.91429737327115,525.7144049150905,-0.25832297566395845,-4.616138872774407,-6.059683150905546,0.00842358903714931,0.0003756994468630796,-0.00064510161130492,4.266377786349399,-120.26605862230909,492.18399702474886,6879.274792850678,0.0013705744982285667,53.00315507453794,5.8494967888666185,190.3481850195004,344.15383743697856
15 Jul 2026 00:42:00.000000000,-6843.690128759166,-579.0072649716469,161.23575625867204,0.24731085726966665,-4.583558080114426,-6.085127630190317,0.008424612291810633,0.0007155978416227755,-0.00019521937995744902,1.203963954842995,-118.21513194495158,491.9044598023239,6879.372209774685,0.001409088937198372,53.00345909956427,5.849475033929025,193.85930300300552,344.45678506107174
15 Jul 2026 00:43:00.000000000,-6813.703272653176,-852.5351847804263,-203.95889294469765,0.7518950445924474,-4.530668219456716,-6.083540713567714,0.008387984347309885,0.0010523593953390958,0.0002556185625464643,-1.8606421753829787,-116.16919637678212,491.74473616754557,6879.360950197242,0.0014322128846994524,53.00342251107131,5.849477170521679,197.4943998072013,344.6359422340426
15 Jul 2026 00:44:00.000000000,-6753.529266385718,-1122.2860502224519,-568.2471419199946,1.2531742253650406,-4.457702793268231,-6.054925689671031,0.008313861564438405,0.001384451826853172,0.0007053567995608432,-4.922250768729514,-114.11524716124822,491.7053983950884,6879.241187957923,0.0014396940785131164,53.003045759680916,5.84944631901803,201.22218485067066,344.7226046640895
15 Jul 2026 00:45:00.000000000,-6663.433732955819,-1387.0646111843516,-930.0104855276712,1.7489077309214875,-4.364986630016186,-5.999409083100689,0.008202580096374956,0.001710364970866034,0.001151944836002708,-7.975610382150392,-112.04014875241263,491.7850970500681,6879.015034144652,0.0014315367633488266,53.002335329495025,5.8493261709124145,205.01665573649385,344.7427788374897
15 Jul 2026 00:46:00.000000000,-6543.816027672099,-1645.6978093682494,-1287.6416930101218,2.2368803198898624,-4.252934313931665,-5.917240028550827,0.008054653889168123,0.0020286189882658167,0.0015933482856719467,-11.015308150726321,-109.93042366275304,491.9805948914468,6878.686499818111,0.0014079923240672605,53.00130362510147,5.849061989420831,208.8546619004473,344.71961803280686
15 Jul 2026 00:47:00.000000000,-6395.207394225904,-1897.0401047787652,-1639.552129194111,2.7149127554973598,-4.122048129424521,-5.808788978205793,0.007870771410207315,0.002337772314545832,0.0020275598842685134,-14.035664304232043,-107.77203809311986,492.28683467198846,6878.261424109692,0.001369548708439687,52.99996875306186,5.848601582588322,212.7138440757633,344.6754825334001
15 Jul 2026 00:48:00.000000000,-6218.268492656306,-2139.9786647247556,-1984.1789785384406,3.1808721503519775,-3.9729155384856347,-5.674545756540965,0.007651791160038184,0.002636429258795994,0.0024526102046797545,-17.030617409834385,-105.55018355146757,492.6970394010296,6877.747369045912,0.0013169182166581036,52.99835420171207,5.847896231497954,216.57059770554488,344.63397591414486
15 Jul 2026 00:49:00.000000000,-6013.786315294889,-2373.4383879663005,-2319.992333469464,3.632682007924249,-3.8062062144043987,-5.515116983827966,0.007398736046537147,0.002923247174884876,0.0028665779598465494,-19.99359662427414,-103.24905555186824,493.2028429754866,6877.153483094973,0.0012510237771379315,52.99648842493932,5.846901556959472,220.39769717272097,344.6223205390995
15 Jul 2026 00:50:00.000000000,-5782.670510864202,-2596.3867381849027,-2645.5021099368237,4.068331895272398,-3.6226686595208295,-5.331222896189769,0.007112786718374677,0.0031969431369427296,0.003267599789878883,-22.917377179451282,-100.85163364022713,493.7944484825403,6876.4903360302205,0.0011729843806430106,52.9944043373329,5.845578309096359,224.16109352954348,344.6745595945043
15 Jul 2026 00:51:00.000000000,-5525.949140695109,-2807.8383627003677,-2959.2647548897576,4.485886687836556,-3.4231264384579783,-5.123693595862036,0.006795273973751577,0.003456300064655243,0.0036538794452547953,-25.793915440854633,-98.33947202321094,494.4608109492127,6875.7697282446525,0.0010841011114779107,52.99213872970649,5.8438930657363155,227.81509411911236,344.8363772695943
15 Jul 2026 00:52:00.000000000,-5244.763894284928,-3006.859474421159,-3259.8897126727243,4.8834953345329835,-3.208474061118435,-4.893464770094065,0.006447670368314615,0.0037001722562129834,0.004023696293026095,-28.614160381202467,-95.69251784045213,495.1898408721819,6875.00447812088,0.0009858465637837717,52.989731615428965,5.841818827012987,231.29447384345903,345.1729873365464
15 Jul 2026 00:53:00.000000000,-4940.364794405521,-3192.5719770480982,-3546.04561960093,5.259399099012917,-2.9796725518597773,-4.641572921015541,0.006071581158786062,0.003927490302848707,0.004375413092492514,-31.367839539617812,-92.88898575425465,495.96862451340735,6874.208191452546,0.0008798632011359042,52.987225519250124,5.839335495573361,234.50062753686126,345.7829806740779
15 Jul 2026 00:54:00.000000000,-4614.104424310191,-3364.1573158485426,-3816.4661987156874,5.611939241293661,-2.7377447423952344,-4.369150151443534,0.0056687347192066785,0.004137265372127047,0.004707483004308781,-34.043220029862525,-89.90533435588566,496.7836566984458,6873.395017218489,0.0007679825678690067,52.984664721347066,5.83643023371285,237.2755617015801,346.8243334811526
15 Jul 2026 00:55:00.000000000,-4267.431711529814,-3520.860038570157,-4069.9558294194535,5.939564112181814,-2.4837703262991337,-4.077418553207253,0.005240972567281663,0.0043285928621773365,0.00501845581674553,-36.626849708689754,-86.71641310332643,497.6210817055464,6872.5793942273085,0.000652293327224541,52.98209447012295,5.833097691144459,239.34938841729706,348.5669133715484
15 Jul 2026 00:56:00.000000000,-3901.8853040964455,-3661.991053351555,-4305.394769570185,6.2408356410692205,-2.218880712442953,-3.7676842449537613,0.004790239133007238,0.004500655442311975,0.005306983391112486,-39.10329130724557,-83.2958783667442,498.46693778198807,6871.775793273978,0.0005353311424387857,52.97956017785088,5.829340099261002,240.22554185524507,351.5072629202216
15 Jul 2026 00:57:00.000000000,-3519.0865761476657,-3786.930572627251,-4521.744010296731,6.514435205172624,-1.9442537135412825,-3.441331105937654,0.004318571391027925,0.00465272550605923,0.005571824343967688,-41.454874468942116,-79.6170112922057,499.30740086334765,6870.998459483894,0.0004206040475869686,52.9771066135621,5.825167230293826,238.90882756641716,356.64055049096373
15 Jul 2026 00:58:00.000000000,-3120.7323001050763,-3895.130734252694,-4718.049746748429,6.759168875533233,-1.661108103875017,-3.099814250493085,0.0038280884679507913,0.00478416707500852,0.005811848001494861,-43.661508409538726,-75.65410057398623,500.12902319577125,6870.261159464809,0.00031414326439809854,52.974777107618,5.820596222092348,233.2376795484616,6.128313341512991
15 Jul 2026 00:59:00.000000000,-2708.5870229361885,-3986.1178929546395,-4893.447450452489,6.97397204100944,-1.3706980779397775,-2.7446532856506285,0.0033209813179533756,0.004894437197830136,0.006026037671944576,-45.70062146592139,-71.38456183002133,500.91896275822234,6869.576937748828,0.00022914918013730137,52.97261278218887,5.8156512717887345,218.68747271246895,24.495145382116924
15 Jul 2026 01:00:00.000000000,-2284.4751836509085,-4059.4945770777435,-5047.165531512066,7.1579134167345355,-1.074307638812033,-2.377425391151123,0.0027995025426767028,0.004983086895100244,0.00621349329278588,-47.54732051743136,-66.79191981583183,501.6651996430493,6868.957886790644,0.0001935009141061794,52.97065182138311,5.8103632038450455,191.6333784001954,55.36584193456801
15 Jul 2026 01:01:00.000000000,-1850.2730086921604,-4114.941107219562,-5178.528581112936,7.3101984474793795,-0.7732449419039766,-1.999758257526561,0.002265956412601925,0.005049761703910188,0.006373433516267717,-49.17488512498939,-61.86963455805777,502.3567358672295,6868.414934502137,0.00022624764176836502,52.968928794046604,5.804768920310604,165.41084629536914,85.40491814427452
15 Jul 2026 01:02:00.000000000,-1407.900221146222,-4152.216874785788,-5286.960186842782,7.430172119182506,-0.4688366165310942,-1.6133229139933143,0.0017226891264132827,0.0050942018759847635,0.006505197299734942,-50.555712335907806,-56.62546477911342,502.9837754421508,6867.957652954046,0.00030052765778850013,52.96747404128985,5.798910743197481,151.99697642918576,102.63523734064893
15 Jul 2026 01:03:00.000000000,-959.311598832879,-4171.161279741921,-5371.9853151161105,7.5173211935381286,-0.16242208451432855,-1.219826473877179,0.001172079325726157,0.005116242281818742,0.0066082450680421696,-51.66278544893969,-51.08563456577552,503.53788191842386,6867.594091473369,0.00038800305339913114,52.96631313962418,5.792835660822729,147.21672187388012,111.23180874650367
15 Jul 2026 01:04:00.000000000,-506.4884154085868,-4171.69432789272,-5433.232256542141,7.571275881011969,0.1446521079684373,-0.821004821355411,0.0006165288638846141,0.0051158120683737745,0.006682159511420867,-52.471632805364045,-45.29761626819894,504.0121110337089,6867.3306369164575,0.0004764877361659209,52.965466449216365,5.78659449164613,146.74496622626907,115.51971042843424
15 Jul 2026 01:05:00.000000000,-51.429797689992654,-4153.816888905726,-5470.434131383695,7.591810967077844,0.4510379317584704,-0.41861525964961666,5.8453810892262826e-05,0.005092934111792442,0.006726646076387111,-52.96257303109908,-39.3301287321665,504.40111651978896,6867.171903412843,0.000560994939312121,52.96494875523013,5.78024098062258,148.54633789904452,117.53427546368334
15 Jul 2026 01:06:00.000000000,403.85596845023116,-4117.6106170298235,-5483.429953354622,7.57884640496795,0.7553914780441033,-0.014429137605280104,-0.000499724337319346,0.005047724298292323,0.006741533198102842,-53.12285984132447,-33.26930533464664,504.70122756331415,6867.120653361224,0.0006391612849315913,52.96476900854265,5.773830844242108,151.6811975566777,118.21510497941166
15 Jul 2026 01:07:00.000000000,857.3601520062672,-4063.2375370766244,-5472.165250924304,7.532447385981455,1.056378514092502,0.3897755310060004,-0.001055587288015338,0.004980390657496514,0.006726772312265083,-52.948237813687264,-27.211044786339475,504.9104968589398,6867.177750924941,0.000709738523553633,52.964930170333716,5.767420781342954,155.67931815887178,118.03238859387089
15 Jul 2026 01:08:00.000000000,1307.082279556139,-3990.939298763033,-5436.692246080924,7.452823895600408,1.3526799829700302,0.7922214430115535,-0.0016067284691569082,0.004891232361169475,0.00668243767052851,-52.443493106436094,-21.250977334661687,505.0287186400598,6867.342148726926,0.0007720607448034869,52.96542916318025,5.761067467359682,160.28516087232003,117.24162899093477
15 Jul 2026 01:09:00.000000000,1751.0387961474712,-3901.036102996529,-5377.1695911974,7.340329760544887,1.6429974393395328,1.191139364831916,-0.002150761488585454,0.004780638591085759,0.006608725971609713,-51.621840421272395,-15.474498873531736,505.0574165189897,6867.610907891954,0.0008258262351787988,52.96625692938008,5.754826549922344,165.34963534808202,115.99188212279384
15 Jul 2026 01:10:00.000000000,2187.271653931999,-3793.9253041582715,-5293.861665295916,7.1954611886954885,1.926058413293061,1.5847754638465077,-0.0026853285877101573,0.004649087268066682,0.006505955804557874,-50.503322000139036,-9.949295207892746,504.99980141318906,6867.979251031971,0.0008709911051684489,52.96739859531488,5.7487516636489495,170.78014122781602,114.37571616975535
15 Jul 2026 01:11:00.000000000,2613.8567981426504,-3670.0796929393664,-5187.137431671134,7.018854800756281,2.2006216934440905,1.9713986004572241,-0.0032081091380067287,0.004497143625274798,0.006374566888146623,-49.11264374712474,-4.72171855245302,504.8607002760001,6868.440647228179,0.0009077056402984867,52.96883373877367,5.742893481634822,176.5155508425279,112.45422928584857
15 Jul 2026 01:12:00.000000000,3028.9125198395045,-3530.0454648501727,-5057.468859558112,6.811285149855765,2.465482519199149,2.3493075678075557,-0.0037168282204519615,0.004325458599581905,0.0062151190769013055,-47.47693559805835,0.18303928063081765,504.6464567868178,6868.986927534503,0.0009362673379262258,52.97053675433298,5.737298820397894,182.51272041020817,110.27053881655422
15 Jul 2026 01:13:00.000000000,3430.607644542046,-3374.439880179289,-4905.428913366752,6.573661723193344,2.7194776703559076,2.7168382640257933,-0.004209265316781242,0.004134767008089273,0.006028291093808979,-45.62381448245893,4.758058491773663,504.36480558535106,6869.608429020762,0.0009570801346087786,52.972477310156954,5.732009814098952,188.73872589935894,107.857545814786
15 Jul 2026 01:14:00.000000000,3817.1695254474753,-3203.948621959118,-4731.689113989474,6.307025418521158,2.961490440009913,3.0723707791674575,-0.004683263126996797,0.003925885471034852,0.005814878940050143,-43.57994344268443,9.010488904662044,504.02472205432224,6870.2941648954675,0.0009706156714925593,52.974620887972556,5.727063172522266,195.16614557975035,105.24265282749367
15 Jul 2026 01:15:00.000000000,4186.8918094732535,-3019.3228594069205,-4537.016677856419,6.012544487844474,3.1904554743446556,3.4143363758700915,-0.005136736511544772,0.003699710039513227,0.005575793926349452,-41.37011331783982,12.95720027509029,503.63625006042435,6871.032017804606,0.000977375399445434,52.97692939652054,5.722489535872299,201.77009100560542,102.4507332020672
15 Jul 2026 01:16:00.000000000,4538.141943898419,-2821.3760253812084,-4322.271240784748,5.6915099413474435,3.4053634603231835,3.7412243392698525,-0.005567681538644128,0.0034572134851548874,0.005312060266367476,-39.016769814079076,16.620995120257344,503.21031044949416,6871.808953000761,0.0009778539062307741,52.97936184750359,5.718312937603466,208.52633592692152,99.5060024119852
15 Jul 2026 01:17:00.000000000,4869.368390997796,-2610.980317609452,-4088.4011752577644,5.345330406251256,3.60526563977476,4.051588668143526,-0.005974184599196921,0.003199442210642517,0.005024812172713884,-36.53986906181428,20.027672106991574,502.75849345232604,6872.611247724692,0.0009725047812992815,52.981875081976455,5.714550384622667,215.4102092206487,96.43312530599923
15 Jul 2026 01:18:00.000000000,5179.107517814817,-2389.062934813756,-3836.4395115758907,4.975526438113792,3.7892781259875985,4.344054575718695,-0.006354431533244134,0.002927512743342812,0.004715290398187743,-33.956947525154625,23.203948239972096,502.2928384840796,6873.424732843148,0.000961710863918044,52.984424534259965,5.711211562060292,222.39607181158317,93.25773930792437
15 Jul 2026 01:19:00.000000000,5465.990128181989,-2156.602060358034,-3567.499475333688,4.583724285936691,3.9565859968413424,4.617324765330173,-0.00670671669539984,0.0026426077808201884,0.004384838171404805,-31.283314606045177,26.17610926301212,501.8256051044783,6874.235042551572,0.0009457609028282958,52.986965019832866,5.7082986676439855,229.4572647258327,90.00650642208217
15 Jul 2026 01:20:00.000000000,5728.747604321478,-1914.6226076595926,-3282.7696558718944,4.171649117287275,4.106447136845999,4.8701854432739,-0.007029451870657178,0.002345971764641834,0.0040348964841371215,-28.532303006060342,28.96921604024338,501.36903913854707,6875.027867782169,0.0009248344874044085,52.989451533266056,5.705806378339116,236.5664344676148,86.70678785254857
15 Jul 2026 01:21:00.000000000,5966.217625909529,-1664.1917432980192,-2983.5088226988255,3.741117715326694,4.238195799338202,5.101512028987333,-0.0073211749396500485,0.0020389059689520945,0.0036669986994074043,-25.715535208170355,31.606705060661138,500.93513812846504,6875.789208863257,0.0008989966014550494,52.99184004212215,5.703721949664531,243.69613657174267,83.38604038378196
15 Jul 2026 01:22:00.000000000,6177.3494354004715,-1406.414205505789,-2671.040409327698,3.2940306660148657,4.35124585958733,5.310274521215303,-0.007580558182429668,0.001722763101409949,0.0032827644629675906,-22.843181907483576,34.110252118199156,500.5354203875138,6876.50562295883,0.0008682023642127397,52.99408826284911,5.702025445677186,250.81960586234828,80.07104599303845
15 Jul 2026 01:23:00.000000000,6361.208619723979,-1142.427437470319,-2346.746686486691,2.832364060619924,4.445093729780713,5.495542478219759,-0.007806416103287264,0.0013989414262054831,0.0028838929159500882,-19.92420009914671,36.499802262456285,500.1807019480062,6877.164461879505,0.000832311583352753,52.99615640504778,5.700690095402723,257.911575629228,76.78709248514468
15 Jul 2026 01:24:00.000000000,6516.981380205247,-873.3965565990968,-2012.0626491704165,2.3581607457928087,4.519320907810452,5.656489570447923,-0.007997712657228706,0.0010688784316839563,0.002472155223254581,-16.96654602637984,38.793698659768964,499.88088563029635,6877.754096001501,0.000791111818281142,52.99800787107959,5.699682769222134,264.94903540286606,73.55721547149747
15 Jul 2026 01:25:00.000000000,6643.978264725844,-600.5091825296175,-1668.4696444565275,1.873521160622062,4.5735961335077535,5.792397665436071,-0.008153567759541885,0.0007340440775030524,0.0020493864487884264,-13.977362604913973,41.008865870295175,499.6447663043865,6878.264120255995,0.0007443479028118597,52.99960989879434,5.698964566687053,271.9118398775489,70.40158914771148
15 Jul 2026 01:26:00.000000000,6741.637338731264,-324.9701481815788,-1317.488769348061,1.3805938070327597,4.607677128437544,5.902660407108743,-0.008273262966122803,0.0003959336687990807,0.0016174768260249213,-10.963143345249923,43.16101957177403,499.479856167357,6878.685538456657,0.0006917554230407103,53.00093413618106,5.698491505239139,278.7831159810558,67.3371188761162
15 Jul 2026 01:27:00.000000000,6809.526774683063,-47.99611947682978,-960.6740700622885,0.8815654063763838,4.6214118985476045,5.98678625500917,-0.008356246221851167,5.60604158919006e-05,0.0011783624882108989,-7.929875969971541,45.264886162316,499.39223352026676,6879.010922613011,0.0006330955315792703,53.00195713795984,5.698215297661204,285.54945439080774,64.37724927866489
15 Jul 2026 01:28:00.000000000,6847.3468429077975,229.18984950926597,-599.6055761126759,0.3786508008741777,4.614739582778054,6.044400953303973,-0.008402135586339643,-0.00028405225202311865,0.000734015737249056,-4.8831693934462335,47.33442327287123,499.38641810119617,6879.234544325943,0.000568188669967477,53.00266077551584,5.698084204471491,292.2009102809763,61.53196306187503
15 Jul 2026 01:29:00.000000000,6854.931290470264,505.3637983261336,-235.88220417184007,-0.12591733650612708,4.587690835098748,6.0752494045443495,-0.008410721864637384,-0.0006228785424537871,0.0002864349434815548,-1.8283678296034451,49.38303713524627,499.4652755255262,6879.352475870461,0.0004969451797650698,53.0030325531072,5.69804394625428,298.7308764151247,58.80790746591096
15 Jul 2026 01:30:00.000000000,6832.24809863141,779.30635060497,128.8854319851926,-0.6298989162980315,4.540387732229257,6.079196929008395,-0.00838197008759513,-0.0009588982418783264,-0.00016236582134156733,1.2293442756036705,51.42379583104929,499.6299528107004,6879.362659129093,0.0004193913022198829,53.00306582492479,5.698038659862361,305.135948758407,56.20852817092052
15 Jul 2026 01:31:00.000000000,6779.399613576446,1049.8081846374428,493.08226821191147,-1.1310569008131073,4.473043204381031,6.0562298968382695,-0.008316019808989435,-0.0012906046581745718,-0.0006103673076559375,4.284842906780575,53.469639284065956,499.8798463355726,6879.2649411369575,0.000335689599627798,53.002759909317994,5.698011881731761,311.4160679047288,53.733927372689436
15 Jul 2026 01:32:00.000000000,6696.622049340448,1315.675455514842,855.0960555955011,-1.627167754994091,4.385959991597215,6.006455726945183,-0.008213184207650895,-0.001616512475539522,-0.0010555556536091973,7.332967252765122,55.53358783751753,500.21260292031127,6879.0610756218675,0.0002461533108429399,53.00212009829725,5.697907541075753,317.575956943911,51.37942541024725
15 Jul 2026 01:33:00.000000000,6584.284366139469,1575.7351405788193,1213.3246069884121,-2.116031808388706,4.279529133505395,5.9301022535941215,-0.008073948006843572,-0.00193516543541566,-0.0014959328763707684,10.368421149834967,57.62895159548828,500.62415402973465,6878.754690557411,0.00015125455287632754,53.00115756224719,5.697670945572796,323.6340618556145,49.126619866416156
15 Jul 2026 01:34:00.000000000,6442.886531552717,1828.8402805644578,1566.1829867827853,-2.5954834581510178,4.154228005387143,5.827516468501236,-0.007898964244133005,-0.002245143760697573,-0.0019295271752383907,13.385669730066178,59.769542482630946,501.1087824209176,6878.351222379772,5.162682324504484e-05,52.9998891516054,5.697249742365838,329.7433997884716,46.82253679055875
15 Jul 2026 01:35:00.000000000,6273.057176120047,2073.8750897275922,1912.1106069117884,-3.063401145645907,4.010617918265149,5.699162652983523,-0.007689049947610977,-0.002545071246596336,-0.0023544029376572745,16.378827729895924,61.96989013817136,501.65921989295083,6877.857818135372,5.1941940702428554e-05,52.99833709904995,5.696594837569446,154.84952666634646,225.5216626091192
15 Jul 2026 01:36:00.000000000,6075.55065883628,2309.759909454502,2249.578193120816,-3.517717043148373,3.84934130507049,5.545619921001214,-0.007445180792845864,-0.0028336219496677265,-0.0027686703474413005,19.341535804403797,64.24546112462616,502.26677417211675,6877.283207413642,0.0001585073521866877,52.99652862746064,5.695661258289802,160.72491796562446,223.45156288732218
15 Jul 2026 01:37:00.000000000,5851.243561699921,2535.4559812653147,2577.0945869340353,-3.956426392089417,3.671118518785705,5.367579199673416,-0.007168484833340329,-0.003109526416964566,-0.0031704945059054575,22.266821112994094,66.61287815472427,502.92148239509527,6876.637546465162,0.00026699647630628925,52.99449547055102,5.694408942120423,166.3096764665365,221.67217414552405
15 Jul 2026 01:38:00.000000000,5601.130635741291,2749.9700168463014,2893.213350572916,-4.3775964403724945,3.4767442715759063,5.165839678793945,-0.006860235407937829,-0.0033715774077119997,-0.0035581039889080743,25.146938500167252,69.09013158185266,503.61228815093483,6875.932237398564,0.0003762142753586996,52.99227331457492,5.692803440392473,171.7609534139497,220.02638230188325
15 Jul 2026 01:39:00.000000000,5326.320224030217,2952.3585444269697,3196.5391439018986,-4.7793749326969355,3.2670837464631455,4.941304765104502,-0.006521843344633093,-0.0036186350742319962,-0.003929798779579636,27.973188969810113,71.69676847320063,504.3272386192388,6875.179725780474,0.00048486752196651156,52.98990117087845,5.690816522896577,177.09964861419462,218.493322219108
15 Jul 2026 01:40:00.000000000,5028.029189570427,3141.732012920623,3485.733844920216,-5.159998115302346,3.04306841465927,4.694977580167231,-0.006154848580404647,-0.0038496315800353588,-0.004283957531249048,30.7357131493044,74.45403414323829,505.0536980065848,6874.393280325411,0.0005915875677669735,52.987420690259626,5.68842667360092,182.3339863986305,217.06480143064894
15 Jul 2026 01:41:00.000000000,4707.577378190507,3317.2586371487046,3759.522387556714,-5.517798223788688,2.805691592634119,4.427956042929043,-0.005760911324139979,-0.004063575147619522,-0.004619044133472087,33.42325952840242,77.38492578764924,505.7785732381769,6873.586758649459,0.0006949555276675456,52.98487543110655,5.685619468689486,187.46884710420497,215.73596839961633
15 Jul 2026 01:42:00.000000000,4366.381648155706,3478.167969570149,4016.6982930859963,-5.851210430244441,2.5560037730546585,4.141427579182787,-0.005341802885160349,-0.00425955354054273,-0.004933613570499266,36.02293115576638,80.51409657037462,506.4885477092337,6872.77436327142,0.000793529012000078,52.98231009408319,5.682387830348974,192.50752754004242,214.50355184484545
15 Jul 2026 01:43:00.000000000,4005.9494995083223,3623.7541859305647,4256.128873969523,-6.158779233117263,2.295107763132569,3.836663500313601,-0.00489939628572758,-0.004436736996354257,-0.005226317078046303,38.51992118023668,83.86752058117615,507.17031883738815,6871.970392175034,0.0008858698205132746,52.97976973671457,5.678732151839321,197.4521637317159,213.3654378442629
15 Jul 2026 01:44:00.000000000,3627.872336799825,3753.3790742889805,4476.76009155136,-6.439164280236114,2.0241536624824232,3.515013092772401,-0.004435656767232052,-0.004594380638620591,-0.0054959066209081565,40.89725838910666,87.47179597695697,507.8108351796091,6871.188988297347,0.000970572049607888,52.977298981573526,5.674660291670603,202.30378862876094,212.3206120324034
15 Jul 2026 01:45:00.000000000,3233.818399479849,3866.4747186527934,4677.62105133587,-6.691145621382635,1.7443337108197632,3.1778974581747432,-0.003952632285563092,-0.00473182640361281,-0.005741238725498515,43.13559996751465,91.35293148969468,508.3975289762995,6870.443892283343,0.00104629009612424,52.974941231888906,5.670187436904717,207.062245145565,211.36924652118762
15 Jul 2026 01:46:00.000000000,2825.5253940921,3962.545870284514,4857.828122032624,-6.913628392348876,1.4568770332919005,2.8268031413236114,-0.0034524440777369578,-0.00484850452547995,-0.005961277714361122,45.21313062037279,95.53444515666031,508.91854015426327,6869.74820274836,0.0011117660800456079,52.97273790827401,5.665335837951581,211.72600838535368,210.5128776944037
15 Jul 2026 01:47:00.000000000,2404.7928622788336,4041.1720012834244,5016.588666648213,-7.105646936724008,1.1630443085419087,2.4632755804571387,-0.002937277364613035,-0.004943934628629855,-0.006155098398415462,47.10565329169404,100.03463157547912,509.3629280486071,6869.114148123307,0.0011658562590344842,52.970727719917676,5.660134419380233,216.29191949495785,209.75467242641716
15 Jul 2026 01:48:00.000000000,1973.4743180874862,4102.009036479645,5153.20437589276,-7.266368375013938,0.8641223815906224,2.088912410487464,-0.0024093722350843473,-0.005017726477541035,-0.006321888287505661,48.786980728216,104.86296748140526,509.72086738214534,6868.552873928749,0.001207556074949377,52.96894598299442,5.654618273497477,220.75480913520698,209.09980473785058
15 Jul 2026 01:49:00.000000000,1533.4691874350347,4144.790760907131,5267.074195913543,-7.39509563289682,0.5614188405641375,1.7053566462277259,-0.0018710147394792294,-0.005069580435699236,-0.006460949384087167,50.22974553488442,110.01587071013327,509.9838253598615,6868.074249037114,0.0012360235644905484,52.96742399824195,5.64882804543274,225.10696800526824,208.555985446569
15 Jul 2026 01:50:00.000000000,1086.7145818331808,4169.329901176559,5357.6968438863205,-7.491269941489885,0.25625657328450907,1.3142897687588178,-0.0013245282000467894,-0.005099287681580027,-0.0065716996226381245,51.40671787396428,115.47241912621928,510.1447170867859,6867.686694146125,0.0012506009958596687,52.96618849864242,5.642809220403582,229.33739563368948,208.13421359706166
15 Jul 2026 01:51:00.000000000,635.1769376980562,4175.518879945686,5424.67290628129,-7.55447282247376,-0.050031683057258296,0.9174247343616787,-0.000772264729542915,-0.005106730226873107,-0.006653674016058743,52.29263196289762,121.19109608496625,510.19803689240933,6867.3970353059085,0.0012508347842441025,52.96526117693601,5.636611325524166,233.43071860743262,207.84985849202616
15 Jul 2026 01:52:00.000000000,180.84355181258488,4163.330243405031,5467.706515689468,-7.584427569877513,-0.35610878840563975,0.5164989220114719,-0.00021659693230418502,-0.005091880773892168,-0.0067065255615458294,52.8663687464823,127.10893429695574,510.1399635374418,6867.210384924159,0.0012364940334871396,52.964658301321776,5.630287060045841,237.36560383418407,207.72424672531415
15 Jul 2026 01:53:00.000000000,-274.28595715374036,4132.816762279844,5486.6066029663525,-7.581000238393449,-0.6606386338174454,0.11326703246702363,0.00034009025090999783,-0.005054802442501935,-0.006730025951426027,53.113156914170546,133.14425397485797,509.9684376834864,6867.130052224169,0.0012075885298288868,52.96439042617667,5.6238913691880885,241.11238084162932,207.7870402064322
15 Jul 2026 01:54:00.000000000,-728.2082316890768,4084.111207326409,5481.287722157355,-7.544200145428694,-0.9622915557107765,-0.2905060503665343,0.0008954076039103116,-0.004995648386291254,-0.006724066121750598,53.026322027156084,139.2033194494886,509.6832104200456,6867.157484655609,0.0011643878337693658,52.96446220297751,5.6174804777195995,244.62939128518843,208.0798869985362
15 Jul 2026 01:55:00.000000000,-1178.9247740176427,4017.42580070526,5451.770446252854,-7.474179890905075,-1.2597497240924003,-0.6930524267535443,0.0014469696583504527,-0.004914661308165178,-0.006688656659622214,52.60813327777958,145.18986898399854,509.28586206308927,6867.29224126324,0.001107444598116187,52.964872294871405,5.6111109001749035,247.85722992132503,208.66218070590972
15 Jul 2026 01:56:00.000000000,-1624.4505313300872,3933.051344982153,5398.181332326877,-7.371234895305298,-1.5517124987432431,-1.092608368893246,0.0019924027393156364,-0.00481217287375298,-0.00662392807501865,51.86950815650334,151.0152794128176,508.77979086320784,6867.531998509984,0.0010376280611644458,52.96561339653396,5.604838445070907,250.7093836420416,209.62042180820478
15 Jul 2026 01:57:00.000000000,-2062.822438708645,3831.3560318794835,5320.752455094408,-7.23580245286509,-1.8369017469518432,-1.487421520868725,0.0025293530925585973,-0.004688603011616642,-0.006530130930208223,50.828660502983816,156.60684585415004,508.1701716889723,6867.872588533507,0.0009561793110568614,52.96667235911671,5.59871723057529,253.05652507334685,211.08392443146863
15 Jul 2026 01:58:00.000000000,-2492.1078905088893,3712.7839333118695,5219.820508429717,-7.06846029336175,-2.1140671153776376,-1.875758101608909,0.0030554951481759876,-0.004544459077189651,-0.006407635803210384,49.50906086076029,161.91247410213813,507.46388517996235,6868.3080692947615,0.0008648117731971463,52.96803041824197,5.592798728994229,254.69932409821843,213.25200518828785
15 Jul 2026 01:59:00.000000000,-2910.4131104642333,3577.8531777346448,5095.825474976372,-6.869924642889122,-2.381991246999742,-2.255910099950362,0.0035685399673782837,-0.004380334849795975,-0.0062569330505681895,47.937193331869715,166.9014695204085,506.6694182947781,6868.830825559785,0.0007659062620170337,52.96966352119287,5.58713085685033,255.32023351260818,216.4421978715288
15 Jul 2026 02:00:00.000000000,-3315.89139013651,3427.1538154309624,4949.308864696449,-6.641047771542075,-2.6394949320021803,-2.6262024483741575,0.004066243906935437,-0.0041969093227439015,-0.006078632320712516,46.140524766353046,171.5622793799711,505.7967376088705,6869.431699146922,0.0006629072596572897,52.97154274769356,5.5817571267377994,254.39811754053696,221.1756252689542
15 Jul 2026 02:01:00.000000000,-3706.7511645407308,3261.345377111363,4780.9115240977435,-6.3828150142753755,-2.8854421788731686,-2.9850001588136266,0.004546417521565703,-0.003994945241650823,-0.005873461760827624,44.14592998096442,175.89855421367835,504.85713714376567,6870.100146378189,0.000561145208351505,52.97363481701707,5.576715875925499,251.07003463873983,228.31521666199555
15 Jul 2026 02:02:00.000000000,-4081.263892925322,3081.154131098898,4591.371018978879,-6.0963412504963195,-3.118745189155409,-3.3307154002194617,0.005006934706601665,-0.0037752873408621224,-0.005642266850934748,41.978640032118065,179.9247827551695,503.86306292910547,6870.8244202025335,0.00046945772364346714,52.97590267261938,5.5720395854958715,243.9998547382153,239.1970908556076
15 Jul 2026 02:03:00.000000000,-4437.771711813166,2887.3700454607842,4381.518594871772,-5.782866828344861,-3.3383692162378744,-3.6618144934885892,0.005445742065229997,-0.0035388602274950246,-0.005386008796039097,39.66165917446659,-176.3376664698507,502.8279169066724,6871.5917740168725,0.0004024719818560645,52.97830613411044,5.567754302121423,231.74637619239212,255.26243946439675
15 Jul 2026 02:04:00.000000000,-4774.694826608542,2680.8434627033366,4152.2757209541305,-5.443752921168789,-3.543337285535713,-3.9768247950980893,0.005860868463420046,-0.003286665861974242,-0.005105762403709314,37.2155408347039,-172.86370687958112,501.76584317477534,6872.388683806957,0.00037931573465689437,52.980802605159106,5.56387917293553,214.914786286654,275.90606659593044
15 Jul 2026 02:05:00.000000000,-5090.5386073878635,2462.48149609904,3904.6502250583167,-5.080476306475043,-3.7327347504509225,-4.274341436527448,0.006250434717001918,-0.003019780588626344,-0.004802713378421115,34.65840622850921,-169.6268279095441,500.6914999341086,6873.201084871638,0.00041016811233597026,52.98334782491051,5.56042610186485,198.30068944547347,296.3323607914203
15 Jul 2026 02:06:00.000000000,-5383.900354021742,2233.244158322546,3639.732029507214,-4.694623561592672,-3.9057136558461365,-4.5530338825068775,0.0066126633342397,-0.002739351674307683,-0.004478154967134946,32.006107785280456,-166.60062340357518,499.6198208228318,6874.014619089771,0.0004847737964819583,52.98589664969405,5.557399533741328,186.44037170483287,312.0050306534331
15 Jul 2026 02:07:00.000000000,-5653.47569556887,1994.1402348408744,3358.6884998457663,-4.287884675373461,-4.061496878499802,-4.811652267491227,0.006945888221059852,-0.002446593322341621,-0.004133483900958952,29.272465764649382,-163.75971984117098,498.56576960908035,6874.81488844597,0.0005847217644478796,52.98840385122935,5.554796370193997,179.6606545798884,322.5972510289232
15 Jul 2026 02:08:00.000000000,-5898.064589022337,1746.222916378847,3062.75942107468,-3.862046081349535,-4.19938201230712,-5.049033466720028,0.007248564238753582,-0.0021427821380420324,-0.00377019558765003,26.46953081679114,-161.0802705503579,497.54409243260625,6875.587710359357,0.0006960602237335754,52.99082491721026,5.552606019073474,176.48189382370197,329.58866425098046
15 Jul 2026 02:09:00.000000000,-6116.57688301488,1490.5852067535452,2753.251618690613,-3.418983124726647,-4.318744964930154,-5.264106855951823,0.007519276492707402,-0.0018292520346349823,-0.003389878524778312,23.607844185539577,-158.54015507646648,496.5690719425589,6876.319370262464,0.0008102276400675751,52.993116840070364,5.550810576731567,175.6032337630481,334.2801257534745
15 Jul 2026 02:10:00.000000000,-6308.037413060807,1228.3551243791628,2431.5332446414327,-2.960651983203447,-4.4190432322983675,-5.455899712602163,0.007756749220362938,-0.0015073885811196933,-0.0029942079191752177,20.696680476888652,-156.11898905090328,495.6542877556807,6876.996866863632,0.0009218874117039322,52.99523887990724,5.549385140138846,176.1929336557712,337.5033776152949
15 Jul 2026 02:11:00.000000000,-6471.590596352775,960.6907177511988,2099.0277511593313,-2.489081069654589,-4.499818817868657,-5.623542210682001,0.007959854142629846,-0.0011786228078602078,-0.002584938516520936,17.74426644161052,-153.79801904430568,494.8123876494428,6877.608145598873,0.0010274312025975187,52.99715328797097,5.548298243485936,177.74842487360772,339.76099123239436
15 Jul 2026 02:12:00.000000000,-6606.504496064207,688.774917165888,1757.2075782716945,-2.006361952937796,-4.560700764915555,-5.766271962705445,0.008127618141084514,-0.0008444244996094963,-0.0021638966632749656,14.757974351961483,-151.5599523411211,494.0548738005759,6878.142315940258,0.0011242239889575757,52.998825977792,5.547512411714381,179.9620213706334,341.36065666052934
15 Jul 2026 02:13:00.000000000,-6712.17432753067,413.81024677717454,1407.5875835449754,-1.5146398412275228,-4.601407272334238,-5.883438063649941,0.008259230128055205,-0.00050629502023651,-0.0017329716429187614,11.744491424704554,-149.38875351520545,493.39190817760067,6878.589848478028,0.001210242664302258,53.000227131929854,5.546984821306428,182.639065657921,342.4970364120226
15 Jul 2026 02:14:00.000000000,-6788.12538158577,137.0134227835675,1051.7182452196878,-1.0161036800675485,-4.621747367480006,-5.9745045951061595,0.008354046983707323,-0.00016575972634399084,-0.001294106346520827,8.709968205860529,-147.26942706626826,492.83214089453776,6878.942748031476,0.0012839014180401447,53.00133173344578,5.5466680567076825,185.651748218921,343.29794577675443
15 Jul 2026 02:15:00.000000000,-6834.015343678874,-140.39013497804757,691.1786722809325,-0.5129759245113658,-4.621622113378905,-6.039053551902428,0.008411598447789331,0.00017563996048400264,-0.000849287355890321,5.660149469840752,-145.18779687985818,492.3825649351023,6879.194699462491,0.001343965470004829,53.00212001252815,5.546510949014393,188.91297669594442,343.85048334242225
15 Jul 2026 02:16:00.000000000,-6849.635991158498,-417.17184953041607,327.56945711409344,-0.007502051030015363,-4.6010253321382715,-6.076787158645439,0.008431590868501669,0.0005163547428655652,-0.00040053453292471485,2.6004913744580183,-143.13028772421356,492.0484001684694,6879.341183360644,0.0013895073058611928,53.00257780019606,5.546459482139102,192.36117426182574,344.2162323060337
15 Jul 2026 02:17:00.000000000,-6834.914255207235,-692.1055618834031,-37.49459183424883,0.4980601198793589,-4.560043831442552,-6.087529549660982,0.00841390973235752,0.0008548358098398047,5.010977731685875e-05,-0.4637314122445895,-141.08371048184424,491.83300900962263,6879.379559328779,0.001419883419212721,53.00269678265864,5.546457750316482,195.95110255692052,344.4404372030141
15 Jul 2026 02:18:00.000000000,-6789.912638294799,-963.9731047076319,-402.391798584542,1.0014512154703463,-4.498857126514989,-6.071227792590127,0.008358620918693006,0.0011895432776730332,0.0005005918119053124,-3.527324997905024,-139.03505067882313,491.7378454427899,6879.309115212182,0.0014347205667673557,53.002474651674575,5.546448949932489,199.64807608429274,344.5577891679971
15 Jul 2026 02:19:00.000000000,-6714.8289825922375,-1231.569844181228,-765.5010095702972,1.5004211394039024,-4.417736655695955,-6.027952243213987,0.008265970649577402,0.0015189546117884067,0.000948857598196409,-6.5850784449756175,-136.97125868746969,491.762438442457,6879.131081268769,0.0014339058280836315,53.00191514811691,5.546376388022417,203.42411498411255,344.5962728134494
15 Jul 2026 02:20:00.000000000,-6609.9955894796085,-1493.7101596919115,-1125.2089847136463,1.9927398586715015,-4.317044493676214,-5.95789622673939,0.008136384128286699,0.001841572931483298,0.0013928641755023116,-9.631665373197443,-134.87903948259898,491.9044101120681,6878.84860895701,0.001417577438593765,53.00102799786005,5.546184489401551,207.25519512166036,344.5799157990275
15 Jul 2026 02:21:00.000000000,-6475.87769498859,-1749.2328314995675,-1479.9177492853232,2.4762080705988145,-4.19723157225659,-5.861375048562749,0.007970462887378155,0.002155935101824299,0.0018305907008219948,-12.66154150213026,-132.74463991780738,492.1595281362696,6878.466714707871,0.0013861148126647392,52.99982874104024,5.545819784457498,211.11906852032095,344.5309680675554
15 Jul 2026 02:22:00.000000000,-6313.071310662069,-1997.006307219864,-1828.0518666107967,2.948667673676604,-4.058835424118857,-5.7388243452171555,0.007768980890401334,0.0024606195218047477,0.0022600493124742757,-15.668834576920295,-130.55363217733185,492.5217914292167,6877.992189728086,0.0013401270318267005,52.99833845765833,5.545231859906204,214.99327435372706,344.4718905405854
15 Jul 2026 02:23:00.000000000,-6122.300443793852,-2235.93381908388,-2168.0655925414194,3.4080119693516684,-3.9024774703245857,-5.590797793581962,0.007532879448483395,0.0027542535230925254,0.0026792956301245523,-18.647223010355024,-128.29069350595378,492.9835471801884,6877.433477541834,0.001280439663999756,52.996583394361956,5.5443742555050015,218.85299740566526,344.42749637175973
15 Jul 2026 02:24:00.000000000,-5904.413715255042,-2464.9583253101946,-2498.449873891234,3.8521955266161605,-3.7288598769708448,-5.417964203289105,0.007263261089470987,0.0030355203238532,0.003086438799685934,-21.58979947932812,-125.93938483426825,493.53563686672607,6876.800521597615,0.0012080802965217677,52.994594499025894,5.543205290610445,222.66836630425797,344.4276524578493
15 Jul 2026 02:25:00.000000000,-5660.38039702629,-2683.0672505993803,-2817.739154727025,4.27924364713629,-3.538762010479512,-5.221104023402741,0.006961382341877745,0.003303165423311834,0.0034796509362867564,-24.488915729982597,-123.4819350010032,494.1675682422253,6876.104585835504,0.0011242637838807135,52.99240687141596,5.541688805808467,226.4005809762954,344.51115176758196
15 Jul 2026 02:26:00.000000000,-5391.285895127459,-2889.2970026023195,-3124.5179563805646,4.687261375449123,-3.3330365243309825,-5.001105299754325,0.006628645794161267,0.003556002476366068,0.0038571759705047703,-27.336005138115222,-120.89904366749809,494.867709822251,6875.358051613273,0.0010303791902946482,52.99005913973617,5.539794806276493,229.99580547706032,344.7318203378007
15 Jul 2026 02:27:00.000000000,-5098.326706692245,-3082.73724332387,-3417.4271994356595,5.074442006436836,-3.1126051124954026,-4.758959123567699,0.006266591321160835,0.003792918526477376,0.0042173377500533335,-30.12138041643528,-118.16972573151811,495.62350400242207,6874.5741948175455,0.0009279822886666732,52.9875927741991,5.537499995359074,233.3747812649675,345.1689038726209
15 Jul 2026 02:28:00.000000000,-4782.804882639624,-3262.5348965346197,-3695.1702383927413,5.439075050220778,-2.878453966489682,-4.495754615273762,0.005876886758161377,0.004012878629733283,0.004558547403961392,-32.834005694419396,-115.27123433871053,496.42169464662254,6873.766947332384,0.0008188015860474867,52.985051349896814,5.534788188770835,236.41391394874947,345.9459809209632
15 Jul 2026 02:29:00.000000000,-4446.122029502373,-3427.8978745585805,-3956.518582476437,5.779553622967218,-2.6316289737051215,-4.212673489473615,0.005461318112664855,0.004214929847429741,0.004879309927053464,-35.461245690620785,-112.17911977627776,497.2485647898957,6872.9506472947605,0.0007047757882027032,52.9824797721642,5.531650602040746,238.908330793822,347.26790534870713
15 Jul 2026 02:30:00.000000000,-4089.7728856047265,-3578.098510065968,-4200.317278853164,6.09438124030264,-2.3732306945426753,-3.9109842479454597,0.0050217794556813725,0.004398204618413357,0.00517822998092511,-37.98860080265305,-108.86750844847667,498.09018000487544,6872.139782732211,0.0005881672376610201,52.97992347830165,5.528086006025941,240.49391928419004,349.4987678111668
15 Jul 2026 02:31:00.000000000,-3715.3385080411563,-3712.4766806949897,-4425.489937275651,6.382177997829967,-2.1044091550670245,-3.5920360475362574,0.00456026261885439,0.004561923531437301,0.005454016921537797,-40.3994468851271,-105.30971888802478,498.93263297917184,6871.348733253641,0.00047187533466064275,52.97742762994764,5.524100747776811,240.46831369557955,353.3409092701487
15 Jul 2026 02:32:00.000000000,-3324.4791074782033,-3830.4426165512523,-4631.043378073248,6.641686130709318,-1.8263584901931798,-3.2572522885072237,0.004078846815120571,0.004705397530882303,0.005705489082104629,-42.67481358097677,-101.47936537017208,499.7622849379476,6870.591514448861,0.00036033811609578395,52.97503631055334,5.5197086363821874,237.34844392987355,0.277372306048059
15 Jul 2026 02:33:00.000000000,-2918.926568198336,-3931.479382620026,-4816.071888004731,6.871774950703488,-1.540311470293629,-2.9081239669419636,0.0035796882835109696,0.0048280295961402615,0.0059315773514245105,-44.793256092788226,-97.35212130375493,500.5659997103324,6869.88152955187,0.000262312708652803,52.972791742313646,5.51493069592296,227.82731568338482,13.615121150589916
15 Jul 2026 02:34:00.000000000,-2500.4766906608584,-4015.1450300483784,-4979.7610710877525,7.0714451647654855,-1.2475339413930677,-2.5462028319577734,0.0030650100433726084,0.004929315943014426,0.006131328100645305,-46.73090115698826,-92.90829876090318,501.33136647208954,6869.231332741902,0.0001982957224708419,52.97073353654769,5.509794790001422,206.26811134349106,38.99094104353459
15 Jul 2026 02:35:00.000000000,-2070.981193476683,-4081.0744119669275,-5121.391283863031,7.239832583764388,-0.9493192061137637,-2.1730943850716975,0.0025370918237937645,0.005008846799185757,0.00630390551887946,-48.461773517331444,-88.13630693913558,502.04690748784503,6868.652408200996,0.00019925827104730844,52.96889799090958,5.504335124648311,176.41221479268373,72.66341373095767
15 Jul 2026 02:36:00.000000000,-1632.3395110566776,-4128.980661052587,-5240.340646692681,7.3762112333256535,-0.6469823693377182,-1.7904507552680848,0.00199826021437194,0.005066306807692796,0.006448593423309046,-49.95852227954549,-83.0368333961592,502.70226751401646,6868.15496872605,0.00025891949714652114,52.967317445953846,5.498591638567885,156.6942933295808,96.19783589133795
15 Jul 2026 02:37:00.000000000,-1186.4904223892204,-4158.656327370862,-5336.087624592093,7.479995880946324,-0.34185466932435465,-1.3999634793146327,0.0014508790637849593,0.005101475111572145,0.00656479661091909,-51.19364689382768,-77.62722231131374,503.2883818981845,6867.747777313702,0.00034268221748719326,52.96601971250079,5.49260929170878,148.57092180632665,108.1375953849619
15 Jul 2026 02:38:00.000000000,-735.4035455008515,-4169.974176181159,-5408.2131727499445,7.550743994556808,-0.03527781191444256,-1.0033562128756008,0.0008973401333393835,0.005114225169689453,0.006652041817459903,-52.141246444069715,-71.9450589044612,503.7976208126606,6867.437994708902,0.0004316181937078626,52.965027579959695,5.48643726496173,146.4902719803586,114.03448232285082
15 Jul 2026 02:39:00.000000000,-281.07073122812346,-4162.887646352582,-5456.402443305446,7.588157147605293,0.27140167739578824,-0.6023773941711873,0.00034005399521084954,0.0051045243484339215,0.006709978344372961,-52.77917192677654,-66.04960506781771,504.22390748113963,6867.23105543769,0.0005183237254623132,52.96435841430311,5.480128085348317,147.44223652449838,116.89856550478214
15 Jul 2026 02:40:00.000000000,174.50261096063682,-4137.430970843058,-5480.446051144474,7.592081884656183,0.5768380711929573,-0.1987928785093446,-0.00021855885037772515,0.005072433326291342,0.006738378406253456,-53.09127458347025,-60.01979088646381,504.5628086919842,6867.130574344217,0.0005995581751082351,52.96402385276245,5.473736692371512,150.0784525381635,118.0781693766066
15 Jul 2026 02:41:00.000000000,629.3062231517756,-4093.718961365593,-5480.240897473764,7.562510059573819,0.8796920173670064,0.2056214408693094,-0.0007760766770462265,0.005018105339865855,0.0067371372417749185,-53.06929101895812,-53.94821409471472,504.8115963332411,6867.138285125581,0.0006736859326932937,52.964029600573554,5.467319462260521,153.75530730505304,118.21686875408095
15 Jul 2026 02:42:00.000000000,1081.3337138925308,-4031.946459934116,-5455.790550773167,7.499578655798174,1.1786360669000924,0.6090870124142387,-0.0013300851001094402,0.004941785289993663,0.006706273018902486,-52.71389093019514,-47.93193129943708,504.96927913055674,6867.254011816393,0.0007398298449103727,52.96437533326423,5.460933207529558,158.13727044707863,117.65015715573998
15 Jul 2026 02:43:00.000000000,1528.5912470117914,-3952.3874604850907,-5407.205185453752,7.403569095225381,1.4723601441194258,1.0098299945953308,-0.0018781855628117318,0.004843808716154135,0.006645926552024159,-52.03459287571489,-42.062130479248474,505.036604215959,6867.4756736236495,0.00079755122245515,52.96505470608265,5.454634169687886,163.03523201768294,116.56710919380755
15 Jul 2026 02:44:00.000000000,1969.1061738422698,-3855.393904245819,-5334.701079213923,7.2749060390140565,1.7595769514853186,1.4060886018207859,-0.002418003794246563,0.004724600636351909,0.006556360834033534,-51.04857226554793,-36.41526890435891,505.0160286012675,6867.799322959878,0.0008467069627458919,52.966055470250176,5.448477023031712,168.33523250769107,115.08165104213691
15 Jul 2026 02:45:00.000000000,2400.9355784252807,-3741.3941530049306,-5238.599670738372,7.114155680485539,2.0390273005351007,1.7961204166226863,-0.00294719829003864,0.004584674240344857,0.006437960373693875,-49.778692681559285,-31.04761657144226,504.9116610733934,6868.2192159746555,0.0008873719767488238,52.96735969381664,5.442513907217256,173.96421917142848,113.26680456569876
15 Jul 2026 02:46:00.000000000,2822.174705187573,-3610.891144972088,-5119.326180077092,6.922023527406919,2.3094853595636557,2.178209655774742,-0.0034634688600356095,0.004424629413806141,0.006291230314044409,-48.251244243383276,-25.993786242901002,504.7291754678377,6868.727914348633,0.0009197868793320893,52.96894408303837,5.436793505739648,179.8722393446681,111.17249443258062
15 Jul 2026 02:47:00.000000000,3230.9652383276157,-3464.4602385241574,-4977.4077948226895,6.699351668557585,2.569763807065453,2.5506743762315742,-0.003964565277625921,0.004245151064020384,0.006116795297073069,-46.49383295465422,-21.268554773617435,504.4756967102269,6869.3164165966755,0.0009443152771844712,52.970780398419336,5.431360186617474,186.02250630853004,108.83548264728016
15 Jul 2026 02:48:00.000000000,3625.503401769041,-3302.7467498553724,-4813.471426117247,6.447115517781747,2.8187188779680588,2.9118736043444917,-0.00444829605198335,0.004047007210257439,0.005915398028307351,-44.53370145603968,-16.87063433541952,504.1596614401678,6869.974316634725,0.0009614043432121342,52.97283595788697,5.426253220398982,192.38551288406737,106.28525531399201
15 Jul 2026 02:49:00.000000000,4004.0478480862766,-3126.4631913961703,-4628.241039602115,6.166420027880919,3.055255287381802,3.260214368838433,-0.004912537329556686,0.0038310467988755268,0.0056878974889585715,-42.39657741737092,-12.787071973787011,503.7906554445448,6870.689986903804,0.0009715464518289734,52.9750742180463,5.421506089256403,198.9353833604311,103.54767102104385
15 Jul 2026 02:50:00.000000000,4364.927304328129,-2936.386218864625,-4422.534567701492,5.858495366835876,3.2783310140757544,3.5941586146872004,-0.005355241913567757,0.0035981972000456173,0.0054352667369247714,-40.10601091171321,-8.997351671819782,503.37923052319604,6871.450782923577,0.0009752417039889655,52.97745542309275,5.417145899207913,205.64757204804445,100.64726254984245
15 Jul 2026 02:51:00.000000000,4706.547942236431,-2733.3532959582526,-4197.260411121641,5.5246920500381185,3.4869619233365885,3.9122299714686877,-0.005774448372674573,0.0033494613441702853,0.005158590237383203,-37.68309521423827,-5.476733041878713,502.9367037829787,6872.243265770997,0.0009729623432176241,52.97993730979289,5.413192905737284,212.49745697187774,97.60864338883972
15 Jul 2026 02:52:00.000000000,5027.400440028483,-2518.2590869995943,-3953.4135391563445,5.166475524506156,3.6802262063796003,4.213020346207669,-0.006168290190753444,0.003085914457658764,0.004859060663459614,-35.14645193579619,-2.1987100526823573,502.4749426994362,6873.053438656263,0.0009651207571659822,52.98247585597916,5.409660160962916,219.45959230287383,94.4572554509726
15 Jul 2026 02:53:00.000000000,5326.066702766166,-2292.051589286849,-3692.071200311412,4.785420204433886,3.8572686112373074,4.49519630730781,-0.0065350048933325924,0.002808700363767338,0.004537975113561843,-32.512377326939806,0.8633278685835831,502.00613959005267,6873.866993503019,0.0009520430880980297,52.98502605926794,5.406553288418807,226.50748263157752,91.21959488796901
15 Jul 2026 02:54:00.000000000,5601.22620842225,-2055.728018471651,-3414.388256876822,4.383202961819592,4.017304438153971,4.757505223126694,-0.0068729430685295235,0.0025190273203443284,0.004196730697936492,-29.795072749912656,3.735070184577779,501.54257940045335,6874.669563240344,0.000933950450608836,52.98754273221091,5.403870389183399,233.61377843998454,87.92301664395316
15 Jul 2026 02:55:00.000000000,5851.661947142479,-1810.3304619493108,-3121.592159358342,3.9615960812376017,4.159623271109569,4.998781116229793,-0.007180577187885784,0.0022181633761242194,0.003836819458652681,-27.006907723064007,6.440724375686243,501.09640490515017,6875.446975385389,0.0009109493741460149,52.989981299833914,5.40160208080891,240.7507945433912,84.59521597602765
15 Jul 2026 02:56:00.000000000,6076.265921935592,-1556.941316981005,-2814.9775790901267,3.522459693899023,4.283592416272988,5.21795019253141,-0.007456510118764952,0.0019074312368125112,0.0034598225981291334,-24.158684147339798,9.002773651019266,500.679383558066,6876.185502442155,0.0008830323914170741,52.992298585511925,5.399731668130571,247.8912420630399,81.26349638153161
15 Jul 2026 02:57:00.000000000,6274.044180144103,-1296.678532027229,-2495.9007198427867,3.06773371281725,4.3886600180352735,5.414036003520543,-0.0076994832149381055,0.0015882026451164058,0.003067404008087543,-21.25988463180069,11.441941083064442,500.3026802862658,6876.872104668251,0.0008500887847302669,52.994453571366684,5.398235442744561,255.0090549011497,77.95394296187433
15 Jul 2026 02:58:00.000000000,6444.1213465849805,-1030.6906715179475,-2165.773331759341,2.5994292979343676,4.474357823851194,5.586164199684112,-0.007908383865118017,0.0012618922902682755,0.0026613031049493303,-18.318897161282635,13.777280116216216,499.97664049524076,6877.494660868714,0.000811924537716187,52.996408119855644,5.397083105685051,262.0801939346728,74.69061800910076
15 Jul 2026 02:59:00.000000000,6585.744631211581,-760.151825975414,-1826.0564534422183,2.1196198872517784,4.540303570452824,5.733566834140553,-0.008082252380288545,0.0009299512760643132,0.0022433269956619248,-15.34321401718988,16.026337369691767,499.71058744040374,6878.042183065176,0.0007682896936147187,52.99812764393143,5.396238305679944,269.0833303469654,71.49487739941627
15 Jul 2026 03:00:00.000000000,6698.287286540566,-486.2563909913456,-1478.2539104124455,1.630431837093477,4.586202966095201,5.855586177418509,-0.008220288103425559,0.0005938601884458258,0.0018153420143358031,-12.33960606908668,18.205352947964123,499.512637913208,6878.5050111583405,0.0007189107365598225,52.99958171408229,5.395659283343764,276.0003417403304,68.38487415502614
15 Jul 2026 03:01:00.000000000,6781.251492892655,-210.21373999341617,-1123.905600412369,1.1340347213727326,4.611851246324248,5.951678007245868,-0.008321854634288804,0.0002551218159136184,0.001379264687256185,-9.314275212234215,20.32947704110388,499.3895398922035,6878.874984048779,0.0006635253637561322,53.00074459169227,5.395299609874218,282.8165950402737,65.37527516854777
15 Jul 2026 03:02:00.000000000,6834.270652685298,66.75718301552908,-764.5805980616266,0.632631345900149,4.617134284260101,6.021414341111076,-0.00838648407194382,-8.474641363147008e-05,0.0009370521986546157,-6.272988466758995,22.41299077549975,499.34653542096913,6879.145584098769,0.0006019170980558898,53.00159567947215,5.395109007155488,289.5210328302814,62.47717445701955
15 Jul 2026 03:03:00.000000000,6857.1110785477495,343.4333235432778,-401.87011315501314,0.1284475391465003,4.6020292404884735,6.064485584135389,-0.00841388019402099,-0.0004242202068344862,0.0004906924438987627,-3.2211974900851565,24.469525292267413,499.3872515040718,6879.312052301298,0.0005339475306367411,53.00211988117718,5.395034234774406,296.1061245389927,59.69814153006332
15 Jul 2026 03:04:00.000000000,6849.673063850131,618.5930015676837,-37.38033835650845,-0.376278214743943,4.566604742241198,6.0807020703383134,-0.008403920507911477,-0.0007617763097168007,4.2193767995550395e-05,-0.16414724241257067,26.512276859200803,499.5136212675087,6879.3714720591925,0.0004595844769176859,53.002307864425774,5.395020028364934,302.5678081971795,57.04227916173943
15 Jul 2026 03:05:00.000000000,6811.991328283819,891.0213929394307,327.2747768387639,-0.8793052316410218,4.51102058649782,6.069994981542262,-0.008356657131216666,-0.0010959004584871483,-0.000406425503324861,2.893022560719309,28.554218166497442,499.7258370252855,6879.322820058989,0.000378924870744439,53.002156222132825,5.3950100727565,308.905709769389,54.51000356856599
15 Jul 2026 03:06:00.000000000,6744.23483532974,1159.5159786417958,690.480788267694,-1.378401100790739,4.435526966819166,6.0324166347796115,-0.008272316478589302,-0.0014250952889785914,-0.0008531476269792312,5.9451796860638,30.608307290513366,500.02233624407137,6879.16698333717,0.00029221173225285813,53.00166752984429,5.3949479928988335,315.1245481462717,52.096638915274454
15 Jul 2026 03:07:00.000000000,6646.705982726609,1422.891933462358,1050.63001744673,-1.8713521041721775,4.34046322897891,5.968140135949773,-0.008151297757099645,-0.0017478881173926552,-0.0012959659844443163,8.987101857363774,32.68769642227378,500.3998207209347,6878.906742267003,0.00019984498656094754,53.00085029807534,5.394778345196419,321.2410547025665,49.78549725106036
15 Jul 2026 03:08:00.000000000,6519.839171322334,1679.987426097679,1406.128772240424,-2.3559735108883197,4.226256165641659,5.877458404430906,-0.00799417029158815,-0.00206283850730115,-0.0017328954867134516,12.013376021085637,34.80594248739775,500.8533086041334,6878.546719830403,0.00010238640316141805,52.999718820580014,5.394447591941867,327.3348602221844,47.49699108262969
15 Jul 2026 03:09:00.000000000,6364.198761880294,1929.6688034734316,1755.4044904727527,-2.830119677685303,4.093417865296669,5.760782580182243,-0.007801669727497278,-0.0023685455431056747,-0.0021619827307240106,15.018290900772065,36.97722123969515,501.3762182127533,6878.093298164233,7.918537933906849e-07,52.998292921288645,5.393905041825097,18.339417818224934,0.29770996381474824
15 Jul 2026 03:10:00.000000000,6180.476433437788,2170.835633118863,2096.912769987063,-3.2916938900358907,3.9425431352522144,5.618639831384728,-0.007574693175108118,-0.0026636547370081135,-0.0025813158023559658,17.99571923608859,39.21654517072487,501.96048196662105,6877.554503973206,0.00010477107512368526,52.99659760440473,5.393103740126713,158.2264841530497,224.21593880401434
15 Jul 2026 03:11:00.000000000,5969.487960606634,2402.425578746286,2429.1442499151317,-3.7386578827255166,3.774306522601066,5.4516705866780715,-0.00731429338107965,-0.002946864506081204,-0.002989033631177225,20.938985999590376,41.53998337495556,502.5966881407778,6876.939864967783,0.0002125708968190584,52.994662613829384,5.392001293079332,163.96829526949114,222.27948159139407
15 Jul 2026 03:12:00.000000000,5732.16943070995,2623.419085721361,2750.631309494359,-4.169040984381735,3.5894589605784515,5.26062522140743,-0.007021672025681566,-0.0032169321664920116,-0.0033833348141922136,23.840718861724742,43.9648778991377,503.27424762381077,6876.260240003746,0.0003217012980129702,52.99252190965041,5.390560612067114,169.4954289270099,220.5577986433962
15 Jul 2026 03:13:00.000000000,5469.572924757852,2832.8438548693334,3059.9545527143273,-4.5809488368045,3.3888240705271024,5.046360231807559,-0.006698172257354916,-0.0034726794040438294,-0.0037624858401546545,26.692677377037494,46.5100454178649,503.9815823993164,6875.527626060853,0.0004309075369355974,52.99021307086383,5.38875056464866,174.89090107383225,218.96790975992457
15 Jul 2026 03:14:00.000000000,5182.861689077121,3029.7790848808822,3355.7490491029325,-4.9725716467904455,3.1732941517988076,4.809833934741439,-0.006345270585913255,-0.003712997193539878,-0.004124828662506419,29.485558030445322,49.19594438366109,504.7063320931409,6874.754945592013,0.0005388488114604468,52.98777663477378,5.386546521141941,180.17426765010416,217.4902920886541
15 Jul 2026 03:15:00.000000000,4873.304826649331,3213.3594656339715,3636.710303413161,-5.342191935661529,2.94382589314438,4.552101733187403,-0.00596456825778905,-0.003936850152151901,-0.004468787585305823,32.20877380255107,52.04477491452548,505.4355746431739,6873.955818096975,0.0006441223621564655,52.98525538460667,5.383930787202464,185.3541516431602,216.11635278654487
15 Jul 2026 03:16:00.000000000,4542.271539138167,3382.778906726602,3901.599929339773,-5.688191759096191,2.7014358396732443,4.274310989329873,-0.005557782238278071,-0.004143280325011314,-0.0047928754438166885,34.85020987997476,55.080460286303854,506.1560569533097,6873.144320018853,0.0007452895795284805,52.98269359777497,5.380892914889634,190.43560275575393,214.84106912005907
15 Jul 2026 03:17:00.000000000,4191.224952028094,3537.2939875567477,4149.25100493467,-6.009059377279029,2.447195649198211,3.977695547705449,-0.005126735922186407,-0.004331410413974148,-0.005095699078436276,37.39596241978345,58.32843397761308,506.8544312903689,6872.334737228932,0.0008409033439797504,52.980136267905195,5.377429886745635,195.42183839708005,213.66124729677693
15 Jul 2026 03:18:00.000000000,3821.715556220248,3676.2271173263684,4378.57308997843,-6.303395362527411,2.1822271707322454,3.663569950397816,-0.004673349686948195,-0.004500446472086221,-0.005375964117257837,39.83007602713459,61.81512506293222,507.5174931666475,6871.5413144513495,0.0009295360212298965,52.9776283142037,5.3735461697010845,200.3147296744221,212.5750363529295
15 Jul 2026 03:19:00.000000000,3435.3743001185035,3798.9693952089237,4588.556887974313,-6.569918137963587,1.9076973763492568,3.333323385032978,-0.004199631390520663,-0.00464968009538222,-0.005632479095906875,42.13430912528366,65.5670009676775,508.1324165159743,6870.778005989095,0.001009807579483238,52.975213791956314,5.369253637806503,205.11489288219045,211.58183660034464
15 Jul 2026 03:20:00.000000000,3033.905366375327,3904.9831627721833,4778.2785378870085,-6.807468946664551,1.6248131753888604,2.988413404125619,-0.0037076669030432006,-0.004778490152170518,-0.005864158956494199,44.287975680019784,69.60900048947883,508.68698210977226,6870.058232046705,0.0010804133314960042,52.97293511794621,5.3645713650951405,209.82160894028976,210.6823801810906
15 Jul 2026 03:21:00.000000000,2619.0786674038086,3993.8042423883808,4946.903522957731,-7.015016255546883,1.3348161374231458,2.630359451546828,-0.0031996107454995847,-0.00488634409618376,-0.0060700279777958326,46.267936364586944,73.96219305192658,509.16979536203957,6869.394644808653,0.0011401508493511354,52.97083232432345,5.359525292116592,214.43263002654302,209.87892448386523
15 Jul 2026 03:22:00.000000000,2192.7220933777776,4065.0438568713357,5093.6901859985255,-7.1916596021032975,1.0389771475056635,2.2607362285382835,-0.002677676889751817,-0.004972798913026156,-0.006249222195288066,48.04883839696881,78.64056850889331,509.5704899293949,6868.79890823132,0.001187945657961484,52.968942353977944,5.354147771907051,218.9438764917569,209.17555533152563
15 Jul 2026 03:23:00.000000000,1756.7135458727244,4118.390226899479,5217.992842417599,-7.336632894844572,0.7385910141888731,1.881166928019874,-0.002144129756414958,-0.0050375017513794515,-0.00640099137469159,49.60372100931728,83.64704220947735,509.87991381392555,6868.281495244434,0.001222875391817043,52.96729840975783,5.348477003251406,223.34899795186652,208.57862604237272
15 Jul 2026 03:24:00.000000000,1312.9727895953843,4153.609843921644,5319.2644838515325,-7.449307179903729,0.43497104775453815,1.4933163620996222,-0.001601275427276337,-0.005080190288383585,-0.006524700602570854,50.90509481772257,88.96908738074585,510.09029501411305,6867.851505743793,0.0012441922083263474,52.96592936895459,5.342556361039914,227.63874659750192,208.0973843210579
15 Jul 2026 03:25:00.000000000,863.4531538789635,4170.548417203547,5397.059066671545,-7.529192886740478,0.1294436231915999,1.098884003889671,-0.0010514530714139146,-0.005100692876416314,-0.006619831556804151,51.926544782510646,94.5748539500083,510.19538413392553,6867.51650839538,0.0012513434079399395,52.964859273354804,5.33643363532662,231.80007705935077,207.74487263615833
15 Jul 2026 03:26:00.000000000,410.13311484534717,4169.131494467386,5451.033380797394,-7.5759415653051985,-0.1766572601952362,0.6995969611430026,-0.0004970265666702929,-0.00509892851188586,-0.006685983513270957,52.64478136514203,100.41104582921443,510.1905717454347,6867.282408869327,0.0012439904474633662,52.964106903857626,5.330160192348577,235.81483503879284,207.5392398696784
15 Jul 2026 03:27:00.000000000,-44.99221156989544,4149.364756220854,5480.9484952101175,-7.589347125486067,-0.4819954129155269,0.2972028960289721,5.962371622703135e-05,-0.005074906660288138,-0.00672287413842339,53.041885970896665,106.40391240158812,510.0729787001683,6867.153346685701,0.0012220269072390926,52.96368544719796,5.323790072099714,239.65781042241022,207.50568851399305
15 Jul 2026 03:28:00.000000000,-499.91963612775754,4111.333984397362,5486.670777332681,-7.569346587320352,-0.7852378753022888,-0.10653709728567928,0.0006161090120168895,-0.005028726961847101,-0.006730340105751918,53.10732744929962,112.46416160338757,509.8415179946281,6867.13162239061,0.001185596598022027,52.96360226072193,5.317379038182206,243.29378127677884,207.67943101345693
15 Jul 2026 03:29:00.000000000,-952.6464931625953,4055.204706365177,5468.172484081598,-7.516020347478645,-1.085060316746304,-0.5098556475577419,0.0011700401952569534,-0.004960578833268351,-0.006708337563510046,52.839266465216426,118.49540043836164,509.4969272125853,6867.217656293813,0.0011351140953799106,52.96385873945982,5.310983596532442,246.6729089467194,208.1102950207368
15 Jul 2026 03:30:00.000000000,-1401.1792389007906,3981.221515743191,5425.531922928045,-7.429591964135657,-1.3801524080906096,-0.910986285397673,0.001719035809635664,-0.004870740969316514,-0.006656942465989788,52.244790423544444,124.40433295550106,509.0417709892166,6867.409979496903,0.0010712920370254586,52.96445028796382,5.304660000238216,249.72335569131798,208.87010612653066
15 Jul 2026 03:31:00.000000000,-1843.5420223162362,3889.7070718266214,5358.933181792133,-7.310427458751961,-1.6692231610410426,-1.3081706380744331,0.0022607301525367995,-0.00475958073816663,-0.006576350767761217,51.3390113394066,130.11018097300914,508.48041336772826,6867.705257426515,0.0009951835248926744,52.96536639754877,5.2984632578448,252.3390744987784,210.06489841444463
15 Jul 2026 03:32:00.000000000,-2277.7851994353096,3781.0607798129413,5268.665427082552,-7.159034129738588,-1.9510062277504587,-1.6996656315523753,0.0027927814720505734,-0.0046275534526446175,-0.006466878464137813,50.14328174140006,135.55113689993297,507.81896034776105,6868.098345567313,0.0009082562126928781,52.96659082773136,5.292446162627351,254.35895153310977,211.85577238084383
15 Jul 2026 03:33:00.000000000,-2701.9937615965664,3655.75715446879,5155.121769738214,-6.97605886970343,-2.2242651523918098,-2.0837506897521134,0.00331288032771607,-0.004475201490895543,-0.006328961448950415,48.68298498710418,140.68688254753246,507.065173354751,6868.582376570604,0.0008125323845577739,52.96810188883274,5.286658359875234,255.53011500624095,214.49558641901783
15 Jul 2026 03:34:00.000000000,-3114.2956475954084,3514.343870418818,5018.797699780218,-6.762285975200685,-2.487798564666576,-2.4587349188577794,0.0038187581554600504,-0.004303153230348507,-0.006163155146506029,46.98536603603049,145.49756384821342,506.22835478972564,6869.148877400319,0.000710868657097948,52.9698728209281,5.2811454687384325,255.44237812020322,218.39451421619722
15 Jul 2026 03:35:00.000000000,-3512.869908899096,3357.439502913993,4860.289090688443,-6.518634435845472,-2.740445302814686,-2.822964261604593,0.004308196064374481,-0.00411212175259216,-0.005970133864670352,45.077730850234005,149.9804447258434,505.31920724739166,6869.787914677401,0.0006075349000337971,52.971872262621275,5.275948274106098,253.41472607646662,224.23355805987572
15 Jul 2026 03:36:00.000000000,-3895.9546962946656,3185.7309637540193,4680.289775917621,-6.246154688476218,-2.9810894509856056,-3.174828602996115,0.0047790338760574915,-0.003902903270815211,-0.005750689806088388,42.98615742734984,154.14560454216834,504.34966841366406,6870.488265901458,0.0005094075815628226,52.97406480152773,5.271102002950468,248.3362664488095,233.12359875108277
15 Jul 2026 03:37:00.000000000,-4261.8550354471845,2999.97063803978,4479.588701095074,-5.946024821914527,-3.208665272844221,-3.51276880496895,0.005229179399899508,-0.0036763752296221463,-0.005505731669965001,40.73471090389755,158.0117214244207,503.3327240677878,6871.23761377288,0.0004280989400619542,52.976411596888205,5.266635697969591,238.6708392470228,246.60078579191338
15 Jul 2026 03:38:00.000000000,-4608.950358005495,2800.9732285981613,4259.066656917303,-5.619546218865336,-3.4221620202332086,-3.8352836433204045,0.005656617917035601,-0.0034334940255066233,-0.005236282772365808,38.34507082806949,161.60252318555817,502.28220201259745,6872.022760416372,0.0003814652539180306,52.97887106344129,5.262571699827466,223.604610220837,265.47894429323173
15 Jul 2026 03:39:00.000000000,-4935.7017541289015,2589.6123162886915,4019.6925994968265,-5.268138623704962,-3.620628592672194,-4.140936615928742,0.006059421826760214,-0.003175292299369165,-0.004943478614900748,35.83645281009063,164.9441032909908,501.2125501321912,6872.829857927188,0.00038650713347908804,52.98139960457235,5.258925247260768,206.01056801205846,286.8850779906349
15 Jul 2026 03:40:00.000000000,-5240.658911729851,2366.8166459293957,3762.519566900885,-4.89333462830154,-3.803178020657427,-4.4283625871302865,0.006435760387859894,-0.002902875755839495,-0.004628563833563201,33.22571645623981,168.06306228867646,500.13860212052754,6873.644651331303,0.0004425894915521193,52.98395238185542,5.255704202361796,191.51866193461956,305.18923158589814
15 Jul 2026 03:41:00.000000000,-5522.466707378909,2133.5661492784425,3488.680202857593,-4.496773572583395,-3.968991743232589,-4.696274229269081,0.006783909470120865,-0.002617419472213039,-0.0042928884683119915,30.527575853069152,170.98532767553488,499.0753347272503,6874.452729779209,0.0005327062817757201,52.98648410742747,5.252908906092497,182.44146823891913,318.0788245553512
15 Jul 2026 03:42:00.000000000,-5779.871413784645,1890.8877183369666,3199.381901054552,-4.080194862208628,-4.1173236482990365,-4.943468219101528,0.0071022612128965315,-0.0023201636679462895,-0.003937903502484961,27.75485481409193,173.73548114986806,498.03762061761773,6875.239781587501,0.0006400258546267937,52.98894984519601,5.250532166812803,177.74060133917527,326.5922399452448
15 Jul 2026 03:43:00.000000000,-6011.726489093347,1639.8507441731924,2895.9015860848904,-3.6454307122657266,-4.247503842730872,-5.168831144096185,0.0073893334749370685,-0.002012408917420519,-0.0035651556354355353,24.918750695576353,176.3364400008606,497.0399811312179,6875.991848610961,0.0007536576233798735,52.991305806688985,5.24855938225275,175.90757824744153,332.23795991020177
15 Jul 2026 03:44:00.000000000,-6216.997914006373,1381.5624384678376,2579.5801498566893,-3.1943983332679826,-4.35894211866367,-5.371345071877288,0.007643778947191216,-0.0016955108005208158,-0.0031762812659604013,22.02908633822012,178.80937185622156,496.0963433380437,6876.695575375224,0.0008669862050038087,52.993510127415746,5.246968792976819,175.88987597096337,336.0685082388089
15 Jul 2026 03:45:00.000000000,-6394.769043924328,1117.1629570009873,2251.816565119906,-2.7290915835812117,-4.4511310824143555,-5.5500927352471585,0.007864393794947942,-0.0013708739998064435,-0.002772999682326301,19.094540197160185,-178.8262450700587,495.2198058213942,6877.338448433213,0.0009757248425292044,52.99552360992176,5.245731863037073,177.04579749237215,338.7255842485454
15 Jul 2026 03:46:00.000000000,-6544.244945023657,847.8203462870936,1914.0617006165392,-2.2515721205985506,-4.523648913416552,-5.704262285482438,0.008050125691036964,-0.0010399458666200394,-0.0023571054722569492,16.12285124451468,-176.5524765115785,494.4224175567354,6877.909021528834,0.0010768495989965264,52.99731042027838,5.244813781269274,178.98743760906373,340.5970967763418
15 Jul 2026 03:47:00.000000000,-6664.756185358508,574.7253364787567,1567.8118651602074,-1.7639600911980473,-4.576161722333696,-5.833151567988773,0.008200081105253176,-0.0007042094933240033,-0.0019304601861959174,13.120999007022116,-174.35274082057217,493.71497409873825,6878.397122361448,0.0011680855799323692,52.99883872555086,5.244174074487125,181.4738281513854,341.92401874867465
15 Jul 2026 03:48:00.000000000,-6755.762054757342,299.0860054395334,1214.6021106305086,-1.2684244100119704,-4.608425480138165,-5.936171876933669,0.008313531719136442,-0.0003651763421271365,-0.0014949833052674067,10.095361119386943,-172.21159619595167,493.1068350326234,6878.794037042475,0.001247661264929729,53.00008126081234,5.243767321810684,184.34972493553886,342.86159997965444
15 Jul 2026 03:49:00.000000000,-6816.8531904251095,22.12234048008881,855.9993263605066,-0.7671726815364522,-4.620287493373251,-6.012851149131616,0.008389919847661,-2.4378494229816512e-05,-0.001052642584388171,7.051851729857088,-170.11452067190547,492.60576629152945,6879.092668718022,0.0013141887135012507,53.001015815506086,5.24354395757895,187.51128591992367,343.51368873349276
15 Jul 2026 03:50:00.000000000,-6847.753588730655,-254.93927436900105,493.5951596351776,-0.26244082887268144,-4.611687404968231,-6.0628365621625715,0.008428862762125318,0.0003166394059363951,-0.0006054438570710094,3.9960444513559663,-168.04769230807366,492.2178104938428,6879.2876672928705,0.0013666036969935576,53.00162563038113,5.243451148616354,190.88643710461125,343.95236551743693
15 Jul 2026 03:51:00.000000000,-6848.321987604647,-530.8716165792164,128.99879894821953,0.2435175023316284,-4.582657704763001,-6.085896507357205,0.00843015582812902,0.0006563284269121637,-0.00015542040358395467,0.9332836016066307,-165.99777267613229,491.9471879211472,6879.375527722335,0.0014041347373875894,53.00189969780924,5.243433730335658,194.42325262490667,344.2295626605387
15 Jul 2026 03:52:00.000000000,-6818.552608229976,-804.4521990663566,-236.1703417699608,0.7484416915610408,-4.533323739183531,-6.081921914739251,0.008393774391718598,0.0009931437554025367,0.0002953780042704716,-2.1312126034972163,-163.95169403956154,491.7962301516632,6879.35465492967,0.0014262858840958688,53.00183296000965,5.243435185022892,198.0827938389904,344.3842248850348
15 Jul 2026 03:53:00.000000000,-6758.575249199834,-1074.4688296106413,-600.2899985780283,1.250074966280899,-4.463903215154236,-6.05092691410427,0.008319874372080257,0.001325553134135716,0.0007448962591328003,-5.192253344071194,-161.89644904577253,491.7653477005306,6879.225394043832,0.001432825495655288,53.001426401530296,5.243398644898444,201.8344803507585,344.4469379362934
15 Jul 2026 03:54:00.000000000,-6668.654730965221,-1339.7251253856575,-961.7424525050656,1.7461752216826585,-4.3747051991765185,-5.993048823940771,0.008208791542750322,0.0016520452343291787,0.0011910851469761263,-8.244577492881694,-159.81888096085538,491.85303231526325,6878.990025322758,0.0014237769552888024,53.00068703422528,5.243267902053005,205.65290767298967,344.44311057345715
15 Jul 2026 03:55:00.000000000,-6549.189693104502,-1599.0459524576013,-1318.9219037206253,2.234525758745944,-4.266128618377669,-5.908547467650547,0.00806103950942149,0.0019711378655316737,0.001631912519014995,-11.282753445443886,-157.70547230346645,492.05589385269695,6878.65272381291,0.0013994091621459758,52.99962777489711,5.242988407223429,209.51546149482698,344.3953599640983
15 Jul 2026 03:56:00.000000000,-6400.7107516320375,-1851.282760696356,-1670.2417847222264,2.7129458632562358,-4.138660276072428,-5.79780382428172,0.007877306417189579,0.002281385929310101,0.002065374278643913,-14.301072966848151,-155.5421301377607,492.36873094293264,6878.21948448376,0.001360225718646803,52.998267217701404,5.242508239551655,213.4002956330711,344.3255334105962
15 Jul 2026 03:57:00.000000000,-6223.878028131125,-2095.3187854566336,-2014.141973022443,3.1793011511200335,-3.992872399817141,-5.66131802852822,0.007658450444273321,0.0025813890295398,0.002489505060717893,-17.29343544064863,-153.31396735822887,492.7846339475121,6877.698014246399,0.0013069524169232714,52.996629305305795,5.241779029960758,217.2843272220388,344.25671286046844
15 Jul 2026 03:58:00.000000000,-6019.478066864843,-2330.074088616669,-2349.0958649058525,3.631513609407837,-3.8294197449237375,-5.499706741864227,0.0074054941620016424,0.002869798660916992,0.002902388489384819,-20.25321879447175,-151.005081277566,493.29511806301963,6877.097592904911,0.0012405231508188664,52.99474290462112,5.240756821590668,221.14088904898938,344.2155623002333
15 Jul 2026 03:59:00.000000000,-5788.420160085652,-2554.510413099392,-2673.617273350841,4.067571267934331,-3.6490362807829424,-5.313699923159481,0.007119617859103797,0.003145324907991219,0.0033021669126171243,-23.173133327041445,-148.59833412097913,493.8902838254063,6876.4289056835205,0.0011620649141088736,52.99264129464455,5.239402851890051,224.93655209790873,344.2355049763851
15 Jul 2026 04:00:00.000000000,-5531.7321055491275,-2767.635826702647,-2986.2671149995044,4.485537442484491,-3.4525314910828033,-5.104137032856806,0.006802151946065123,0.0034067425999927555,0.003687050526404183,-26.045054800665252,-146.0751452628665,494.5590017492451,6875.703850505604,0.0010728832886618479,52.990361575542295,5.237684242323575,228.62632189470364,344.3615268552829
15 Jul 2026 04:01:00.000000000,-5250.55542346226,-2968.5091331321855,-3285.6598533930405,4.883559498253435,-3.2407863218374793,-4.871962709472932,0.006454568564319688,0.0036528968793679817,0.004055325817295508,-28.859833714186358,-143.41531309678248,495.28911740255313,6874.9353236648185,0.000974451139722854,52.98794400952188,5.235574583320508,232.14574008970897,344.65807489192696
15 Jul 2026 04:02:00.000000000,-4946.140063077879,-3156.244030119444,-3570.469667955145,5.2598770896857285,-3.014748813291558,-4.618221960988359,0.006078472536506343,0.003882708157557156,0.004405363271091472,-31.607078985581122,-140.59689646699658,496.0676728782671,6874.136987912405,0.0008684059483518838,52.98543130527763,5.233054403978669,235.39694310570633,345.2229982824756
15 Jul 2026 04:03:00.000000000,-4619.838631454676,-3330.012996802402,-3839.436320965799,5.612829841261264,-2.7754294528938708,-4.3440549162356215,0.005675591795354828,0.004095176445587665,0.004735624314024429,-34.2749169116498,-137.5962029360928,496.8811403839024,6873.32302728317,0.0007565674807473104,52.98286785881059,5.230111518114073,238.22229594231334,346.21391461324123
15 Jul 2026 04:04:00.000000000,-4273.100178834416,-3489.0508947595476,-4091.3706974711545,5.9408644419560295,-2.5238962868974752,-4.050691182900041,0.005247767426912225,0.004289385060475087,0.005044667470719717,-36.84973104875944,-134.38795497823324,497.71566353032483,6872.5078931902635,0.0006410035295051024,52.98029896421152,5.226741240452496,240.35067140302797,347.901930641847
15 Jul 2026 04:05:00.000000000,-3907.463576414991,-3632.6582693717937,-4325.15999594906,6.242541134241638,-2.2612698275954943,-3.7394438590442474,0.004796943461038461,0.00446450372345218,0.005331153743463152,-39.315896688407136,-130.94573557913824,498.5573018572252,6871.706046435938,0.0005242170945238949,52.9777700085338,5.222946469123591,241.27848181253668,350.7906106447054
15 Jul 2026 04:06:00.000000000,-3524.550523385518,-3760.2043403027033,-4539.7725502419125,6.516539585944688,-1.9887177920750851,-3.4117032445041633,0.00432515652879455,0.004619791074997592,0.005593851231004828,-41.65553619753133,-127.24284896413147,499.39227417975206,6870.931699811231,0.0004096740174677198,52.97532566516736,5.218737633001404,239.9823079115282,355.9033476425252
15 Jul 2026 04:07:00.000000000,-3126.0582203391755,-3871.129672096624,-4734.262266185579,6.761664140456421,-1.7074497062945666,-3.0689302966472747,0.003834525497977054,0.004754596645376466,0.005831639024292481,-43.84833979490508,-123.25376154717546,500.2071964715809,6870.19856589546,0.00030340078649566027,52.9730091001435,5.214132504885652,234.19115296068162,5.5111094726822465
15 Jul 2026 04:08:00.000000000,-2713.751746465919,-3964.9485177611077,-4907.772658829948,6.976848446658398,-1.418711405986795,-2.712649872663389,0.003327241177578641,0.004868362323494406,0.006043510424631629,-45.87152032953535,-118.95629356274915,500.9893102025076,6869.519614521629,0.0002189539263486506,52.970861205560546,5.209155883932417,219.01029899737605,24.508582762149043
15 Jul 2026 04:09:00.000000000,-2289.456177572483,-4041.2508300528,-5059.540478675239,7.161159475088798,-1.123779462964857,-2.344443797313249,0.002805556167702041,0.004960623375586942,0.006228575543212392,-47.69999734178489,-114.33467957113619,501.7266973149365,6868.906844151612,0.0001856734711743264,52.96891987382115,5.203839153079374,190.60570557668026,56.72977446685539
15 Jul 2026 04:10:00.000000000,-1855.0484814829988,-4099.703936792506,-5188.898917566623,7.313800930771756,-0.8239555623189042,-1.9659437914429903,0.002271774909513311,0.005031009066003534,0.006386063344597225,-49.30692648739366,-109.38345975693977,502.40847834125674,6868.37107111346,0.00022203046682665346,52.96721932562576,5.198219719447603,164.0725167729804,87.07950519726947
15 Jul 2026 04:11:00.000000000,-1412.4492266408126,-4140.053877967299,-5295.280386902369,7.434116075881396,-0.5205608527709363,-1.5788242926369926,0.0017282439712515518,0.005079242934177385,0.006515323201638964,-50.66468864427093,-104.11186266194717,503.0249905230332,6867.92174029938,0.00029825557967333574,52.965789503687276,5.192340347828448,151.16748917425565,103.80098159349933
15 Jul 2026 04:12:00.000000000,-963.6141388769743,-4162.126403611299,-5378.218862577346,7.521589976967648,-0.21493028928993294,-1.1847951953602427,0.0011773425862459076,0.005105142779092629,0.006615826028098017,-51.74640535749434,-98.54790358986287,503.56794318329713,6867.566760516274,0.0003862358091090855,52.96465554293729,5.186248399229283,146.82443746396095,111.96035114947172
15 Jul 2026 04:13:00.000000000,-510.52554039184673,-4165.827632508097,-5437.351792606089,7.575851191884639,0.09159301591410095,-0.7855945340306784,0.0006214734406530381,0.0051086203988286415,0.006687165052525112,-52.5279339236,-92.74097828647746,504.03054801673585,6867.312367229437,0.0004745197153892467,52.9638373266072,5.179994988181761,146.6484061445316,115.95253092598558
15 Jul 2026 04:14:00.000000000,-55.183704091747714,-4151.1443726358575,-5472.421564660381,7.5966729109252045,0.39766342054786774,-0.38298112884800134,6.30536920563647e-05,0.005089681125530328,0.0067290562894199955,-52.990121803370805,-86.76155505975855,504.4076223914099,6867.163014951644,0.000558494248499698,52.96334913601333,5.1736340738893905,148.6565192228981,117.76035832548231
15 Jul 2026 04:15:00.000000000,400.40184442149,-4118.144105010908,-5483.276531838537,7.583973565116548,0.7019383463073385,0.02127278893913765,-0.0004954938135344608,0.005048423189388759,0.006741338756329216,-53.120919626274656,-80.69698587367039,504.69566419485255,6867.121301015213,0.0006359791620304823,52.96319940018471,5.167221501543868,151.9460941661648,118.28647761312075
15 Jul 2026 04:16:00.000000000,854.2210456247839,-4066.974633199065,-5469.871595890908,7.537816912345028,1.003083830313123,0.42538895818325784,-0.0010517491696892074,0.004985036934138818,0.0067239744721441,-52.91686260827512,-74.64356906762043,504.89289720158945,6867.187921927988,0.0007058282575091258,52.96339054967347,5.160814010912841,156.06771195892077,117.98027034510145
15 Jul 2026 04:17:00.000000000,1304.2720145920414,-3997.863401297017,-5432.268347899694,7.458411609158892,1.2997800254687935,0.8275904630736338,-0.0016033039326587522,0.004899803897969773,0.00667704826115105,-52.38352036221689,-68.69641461382058,504.9992863859461,6867.361662967126,0.0007674407243553657,52.96391897701752,5.154468229915746,160.7775797755317,117.08549318307793
15 Jul 2026 04:18:00.000000000,1748.5697086106027,-3911.116483671516,-5370.634767098561,7.346110272970663,1.5907266417764114,1.2261090911424835,-0.0021477695929887596,0.004793095761901354,0.006600767372021526,-51.53478507012619,-62.93960948244723,505.01652305056734,6867.639421111258,0.0008205608684701804,52.96477510441455,5.148239671093923,165.93345972861226,115.74434962557798
15 Jul 2026 04:19:00.000000000,2185.1545234333694,-3807.1172502205454,-5285.244479169552,7.201408036180689,1.874648320497194,1.6191926629070679,-0.0026827860484188023,0.004665373158397091,0.006495460908442223,-50.39120142225397,-57.43904701899521,504.9479800857571,6868.016260860757,0.0008651792970585804,52.96594355725238,5.1421817488487855,171.4468490021774,114.04531034011245
15 Jul 2026 04:20:00.000000000,2612.100787687596,-3686.3247114278547,-5176.475576023269,7.0249405907096865,2.1502999322743332,2.0051123213629047,-0.003206030125555049,0.004517184321941153,0.006361579052722193,-48.97777702180163,-52.23915952481206,504.79863811612853,6868.485501953236,0.000901472480749946,52.96740344025666,5.136344834838924,177.25906788550841,112.047025572323
15 Jul 2026 04:21:00.000000000,3027.5251247785,-3549.2715480509974,-5044.808999804048,6.817481718783644,2.4164717890265366,2.382169768101718,-0.00371522419026245,0.004349163555928807,0.006199692052995849,-47.32175661432575,-47.36338389579982,504.5749837275028,6869.038837455008,0.0009297570306634516,52.96912871119679,5.130775368291524,183.328364782422,109.79122055018753
15 Jul 2026 04:22:00.000000000,3429.5946512905334,-3396.561830950531,-4890.826494710217,6.57994030377324,2.67199475761404,2.748704430679104,-0.004208144874263789,0.004162029481873894,0.0060104889319947475,-45.45072369301307,-42.81722179985698,504.284881395917,6869.6664802039595,0.000950449239569596,52.97108864536803,5.125515036885345,189.62248877787366,107.31012329453212
15 Jul 2026 04:23:00.000000000,3816.534980461415,-3228.8684373520855,-4715.20813122179,6.3133568136254645,2.915745261113228,3.10310054311078,-0.004682631931956949,0.003956583032766442,0.005794775868263062,-43.39120656130241,-38.59249605498664,503.93742115953285,6870.357335103481,0.0009640262578050601,52.97324838247052,5.120600042647447,196.1141787475672,104.63097584392322
15 Jul 2026 04:24:00.000000000,4186.637998821928,-3046.9301707606814,-4518.7294085141575,6.01889924908955,3.14665015109629,3.4437941181798877,-0.005136597223967466,0.0037337051478051097,0.005553474192504616,-41.16780331472499,-34.671672529043015,503.5427444784202,6871.099194326634,0.0009709880152698168,52.97556954606548,5.116060465703929,202.77833698390444,101.77886091504993
15 Jul 2026 04:25:00.000000000,4538.269383629304,-2851.5485928217227,-4302.257942230238,5.697858549630344,3.3636914317581916,3.7692797867520573,-0.005568033807365324,0.0034943541262939903,0.005287617940589196,-38.80274272687629,-31.031578876920733,503.1118511116356,6871.878952091343,0.0009718204870727362,52.978010924525954,5.1119197370069385,209.59027240227942,98.77845892980152
15 Jul 2026 04:26:00.000000000,4869.875828330995,-2643.5845766574607,-4066.749746393635,5.351643451704052,3.5659108141827947,4.078117475706275,-0.005975025093244991,0.0032395625988453827,0.004998350903008657,-36.31576303382588,-27.646262971068396,502.65639019898674,6872.682835319184,0.0009669617801691835,52.98052920133911,5.108194229140526,216.52469775182539,95.6550509810186
15 Jul 2026 04:27:00.000000000,5179.991943054683,-2423.9545925811194,-3813.245120073467,4.981774796944,3.7524140766612115,4.36893889258176,-0.0063557540147275585,0.002970434078350539,0.004686923114326829,-33.72419595159663,-24.48900018859897,502.188439058236,6873.496646197059,0.0009567729994347633,52.98307972177544,5.104892972288665,223.55530802143136,92.43494054310264
15 Jul 2026 04:28:00.000000000,5467.246797081576,-2193.626738610856,-3542.8641514426427,4.589879291743299,3.922375204873753,4.6404537818076905,-0.0067085121309286505,0.0026881390589651405,0.004354686731832306,-31.04316661020766,-21.533587006159838,501.7202734888487,6874.306012431045,0.0009415159736585002,52.98561728233051,5.102017500130028,230.65482655327753,89.14540741322284
15 Jul 2026 04:29:00.000000000,5730.37007049902,-1953.6165298281135,-3256.8018540842804,4.1776827246267985,4.07504028408465,4.891455914601964,-0.007031708578031233,0.002393910639746282,0.004003091262253568,-28.28584671912463,-18.755093753796874,501.2641336009271,6875.09664081999,0.0009213396800136642,52.98809692897755,5.099561828184452,237.79541920093044,85.8142935450682
15 Jul 2026 04:30:00.000000000,5968.197782788451,-1704.9824623387083,-2956.32295275934,3.7470026535584697,4.209731114364255,5.120828772465239,-0.007323878764866447,0.002089039659096604,0.003633678106298924,-25.463721107668565,-16.130236151389585,500.83198935320735,6875.854569687933,0.0008962766190177989,52.99047475014931,5.097512564752179,244.94936917743058,82.46932812973188
15 Jul 2026 04:31:00.000000000,6179.677567038066,-1448.8213693494029,-2642.7563383108663,3.299740581755444,4.325848519359206,5.327550882800186,-0.007583692701768456,0.001774869337616153,0.003248074405254753,-22.586844726053403,-13.637493540791432,500.435310077581,6876.566415704091,0.0008662495399202382,52.99270865049428,5.095849152300872,252.08989371773424,79.13731080040272
15 Jul 2026 04:32:00.000000000,6363.873459803202,-1186.2635886436701,-2317.489213895305,2.8378736474874096,4.422875319331978,5.510700764669193,-0.007809962844406268,0.0014527894389309386,0.0028479861886921156,-19.66407863209081,-11.257067877584674,500.0848422814573,6877.219610689394,0.0008310879405724239,52.994759091825024,5.094544234824618,259.19198098202924,75.84327453638096
15 Jul 2026 04:33:00.000000000,6519.97017839813,-918.4679624688019,-1981.9609572422817,2.3634458604956197,4.5003789401460965,5.669461443150911,-0.00800165133222501,0.0011242299707342391,0.0024351908392413724,-16.703300661774442,-8.97074855423406,499.7903999463907,6877.802624160321,0.0007905528421255253,52.996589788283124,5.093564144524261,266.23313846704434,72.60973700230444
15 Jul 2026 04:34:00.000000000,6647.276859592208,-646.6166924968376,-1637.6567260944526,1.8785589248401866,4.5580136315881274,5.803124492212342,-0.008157876504195784,0.000790654461427158,0.0020115289077497723,-13.711590679530849,-6.761725853141346,499.5606713777148,6878.305167594533,0.0007443676307210115,52.99816834357936,5.092869499089816,273.193972813022,69.45612043881611
15 Jul 2026 04:35:00.000000000,6745.230236296121,-371.9100740502188,-1286.100836302992,1.385362694930885,4.5955222708815615,5.911093568490626,-0.008277918578910881,0.00045355285924319105,0.001578895328296923,-10.695392573591452,-4.614379808159318,499.4030464031664,6878.718376714333,0.000692252371404765,52.999466819207406,5.092415898900467,280.0585605063585,66.39838060942705
15 Jul 2026 04:36:00.000000000,6813.397231838185,-95.5611351291683,-928.8499441980815,0.8860453179687127,4.6127377304244614,5.992887401845372,-0.008361224395419272,0.00011443411244824173,0.001139230098758833,-7.660656257751939,-2.5140602377195664,499.3234673709385,6879.034968471765,0.0006339589586331516,53.00046222376198,5.092154711811253,286.8146133551234,63.44884093186805
15 Jul 2026 04:37:00.000000000,6851.476954806956,181.20979307105694,-567.4860667578038,0.38282312181244654,4.609583792591182,6.048142212933376,-0.00840741112734145,-0.00022518150076709215,0.0006945085079041713,-4.612963366968392,-0.4468663919581818,499.32630696293523,6879.249369872592,0.0005693047220742607,53.00113691489026,5.092033931626898,293.4534894806537,60.61618105690189
15 Jul 2026 04:38:00.000000000,6859.302081131104,457.18054657107035,-203.60947471246416,-0.12206968783631285,4.586075598796327,6.07661353327157,-0.0084162688959502,-0.0005637702162743337,0.000246731001764631,-1.557640411112627,1.6005700671481704,499.4142753265646,6879.357816291096,0.0004982025579339511,53.00147890694733,5.091999095140321,299.9701613300909,57.90546839645715
15 Jul 2026 04:39:00.000000000,6836.839614017879,731.132611734092,161.16850499711288,-0.6263914532218057,4.5423196248037,6.0781774091578615,-0.008387762229959616,-0.0008998127192580331,-0.00020208720718865297,1.5001369259185438,3.6412979831239345,499.5883584490473,6879.358417490312,0.00042068619470700744,53.0014820790832,5.091994241568413,306.36338098039016,55.31799233772044
15 Jul 2026 04:40:00.000000000,6784.191016510215,1001.8565925817652,525.2327400773185,-1.1279035430002622,4.478513179345728,6.052830977255659,-0.008322030338244375,-0.0012318020841060736,-0.0006499266772823333,4.555244771234046,5.688256498969638,499.8477890666946,6879.25119016272,0.00033692973613586356,53.00114628023336,5.091962897608198,312.6367096410869,52.8502342433934
15 Jul 2026 04:41:00.000000000,6701.591715674475,1268.15763374233,886.9715592061369,-1.6243808117875926,4.394943428352377,6.00069240643758,-0.008219386186634177,-0.001558251631547176,-0.0010947743062557982,7.602513854155206,7.754483622685548,500.19005073465615,6879.038056431355,0.00024726109996655487,53.00047732928376,5.091849070819208,318.80303391013797,50.48935069147742
15 Jul 2026 04:42:00.000000000,6589.409981717601,1528.860770778084,1244.783995865438,-2.1136219692651492,4.291985952326509,5.9220002074356675,-0.008080314390754753,-0.0018777026163320414,-0.0015346338151042515,10.636630662468,9.853325746037745,500.61091499874533,6878.7228083864175,0.00015216943107851133,52.999486910509084,5.0915982339702035,324.90886276626185,48.188875978914076
15 Jul 2026 04:43:00.000000000,6448.145189573789,1782.8161802407997,1597.0869720232786,-2.593459788743768,4.1701028494932935,5.8171119187613085,-0.00790546796049409,-0.002188731662895341,-0.0019675360333491097,13.652033494107537,11.998650022641494,501.10451092921716,6878.311039364646,5.230862191366402e-05,52.99819236620064,5.091158283128798,331.3507534022448,45.55229579229762
15 Jul 2026 04:44:00.000000000,6278.42547461433,2028.904302717967,1942.3223847138604,-3.061771087837143,4.029840402143658,5.686502184041719,-0.007695663951760877,-0.0024899578721966236,-0.002391548877282268,16.64279985007029,14.205060612144804,501.66342561629057,6877.810043293696,5.153171421797605e-05,52.996616390186254,5.090480452837616,155.3280786517936,225.38027930057916
15 Jul 2026 04:45:00.000000000,6081.004798049508,2266.040813299907,2278.9640596557256,-3.516486417859892,3.871826327960004,5.530760242181089,-0.007451878102553779,-0.0027800495314948036,-0.002804786921603667,19.602521504598815,16.488118076855574,502.27883360602596,6877.228684007834,0.00015836055236336584,52.9947866276599,5.089520172369433,161.55927146145518,222.95443422546538
15 Jul 2026 04:46:00.000000000,5856.75944125682,2493.181415309994,2605.524537462234,-3.9555994035914783,3.6967666419447216,5.350586857440507,-0.007175238545318096,-0.00305773036860541,-0.0032054204757555214,22.52416351585445,18.864558315966683,502.94065269043836,6876.577236983222,0.00026710462794728965,52.99273518835962,5.08823784817671,167.196157630928,221.12297367262286
15 Jul 2026 04:47:00.000000000,5606.683951522506,2709.3264348419375,2920.561659865889,-4.377175681170556,3.5054421576935564,5.146790721404286,-0.006867018700997996,-0.003321785303289157,-0.00359168408952008,25.39990351802331,21.352502781057858,503.6377229699865,6875.86720642899,0.00037655021481451743,52.99049808163056,5.086599558884283,172.65797978131235,219.4666917712539
15 Jul 2026 04:48:00.000000000,5331.886564747576,2913.5251953164316,3222.6849252059124,-4.779361388322196,3.2987046593011082,4.920284362960296,-0.006528629474034989,-0.0035710656621765523,-0.003961884428899721,28.220948051236658,23.971644524437,504.35800569090736,6875.111121095721,0.00048538932906283733,52.98811458326029,5.084577650777785,177.9942593686898,217.9361013088107
15 Jul 2026 04:49:00.000000000,5033.584133057613,3104.8801533482397,3510.561584908658,-5.16039116863288,3.0774727767589045,4.672079605410593,-0.006161610868689494,-0.0038044938351700225,-0.004314407478329848,30.97732375869246,26.74338381885615,505.0887980324229,6874.322312518762,0.0005922407818527327,52.98562654515018,5.082151223363933,183.22100996257487,216.51522014739058
15 Jul 2026 04:50:00.000000000,4713.096587438554,3282.5507791130935,3782.922454931488,-5.518595658837898,2.842727598667043,4.403282611993958,-0.0057676231533444955,-0.004021067365601636,-0.004647725043628328,33.65764349662233,29.690871359914507,505.81695978207324,6873.514679693891,0.0006956754421681634,52.983077659877274,5.079306496592137,188.3461026064884,215.19620560798202
15 Jul 2026 04:51:00.000000000,4371.840967122556,3445.7571664768952,4038.567418714651,-5.852408435656162,2.595508056159955,4.115088562121172,-0.005348437695885653,-0.004219862478765863,-0.004960400546702075,36.248851505232174,32.83889519198278,506.52914769315754,6872.702444385506,0.0007942430966291106,52.98051269297968,5.0760370532841135,193.374219119798,213.97440096678582
15 Jul 2026 04:52:00.000000000,4011.3250487001646,3593.7833601444345,4276.370600678331,-6.16037240590726,2.336906111342995,3.808776000712579,-0.0049059275870880345,-0.004400037064692105,-0.0052510941188881055,38.73595879997894,36.213518999488976,507.2120532630153,6871.899901390119,0.0008865002249486167,52.977976696360976,5.072343952580778,198.30821426484496,212.84697314137256
15 Jul 2026 04:53:00.000000000,3633.140608598226,3725.9803890941967,4495.285191913305,-6.4411456305674015,2.0680617821404956,3.485700902010358,-0.004442058162317791,-0.004560833143931899,-0.005518567017503033,41.1017911319063,39.84134604567948,507.85263970042894,6871.121168121877,0.0009710381318456347,52.975514216537626,5.068235712360233,203.14952094727826,211.8125074009436
15 Jul 2026 04:54:00.000000000,3238.9563531181034,3841.768997348138,4694.347912024327,-6.693506579401223,1.7901580336652352,3.147290487599304,-0.003958877515362248,-0.004701578850878305,-0.0057616854000915665,43.326788453508975,43.7482515533144,508.43837395650826,6870.379937855369,0.0010465109197392406,52.97316851155015,5.06372816091553,207.89821313492314,210.87094441467315
15 Jul 2026 04:55:00.000000000,2830.510550130578,3940.642064927063,4872.683093514642,-6.916358818268085,1.5044155637283918,2.795036835723579,-0.0034585070862392458,-0.004821689978913572,-0.005979423505122586,45.38891722900288,47.95741253158085,508.95744986818966,6869.689240855164,0.0011116628278858961,52.97098079021527,5.058844160403483,212.55290009358507,210.02368603970496
15 Jul 2026 04:56:00.000000000,2409.603396346571,4022.1667133853257,5029.506377189579,-7.108735135466522,1.2120875074103592,2.4304903159298488,-0.002943132386124069,-0.0049206711350884055,-0.0061708662948338384,47.263783177268074,52.48649725353643,509.3989986970495,6869.0612174493845,0.00116535451465803,52.968989487018405,5.053613206851899,217.11049735422566,209.27382443252475
15 Jul 2026 04:57:00.000000000,1978.0891535813437,4085.9860917333863,5164.128009025008,-7.269801116769986,0.9144540826317473,2.055252879500593,-0.002414993904445723,-0.004998116554981167,-0.006335211622031179,48.925055329182086,57.34400006110264,509.7532836288091,6868.506906869305,0.0012065879271592054,52.96722958533889,5.048070913611817,221.56586969099888,208.62649920171492
15 Jul 2026 04:58:00.000000000,1537.8680867818505,4131.820839783591,5275.955730672884,-7.398858180944626,0.6128171956120018,1.6709712323526533,-0.001876378224071084,-0.005053710628369406,-0.006471771984985437,50.34531835776115,62.524965698961154,510.0118751211957,6868.036055385558,0.0012345294945501658,52.96573200087378,5.042258387220523,225.9113109251831,208.08941778363794
15 Jul 2026 04:59:00.000000000,1090.8782358455587,4159.470226996826,5364.4972572740835,-7.495346088542835,0.3084950221259009,1.2793299132299452,-0.0013296093519449567,-0.005087228184139201,-0.006579975933929624,51.49743719357914,68.00674998665822,510.1678043414188,6867.656946930777,0.0012485315116260618,52.96452303609284,5.036221506458396,230.1357946679722,207.67360492385612
15 Jul 2026 05:00:00.000000000,639.0870524761432,4168.812965782668,5429.36233751635,-7.5588449366765005,0.002816577672684704,0.8820442963071148,-0.0007770402547170598,-0.005098534578415457,-0.0066593691888687835,52.35642393031247,73.74592114485087,510.21569231112926,6867.376259014004,0.00124815177091763,52.96362391533652,5.030010117172853,234.2238874771679,207.39448978427998
15 Jul 2026 05:01:00.000000000,184.48293258541233,4159.80769891646,5470.264391925211,-7.589076651370037,-0.30288371277201176,0.48085353392265506,-0.00022104457320221076,-0.005087585623365381,-0.0067096155216684675,52.90163831471421,79.67768224677906,510.15185277075017,6867.198946310386,0.0012331717979043879,52.96305040877783,5.023677156837835,238.15414803615116,207.27350706205405
15 Jul 2026 05:02:00.000000000,-270.9333259042337,4132.493161318683,5487.021726231608,-7.585905987110157,-0.6072714367760789,0.07751345224038311,0.00033599152412687103,-0.005054427386073284,-0.006730497446253681,53.118968578905786,85.71896210402815,509.9743671810513,6867.128153858441,0.0012036145261839282,52.96281255193383,5.017277724127078,241.89672123921795,207.3405032299315
15 Jul 2026 05:03:00.000000000,-725.1571105095317,4086.9880169154458,5479.558317354392,-7.549341040506104,-0.9090176010786052,-0.3262105896615818,0.0008916773984941452,-0.004999195877190732,-0.006721916749056194,53.00251676610996,91.7753902246309,509.68313069420446,6867.165161319121,0.0011597630783884729,52.96291446575651,5.01086810971943,245.40963468857439,207.63744038624694
15 Jul 2026 05:04:00.000000000,-1176.188597874731,4023.4903717017555,5447.90417011004,-7.479533281749186,-1.2068040165577953,-0.72855086833945,0.0014436259661437776,-0.004922116639294178,-0.006683894879655356,52.555349351281905,97.75098530557092,509.2798683467173,6867.309359255518,0.0011021838211662987,52.96335428058644,5.00450480531795,248.63294014979732,208.2242551607557
15 Jul 2026 05:05:00.000000000,-1622.041344805823,3942.2769644970745,5392.195243263461,-7.376777104031166,-1.499328655513934,-1.1277444839853623,0.0019894617515978335,-0.004823504233013989,-0.006616573206069056,51.78909969260103,103.55824907229082,508.76812115103934,6867.558257881971,0.001031759733806255,52.96412416544268,4.998243508206288,251.47916151562484,209.18841111936126
15 Jul 2026 05:06:00.000000000,-2060.750837670771,3843.7020372540223,5312.672944013751,-7.241508887478808,-1.7853109748531444,-1.5220405595862416,0.0025268290282308525,-0.00470376160926876,-0.006520213126088131,50.7225370560311,109.12617734571917,508.15320218993327,6867.907528213794,0.0009497459046534218,52.965210462282464,4.992138138860858,253.8172093763327,210.6609845622812
15 Jul 2026 05:07:00.000000000,-2490.3829708736307,3728.195887195929,5209.683190520493,-7.074305570726314,-2.063497197713625,-1.9097074419682123,0.0030534001006769992,-0.00456337934511996,-0.006395196011027401,49.379489252647005,114.40459779120889,507.4421232469913,6868.35107502863,0.0008578711611768398,52.96659392302388,4.986239888865401,255.44441336620997,212.8446325390107
15 Jul 2026 05:08:00.000000000,-2909.042424609104,3596.263103551109,5083.675042672523,-6.875882720206325,-2.332665544461431,-2.289039893644265,0.0035668837749963773,-0.004402934711386868,-0.0062420229448225135,47.78660372402751,119.36464112444892,506.6434929371029,6868.8811405335855,0.0007585366457167437,52.96825004531818,4.980596315955367,256.0366585711918,216.0634567880742
15 Jul 2026 05:09:00.000000000,-3314.8809114277424,3448.4804922582944,4935.198902030281,-6.647092084816685,-2.5916314018342703,-2.6583662618114854,0.0040650340507919274,-0.004223090532580696,-0.006061314209827736,45.971350246045574,123.99627718828198,505.7673877299409,6869.488437125047,0.0006552220000672674,52.97014950131413,4.975250502174572,255.05952574200793,220.85186385057068
15 Jul 2026 05:10:00.000000000,-3706.1052603462877,3285.4946927628016,4764.904282779844,-6.388918622003187,-2.8392524164525863,-3.016055607615027,0.004545659054517564,-0.004024593793785263,-0.0058538084611970305,43.96049218369623,128.3042929355412,504.8251976858002,6870.16230713669,0.0005533343885586379,52.97225865200858,4.970240290100734,251.62347299571294,228.09938366843556
15 Jul 2026 05:11:00.000000000,-4080.9853063671594,3108.019491934488,4573.537156655662,-6.1024769806566495,-3.0744334960408355,-3.3605247750511578,0.00500663021510008,-0.003808273943948482,-0.005620361522642844,41.77907984588688,132.30393695069716,503.82944914151904,6870.890907002417,0.0004618930424668615,52.97454013825248,4.965597610696971,244.34665993956074,239.18784572779745
15 Jul 2026 05:12:00.000000000,-4437.861552399132,2916.83284122116,4361.93687614925,-5.7890074266725975,-3.296131698667805,-3.690245374779044,0.005445891665362863,-0.0035750408452116357,-0.005361944734773758,39.44990412966887,136.01702186853353,502.79360699082116,6871.661412823354,0.0003958864439438861,52.97695353810912,4.961347914853369,231.75788601267823,255.58844094694268
15 Jul 2026 05:13:00.000000000,-4775.152569754632,2712.7735844249014,4131.032681934414,-5.449871198652842,-3.503360987233971,-4.003750653842355,0.005861469831149053,-0.00332588231695488,-0.005079642783363549,36.99329858260216,139.4688403658868,501.7318595899808,6872.460243927517,0.0003747244769701771,52.97945607906397,4.957509718795237,214.5994285519676,276.5588837981816
15 Jul 2026 05:14:00.000000000,-5091.362102722593,2496.7379049373553,3881.839802313827,-5.086545284063544,-3.6951968234885975,-4.299642218056065,0.006251483151247277,-0.003061861227695198,-0.0047746509388817745,34.42717445645756,142.68594477586302,500.65888967973683,6873.273300657797,0.00040798591430322556,52.982003392587806,4.9540942716071035,197.92691698294414,297.0435382594403
15 Jul 2026 05:15:00.000000000,-5385.085842242557,2269.6755028936805,3615.455154615305,-4.700616610193413,-3.870780573173944,-4.57659656979751,0.006614151850729897,-0.0027841120929407797,-0.004448271642932465,31.76719313057574,145.69467900254682,499.5896350368901,6874.086212324433,0.00048440926652267995,52.98455029777395,4.951105350939651,186.22563220079473,312.5571185277044
15 Jul 2026 05:16:00.000000000,-5655.0178335138835,2032.5855144720458,3333.0526608203836,-4.293775649403134,-4.029323691630075,-4.833371420349695,0.006947807673335832,-0.002493837145695092,-0.004101910386745264,29.027006614820348,148.52029525222883,498.53904284486276,6874.884591022106,0.0005853356016785811,52.987051600221584,4.948539190755699,179.63460498507476,322.96059064924464
15 Jul 2026 05:17:00.000000000,-5899.956482519664,1786.512187459982,3035.878192259385,-3.8678094443157285,-4.17011165746574,-5.068811732966496,0.007250903462282016,-0.002192301855967153,-0.00373707083804175,26.218520806620052,151.18649111887427,497.5218219901501,6875.65428684573,0.0006970153028206044,52.98946289203314,4.946384542603457,176.60595581555188,329.8018326984211
15 Jul 2026 05:18:00.000000000,-6118.810126990383,1532.5403291865987,2725.244160913561,-3.4245940656010316,-4.2925076208344635,-5.281855450632026,0.007522022467215012,-0.0018808298879229573,-0.0033553491875034864,23.35215459683517,153.7152307909695,496.55219764030375,6876.381639949679,0.0008110967247516155,52.99174133873794,4.944622869535727,175.8373276445522,334.3832019499971
15 Jul 2026 05:19:00.000000000,-6310.602138321245,1271.7905449350096,2402.523777673698,-2.9660865226555533,-4.395955732539968,-5.471538861212502,0.007759887244791034,-0.0015607974957147666,-0.0029584277015069407,20.43708067471779,156.1267479804181,495.64367252894317,6877.053724888993,0.0009223804322418326,52.99384643915271,4.943228669478235,176.50795445790055,337.52546621413495
15 Jul 2026 05:20:00.000000000,-6474.47552241543,1005.4142869735194,2069.145000757472,-2.494316155554816,-4.479984120685089,-5.637001552458539,0.007963368017019676,-0.001233627373748036,-0.0025480674869612923,17.481442054804102,158.439658542101,494.80879935541776,6877.658582761495,0.0010273435752078612,52.995740744638034,4.942169922466941,178.12474318904148,339.7217217717001
15 Jul 2026 05:21:00.000000000,-6609.696989380251,734.588736298885,1726.584200318093,-2.0113755448861563,-4.544207482928178,-5.777490910184562,0.00813149034939321,-0.0009007819908377713,-0.002126100491915338,14.492543237247515,160.67113470214457,494.0589685942169,6878.185436838207,0.0011234076768727654,52.997390524901775,4.941408654027007,180.38651767160974,341.27314922774184
15 Jul 2026 05:22:00.000000000,-6715.660464445743,460.5115410495725,1376.3595680193891,-1.5194109842134598,-4.588329264605871,-5.892366114963205,0.008263442016719384,-0.0005637564522160059,-0.0016944207856163568,11.477017630157142,162.8371103362037,493.4042157987238,6878.624887628401,0.0012085906136862607,52.9987663684245,4.9409016048169425,183.1029105219961,342.37012139559755
15 Jul 2026 05:23:00.000000000,-6791.890015398794,184.39543724300782,1020.0243029369365,-1.0206125676929074,-4.612143396009216,-5.981101595820319,0.008358578930089818,-0.0002240709462801549,-0.0012549751793064202,8.440974232279038,164.95249893985388,492.85305217389913,6878.96908366925,0.001281339082384782,52.99984370672489,4.940600994792011,186.14896415544402,343.1376020128739
15 Jul 2026 05:24:00.000000000,-6838.042175195071,-92.53722100275878,659.159607507869,-0.5172039525109206,-4.615535565892377,-6.043289903650709,0.008416430014084228,0.00011673715436580526,-0.0008097532676366772,5.3901271590568225,167.03141412456304,492.4123217865501,6879.211864756542,0.0013404460186620176,53.00060325302029,4.9404553683608565,189.43953402576872,343.66074220469596
15 Jul 2026 05:25:00.000000000,-6853.9076421851205,-369.05999336439913,295.36752932797805,-0.011431862082655507,-4.598484012772229,-6.0786439723089964,0.008436700937256859,0.0004571214579660982,-0.0003607769854235226,2.3299117571481402,169.08738780861538,492.08708828646985,6879.348874833404,0.0013850087261960847,53.001031347352296,4.9404105056250955,192.91442217601858,343.99974661300223
15 Jul 2026 05:26:00.000000000,-6839.412344506494,-643.9479179516812,-69.73631366690542,0.4944445988501174,-4.561059820618367,-6.086998741435643,0.008419276620541477,0.0007955348965796719,8.991021189206975e-05,-0.734408984279813,171.13358464245002,491.88055343745424,6879.377642319047,0.0014144065530984253,53.001120201906275,4.9404103834893,196.5294085201965,344.1988417783472
15 Jul 2026 05:27:00.000000000,-6794.61785958444,-915.9830786758749,-434.53008574906744,0.9981647421625265,-4.503426711011654,-6.068312121898622,0.008364222468607012,0.0011304381528645657,0.000540254425315211,-3.7976441197817934,173.18301324411593,491.79400911776946,6879.297626276885,0.0014282875503851323,53.00086804203179,4.940398169568776,200.25059716381722,344.29192947339146
15 Jul 2026 05:28:00.000000000,-6719.721184267757,-1183.960145020425,-797.3931238627695,1.4974771297419585,-4.425840329605785,-6.02266529208003,0.008271784295469918,0.0014603080732590952,0.0009882025212379283,-6.854577018764994,175.2487359385299,491.8268237628518,6879.110227478623,0.001426558630329367,53.0002791403358,4.940317231159703,204.05065566006945,344.3063470985031
15 Jul 2026 05:29:00.000000000,-6615.053855817068,-1446.6918539354617,-1156.7133257123962,1.9901503637157612,-4.328647030599946,-5.950262320908936,0.008142386939642771,0.00178364596969355,0.0014317133426572956,-9.899866753297626,177.34407913580054,491.9764635069523,6878.818764101142,0.0014093763165937692,52.999363743133856,4.940112141295169,207.90612468147594,344.2655576668769
15 Jul 2026 05:30:00.000000000,-6481.080428671828,-1703.0144039648987,-1510.8944951673307,2.4739837553787383,-4.212282168752858,-5.851429121319946,0.007976631589827308,0.002098985714152295,0.0018687687936541546,-12.927945115235081,179.48284634710575,492.23854755669754,6878.42841248167,0.0013771365710430086,52.99813789047958,4.939729663867107,211.79528236519567,344.191285128304
15 Jul 2026 05:31:00.000000000,-6318.396316556063,-1951.792732464053,-1858.3636051203232,2.946817796695494,-4.077267914070609,-5.726611745479564,0.007775291867107242,0.0024049015354300728,0.002297384671379583,-15.932905697190625,-178.32046491098185,492.6069366186808,6877.946114036797,0.001330463008835219,52.99662313290518,4.939119700225076,215.69619050885547,344.10546786180305
15 Jul 2026 05:32:00.000000000,-6127.725013956993,-2191.9256478252555,-2197.5779388306455,3.4065443616917666,-3.924210609528345,-5.576374040453133,0.007539308732954755,0.002700015435199784,0.002715621127650741,-18.90838136043785,-176.05044259887813,493.07385252554815,6877.380450106862,0.0012701933829115557,52.994846149867726,4.938236180260428,219.58458383690632,344.0323691239232
15 Jul 2026 05:33:00.000000000,-5909.914715237728,-2422.3507900041773,-2527.032072099504,3.8511165698181675,-3.753797696888292,-5.401394689780164,0.007269784312087085,0.0029830041498830036,0.003121592652226222,-21.84740632296346,-173.69053892805786,493.63002657984197,6876.741487102917,0.0011973647180059392,52.99283827666883,4.937037882035547,223.43119676018452,344.0012500363947
15 Jul 2026 05:34:00.000000000,-5665.934353546515,-2642.049394274995,-2845.264660341437,4.278558249304847,-3.5667942397293433,-5.2024636724938365,0.006967974738331339,0.003252605597060537,0.0035134774838318362,-24.742259133386707,-171.22285558603863,494.2648735780922,6876.0405948965845,0.0011131980717759217,52.99063494826777,4.935489165240412,227.19791592690652,344.050216820841
15 Jul 2026 05:35:00.000000000,-5396.869085238079,-2850.050834973576,-3150.8649966193834,4.686972945349568,-3.3640390761350094,-4.980478176342725,0.006635282144704161,0.0035076247579780783,0.0038895263704259177,-27.58428312425321,-168.62794921276517,494.96668800280844,6875.290241889815,0.001019084850047033,52.988275069909974,4.933560605332471,230.83168581347252,344.23231503697144
15 Jul 2026 05:36:00.000000000,-5103.915248557067,-3045.4369280727356,-3442.479309121747,5.074552425684622,-3.1464406359352477,-4.736438006126659,0.006273245928381898,0.003746938961573552,0.0042480706174104575,-30.363681849964298,-165.88468099087078,495.7228584871051,6874.5037706225285,0.0009165784363939394,52.98580032581447,4.931229516974548,234.25409148354808,344.6259467007666
15 Jul 2026 05:37:00.000000000,-4788.37482802178,-3227.3459735227166,-3718.8167690150503,5.4395846439962945,-2.9149724590822235,-4.4714405312310825,0.005883533427966059,0.003969502550491976,0.0045875293816351175,-33.06928896403143,-162.97014897211562,496.520096371035,6873.695158115046,0.0008073989278014456,52.983254438283865,4.92848035739167,237.34227311198805,345.3539556890757
15 Jul 2026 05:38:00.000000000,-4451.649458032131,-3394.9765205646713,-3978.6551823838254,5.780461130016291,-2.6706684524689894,-4.186675218398862,0.005467930150621447,0.0041743509235811485,0.004906416187596688,-35.68831567187884,-159.85976252231094,497.3446739831596,6872.878765390595,0.0006934686153673066,52.98068239049412,4.925305002429647,239.89134968314244,346.6212040239226
15 Jul 2026 05:39:00.000000000,-4095.2340008423466,-3547.5908414675423,-4220.846342766844,6.095683783281171,-2.4146179224087607,-3.8834177966239327,0.005028329683199806,0.00436060396316189,0.005203344661003215,-38.2060852864106,-156.5275457724546,498.1826681936789,6872.069080782773,0.0005770225534027838,52.97812962687548,4.92170289037849,241.53425156546035,348.79473933653026
15 Jul 2026 05:40:00.000000000,-3720.7097352736564,-3684.518101313706,-4444.321023555923,6.383871055320623,-2.147960419183038,-3.5630241008951615,0.0045667234135710125,0.004527468867426883,0.005477033491712737,-40.60577476180237,-152.946790079945,499.0202047919305,6871.280461699477,0.00046091973990946997,52.975641245397135,4.917681031000058,241.55470336363922,352.59081210977587
15 Jul 2026 05:41:00.000000000,-3329.7371931092575,-3805.1572136664477,-4648.093592401956,6.643763512445362,-1.8718804283951604,-3.226923640180148,0.004085190178367737,0.00467424242044494,0.0057263106554978115,-42.86819868264974,-149.09120872856136,499.8436993346747,6870.526879492588,0.0003495578288423745,52.97326119620857,4.913253879658428,238.4134744981161,359.54862524961527
15 Jul 2026 05:42:00.000000000,-2924.0486804898555,-3908.979373922102,-4831.266232370697,6.874228777694569,-1.5876019417624727,-2.8766129329964087,0.003585885937069938,0.0048003127400737915,0.005950116936329037,-44.97169272020354,-144.9367666464174,500.6400902826109,6869.821671975591,0.00025178631417541663,52.97103150096881,4.908443078845863,228.58479421824887,13.193919277255524
15 Jul 2026 05:43:00.000000000,-2505.4405214810367,-3995.530264057746,-4993.032757164299,7.074265856107306,-1.2963829372869753,-2.51364865100084,0.003071033556104729,0.0049051605510767125,0.006147508802165941,-46.892179705325646,-140.46433708670648,501.39706048124805,6869.177307943167,0.0001890080532846431,52.968991506813296,4.903277071787547,205.90731902248035,39.68800516652045
15 Jul 2026 05:44:00.000000000,-2075.765060601582,-4064.431924184855,-5132.682010050246,7.243008851931283,-0.999509795769319,-2.1396406076000316,0.0025429127680303004,0.004988360035649235,0.0063176606960188685,-48.60352651328149,-135.663234478834,502.1032433375989,6868.605167786599,0.00019344732400374643,52.96717718827352,4.897790595115838,174.98970232082223,74.42219498765579
15 Jul 2026 05:45:00.000000000,-1636.9224604643048,-4115.384287840825,-5249.600838258784,7.379730089688488,-0.6982916774617535,-1.756244624758469,0.00200385035042784,0.005049579314348744,0.006459866807507827,-50.07831108416295,-130.53544074902732,502.7484103854447,6868.11534397223,0.0002559949742130455,52.96562050958972,4.892024059769077,155.59142796050082,97.63696873243762
15 Jul 2026 05:46:00.000000000,-1190.8523298839548,-4148.16637927687,-5343.276636487568,7.483842653128153,-0.39405487946216367,-1.3651553071788196,0.001456210549925902,0.005088580610466228,0.00657354239249441,-51.289095217474156,-125.0999604651252,503.3236373090178,6867.716464767148,0.0003408177514544943,52.96434885875833,4.886022831250758,147.98513061883497,109.05965431138206
15 Jul 2026 05:47:00.000000000,-739.5252169139515,-4162.637172139496,-5413.299454784502,7.554902357039287,-0.08813719137219514,-0.968098749045575,0.0009023857571717864,0.005105220146868719,0.0066582247053712925,-52.210216832482395,-119.39627368084325,503.82144589872286,6867.415544164055,0.000429807777780476,52.96338456335334,4.8798364222020085,146.26552479613275,114.59549898439147
15 Jul 2026 05:48:00.000000000,-284.9340003632947,-4158.736109901198,-5459.363667473786,7.592609166736272,0.21811773607075072,-0.5668251947551661,0.0003447874217313226,0.005099447819929745,0.006713573604664127,-52.81996588837711,-113.48551460925249,504.2359198351586,6867.217860485093,0.0005160974603503807,52.96274449668052,4.873517611760685,147.46245869276018,117.21461593415951
15 Jul 2026 05:49:00.000000000,170.91478753212775,-4136.483289198476,-5481.269200963923,7.596808078892172,0.5233659971227346,-0.16310167167834538,-0.00021416281985514084,0.005071306686349485,0.006739371882716946,-53.10282074067873,-107.4481169848971,504.56279263278475,6867.126865640876,0.0005966992471590865,52.96243978119069,4.867121507523719,150.27575494705292,118.21714399862394
15 Jul 2026 05:50:00.000000000,626.0096753756162,-4095.979307903065,-5478.922319258441,7.567489475430313,0.8262690016000327,0.24129538982449486,-0.0007720418412490075,0.00502093229232541,0.0067355253630829795,-53.05127739989344,-101.37747753869688,504.7995065168233,6867.144126493033,0.000670108901288713,52.96247559432524,4.860704566850937,154.08977570839355,118.21868308067424
15 Jul 2026 05:51:00.000000000,1078.3429725491287,-4037.404780322496,-5452.335966819827,7.504788959589605,1.1254990009697772,0.6445875360698011,-0.0013264335962796157,0.004948551861611901,0.006702062793123225,-52.66680541280413,-95.37054950013197,504.94524145316774,6867.269299226131,0.0007355279948407286,52.96285108012542,4.8543235950593715,158.58451930496395,117.5391979678917
15 Jul 2026 05:52:00.000000000,1525.9194640067126,-3961.0195224305553,-5401.62966915746,7.408986680268936,1.4197445618103948,1.0450016577156052,-0.0018749376140780346,0.004854483351406463,0.00663913554964578,-51.95966001886355,-89.5175416391033,505.0009139977587,6867.500137082405,0.0007925711367636786,52.96355936804018,4.848034738287521,163.57975423372366,116.35888482689111
15 Jul 2026 05:53:00.000000000,1966.765049382614,-3867.161410505894,-5327.028992172732,7.280506147560686,1.707715978660214,1.4407773343046044,-0.0024151774726636354,0.004739134372279384,0.00654701715860485,-50.94760478087974,-83.89329499684156,504.9691460777903,6867.832531260794,0.0008411343169315042,52.96458769845045,4.8418924890303705,168.96676276296486,114.78642807405434
15 Jul 2026 05:54:00.000000000,2398.9352959336047,-3756.2449170472996,-5228.864561949681,7.119912539245041,1.9881506177794437,1.8301741442874697,-0.0029448093018586,0.00460300096008763,0.006426102618499032,-49.65389690846858,-78.55217553390226,504.8542042602884,6868.260584233963,0.0008813220981173055,52.96591765252536,4.835948721945543,174.6756272964601,112.8917144659025
15 Jul 2026 05:55:00.000000000,2820.5238747299227,-3628.759328368899,-5107.5706473788605,6.92791049516169,2.2598181823071677,2.211478928039563,-0.0034615303588821744,0.004446666176537489,0.006276907501277825,-48.10502283195136,-73.52693675372437,504.6619105024752,6868.776714202297,0.0009133972494806472,52.967525482172434,4.830251777063664,180.6582257725784,110.72283812828238
15 Jul 2026 05:56:00.000000000,3229.6708492253256,-3485.266648899879,-4963.683308794913,6.705341394031832,2.5215258877004914,2.5830129895422123,-0.003963087710780779,0.004270798509096232,0.00610006679551199,-46.328617035276466,-68.83077064544283,504.3995258111962,6869.371788888031,0.0009377386685561189,52.96938253407233,4.824845606541463,186.8787390811477,108.31559353452627
15 Jul 2026 05:57:00.000000000,3624.570784949006,-3326.3991979369775,-4797.838116736469,6.453180105652845,2.7721235343491633,2.9431392199096007,-0.004447287043864679,0.004076150033094456,0.00589633344461671,-44.35182781000402,-64.46118338467512,504.0756086626858,6870.03528638235,0.0009548019894046357,52.971455760129615,4.819769000035385,193.30802470988226,105.69910221424267
15 Jul 2026 05:58:00.000000000,4003.4806485873946,-3152.8569054577324,-4610.76744603733,6.172531210605212,3.0105084619235476,3.290269122929352,-0.0049120016055721975,0.0038635542957588557,0.005666576527108663,-42.20021168980047,-60.40439906383904,503.69985044556563,6870.755480300767,0.000965081038903883,52.97370830515647,4.815054902290489,199.92013818318316,102.89929162403315
15 Jul 2026 05:59:00.000000000,4364.727464238106,-2965.4043146085896,-4403.297351755573,5.864624679813653,3.2356303674932914,3.6228697194090254,-0.005355181265851429,0.0036339238786138976,0.005411779019547032,-39.89710933606715,-56.63940721344893,503.28289058427794,6871.519646083282,0.00096907022230327,52.97610016125765,4.810729834864712,206.69015873247963,99.94106973582001
15 Jul 2026 06:00:00.000000000,4706.715694178337,-2764.8672996424084,-4176.344034959799,5.530811007574555,3.446495966877667,3.9394703035537897,-0.005774861668465177,0.0033882475964858143,0.005133035083369586,-37.46339431680192,-53.141224811469215,502.8361143711994,6872.314284903764,0.0009672290250295028,52.97858887723041,4.806813432033908,213.59289315240258,96.84962138416158
15 Jul 2026 06:01:00.000000000,5027.934311167112,-2552.129509388181,-3930.9099081221725,5.172555794027317,3.6421734762041416,4.238669021031896,-0.006169173422606434,0.003127587292388199,0.00483154681602734,-34.91747623752596,-49.88327960869442,502.37143687598933,6873.125361333747,0.0009599504615874166,52.981130310349705,4.803318098924126,220.6022331380271,93.651051073893
15 Jul 2026 06:02:00.000000000,5326.963529151888,-2328.128547793441,-3668.0792718100597,4.7914337765010195,3.8217968883842253,4.519139235002332,-0.006536351269259724,0.0028530741939305484,0.0045086204137268935,-32.27545716664889,-46.83900824729513,501.90107660197816,6873.938550645885,0.0009475355750919536,52.98367940719033,4.800248797695209,227.69103152504445,90.37250682376163
15 Jul 2026 06:03:00.000000000,5602.481159346732,-2093.8519046622287,-3389.013616502724,4.389122313641257,3.984570017314016,4.779635643370366,-0.0068747431386788115,0.0025659048027266776,0.00416566169881832,-29.551366721543072,-43.982834312619886,501.4373228121813,6874.739491448636,0.0009301759953900258,52.986190999660074,4.797602965303648,234.83139261423617,87.04188986321334
15 Jul 2026 06:04:00.000000000,5853.2685590513765,-1850.3326513832703,-3094.9465656583066,3.967394331598754,4.129770281197738,5.019000108073944,-0.007182819003555611,0.0022673362985543206,0.0038041709773115164,-26.75742623665541,-41.290695723167296,500.99230064257233,6875.514039221241,0.0009079461036653396,52.98862060218408,4.795370564135441,241.9952705470449,83.68725621507473
15 Jul 2026 06:05:00.000000000,6078.216141324963,-1598.6449182005044,-2787.1784785777127,3.5281107477108353,4.256752195553248,5.236167155444688,-0.007459179418884882,0.001958681449388021,0.00342573720306204,-23.904312113674564,-38.74026480904368,500.5777382475041,6876.248516271496,0.0008808055811028353,52.990925195994414,4.793534264326356,249.15525806203155,80.33602783491887
15 Jul 2026 06:06:00.000000000,6276.328414773167,-1339.8991713393887,-2467.070734111378,3.0732123938138374,4.3649505463133025,5.43016910575772,-0.007702563634138273,0.0016413030312116847,0.0030320314415409567,-21.00140227384724,-36.31097023508492,500.20474027345693,6876.929953672197,0.0008486121599043647,52.99306398674145,4.792069754426895,256.2854410461703,77.01413789474019
15 Jul 2026 06:07:00.000000000,6446.728524258166,-1075.2373100784948,-2136.0397187759686,2.604711468411876,4.453883213996846,5.600140790085752,-0.007911857156907707,0.0013166077731383815,0.0026247996408816816,-18.056998582999114,-33.983898259596096,499.88357192453003,6877.546320846378,0.0008111434173521308,52.9949991221431,4.7909461746764315,263.36220146229897,73.74522763218948
15 Jul 2026 06:08:00.000000000,6588.662265331052,-805.827605548249,-1795.5505453341032,2.1246825541258323,4.523153621264116,5.745323813567776,-0.008086098648784172,0.0009860398566965299,0.0022058547356987018,-15.078523526536696,-31.74162544838754,499.6234577611857,6878.086738668261,0.0007681256350137916,52.99669635712204,4.790126665131635,270.36487517836144,70.54998824323266
15 Jul 2026 06:09:00.000000000,6701.501547598108,-532.8595046501356,-1447.110530280856,1.635253243947528,4.572452778255078,5.8650703262178885,-0.008224486037423307,0.0006510740105007108,0.0017770681259329118,-12.072692449642444,-29.568016224208886,499.43239915949914,6878.541672223635,0.000719267219985914,52.998125654827795,4.789569018801972,277.2762086745718,67.445703846475
15 Jul 2026 06:10:00.000000000,6784.747285063295,-257.53832393027903,-1092.2624609143093,1.1385944265520997,4.6015609029403555,5.958846265424465,-0.008326381737429157,0.00031320825322728765,0.001340360589446973,-9.04566423280734,-27.448005503185396,499.3170140513114,6878.903099726795,0.0006642940108433094,52.999261713089304,4.789226428230272,284.08260327866213,64.44600687416097
15 Jul 2026 06:11:00.000000000,6838.031694699076,18.920140486337885,-732.5776846876296,0.6369102870747598,4.610348597210169,6.02623403827308,-0.008391316882658397,-2.6043651460932384e-05,0.0008976927022182441,-6.003173955045913,-25.367377816412223,499.28240216999086,6879.1646545159765,0.0006029839427930595,53.00008440716918,4.789048312254415,290.7741831586641,61.56080966628246
15 Jul 2026 06:12:00.000000000,6861.119988051502,295.29505976836066,-369.64905529340075,0.1324280850932678,4.598777563525553,6.066934616683089,-0.008418994490358428,-0.00036515995527082066,0.00045105485410363666,-2.9506513027335584,-23.312548525855632,499.3320385479797,6879.321737537576,0.0005351989388865439,53.000579141169595,4.78898120837859,297.34477922246,58.79632012503754
15 Jul 2026 06:13:00.000000000,6853.911444524727,570.3660481473105,-5.083771367973833,-0.37261222409711253,4.566900851539214,6.080769023958812,-0.008409291493000508,-0.0007026188210550086,2.45695916374325e-06,0.1066715431338414,-21.270349070608518,499.46769746186743,6879.371598271407,0.00046091241586335954,53.00073710205034,4.78896971501646,303.7920195460562,56.15495081467257
15 Jul 2026 06:14:00.000000000,6816.439859051081,842.9186391943998,359.50385521160837,-0.8759684556425924,4.514862629044399,6.067679197574229,-0.008362259595920485,-0.001036906269184868,-0.0004460820316175913,3.163658917509665,-19.22781594031763,499.6894084106429,6879.313382634586,0.0003802313418337337,53.000555411925816,4.788957467088844,310.1179958176525,53.634652026987595
15 Jul 2026 06:15:00.000000000,6748.873361064132,1111.7497340253803,722.499663765974,-1.3754066775229643,4.442897476785355,6.027728219665269,-0.008278124939386036,-0.0013665240872212043,-0.0008925447016445734,6.21517406503491,-17.17198181149862,499.9954450597449,6879.148147017224,0.00029341228864922383,53.00003717608788,4.7888881278288995,316.33207403671105,51.22610058091205
15 Jul 2026 06:16:00.000000000,6651.513605975048,1375.672992995171,1082.2969040175428,-1.8687116374010297,4.351329211917603,5.961099913609134,-0.008157286567370421,-0.0016899976154316587,-0.0013349257079299573,9.255981466880705,-15.089666725085417,500.3823474047421,6878.878838235146,0.00020087137966804514,52.99919142601931,4.788706379477311,322.46345809718053,48.900135734730036
15 Jul 2026 06:17:00.000000000,6524.794344628955,1633.5241428790066,1437.30345220586,-2.353697062932157,4.240569250088781,5.8680978120303635,-0.008000313727237682,-0.0020058833232746024,-0.0017712421728537167,12.280645651922118,-12.96726720297434,500.84497672337733,6878.510239821126,0.00010318886340239106,52.998032958490164,4.7883588955112755,328.65103995508207,46.51790851847727
15 Jul 2026 06:18:00.000000000,6369.279380404558,1884.1661722948231,1785.94894678296,-2.82821576667111,4.111114521070085,5.749143508389535,-0.007807942047401946,-0.002312776096953115,-0.0021995438173121936,15.283422982086513,-10.790541800547562,501.3766022120057,6878.048885699907,1.4899560335035162e-06,52.99658207363302,4.787795277470039,16.521465952806977,2.4528149217561745
15 Jul 2026 06:19:00.000000000,6185.659927643809,2126.494389150929,2126.69180727626,-3.2901694901122918,3.963544957467078,5.604774410790281,-0.007581068659404982,-0.0026093161651087188,-0.002617922730991717,18.258142797918016,-8.544392904460027,501.969017561632,6877.502942892855,0.00010450518096853481,52.99486421664501,4.786968940016819,159.00643750055087,223.7731947438861
15 Jul 2026 06:20:00.000000000,5974.75138888118,2359.4413152057637,2458.0261011962575,-3.737518425968919,3.7985205801444777,5.435640922601972,-0.007320746349616145,-0.0028941955990914193,-0.0030245226858800177,21.198074210563767,-6.212646891703761,502.6126851361041,6876.882065460467,0.00021257109783391477,52.992909529432296,4.785837928831677,164.8505061348356,221.73453609341854
15 Jul 2026 06:21:00.000000000,5737.4895718392245,2581.981394336461,2778.4882254724293,-4.168290363342864,3.6167782075181196,5.242503079789224,-0.007028176841281304,-0.003166164334917621,-0.0034175479114263822,24.095774816904704,-3.7778385307482596,503.29690488626244,6876.197222404929,0.00032194784420447764,52.99075232007024,4.784365657077715,170.39711078560728,219.99343771181708
15 Jul 2026 06:22:00.000000000,5474.926370242883,2793.135492872996,3086.6633708762447,-4.580589406912763,3.4191278186557414,5.026226679275644,-0.006704703318506736,-0.0034240356760683807,-0.0037952712643649802,26.942917846940425,-1.2210114173553848,504.0100046807678,6875.460502709809,0.00043136452661719755,52.98843045937262,4.782521547628304,175.79254189700674,218.40364448259857
15 Jul 2026 06:23:00.000000000,5188.2249353141115,2991.9751721341413,3381.1917399295103,-4.972604228108815,3.2064486022620367,4.787778936281536,-0.006351802313237005,-0.00366669124908433,-0.004156041742325292,29.73009497580506,1.4784447477312437,504.73954836570846,6874.684901082219,0.0005394667765772271,52.98598471512279,4.780281569880397,181.06887773745552,216.93311079463226
15 Jul 2026 06:24:00.000000000,4878.65436701774,3177.6267153599774,3660.7744912758194,-5.34261581380177,2.9796847248414906,4.528223711055915,-0.005971075080323119,-0.0038930853976770785,-0.004498291307757765,32.446593654017015,4.3428859108691675,505.47255758700555,6873.88408827821,0.000644840540708328,52.983458035596236,4.777628661803093,186.23890136852464,215.56908329529267
15 Jul 2026 06:25:00.000000000,4547.583956051772,3349.2748931816895,3924.1793858609763,-5.689004685404153,2.7398408518843658,4.248716347000657,-0.005564238583955314,-0.00410224901269443,-0.004820541004558852,35.08015094271545,7.396381375783139,506.1957432231866,6873.0721701294815,0.0007460382950181623,52.98089479488137,4.774553029853919,191.30943432804975,214.30476698118136
15 Jul 2026 06:26:00.000000000,4196.477008948458,3506.1664538287837,4170.24611284827,-6.010257568741171,2.4879774556250314,3.9504981626530715,-0.005133116218351597,-0.004293292809693966,-0.005121406368857333,37.616691381473345,10.66447888598698,506.8957421811678,6872.263439549231,0.0008416064833392697,52.97834001316744,4.771052321546467,196.28456556957252,213.1360960871979
15 Jul 2026 06:27:00.000000000,3826.8842897111836,3647.6133262190874,4397.891275673466,-6.304973502018355,2.2252059420013675,3.634890639570635,-0.004679628373699082,-0.004465410074609394,-0.005399602148367002,40.04006553584952,14.173656891975435,507.5593552990401,6871.472125874221,0.0009301135604352107,52.97583856560438,4.767131667628783,201.16663412487142,212.06075130824334
15 Jul 2026 06:28:00.000000000,3440.4371117934074,3772.9955260718593,4606.113021264056,-6.571869375873315,1.9526836276893118,3.3032893465985893,-0.004205782952310455,-0.004617878911454278,-0.005653946363255339,42.331819875797,17.950320172670995,508.1737821727706,6870.712145901977,0.0010101781015483034,52.973434393540984,4.762803593096646,205.95652029615806,211.07786854913542
15 Jul 2026 06:29:00.000000000,3038.840114701966,3881.7637568525824,4793.995297629684,-6.809784904970496,1.6716085961254408,2.95715763902838,-0.003713665920355958,-0.004750064029760156,-0.00588336374884994,44.471048439761944,22.019170390942715,508.7268488678264,6869.99686091008,0.0010804964833896979,52.97116973191488,4.75808779855372,210.65365643303176,210.18802814582457
15 Jul 2026 06:30:00.000000000,2623.8637591540232,3973.4416991221947,4960.711727435511,-7.017687035641341,1.3832144586814037,2.5980201680827664,-0.0032054319687505194,-0.004861418118956961,-0.006086888634378334,46.43440172321989,26.400790347043447,509.2072246853271,6869.338843801257,0.0011398696877484796,52.96908436629401,4.753010815680392,215.2558792002506,209.39340265169264
15 Jul 2026 06:31:00.000000000,2197.336574465018,4047.6279832917876,5105.529087122816,-7.194673797734418,1.0887650443773762,2.2274562328916585,-0.002683295336231538,-0.004951482858451246,-0.006263667316500195,48.19635413867147,31.1083570445131,509.6046244137081,6868.7496603105765,0.0011872288375551214,52.96721493256692,4.747605542745038,219.75915034870255,208.69803617406973
15 Jul 2026 06:32:00.000000000,1761.1371912332247,4103.997842114899,5227.810383000209,-7.339977611550947,0.789549038475217,1.8470930033873367,-0.002149520830076323,-0.005019889614911605,-0.006412959992064629,49.72984762181242,36.14359118065951,509.9099928024808,6868.239667944568,0.001221659153886742,52.965594271549605,4.741910668204893,224.1571298492459,208.1082713983168
15 Jul 2026 06:33:00.000000000,1317.1861916860703,4142.3044403771355,5327.017517330487,-7.45296806227339,0.48687458727239225,1.4585986387026149,-0.0016064150598118683,-0.005066359875337311,-0.006534142312877503,51.00741680639451,41.49239116146886,510.1156683349911,6867.817836002273,0.001242422131639176,52.96425084983594,4.735969992365064,228.44055357812513,207.633372106908
15 Jul 2026 06:34:00.000000000,867.4378092842217,4162.379880197832,5402.713538809585,-7.533154154710897,0.18206388352035283,1.0636753218584487,-0.001056317882321488,-0.005090705463309147,-0.006626706625780804,52.00283712752729,47.121052235341615,510.21552374424215,6867.491589663096,0.0012489758889415547,52.96320825708058,4.729831658903051,232.59633107041142,207.28642567241877
15 Jul 2026 06:35:00.000000000,413.8715084217487,4164.135881143776,5454.5644729814685,-7.580186060543641,-0.12355225572536964,0.6640522279624439,-0.000501594038851286,-0.005092828578569654,-0.00669026295359503,52.69320622736393,52.97436852724084,510.205081102772,6867.2666807207825,0.0012409938828057989,52.96248478858657,4.72354730958029,236.60622457302387,207.08566428752732
15 Jul 2026 06:36:00.000000000,-41.516525643890304,4147.56413499877,5482.340729073971,-7.59385636866068,-0.42863980926718126,0.26147843997913334,5.537504965909201e-05,-0.005072721693459948,-0.006724539765345996,53.06118803824019,58.976953768934344,510.08159971849375,6867.147087103505,0.001218382560274577,52.962093120598034,4.717171176899859,240.4448816366155,207.05643268683113
15 Jul 2026 06:37:00.000000000,-496.7219570684323,4112.736335552446,5485.9180805035185,-7.5741008467959166,-0.7318669621243129,-0.14228417646528246,0.0006121993744798124,-0.005030467331092203,-0.006729384573974071,53.096985058004684,65.03850447248016,509.84413547957786,6867.1349428541425,0.00118129914514561,52.962040084092514,4.710759130498454,244.07684008569,207.23418351468763
15 Jul 2026 06:38:00.000000000,-949.7409007624523,4059.803884205792,5465.27821692036,-7.520998719660425,-1.031909499469765,-0.5454681296964212,0.0011664883725531143,-0.004966237739729965,-0.006704764386816973,52.799558779773456,71.0624855329236,509.49357070906757,6867.230499756242,0.0011301718755738438,52.96232654116036,4.70436769396627,247.45185021614333,207.66915548310047
15 Jul 2026 06:39:00.000000000,-1398.5785258730543,3988.997272569964,5420.508866193952,-7.434772465352191,-1.327456178084752,-0.9463074816070856,0.0017158589605333705,-0.004880294466934303,-0.006650766020143536,52.17676136402444,76.95636448603648,509.03261401267116,6867.432121287089,0.001065727087503288,52.96294736627235,4.698053049285262,250.49735411381903,208.43389441902312
15 Jul 2026 06:40:00.000000000,-1841.2576324882432,3900.625143600095,5351.803485221152,-7.315787128225057,-1.6172140691908667,-1.3430450421433142,0.0022579436297116054,-0.0047729878275601725,-0.006567596276468289,51.244340726922175,82.64084338071824,508.46577002922817,6867.736309064945,0.000989031625204394,52.963891532907866,4.691870046360619,253.10600513031676,209.63573415765947
15 Jul 2026 06:41:00.000000000,-2275.8271724357824,3795.0730331942077,5259.460518929925,-7.1645491428524,-1.89991386579006,-1.733939569950302,0.00279039865902653,-0.0046447562470124425,-0.006455581966134463,50.0240987638963,88.05597979320129,507.7992794215735,6868.137761437061,0.0009015675068224793,52.965142304171486,4.685871235043753,255.1142627452024,211.43820204544858
15 Jul 2026 06:42:00.000000000,-2700.370684628656,3672.8017946375808,5143.8822274022805,-6.981704660463846,-2.1743151463001893,-2.1172729690312946,0.003310912496707445,-0.004496125453109072,-0.006315169743178033,48.54166774836699,93.16335806237119,507.0410298759353,6868.629463337197,0.0008053740579089071,52.966677524200165,4.680105936706318,256.26455306779667,214.09885879250865
15 Jul 2026 06:43:00.000000000,-3113.0146148058147,3534.345708819264,5005.573081702402,-6.768037366490744,-2.439211584373191,-2.4913574690385114,0.0038172143507737622,-0.0043277074805706086,-0.006146925711875565,46.824363326207255,97.94480198972305,506.2004393076317,6869.202806028287,0.0007033336071937466,52.96847000538741,4.674619371768887,256.1372556338037,218.0373120124824
15 Jul 2026 06:44:00.000000000,-3511.9364887674355,3380.310283821958,4845.137729815771,-6.524465775834872,-2.693436092409234,-2.8545427738733387,0.004307083014900216,-0.0041401994450412415,-0.005951534749447455,44.89942623313569,102.39889129673705,505.28831289881106,6869.847734846663,0.0005997670351664666,52.97048800475502,4.6694518586348925,254.03212926546016,223.95379067469275
15 Jul 2026 06:45:00.000000000,-3895.372907356114,3211.369748314808,4663.278535122999,-6.25203999135425,-2.935865883539498,-3.2052231597452288,0.004778355939595587,-0.003934382038345165,-0.005729799481690457,42.79278014034391,106.53663137338992,504.3166760166722,6870.5529225852015,0.000501670420551371,52.97269578121942,4.664638098251747,248.8013308435376,232.99612661435367
15 Jul 2026 06:46:00.000000000,-4261.627330551307,3028.26424417606,4460.792691078922,-5.951937910981312,-3.165427433873236,-3.541844499878116,0.005228938540888476,-0.003711117694564046,-0.005482638843561371,40.52828781271641,110.37727905694341,503.29858547283743,6871.3059656992855,0.00042092870760741086,52.97505422405412,4.660206557082679,238.85928877410328,246.74988131259488
15 Jul 2026 06:47:00.000000000,-4609.0776171889465,2831.7967249537796,4238.568917262292,-5.625460869954876,-3.3811013237204466,-3.8629111888403536,0.005656813718281516,-0.0034713483749494664,-0.0052110861525821355,38.12740931954697,113.9448669970734,502.24792198130956,6872.093600101795,0.00037580396570082076,52.977521541570816,4.6561789595354695,223.4249548467311,265.99609424499687
15 Jul 2026 06:48:00.000000000,-4936.183286059264,2622.8295681395284,3997.583743717243,-5.27402870691628,-3.581926933463211,-4.166992935191079,0.006060051534518941,-0.003216092923029921,-0.004916286625310034,35.609144285382165,117.26559691461789,501.17916704547207,6872.901932937778,0.00038319992659864143,52.98005399795014,4.652569898987603,205.62250102895075,287.6105862499885
15 Jul 2026 06:49:00.000000000,-5241.492463557714,2402.2809107670955,3738.8973925169676,-4.899174246087909,-3.767006966914103,-4.452731386993779,0.006436818988327589,-0.002946443944130699,-0.004599494268749794,32.990151911841394,120.36604802108147,500.107167845317,6873.7166864048495,0.0004414696058026571,52.98260668527256,4.649386574515693,191.21330992129316,305.8319691897668
15 Jul 2026 06:50:00.000000000,-5523.648482721245,2171.12071955684,3463.6492677318925,-4.502537192390235,-3.935511772494273,-4.718846550937898,0.006785389794498218,-0.0026635641722597206,-0.004262068088467202,30.284967408791815,123.27204877480729,499.0468939944026,6874.523449419407,0.0005329486504968324,52.98513431714342,4.646628658163485,182.32833724328748,318.5292835313004
15 Jul 2026 06:51:00.000000000,-5781.396098460305,1930.366608660681,3173.0530674497813,-4.085857442050809,-4.08668343055274,-4.9641429625299835,0.007104154067404276,-0.0023686822950042597,-0.0039054675635532316,27.506259186513077,126.00804132630746,498.0131902815116,6875.307932730208,0.0006408783441966792,52.987592029889825,4.644288295346886,177.79909587664744,326.87101432004243
15 Jul 2026 06:52:00.000000000,-6013.587284142295,1681.079420010138,2868.3915341349857,-3.650967817889142,-4.219839573729205,-5.187515562243789,0.0073916277908416105,-0.0020630882187965857,-0.0035312473526929026,24.6650922509699,128.59678798612956,497.0205296933767,6876.056222955872,0.0007546022126385916,52.98993617713801,4.642350238588566,176.09432908859594,332.3884179232545
15 Jul 2026 06:53:00.000000000,-6219.186575452707,1424.358583276841,2551.0108623823958,-3.1997862458358113,-4.334376906556072,-5.387955230806643,0.007646461945955672,-0.0017481277690648937,-0.003141051210786225,21.77117848705618,131.05930197477252,496.08277112179667,6876.755030978367,0.0008676765620050529,52.99212510366215,4.640792112437373,176.17019607401355,336.1253364050756
15 Jul 2026 06:54:00.000000000,-6397.275928689509,1161.337274487638,2222.3147859612754,-2.7343073971525045,-4.429774390568614,-5.564553936075439,0.007867451162559661,-0.0014251968336316948,-0.0027366051131224155,18.833104612709167,133.41491730379065,495.2129261813381,6877.3919301645155,0.0009759213765468514,52.99411988473132,4.639584805064125,177.3958553894987,338.7126139620299
15 Jul 2026 06:55:00.000000000,-6547.059062363956,893.1773943354924,1883.7583688904037,-2.2565938290114937,-4.505596062104642,-5.716509444311265,0.008053541755906269,-0.00109573497162956,-0.00231970960232833,15.858534817706882,135.68143963239802,494.4229394955244,6877.95558001687,0.0010763807639476745,52.99588501776239,4.638692979776998,179.3913244886004,340.53023721245023
15 Jul 2026 06:56:00.000000000,-6667.865253188337,621.0643891519497,1536.8415280778459,-1.7687666643183246,-4.56149345173936,-5.843129550147245,0.008203839013815994,-0.0007612185247560008,-0.0018922313928368705,12.854388687642377,137.87534029529698,493.7234866434013,6878.435931071718,0.001166826951500362,52.997389053907526,4.638075697545658,181.9208931865007,341.81392151513967
15 Jul 2026 06:57:00.000000000,-6759.152560229074,346.2019392998394,1183.1023177209324,-1.2729958596433524,-4.5972075769110665,-5.94383578217585,0.008317613603819113,-0.0004231532811015585,-0.0014560942860521995,9.826996912978386,140.011970159849,493.1237936940621,6878.824407168413,0.001245524278696258,52.99860515824868,4.6376871396106605,184.83278113229952,342.71545324356686
15 Jul 2026 06:58:00.000000000,-6820.510454163413,69.80654135949698,824.1100081339546,-0.7714901176079642,-4.6125704827044824,-6.018166544826527,0.008394306982112658,-8.306675505043238e-05,-0.001013269467889832,6.782238170057954,142.10577983161213,492.63148189379154,6879.114061603091,0.0013111144368866193,52.99951158852435,4.637477417438342,188.02547650098523,343.33635080868964
15 Jul 2026 06:59:00.000000000,-6851.661832165414,-206.8979881348376,461.45799388498426,-0.26648650679048985,-4.6075063098997875,-6.06577966199309,0.00843353569963486,0.0002574998422956486,-0.0005657652767016635,3.72566088074873,144.17053923730538,492.2524406150461,6879.299704147648,0.0013625592007349737,53.00009208374845,4.637393455724364,191.42852510968868,343.74707523164005
15 Jul 2026 07:00:00.000000000,-6852.464402906837,-482.68605852956534,96.7565680203352,0.2397601420473614,-4.582031874161944,-6.086454293593516,0.008435094519522261,0.0005969998579565476,-0.00011561654411234521,0.6625935901881658,146.21955378695486,491.9907311366033,6879.377996451313,0.0013991107806847973,53.00033615567859,4.637379932781572,194.99117284588183,343.9983873849895
15 Jul 2026 07:01:00.000000000,-6822.911430427337,-756.3358707610847,-268.3743993124987,0.7449879900616162,-4.536256745516505,-6.0800922027570135,0.00839895828063447,0.0009338895858625747,0.0003351263769121792,-2.401752382707562,148.2658768974826,491.8485232129758,6879.347513937544,0.0014202952143079106,53.00023927781876,4.637380261598278,198.67536881952992,344.1283444973903
15 Jul 2026 07:02:00.000000000,-6763.131830130172,-1026.6349727552242,-632.3128384078838,1.2469390181938835,-4.470382822887931,-6.04671835846196,0.008325282466630302,0.0012666366937308735,0.000784408773901494,-5.462184471383683,150.32252015683338,491.82606572368843,6879.2087729493,0.0014259013687561726,52.99980296846847,4.637337594105319,202.4512419649362,344.16682320294467
15 Jul 2026 07:03:00.000000000,-6673.389614809939,-1292.385774190741,-993.4418735930476,1.7433698504949537,-4.384703404305054,-5.986480865995791,0.008214402462909939,0.0015937285899588634,0.0012301827984161015,-8.513431083566411,152.4026631372876,491.921691987927,6878.964222566943,0.0014159716469270749,52.999034766227794,4.637195830747774,206.29398968417138,344.13863055070044
15 Jul 2026 07:04:00.000000000,-6554.082693330868,-1552.41099050444,-1350.157192517801,2.232062494348712,-4.279601759242269,-5.899650225361448,0.008066831511657107,0.001913680633662184,0.0016704186216251157,-11.550041048441765,154.5198649896998,492.1318596076626,6878.618201210405,0.0013907923293039462,52.997948098294685,4.636900617306816,210.18154283469426,344.06583867895415
15 Jul 2026 07:05:00.000000000,-6405.741029253593,-1805.5589865838008,-1700.8743510304878,2.710834920335356,-4.155549215291059,-5.78661792549442,0.007883257397906561,0.0022250440943024207,0.0021031153942118706,-14.566276765539408,156.68827949363092,492.45122398281734,6878.1768588220775,0.0013508825212300306,52.996562043819615,4.636400311185411,214.09258296784319,343.96976725489134
15 Jul 2026 07:06:00.000000000,-6229.02417127111,-2050.7089914777525,-2044.0359742180256,3.1775514072319386,-4.013102776789072,-5.647894389659502,0.007664537926216703,0.0025264137740351068,0.002526311888874579,-17.555997430717763,158.92287409735303,492.87274394713626,6877.648046096351,0.0012969813330430567,52.994900996470015,4.635646899800796,218.00457097152847,343.87295453319143
15 Jul 2026 07:07:00.000000000,-6024.718171669156,-2286.7761566778263,-2378.1188153111675,3.6301325818029686,-3.8529022980117786,-5.484106294458916,0.007411695266825651,0.0028164352142045724,0.0029380967125082254,-20.512528605638032,161.239651406925,493.3878173223627,6877.0411728573745,0.001230033425249444,52.99299423217529,4.634596854681023,221.89143046061096,343.80147369665656
15 Jul 2026 07:08:00.000000000,-5793.731913080015,-2512.716432025913,-2701.6406357152014,4.066565088455437,-3.675667237914251,-5.295993291291153,0.0071259092711656365,0.003093811418405933,0.003336617987395501,-23.428514357611427,163.65586814906277,493.98644359810413,6876.367038274556,0.0011511735660936823,52.99087538973405,4.6332119059222725,225.72040013430168,343.7880802658828
15 Jul 2026 07:09:00.000000000,-5537.09286756911,-2727.5312349900164,-3013.1668712340693,4.484910830165609,-3.4821930271467783,-5.084404164759529,0.00680850987286632,0.0033573090374338895,0.003720092416043396,-26.295748361542344,166.19024119071176,494.65741043174523,6875.637636134725,0.0010617115672219566,52.98858187353909,4.631459723149637,229.4472553450644,343.876990338227
15 Jul 2026 07:10:00.000000000,-5255.9423152946965,-2930.2718910938975,-3311.317051925524,4.883315729579214,-3.2733470809013943,-4.8502924671109335,0.00646096869906325,0.0036057639737894723,0.004086813659658754,-29.104980957417713,168.86312184278157,495.38850023659876,6874.865938845227,0.0009631202369339947,52.98615418908264,4.629314490707445,233.0084147012207,344.131773839774
15 Jul 2026 07:11:00.000000000,-4951.530052946623,-3120.04382525506,-3594.77094529354,5.260017966804241,-3.050064493301793,-4.5947116715011,0.006084890028350716,0.0038380863792288507,0.004435159979890932,-31.845700561454944,171.69660722433724,496.1667127960945,6874.065664220418,0.0008570316376700189,52.98363522311985,4.626757366825522,236.30693085263698,344.6493636438381
15 Jul 2026 07:12:00.000000000,-4625.208624456523,-3296.0104860575852,-3862.274395302649,5.613355658777662,-2.813343450191611,-4.3188098893223374,0.0056820012330000965,0.004053265032748677,0.004763601111827781,-34.505890618676865,174.71453958655775,496.97849961060075,6873.251029393774,0.0007452531009872267,52.98106948136656,4.623776818509256,239.18581153868396,345.5867344803541
15 Jul 2026 07:13:00.000000000,-4278.427108383277,-3457.3969871802883,-4112.644832406192,5.941773953251249,-2.5642403975506016,-4.023824198235788,0.005254142840250264,0.004250371099506709,0.005070704353905971,-37.07176829886475,177.942320079199,497.8100055515443,6872.436496398124,0.000629830397521014,52.978502297374554,4.620368826150147,241.37315524123247,347.21576729529045
15 Jul 2026 07:14:00.000000000,-3912.7244976938096,-3603.493452462988,-4344.776432648274,6.243831518538579,-2.3038650022453715,-3.7110746277590287,0.004803258345550655,0.004428561286740916,0.005355139881224706,-39.52751951605476,-178.59356746007467,498.6473133622364,6871.636514065627,0.0005132315247731488,52.97597902674316,4.616536954215794,242.35904572616008,350.0463547782356
15 Jul 2026 07:15:00.000000000,-3529.7227087114807,-3733.65805320083,-4557.6449065985125,6.518206417596515,-2.033374940696599,-3.381957848595862,0.0043313838960516,0.00458708042095624,0.005615685301372787,-41.85505791297789,-174.8664613949572,499.4766865991381,6870.865260917701,0.00039887492902493556,52.973544241088824,4.612292286800617,241.09224252376507,355.12971100675236
15 Jul 2026 07:16:00.000000000,-3131.11925626866,-3847.319728434667,-4750.311901764713,6.763701362101952,-1.7539705490150543,-3.0379406099836905,0.003840637954848539,0.004725263484868986,0.0058512294916108305,-44.033854283573326,-170.85102277766825,500.2848067446677,6870.136393645524,0.0002927723147572805,52.97124093619049,4.607653229224197,235.18705969071303,4.851492865141901
15 Jul 2026 07:17:00.000000000,-2718.679632353975,-3943.9805808680767,-4921.929004597818,6.97924834801931,-1.466889365863718,-2.6805529669334445,0.0033332110357806137,0.004842537156585455,0.006060775763896526,-46.0409073238775,-166.5255002257688,501.0590004311836,6869.462805630441,0.00020884585605369357,52.9691097684663,4.60264517928611,219.33690432980686,24.518261758583467
15 Jul 2026 07:18:00.000000000,-2294.2294251975572,-4023.2179428755926,-5071.741330703673,7.1639126792312995,-1.1734005964147516,-2.311381335956329,0.002811355583571279,0.004938420901581412,0.0062434444167201635,-47.850953248736516,-161.87486852631304,501.78745298685425,6868.856399725621,0.0001780269365236166,52.96718833341698,4.597300074106058,189.48277827725764,58.188982210284955
15 Jul 2026 07:19:00.000000000,-1859.6462152336924,-4084.686108665936,-5199.090694076376,7.316896389635357,-0.8747995227003864,-1.932061414222183,0.0022773760532858777,0.005012527669865408,0.006398474737469391,-49.43703141979458,-156.89478256913856,502.45940483545894,6868.32787922285,0.0002180275000904708,52.96551049890451,4.591655820769242,162.69911741599088,88.78918287918927
15 Jul 2026 07:20:00.000000000,-1416.8512836593754,-4128.117730080186,-5303.418348157784,7.437541076779574,-0.5724018824788395,-1.5442709931488345,0.001733619223505383,0.005064564251415918,0.006525226522176862,-50.771518319377364,-151.59597339145662,503.0653276441274,6867.886560570643,0.0002960907969051238,52.964105805136434,4.585755620997857,150.34287223087685,104.96187637758176
15 Jul 2026 07:21:00.000000000,-967.8011684528826,-4153.324874735813,-5384.267293271616,7.525330161598565,-0.26753823558948003,-1.1497226934076044,0.0011824647581993974,0.005094331341056352,0.006623181179110777,-51.827689360617015,-146.0082686797927,503.5970775054892,6867.540210998493,0.000384492950913571,52.962998942013684,4.579647202027114,146.4429140965701,112.67815339236195
15 Jul 2026 07:22:00.000000000,-514.4791018161412,-4160.199746268623,-5441.284146481753,7.579890589155403,0.03845166616777774,-0.7501566444420387,0.0006263160138507591,0.005101723359615555,0.006691942478967426,-52.58174856826761,-140.18298597696102,504.0480228557188,6867.294913748002,0.00047252792191069404,52.962209313097944,4.573381967453263,146.56236641176488,116.37485198993905
15 Jul 2026 07:23:00.000000000,-58.88636210565788,-4148.715067302602,-5474.220571194684,7.6009939846007795,0.34422449223456336,-0.34733312802494054,6.759107209211643e-05,0.005086728071193079,0.006731237006840233,-53.015088995282696,-134.19231056951594,504.41314525982966,6867.154963120757,0.0005559436599997275,52.96175069388829,4.567014083352794,148.77658539565013,117.97657728213859
15 Jul 2026 07:24:00.000000000,396.96642749357216,-4118.9241265046385,-5482.9342648916,7.5885572769615175,0.648438918357599,0.05697479771429087,-0.0004912860352411378,0.005049426029842976,0.006740914363920026,-53.11636999692334,-128.12475040151938,504.68911163515895,6867.122791035395,0.0006327350852344392,52.961630990394106,4.560599515970471,152.22062088416024,118.34824110823489
15 Jul 2026 07:25:00.000000000,851.0680220042943,-4070.9604916978224,-5467.389504269777,7.5426428010481485,0.9497611739778686,0.46098867983240077,-0.001047893952645007,0.0049899898776448156,0.006720947152940122,-52.88292105469978,-122.07692304439831,504.87431692879346,6867.198926249689,0.0007018538630694683,52.961852102186995,4.554195038238437,156.4658389466679,117.91843990484837
15 Jul 2026 07:26:00.000000000,1301.4152683816278,-4005.037391539285,-5427.657247837068,7.46345788492845,1.2468705434684424,0.8629320454651912,-0.001599822529428034,0.0049086835073420985,0.006671430770309067,-52.3210896151853,-116.14334015806713,504.9688967113204,6867.381986854443,0.0007627619946884604,52.96240989223708,4.547857222780106,161.2800754602273,116.9193016187667
15 Jul 2026 07:27:00.000000000,1746.0217792704675,-3921.4467687553715,-5363.914796686445,7.3513539272761985,1.538464813222017,1.2610377587915746,-0.002144681303537901,0.004805861091706174,0.006592583013499992,-51.44543211221036,-110.40672318086581,504.9747095958305,6867.668706092941,0.0008152484173895194,52.963294263928795,4.5416414394334925,166.52783992110707,115.4862823750721
15 Jul 2026 07:28:00.000000000,2182.9265362804135,-3820.558008409059,-5276.445014829724,7.206824965712395,1.8232656563862815,1.6535553488910009,-0.0026801079932133065,0.004681965971380439,0.0064847434982515115,-50.27697838288492,-104.93114765517508,504.89528983581704,6868.0539910092,0.0008593372493566417,52.96448934373585,4.535600875027451,172.12464071032974,113.70384167604179
15 Jul 2026 07:29:00.000000000,2610.2023922371072,-3702.8163451842865,-5165.635111143513,7.030505734240229,2.100023946280282,2.0387582965897595,-0.003203777043783505,0.004537529383281813,0.006348372866696671,-48.84102021924114,-99.75913026945362,504.7357708966125,6868.531012886388,0.0008952303017011081,52.965973766156516,4.529785592854662,178.0141714503018,111.62825648613253
15 Jul 2026 07:30:00.000000000,3025.9644416528868,-3568.74095425081,-5031.97498572507,6.8231692052683455,2.367524988171981,2.414951266882594,-0.003713408268332346,0.00437316900270395,0.006184051754661064,-47.164902324371965,-94.91237762960965,504.5027812310433,6869.09132791184,0.0009232624496238061,52.96772105569535,4.524241648425187,184.1560041360203,109.29992851231701
15 Jul 2026 07:31:00.000000000,3428.378228314529,-3418.922730942402,-4876.05514431879,6.585723609717901,2.62459365729537,2.7804772713028556,-0.004206775609656298,0.004189587266053216,0.005992479476968899,-45.27616392007054,-90.39500702059888,504.204313918542,6869.725026001519,0.0009438614043129469,52.96970009896507,4.519010277169908,190.51849595584744,106.75047775797935
15 Jul 2026 07:32:00.000000000,3815.6677584321806,-3254.0217652796678,-4698.56418549207,6.319208927507207,2.870099428779872,3.1337247418226486,-0.00468171603548452,0.0039875694341979405,0.005774472378686262,-43.20119182360616,-86.19784787356153,503.8495722446807,6870.42090524365,0.0009575087591171738,52.97187569839631,4.514127168326049,197.07448547445478,104.00704667158047
15 Jul 2026 07:33:00.000000000,4186.123287304294,-3074.7645183027876,-4500.285866445954,6.0247928404358575,3.102961282723702,3.4731344946302443,-0.005136138563197758,0.0037679813548929693,0.0055309617965821145,-40.964388044352056,-82.30273071827253,503.4487937013141,6871.166668983592,0.0009647017244509873,52.974209197615586,4.50962183774022,203.79861176041692,101.09498130210248
15 Jul 2026 07:34:00.000000000,4538.108846978817,-2881.9407082649514,-4282.095754760474,5.703766140254664,3.322152465070821,3.797206558628564,-0.005568033391980545,0.003531766880774974,0.0052629915707177915,-38.587763545236044,-78.68613558203951,503.01305526990944,6871.949142177778,0.0009659163627733788,52.976659167306636,4.505517110553104,210.66567630309478,98.03946961191056
15 Jul 2026 07:35:00.000000000,4870.069481995544,-2676.399915983145,-4044.9574750062716,5.357537586565533,3.5267050823875685,4.10450683990736,-0.005975481102899714,0.003279944901869952,0.004971715047423323,-36.09083936950598,-75.32197239386409,502.55406320620193,6872.754503299786,0.0009615739607278109,52.979182139326525,4.501828722692796,217.64974944469915,94.86643521730102
15 Jul 2026 07:36:00.000000000,5180.53816005375,-2459.047920029664,-3789.9185610032127,4.987628212146364,3.715714506243544,4.393673589948999,-0.006356661866918366,0.003013605953563494,0.004658391515733277,-33.490744071412195,-72.18351886852483,502.08393086451775,6873.56852779398,0.0009520126035301115,52.981733376025645,4.4985650480569905,224.72385448260457,91.60285339874412
15 Jul 2026 07:37:00.000000000,5468.142324416558,-2230.8427739785893,-3518.1059265582116,4.595665077309485,3.8883435607922356,4.663423642125967,-0.006709864587282242,0.0027339083695660966,0.0043243820292489495,-30.80242049604699,-69.24465946706799,501.61494837629294,6874.3768388473745,0.0009374660725662027,52.984267661132186,4.495726955967933,231.86011403706473,88.27660478373075
15 Jul 2026 07:38:00.000000000,5731.610055113018,-1992.7906395575549,-3230.720969742564,4.183374479876249,4.043826465474272,4.912558378317573,-0.007033495884387086,0.0024420739552127187,0.003971144571508889,-28.038881442573537,-66.48059853481361,501.15934821991294,6875.165161094347,0.0009180518665321236,52.986740098214185,4.493307801214824,239.03025215163552,84.91597323400354
15 Jul 2026 07:39:00.000000000,5969.775806570566,-1745.9413912831935,-2929.034328143129,3.7525746331689533,4.181472503623509,5.139969385374002,-0.00732608882146812,0.0021393831680538654,0.0036002285372166887,-25.211476088563135,-63.86820487249011,500.7290708784502,6875.919572787281,0.0008937694802492792,52.9891069026349,4.491293546626781,246.2063361677678,81.54890389579766
15 Jul 2026 07:40:00.000000000,6181.585690262299,-1491.384009928511,-2614.3803049915136,3.3051678308980788,4.300669387254123,5.344643759836586,-0.007586311256815092,0.0018271698022667914,0.0032132685133573597,-22.33014547462572,-61.3861126077944,500.3355348687209,6876.626751962793,0.0008645091605715902,52.99132617306547,4.489663015809988,253.36163247097863,78.20214731681382
15 Jul 2026 07:41:00.000000000,6366.102272307166,-1230.2417839526581,-2288.1509885956416,2.843132124769689,4.400886288504034,5.525669018889957,-0.007812973705858567,0.001506815187228051,0.0028119773622292707,-19.403656358132693,-59.01466963091417,499.9894154317039,6877.274212210195,0.0008300703538780061,52.993358629011254,4.488388271399449,260.47145178583577,74.90041395480274
15 Jul 2026 07:42:00.000000000,6522.508857742122,-963.667339770935,-1951.7900900086395,2.368512547824379,4.481676509155987,5.682237576060251,-0.008005036591314392,0.0011797419219648228,0.0023981386230224307,-16.43980960656048,-56.73579643068331,499.70043609324034,6877.850523808121,0.0007901881484791813,52.9951683014383,4.487435111973087,267.51387818721184,71.66564491338204
15 Jul 2026 07:43:00.000000000,6650.113235398816,-692.8375234094702,-1606.7865263120057,1.8834119237066826,4.542679761368439,5.813650741724997,-0.008161616763690753,0.0008474071807315116,0.0019735982669495905,-13.445623290966099,-54.53279648293908,499.47717713239405,6878.3455162364135,0.0007445653569334961,52.996723164436226,4.486763678705228,274.4703100604553,68.51647067642334
15 Jul 2026 07:44:00.000000000,6748.350859953481,-418.948157625079,-1254.6677792037399,1.3899813090060604,4.5836240352108035,5.919322211070948,-0.008281993179752693,0.000511295636717517,0.0015402558570981992,-10.427492780135582,-52.39014381771053,499.3269047294455,6878.750458388755,0.000692907568389827,52.997995696915396,4.486329160969467,281.3257851067308,65.46788574957318
15 Jul 2026 07:45:00.000000000,6816.787450753899,-143.20869994535306,-896.9930607079068,0.8904101222761747,4.604327031765175,5.998781005693561,-0.008365611636508624,0.00017291206245496484,0.0011000551803058232,-7.39133115561765,-50.29326275243252,499.25542420993156,6879.058213205423,0.0006349585350589746,52.9989633645821,4.486082588357748,288.0691093093951,62.53111929860218
15 Jul 2026 07:46:00.000000000,6855.120990427237,133.16317175796965,-535.346319702113,0.3869160190905199,4.604697144366259,6.051673839506828,-0.008412088471661552,-0.00016622632476803045,0.0006549744328943722,-4.342693652555545,-48.22830772658719,499.2669603590688,6879.263363906017,0.0005705335722427235,52.99960901384967,4.485971695109039,294.69286215397653,59.713629498244515
15 Jul 2026 07:47:00.000000000,6863.183109985145,408.9470186339178,-171.32912454846416,-0.11826542266264091,4.58473397490441,6.077766884918348,-0.00842121316003578,-0.000504597695873987,0.00020701605458835835,-1.2868898881393782,-46.181946635309544,499.36406726154064,6879.3623095207195,0.0004995491406805467,52.99992117089657,4.485941841711602,301.1934271479888,57.0190725520527
15 Jul 2026 07:48:00.000000000,6840.939851110053,682.9251169893317,193.44654163897192,-0.6228911392884269,4.5445283768994615,6.076946921189979,-0.008392949750709106,-0.0008406835387605733,-0.0002418036853120646,1.7709124448301232,-44.14114823556038,499.54756953693965,6879.353327986466,0.000422047332798099,52.99989424075006,4.485936977478363,307.57137884442653,54.44691518662957
15 Jul 2026 07:49:00.000000000,6788.49180045828,953.8879226840743,557.3655356769675,-1.124721069095939,4.4842620221329605,6.049221853385247,-0.008327437116600993,-0.0011729765965056294,-0.0006894652378355322,4.825588858304787,-42.092972535457605,499.81653620517324,6879.236605677324,0.0003382145156157169,52.99952860302372,4.485900627189197,313.8331824232579,51.990734573422614
15 Jul 2026 07:50:00.000000000,6706.073595077941,1220.6394952407425,918.8168210522008,-1.621528619789913,4.404206492860249,5.994720597123946,-0.00822498800504687,-0.0014999887272942607,-0.0011339563451221528,7.871960850870453,-40.02436222320719,500.1682877470279,6879.014232865897,0.00024839385697668137,52.99883060274304,4.48577688452885,319.9980326212397,49.631378895450936
15 Jul 2026 07:51:00.000000000,6594.05280233157,1482.0028534021642,1276.2007087495197,-2.11111104385569,4.304721906860708,5.913692331326949,-0.008086086904571741,-0.001820258599631616,-0.001573282515822755,10.90469674991883,-37.921932955866026,500.5984362397279,6878.69016524737,0.00015309201106895062,52.997812436520356,4.485511394931453,326.13365922886686,47.301161347901335
15 Jul 2026 07:52:00.000000000,6452.92818195602,1736.825234462773,1627.9360345411594,-2.5912996518486677,4.18625508767426,5.806505128043789,-0.007911386763765143,-0.0021323591401263883,-0.002005477291596818,13.918207138824197,-35.77176065471502,501.1009577670899,6878.270152290971,5.298433019126593e-05,52.996491936158634,4.485052310672002,332.8158510668331,44.42433566788667
15 Jul 2026 07:53:00.000000000,6283.327342005177,1983.9832305860546,1972.4672358500695,-3.0599697963098005,4.049337297168458,5.673643975114663,-0.007701704619605793,-0.002434904657109611,-0.0024286121968570074,16.90653130544385,-33.55916491607108,501.668295645676,6877.761633795171,5.114417417818789e-05,52.99489225354425,4.484351201544018,155.92011971342805,225.12543192940862
15 Jul 2026 07:54:00.000000000,6086.003804327138,2222.3877764856684,2308.2712924306425,-3.5150505630680287,3.894581551947002,5.515708213637869,-0.007458016212309087,-0.0027265575716388605,-0.0028408062728116686,19.86321103880623,-31.268489454434498,502.29149239187745,6877.173606604899,0.0001582447357495149,52.993041452398025,4.483363905247128,162.42892923194063,222.4220263616598
15 Jul 2026 07:55:00.000000000,5861.833498887785,2450.9889642284024,2633.8644965503217,-3.95453411175787,3.722679548951084,5.333408417845862,-0.007181449681108274,-0.0030060346977326302,-0.0032402351085748494,22.781148035858358,-28.882883524731803,502.9603477951139,6876.51646398673,0.0002672507865894807,52.990972014065996,4.48205130265793,168.10150774731127,220.55492934777087
15 Jul 2026 07:56:00.000000000,5611.810709483487,2668.7806626219717,2947.809020262235,-4.376484613572886,3.5343982287221234,5.127562749790973,-0.0068732784449579065,-0.003272113023822768,-0.0036251392945673808,25.65244127910274,-26.384093101518868,503.6635999736299,6875.801810640532,0.0003769289885526458,52.98872026601574,4.480380004511711,173.56685380745034,218.89517867572516
15 Jul 2026 07:57:00.000000000,5337.043496449119,2874.8049202763923,3248.7192491942737,-4.779046740717472,3.330576007358633,4.8990928253318495,-0.006534913389895495,-0.003523634962316642,-0.003993832241203177,28.468201204504087,-23.752278059603185,504.3891258810217,6875.0422567461055,0.00048595669580353123,52.98632574304231,4.478322937518929,178.89690281071722,217.37087276392947
15 Jul 2026 07:58:00.000000000,5038.748624322492,3068.15613352033,3535.267854795748,-5.1604536695888985,3.112118709764799,4.649019130803384,-0.006167894482626693,-0.003759513044759551,-0.004344707320106598,31.21833863102711,-20.965882795340434,505.12415741213005,6874.251194791827,0.000592940393433479,52.98383049234718,4.475859819738027,184.11373061218748,215.959966754908
15 Jul 2026 07:59:00.000000000,4718.246024603682,3247.984962212256,3806.191579228369,-5.519034566957499,2.879995237771763,4.3784560318322,-0.005773881937131761,-0.003978734054681877,-0.0046762443037357895,33.891328772823115,-18.00160395489388,505.85550902872126,6873.4425632062475,0.0006964409630031837,52.98127833462591,4.472977516884434,189.22752534616453,214.65230044297724
15 Jul 2026 08:00:00.000000000,4376.952825322198,3413.501978564078,4060.2967096718053,-5.853221535992976,2.6352330067882015,4.088606416686618,-0.005354647057740442,-0.004180362602911022,-0.004987015096371215,36.47395497017922,-14.834521393931679,506.56981268897994,6872.630601008377,0.0007950006471844265,52.97871409406053,4.469670273411389,194.24403548389904,213.44215002021105
15 Jul 2026 08:01:00.000000000,4016.376980362419,3563.9810360607744,4296.46422131471,-6.161556006162896,2.37891318405482,3.7807560165443266,-0.004912062874463719,-0.0043635441605351915,-0.005275688764166833,38.95104410378135,-11.438487543719122,507.25375581779605,6871.829597807841,0.0008871708942301881,52.97618281065324,4.465939814281532,199.16666403256048,212.3261337363989
15 Jul 2026 08:02:00.000000000,3638.110532150715,3698.7623475630226,4513.654570899489,-6.442694557915962,2.1121657601925383,3.4562674439721466,-0.0044480946808780845,-0.0045275075783571105,-0.005541035890612846,41.305217280447714,-7.786903923349837,507.894318091608,6871.053643523258,0.0009715405056959526,52.97372894864595,4.461795315649078,203.9971442464692,211.30253610397955
15 Jul 2026 08:03:00.000000000,3243.8225418333554,3817.2552634496737,4710.912125009121,-6.695414179016642,1.8361644839512041,3.116573989182444,-0.003964790567534662,-0.00467156712732898,-0.005781932293186908,43.516696486298116,-3.85404426120387,508.47900292421684,6870.316382147717,0.0010467635710314598,52.971395614844795,4.4572532449023425,208.7357192074293,210.37112829044784
15 Jul 2026 08:04:00.000000000,2835.2517209765083,3918.94074244629,4887.3692096876,-6.918616954794553,1.5521216875941142,2.763173210936741,-0.0034642720314772644,-0.004795124103378442,-0.005997362150221274,45.563230776943264,0.38290528797923484,508.9960597208658,6869.630773778897,0.0011115867172926152,52.9692238005035,4.4523370728381995,213.3810920802889,209.53321789190912
15 Jul 2026 08:05:00.000000000,2414.1987986303807,4003.373509314979,5042.249770068729,-7.111334198784422,1.2612830276761051,2.3976203558521605,-0.002948724724387287,-0.004897668044746127,-0.0061864205951815245,47.42023192778058,4.9409576450145805,509.43469320623245,6869.008868952321,0.0011648752541658638,52.96725166001976,4.44707686288923,217.93022582528386,208.7918493043305
15 Jul 2026 08:06:00.000000000,1982.5186570888532,4070.183894992363,5174.872630635275,-7.272730033458779,0.9649221629979289,2.0215216362699553,-0.0024203893829371024,-0.004978777611503329,-0.006348315839740419,49.06123193039485,9.827590668337779,509.78525641882027,6868.461599075514,0.0012056378623282865,52.96551383907207,4.441508744544873,222.37800101862473,208.15214603843026
15 Jul 2026 08:07:00.000000000,1542.112269034037,4119.079355974422,5284.654348438776,-7.402104432824023,0.6643353884996244,1.6365273930384259,-0.001881552966545638,-0.005038121178238167,-0.006482370890768045,50.45877829771745,15.03644191344833,510.0394242899852,6867.998586464445,0.0012330495655881128,52.96404086397665,4.435674280046592,226.71670220680426,207.62182454923442
15 Jul 2026 08:08:00.000000000,1094.9184680070916,4149.845670787973,5371.111653088484,-7.49889573959054,0.36083624088012817,1.2443251657162442,-0.0013345400085492058,-0.005075457187587076,-0.0065880249240389205,51.58584555871252,20.543119861754985,510.19034508174565,6867.6279771384525,0.0012464728578468799,52.96285860299467,4.429619735376073,230.93526895026298,207.21194342036532
15 Jul 2026 08:09:00.000000000,642.9055833819071,4162.347812251332,5433.86346856582,-7.562682669470741,0.05575008897246083,0.8466326890070298,-0.0007817041693947125,-0.005090634308427177,-0.006664834374145441,52.41774125896809,26.30227232607498,510.2327673361834,6867.35629914108,0.0012454770485034866,52.96198780908031,4.423395268181081,235.01820288605566,206.9379965683835
15 Jul 2026 08:10:00.000000000,188.0629702812957,4156.530494937424,5472.632512953625,-7.59318581400056,-0.2495912805403302,0.4451908308676239,-0.00022541996470715387,-0.005083591435706886,-0.006712473792741483,52.934321442127356,32.24729700802011,510.16314038471876,6867.188348730241,0.0012298561877983082,52.96144375215764,4.4170540467916215,238.9439521652084,206.82152910583588
15 Jul 2026 08:11:00.000000000,-267.60753575458995,4132.418397827331,5487.246473008841,-7.590268651244399,-0.5538550734721623,0.04175648486017283,0.0003319253720551813,-0.005054357561616357,-0.006730736518864726,53.1221474368054,38.293787137318176,509.97968687224864,6867.1271063260365,0.00119964641966581,52.96123594746431,4.410651315643861,242.6824768300531,206.89257229150593
15 Jul 2026 08:12:00.000000000,-722.100210039908,4090.116062614976,5477.638751189831,-7.553938071001928,-0.8557128874296243,-0.3619045729268676,0.0008879399432517742,-0.005003051536532194,-0.006719535191211022,52.97610378925739,44.34681536135406,509.68244616633615,6867.173683625639,0.0011551444470559024,52.96136798483743,4.404243423477773,246.1914917162533,207.19340097652955
15 Jul 2026 08:13:00.000000000,-1173.4140469509985,4029.8074685231977,5443.848783314573,-7.484344417881023,-1.1538460938015629,-0.7640248535622688,0.0014402352140261388,-0.004929881729972481,-0.006678902121899795,52.50005099710174,50.310762030797406,509.27328794218215,6867.327302796998,0.001096930317732088,52.9618374620613,4.397886831266979,249.41050722365242,207.78449319530014
15 Jul 2026 08:14:00.000000000,-1619.5613561749597,3951.7552848593514,5386.021925523014,-7.38178105205685,-1.4469511964295403,-1.1628423434114235,0.0019864340730647045,-0.0048351455896405125,-0.006608989535408957,51.70632669934611,56.099317870594696,508.7558956586949,6867.585308152759,0.0010259006601533317,52.96263602358485,4.391637117287555,252.25108325323765,208.75427659673443
15 Jul 2026 08:15:00.000000000,-2058.5763179901874,3856.299802910485,5304.4089096966445,-7.246683423933858,-1.7337451605266043,-1.5566077024020808,0.0025241789862308914,-0.0047192290858720795,-0.006510069661830114,50.61423885642322,61.64321355436258,508.1357200684935,6867.943210187632,0.0009433244026277307,52.963749504074464,4.3855479967741315,254.58035683293804,210.23560118600614
15 Jul 2026 08:16:00.000000000,-2488.5234682428586,3743.8575491927886,5199.364867004538,-7.079627655502139,-2.0129707043666207,-1.943591463035977,0.003051140297322782,-0.004582606019232111,-0.006382534660314617,49.24795461858002,66.89420153804298,507.41990333394494,6868.394761342617,0.0008509455437371044,52.96515817443108,4.379670373440387,256.19227373116746,212.4345080707115
15 Jul 2026 08:17:00.000000000,-2907.5060831564983,3614.91958256576,5071.347919849998,-6.8813286181661,-2.2834015446236466,-2.3220912188896876,0.0035650247214066267,-0.004425837159055666,-0.0062268963344200385,47.634268879476984,71.82521743149762,506.617174751549,6868.932062343501,0.0007511852944901414,52.96683708609699,4.374051439584456,256.75601637620497,215.68180188645024
15 Jul 2026 08:18:00.000000000,-3313.674433422225,3470.0494783307477,4920.917343233627,-6.652637494436521,-2.54384758408488,-2.690438788718008,0.004063584064153091,-0.0042495691733584135,-0.006043785589971721,45.800642272085135,76.42772108322856,505.7377195160476,6869.545697455454,0.0006475584081391387,52.96875650774318,4.368733840675831,255.72349588289248,220.52555909375315
15 Jul 2026 08:19:00.000000000,-3705.2338762068202,3309.8810031803137,4748.73129747169,-6.394538809307729,-2.7931600278906172,-3.0470073389941335,0.004544624185473886,-0.00405453330426504,-0.005833951576223287,43.7737188348958,80.70760101440297,504.7930223809474,6870.22489650576,0.0005455499099178444,52.97088244678982,4.363754919302073,252.17755740293182,227.8829229239005
15 Jul 2026 08:20:00.000000000,-4080.4527528302215,3135.115485784521,4555.544135345991,-6.1081469165599644,-3.030236411556608,-3.3902184439419796,0.0050060142076810265,-0.003841543738471117,-0.00559826044307634,41.57836391330118,84.68083473614521,503.79568848978647,6870.957721061492,0.0004543659365306053,52.97317724670053,4.35914605185368,244.68867536032724,239.18340840649049
15 Jul 2026 08:21:00.000000000,-4437.670058989344,2946.5188888843077,4342.203288141251,-5.794701925737809,-3.2540255209965516,-3.7185490579940534,0.005445695950374442,-0.003611495621999997,-0.0053376936450701806,39.237153575296595,88.36965469243955,502.7592440570466,6871.731271714128,0.0003893679346910176,52.97560024963453,4.354932089882729,231.75585778167238,255.92799826409833
15 Jul 2026 08:22:00.000000000,-4775.302853580162,2744.91859004547,4109.645736661084,-5.45556505725814,-3.4635321816626172,-4.030538371334758,0.005861693553069708,-0.003365362667870167,-0.005053345719855297,36.77020183728338,91.79954226732487,501.69791996226763,6872.531913027254,0.0003702404074496553,52.97810851286096,4.351130916118655,214.27045869811752,277.2253306929796
15 Jul 2026 08:23:00.000000000,-5091.853371499411,2531.1998796769194,3858.8940752069434,-5.09221341600099,-3.6578218909716465,-4.324794514959518,0.006252123227043099,-0.003104194309357327,-0.0047464214724714324,34.19521139726279,94.99708013523589,500.62642167746105,6873.345512355064,0.00040591106682008734,52.98065756636141,4.347753123237628,197.552248205315,297.7556294401425
15 Jul 2026 08:24:00.000000000,-5385.915805332006,2306.302186556695,3591.0521786478776,-4.706234177840899,-3.8360252654761373,-4.600001077693328,0.0066152030586358514,-0.0028291123571400015,-0.004418232502273684,31.527654513027308,97.98854312127416,499.55968926674325,6874.157688445862,0.00048411185829229353,52.983202198285674,4.344801821190916,186.01799820402087,313.1021181516047
15 Jul 2026 08:25:00.000000000,-5656.182720654737,2071.215042874322,3307.3004850789525,-4.29931818877905,-3.997342271976128,-4.854923394069975,0.006949262767925032,-0.002541307126425058,-0.004070193018122659,28.781017038608848,100.7990585786162,498.51265146806713,6874.9540655147075,0.0005859733070642779,52.98569725440091,4.342272576803917,179.61683778602676,323.31566502559974
15 Jul 2026 08:26:00.000000000,-5901.451069839487,1826.9738027093988,3008.8909091306564,-3.873252982557713,-4.141046210017169,-5.088414559057188,0.00725275331136306,-0.0022420330103366214,-0.0037038148993339647,25.967062170214174,103.4521736957986,497.4999780784677,6875.720528310059,0.0006979612067068667,52.98809843738975,4.340153486886342,176.73728910686782,330.007746928689
15 Jul 2026 08:27:00.000000000,-6120.627769802854,1574.6551298488382,2697.141403707316,-3.429915229686089,-4.266487412145652,-5.299421123490706,0.007524256206281594,-0.001932603488193174,-0.003320701975523563,23.096088346697954,105.96969647532336,496.5358350066689,6876.443473617532,0.0008119331243694013,52.99036309182271,4.3384253837883096,176.07750019179366,334.4802165286656
15 Jul 2026 08:28:00.000000000,-6312.734810153686,1315.372272878758,2373.430190744225,-2.971262638495657,-4.373096627958754,-5.486988422892756,0.007762492442756089,-0.0016143855690693455,-0.002922543512678826,20.177168046291122,108.3717108975308,495.6336464189475,6877.110053644974,0.0009228241717812246,52.992450960849034,4.337062169943345,176.82813213320105,337.5424149874139
15 Jul 2026 08:29:00.000000000,-6476.913859671934,1050.2701475099411,2039.1896844247906,-2.499325336934088,-4.460388058470804,-5.650265492202356,0.007966330848073135,-0.0012887936865360013,-0.002511106913581051,17.21836205079397,110.67669663879636,494.80586837826263,6877.708406821342,0.0010271950647286281,52.99432490112163,4.336031275692175,178.50558802823116,339.6779428673223
15 Jul 2026 08:30:00.000000000,-6612.430341023188,780.520248075526,1695.9001331224263,-2.0161967720567135,-4.5279620086441925,-5.788509519910162,0.008134795765099923,-0.0009572830735658912,-0.0020882296575362534,14.226908403374358,112.90170706579748,494.0637782556906,6878.227871718553,0.0011225227075749241,52.995951543183615,4.335294232423583,180.81514171829085,341.1815311927067
15 Jul 2026 08:31:00.000000000,-6718.67694607919,507.3154120107164,1345.083009060099,-1.5240241723085801,-4.575507128117306,-5.901089797199014,0.008267073912266696,-0.0006213426613143341,-0.001655810524565315,11.209387854429572,115.06257622600003,493.4172839738768,6878.659180071121,0.0012068652785820822,52.997301885488945,4.334807350992555,183.5706583165188,342.2393206843029
15 Jul 2026 08:32:00.000000000,-6795.176567157157,231.86446283903928,988.2941772472767,-1.0249986254436732,-4.602802213173328,-5.987491120931711,0.008362520300191726,-0.0002824875585854973,-0.0012158001672913177,8.171868870731053,117.17413734689191,492.8747568238414,6878.994625220212,0.0012787015801746235,52.99835181138815,4.334522493492811,186.64999033148334,342.9734653633967
15 Jul 2026 08:33:00.000000000,-6841.584622879352,-44.613241298592705,627.1168775924151,-0.5213448320421965,-4.6097175467723925,-6.047316613648736,0.008420663093544643,5.7748818937215875e-05,-0.0007701911113573063,5.120035818032914,119.25044325129375,492.4428911825663,6879.228202741243,0.001336852016850725,52.99908251976543,4.334387924779721,189.96991338494746,343.4671965332999
15 Jul 2026 08:34:00.000000000,-6857.690761143059,-320.8933252676899,263.1545561357096,-0.015310600819984945,-4.596215757928971,-6.080289929048739,0.008441207322431905,0.0003978228902416659,-0.0003210072803449154,2.0593040642960383,121.30498422550875,492.12659395609273,6879.3557205204925,0.0013804385449839279,52.99948086153964,4.334349228655854,193.47159137199,343.7793572960422
15 Jul 2026 08:35:00.000000000,-6843.419925821016,-595.7519514317602,-101.97641694655967,0.4908438429350874,-4.562352186745783,-6.086256817592719,0.008424037369270127,0.0007361892333879145,0.00012970684530820404,-1.0050742962424135,123.35090210675085,491.9289059926918,6879.374876115876,0.0014088632409420346,52.99953957591188,4.334350272461281,197.11181324987555,343.9531654244975
15 Jul 2026 08:36:00.000000000,-6798.832778212972,-867.9713810605466,-466.65410360301206,0.9948566606003313,-4.508274746877811,-6.0651860337409085,0.008369218176158821,0.0010713089989085045,0.0005798973163461351,-4.067910502112119,125.40120129713301,491.8509570666389,6879.285299858344,0.0014217953375033573,52.99925742202972,4.334334202889997,200.85746947733304,344.0217365752808
15 Jul 2026 08:37:00.000000000,-6724.125468858416,-1136.345512383418,-829.258388580641,1.4944752374741128,-4.434223282942814,-6.017169573709176,0.008276995146811478,0.0014016583150743916,0.0010275119233176143,-7.123981460628673,127.4689584620659,491.89195534323545,6879.088562809395,0.0014191614655046847,52.99863920360538,4.33424445533083,204.6818768192777,344.01175913458997
15 Jul 2026 08:38:00.000000000,-6619.6287600140695,-1399.685365029336,-1188.1783642197704,1.9874669754231173,-4.340528426255841,-5.942422240315252,0.008147792737639518,0.001725736587209816,0.0014705113964686115,-10.16793089381539,129.56753305933384,492.04921151840665,6878.788149371509,0.001401136311777974,52.99769568594383,4.334025758676803,208.5621473919581,343.9461248293195
15 Jul 2026 08:39:00.000000000,-6485.8065038058685,-1656.8244809791422,-1541.8196691029432,2.471629962861287,-4.2276099580756705,-5.841280539254723,0.007982211761976424,0.0020420745957133585,0.0019068804679928902,-13.194165802304152,131.71078065761688,492.31819710334577,6878.389395036467,0.0013681322440189572,52.996443406767455,4.333625117676795,212.477097391663,343.8460196675774
15 Jul 2026 08:40:00.000000000,-6323.253485694773,-1906.6242128667463,-1888.6117407744146,2.9448034460641117,-4.095974695147323,-5.714200918782546,0.0077810254529938495,0.0023492423021484426,0.0023346386716072646,-16.19674467281388,133.91327019585637,492.6926356158191,6877.899390434852,0.0013207872491509491,52.99490438413514,4.332992755204019,216.40532974540682,343.73284097728146
15 Jul 2026 08:41:00.000000000,-6132.692647356633,-2147.9788715252394,-2227.014943675839,3.404878029333625,-3.9462139175406588,-5.56175737206158,0.007545174356247305,0.00264585628060401,0.002751850762365691,-19.169253742450973,136.19050472716825,493.16462476661985,6877.326853502268,0.0012599510802894856,52.993105726607155,4.332082997634885,220.32315650442004,343.63027472877206
15 Jul 2026 08:42:00.000000000,-5914.971707294693,-2379.820706005338,-2555.5275347954134,3.849805536338498,-3.7790003634903444,-5.384638428173434,0.007275760141637958,0.0029305867008814247,0.003156636649943614,-22.10466754903921,138.5591424422248,493.72478710977816,6876.681972189899,0.0011866699883998964,52.99107915256993,4.330855087402099,224.20195810836012,343.5669360198534
15 Jul 2026 08:43:00.000000000,-5671.059201383441,-2601.1246909272277,-2872.6924312729398,4.277608470943578,-3.595084819987158,-5.183643563779258,0.006974038443766399,0.0032021638023755922,0.00354718075301026,-24.995190046858404,141.0372103369938,494.3624460754031,6875.976220703884,0.0011021709906251054,52.98886042727635,4.329273908210274,228.00436779002106,343.58018445938234
15 Jul 2026 08:44:00.000000000,-5402.039969086059,-2810.9130978154185,-3177.1037462286267,4.686389022680775,-3.395292341215439,-4.959679072556647,0.00664141085137164,0.0034593838096974834,0.003921740697184249,-27.832072932622605,143.64429599257386,495.0658238367906,6875.22215274845,0.0010078475446170633,52.986488727642474,4.327310609829098,231.678201569439,343.7221940052091
15 Jul 2026 08:45:00.000000000,-5109.110114088649,-3008.259829156945,-3467.4130615217528,5.074337569758214,-3.1805181293695632,-4.713753433593128,0.006279416177907956,0.003701114255913727,0.00427865529755453,-30.605408808536072,146.40169251293085,495.82225708922715,6874.43317566256,0.0009052502778379339,52.98400594614782,4.324943121355955,235.14603099275524,344.0703801060871
15 Jul 2026 08:46:00.000000000,-4793.571470777986,-3192.294495962165,-3742.33540860368,5.439740640407025,-2.9517231140936815,-4.446972222996725,0.00588972114982643,0.003926298693313865,0.0046163517848226724,-33.30389887928787,149.33245642730205,496.6184265406178,6873.623309669753,0.0007960903609390758,52.98145594628585,4.322156543659827,238.2859620213287,344.74662074490914
15 Jul 2026 08:47:00.000000000,-4456.825610043565,-3362.2062218820565,-4000.654931424021,5.780988301720019,-2.7099292675179343,-4.160532614834165,0.005474110649868758,0.004133960785944331,0.00493335225317154,-35.91459875642096,152.46131702366407,497.44059573740395,6872.806936702897,0.0006822728289570913,52.97888378288683,4.318943414027317,240.89348850523285,345.955402951933
15 Jul 2026 08:48:00.000000000,-4100.367419492582,-3517.2471591475914,-4241.2302081408425,6.0965809532736985,-2.4562146917988397,-3.855717518261613,0.005034477649309376,0.004323207792218192,0.00522827932684214,-38.42265262995597,155.814347491034,498.2748547703284,6871.998543416573,0.0005660038370777561,52.97633490126622,4.315303838252222,242.5992079953988,348.0661070355276
15 Jul 2026 08:49:00.000000000,-3725.7782943678258,-3656.73570376485,-4462.999211149428,6.385135510567658,-2.1917085152651907,-3.5338893974567847,0.004572812954239399,0.004493233457283059,0.005499861058538854,-40.81103682904554,159.41827481055924,499.10736441865413,6871.212463058972,0.0004500984555950085,52.973854329531605,4.311245487859848,242.6737479495756,351.8080804752308
15 Jul 2026 08:50:00.000000000,-3334.718976033746,-3780.059399573849,-4664.9838877997645,6.645390970652397,-1.9175856316439226,-3.196483819555598,0.004091194881333921,0.00464332034740543,0.005746935090555074,-43.060349907866744,163.29927260207975,499.9245963923937,6870.462620845882,0.0003389060103983544,52.9714858784994,4.306783462514709,239.52093131075114,358.77747249862836
15 Jul 2026 08:51:00.000000000,-2928.9220752401925,-3886.6775227485427,-4846.294346768992,6.876213358666205,-1.635061314739157,-2.845002773674728,0.003591778961994607,0.004772841666233162,0.005968452121285038,-45.148708432244824,167.4810638446763,500.7135655088867,6869.762287365028,0.0002413586672660402,52.96927136352865,4.301940020163643,229.37863815311223,12.73637264507461
15 Jul 2026 08:52:00.000000000,-2510.184317231175,-3976.123340199239,-5006.13263760512,7.076600059526931,-1.3453857382851229,-2.4810078011375856,0.003076787757234826,0.004881262599730043,0.006163478730781317,-47.05183399993402,171.98218657298355,501.4620498842164,6869.123844344876,0.0001798340577569508,52.96724986217503,4.296744179764217,205.48942793786185,40.44218877157502
15 Jul 2026 08:53:00.000000000,-2080.3585453744226,-4048.006037030697,-5143.796113265552,7.245683543406068,-1.0498384277379962,-2.1061129735542816,0.002548500847353755,0.004968141241618048,0.006331199627762162,-48.743441486419954,176.81238794494627,502.158795519333,6868.558566855773,0.00018787012126188432,52.965457020914116,4.291231203807853,173.48963764825626,76.25854922797308
15 Jul 2026 08:54:00.000000000,-1641.3455193561292,-4102.012309716417,-5258.680367571066,7.38273449684213,-0.7497226676388608,-1.7219777515626506,0.002009245039600982,0.0050331291517623665,0.006470919383343919,-50.196047514750525,-178.0316428558443,502.7937020055016,6868.076425680244,0.0002532313114586038,52.96392442328759,4.285441969943303,154.48183942791857,99.08284557301343
15 Jul 2026 08:55:00.000000000,-1195.0855431883224,-4137.907622970489,-5350.28174135107,7.487164373390216,-0.4463598850080326,-1.330299753032306,0.0014613848180417392,0.0050759715998052275,0.006582063718680053,-51.38229021939446,-172.57059857904204,503.357986453121,6867.6859132013515,0.0003390116966805632,52.96267903070916,4.279422243033878,147.40904350590998,109.9720300426038
15 Jul 2026 08:56:00.000000000,-743.5499574005958,-4155.537129426396,-5418.199392665985,7.558527378574805,-0.14108402619349783,-0.9328074555679323,0.0009073130406369985,0.005096507543224767,0.0066641804114715665,-52.27676345759944,-166.84586422613077,503.8443231537427,6867.393895722599,0.0004279925444471732,52.96174270584964,4.273221860692367,146.0516565151102,115.14565765778511
15 Jul 2026 08:57:00.000000000,-288.73252888292075,-4154.826252189259,-5462.136927865549,7.596521903693482,0.1647640582025549,-0.5312528544126472,0.0003494418710696955,0.005094669383003751,0.006716939880159911,-52.85821384041444,-160.920428489049,504.24695690873625,6867.205494657741,0.0005138311844599938,52.96113182702454,4.266893846960223,147.49287703593833,117.52049113379934
15 Jul 2026 08:58:00.000000000,167.3592290033207,-4135.780931122823,-5481.9035913975895,7.6009914218246095,0.46984220809236005,-0.12740409352208082,-0.00020980608183939595,0.005070482533238796,0.006740135496965846,-53.111761386312985,-154.87617903972927,504.5617883939828,6867.123998522886,0.0005937824239604802,52.96085700036509,4.260493469974937,150.48280925435157,118.34638769423766
15 Jul 2026 08:59:00.000000000,622.712774184413,-4098.4875344015345,-5477.4150132485665,7.571924857386167,0.7728125180703818,0.27696191518567254,-0.0007680064563850674,0.005024064832784888,0.006733683671164578,-53.03066916041416,-148.8072371211947,504.7864303726474,6867.15080713404,0.0006664676609269387,52.96092287479038,4.254077260507294,154.43395579523704,118.21080672165358
15 Jul 2026 09:00:00.000000000,1075.3192602505824,-4043.112437426675,-5448.693513715789,7.509456437968271,1.0723468620450964,0.6800668714844166,-0.0013227417097319808,0.004955625815561889,0.006697623729574831,-52.61720510995823,-142.81037080993826,504.9202340143545,6867.28540886936,0.0007311641646845388,52.961328062950784,4.247702008875778,159.04173695507492,117.41829101302265
15 Jul 2026 09:01:00.000000000,1523.182236632921,-3969.901271711619,-5395.867965924953,7.413865034134614,1.3671323701602058,1.0801384537867857,-0.0018716096216631949,0.004865465847739687,0.006632117610421877,-51.882351038164295,-136.97474137905832,504.9642850257973,6867.525391303069,0.0007875381093045167,52.962065169413016,4.241423758146654,164.13468299281053,116.14027497323173
15 Jul 2026 09:02:00.000000000,1964.3262940019429,-3879.177846822353,-5319.173217167337,7.2855729896932715,1.6558768499495808,1.475417662254624,-0.0024122317837163825,0.0047539751282230265,0.0065374493711156546,-50.844442718427445,-131.37353358723524,504.9213697437504,6867.866484965338,0.0008355234402145831,52.96312092543968,4.235296811521928,169.60922191862258,114.48029729903644
15 Jul 2026 09:03:00.000000000,2396.8056243575716,-3771.3427489532464,-5218.949070788613,7.125144441811127,1.937314143175048,1.8641661265922664,-0.0029422621237247433,0.00462163253866782,0.00641402449650125,-49.52711313502928,-126.05920097109762,504.79591178421686,6868.302639436041,0.0008752534773750225,52.96447642781578,4.2293727715269736,175.39849081429674,112.50519011207669
15 Jul 2026 09:04:00.000000000,2818.712465141974,-3646.8716202595538,-5095.638831068821,6.933283127520504,2.210209408718723,2.2446733658756854,-0.0034593955092653466,0.004469004321150374,0.006262368982671937,-47.95702870392627,-121.06265453913774,504.5938802802048,6868.826130445883,0.0009070122999205493,52.96610747732746,4.223699628049639,181.4561262226746,110.26128899603219
15 Jul 2026 09:05:00.000000000,3228.185396408372,-3506.313123694828,-4949.787414337299,6.710829670862608,2.4733643202950626,2.6152639858663744,-0.003961376462751065,0.004296742552340485,0.006083128158042482,-46.16183964742594,-116.39553231136146,504.32267117292906,6869.427696145077,0.0009311931930874684,52.96798501073335,4.2183209113047,187.74720914748514,107.78348838959465
15 Jul 2026 09:06:00.000000000,3623.4174596699245,-3350.2865988334524,-4782.039030509859,6.458758343315315,2.7256221657306163,2.974304796713219,-0.00444600800748176,0.004105583377335234,0.005877065194425061,-44.168591349561744,-112.05416920666875,503.99096344454716,6870.096700210934,0.0009482592315879955,52.97007561842223,4.213274924679069,194.24289807127056,105.10060892106911
15 Jul 2026 09:07:00.000000000,4002.6640665608934,-3179.479415029489,-4593.134440355009,6.178173289435068,2.965872832205421,3.3202118308887183,-0.004911160649502621,0.0038963449630850257,0.00564505925523141,-42.00266442378303,-108.02399805905564,503.6085525909498,6870.821319011158,0.0009587045375175022,52.97234213844711,4.208594070901544,200.9171219275813,102.23870474257151
15 Jul 2026 09:08:00.000000000,4364.250664953093,-2994.644029274641,-4383.907795113208,5.870304209910853,3.193057659322969,3.651457237806879,-0.005354781480310565,0.003669925126601557,0.005388103219694071,-39.68718823617403,-104.28353934027433,503.18616402603755,6871.588749624499,0.000963016543156415,52.97474431629418,4.204304283341251,207.74453686287418,99.22310702331784
15 Jul 2026 09:09:00.000000000,4706.580129717825,-2796.5947572934697,-4155.283066627907,5.536501495577472,3.406174139276211,3.9665760279903766,-0.005774903370020202,0.0034272985967010593,0.005107300925288245,-37.242816728043394,-100.80758585581619,502.7352494776967,6872.385435152134,0.0009616406300093426,52.97723951860643,4.200424572284881,214.69934521304782,96.07960517280026
15 Jul 2026 09:10:00.000000000,5028.139845002851,-2586.204267731294,-3908.270077898905,5.178230808375335,3.604280440886071,4.2641726360942345,-0.006169654200230858,0.0031695138682815314,0.004803863869038791,-34.687748754919085,-97.56951146285839,502.2677697731297,6873.197303438256,0.0009549491069406448,52.979783488157075,4.196966694074228,221.7547624673071,92.83498001780627
15 Jul 2026 09:11:00.000000000,5327.508444746384,-2364.3998107632697,-3643.96014593064,4.797067108776277,3.78649973200577,4.542927268735951,-0.006537266069133095,0.0028976896142062386,0.004479107314847415,-32.03789405505922,-94.54280752615573,501.7959677087247,6874.010015064082,0.0009432167013587689,52.982331126669926,4.193934948705327,228.88299861827448,89.51702253197715
15 Jul 2026 09:12:00.000000000,5603.362178257549,-2132.1591940422804,-3363.5213509015866,4.39468813373636,3.952024272880181,4.801602000113492,-0.006876084385074441,0.002613010626735422,0.0041344457617201085,-29.307112568061978,-91.70201470184581,501.332134948025,6874.809216291259,0.0009266045656585525,52.98483729162597,4.1913261092723575,236.05564372012233,86.15414829473639
15 Jul 2026 09:13:00.000000000,5854.480868101045,-1890.5065206002344,-3068.1934479946135,3.9728673346877854,4.100119251619158,5.039046575987049,-0.007184576751122361,0.00231672326950629,0.0037713877385066753,-26.50747949799843,-89.02321796215841,500.8883770807918,6875.580792514701,0.0009051542582470046,52.987257592983774,4.189129484259869,243.24434315095215,82.77472218298728
15 Jul 2026 09:14:00.000000000,6079.753428292184,-1640.50770507159,-2759.282440660139,3.5334662912757824,4.230126332113094,5.254203884911229,-0.007461341531169475,0.0020101304313946003,0.003391529903395629,-23.649547665181473,-86.48424530888923,500.47638109719827,6876.311117744611,0.0008787923152825735,52.98954917577669,4.1873271114027215,250.42163677270548,79.40621910296045
15 Jul 2026 09:15:00.000000000,6278.182911961562,-1383.2657864064574,-2438.154836591548,3.0784266233171595,4.341466884547696,5.446115054754341,-0.0077051159830081265,0.0016945859860626616,0.002996550442658748,-20.742592031884826,-84.06467635214551,500.107189575452,6876.987295678639,0.000847345025473596,52.99167147483284,4.1858940794505655,257.5618327143421,76.07435003812566
15 Jul 2026 09:16:00.000000000,6448.891059230435,-1119.9160570082659,-2106.2316102131463,2.609761430560429,4.433644869247528,5.613924132632702,-0.007914783835839798,0.0013714887724238893,0.002588201777313871,-17.79482987261267,-81.74573573721354,499.79098584053975,6877.597388045616,0.0008105620389137478,52.99358692838593,4.1847989720150265,264.64179904543374,72.80227014867559
15 Jul 2026 09:17:00.000000000,6591.122318042415,-851.6210299597578,-1764.9818979643173,2.1295462970621575,4.506249345897659,5.7568823074753315,-0.00808938219429165,0.0010422761250490531,0.0021683026054633934,-14.813615214294574,-79.51012163159787,499.5368942219269,6878.130626107523,0.0007681466597315162,52.995261638097055,4.184004425471468,271.6415862398457,69.60995602648036
15 Jul 2026 09:18:00.000000000,6704.247313137524,-579.5652676101278,-1415.916455044237,1.6399099040884508,4.558956582284001,5.874351636544356,-0.008228107651865425,0.0007084169954441601,0.0017387293235864183,-11.805609047812544,-77.34180128923515,499.35279931521205,6878.577601489073,0.0007197902139619902,52.99666596397479,4.183467790977403,278.5448353200801,66.513797219378
15 Jul 2026 09:19:00.000000000,6787.765741204832,-304.95009626925696,-1060.5809044994899,1.1430243021813158,4.59153173951064,5.965808240354201,-0.00833032150655985,0.00037140471716364367,0.0013014068872017623,-8.776928269361202,-75.22579301056533,499.2451878379381,6878.930432865657,0.0006652077869961416,52.997775043845735,4.1831418888170955,285.3389742943528,63.52639941797103
15 Jul 2026 09:20:00.000000000,6841.308673483878,-28.988233030243173,-700.5488115377789,0.6410948991526421,4.603830114151228,6.030844934502207,-0.00839555398295454,3.2749478364739674e-05,0.0008582991862462029,-5.733276937032224,-73.14794527886046,499.2190162658836,6879.182905470565,0.0006041728455136192,52.99856922836877,4.182975841726438,292.01525591286355,60.65654628439656
15 Jul 2026 09:21:00.000000000,6864.640250658289,247.10164820586976,-337.4146176784758,0.13635022607503702,4.595797921883595,6.069173271858415,-0.008423507380661669,-0.00030602942554540407,0.0004113990242260332,-2.680063605138887,-71.09471828469205,499.27760695088233,6879.330580876864,0.0005365486987863756,52.99903442407886,4.182915972474176,298.56875274190713,57.90920393094983
15 Jul 2026 09:22:00.000000000,6857.658758742404,522.1003836441878,27.21352924260173,-0.3689684523688388,4.567472611739932,6.080624974240155,-0.008414058085882336,-0.0006434114792320101,-3.7282198912578506e-05,0.37749153852518186,-69.052969527481,499.4225748643343,6879.370875055758,0.00046231529871111464,52.99916233856666,4.182906749902237,304.9985478813056,55.285329730108074
15 Jul 2026 09:23:00.000000000,6820.397078737157,794.7937910848116,391.72101214238256,-0.8726176136772761,4.518982705052547,6.065152738967201,-0.008367257406617824,-0.0009778828901178679,-0.0004857249914542567,3.4342561190009526,-67.00974304551173,499.65378649581436,6879.303103302281,0.0003815904285345354,52.99895062361575,4.182891766810044,311.3087231240192,52.78088366446208
15 Jul 2026 09:24:00.000000000,6753.022507054366,1063.9781174257646,754.4940111005665,-1.3723619681050339,4.450547158349953,6.022830412385448,-0.008283331209059266,-0.0013079444988569498,-0.0009319123482124033,6.485088097096276,-64.95206063548716,499.96935177989883,6879.128491237204,0.0002946448283244681,52.998402913904506,4.182814732533681,317.51219034099563,50.3829964411329
15 Jul 2026 09:25:00.000000000,6655.8359479992105,1328.4654337313202,1113.9267611152634,-1.8659848921502271,4.362474254712791,5.95385252937173,-0.008162678360451916,-0.0016321195704167193,-0.0013738402861076195,9.524737921432916,-62.86671291948207,500.3656492436487,6878.850151727643,0.0002019112807745966,52.99752876070058,4.182620462832325,323.64733683462,48.05332363504334
15 Jul 2026 09:26:00.000000000,6529.270483879664,1587.0889498499707,1468.4287633617896,-2.351298733937716,4.255160033280618,5.858533224794104,-0.008005868002984364,-0.0019489613807781012,-0.00180952822186383,12.547746857591644,-60.74004818594623,500.8373838823242,6878.473028204499,0.00010398887544199051,52.99634346180357,4.1822558498035605,329.8957057546065,45.610364774919056
15 Jul 2026 09:27:00.000000000,6373.889332498684,1838.7082212951318,1816.43191267397,-2.826154921680176,4.1290862715621,5.737304529701586,-0.007813635706776194,-0.0022570605192359506,-0.0022370290808709815,15.548337976120095,-58.55775758650743,501.37767659999577,6878.003805478353,2.1033455754669156e-06,52.99486779079228,4.181670794882548,14.515833180763961,4.7956257751729305
15 Jul 2026 09:28:00.000000000,6190.383205802913,2082.2142221214835,2156.397504920321,-3.2884538098662373,3.9848180398013158,5.590714071463525,-0.00758687856982936,-0.0025550518335042353,-0.0026544390340341906,18.520296175428953,-56.30465665715142,501.97818341401074,6877.45078975232,0.00010426688551186457,52.99312763037989,4.180819088650898,159.84189228866597,223.27497430494319
15 Jul 2026 09:29:00.000000000,5979.5670872373785,2316.534258813305,2486.8230892715865,-3.7361542024527994,3.823000850762401,5.419422202990375,-0.0073266493509981535,-0.002841620953857547,-0.0030599067692379605,21.45683351963966,-53.964465546806125,502.62924203503707,6876.823760090245,0.00021260702750340552,52.99115351633848,4.179659222128439,165.75759753286385,221.16473516659187
15 Jul 2026 09:30:00.000000000,5742.376448840081,2540.6367016977088,2806.24913199097,-4.167282497937158,3.644357431815926,5.224198591398871,-0.007034149737228954,-0.003115510343441143,-0.0034516422173584563,24.35043617617218,-51.51959426028007,503.320042911268,6876.133794106957,0.00032223595423667116,52.98898010000341,4.17815511542911,171.31341296579538,219.4144815717313
15 Jul 2026 09:31:00.000000000,5479.862932180279,2753.535512138485,3113.2654603850056,-4.579941407704817,3.449684149004409,5.005918300841608,-0.006710722857675463,-0.0033755248337339204,-0.003827924667038896,27.192689502112408,-48.95094536701188,504.0388213798896,6875.393071097262,0.00043186669752635014,52.98664553877241,4.176276751080763,176.70375700371872,217.8298300098296
15 Jul 2026 09:32:00.000000000,5193.189520042753,2954.2945455259355,3406.5174576032896,-4.972318205907365,3.239847114907394,4.765557407756081,-0.006357845165714758,-0.003620536617105717,-0.004187110218776332,29.97407861218663,-46.23775597221761,504.77306720771276,6874.614656202075,0.0005401315325522615,52.98419082526063,4.174000701001318,181.97013189909416,216.36931045416458
15 Jul 2026 09:33:00.000000000,4883.625227944804,3142.0316121279907,3684.711981483476,-5.342692476715043,3.0157780133494576,4.504188189170953,-0.0059771178140565215,-0.0038494896817218233,-0.0045276385462592475,32.68376348834172,-43.357514514513745,505.5097475334135,6873.812269518509,0.0006456053660902262,52.98165906683047,4.171310537933891,187.12843472055218,215.01705510914474
15 Jul 2026 09:34:00.000000000,4552.539346479102,3315.9222797981106,3946.62298300809,-5.689443332153647,2.778469674553864,4.222973926198301,-0.005570257647138371,-0.0040614036866970325,-0.004848038949521441,35.30933099727773,-40.28600745308629,506.23553904531894,6873.000044291492,0.0007468320367207758,52.97909472807515,4.1681971242038305,192.18680544521476,213.7649500972908
15 Jul 2026 09:35:00.000000000,4201.395266833864,3475.2034045735318,4191.096802528264,-6.0110560811820495,2.528971434067037,3.923163365216094,-0.0051390879316638724,-0.004255377288009284,-0.0051469357017477,37.83653198983981,-36.99757701455978,506.9370651419719,6872.192278476007,0.0008423518399533691,52.97654284947537,4.164658772716762,197.14997542918536,212.60828682283622
15 Jul 2026 09:36:00.000000000,3831.743922870743,3619.1763771414185,4417.0571243929135,-6.30612833762367,2.2683843078559405,3.606084878730867,-0.004685528937552442,-0.004430590936520591,-0.005423052706669677,40.24902115699775,-33.46570318914563,507.60113382178764,6871.403184032112,0.0009307296102573395,52.97404825586423,4.160701277410669,202.02062314404293,211.5444061251352
15 Jul 2026 09:37:00.000000000,3445.2168835312395,3747.210075116963,4623.509573221336,-6.57337556116633,1.997856014262353,3.2731403662853107,-0.0042115884723860604,-0.00458630918107694,-0.005675217500031647,42.528131810619755,-29.66405658866666,508.2149721277894,6870.646638308489,0.0010105828158328278,52.971654768515286,4.156337812559571,206.7998153497772,210.57225705334818
15 Jul 2026 09:38:00.000000000,3043.51912976997,3858.7435127518106,4809.545937254032,-6.811636031102002,1.7185758715212276,2.9257989337085633,-0.003719352454073576,-0.004721882514174384,-0.005902364636332308,44.65273808102651,-25.568191668451412,508.76645312401337,6869.935941792362,0.0010806091724945882,52.96940443461342,4.151588702673802,211.48708648175608,209.69231748309508
15 Jul 2026 09:39:00.000000000,2628.42154988186,3953.2881814281313,4974.348006586172,-7.019875257436519,1.431769596844703,2.5655903859027274,-0.003210975595047608,-0.004836748807876562,-0.006103538516918326,46.599282333123426,-21.1580382151429,509.24431159399336,6869.283586353543,0.0011396133309437143,52.96733678757362,4.146481066933029,216.08032512550727,208.9067077009191
15 Jul 2026 09:40:00.000000000,2201.7531868127553,4030.4300757223214,5117.191016036134,-7.197189837616748,1.1386940302956767,2.194098565034438,-0.002688672248950358,-0.004930434387552138,-0.006277895717525648,48.342071192557064,-16.421264266584377,509.63834491769296,6868.701037897199,0.0011865322508514342,52.96548815114768,4.141048344307429,220.5755124625784,208.21945207077167
15 Jul 2026 09:41:00.000000000,1765.3932704343908,4089.8314011395664,5237.446684239341,-7.342810769762401,0.840631803653789,1.8129545622423864,-0.0021547074545659717,-0.005002554794702139,-0.006424706880055454,49.85395815153713,-11.357378741983378,509.9395958925186,6868.198537068037,0.001220458954131324,52.96389099951131,4.135329707572818,224.96630391377278,207.63689755316395
15 Jul 2026 09:42:00.000000000,1321.2630670647154,4131.2319607425325,5334.585842138724,-7.456106234755615,0.5388859714708185,1.42382982712164,-0.0016113881916738283,-0.005052815288221202,-0.0065433582327240935,51.107514917401026,-5.982088670211319,510.1405146072319,6867.784921324222,0.0012406644593283165,52.962573384562155,4.12936937638636,229.24340909860234,207.16833395418962
15 Jul 2026 09:43:00.000000000,871.3175777505887,4154.45021884399,5408.18064539661,-7.53658385989302,0.2347746186382527,1.0284291954536415,-0.0010610548454551203,-0.005081011129797836,-0.006633352799819575,52.07672398527228,-0.3309692861870229,510.23509684705886,6867.467471330129,0.0012466178569624673,52.961558440505385,4.123215841347898,233.39368619378652,206.8268998168927
15 Jul 2026 09:44:00.000000000,417.53711607615406,4159.38404071492,5457.906366380527,-7.583892476102636,-0.07037454381918853,0.6284838521121446,-0.0005060728594199024,-0.00508702769411628,-0.006694311357152859,52.739088147912646,5.538873718348034,510.2189968965147,6867.25178420756,0.0012380047242266888,52.960863974471444,4.116921012562452,237.39881060795494,206.63091403242902
15 Jul 2026 09:45:00.000000000,-38.08120441905044,4146.011107895695,5483.542762299801,-7.597823379085139,-0.3752295852215473,0.22574424295527049,5.117545765828221e-05,-0.00507084043700175,-0.006725973180733974,53.07786971356935,11.55046030943605,510.0896130089163,6867.141675743617,0.0012147444565836184,52.96050215042388,4.110539307477647,241.23328651392322,206.6058646236743
15 Jul 2026 09:46:00.000000000,-493.5320437012285,4114.389009218269,5484.975016819356,-7.578311102306437,-0.6784597562324539,-0.1780270530358688,0.0006082990170036186,-0.00503251474577893,-0.006728196625525554,53.08401464226014,17.612545349690908,509.846144223139,6867.139113184481,0.0011770077301960545,52.960479272001585,4.104126693977168,244.86141231331968,206.78744362005438
15 Jul 2026 09:47:00.000000000,-946.8104404594588,4064.655008075409,5462.194253089596,-7.525433706726332,-0.9787408777806702,-0.5810624819626385,0.0011629059820863234,-0.0049722056861854535,-0.006700959558676484,52.757286273417435,23.62853402823286,509.4896176265982,6867.244179754731,0.0011252364373881725,52.96079566822184,4.097739705407349,248.23252917200662,207.2262988783373
15 Jul 2026 09:48:00.000000000,-1395.9204201603711,3997.025486853008,5415.297616653002,-7.439412588710673,-1.2747607118618884,-0.9815966952112991,0.0017126118071628935,-0.004890157649522978,-0.006644359657869621,52.10629344307165,29.50673149046476,509.0228855862346,6867.455071536133,0.001060170548896802,52.96144568418097,4.091434444795521,251.2733602166342,207.99569525198416
15 Jul 2026 09:49:00.000000000,-1838.8835770097915,3911.7950698050317,5344.487927168777,-7.320611803966178,-1.565224308080293,-1.3778737435210595,0.0022550473422679384,-0.00478670389288094,-0.006558614570982431,51.14740509833006,35.16936868016907,508.45059289567666,6867.768126825128,0.0009828905235112055,52.962417777057496,4.085265595741331,253.87525486778097,209.20427062644228
15 Jul 2026 09:50:00.000000000,-2273.7476006517954,3809.335426041545,5250.07289838945,-7.169536901798205,-1.8488593190355065,-1.76815427612953,0.002787867061930903,-0.004662265954705739,-0.0064440619188742285,49.90285464650767,40.558384947236576,507.7791142151807,6868.177887568129,0.0008948925432043917,52.96369471587902,4.079285457323673,255.8722230107847,211.01800211209866
15 Jul 2026 09:51:00.000000000,-2698.594718007059,3690.0937547488415,5132.463926380806,-6.986833260750997,-2.1244212763184547,-2.1507227347055533,0.003308757467512501,-0.0045173529181431965,-0.006301159109286255,48.39850614471231,45.63725602193221,507.0164626109056,6868.677191955782,0.000798232712086552,52.96525388169276,4.073543020096862,257.0019109641251,213.69923042802066
15 Jul 2026 09:52:00.000000000,-3111.5500200192473,3554.590955313342,4992.17444664956,-6.773283913982858,-2.39069881694569,-2.5238945294804314,0.0038154457027174435,-0.004352560485880335,-0.006130482917184277,46.661731994359975,50.3894551381597,506.172170429845,6869.257296745997,0.0006958188529033694,52.96706766300909,4.068083099432307,256.8350322857412,217.6772294293351
15 Jul 2026 09:53:00.000000000,-3510.789642320564,3403.4194856954405,4829.817861677982,-6.529806850748711,-2.646518847689449,-2.8860231819924667,0.004305708408173245,-0.004168569823589488,-0.0059327287768447135,44.71969794416834,54.81484299975323,505.25714417402185,6869.908027388317,0.0005920231863979355,52.96910393970284,4.06294554160702,254.65147211458415,223.6721020745721
15 Jul 2026 09:54:00.000000000,-3894.548767962197,3237.24091323454,4646.1050413993935,-6.2574517792974085,-2.8907516319963658,-3.2355074152918797,0.004777380823928205,-0.003966146123239849,-0.005708709721512788,42.59816755721262,58.92531778568979,504.28349545921714,6870.617953544628,0.0004939641168887416,52.971326646984146,4.058164516699275,249.26488610114214,232.87018177337197
15 Jul 2026 09:55:00.000000000,-4261.1294194664515,3056.7831630655796,4441.841400414575,-5.957396336471336,-3.1223157812059874,-3.5707981684657963,0.005228366130952276,-0.00374613683544487,-0.005459354902157902,40.32079862488996,62.740687574235785,503.2643505546009,6871.374587152211,0.0004138083739827941,52.97369640962041,4.053767910957913,239.03843908572236,246.9082939505084
15 Jul 2026 09:56:00.000000000,-4608.9080065897715,2862.837470518787,4217.923557265823,-5.630941730432819,-3.340183128674195,-3.8904055081166864,0.005656645002497922,-0.003509469519181231,-0.00518570761379635,37.9088313627316,66.28526938191584,502.21364139434735,6872.164599760497,0.0003702321461792485,52.976171235328486,4.049776829495154,223.2294662264014,266.5290951197546
15 Jul 2026 09:57:00.000000000,-4936.342595434613,2656.255045240371,3975.3355828593867,-5.279507805273186,-3.5433834623670704,-4.192905405155091,0.006060285315849544,-0.0032571492590533326,-0.004888922758551288,35.38105041595959,69.5853592003335,501.1458813223615,6872.974055502069,0.00038000726724055246,52.97870725518362,4.046205218304245,205.2269931778386,288.343552862645
15 Jul 2026 09:58:00.000000000,-5241.979863961141,2437.9434563282557,3715.14484715891,-4.904627519807685,-3.731009088627407,-4.476946341143897,0.006437451956423605,-0.00299025560575803,-0.0045702636802024445,32.753916328080344,72.66750615380761,500.075929168767,6873.788655739223,0.00044043824173699454,52.981259498030255,4.0430596124346785,190.91243636043504,306.4702456697279
15 Jul 2026 09:59:00.000000000,-5524.461708628279,2208.862749475864,3438.4974755395233,-4.507940837548708,-3.9022191973198748,-4.741255704665903,0.006786416625135726,-0.0027099390005799273,-0.004231098310072205,30.041787484163823,75.55743477468133,499.01874555044617,6874.593991167324,0.0005332342348702773,52.98378268524641,4.040339015069341,182.22348649945124,318.9714794627156
15 Jul 2026 10:00:00.000000000,-5782.531466869287,1970.0213089794106,3146.61342867258,-4.091188030621409,-4.05624399651328,-4.984645934961389,0.007105567545732555,-0.0024174166556639033,-0.0038728945772635286,27.257178980509682,78.27944544631413,497.9891455280903,6875.375796964246,0.0006417357890288367,52.98623203181744,4.0380349097765755,177.86546448324577,327.1419317473321
15 Jul 2026 10:01:00.000000000,-6015.039720475193,1722.4714794054166,2840.7812224630816,-3.6562024070582084,-4.19238858344457,-5.206020367579159,0.007393418953834078,-0.00211396787174032,-0.0034972150482463268,24.411025450964846,80.85614502248077,497.0015519272825,6876.120206457406,0.0007555240819580102,52.98856403952984,4.036131406005393,176.28772395984316,332.53224897757264
15 Jul 2026 10:02:00.000000000,-6220.949645742494,1467.3049637436425,2522.3523073339147,-3.204902478330327,-4.310036517777307,-5.404378735156129,0.007648620239033497,-0.0018009287877022823,-0.003105710776742843,21.512929621936028,83.30839291297808,496.06975373086584,6876.813998742357,0.0008683246694930379,52.990737268200135,4.034605515408717,176.45608965977885,336.1766081443575
15 Jul 2026 10:03:00.000000000,-6399.341877492999,1205.6480169053787,2192.7351289924445,-2.739283591906944,-4.4086530632344,-5.578822275805161,0.00786996460413546,-0.0014796865699242,-0.0027001143621296826,18.571388069016034,85.65538014480926,495.2066739650934,6877.4448357355295,0.0009760619354004081,52.992713071211504,4.033427554328569,177.75072258817968,338.6948514474935
15 Jul 2026 10:04:00.000000000,-6549.418855807638,938.6564554463773,1853.3888956578423,-2.2614090618472233,-4.487788064576714,-5.728558402041398,0.00805639710484782,-0.001151673063724663,-0.002282232233798074,15.593991598026808,87.91478531573678,494.42415142507576,6878.001484279888,0.0010758465349319107,52.994456282233934,4.0325616654643,179.79952018403657,340.45908595579454
15 Jul 2026 10:05:00.000000000,-6670.508626548015,667.5105063253301,1505.81707950583,-1.7734008386514386,-4.54707842865253,-5.852904884761715,0.008207021933279483,-0.0008183579431372899,-0.0018539361971963314,12.587601075775405,90.10297114047005,493.73274041073444,6878.474019147254,0.0011654969363283326,52.99593584084425,4.031966449640036,182.37196692894793,341.69983277678773
15 Jul 2026 10:06:00.000000000,-6762.068069454627,393.40951931995335,1151.5606827369832,-1.2774297675736195,-4.586250180835425,-5.95129350951683,0.008321108817110805,-0.00048124140940609446,-0.0014171542969316814,9.558501321921264,92.23519928930362,493.1415323712853,6878.854003094143,0.001243312824844326,52.99712534582496,4.031595696575553,185.31969641443152,342.5654647314092
15 Jul 2026 10:07:00.000000000,-6823.685530791865,117.5665693472504,792.1913011222823,-0.7757054920475458,-4.605120071565633,-6.023273166151638,0.008398098414613309,-0.00014184650095288876,-0.0009738610693338541,6.512536494815888,94.3258507345822,492.6580029851806,6879.1346405242375,0.0013079652153864124,52.99800352618988,4.0313992017915385,188.5434929456266,343.15520446112396
15 Jul 2026 10:08:00.000000000,-6855.082841113332,-158.79702366226675,429.3040200674163,-0.2704660655628456,-4.603596711833857,-6.068512337758224,0.008437606603487913,0.0001982889105317391,-0.0005260672743600364,3.455230689154664,96.38864508591702,492.28788773952874,6879.310901784492,0.001358441689043014,52.99855462143424,4.031323655212971,191.97450047132014,343.537915183426
15 Jul 2026 10:09:00.000000000,-6856.116702695653,-434.4572285495184,64.51018010449063,0.23603265898497863,-4.5816812211988855,-6.086800960678119,0.008439427577353328,0.0005376203542030552,-7.580921009590459e-05,0.39189748007567826,98.43685640010514,492.0350885263586,6879.379615663233,0.0013940180042824532,52.998768664116,4.031313585714524,195.56312400279265,343.76319893964086
15 Jul 2026 10:10:00.000000000,-6826.7794354696825,-708.1928607488816,-300.5699497844327,0.7415277889545323,-4.539467377187035,-6.078051633857678,0.008403535686653682,0.0008746051332501423,0.0003748622750816268,-2.6722579413563663,100.48352541866528,491.90161315662374,6879.339528258378,0.0014142420705035642,52.998641659611586,4.0313123448115675,199.2721945241391,343.86823133922235
15 Jul 2026 10:11:00.000000000,-6767.1990747870095,-978.7911340215985,-664.3145515205497,1.2437602239702616,-4.477141260536954,-6.042300163026435,0.00833008598302285,0.0012077107413719812,0.0008238929491355761,-5.732040499029689,102.5416696044398,491.88754902170183,6879.191327027189,0.0014189231518584808,52.99817565972396,4.0312631120057105,203.07254984282415,343.88218035891
15 Jul 2026 10:12:00.000000000,-6677.638819014155,-1245.0531758079478,-1025.1076498205216,1.7404854819388271,-4.394980396569581,-5.979705432735569,0.008219413452933205,0.0015354232249313975,0.0012692364136362912,-8.782167351869536,104.62449302014674,491.99107142489595,6878.937629501442,0.0014081225523497362,52.99737872872008,4.031109903843355,206.93999367490466,343.8292469095933
15 Jul 2026 10:13:00.000000000,-6558.495829658114,-1505.7994760970887,-1381.3464763030295,2.2294844405573033,-4.293352398814857,-5.890548607047632,0.008072030949153961,0.0018562553937722303,0.0017088652419495758,-11.817166930608012,106.74559816446246,492.2084863827089,6878.582936839243,0.0013821438011370206,52.99626480230384,4.0307985686595496,210.85301150737263,343.73094863574687
15 Jul 2026 10:14:00.000000000,-6410.299391403532,-1759.8752402524508,-1731.448765757004,2.708573917153451,-4.172713126745451,-5.775231667389783,0.007888625857307721,0.0021687547877272833,0.0021407819114238145,-14.831271360442727,108.91920137023732,492.5343069781444,6878.133553069224,0.0013415213554573097,52.99485344195475,4.030277749224155,214.79082800031705,343.6080621919136
15 Jul 2026 10:15:00.000000000,-6233.70844399342,-2006.155617107749,-2073.859945249291,3.175617012531836,-4.033604374889256,-5.634275303550787,0.0076700555544477285,0.0024715113114272464,0.0025630294081020752,-17.818298634956832,111.16035215853458,492.9613616562191,6877.597471548273,0.0012870074716190237,52.99316948894598,4.029499796063479,218.7314708771705,343.48255905491794
15 Jul 2026 10:16:00.000000000,-6029.508502231385,-2243.5507748331647,-2407.060177906883,3.6285331486996575,-3.8766511155697225,-5.468316180810652,0.007417341742967456,0.0027631644595864646,0.00297370139267458,-20.77152079991065,113.4851547676067,493.4809322060926,6876.984230786893,0.0012195573806849417,52.99124262416439,4.028421615081049,222.649488522807,343.3798876585496
15 Jul 2026 10:17:00.000000000,-5798.60798441883,-2471.010798567436,-2729.571224800441,4.065307735825274,-3.702558321899759,-5.278103612529484,0.007131663757661843,0.0030424100645994744,0.003370951827734107,-23.683514377488823,115.91098649425894,494.0829185903664,6876.304742378829,0.0011403134013652698,52.989106841554175,4.027005434295054,226.5128375205696,343.33208562596224
15 Jul 2026 10:18:00.000000000,-5542.033973300984,-2687.530385459464,-3039.9630901844776,4.484001410135226,-3.5121074013995948,-5.064495673104563,0.00681435096444733,0.0033080065121598194,0.0037530039828465142,-26.545989453680825,118.45670182689747,494.7560272761318,6875.571094294645,0.0010505893144969268,52.98679984456718,4.0252194759196955,230.2781386450601,343.3825235875761
15 Jul 2026 10:19:00.000000000,-5260.927436762314,-2892.153314812502,-3336.860417755279,4.88275879200313,-3.3061522734316524,-4.828454790685956,0.006466874374162381,0.0035587803820466197,0.004118158748515628,-29.3495945068166,121.1428026844593,495.48797930479213,6874.796333248251,0.0009518575545251866,52.984362376393136,4.023038521766708,233.88280461045377,343.59377729067114
15 Jul 2026 10:20:00.000000000,-4956.537938477255,-3083.9766729370745,-3618.948607854001,5.259816721071339,-3.0856151258286513,-4.571042862671102,0.006090837609893536,0.0037936314880676,0.004464802211124428,-32.08369555481087,123.99154219981747,496.26573401563064,6873.99423021587,0.0008457443456353047,52.98183749593993,4.020444361788952,237.23099192562123,344.0616756521234
15 Jul 2026 10:21:00.000000000,-4630.2178709715445,-3262.154814598676,-3884.979628346436,5.613511933635297,-2.851481887227547,-4.2934159393295825,0.005687967362556151,0.0040115373032266035,0.004791412457191858,-34.73613114631513,127.02691106928124,497.07572411554486,6873.179033468517,0.0007340439504715744,52.97926981251419,4.017426117765407,240.1666614566353,344.94224015724467
15 Jul 2026 10:22:00.000000000,-4283.4162454504385,-3425.9030451053823,-4133.777494614818,5.942288155648122,-2.6047974520203563,-3.9968185222219237,0.005260103472228114,0.004211556771973374,0.005096565596066325,-37.29294998165467,130.27443047092635,497.90409766426814,6872.365213673076,0.0006187789877537187,52.976704692896696,4.013980436297662,242.41765906814084,346.5076042350402
15 Jul 2026 10:23:00.000000000,-3917.6720740482797,-3574.5010093289297,-4364.243396962875,6.244702592769146,-2.34666069432498,-3.682577524193624,0.0048091887643464445,0.004392833523414177,0.00537894100690717,-39.73814668662012,133.76064416316453,498.7369625168269,6871.567205716675,0.0005023800910351107,52.9741874550027,4.010111547710643,243.46856437774636,349.2731645772237
15 Jul 2026 10:24:00.000000000,-3534.6073811779665,-3707.2957760429085,-4575.36045643932,6.519431806277024,-2.078219306268733,-3.3520959369635643,0.004337258760712331,0.004554598511107746,0.005637325832392111,-42.05342479755469,137.51216812167812,499.5606288268141,6870.799151921251,0.00038821282930931163,52.971762562556975,4.005831189811833,242.2410091384214,354.3172628850391
15 Jul 2026 10:25:00.000000000,-3135.9198809332247,-3823.7046081176045,-4766.198092939679,6.765276970677735,-1.8006644938847822,-3.006846250361712,0.0038464313730581555,0.004696172116152202,0.005870618757451746,-44.21803537813796,141.5541291631962,500.36184535804125,6870.074651238293,0.00028226271621208815,52.96947283518703,4.001158397928791,236.2295049275536,4.145358365252645
15 Jul 2026 10:26:00.000000000,-2723.375357718905,-3923.2174109661537,-4935.915991918592,6.9811685146299025,-1.5152255616366286,-2.6483636647905513,0.0033388966689998525,0.004816965756621552,0.00607783312167119,-46.20876450389293,145.90782590091493,501.1280255661742,6869.406518855857,0.00019882583732836072,52.96735868805457,3.996119165025124,219.66803253156246,24.523438583705623
15 Jul 2026 10:27:00.000000000,-2298.7997869425517,-4005.3988534537043,-5083.767658515605,7.166170151804534,-1.2231644137297386,-2.2782391351700797,0.0028169067833892403,0.004916483053004024,0.006258099424297995,-48.00016935983106,150.58751238986116,501.84745968766646,6868.8065604157955,0.00017057091117688103,52.965457414602724,3.9907459780446475,188.25582957214917,59.75223212753971
15 Jul 2026 10:28:00.000000000,-1864.0712320974476,-4069.8901570669054,-5209.1035500789,7.3194823120537436,-0.92576999733299,-1.8981122809479323,0.002282766027710643,0.004994320601333725,0.006410667285684027,-49.565180977618475,155.59638435491496,502.50950939851805,6868.285364736793,0.00021423962502801832,52.9638025252102,3.9850772388545592,161.29246750815082,90.53213193812412
15 Jul 2026 10:29:00.000000000,-1421.11155384328,-4116.410550551412,-5311.373780039574,7.440444985863214,-0.6243527096745235,-1.5096641927993686,0.0017388212311377814,0.005050168407123964,0.006534906932595663,-50.876183586902705,160.9221761684162,503.1047819700042,6867.852118575944,0.00029402856510244433,52.96242315352614,3.979156580210725,149.524101218712,106.11694610414925
15 Jul 2026 10:30:00.000000000,-971.8779658517458,-4144.758388444297,-5390.130387809348,7.5285399964753354,-0.32023878787020466,-1.1146101626382667,0.0011874523267137785,0.005083810030415029,0.006630310273166214,-51.90662237127364,166.5332281545416,503.6252812433199,6867.514446547135,0.00038277048484430245,52.96134354103022,3.9730320890340325,146.07236146616125,113.3850058108743
15 Jul 2026 10:31:00.000000000,-518.3544712874689,-4154.8119329668925,-5445.029170854544,7.58339271435135,-0.014764697418440475,-0.714692359696875,0.000631063178364712,0.005095122488496154,0.006696491623919111,-52.63306591335407,172.37630505971674,504.0645331613029,6867.2782788561635,0.000470509709588521,52.96058260894569,3.966755450968752,146.4869082982026,116.78661237963072
15 Jul 2026 10:32:00.000000000,-62.54321292241648,-4146.52979961259,-5475.831076350012,7.604773227885497,0.2907284672964644,-0.31167247190083347,7.20726279583517e-05,0.005084075955470268,0.006733188143053102,-53.0374693393768,178.37753995468037,504.41768402634915,6867.147749020173,0.000553341643009827,52.96015362505348,3.960381031549458,148.90660897631045,118.18285980381935
15 Jul 2026 10:33:00.000000000,393.5442309179966,-4119.951067492524,-5482.403150865481,7.592596982638599,0.5949005593127482,0.0926756712719831,-0.0004870942713373529,0.005050733291393586,0.006740260016780383,-53.109211927938645,-175.55266625207187,504.6815700938766,6867.125123218997,0.0006294284440383633,52.96006397124321,3.953964910415056,152.50489264511816,118.40028055928329
15 Jul 2026 10:34:00.000000000,847.8955730589203,-4075.1950561154554,-5464.71904741789,7.546924898999242,0.8964179226775426,0.496573480667772,-0.0010440148798061325,0.004995249422849638,0.006717690432027895,-52.846420241131554,-169.51116930989292,504.8547575553113,6867.210762388113,0.000697815545715588,52.960315015825344,3.9475638858644837,156.87385636985832,117.84674005435741
15 Jul 2026 10:35:00.000000000,1298.5065358185257,-4012.4607708113276,-5422.859089978968,7.467962975314945,1.1939588948181057,0.8982449819545908,-0.0015962775046956261,0.00491787058751483,0.006665585356938632,-52.25621316475618,-163.591805740808,504.93755241192787,6867.403117613635,0.0007580255290575238,52.96090209274601,3.9412344674779263,161.79283947334795,116.7428627802594
15 Jul 2026 10:36:00.000000000,1743.3895303088977,-3932.0260194978173,-5357.009896206154,7.356061380391411,1.4862192596423192,1.295924171489449,-0.002141489896055059,0.0048189334443602865,0.0065841731363195845,-51.35379763802043,-157.87587737599708,504.9319801868361,6867.698758836088,0.0008098905996327408,52.96181458793429,3.9350318747790456,167.13299103410975,115.21746529233785
15 Jul 2026 10:37:00.000000000,2180.5822661430757,-3834.246203973677,-5267.463559818088,7.211713036071032,1.7719176431047814,1.687862342328316,-0.0026772877568625943,0.004698864040982602,0.006473803895449995,-50.16067117655407,-152.42561944105077,504.8417358671841,6868.092436319403,0.00085346740311396,52.96303613109814,3.929009059713314,172.8137424760806,113.35108408392801
15 Jul 2026 10:38:00.000000000,2608.1562609367197,-3719.552789438525,-5154.616394715095,7.03555168760881,2.049800842172025,2.072335368348942,-0.003201343314569483,0.004558176619813894,0.006334948732209199,-48.70239239067299,-147.28163954670208,504.67210490945473,6868.577173801509,0.0008889822315161864,52.96454488940882,3.9232157702935013,178.78108433340375,111.19769926173238
15 Jul 2026 10:39:00.000000000,3024.2252187596946,-3588.451456522009,-5018.967243700222,6.828349456990542,2.318649076756996,2.447650932877118,-0.0037113739918732645,0.004397472235896731,0.006168198664526172,-47.00639140998418,-142.46393987861984,504.42985657632175,6869.144391717938,0.0009167873457478754,52.96631395770813,3.9176976719643433,184.99584186055293,108.7964593452501
15 Jul 2026 10:40:00.000000000,3426.953246324154,-3441.519940785098,-4861.11535553242,6.591013872389641,2.577281152360475,2.812155685936492,-0.0042051512033007546,0.004217437152780373,0.00597426329096203,-45.10015272229448,-137.975287414147,504.1231113013608,6869.78405838956,0.0009373208983990589,52.968311838166606,3.912495542193167,191.42691403157642,106.1784426397233
15 Jul 2026 10:41:00.000000000,3814.562875230074,-3279.4055654592935,-4681.757835079922,6.324584365812587,2.8245595189467476,3.1642423113988496,-0.0046805092885085185,0.004018840976537537,0.005753969112093437,-43.0099152459015,-133.8055518876901,503.76118419503655,6870.4848665941245,0.000951067814039072,52.970503000749474,3.907644552457172,198.04717780177737,103.3707533031288
15 Jul 2026 10:42:00.000000000,4185.342858084906,-3102.8224741345875,-4481.6866725672635,6.0302282307797705,3.0593952091151726,3.5023564820464985,-0.005135354577653826,0.003802534485970987,0.005508257456413633,-40.75988181743262,-129.93595696451266,503.3544072068866,6871.234432507069,0.0009585213387656532,52.97284851443259,3.9031736502019014,204.83095608926934,100.39905364433224
15 Jul 2026 10:43:00.000000000,4537.655705829994,-2912.5485712055442,-4261.7853593450545,5.709236032727177,3.2807526360405577,3.8250036770366456,-0.005567674565176907,0.0035694471151435426,0.005238181950271476,-38.37184488378028,-126.3426566285151,502.9139328397391,6872.019513606435,0.0009601462825213825,52.97530673788166,3.8991050515364702,211.752503184325,97.2890789398355
15 Jul 2026 10:44:00.000000000,4869.944933211356,-2709.4221791359673,-4023.025099265855,5.363016466745376,3.487654229088173,4.1307558326641916,-0.005975547150640325,0.0033205840466586805,0.00494490547280317,-35.865109099835315,-122.99943783948045,502.451522664442,6872.826241796219,0.0009563457481765859,52.977834057282834,3.895453853478989,218.78522545100478,94.06741690084836
15 Jul 2026 10:45:00.000000000,5180.741979088688,-2494.338423007644,-3766.460626618537,4.993090660303583,3.6791848825946167,4.418257793845599,-0.006357149887049713,0.0030570228775573015,0.004629696540006969,-33.256601496411506,-119.87959018086212,501.979324200795,6873.640367720089,0.0009474335115207681,52.98038565820939,3.892227772394634,225.90147508293546,90.76171402598038
15 Jul 2026 10:46:00.000000000,5468.672768252244,-2268.2453543583442,-3493.225643644688,4.601085922691794,3.8544961911927156,4.68623353057729,-0.006710769160339748,0.0027799098260262744,0.004293925068891693,-30.56108463919248,-116.95709155533712,501.5096400022085,6874.447512017645,0.0009336142000251077,52.982916317840875,3.889427013031955,233.07279827314167,87.40042747779034
15 Jul 2026 10:47:00.000000000,5732.463881674678,-2032.1398279662183,-3204.527892905982,4.18872894795977,4.012810443373011,4.933492080940764,-0.007034809207429139,0.0024904554545627454,0.003939057481412031,-27.791414497351212,-114.2072829365489,501.05469299924977,6875.233419125915,0.0009149730141366268,52.985381203525954,3.887044270259834,240.2705234831959,84.0122367970911
15 Jul 2026 10:48:00.000000000,5970.948302713103,-1787.0631469763678,-2901.643882157449,3.757838484008072,4.153424343826264,5.158933180192561,-0.007327800870419934,0.0021899298963974213,0.0035666511217183165,-24.958806586464615,-111.60718694447813,500.6263923108131,6875.984209153691,0.0008914759880823929,52.98773666360275,3.885064863262158,247.46656505077922,80.62524021609846
15 Jul 2026 10:49:00.000000000,6183.070707742083,-1534.0964935544043,-2585.9132818617327,3.310317487019667,4.275712434597236,5.361552534232279,-0.007588409971914508,0.0018796575817003522,0.0031783479722278,-22.07308985605778,-109.13559206170765,500.23610381170505,6876.68662335944,0.0008629808138558506,52.98994099656146,3.883466999602095,254.63430983028977,77.26606787698933
15 Jul 2026 10:50:00.000000000,6367.892271074492,-1274.3561640460048,-2258.733018002296,2.8481447874038412,4.3791301852736755,5.540446695395741,-0.00781544519432945,0.0015610114736671007,0.0027758676718801214,-19.142938382173675,-106.77299099663533,499.8944297445231,6877.3282588481725,0.0008292572264170098,52.9919551850475,3.882222164313805,261.74946105823,73.9590377663418
15 Jul 2026 10:51:00.000000000,6524.594955828876,-1008.9886293858351,-1921.5510853629053,2.373366300638856,4.463216723373277,5.694817499149732,-0.008007865340397347,0.0012354068360386561,0.0023609998546057897,-16.176077485691152,-104.50143384865659,499.6110015749653,6877.897788269211,0.0007900150597124215,52.99374358185277,3.881295626973001,268.79073792516704,70.72545588681707
15 Jul 2026 10:52:00.000000000,6652.485264638101,-739.16544317964,-1575.8601088769447,1.8880858235996187,4.527597177797927,5.823976021910395,-0.008164785858008637,0.0009042945673701291,0.001935595844895353,-13.179464687468132,-102.3043356281122,499.39429010929626,6878.3851605444825,0.0007449374832395797,52.99527453591391,3.880647057663807,275.74036841153446,67.58312311286373
15 Jul 2026 10:53:00.000000000,6750.997426753725,-466.0780214380551,-1223.1906829493523,1.3944554638974145,4.571984610681355,5.927346022873018,-0.008285484516109883,0.0005691541489568346,0.0015015597629801788,-10.159447927371936,-100.16626264357804,499.2514366196154,6878.781778983419,0.0006937166908306124,52.99652094741332,3.880231240870852,282.5843600467751,64.54606407583599
15 Jul 2026 10:54:00.000000000,6819.696001157704,-190.93231932968328,-865.1045207633008,0.8946657562086165,4.596181516121104,6.004466836387516,-0.008369406131068156,0.00023148626487893743,0.0010608391085856882,-7.121904421534999,-98.07271199543007,499.1881083585056,6879.080653540225,0.0006360894221809619,52.99746074234339,3.8799988746277547,289.31258288285915,61.62444379310574
15 Jul 2026 10:55:00.000000000,6858.277878714204,85.05656850278824,-503.1874474402103,0.39093552529221937,4.600080868091838,6.054995685971753,-0.008416166253135746,-0.00010719483752979343,0.0006154149060284865,-4.072363877748282,-96.0098916234611,499.20838139510016,6879.276524435492,0.0005718700701901713,52.99807725832074,3.87989744078152,295.9187540583555,58.82458267126834
15 Jul 2026 10:56:00.000000000,6866.57367012624,360.6698565915022,-139.04227248260796,-0.1144984398034306,4.5836667041885955,6.0787093964137675,-0.008425553744986334,-0.0004453691702418016,0.00016729150647605244,-1.0161198272460399,-93.96450399776022,499.3146531790158,6879.365954889036,0.0005009796488630035,52.99835953500364,3.879872131053581,302.4004999371934,56.14889390610664
15 Jul 2026 10:57:00.000000000,6844.548470444853,634.6905381244268,225.7184218532565,-0.6193918321357179,4.5470142366285025,6.075505486437941,-0.008397532197026327,-0.0007815189275418364,-0.00028151384795555565,2.0416672595327308,-91.92353383947092,499.50758664792875,6879.347391281418,0.0004234694579268034,52.99830250414172,3.879866812590754,308.7598897389414,53.59534936971777
15 Jul 2026 10:58:00.000000000,6792.301995043661,905.9088467696702,589.4795387638326,-1.1215033231799008,4.490289487019201,6.045402630935952,-0.008332240152548487,-0.0011141364231119371,-0.0007289815858617377,5.095871521570851,-89.87403867795625,499.7860870550484,6879.221189668636,0.00033953880449505116,52.99790707604546,3.8798250160824463,315.0055949670446,51.15531968588667
15 Jul 2026 10:59:00.000000000,6710.068086243193,1173.1276822969278,950.630733747391,-1.6186050372106244,4.413748446635699,5.988540488609314,-0.008229990132641297,-0.001441731953520197,-0.0011731003785378717,8.141304452967113,-87.80294025691728,500.1473120206833,6878.989608203099,0.00024954661053893816,52.99718012107074,3.879690929095113,321.1613249141403,48.80513822229074
15 Jul 2026 11:00:00.000000000,6598.21359406612,1435.1679717237337,1307.5736521233327,-2.108492932116458,4.317735769183956,5.90517889784313,-0.008091266476878446,-0.0017628415016972096,-0.0016118776060088812,11.172615403851001,-85.69681461596242,500.5867146266285,6878.656765650307,0.00015401736375675041,52.99613434654376,3.879410377301121,327.30947478095146,46.46245247077047
15 Jul 2026 11:01:00.000000000,6457.236638848864,1690.8739382770586,1658.729099627442,-2.5889970165726126,4.202683008120897,5.79569645053134,-0.007916722036671963,-0.002076034197455427,-0.00204334960378951,14.184186355135575,-83.54167905216714,501.09811869215065,6878.228566821707,5.3647792197909515e-05,52.994788071368575,3.878931776412906,334.1451960968714,43.432153135221704
15 Jul 2026 11:02:00.000000000,6287.764267544149,1939.1182513415088,2002.5441092650015,-3.0579913363806663,4.06910641539769,5.660588460207289,-0.007707173780984871,-0.0023799194587301475,-0.0024655915833611476,17.170017393773595,-81.32277519262377,501.67382471543016,6877.712596355358,5.078000372577481e-05,52.99316490233428,3.8782070382642893,156.62762411106382,224.75514626571638
15 Jul 2026 11:03:00.000000000,6090.549519450775,2178.8070317021334,2337.4988687695063,-3.5134036668791597,3.9176043228656665,5.500464347009646,-0.0074635973903433295,-0.0026731537444386485,-0.002876727127866082,20.123599206520563,-79.02434930762728,502.30474435177825,6877.117982853761,0.00015816185529871806,52.991293317842555,3.8771924151773263,163.3335680944583,221.85466250564463
15 Jul 2026 11:04:00.000000000,5866.467920754193,2408.8846877694023,2662.1134744846295,-3.9532248534597403,3.7488541314235273,5.316044467589645,-0.007187120936006949,-0.002954446861076196,-0.0032749371770993112,23.037768853989515,-76.62943415720915,502.98056074586856,6876.4552359219715,0.0002674368183393548,52.98920616637798,3.875849267975004,169.02541091332915,219.96835709747074
15 Jul 2026 11:05:00.000000000,5616.513430478685,2628.3385601511686,2974.954479428802,-4.375517748460969,3.5636089361104877,5.108156422788305,-0.006879017749057501,-0.003222567775121311,-0.003658468428448297,25.904545208487328,-74.11964169100828,503.6899115534,6875.736059126727,0.000377352206684904,52.98694008851638,3.874144744223913,174.48732014901,218.31209837969737
15 Jul 2026 11:06:00.000000000,5341.793863504883,2836.2033535485143,3274.6412051465404,-4.778425699176777,3.3626938179195354,4.877730879930497,-0.00654069860041394,-0.0034763498975777154,-0.0040256410978198875,28.714940943344466,-71.47498367122316,504.42059108649545,6874.9731423107805,0.00048657094439336556,52.98453487258912,3.872052354928611,179.80737536764968,216.79784017494737
15 Jul 2026 11:07:00.000000000,5043.525818637988,3031.565337031461,3559.851789501658,-5.160180549324914,3.147001834678453,4.62579694937645,-0.006173703312624795,-0.003714695818342713,-0.004374855999592233,31.458749196401236,-68.6737488753182,505.15976770617664,6874.179937039295,0.0005936874452707163,52.98203275526599,3.8695524396032903,185.0119855812159,215.39920403407078
15 Jul 2026 11:08:00.000000000,4723.029141872159,3213.5662955984276,3829.3289448141377,-5.519110123556609,2.917489744332459,4.353477156966475,-0.0057796919298373104,-0.003936581482205777,-0.0047046009228710745,34.12430551931253,-65.69248227194548,505.89421236484185,6873.370419221212,0.000697252878552742,52.979477679271525,3.866632511661455,190.1129846808156,214.10438355839162
15 Jul 2026 11:09:00.000000000,4381.720956555693,3381.407217976321,4081.8854033397483,-5.853645172163196,2.675173494056903,4.061982054825991,-0.005360435568875272,-0.004141059810801299,-0.005013456298222765,36.698230260385586,-62.50613461314782,506.61053407388226,6872.558843136809,0.0007958022304211088,52.976914521192064,3.86328747807979,195.11687153256042,212.9069041130698
15 Jul 2026 11:10:00.000000000,4021.109293373284,3534.3517075814725,4316.409029594865,-6.1623257603022,2.421123508046934,3.7526045129016894,-0.0049178070684874516,-0.0043272637867078885,-0.0053001001654076705,39.16516418451273,-59.08848047331836,507.2954180321692,6871.759491210238,0.0008878822096361339,52.97438830284896,3.8595197295045405,200.0274284669194,211.80300420232288
15 Jul 2026 11:11:00.000000000,3642.78635371448,3671.7291055386167,4531.867581615935,-6.443807092906133,2.1564598054768984,3.4267137324367303,-0.004453771543618653,-0.0044944090263321634,-0.00556331246750502,41.50752220151479,-55.412936479889154,507.93586219524667,6870.986423895907,0.0009720794040829456,52.97194340000185,3.855339099165252,204.8465906332066,210.79076603667482
15 Jul 2026 11:12:00.000000000,3248.4214404821328,3792.937316431953,4727.313105569445,-6.696864772373164,1.8823469783250593,3.0857490207747156,-0.003970376939244093,-0.004641795877422119,-0.005801978710116496,43.70530770523642,-51.45394130997525,508.5194081845019,6870.253234001434,0.0010470481711309894,52.969622762196515,3.8507626913353428,209.57470914954342,209.86985236125224
15 Jul 2026 11:13:00.000000000,2839.7535903114235,3897.4453292201156,4901.885950506276,-6.9203994914593165,1.5999890563313788,2.7312133641407876,-0.0034697446625646315,-0.004768811083914496,-0.006015093035157265,45.73605335420017,-47.18906704288677,509.03436262199784,6869.572809651455,0.001111537792581888,52.9674671573866,3.8458145822428635,214.2105414748097,209.0415161182431
15 Jul 2026 11:14:00.000000000,2418.5839409541313,3984.7954272796783,5054.818392130365,-7.1134411679608744,1.3106242836733266,2.3646668318772623,-0.0029540603548985005,-0.004874929065570494,-0.006201760766548181,47.57498052590564,-42.601985700288665,509.4700052200907,6868.9571099117375,0.0011644184777646746,52.965514454536326,3.840525398607437,218.75107156145802,208.3087803826962
15 Jul 2026 11:15:00.000000000,1986.767867079597,4054.6050829346227,5185.43785637863,-7.275152530929684,1.0155198290042822,1.9877198419856883,-0.002425564846239136,-0.004959712862629879,-0.006361200490687743,49.19549119123689,-37.68627025733708,509.81678024585653,6868.416956846779,0.0012047058664835183,52.96379895676392,3.834931781056786,223.19117789527618,207.67677046288694
15 Jul 2026 11:16:00.000000000,1546.2069170875588,4106.568533042466,5293.1697352986685,-7.404832170171985,0.7159664474736573,1.6020263140042534,-0.0018865453158947213,-0.005022814795061447,-0.00649274573548945,50.570106851683484,-32.44972407277584,510.06646830918453,6867.96184748242,0.0012315837762527865,52.96235079671888,3.829075741788254,227.52312370334744,207.15322388043
15 Jul 2026 11:17:00.000000000,1098.8405827970355,4140.458033231234,5377.539789169093,-7.501917061649152,0.4132731104145229,1.2092767314044466,-0.00133932666471397,-0.005063976884639738,-0.006595846311723713,51.67192678337382,-26.918509984967216,510.21233578196154,6867.5997887955755,0.0012444250692498966,52.961195404817644,3.823003927561934,231.7358066745641,206.74924088141472
15 Jul 2026 11:18:00.000000000,646.6379331085958,4156.124789245188,5438.176130036291,-7.565984581183008,0.10876161562873715,0.8111911320132532,-0.000786263086351945,-0.005083031083415003,-0.006670069375816069,52.4765716875228,-21.13990355716132,510.2492595362176,6867.337158460781,0.0012428107077364927,52.96035305970747,3.8167668008515374,235.81365893012577,206.4803847360335
15 Jul 2026 11:19:00.000000000,191.58914201425725,4153.499564560464,5474.8107828561815,-7.596754017650971,-0.19623881122180808,0.40951204163191324,-0.0002297298092955898,-0.005079899344491749,-0.006715100264545459,52.96441121290374,-15.182285322682649,510.1738250858946,6867.178593655895,0.0012265473662080848,52.95983852891015,3.810417753428036,239.73501608838328,206.3683129766303
15 Jul 2026 11:20:00.000000000,-264.3030592878854,4132.592964002299,5487.280821253863,-7.5940875947716355,-0.5003969155809022,0.0059973631949946605,0.0003278850311571355,-0.005054593564928716,-0.006730743145067437,53.12269279836348,-9.131339296314257,509.9843966245432,6867.126909771831,0.0011956844581566578,52.95966080603735,3.8040121677913574,243.4696534710598,206.4432415208844
15 Jul 2026 11:21:00.000000000,-719.0319768985047,4093.4953935657268,5475.5290755840415,-7.557991007800449,-0.8023848062442767,-0.39758676837165063,0.0008841884423819303,-0.005007215419580484,-0.006716921509974759,52.94708872407972,-3.082470587626443,509.6811578670908,6867.183050390085,0.0011505322811204276,52.95982294929567,3.797606442874392,246.97497486975394,206.74775625455686
15 Jul 2026 11:22:00.000000000,-1170.59556635522,4036.3766970395773,5439.604411531989,-7.48861347817441,-1.1008833346578095,-0.7994731568706243,0.0014367906029267544,-0.004937956094515401,-0.006673678534071362,52.442249433085045,2.8691432764506173,509.26612302474933,6867.3460693933175,0.0010916845269601872,52.96032202423794,3.7912570010381943,250.18995151917298,207.34287442039584
15 Jul 2026 11:23:00.000000000,-1617.005033504006,3961.485470400116,5379.661577987441,-7.386247325585266,-1.3945874552609157,-1.1979007330133464,0.001983312930434517,-0.0048470959187453455,-0.006601177296539895,51.621204650514905,8.638443827117825,508.74311766696974,6867.6131455623145,0.0010200513764130432,52.96114915190284,3.7850192937770357,253.02517910910868,208.31798797404883
15 Jul 2026 11:24:00.000000000,-2056.293395067795,3869.148055313017,5295.9606234039275,-7.251327053357567,-1.6822115604325614,-1.591121751687499,0.002521396248094401,-0.00473500388120247,-0.006499700856290135,50.503784035657866,14.157927853984404,508.11772965193734,6867.979629495122,0.0009369154308014854,52.96228966164082,3.7789468235801795,255.34601054104843,209.80773119389997
15 Jul 2026 11:25:00.000000000,-2486.523969531192,3759.767213498282,5188.865880376934,-7.084427939595491,-1.962494782536211,-1.9774089888196675,0.003048709103395644,-0.004602137009969682,-0.006369652154574086,49.11447621903464,19.381273039699952,507.3972307364872,6868.439122163891,0.0008440356188677345,52.96372334609008,3.773090199172669,256.9429648795371,212.0215720876272
15 Jul 2026 11:26:00.000000000,-2905.7987684131967,3633.8204842098953,5058.844518788174,-6.8862641235751,-2.2342062539042895,-2.3550629263954455,0.0035629562844596953,-0.004449039582295426,-0.006211553706823718,47.480207949063335,24.28319789616828,506.5904699062197,6868.983583910452,0.0007438529456887284,52.96542481396943,3.7674962408070636,257.47838563712895,215.2971544497327
15 Jul 2026 11:27:00.000000000,-3312.2667572937085,3491.8582276932975,4906.464668617962,-6.657686174509758,-2.4961503134327714,-2.7224189115118826,0.004061887565945629,-0.004276342124099906,-0.006026047031461615,45.628419021514226,28.856619158855427,505.7077398953809,6869.603472177267,0.0006399172094478697,52.96736393462637,3.7622071514276363,256.3901171110368,220.19662184538967
15 Jul 2026 11:28:00.000000000,-3704.1319551308175,3334.5013582380734,4732.393114466345,-6.399678128299404,-2.747171645863243,-3.07785427201185,0.004543306702589109,-0.004084760154320689,-0.005813891757682291,43.58562662880222,33.10849222086561,504.7606187905825,6870.287905782978,0.0005377924498734468,52.96950636665353,3.7572597684025464,252.7323341039714,227.66578818199824
15 Jul 2026 11:29:00.000000000,-4079.6613395170507,3162.4387713600427,4537.392564980545,-6.113353977345406,-2.9861603369369387,-3.4197953674347366,0.0050050806693871285,-0.003875092622772416,-0.0055759643437573265,41.376507219266045,37.05549311928867,503.7617890290008,6871.024853089365,0.00044687720698776204,52.97181416138647,3.7526849091656516,245.025747964387,239.18393192768355
15 Jul 2026 11:30:00.000000000,-4437.192524631778,2976.424470744347,4322.318501785187,-5.7999535990939055,-3.212056824533624,-3.7467245498803408,0.005445149129275957,-0.00364821999037783,-0.005313256336080856,39.023420757344596,40.72025043482175,502.7248365044951,6871.8013409751065,0.0003829179597525044,52.97424643075611,3.7485068224589284,231.7399122217111,256.28149069627943
15 Jul 2026 11:31:00.000000000,-4775.14117782586,2777.274401864133,4088.1156141679576,-5.4608381107362085,-3.4238567228108154,-4.057187005106281,0.00586153408839818,-0.0034051019005689838,-0.005026872097350863,36.54626219783915,44.12841744866199,501.66403287744333,6872.6036811404,0.000365864840405201,52.97676006780625,3.7447427550328554,213.92804578101277,277.90523823020874
15 Jul 2026 11:32:00.000000000,-5092.008140098423,2565.863000653238,3835.8138276875984,-5.0974846404703005,-3.6206154933843306,-4.349797439964379,0.006252349679351849,-0.0031467743941205554,-0.004718025935378725,33.96252715986902,47.30659621367311,500.59410453737013,6873.417709922856,0.00040394237972551895,52.979310507228206,3.7414026416631505,197.17726754510343,298.4680499099585
15 Jul 2026 11:33:00.000000000,-5386.38621526512,2343.119467246721,3566.5239370316144,-4.71148050988832,-3.8014529348850212,-4.623246578330138,0.006615811992969961,-0.0028743466253471285,-0.004388038569766248,31.287500734539975,50.280985990790555,499.5299919823365,6874.229037517136,0.00048387905701742994,52.981852512525386,3.738488924175158,185.8177523153308,313.63974693649044
15 Jul 2026 11:34:00.000000000,-5656.9665924382125,2110.023776593061,3281.4328558392526,-4.304516827334907,-3.96555745993011,-4.8763074241828965,0.006950248862940886,-0.002588997046182416,-0.004038332883987177,28.534504716774805,53.076585976555265,498.4866036449204,6875.023302267412,0.0005866325430322164,52.984340975915316,3.7359965028825375,179.60741161186718,323.6624155442963
15 Jul 2026 11:35:00.000000000,-5902.544866615087,1867.6024396485484,2981.7984987802797,-3.8783814983457123,-4.112190126800928,-5.1078412476449335,0.007254109489256902,-0.0022919690332474725,-0.003670428920213471,25.715161642878247,55.7167917798923,497.4785684004533,6875.786425548743,0.0006988961397269096,52.98673171681709,3.7339128215269364,176.87588538770532,330.20641527039504
15 Jul 2026 11:36:00.000000000,-6122.026622744936,1616.9240308644664,2668.9443139053787,-3.43495166637644,-4.240688392022114,-5.316803247740242,0.007525973778628616,-0.0019845659469617145,-0.0032859380922003493,22.839651384398756,58.22325539184538,496.51999112855185,6876.504862679406,0.0008127355448511642,52.988982264762775,3.7322180844196193,176.32373684146296,334.5711840746315
15 Jul 2026 11:37:00.000000000,-6314.432549668697,1359.0944997177576,2344.2534860989354,-2.9761856047533013,-4.350469549693553,-5.502247844532902,0.007764561267257485,-0.001668145622796343,-0.0028865566051645016,19.91694789617174,60.61591204067644,495.6242157538563,6877.165845315218,0.0009232177468731358,52.99105261281331,3.730885602144049,177.15346202263356,337.55422861908863
15 Jul 2026 11:38:00.000000000,-6478.903051827075,1095.2522860752124,2009.1628353138356,-2.5041140888919777,-4.441033823892699,-5.663333553250727,0.007968739490223437,-0.0013441143101405924,-0.0024740580919710127,16.955031213258597,62.91310664875379,494.80360015742656,6877.757610871998,0.0010269851306530084,52.9929059280529,3.729882259886483,178.89096713980769,339.6296467984823
15 Jul 2026 11:39:00.000000000,-6614.702328624866,826.5632611700215,1665.1564360828727,-2.0208312860876614,-4.511967081779728,-5.799327394061911,0.008137531658982648,-0.0010139200875507535,-0.0020502854922998066,13.961074221300809,65.13177536595622,494.06930722112304,6878.269614708021,0.0011215688420161871,52.99450920646777,3.7291691002510587,181.24791280748522,341.0857832892273
15 Jul 2026 11:40:00.000000000,-6721.2218938244605,554.2155178561998,1313.7589875181766,-1.5284852083107137,-4.562943137205823,-5.909608793376205,0.008270123515015007,-0.0006790457979366577,-0.0016171422217016113,10.941606150692856,67.28765413744335,493.4311160389766,6878.6927210706435,0.0012050666981222632,52.99583386048013,3.7287020103495276,184.04233861684912,342.1046047359431
15 Jul 2026 11:41:00.000000000,-6797.983510305472,279.41403553146097,956.5289655547006,-1.0292677811715927,-4.593725617622046,-5.993672935876879,0.00836586923479239,-0.00034100156012152193,-0.001176582695064941,7.902655940914004,69.39549765818698,492.8972570029812,6879.019369170636,0.001275989216682072,52.99685622858418,3.7284325011055013,187.15486566367966,342.80549694716314
15 Jul 2026 11:42:00.000000000,-6844.641518932154,3.3752466543087394,595.0515915096812,-0.525404589308009,-4.604169370847105,-6.051133530895142,0.008424296276193887,-1.316925776390249e-06,-0.000730602286923826,4.849879109306341,71.46929967384136,492.4742740487559,6879.243711186679,0.0013331840304918472,52.997557997901325,3.728308564997008,190.50416255209475,343.26979858716055
15 Jul 2026 11:43:00.000000000,-6860.984544076383,-272.67846694380347,230.9316530466611,-0.019144364629660404,-4.594221392699651,-6.081724962124165,0.008445109070061988,0.0003384672393311452,-0.00028122682539830285,1.788671872139909,73.52251051731727,492.1669168367833,6879.3617195144,0.0013757975869110504,52.99792653201136,3.72827559707567,194.03273844662206,343.5550077975935
15 Jul 2026 11:44:00.000000000,-6846.93656248608,-547.5243187435069,-134.21378469482855,0.4872517110518838,-4.563921261513224,-6.085303795899433,0.008428191484566252,0.0006768070618020967,0.00016949826960584646,-1.275723790324693,75.56825086448322,491.97806505885507,6879.371261148865,0.001403254566170753,52.997955098098025,3.728277362872883,197.69838251761774,343.70334241061755
15 Jul 2026 11:45:00.000000000,-6802.557326598669,-819.9446733412253,-498.7627387655136,0.9915208136848745,-4.513401071001601,-6.061849630185451,0.008373608009423645,0.0010121640613670704,0.0006195190842965456,-4.338120538236502,77.61952254096751,491.90868641085706,6879.272137713868,0.0014152452711187406,52.99764298923986,3.7282569960322722,201.46876871770692,343.7471348228037
15 Jul 2026 11:46:00.000000000,-6728.042137994649,-1088.7325831358357,-861.0956989811524,1.4914093172085139,-4.442884858670761,-6.011465273815138,0.00828160363307302,0.001343013548938393,0.0010667844184218964,-7.393288045964898,79.68941819697703,491.9578290801967,6879.066090312708,0.0014117159373704597,52.9969955395526,3.728158007846292,205.3178652387468,343.71242218759784
15 Jul 2026 11:47:00.000000000,-6623.720971380841,-1352.6972756740881,-1219.6030091187959,1.9846835877397722,-4.352687532823858,-5.9343762532206075,0.008152602410623577,0.0016678529242740942,0.001509256972840684,-10.435853878879602,81.79133200299934,492.1226488780634,6878.756769057393,0.0013928592901233333,52.99602403180715,3.7279252907070406,209.22336276700722,343.62151781594275
15 Jul 2026 11:48:00.000000000,-6490.056954197484,-1610.6695617793216,-1572.6921985101499,2.4691406537280964,-4.243213307007001,-5.830929651654184,0.007987204746152747,0.0019852097781649413,0.0019449243886573602,-13.46019937614139,83.93917328069737,492.39847042422076,6878.349667820441,0.0013591039617713869,52.99474549907751,3.727506097510969,213.16462812898817,343.4950571998964
15 Jul 2026 11:49:00.000000000,-6327.644211563992,-1861.5071352957534,-1918.7952243314053,2.942618676232093,-4.11495365632822,-5.701592293505381,0.007786183436884134,0.002293649708482553,0.00237181001347061,-16.460346955909642,86.14758411477875,492.77888108622653,6877.852025429887,0.0013111021502543898,52.99318242388054,3.7268509795287073,217.12082474368322,343.3538772505222
15 Jul 2026 11:50:00.000000000,-6137.205090732855,-2104.0997362959906,-2256.3755858534873,3.403007147028524,-3.9684848152984973,-5.546948293559154,0.007550478551220728,0.0025917837675890473,0.0027879832787629055,-19.42983514655617,88.43216029969031,493.25585570565516,6877.272695177128,0.0012497154261720627,52.991362340114186,3.725914665903285,221.0688706199193,343.22105801815223
15 Jul 2026 11:51:00.000000000,-5919.586783421164,-2337.3741509344327,-2583.9352733010805,3.8482567471406743,-3.8044648415385476,-5.367695997712293,0.007281191230288442,0.0028782754674534583,0.003191569582594127,-22.36157757005253,90.80967210305627,493.8199095300986,6876.621985114674,0.0011759990592749338,52.98931734485535,3.7246568690547903,224.9808343794838,343.1245264205955
15 Jul 2026 11:52:00.000000000,-5675.757368256541,-2560.299022720097,-2900.021515746042,4.276388804393244,-3.6236302737470423,-5.164644347579131,0.006979576522839404,0.0031518472812146372,0.003580759586453403,-25.24770217295615,93.29827671592071,494.46027622658903,6875.911472172112,0.0010911857885549442,52.98708352870526,3.7230430015089384,228.8201587843747,343.1008325068329
15 Jul 2026 11:53:00.000000000,-5406.801299098356,-2771.8894517660055,-3203.2332945018247,4.685504295470492,-3.4267924156664753,-4.938708706474636,0.006647035376105069,0.0034112865928792873,0.003953817851107955,-28.079367405772174,95.91770709852545,495.1651073932216,6875.153793603058,0.000996670843275095,52.984700334842884,3.7210447913258995,232.5356277876715,343.20118224126884
15 Jul 2026 11:54:00.000000000,-5113.914367974769,-2971.211360627849,-3492.227590957274,5.073792345718923,-3.2148332802349864,-4.6909061882132645,0.006285105912067678,0.003655451059798197,0.0043090907527796075,-30.84655310742481,98.68941113836375,495.921689619312,6874.362419682955,0.0008940017425612363,52.98220985823345,3.7186407850649186,236.05095187779955,343.5018520437828
15 Jul 2026 11:55:00.000000000,-4798.398174040188,-3157.3856073756197,-3765.7253402446217,5.439538187834338,-2.988701229824376,-4.422350533152556,0.005895454127971435,0.003883273368596794,0.004645013641520413,-33.53782604766365,101.63659930856447,496.7166748764808,6873.551411900413,0.0007848802356916562,52.97965609752253,3.715816729290703,239.24545271452524,344.12350408993797
15 Jul 2026 11:56:00.000000000,-4461.65413198879,-3329.591828786139,-4022.517064950988,5.781130548919855,-2.749406349213032,-4.1342465776508925,0.0054798641519098155,0.004093765374412454,0.0049601172164405165,-36.14008415971383,104.78413708806718,497.53631985463306,6872.735171119221,0.000671193287211671,52.97708417299822,3.712565823748716,241.91542154909553,345.2698278817455
15 Jul 2026 11:57:00.000000000,-4105.177054986558,-3487.0719987294483,-4261.468165841554,6.097068443475868,-2.4980155879116794,-3.827884363806476,0.005040228221290385,0.004286021656974453,0.005253033147271367,-38.638290487069696,108.15818974194028,498.3667297861238,6871.92818033081,0.0005551165583642798,52.97453952461647,3.7088888417329864,243.68983713084197,347.3118223879409
15 Jul 2026 11:58:00.000000000,-3730.548348222597,-3629.1336890317707,-4481.523849432529,6.385967357723228,-2.235647707575761,-3.504632935868054,0.004578536406712077,0.0044592224369444915,0.005522498864927485,-41.015219055270734,111.78549334637005,499.1941023237684,6871.144746669001,0.00043941757452459353,52.97206710444028,3.7047941154787156,243.82725541112197,350.9909064440428
15 Jul 2026 11:59:00.000000000,-3339.4288500370385,-3755.1530221216058,-4681.713674880452,6.646564817665206,-1.9634680688362276,-3.1659338684811282,0.004096866365042188,0.004612636010844984,0.0057673617061170706,-43.2512515100471,115.69209380930634,500.0049671450659,6870.398747322241,0.0003283887234058919,52.969710577940816,3.7002973868951545,240.67416898203217,357.9605594727505
15 Jul 2026 12:00:00.000000000,-2933.5513575491773,-3864.577306888465,-4861.155705505172,6.877725339932014,-1.6826832895494124,-2.8132945694252967,0.0035973730501340315,0.004745620617446273,0.005986582302519915,-45.324285899023835,119.90138083146066,500.78641713916636,6869.703383856993,0.00023103276205477225,52.967511548440974,3.6954215263379067,230.21329125663274,12.238037518004282
15 Jul 2026 12:01:00.000000000,-2514.712873849555,-3956.9273509208415,-5019.060252583368,7.078444769632353,-1.394535804037305,-2.448281396736768,0.003082278564417334,0.004857625858291556,0.006179237361365546,-47.2098455028237,124.43127561834784,501.5263272813347,6869.070949266003,0.00017077732309188278,52.96550881855743,3.6901961245342463,205.00687027072658,41.26105970899569
15 Jul 2026 12:02:00.000000000,-2084.7666132828217,-4031.799444032774,-5154.733201442736,7.24785401388133,-1.100298349867248,-2.0725126264805365,0.002553862179447816,0.004948193697660069,0.006344521868552621,-48.881499390554886,129.29055339061708,502.2135576037471,6868.512611783158,0.00018253459157478117,52.96373770182129,3.684656965017554,171.91038609512302,78.17411116203816
15 Jul 2026 12:03:00.000000000,-1645.613800759017,-4088.867009468238,-5267.578911930874,7.385222182790553,-0.8012684056411259,-1.6876513036132503,0.0020144505731934425,0.00501695909845459,0.006481750785360052,-50.31171308856876,134.4745401335926,502.8381370191546,6868.038219170453,0.00025062487513758855,52.962229396743076,3.6788453865626645,153.36727268908703,100.53372148508625
15 Jul 2026 12:04:00.000000000,-1199.1953002335974,-4127.881920487085,-5357.102687169929,7.489959151678316,-0.49876260011642287,-1.2953980043680096,0.0014664083062472745,0.005063650345001864,0.00659036030464774,-51.47321538877294,139.9608282169344,503.3914251360642,6867.656126790893,0.0003372594417686495,52.96101043445314,3.6728075471276598,146.84311114626314,110.87427192835125
15 Jul 2026 12:05:00.000000000,-747.4831066314823,-4148.675481156145,-5422.912806095728,7.56161755905803,-0.19411110997454012,-0.8974835346440249,0.0009121285413704386,0.005088089101938431,0.0066699087317486,-52.340873364698304,145.70611967848282,503.866249611357,6867.3730523416825,0.0004261692213073893,52.960102209714414,3.666593602487671,145.84876116884487,115.68486433924656
15 Jul 2026 12:06:00.000000000,-292.47173460191516,-4151.1590711207,-5464.72211663245,7.599894254681144,0.11134793921477741,-0.49566158518353925,0.00035402399281383074,0.005090190251891401,0.006720077048148919,-52.893907852561725,151.64559197957402,504.2570170112223,6867.193959644692,0.0005115228709741435,52.9595206035962,3.6602568143304297,147.53355117647592,117.81613150854555
15 Jul 2026 12:07:00.000000000,163.83046334317345,-4135.32445492386,-5482.349187491443,7.604631210663135,0.4162740566567268,-0.0917013610368996,-0.00020548192266309838,0.005069961547439982,0.006740669207738084,-53.118094614192,157.69595586897034,504.55979558780916,6867.121973382369,0.000590806683641449,52.95927570444163,3.6538526037721857,150.69971104774254,118.46580490276602
15 Jul 2026 12:08:00.000000000,619.4100174889269,-4101.24375710748,-5475.719017535138,7.5758159066733795,0.719329944346951,0.31261979988942623,-0.0007639637727916364,0.005027503105290842,0.0067316122063183405,-53.007470670670415,163.76244153584688,504.7723688221384,6867.158326137121,0.0006627620504065138,52.95937163199176,3.6474375672427017,154.78798812954113,118.19309913997796
15 Jul 2026 12:09:00.000000000,1072.2570691394296,-4049.0691048970875,-5444.863302454413,7.5135811975156885,1.0191870204944182,0.7155238064201526,-0.0013190026830337128,0.004963006758809669,0.0066929559500629,-52.565100097962926,169.74854745343967,504.8942590300896,6867.302338546733,0.0007267389842799668,52.959806467674255,3.6410684722809097,159.50910307159032,117.28725664398952
15 Jul 2026 12:10:00.000000000,1520.374075582652,-3979.031940780621,-5389.920259215915,7.4182046683844725,1.3145309001474526,1.115239180286939,-0.0018681948487457927,0.004876755276738734,0.006624872937860222,-51.80268049070171,175.56622609069254,504.92672077525486,6867.551432836221,0.0007824535297236057,52.96057229216256,3.634801251187946,164.70022700987496,115.91107094524739
15 Jul 2026 12:11:00.000000000,1961.7844611873577,-3891.4420077747714,-5311.134009394354,7.290107479886481,1.604066824905268,1.5100083977493435,-0.002409160039379681,0.00476912144372263,0.0065276577562300995,-50.73910356158008,-178.85601380111586,504.87270427794783,6867.901179433279,0.000829876462397817,52.961655329392684,3.6286900103984943,170.26283563693212,114.16303308267189
15 Jul 2026 12:12:00.000000000,2394.541184048838,-3786.6860106695044,-5208.853523166706,7.129852701805863,1.88652503308896,1.898095195086726,-0.002939550144728895,0.004640566989439582,0.006401726373400181,-49.398360228955575,-173.5687075354914,504.736789452548,6868.345375829562,0.0008691689567132678,52.963036194328815,3.622786073205671,176.13303844803437,112.1070028096654
15 Jul 2026 12:13:00.000000000,2816.7351874332776,-3665.225957091619,-5083.531126459849,6.938143131795779,2.160666060629753,2.277791825152676,-0.0034570578055142603,0.0044916413426540555,0.006247615204501435,-47.80728082520447,-168.60094210010018,504.5250916435625,6868.876156315967,0.0009006355338919581,52.96469023992505,3.6171370727296708,182.26615678951893,109.78763097064859
15 Jul 2026 12:14:00.000000000,3226.5037049606185,-3527.597182856258,-4935.720574560283,6.715818592913983,2.4252859613288873,2.6474262502103745,-0.003959425160867815,0.004322980180232017,0.006065979910637947,-45.993518932224035,-163.96283315672812,504.24514056276786,6869.48413070906,0.0009246829279604634,52.96658799697608,3.6117861112246628,188.628102750166,107.2389810002245
15 Jul 2026 12:15:00.000000000,3622.03838802678,-3374.4060668212205,-4766.074696454087,6.463852702381661,2.6792214330836757,3.005369253668802,-0.004444452730904058,0.004135303733231858,0.005857593882805483,-43.984008827684804,-159.64957905968478,503.9057343521378,6870.15854969873,0.0009417805895780832,52.968695698912065,3.6067710004843505,195.19027133904063,104.48963709511894
15 Jul 2026 12:16:00.000000000,4001.5932234727616,-3206.3274413325203,-4575.342615302132,6.183349103284218,2.92135483432267,3.3500414502457136,-0.004910008437361034,0.003929414809091947,0.005623346356319598,-41.803950714849165,-155.64585260814943,503.51677110692,6870.887493996193,0.0009524217312973944,52.97097588210342,3.602123596711337,201.92640753304664,101.5658374698723
15 Jul 2026 12:17:00.000000000,4363.492208994635,-3024.1017053791675,-4364.366551795521,5.87553715127958,3.150619072331615,3.6799201706529714,-0.005354036747549192,0.003706196486543631,0.005364240096717031,-39.476260990588735,-151.929729994716,503.0890605840504,6871.658084048595,0.0009570854911188291,52.97338805092461,3.5978692414386715,208.8106985446685,98.49338234076365
15 Jul 2026 12:18:00.000000000,4706.136753345027,-2828.5316487505684,-4134.07821869041,5.54176704979402,3.366002342558683,3.9935461933175653,-0.005774567908543742,0.0034666094400538417,0.005081388596942141,-37.021374182535915,-148.4757977284219,502.63411918802836,6872.4567067233,0.000956201768035903,52.97588939570535,3.594026318265898,215.81671309879482,95.29869484489815
15 Jul 2026 12:19:00.000000000,5028.012768042087,-2620.478996829591,-3885.4948165955852,5.183504429711518,3.5665526954634257,4.289530292096566,-0.006169727220506277,0.003211688853637754,0.004776012728236603,-34.4572797244497,-145.25738761639568,502.16395166069265,6873.269255054206,0.0009501208189232919,52.97843555078984,3.590605933035465,222.91698263042554,92.00923997937034
15 Jul 2026 12:20:00.000000000,5327.697417164938,-2400.860687132644,-3619.7146430688667,4.802324373165426,3.7513824051920226,4.566559565613614,-0.006537744279931908,0.0029425408884710437,0.004449436791846135,-31.799696908289448,-142.2480528947077,501.690823195176,6874.0813768933895,0.0009390898496127681,52.98098137924886,3.587611722899873,230.0830903723767,88.6534355890764
15 Jul 2026 12:21:00.000000000,5603.865491927251,-2170.6448903156315,-3337.9123292490367,4.399904885657789,3.9196721124391805,4.823403510919525,-0.006876962108153473,0.002660338676272898,0.004103083927480561,-29.062318069209333,-139.42245506299503,501.22702593806304,6874.878728129315,0.0009232385794966085,52.98348177035132,3.5850397974254276,237.28615166438044,85.26017207047283
15 Jul 2026 12:22:00.000000000,5855.295377143645,-1930.8467900692538,-3041.33372057863,3.9780198262437483,4.070674712424204,5.05891980183149,-0.007185846066416527,0.0023663178191566363,0.003738470845058659,-26.257074326211367,-136.75682763748443,500.7846440275451,6875.647226022754,0.000902575130508927,52.9858924357117,3.5828788125714826,244.49756200966252,81.85806426490977
15 Jul 2026 12:23:00.000000000,6080.874577483604,-1682.5241381026633,-2731.290420617464,3.5385313117749186,4.203718958062297,5.272059730685662,-0.007462992447727219,0.0020617713873870153,0.003357201859613576,-23.394396820883358,-134.22915432161216,500.37532143036003,6876.373298178637,0.0008769926774538561,52.98817069008737,3.5811101760328343,251.68987928754436,78.4745691337261
15 Jul 2026 12:24:00.000000000,6279.6047725838735,-1426.7726022210475,-2409.154019457505,3.0833816180042715,4.318212748239471,5.461873271472207,-0.007707136628868722,0.0017480444183039776,0.0029609622245495163,-20.483459267712572,-131.81916481868595,500.0100368770569,6877.044122719741,0.0008462862553876506,52.99027620310327,3.5797083801039813,258.8377072636953,75.1351020752345
15 Jul 2026 12:25:00.000000000,6450.606371687725,-1164.7209272962039,-2076.3500307751074,2.614584607501611,4.413646071658812,5.627513722499417,-0.007917160662280539,0.001426527932218635,0.0025515107746739447,-17.532395860153954,-129.50822081296118,499.6988901470087,6877.6478553564375,0.0008101781446994674,52.9921717087252,3.578641455998962,265.91846584179194,71.86226644255338
15 Jul 2026 12:26:00.000000000,6593.122540512522,-897.5259306588235,-1734.3515640328749,2.134216721569837,4.4895935780492,5.768241887916738,-0.00809210018619123,0.0010986524934125093,0.002130671906836854,-14.548493488413355,-127.27914047520846,499.45090381649715,6878.1738392587,0.000768349520509458,52.99382366007458,3.5778715414859565,272.9129685969013,68.67527572562696
15 Jul 2026 12:27:00.000000000,6706.522675505311,-626.3673550796227,-1384.6727607147911,1.6444075804611613,4.545716750605475,5.883429759630605,-0.008231150538764451,0.0007658813577313834,0.001700326944240944,-11.53835994569788,-125.11599218942821,499.27384435196365,6878.612793926888,0.0007204756679664432,52.99520281816298,3.577355551677541,279.80577389512337,65.58960209740842
15 Jul 2026 12:28:00.000000000,6790.305303521141,-352.44260398874906,-1028.8620256824915,1.147330242910644,4.581765656347346,5.972563664356068,-0.008333671968402545,0.0004297032594437456,0.0012624049458315073,-8.508071163487614,-123.00387591866914,499.17406610760054,6878.95697962553,0.0006662620469726519,52.99628476430754,3.5770459410632847,286.58532532577505,62.61683560320955
15 Jul 2026 12:29:00.000000000,6844.100388214562,-76.96138488223697,-668.4950867173292,0.6451911821063457,4.597580254577855,6.035246844704743,-0.008399193844268047,9.162490082574278e-05,0.0008188730374358602,-5.463301090840643,-120.92870239545685,499.15638137468346,6879.20033438102,0.0006054787765095083,52.99705032734295,3.5768915432470436,293.24394838053365,59.76468706480151
15 Jul 2026 12:30:00.000000000,6867.671028028292,198.85971208297605,-305.1679170168971,0.1402200404765379,4.593091247715274,6.071201448221028,-0.008427417788413853,-0.0002468367826890975,0.00037172635503938186,-2.4094379832166037,-118.87697496717688,499.2239591378135,6879.338581043955,0.0005379915911394638,52.99748591825375,3.5768384736495853,299.77783642348714,57.03700166188308
15 Jul 2026 12:31:00.000000000,6860.914534536076,473.8026724790274,59.51044320689454,-0.365340770063328,4.568320463348641,6.080269904021932,-0.008418219667864985,-0.0005841625021179646,-7.702229881717704e-05,0.6483091821112051,-116.83557554890297,499.37825463026167,6879.369302467947,0.0004637878836329465,52.99758376647931,3.576831079200369,306.18729527631837,54.4335138737355
15 Jul 2026 12:32:00.000000000,6823.862883988596,746.653524654651,423.9251288652088,-0.8692465526971486,4.523380761317657,6.062415673018116,-0.008371650405137383,-0.0009188385544288811,-0.0005253529762804585,3.7048105607988373,-114.791554096847,499.61897116122145,6879.291983449363,0.00038299699511001184,52.99734205386885,3.5768129183924353,312.47793217544233,51.94865803166654
15 Jul 2026 12:33:00.000000000,6756.682539144122,1016.2077868811773,786.4627180693675,-1.3692608236117494,4.458475464791009,6.017723364420115,-0.008287935590909444,-0.0012493647347055423,-0.0009712491685199899,6.754918066656181,-112.7319198941716,499.9440550282167,6879.108018692733,0.0002959044001925547,52.9967649440545,3.5767277544579494,318.6651372043218,49.56708638663407
15 Jul 2026 12:34:00.000000000,6659.673642762645,1281.2758661552612,1145.518488132813,-1.8631657512717723,4.3738973195711655,5.946398218177,-0.008167473899641167,-0.0015742621333899153,-0.0014127083366775324,9.793367321926846,-110.64343249091402,500.3497236458014,6878.82068670149,0.000202959918317766,52.995862506833646,3.5765205443576153,324.79331511329957,47.24443678746478
15 Jul 2026 12:35:00.000000000,6533.268588425646,1540.6883806067146,1499.5036216709789,-2.348772466028522,4.270026991038338,5.848764959955671,-0.008010834338309814,-0.0018920807339232657,-0.001847752274536712,12.814675476872925,-108.5123902580894,500.8305263369842,6878.435090129378,0.00010478155769765829,52.99465053897886,3.5761384062115855,331.07088485643203,44.77233264788759
15 Jul 2026 12:36:00.000000000,6378.029978527614,1793.3013781955356,1846.8523255704697,-2.8239311713054813,4.14733111310739,5.725266042051131,-0.007818752375077209,-0.0022014067305345074,-0.002274437192357991,15.813031372017546,-106.32441522816642,501.3794365646597,6877.958063749147,2.6367041501346025e-06,52.99315028469295,3.5755315483602716,12.225140862014904,7.423521193244158
15 Jul 2026 12:37:00.000000000,6194.6479833009835,2038.0014253676595,2186.0288265896224,-3.2865409911264343,4.006359908177769,5.576459290028566,-0.007592125017598852,-0.002500869493392643,-0.0026908634192943336,18.782174409128462,-104.06423435776243,501.98797374673927,6877.398051791072,0.00010405807001913974,52.991388060665656,3.5746541437745187,160.73269357577044,222.7214324551872
15 Jul 2026 12:38:00.000000000,5983.937118498584,2273.710540623291,2515.5342087090257,-3.734559493449681,3.8477444011640176,5.403014980758351,-0.0073320049276981445,-0.0027891481172648298,-0.0030951846322440735,21.715258405628834,-101.71545987434018,502.64635221557984,6876.764956957846,0.00021268067822450754,52.9893947923404,3.5734651346619555,166.6892130804972,220.5704352174702
15 Jul 2026 12:39:00.000000000,5746.832462837655,2499.390949411229,2833.9130590118984,-4.166011834403953,3.6721932542292337,5.20571238267348,-0.0070395936749471245,-0.0030649775008504175,-0.003485616532152047,24.604696727256073,-99.26037545737215,503.34365436631333,6876.06996392782,0.0003225673874027296,52.98720546953598,3.5719289531836926,172.2440423656872,218.82122334545727
15 Jul 2026 12:40:00.000000000,5484.385339352798,2714.049638514842,3139.759890916642,-4.5789994751077465,3.480489251631525,4.9854357933534805,-0.006716234240760475,-0.003327153915149619,-0.003860444902888842,27.441985291987777,-96.67974138929058,504.0680245998085,6875.325340601739,0.00043241551559520587,52.98485853095941,3.5700161457932333,177.6243144404981,217.24669831236528
15 Jul 2026 12:41:00.000000000,5197.7584876034425,2916.742689810978,3431.725315638344,-4.971708429606408,3.273485466259138,4.74317011299914,-0.006363402897481339,-0.0035745400338585373,-0.004218033006024153,30.21750088576973,-93.95264149701786,504.8068803130189,6874.544220723982,0.0005408442521217537,52.98239518837737,3.567703890274182,182.877846101295,215.79907511503268
15 Jul 2026 12:42:00.000000000,4888.2207558294185,3106.5793753476555,3708.5219352978324,-5.342417010101989,3.052101140643278,4.479995994643913,-0.005982700583710211,-0.003806069409212373,-0.004556828279013773,32.92027406875427,-91.05640892919753,505.547135928012,6873.740371810725,0.0006464177398298839,52.97985870225388,3.5649763965342873,188.02260483541406,214.46041510273824
15 Jul 2026 12:43:00.000000000,4557.141344050421,3282.725997577014,3968.9299334656353,-5.689503042990423,2.817317315822556,4.1970846133535,-0.005575843903558135,-0.0040207503925812575,-0.004875368324760784,35.537739437500846,-87.9666878766295,506.275435780951,6872.927952540962,0.0007476714666273856,52.97729362150185,3.561825184127792,193.06759840873247,213.22173617442007
15 Jul 2026 12:44:00.000000000,4205.983630437317,3444.4094606206204,4211.802341524943,-6.011450536668558,2.5701722411546877,3.8956920969487028,-0.005144655868336539,-0.004217669509213229,-0.0051722861947232305,38.055472092372284,-84.65771503897888,506.9783916134918,6872.12126391088,0.0008431398723218945,52.974745000618036,3.558249231686965,198.01797346661434,212.0779140174052
15 Jul 2026 12:45:00.000000000,3836.2986142932095,3590.920560366217,4436.06996172591,-6.306855789004472,2.3117565972648153,3.577153660179841,-0.004691056493159656,-0.004395994308618842,-0.005446314984392841,40.45692905196481,-81.10293704507522,507.64282041579764,6871.334498517081,0.0009313844632887795,52.972257607864265,3.554254995616987,202.87662088252114,211.02607665436435
15 Jul 2026 12:46:00.000000000,3449.718009369555,3721.616983151633,4640.745930383366,-6.574432928917161,2.043208562618149,3.2428774825935722,-0.004217053350412377,-0.004554975723061351,-0.0056962917754146206,42.72322934678941,-77.27611314593366,508.25597845701844,6870.5814923217695,0.0010110218864133836,52.96987513831631,3.549856297720155,207.64471737507017,210.06506277938743
15 Jul 2026 12:47:00.000000000,3047.9470216359605,3835.9260044564408,4824.929906877166,-6.813018891940426,1.7657087522313994,2.894338368176788,-0.00372473216479223,-0.004693949972095881,-0.005921160967470679,44.833027362861614,-73.15307350233037,508.80578749576523,6869.875483167096,0.0010807514704460862,52.9676394455245,3.545074083656878,212.3218509052455,209.1952963698176
15 Jul 2026 12:48:00.000000000,2632.7568452996857,3933.3468807434915,4987.811876453411,-7.021577834530261,1.4804750543591587,2.5330712217215408,-0.003216247520696694,-0.004812340059199862,-0.006119977055088006,46.76255960639486,-68.71428706521478,509.2810493822815,6869.228880150254,0.001139381792110581,52.96558980521419,3.539936056390876,216.9059300148839,208.41887741216962
15 Jul 2026 12:49:00.000000000,2205.9769105765563,4013.4529290155833,5128.675556764229,-7.199204995439634,1.1887573882206812,2.1606643734833053,-0.0026938137338100463,-0.00490965690969633,-0.006291906910326906,48.48597024399125,-63.94829953959176,509.6716455345827,6868.653047751986,0.0011858558838985997,52.96376222390813,3.534476190986598,221.39293382244895,207.73983202352747
15 Jul 2026 12:50:00.000000000,1769.4869161075665,4075.8932899575493,5246.901399901498,-7.34513001505512,0.8918324028347624,1.778752779924664,-0.0021596959187563324,-0.004985500199169033,-0.006436231634179501,49.976033546704194,-58.85588438473624,509.9687180832498,6868.158108332916,0.0012192747797879877,52.96218880458414,3.528734139119141,225.77649868336175,207.16452595801994
15 Jul 2026 12:51:00.000000000,1325.2086782126503,4120.394371651558,5341.9691832416065,-7.458719724990719,0.5909981340345302,1.3890111244797576,-0.0016162012674717792,-0.005039558922463418,-0.006552348042052219,51.205371711237376,-53.45438382230374,510.16482982621807,6867.752766284683,0.0012389192048455834,52.96089718050255,3.5227545336624373,230.04729835243836,206.70228465680134
15 Jul 2026 12:52:00.000000000,875.097828420486,4146.760971789966,5413.460183751219,-7.5394804205183545,0.28756863388553117,0.9931468384954111,-0.0010656705333957624,-0.0050716117483831985,-0.006639769843920677,52.14819111036538,-47.781257502710446,510.25410050582354,6867.444156748264,0.001244269373226414,52.95991002716517,3.5165862054092942,234.19213369015512,206.36630379503848
15 Jul 2026 12:53:00.000000000,421.13538996383903,4154.87707708866,5461.058931514461,-7.587059627653778,-0.017131415865719,0.592893058989402,-0.0005104697007613947,-0.0050815272004686544,-0.006698128574663981,52.782417625885735,-41.89549826244955,510.23231731071513,6867.237721399373,0.001235023098691937,52.95924466102107,3.510281325571285,238.19259018437273,206.17499204883245
15 Jul 2026 12:54:00.000000000,-34.68073673664559,4144.706339234695,5484.554539149036,-7.6012473750199705,-0.3217720968805778,0.19000153678785012,4.701819654881759e-05,-0.005069263696665266,-0.0067271743213215725,53.091927408073325,-35.87563520236982,510.0970179084642,6867.137113357361,0.0012111128031493444,52.958912732035195,3.5038944889597134,242.0230279153472,206.15398144822305
15 Jul 2026 12:55:00.000000000,-490.3443501303088,4116.29222721819,5483.841604514428,-7.581976978132547,-0.6250236461505603,-0.2137644938920386,0.000604401153391528,-0.005034869471930877,-0.006726776283218286,53.06841899462428,-29.813783457487894,509.84754472707516,6867.144132801333,0.0011727226506358837,52.95892001561147,3.497481753893823,245.647507072106,206.33920220170228
15 Jul 2026 12:56:00.000000000,-943.849556040797,4069.7578563250972,5458.920684718058,-7.52932534067771,-0.9255618401899653,-0.6166374751390075,0.0011592862240737151,-0.004978482397653784,-0.00669692318801952,52.71245775286862,-23.806515019809996,509.48506962259546,6867.258694387459,0.0011203081751706518,52.95926630763568,3.491099655579932,249.0149621145426,206.78170889105388
15 Jul 2026 12:57:00.000000000,-1393.199379703857,4005.305494445348,5409.898339940524,-7.443512773894663,-1.2220733654724891,-1.016852706040589,0.0017092875651190742,-0.004900329701810926,-0.006637723573857126,52.03340038615459,-17.944614701028982,509.0125884931597,6867.478827053839,0.0010546229142788222,52.95994542461091,3.4848042102572205,252.0513991058391,207.55548350482363
15 Jul 2026 12:58:00.000000000,-1836.4143523909108,3923.2157467150387,5336.986746079918,-7.324902331560336,-1.513261168966432,-1.412655536231654,0.0022520345502306093,-0.004800727581629669,-0.006549405931453714,51.048221574669,-12.30427675426169,508.43488582614054,6867.800706284324,0.0009767608077102738,52.96094530902174,3.478649927562486,254.64686014424584,208.77047137422488
15 Jul 2026 12:59:00.000000000,-2271.5410434191153,3823.846419900533,5240.502875710606,-7.173998654539831,-1.7978497818670551,-1.8023085634301332,0.002785180014234855,-0.00468008069133182,-0.006432318687599354,49.77956830987762,-6.941666217132105,507.7584695939096,6868.218718382727,0.000888231992546988,52.96224823822343,3.4726888484986835,256.63288362108943,210.5951212774506
15 Jul 2026 13:00:00.000000000,-2696.6605078871094,3707.6310683855927,5120.867247416429,-6.991446315649154,-2.074590608246116,-2.1840988245179007,0.003306408675836846,-0.004538881477091407,-0.006286929996814385,48.253519507233946,-1.8914291029436539,506.99147734325567,6868.7255557913295,0.0007911090760230523,52.963831133332754,3.466969625949086,257.7422586107382,213.29663139965783
15 Jul 2026 13:01:00.000000000,-3109.896619837039,3575.0772241745017,4978.602244242445,-6.7780276528993895,-2.3422671684099488,-2.5563449673661336,0.003813445777827337,-0.004377709322490023,-0.006113827295306672,46.49749074455184,2.83152783984313,506.14355475319263,6869.312341977903,0.000688325138401251,52.965665962835104,3.461536663973768,257.535795885114,217.31417864931572
15 Jul 2026 13:02:00.000000000,-3509.424259761646,3426.764314004564,4814.330002858582,-6.534660077258628,-2.5997002843567842,-2.9174043875544733,0.004304065969853112,-0.004197229461481372,-0.005913716561913842,44.53856339645784,7.228311357740989,505.2257083625522,6869.968783919566,0.0005843040583438753,52.96772023394636,3.4564293311423957,255.27283583090167,223.38841104643734
15 Jul 2026 13:03:00.000000000,-3893.4773245022047,3263.341267496752,4628.769876081692,-6.262392840054731,-2.845753191956971,-3.2656803105240795,0.0047761024417380645,-0.003998191609824697,-0.005687421221252572,42.4023354554691,11.311679574323637,504.2501345894795,6870.68334973748,0.0004862893620659118,52.969957563208396,3.4516812618915305,249.72690424593893,232.74579220039223
15 Jul 2026 13:04:00.000000000,-4260.356526680029,3085.5238212824033,4422.735472687026,-5.962403245186921,-3.079336561471533,-3.59962879569438,0.005227456296998516,-0.0037814282638680224,-0.005435880620121057,40.112257373283015,15.10196494547464,503.23002757462194,6871.443468589658,0.0004067390328617221,52.97233831638069,3.4473197583568447,239.20797815649888,247.0763357304035
15 Jul 2026 13:05:00.000000000,-4608.436949936724,2894.091525235357,4197.1312799783445,-5.635992292514886,-3.2994134049179777,-3.9177656348352454,0.005656106137064713,-0.0035478526152039253,-0.00516014800633677,37.689349290667394,18.623748997586162,502.179368772428,6872.235749519656,0.0003647515433340203,52.97482030644559,3.4433653034170373,223.0179338475051,267.0781574321936
15 Jul 2026 13:06:00.000000000,-4936.175325500913,2689.8844583171585,3952.948876380315,-5.284579741197901,-3.5050038457286545,-4.218673112722312,0.006060117804660476,-0.003298456030556481,-0.004861387938432562,35.152181968103626,21.9034085280605,501.1127015823018,6873.046215591456,0.0003769292379178164,52.97735953749067,3.439831193722303,204.82456674231466,289.08345555046776
15 Jul 2026 13:07:00.000000000,-5242.116995022228,2473.799663098559,3691.2627433672683,-4.90969858536649,-3.695189723281937,-4.501006594005694,0.006437654217331042,-0.003034305052460433,-0.004540873061871921,32.517019079286406,24.967454219896517,500.0448946451759,6873.860549328159,0.0004394932384976323,52.97991098139076,3.4367232994004286,190.61649382210726,307.1036084643741
15 Jul 2026 13:08:00.000000000,-5524.902524289439,2246.7873097394604,3413.2256883287473,-4.512988939273236,-3.8691190023621593,-4.763500896495775,0.006786985202017132,-0.0027565378820429646,-0.004199980193324397,29.798044248337458,27.84150207303536,498.9908977201896,6874.664345217007,0.0005335605093592767,52.9824293735996,3.4340399549063028,182.12705533765424,319.4052730312567
15 Jul 2026 13:09:00.000000000,-5783.273932447347,2009.846602066117,3120.063892464915,-4.096191334888212,-4.0260099555604105,-5.004976407905216,0.007106497225006505,-0.002466360314380658,-0.003840185665722627,27.007621341490452,30.5497086719232,497.9654942909021,6875.443364858764,0.0006425961305068957,52.98487001398837,3.4317719831608686,177.93971799454275,327.4049814066951
15 Jul 2026 13:10:00.000000000,-6016.08050169989,1764.021440350696,2813.071600467921,-3.6611394416392464,-4.165155085184303,-5.224344900652267,0.007394702899287976,-0.002165041108635556,-0.0034630599013288554,24.156556584489874,33.11452505395885,496.9830552189985,6876.18379022799,0.000756421713973036,52.987189558545154,3.4299028527512565,176.4877475754607,332.6694683772407
15 Jul 2026 13:11:00.000000000,-6222.284133293686,1510.395857423599,2493.605471524152,-3.209752225450077,-4.285924750512764,-5.4206149977840345,0.007650250139325319,-0.001853906786742384,-0.0030702611947880797,21.254345324917086,35.556657485283715,496.05729785621844,6876.872470481577,0.0008689294639405568,52.989346787876165,3.428408965644814,176.74754676993282,336.22233343647093
15 Jul 2026 13:12:00.000000000,-6400.964216842682,1250.0892468062186,2163.078614012055,-2.744025572196473,-4.387770466274484,-5.592897242535087,0.00787193082775565,-0.0015343358685169486,-0.0026635287061778055,18.309395572893262,37.89515526506245,495.20105503237767,6877.497157808746,0.0009761458278369461,52.991303338830136,3.427260070489483,178.11040124665195,338.6722945711921
15 Jul 2026 13:13:00.000000000,-6551.321981811089,984.2514035746715,1822.9543291093478,-2.2660234089247595,-4.470227839112534,-5.740408724581417,0.00805868885682299,-0.0012077525652850766,-0.0022446746830635327,15.329226132062631,40.14757149423029,494.42605825195056,6878.046727959536,0.001075246539766041,52.99302438619085,3.4264197943730275,180.2120390289308,340.3836287001541
15 Jul 2026 13:14:00.000000000,-6672.684302222049,714.0574006199363,1474.739591290333,-1.7778683644058926,-4.5329191105307745,-5.862477217731817,0.008209627407658892,-0.000875619967790371,-0.001815575948671266,12.320640358429397,42.33016196762551,493.74273924894374,6878.511381322234,0.0011640954503998068,52.99447926224355,3.4258462837242827,182.82707462139828,341.58172732093624
15 Jul 2026 13:15:00.000000000,-6764.506928397842,440.70232478133215,1119.978296325646,-1.2817320185508632,-4.575555277401235,-5.958544786618923,0.008324015339658243,-0.0005394327786877352,-0.0013781647132395617,9.289878262469157,44.4581008957593,493.1600537677747,6878.88282073998,0.0012410270909224267,52.995642003102475,3.4254929431612404,185.81050579381537,342.4115994637167
15 Jul 2026 13:16:00.000000000,-6826.377122733909,165.3958989840755,760.2443098246806,-0.7798247976481352,-4.5979377644877,-6.0281708238761205,0.008401292572105881,-0.00020070965226870788,-0.0009344187827339684,6.242750429266723,46.54570134249697,492.68533105881136,6879.154402660122,0.0013047415000437507,52.996491811971445,3.425309259226125,189.06537933451415,342.97020564472564
15 Jul 2026 13:17:00.000000000,-6858.01568013195,-110.642982079038,397.1343515182588,-0.2743855790202659,-4.599959627553857,-6.071034484237092,0.008441074354352601,0.00013901478455792703,-0.00048635125533940353,3.184757483628545,48.60663429382526,492.3241521065036,6879.321258689809,0.0013542518732220451,52.99701343097414,3.425241694467824,192.5244160940493,343.32483250475707
15 Jul 2026 13:18:00.000000000,-6859.278317704854,-386.1917740220446,32.26075231683135,0.2323289256599407,-4.581606270360248,-6.086936487853511,0.008443154341317266,0.0004781981463046256,-3.599981052256762e-05,0.12119882917489681,50.654144115909226,492.08025905522135,6879.380385177908,0.0013888573791011397,52.99719741481092,3.425234635999307,196.1391679956729,343.5239354625873
15 Jul 2026 13:19:00.000000000,-6830.156422658206,-660.0298330512226,-332.7558773595876,0.7380549347245888,-4.542955664097673,-6.0758002717471475,0.008407506410998212,0.0008152986470902883,0.00041458429364625717,-2.9427257034372873,52.701260517872875,491.95549767609924,6879.330699046949,0.0014081276838313259,52.99704030124489,3.425231381707004,199.873342411251,343.60381399155676
15 Jul 2026 13:20:00.000000000,-6770.777151769238,-930.9439643832826,-696.2940284360965,1.2405324317848285,-4.484178063406144,-6.037672475515105,0.00833428518444733,0.0011487835075544212,0.0008633473910465788,-6.001817764933199,54.76100847735371,491.94979404340404,6879.17305874479,0.0014118923375216477,52.99654467526042,3.425175146516692,203.69848596264413,343.59292746645417
15 Jul 2026 13:21:00.000000000,-6681.402880541955,-1197.7339385439616,-1056.7386830697255,1.737515993558061,-4.405535218933441,-5.972722754991696,0.008223825235869685,0.0014771373129237244,0.0013082446174836424,-9.05078247855631,56.84661820135567,492.0611658799661,6878.910249859763,0.0014002314269838368,52.99571912563994,3.4250100708084017,207.59101355226454,343.51486578427523
15 Jul 2026 13:22:00.000000000,-6562.4300048276855,-1459.217945457172,-1412.4886732694665,2.2267855317807257,-4.30737909222864,-5.881242925323728,0.008076639001128665,0.0017988702254379233,0.0017472510306385824,-12.08412703887567,58.97173721735003,492.2857683083517,6878.546935630356,0.0013734655978152727,52.99457809463358,3.4246822129331482,211.52997530790324,343.39058208107934
15 Jul 2026 13:23:00.000000000,-6414.3871023713855,-1714.237956760692,-1761.9639682622412,2.706156872165307,-4.190150084475152,-5.763645442616574,0.00789341342398942,0.002112525958204924,0.0021783725134695508,-15.096052379864853,61.15064612352731,492.61797302853734,6878.089573263389,0.0013321445089669874,52.993141623317634,3.424140508114765,215.49515510245968,343.2402938914825
15 Jul 2026 13:24:00.000000000,-6237.9324662883555,-1961.6649676332713,-2103.6128513837366,3.173492096250592,-4.054374795984594,-5.620461240738509,0.007675005398498179,0.002416689423425664,0.0025996563405900593,-18.08033426752921,63.39847824422515,493.0504792546764,6877.546297637761,0.0012770333921545776,52.99143499711567,3.4233376765500947,219.46517160818655,343.08538179808613
15 Jul 2026 13:25:00.000000000,-6033.851026808176,-2200.404090589014,-2435.918948466827,3.626709576256756,-3.9006633383442537,-5.452336946823648,0.00742243609015238,0.002709993976827159,0.0030092012970692173,-21.030190068480152,65.73144115879167,493.57445410229906,6876.926774599261,0.001209097855924322,52.98948829775513,3.422231064452422,223.41523346359185,342.9506339991769
15 Jul 2026 13:26:00.000000000,-5803.050681642778,-2429.3994751646956,-2757.408071324305,4.063793638580268,-3.729706225487467,-5.260031505279952,0.007136884235975623,0.002991128190565626,0.0034051672513921473,-23.93812743039345,68.16703433813758,494.1796995404538,6876.242026629948,0.0011294875504652062,52.98733586962116,3.420783402947152,227.31406773332543,342.86731762067717
15 Jul 2026 13:27:00.000000000,-5546.5580590826785,-2647.6390290511135,-3066.6548417688186,4.48280379794245,-3.5422708737037847,-5.044412245614385,0.006819678541132988,0.0032588420998061842,0.0037857841001245653,-26.795771331438246,70.72425124147091,494.8548425242774,6875.504234192011,0.001039519973298593,52.98501571001643,3.418963471214814,231.11922025315826,342.8778781847178
15 Jul 2026 13:28:00.000000000,-5265.513741063708,-2854.158918255285,-3362.2890640568253,4.881883511794944,-3.339197743429909,-4.806450433766726,0.0064722892967036556,0.0035119528803852396,0.004149360017290358,-29.59366666770695,73.42374524159698,495.58754451464506,6874.726516489373,0.0009406668806862141,52.98256879420819,3.4167466519910743,234.76922214006248,343.04377296083106
15 Jul 2026 13:29:00.000000000,-4961.166976399827,-3048.0478257645054,-3643.001815907866,5.259268412159408,-3.12139615785551,-4.547216350186815,0.006096319356797556,0.003749349931278803,0.004494288962133616,-32.321055146680834,76.28792543648946,496.3647262775475,6873.922695752011,0.0008345482579483701,52.98003834732575,3.414115369456595,238.1695349138724,343.45952575585693
15 Jul 2026 13:30:00.000000000,-4634.869916604854,-3228.4509504431167,-3907.5512310749937,5.61329398047104,-2.8898398345294503,-4.267873940115199,0.005693494609204019,0.003969999347625925,0.004819057415103869,-34.96562836709441,79.34092943898764,497.17280364267793,6873.107049424075,0.0007229446916970923,52.97746907612824,3.4110594016528797,241.16541053094076,344.27986684564013
15 Jul 2026 13:31:00.000000000,-4288.071408600751,-3394.573730041451,-4154.767949148096,5.942402639106284,-2.6455621665539635,-3.969675082741852,0.005265654076682793,0.00417294778581871,0.005122250332700837,-37.513264481879744,82.60839461578458,497.99792978539176,6872.294054820501,0.0006078545495064068,52.97490637438885,3.4075760618600417,243.48502503625954,345.7765993437774
15 Jul 2026 13:32:00.000000000,-3922.3103799039027,-3545.685274412356,-4383.560211130327,6.245150241292969,-2.3896512894791457,-3.6539535259486957,0.004814739778053092,0.00435732573476037,0.005402556329149008,-39.94776494756668,86.1169173915244,498.82623957709154,6871.49813091096,0.0004916687339554955,52.972395516113984,3.4036702456876005,244.60842416679034,348.46965367601337
15 Jul 2026 13:33:00.000000000,-3539.20885286877,-3681.1214971167524,-4592.918582038339,6.520211948472306,-2.123244968902122,-3.3221185324803275,0.004342786467086744,0.004522350217872188,0.0056587721078167,-42.25062188171891,89.89305608508427,499.64409161818037,6870.733381893696,0.00037769419163505676,52.96998085103311,3.399354343047124,243.43114921278908,353.4634618525756
15 Jul 2026 13:34:00.000000000,-3140.464624850902,-3800.287935730329,-4781.920284601043,6.766387491112155,-1.8475253418185082,-2.9756482813698235,0.0038519113565718423,0.004667326962598171,0.0058898061823287485,-44.40086644069187,93.9617073074152,500.4383037177355,6870.013347137427,0.0002718773547370015,52.967705016747374,3.3946480166767348,237.32308701008202,3.388107665290635
15 Jul 2026 13:35:00.000000000,-2727.843651352746,-3902.662253005381,-4949.733130603271,6.982605814712642,-1.5637135425107094,-2.6160830658916256,0.0033443039161373273,0.004791652079941123,0.006094681936720975,-46.37507381680376,98.34369189860472,501.1963778042741,6869.350761906367,0.00018889473143480777,52.96560818161872,3.3895778511533705,220.00457335600078,24.523223514049043
15 Jul 2026 13:36:00.000000000,-2303.1721688682237,-3987.796412850566,-5095.619038865156,7.167929117665159,-1.2730642409195416,-2.245018325962655,0.002822215815317048,0.004894813302924835,0.0062725400837783385,-48.14762675040681,103.05246133639342,501.9067105316981,6868.757333042038,0.00016331612147279048,52.963727331918115,3.384176878803574,186.9152949053154,61.429088803377454
15 Jul 2026 13:37:00.000000000,-1868.3285936443012,-4055.318526659132,-5218.9371310093875,7.321556291306343,-0.9768601184474069,-1.8640975492082044,0.002287951064044749,0.004976390836199351,0.006422640586885095,-49.69135626467091,108.0900271966068,502.558786173747,6868.243533468787,0.00021066721704599874,52.962095615944754,3.3784839910280344,159.854670462177,92.30624898902104
15 Jul 2026 13:38:00.000000000,-1425.2352318531073,-4104.934366920658,-5319.146398114436,7.442825775037032,-0.6764063030046797,-1.4750050709442346,0.001743856381806412,0.005036057867894585,0.00654436411090655,-50.97866684565784,113.44255782548214,503.1433487675019,6867.818419022357,0.00029206400351237315,52.960741756791656,3.3725432456518973,148.7121169167276,107.26525002098762
15 Jul 2026 13:39:00.000000000,-975.849835840627,-4136.428546260411,-5395.807933049501,7.531217840715551,-0.3730247820390435,-1.0794587993336495,0.0011923118087656239,0.005073580794901842,0.006637213069243125,-51.98318961632386,119.07654360125515,503.65255086334645,6867.489470681949,0.0003810644551372165,52.95968954418802,3.3664030827130844,145.71297002245214,114.08071798129465
15 Jul 2026 13:40:00.000000000,-522.1570402303729,-4149.665361085169,-5448.586724745304,7.586356320751007,-0.06804880938478577,-0.679202888138945,0.0006357215529976927,0.005088819206671926,0.006700812327669648,-52.68187557754704,124.93683819634096,504.0800766565148,6867.26246482599,0.00046846249404551235,52.958957414415465,3.3601154628286123,146.422090468028,117.18775345631312
15 Jul 2026 13:41:00.000000000,-66.15971080836381,-4144.589299876347,-5477.253011886511,7.608009793507893,0.23718268078582128,-0.27600037600383887,7.650505245564336e-05,0.0050817256673820164,0.006734909619807634,-53.057258102133176,130.94793121516608,504.42123770708935,6867.141373635487,0.0005506867282472647,52.95855812570499,3.3537349435449912,149.04666661016998,118.37912927029271
15 Jul 2026 13:42:00.000000000,390.12976166976995,-4121.2252168982905,-5481.683194544096,7.596092237940944,0.541330641769114,0.12837419178709789,-0.0004829117830698328,0.005052345327305642,0.006739375718156625,-53.09944695047063,137.01919937116517,504.6730398960316,6867.128297248277,0.0006260586909536567,52.95849853479802,3.3473177102227587,152.79903125476267,118.44247418542369
15 Jul 2026 13:43:00.000000000,844.6981912558704,-4079.6781727015155,-5461.86030313407,7.550663166984341,0.8430614543577367,0.53214214545993,-0.0010401051946088307,0.005000815385913596,0.0067142043942703955,-52.80736776131329,143.05363028318106,504.83422070998904,6867.223428727703,0.0006937135801290705,52.95877947853581,3.340920578740305,157.29192949042115,117.76500555660846
15 Jul 2026 13:44:00.000000000,1295.540319176305,-4020.1329433343262,-5417.87402483673,7.471927246331972,1.141052430592783,0.9335280648009325,-0.0015926621123618005,0.0049273644181451704,0.006659512187363039,-52.18890370661079,148.95813803163074,504.9052563944964,6867.425052359142,0.0007532323795527563,52.959395762456495,3.3345999878768486,162.31607152267432,116.55597698491157
15 Jul 2026 13:45:00.000000000,1740.6674980836078,-3942.8532006679993,-5349.9202882857435,7.360233402094376,1.4339972731266155,1.3307671338723253,-0.0021381886632116046,0.00483231156586164,0.006575537988201165,-51.259897995927965,154.6528918654335,504.888338961741,6867.729575234622,0.00080448922274399,52.96033625646277,3.3284109992560853,167.7491356137667,114.93767585678513
15 Jul 2026 13:46:00.000000000,2178.116307602613,-3848.180366728399,-5258.300407990546,7.216073417638592,1.720611481871831,1.7221124651110506,-0.0026743186991128385,0.004716065584527012,0.006462642429015318,-50.042298218739994,160.07751658194394,504.7873234831433,6868.131591535426,0.0008475722992064759,52.96158409571305,3.3224063226590195,173.51438624816768,112.98680564119437
15 Jul 2026 13:47:00.000000000,2605.9570704907437,-3736.532145448757,-5143.419790640782,7.04008001694722,1.9996376987728648,2.105842380649063,-0.003198722392917803,0.004579123727239885,0.006321307059165135,-48.56191259443385,165.19330495777146,504.6076465379139,6868.623978383169,0.000882731504661283,52.96311698301663,3.3166353839586824,179.5600326231472,110.75512783772146
15 Jul 2026 13:48:00.000000000,3022.302238483154,-3608.400735844718,-5005.786206207094,6.833024429294175,2.269850980165686,2.480267637044287,-0.0037091149390268115,0.004422070438586371,0.00615213327265277,-46.846242478643646,169.98193220336967,504.3562171237158,6869.1980216072025,0.0009103355758602692,52.96490758721375,3.311143452217857,185.84808122491793,108.28060980794208
15 Jul 2026 13:49:00.000000000,3425.3146164979075,-3464.3507313034524,-4846.00762764269,6.595813428137005,2.5300639843229322,2.8437385772834247,-0.004203265384091446,0.0042455758237823285,0.005955840943395001,-44.92270753456887,174.4419473146106,504.04128176291977,6869.843569276789,0.0009308320879349094,52.96692403032627,3.3059708412887794,192.3479053502097,105.59385562351345
15 Jul 2026 13:50:00.000000000,3813.2153934012285,-3305.0167104866046,-4664.789644043957,6.3294858360361035,2.779132059566625,3.194652191026927,-0.004679005598100001,0.004050393853668783,0.005733266716382389,-42.8173926972512,178.58440688214802,503.6722659539759,6870.5492103785145,0.000944708137309994,52.96913045470453,3.301152200005114,199.03235897854955,102.72199251959486
15 Jul 2026 13:51:00.000000000,4184.291947009938,-3131.1005263056804,-4462.93245337421,6.035208487278901,3.0159582158366596,3.5314590607681797,-0.005134239379552209,0.003837360262662468,0.0054853618971314015,-40.554298792450105,-177.57133379139765,503.2595945177282,6871.302475587958,0.0009524517138875317,52.97148765999626,3.2967159033502766,205.87539745543071,99.69105048802548
15 Jul 2026 13:52:00.000000000,4536.90539052478,-2943.3683005302964,-4241.32744231074,5.714271640793287,3.2394979600132148,3.8526701680425286,-0.005566951670100171,0.003607390096061644,0.005213189879432477,-38.154999211550475,-174.00112361739156,502.8144937672869,6872.0900566976115,0.0009545149963788691,52.97395379855045,3.2926835552715583,212.85069150468595,96.52734848736772
15 Jul 2026 13:53:00.000000000,4869.4978271804575,-2742.64713286034,-4000.9533624518626,5.368083837948945,3.448763972693664,4.156863530227688,-0.005975217836213034,0.003361474864703473,0.0049179230524251695,-35.63858312323465,-170.6786410270665,502.3487787803041,6872.898040927388,0.0009512815178253037,52.97648511686267,3.2890696117111964,219.93096727297228,93.25815456319296
15 Jul 2026 13:54:00.000000000,5180.599279662833,-2529.82153470405,-3742.872114010246,4.998166202947843,3.642830601709529,4.442690635022475,-0.006357212956321982,0.003100679268461988,0.004600839131075389,-33.021777721626,-167.57719658954002,501.87462936612417,6873.712156066131,0.0009430394552556892,52.97903672988367,3.285881130343961,227.08791332064132,89.91177896158162
15 Jul 2026 13:55:00.000000000,5468.834260822324,-2305.8295994599025,-3468.2241502088978,4.606146187667,3.8208381455380884,4.708882636556669,-0.006711221036360418,0.0028261374567583415,0.004263316862211072,-30.319167314792104,-164.67086680928017,501.4043585881625,6874.518022178833,0.0009299632027881052,52.98156341446531,3.283117651210881,234.2925313783492,86.51722341470845
15 Jul 2026 13:56:00.000000000,5732.927952480588,-2071.6589227637232,-3178.223517859126,4.193750767930254,3.9819968980700686,4.9542562744536385,-0.007035644060764518,0.0025390488019511573,0.0039068310671647516,-27.54345311946778,-161.93513170079447,500.9501779140393,6875.301405470435,0.0009121048956308925,52.98402040791526,3.280771210166737,241.51580798475933,83.10350948239409
15 Jul 2026 13:57:00.000000000,5971.711959730055,-1828.3422879179836,-2874.152551996863,3.7627991041235633,4.125590925034845,5.177719475200385,-0.007329010773879099,0.0022406731714256028,0.0035329469946386153,-24.705718966239683,-159.34716831361263,500.52396321395656,6876.048469829162,0.0008893967252451454,52.986364197573714,3.2788264846683446,248.7295734803095,79.69881947493059
15 Jul 2026 13:58:00.000000000,6184.129609109099,-1576.9531335196586,-2557.35624494348,3.3151946856499075,4.2509815418657775,5.378276594010268,-0.007589985077719759,0.0019323256955257446,0.003143313971739839,-21.815683515089223,-156.88591897697023,500.13702590069,6876.746021581771,0.0008616638594030562,52.988553287520446,3.27726106914392,255.90741054272414,76.32958777277906
15 Jul 2026 13:59:00.000000000,6369.240760429209,-1318.6008221207705,-2229.236312683769,2.8529169857479846,4.357610462969221,5.55503325510391,-0.007817373927084958,0.0016153710408740784,0.0027396583573467445,-18.881929762078656,-154.53202005768858,499.7998934964696,6877.381743085527,0.0008286467440200715,52.990548928952876,3.276045874855594,263.0254864284483,73.01966838124171
15 Jul 2026 14:00:00.000000000,6526.226103858358,-1054.4257305237793,-1891.2449839601918,2.378012660429639,4.445002593301343,5.707200749055947,-0.0080101345998143,0.0012912172107822075,0.0023237758178169467,-15.91210888677257,-152.2676497580532,499.52210381505705,6877.944410955224,0.0007900307084007193,52.99231580144729,3.275145647078226,270.0632132016306,69.7896744417212
15 Jul 2026 14:01:00.000000000,6654.390916119119,-785.5941840220264,-1544.8785399120884,1.892586332511045,4.512768434850496,5.83409994759497,-0.008167381225207137,0.0009613089079292126,0.0018975229634437551,-12.913119088441068,-150.07633295504468,499.3120167586937,6878.424094978669,0.0007454802623338519,52.99382263320458,3.274519590291233,277.0036837467528,66.65654190758428
15 Jul 2026 14:02:00.000000000,6753.168252345175,-513.2932584600676,-1191.670634374533,1.3987910086458741,4.560606083079799,5.935164699003517,-0.008288390456684598,0.0006271205059866333,0.0014628083993451003,-9.891261956486003,-147.9427265163992,499.1766474482275,6878.8123341071005,0.000694675315900076,52.995042749477484,3.274122090268556,283.83388059630187,63.6333203581898
15 Jul 2026 14:03:00.000000000,6822.121553218538,-238.72547539805652,-833.1854270417206,0.8988181837034077,4.588302791544462,6.009944671001553,-0.008372606189030341,0.0002901486888603377,0.0010215832616318403,-6.852379798975712,-145.85239861104228,499.12152403253964,6879.102286313876,0.0006373467354510432,52.99595453965619,3.2739035202340006,290.5447044311674,60.72914409907664
15 Jul 2026 14:04:00.000000000,6860.946650451908,36.89658314950194,-471.01056353435325,0.3948876925241452,4.595736086703213,6.058107612635718,-0.00841964323135121,-4.8095174353208926e-05,0.0005758313227876553,-3.8019776618914682,-143.79160899276846,499.150573066594,6879.2888495860325,0.0005733090744210267,52.99654183493057,3.273811116866152,297.1309242261988,57.949281582191354
15 Jul 2026 14:05:00.000000000,6869.47315743058,312.35571297377027,-106.75003794141954,-0.1107626261504056,4.582874419290421,6.079441012127719,-0.008429289866347497,-0.00038609284210784964,0.0001275587629587228,-0.7453337928091789,-141.74709305076743,499.26603481504793,6879.368751843729,0.0005024888656384033,52.99679419002422,3.2737899106692643,303.59124158861,55.29507060531901
15 Jul 2026 14:06:00.000000000,6847.66523582771,586.4355508393774,257.9830254063831,-0.6158873851292602,4.549777343396981,6.073853133716755,-0.008401509244187496,-0.0007223271183091305,-0.00032121628702698734,2.312397793478299,-139.70584983523284,499.4684102426281,6879.340608157115,0.0004249474262448134,52.99670706418195,3.27378369438785,309.92889867604725,52.763309911161066
15 Jul 2026 14:07:00.000000000,6795.621733184078,857.9260340816672,621.5736333640692,-1.1182441527347686,4.49659521948581,6.041373423099413,-0.008336439582839014,-0.001055289789020034,-0.000768474318256889,5.36608910481276,-137.65493276655323,499.7564408089817,6879.204944240427,0.0003408976386557105,52.99628189835626,3.2737360124313657,316.15409486242,50.34384202549434
15 Jul 2026 14:08:00.000000000,6713.575690723071,1125.6288280979084,982.4121906266346,-1.615603933323335,4.4235684428018915,5.982152277942433,-0.00823439316680251,-0.0013834894901405162,-0.0012122050158626023,8.410540854305683,-135.58124100140117,500.1271215111869,6878.964185832467,0.000250714627124423,52.9955260873511,3.273591154006936,322.2933216544608,48.01021783916791
15 Jul 2026 14:09:00.000000000,6601.893224974406,1388.36269343497,1338.901733635141,-2.105761552676492,4.331026203875219,5.896460186924654,-0.008095854162634582,-0.001705459419920953,-0.001650417714829772,11.440382592771025,-133.47130929282955,500.5757469313026,6878.622614211032,0.00015494092273531551,52.99445284751173,3.2732951325667576,328.4373629435188,45.671695857153296
15 Jul 2026 14:10:00.000000000,6461.071791023369,1644.9687647400401,1689.465094177359,-2.586545878219486,4.219384792907021,5.7846862476549505,-0.00792147528687046,-0.0020197648130077504,-0.00208115162612366,14.449966803055107,-131.3110946116915,501.095989367398,6878.186288717473,5.429380299070539e-05,52.99308098236447,3.2727966344748567,335.3449920574542,42.56954465743804
15 Jul 2026 14:11:00.000000000,6291.737839310001,1894.3157146897095,2032.5519559377542,-3.0558298069647654,4.089145464631793,5.647336080418926,-0.007712073388694988,-0.002325010099734513,-0.002502485726894351,17.433253373138914,-129.08575888931946,501.6800074743854,6877.66293777761,5.0440494519639395e-05,52.99143455038141,3.272047920327782,157.45228582922692,224.26772835057682
15 Jul 2026 14:12:00.000000000,6094.643881797968,2135.3047771448123,2366.6457684458687,-3.5115399582372393,3.94089188462276,5.4850291608421795,-0.0074686240247425996,-0.002619845681732649,-0.0029125482172409688,20.3836807574941,-126.77944923373727,502.3185832329545,6877.061820479691,0.00015811400968590293,52.98954244074044,3.2710056632224225,164.27280755415234,221.25272317499457
15 Jul 2026 14:13:00.000000000,5870.664986947058,2366.8746051553667,2690.270484414137,-3.9516660134686368,3.7752871818371294,5.298495600054106,-0.00719225512160859,-0.0029029742653396253,-0.0033095254582668422,23.294020090064095,-124.37508027231944,503.0012845165461,6876.393561298869,0.0002676646371403687,52.98743786454324,3.269631709376336,169.96752847005524,219.3635956004433
15 Jul 2026 14:14:00.000000000,5620.794726211568,2588.0059410147755,3001.9970882884377,-4.374269651452037,3.593070635391977,5.088572405658789,-0.006884239834856496,-0.0031731567057376227,-0.0036916703202874057,26.156208657029204,-121.85412850513326,503.71665005089176,6875.669961030836,0.00037782148790346625,52.985157770414865,3.267893747849713,175.4191124423393,217.7177172635059
15 Jul 2026 14:15:00.000000000,5346.140597651506,2797.7260773463327,3300.449885975857,-4.77749303431216,3.3950540260087694,4.85619926061294,-0.006545988721616487,-0.0034292173266725593,-0.00405730988527848,28.961159692614235,-119.19645659268822,504.45239316808824,6874.90378740389,0.0004872333870769207,52.982742194715385,3.2657658777048404,180.72546773135616,216.21721286348298
15 Jul 2026 14:16:00.000000000,5047.918954773795,2995.113090032743,3584.3125279397213,-5.159566806615379,3.1821176843066015,4.602413859997132,-0.006179041351758904,-0.003670048694488035,-0.004404852465293196,31.69854678005654,-116.38019749421242,505.1956204531457,6874.108549175402,0.00059448296142595,52.980233557723444,3.263229062749384,185.91560908102593,214.83309778375857
15 Jul 2026 14:17:00.000000000,4727.449470688252,3179.299825820401,3852.333740389239,-5.518817577657571,2.9552062689916396,4.328346847423351,-0.00578505748250643,-0.003894615837844948,-0.004732793915493351,34.35656377694719,-113.381745626471,505.9330611698096,6873.298257777231,0.0006981119550755737,52.97767591808492,3.2602714659354133,191.0023484325224,213.55258713914728
15 Jul 2026 14:18:00.000000000,4386.149169292917,3349.477629374248,4103.332741754191,-5.853674864347881,2.7153243081608487,4.035216393636522,-0.005365807918515202,-0.004101959916735448,-0.005039723236783001,36.92166594836081,-110.17592585809348,506.6513032322681,6872.487180755634,0.000796648390634308,52.975114198542045,3.256888657570148,195.99262146946378,212.36876904547933
15 Jul 2026 14:19:00.000000000,4025.5260563632232,3504.899796541644,4336.2043241862475,-6.162677479316028,2.463531536341308,3.724322459656068,-0.004923165174910097,-0.004291201357143456,-0.005324327480438153,39.378305985205316,-106.73644126118181,507.33703145804526,6871.689591351802,0.0008886345314793711,52.9725933964575,3.253083693728077,200.89042277847224,211.27766932927298
15 Jul 2026 14:20:00.000000000,3647.172384075057,3644.8847425349786,4549.923582394991,-6.444479355655484,2.200938058560086,3.3970407855736573,-0.004459094049877803,-0.004461542478240171,-0.00558539598195274,41.708691106642895,-103.03673434587377,507.97726388867505,6870.919518591672,0.0009726550415107185,52.97015779291192,3.2488670634364274,205.6977922555082,210.2772650487005
15 Jul 2026 14:21:00.000000000,3252.757582942618,3768.8188755155916,4743.550274462246,-6.69785480562822,1.9286993709434743,3.0548166442153555,-0.003975642199471005,-0.004612269646882793,-0.005821823962950502,43.89260560178252,-99.05142530036402,508.5595820906677,6870.19050220073,0.0010473648258525743,52.96785017418579,3.2442565055511987,210.41512892453898,209.36717065868166
15 Jul 2026 14:22:00.000000000,2844.02089507182,3876.159167803762,4916.232801630136,-6.921703215908667,1.6480112649395673,2.6991583960884014,-0.0034749307931842646,-0.004742755002376302,-0.006032615552099002,45.90736693015078,-94.75849551524348,509.0723515415148,6869.515356534602,0.0011115160860998546,52.965711079225976,3.239276698448865,215.04120564305873,208.5486233450548
15 Jul 2026 14:23:00.000000000,2422.76374239833,3966.4354184645745,5067.211796125693,-7.115053186061182,1.3601046395855643,2.3316308788096505,-0.0029591453104417507,-0.004852457798686648,-0.006216886283030307,47.72800988847165,-90.14233209199011,509.5049284536471,6868.905947525145,0.0011639841770441294,52.963778086256426,3.2339588279147478,219.57300146623516,207.824650754033
15 Jul 2026 14:24:00.000000000,1990.8418630731594,4039.252202401619,5195.823307992808,-7.277066120032641,1.0662402433188003,1.9538486605572192,-0.002430526519704049,-0.004940925413627678,-0.006373865131953633,49.32781379305723,-85.19759340737869,509.84784968417233,6868.37298638988,0.0012037919202528189,52.96208515102309,3.2283400406667275,224.00537533521992,207.20039744863766
15 Jul 2026 14:25:00.000000000,1550.157248503103,4094.290502295189,5301.501583572596,-7.407039282382777,0.7677033638239973,1.5674691832499046,-0.001891361662965458,-0.005007794075340401,-0.006502896160143163,50.679285658740845,-79.9335570135961,510.09300271030594,6867.925843546543,0.0012301321227969186,52.9606620082773,3.222462793036258,228.33055747760704,206.6836337004825
15 Jul 2026 14:26:00.000000000,1102.6499128231849,4131.309020739819,5383.78142971156,-7.50440833177675,0.4657984814880742,1.174185817317372,-0.0013439758492696584,-0.005052789352573241,-0.006603439823012162,51.75566496505668,-74.37817964726368,510.23377301121724,6867.572385819906,0.0012423881808773965,52.95953364701558,3.2163741060778457,232.53739621021066,206.28550892229208
15 Jul 2026 14:27:00.000000000,650.2895258199744,4150.145170791936,5442.300158987076,-7.568749343985534,0.16184389929760098,0.7757208462649187,-0.000790723644349304,-0.005075726452775514,-0.006675074005428302,52.53290337700478,-68.58066083528001,510.26516657951385,6867.318839632855,0.0012401528420690109,52.95871986872345,3.2101247400757265,236.61024984603347,206.0216600341263
15 Jul 2026 14:28:00.000000000,195.06693961563948,4150.715743836362,5476.799112236714,-7.599780335365032,-0.14283364038400365,0.373818395935473,-0.00023398082720529667,-0.00507651036450952,-0.006717494834170739,52.991901238394185,-62.611129326987594,510.18390568333086,6867.169682442446,0.0012232455009709806,52.958234936437535,3.203768302801133,240.52733978318176,205.9138586797897
15 Jul 2026 14:29:00.000000000,-261.01436118658836,4133.017254249047,5487.124755487244,-7.597362295652441,-0.4469043436894731,-0.029762679407684848,0.0003238637283632879,-0.005055135872207038,-0.006730517308125929,53.120604543395814,-56.556485610148286,509.9884964089378,6867.1275642224355,0.0011917288961142134,52.95808732086995,3.197360307091752,244.2582571114189,205.9925049514343
15 Jul 2026 14:30:00.000000000,-715.9468566541234,4097.125960798071,5473.2293490371485,-7.561499736098086,-0.7490407507318136,-0.43325594418339725,0.0008804160988740948,-0.00501168746175879,-0.006714075774801416,52.915477734365595,-50.51253246480224,509.67926692982417,6867.193260310058,0.0011459269299944539,52.95827954815529,3.1909571942003154,247.76009674694205,206.30049360508903
15 Jul 2026 14:31:00.000000000,-1167.7276070028538,4043.197565122633,5435.171186995083,-7.4923407556444745,-1.0479231124967425,-0.8348945531504244,0.0014332853408558935,-0.0049463391274533995,-0.006668224271535613,52.3819563150422,-44.57392574178033,509.2583758697422,6867.36565643572,0.0010864468973215409,52.95880815201447,3.1846153399951382,250.9712935550264,206.8993783004723
15 Jul 2026 14:32:00.000000000,-1614.3668574977517,3971.4665879950944,5373.11440606591,-7.390176624291893,-1.3422447531447046,-1.2329184395294708,0.0019800915658036693,-0.004859354076320001,-0.006593136730693447,51.53374932138924,-38.824413694347236,508.7297905522668,6867.641766241155,0.001014212429191362,52.95966373130936,3.1783900614361325,253.80147960355637,207.87951471493352
15 Jul 2026 14:33:00.000000000,-2053.8966037182904,3882.245424442523,5287.328362856171,-7.255440879185938,-1.6307174112758434,-1.625581511168719,0.002518474118967693,-0.004751084316967432,-0.0064891070359678225,50.39119088415764,-33.3297050400522,508.09923535697527,6868.016781073811,0.0009305196262802427,52.960831112120005,3.172334640782535,256.1142141311201,209.37733094067448
15 Jul 2026 14:34:00.000000000,-2484.37908775793,3775.9230792223234,5178.18657949745,-7.088707925565862,-1.9120765526258836,-2.0111588451388043,0.0030460999160601275,-0.0046219701115376086,-0.006356548905223404,48.97907334971863,-28.134198846313904,507.3741108319005,6868.484151325807,0.0008371420964337201,52.962289611643726,3.166499384692809,257.69654755120325,211.6057638366148
15 Jul 2026 14:35:00.000000000,-2903.915195368479,3652.9635846446067,5046.165258008855,-6.89069113175127,-2.1850866449979627,-2.387953869136214,0.0035606719820079884,-0.004472539256520167,-0.006195995557427901,47.32444002683829,-23.261417133438883,506.56338464149655,6869.0356980718725,0.0007365403483955768,52.96401339942327,3.1609307348333706,258.2038470201527,214.90943380037373
15 Jul 2026 14:36:00.000000000,-3310.6527233326497,3513.9041033487233,4891.841364587758,-6.662240405036169,-2.448546384045561,-2.7543055153266938,0.004059938223006329,-0.004303406152325193,-0.006008099112426626,45.454698555965,-18.717019873925477,505.67745585772957,6869.661753257966,0.000632299139280567,52.96597194969307,3.1556704457110514,257.0594816234211,219.86495989934414
15 Jul 2026 14:37:00.000000000,-3702.7944855066025,3359.352719398279,4715.890285973566,-6.404339233891832,-2.7012938559183275,-3.1085953288880748,0.004541700449621936,-0.004115270616739072,-0.005793629664991249,43.39623211403012,-14.493019298006354,504.72799452578346,6870.351326207397,0.0005300626910196775,52.96813057701622,3.1507548443316002,253.28785150171052,227.44793103316655
15 Jul 2026 14:38:00.000000000,-4078.606225074194,3189.985921981162,4519.083061204165,-6.118101181409944,-2.942211619871476,-3.449254509666468,0.0050038236483973654,-0.003908916390302517,-0.005553473963670371,41.17352459372139,-10.572070701579092,503.72775885107495,6871.092293751297,0.0004394276625333025,52.970451045900624,3.146214184864445,245.35771773215606,239.18957630698148
15 Jul 2026 14:39:00.000000000,-4436.42429965729,3006.5457871029,4302.283193504023,-5.804765815562579,-3.170231690857326,-3.7747708612042206,0.005444245481486756,-0.0036852092820147536,-0.0052886336242185,38.808718771068584,-6.931172412093503,502.69039275543867,6871.871610862792,0.00037653805153435116,52.97289224375674,3.1420721098548827,231.7096630759437,256.6493044992594
15 Jul 2026 14:40:00.000000000,-4774.663105100361,2809.836863952078,4066.443048720698,-5.465694063691677,-3.3843403990037078,-4.083695617120104,0.005860985973685085,-0.003445094904493571,-0.005000222806945801,36.32149112458874,-3.5445154919872155,501.63020693020405,6872.67553828734,0.0003615990244782989,52.97541090541679,3.1383452276579007,213.5723940603882,278.5984021521118
15 Jul 2026 14:41:00.000000000,-5091.822203076103,2600.7227740848475,3812.599848659529,-5.102362981681708,-3.583583099899921,-4.374650110626894,0.0062521573268686115,-0.0031895959509071936,-0.004689465290245889,33.72913173004701,-0.38548901952119907,500.561946863942,6873.489883322539,0.00040207853785251843,52.977962376494425,3.1350428137758084,196.80256418284827,299.1802104934926
15 Jul 2026 14:42:00.000000000,-5386.493117200628,2380.122533221805,3541.871269845719,-4.716359932500235,-3.767068706886378,-4.646332249052954,0.006615973778841054,-0.0029198089698622433,-0.004357690876189277,31.0467404904542,2.5720245483119024,499.5005516334284,6874.3002496190975,0.0004837083156891084,52.980501402146956,3.13216664156674,185.62516380294105,314.16973562251997
15 Jul 2026 14:43:00.000000000,-5657.365762178143,2149.006607246086,3255.4506606482214,-4.309376174131704,-3.9339740142385806,-4.897522751787312,0.006950761412633467,-0.0026369006063012017,-0.004006331079084572,28.287477239614933,5.352893174989771,498.4609075071507,6875.0922916571435,0.000587310992318895,52.98298292731817,3.129710945552599,179.6063784779754,324.0007902015841
15 Jul 2026 14:44:00.000000000,-5903.234470684054,1908.3927159121235,2954.6018922847634,-3.8831998632504727,-4.083547778370623,-5.127091107286136,0.007254967800668982,-0.002342103282632062,-0.0036369140547105787,25.46282588427483,7.980359862776137,497.45760061064374,6875.851969406267,0.0006998183377849004,52.98536289430347,3.1276625181565842,177.02173484372224,330.39784755274513
15 Jul 2026 14:45:00.000000000,-6123.003583285986,1659.3413997773773,2640.653861962118,-3.439708488121537,-4.21511452307984,-5.334001202805937,0.007527171359450992,-0.002036710308132614,-0.0032510587457570276,22.582849596808913,10.475920855874653,496.50467303140357,6876.565798610804,0.0008135027230846624,52.987599023490745,3.126000938416365,176.57602349400466,334.65611870548486
15 Jul 2026 14:46:00.000000000,-6315.692567742203,1402.9513679288816,2314.9946692234184,-2.9808607519772585,-4.3280780344881356,-5.517316579516089,0.00776609028227584,-0.001722070417775854,-0.0028504682357711497,19.656425478167865,12.859363661516896,495.61538678831147,6877.22109215846,0.0009235603029830123,52.9896515633969,3.124698928786012,177.48394055890907,337.5609106975462
15 Jul 2026 14:47:00.000000000,-6480.440635539584,1140.3546461223875,1979.065489419336,-2.5086879362509378,-4.421924511792672,-5.676205265683104,0.007970590912621596,-0.001399581754900973,-0.002436922321397656,16.691454285287694,15.148899899338984,494.8020000480486,6877.8061880936575,0.001026713260201273,52.991483996633086,3.1237228339098784,179.2808895414476,339.5768245715255
15 Jul 2026 14:48:00.000000000,-6616.510825544513,872.7115469583212,1634.3541710286129,-2.0252847813156847,-4.496225341235548,-5.809944141776796,0.008139695420224262,-0.001070685326494835,-0.0020122693315450958,13.695045030289409,17.361350156701583,494.07555983302046,6878.310660029944,0.0011205458687194927,52.99306368918538,3.1230332130212215,181.68485155325806,340.98588493000346
15 Jul 2026 14:49:00.000000000,-6723.293527148623,601.2054856095493,1282.3885862526433,-1.5327999304926092,-4.55063946285909,-5.917922793650394,0.00827258864648299,-0.0007368579741266649,-0.0015784172415182459,10.6736765482661,19.51235400536477,493.445715228703,6878.725505996341,0.0012031949396576697,52.99436247138164,3.1225855356295997,184.51798234169325,341.9659426611102
15 Jul 2026 14:50:00.000000000,-6800.309418269655,327.037666372515,924.7297668383669,-1.0334259908164694,-4.584915302588815,-5.999646813371196,0.008368623998438109,-0.00039960491731653243,-0.0011373241491824063,7.63333924570299,21.616589342044715,492.9205547628863,6879.043312118087,0.0012732023266045186,52.99535714010813,3.1223309682129146,187.66363045016757,342.6336564976334
15 Jul 2026 14:51:00.000000000,-6847.211796995571,51.42166684222165,562.9648593700925,-0.5293892710838599,-4.598892245939776,-6.05474051177068,0.008427328277998572,-6.0451937372653064e-05,-0.0006909881956022477,4.579660685038786,23.687992543790866,492.5064711997995,6879.258387978472,0.0013294426565302368,52.996029873225844,3.1222172380948283,191.0423307470295,343.0684991800879
15 Jul 2026 14:52:00.000000000,-6863.788289477437,-224.42205217202599,198.6999362603756,-0.022939263865391846,-4.592501634067514,-6.08294901224073,0.008448405353118213,0.0002790627190799888,-0.00024143702900773946,1.5180187526222526,25.73997566585837,492.208056475274,6879.3668710254515,0.0013710867096027462,52.9963685486885,3.1221895591280013,194.59792152120042,343.3266400317567
15 Jul 2026 14:53:00.000000000,-6849.961920833403,-499.271681876228,-166.4472996909395,0.48366205681769386,-4.565767267889293,-6.084139701592815,0.008431738600211694,0.0006173966293534106,0.00020928307674735624,-1.5463539070846546,27.785639872819875,492.0280289070525,6879.366797965648,0.0013975816473285605,52.996366962555875,3.1221916028321965,198.28918372671328,343.44930537026926
15 Jul 2026 14:54:00.000000000,-6805.791540243807,-771.9096160369368,-530.8548780610017,0.9881510467016458,-4.518805411433085,-6.058303020754462,0.008377392064444066,0.0009530115835932884,0.0006591183290682334,-4.608270613867008,29.83798605291274,491.96719416180485,6879.258141716769,0.001408638731770724,52.9960249418968,3.1221664976549826,202.0845723412013,343.46804679771384
15 Jul 2026 14:55:00.000000000,-6731.471596017452,-1041.1279866622735,-892.9039509723393,1.4882732336078768,-4.4518242912901265,-6.005552585509841,0.008285610311578701,0.0012843819761838504,0.001106018621814619,-7.662493036275421,31.9101244866172,492.0244407646554,6879.042813152034,0.001404223689926715,52.99534835045551,3.1220578386095084,205.95870961661694,343.4082475982654
15 Jul 2026 14:56:00.000000000,-6627.331261106346,-1305.734154603421,-1250.9861703845727,1.9817941122832705,-4.365123094886904,-5.92612463519143,0.008156816973588143,0.0016100031026362997,0.0015479487096121377,-10.703631771966068,34.015485724510036,492.1967702181791,6878.724627553795,0.001384547160914868,52.99434898687391,3.121810689182964,209.88987242748638,343.29163504532687
15 Jul 2026 14:57:00.000000000,-6493.832914244962,-1564.5561252199493,-1603.5110123334566,2.466509813863507,-4.259090476082177,-5.8203768149783475,0.007991612009357775,0.0019283992666072431,0.00198289922298407,-13.72604162142586,36.16803453945313,492.47936107610036,6878.30923637943,0.0013500539013199524,52.993044377192355,3.121372557702625,213.85799143189107,343.13828091025687
15 Jul 2026 14:58:00.000000000,-6331.569986506144,-1816.4478599135543,-1948.9130085016573,2.9402575742587573,-4.134202582174747,-5.6887863050335135,0.0077907677303663886,0.0022381316066434854,0.0024088974005149577,-16.723707962056256,38.382487886983235,492.8656656140931,6877.804025617556,0.001301410160666999,52.99145746525291,3.120694330638398,217.8428107682951,342.9684414566238
15 Jul 2026 14:59:00.000000000,-6141.2641875073305,-2060.2944553463417,-2285.6588465065197,3.4009259293881646,-3.991020621616732,-5.531947316903661,0.00755522366385982,0.0025378055599906833,0.002824017422732374,-19.690120516783796,40.674536028874556,493.3475370748331,6877.217982657325,0.0012394891467516305,52.989616206467524,3.1197311461438013,221.82188429300618,342.80456092190127
15 Jul 2026 15:00:00.000000000,-5923.762129690221,-2295.0171634598064,-2612.2543017068992,3.8464645701082283,-3.8301879964243986,-5.350567984214416,0.007286080346204429,0.0028260778906113466,0.0032263902440621,-22.618130741400236,43.06106297545094,493.9153848568107,6876.5615341975235,0.0011653549447941144,52.987553072157034,3.1184431921582396,225.76801289756037,342.6738339535488
15 Jul 2026 15:01:00.000000000,-5680.031372941108,-2519.578226997748,-2927.2509651402343,4.274893795754519,-3.6524270273232244,-5.1454666805277665,0.006984592152429511,0.0031016632188622,0.0036142128315171575,-25.499789144628853,45.56035760228043,494.5583544801017,6875.846358266552,0.0010802457847499955,52.98530447328138,3.116796414791472,229.6455149564306,342.6119349549359
15 Jul 2026 15:02:00.000000000,-5411.155915333179,-2732.985506979493,-3229.252734257692,4.6843135120938975,-3.4585353030167263,-4.917567802203231,0.006652159288621065,0.0033633400053094853,0.003985756737676433,-28.326159302556675,48.1922993629405,495.2645287114461,6875.08517390362,0.0009855583979384369,52.98291011383803,3.1147631242755205,233.40424414229906,342.66900010831426
15 Jul 2026 15:03:00.000000000,-5118.331158722415,-2934.2968806181934,-3516.922035627729,5.072911727283264,-3.249381687421329,-4.667897057951381,0.006290319075977292,0.003609955953329653,0.004339375950870555,-31.087106462740955,50.97849134720679,496.02114587298655,6874.291512450057,0.0008828368594797312,52.98041228547586,3.11232248758026,236.96921224439123,342.9200044443685
15 Jul 2026 15:04:00.000000000,-4802.858380579053,-3122.624390184043,-3788.9857512349345,5.438972507314433,-3.025902020432793,-4.397576309668148,0.005900736664174243,0.0038404328103832596,0.004673513985620943,-33.77106096118605,53.94229720543455,496.81483109987926,6873.479474716595,0.0007737730271384618,52.97785511593508,3.109460898919715,240.2212260639367,343.484124886835
15 Jul 2026 15:05:00.000000000,-4466.138745443329,-3297.1381255361794,-4044.240822831144,5.780883360764923,-2.789094548552158,-4.107818010773185,0.00548519530935675,0.004053770561102833,0.004986710193704144,-36.364760965772575,57.1087159419041,497.63183615188706,6872.663478517319,0.0006602350146157198,52.97528378475622,3.1061722214347443,242.95783863336294,344.5637890283565
15 Jul 2026 15:06:00.000000000,-4109.666891002627,-3457.069825216521,-4281.559511550839,6.097142030718225,-2.5400151216804514,-3.799919288881244,0.005045586351836147,0.0042490510209298345,0.00527760529729272,-38.85298636688406,60.503999354012414,498.45828332214023,6871.858001197668,0.0005443664243371938,52.97274372029171,3.1024578958173903,244.8072216706075,346.5308027273639
15 Jul 2026 15:07:00.000000000,-3735.024124816081,-3601.7161831833278,-4499.894292866115,6.386362679509949,-2.2797721915358857,-3.475255719073311,0.004583899015804104,0.004425440849384306,0.005544946160180518,-41.218307257012356,64.1548829513989,499.2804090155914,6871.077321826733,0.00042888355071555694,52.970279792387565,3.098326913878084,245.01712784515948,350.1373879503823
15 Jul 2026 15:08:00.000000000,-3343.8712685313476,-3730.4418502829526,-4698.282369588551,6.647281458928398,-2.009521645743973,-3.1352748327129953,0.004102210142593562,0.004582194012143715,0.005787589827453364,-43.440887594747856,68.087269777398,500.08480268389707,6870.335267681542,0.0003180125572295816,52.9679355151772,3.0937956576182324,241.87684600562525,357.09422770802377
15 Jul 2026 15:09:00.000000000,-2937.941186430629,-3842.682121647089,-4875.8497884381495,6.878761465041311,-1.7304615093751614,-2.7814894042071754,0.003602673958377142,0.004718653734588514,0.006004506882767304,-45.498407664829834,72.32419445325202,500.8586369930535,6869.644969521661,0.00022081192398652692,52.96575227424019,3.08888760667975,231.0939052745858,11.693762178680723
15 Jul 2026 15:10:00.000000000,-2519.0310352409083,-3937.945302943787,-5031.81514802406,7.079797081963803,-1.443826543269712,-2.4154705552722118,0.0030875119530192866,0.004834253990282449,0.0061947841752941915,-47.3661955977945,76.88293266355971,501.5898853537379,6869.018629947146,0.00016184196241446645,52.963768591932386,3.0836329195179153,204.4506802658477,42.15358376120233
15 Jul 2026 15:11:00.000000000,-2088.9942716250944,-4015.814750129255,-5165.49288844141,7.249517723235231,-1.1508827655139415,-2.03884071261799,0.0025590029322279505,0.004928520575165292,0.006357626979329519,-49.01768118060869,81.77125385851865,502.2675232521593,6868.467308854603,0.0001774487140016717,52.962019443997136,3.0780678958109253,170.25080062530233,80.17002785205294
15 Jul 2026 15:12:00.000000000,-1649.732453173806,-4075.9505788230786,-5276.296154714472,7.387190982521521,-0.8529219193686405,-1.6532664511190218,0.0020194732851080478,0.005001071820912064,0.00649236065464244,-50.425289436001954,86.98308679646037,502.8817101703457,6868.0007296656095,0.000248171679127348,52.96053563963377,3.072234329814646,152.2494957509483,101.9878284868167
15 Jul 2026 15:13:00.000000000,-1203.1868679334789,-4118.091040730317,-5363.7392281302655,7.492225207255317,-0.5512559078433408,-1.260451250534017,0.0014712874874605914,0.005051618997128108,0.006598431872260827,-51.561854463945785,92.4942834504885,503.42394926911277,6867.627109605593,0.00033555636631032673,52.95934327604706,3.0661787662696014,146.28775199256563,111.76596154023035
15 Jul 2026 15:14:00.000000000,-751.3300266429483,-4142.053565651934,-5427.439521072383,7.564171509560436,-0.24721121211603675,-0.8621281899059856,0.0009168388439490334,0.005079966450307026,0.006675409469403163,-52.40253398736371,98.25962706731164,503.8872224159068,6867.35301686839,0.00042433459398326194,52.95846327715142,3.0599516722523115,145.65692397750587,116.21303383223132
15 Jul 2026 15:15:00.000000000,-296.15705098618895,-4147.735468566369,-5467.119132296516,7.6027252284598354,0.05787669172451925,-0.460052600111122,0.00035854045545208644,0.005086011523490439,0.0067229849931403195,-52.92704049481779,104.21248471108458,504.26609856590346,6867.183257021507,0.0005091705554023532,52.95791102458147,3.0536065398105188,147.58454248473137,118.10147571119903
15 Jul 2026 15:16:00.000000000,160.32300965208046,-4135.114322056656,-5482.605960709056,7.607726856068222,0.3626689054899505,-0.055994691792534926,-0.0002011836178894345,0.005069744291176406,0.006740972981065991,-53.12181907356434,110.2682204915137,504.5568139418458,6867.120790496465,0.0005877710663467903,52.95769608749442,3.047198935454791,150.92656188942527,118.57529408490144
15 Jul 2026 15:17:00.000000000,616.0959011536847,-4104.247995020829,-5473.834376648171,7.579162438380623,0.665828661002619,0.34826782673098283,-0.0007599070382091696,0.00503124713518342,0.0067293110161905844,-52.98168683820648,116.33149328790856,504.75732290162404,6867.166682476315,0.0006589919747243163,52.95782205586979,3.040785513511315,155.15202104980455,118.16541201997408
15 Jul 2026 15:18:00.000000000,1069.1508961428572,-4055.274359171392,-5440.845450463584,7.517163458585926,0.9660268425595087,0.7509571289311527,-0.0013152097643533687,0.004970694179672382,0.0066880595838207674,-52.51050090477562,122.30614897439258,504.86731882899056,6867.32008594688,0.0007222531581436109,52.95828648015352,3.034423010956403,159.9868056822543,117.14590685600828
15 Jul 2026 15:19:00.000000000,1517.4895031439828,-3988.410665338593,-5383.786738893846,7.422006207779019,1.2619474715078396,1.1503026354217443,-0.0018646865721001216,0.004888350591427814,0.00661740174235063,-51.720663256060824,128.10531785322962,504.888224829847,6867.578258124711,0.0007773188732356308,52.95908091818611,3.028167241640993,165.27660300926527,115.67105604188704
15 Jul 2026 15:20:00.000000000,1959.1341227841206,-3903.952592078345,-5302.911630397532,7.294110644750875,1.5522931447659363,1.5445483540302833,-0.0024059555734889148,0.004784571741062712,0.006517642605932725,-50.63160497525985,133.65923656951549,504.82315446186,6867.936609922842,0.0008241956098088983,52.960191088438556,3.0220721078065775,170.92783634596356,113.83440302070863
15 Jul 2026 15:21:00.000000000,2392.1366204012797,-3802.272969587553,-5198.578251259815,7.134038743439655,1.83579041857813,1.931960182919102,-0.0029366667838464865,0.004659802209904407,0.006389208622125872,-49.26765711323669,138.91929130297294,504.6768431678227,6868.388787569669,0.0008630714832448598,52.96159712668349,3.016188646430457,176.87950350886848,111.6969192719881
15 Jul 2026 15:22:00.000000000,2814.586784233048,-3683.820182483149,-5071.247935020065,6.942492323860594,2.111195127667637,2.310833163774018,-0.0034545107797350058,0.004514574622105187,0.006232646620176311,-47.65579812032025,143.85819899251663,504.45555152122387,6868.926784965278,0.0008942705625668206,52.963273941394235,3.010564127296662,183.08853505047324,109.30164650014241
15 Jul 2026 15:23:00.000000000,3224.620638025615,-3549.11625563832,-4921.483258594688,6.720310360110994,2.3772976283132103,2.6794986700470327,-0.003957227478386607,0.004349508268148535,0.0060486225869537365,-45.823672925912085,148.46733408908116,504.16694182366473,6869.541084848311,0.0009182120531215707,52.965191661415716,3.0052412187307396,189.52160369113497,106.68188759083269
15 Jul 2026 15:24:00.000000000,3620.4285764519195,-3398.754628020069,-4749.945649445227,6.468465757560573,2.6329279518090476,3.0363315125862997,-0.004442615055693378,0.004165307482702967,0.0058379201222497285,-43.79809685805214,152.7526002091172,503.8199300156926,6870.220826363474,0.0009353706702503268,52.96731616782614,3.0002572356898005,196.15027595937806,103.866055317672
15 Jul 2026 15:25:00.000000000,4000.263291211593,-3233.397620359323,-4557.392569298472,6.188061590745086,2.876960852384876,3.379756941851045,-0.004908539005986973,0.003962759736954391,0.005601438520512679,-41.60408550675153,156.73005385811896,503.4245152707126,6870.9539961701,0.0009462374633704493,52.96960970043196,2.9956434833907197,202.94805638829882,100.88062844586744
15 Jul 2026 15:26:00.000000000,4362.4474551735875,-3053.7736035167727,-4344.674281284606,5.880326793892497,3.108320731101873,3.708257522459212,-0.005352941326223891,0.0037427333997506907,0.005340190416980153,-39.26434082819196,160.42203896009548,502.9915900311736,6871.727639824258,0.0009512819111023177,52.972031528037014,2.991424707977918,209.88862012242407,97.75191937348457
15 Jul 2026 15:27:00.000000000,4705.381131461926,-2860.6738756025666,-4112.730208935873,5.546611297507394,3.325986414613383,4.020379852223684,-0.005773849790215734,0.003506175124804248,0.005055298938885166,-36.79907827583592,163.85415800505467,502.53273361060195,6872.5280898067185,0.0009509170208435931,52.97453867052382,2.987618663749352,216.9448778321819,94.50700940906435
15 Jul 2026 15:28:00.000000000,5027.5488740571245,-2654.949257252262,-3862.584897284349,5.188380607037593,3.5289957651557957,4.3147410942881095,-0.00616938726197808,0.003254106824519816,0.004747994305910628,-34.22607925844953,167.0531098623935,502.0599928165183,6873.3412062635425,0.0009454696415612983,52.97708665989624,2.9842358044352677,224.08867552726474,91.17404909109504
15 Jul 2026 15:29:00.000000000,5327.526486348192,-2437.5064159590415,-3595.3435882993003,4.807209823329248,3.7164500958302433,4.590035287671632,-0.006537780976808857,0.0029876221936272567,0.004419609826073277,-31.560874534586972,170.0452726244861,501.58565333922496,6874.152626282562,0.00093515826818362,52.97963032677657,2.9812791037331348,231.29099336756448,87.78205944843104
15 Jul 2026 15:30:00.000000000,5603.987404197515,-2209.303931972384,-3312.1874250922165,4.4047771092562495,3.887518363314497,4.845039398651207,-0.006877371702302013,0.0027078827537650803,0.004071577242908068,-28.816990912848667,172.85586041703382,501.1220058904275,6874.948017352092,0.0009200802751488011,52.982124598433366,2.9787440081148047,238.52251926597012,84.36035840616196
15 Jul 2026 15:31:00.000000000,5855.708670505235,-1971.348120006368,-3014.368301664871,3.982856612500204,4.0414411086854445,5.07861907311702,-0.007186622684974573,0.0024161134022363004,0.0037054214054737878,-26.006217463392296,175.50848984773933,500.6811112540377,6875.713330545411,0.0009002098008821152,52.98452529424683,2.9766185224772492,245.75446455176544,80.93774506794556
15 Jul 2026 15:32:00.000000000,6081.5764690672195,-1724.688622778839,-2703.203377424023,3.5433108607546764,4.177534116190541,5.28973404849596,-0.007464128265066693,0.002113597452718485,0.003322754237270687,-23.138865536127977,178.02502157963306,500.2745685196967,6876.435048947849,0.0008754065237600151,52.986789904599014,2.974883426942013,252.95948093575106,77.54158263455233
15 Jul 2026 15:33:00.000000000,6280.591186706552,-1470.4137942333512,-2380.069278210373,3.088082652493021,4.2951917596179605,5.477443183147076,-0.007708622048773238,0.0018016711742127605,0.002925268005207646,-20.224009291229493,-179.57442327468428,499.9132907994771,6877.100426898006,0.0008454344998671575,52.988878339499564,2.9735126207507183,260.1125436861961,74.19691505130315
15 Jul 2026 15:34:00.000000000,6451.871974284709,-1209.6458920931166,-2046.3960081083117,2.619186473603081,4.393890006475447,5.640909061406947,-0.007918984510417344,0.0014817178412302725,0.0025147278977244664,-17.26970133405618,-177.27134206001702,499.60729267206847,6877.697715751071,0.0008099892747319184,52.99075363382323,2.972473587043069,267.1916902420575,70.92572816079701
15 Jul 2026 15:35:00.000000000,6594.660779244909,-943.536101160161,-1703.6605987814808,2.138699477469726,4.473189051494268,5.779402133734319,-0.00809424991102388,0.0011551613259487914,0.0020929639454059365,-14.28316272425868,-175.04867133800732,499.36549345253087,6878.2163720903145,0.0007687308040143963,52.99238259682629,2.971727970121803,274.1785436959547,67.74642593212886
15 Jul 2026 15:36:00.000000000,6708.325824830135,-673.2594104084386,-1353.3805254327644,1.6487520731793908,4.532735553059637,5.892304353707179,-0.008233612410832009,0.0008234592712797448,0.0016618623280347756,-11.270949200766266,-172.89057891714387,499.1955401460458,6878.647244611023,0.0007213194120427779,52.993736394613066,2.9712322549346815,281.0585992125944,64.67354370552243
15 Jul 2026 15:37:00.000000000,6792.364514009567,-400.00936843396113,-997.1069206809036,1.151518173243366,4.572264448975078,5.979112276922725,-0.008336431272986299,0.0004880958990085074,0.0012233561332543764,-8.239096739261006,-170.78224470184824,499.10365361318196,6878.982736275462,0.0006674520786014213,52.994791055423484,2.9709385366617593,287.8213012194064,61.71767062094164
15 Jul 2026 15:38:00.000000000,6846.405739427529,-124.99274312597385,-636.41761959947,0.649205158302196,4.591600331464509,6.039439591095643,-0.008402235062992487,0.0001505745160778506,0.0007794156443984029,-5.193250083576464,-168.70963997344506,499.09450105433154,6879.216938779936,0.0006068966935284278,52.99552788898237,2.9707953668108513,294.45998921438,58.88550339174666
15 Jul 2026 15:39:00.000000000,6870.211584300337,150.57588748673427,-272.9100708418565,0.1440436215114561,4.590658365401215,6.073019051737766,-0.008430724763972318,-0.0001875902085070535,0.00033203824862021176,-2.1387780179809046,-166.65930956700217,499.1710974222296,6879.345736880908,0.0005395224377366124,52.99593381267144,2.970748660868135,300.971855565653,56.17988805545331
15 Jul 2026 15:40:00.000000000,6863.678403078076,425.47958544266766,91.80584987652303,-0.3617230404939386,4.569444738333789,6.079703803610045,-0.008421775747557803,-0.0005248801161362119,-0.00011676193247428223,0.9191209112062589,-164.61815817034181,499.3347378020107,6879.366880681975,0.0004653250214809498,52.99600157892454,2.9707426515403057,307.35819943472814,53.59956557680951
15 Jul 2026 15:41:00.000000000,6826.837274792889,698.50451579377,456.1150866830551,-0.865849120134687,4.52805663582505,6.059468074509396,-0.00837543856116481,-0.000859781495621589,-0.0005649645795681198,3.97531863150386,-162.57324002725568,499.58496217494655,6879.280024580328,0.0003844460498911162,52.99572989997975,2.970720870808079,313.62569997371526,51.13789816022192
15 Jul 2026 15:42:00.000000000,6759.853826258845,968.4453937522909,818.4046729875406,-1.3660971032699203,4.466681740795875,6.012407234713885,-0.008291938515983461,-0.0011907929977647434,-0.0010105537651129218,7.024660244899585,-160.51155027246725,499.91955331876636,6879.0867321933665,0.0002971862545256871,52.9951234679169,2.9706271436171656,319.7911911589712,48.77809391678329
15 Jul 2026 15:43:00.000000000,6663.02742659232,1234.11088757724,1177.0709854268591,-1.8602481134038686,4.3855972608200835,5.938737222368417,-0.008171674074855107,-0.0015164334393536602,-0.0014515284786445275,10.061865749370636,-158.41981572833947,500.33456791451005,6878.7904472225,0.00020401280548544483,52.994192869735556,2.970406575776182,325.90204923963455,46.472818915192555
15 Jul 2026 15:44:00.000000000,6536.789758806985,1494.3289491321539,1530.5269445013512,-2.3461122246755095,4.285168492503159,5.838793342053145,-0.008015214077689653,-0.001835249412682656,-0.0018859129736418963,13.081427321284952,-156.28428316143334,500.82440024509407,6878.396430846133,0.00010556252485302038,52.992954399055215,2.9700065188126947,332.17858519399067,44.00180423126889
15 Jul 2026 15:45:00.000000000,6381.702778420716,1747.9520447496188,1877.2091247365188,-2.821538574938965,4.1658469370427715,5.713028450538183,-0.00782329384449301,-0.0021458226192615625,-0.0023117668252108873,16.077498623386614,-154.09050376733208,501.38187720409286,6877.911666854427,3.095858526003418e-06,52.99142976781415,2.969377494923347,9.591606904022363,10.39428329329475
15 Jul 2026 15:46:00.000000000,6198.456073020047,1993.862260022172,2215.5847382190495,-3.2844252138308847,4.028167985675594,5.562010550103241,-0.007596810234251858,-0.002446776856089809,-0.0027271945977523117,19.043772494564706,-151.82311419513482,501.99838270296635,6877.344736330462,0.00010388087953310054,52.989645723078226,2.9684740659091458,161.6785716776233,222.11283890090832
15 Jul 2026 15:47:00.000000000,5987.863640482779,2230.9762533914004,2544.1584567545374,-3.7327286254743535,3.872748197831354,5.3864198156068825,-0.007336815739195169,-0.002736784588664398,-0.0031303550295572967,21.973343291594883,-149.46561706431166,502.6640089873002,6876.705664233698,0.0002127941235076341,52.98763357571243,2.967255630943376,167.64496095464625,219.9520280882772
15 Jul 2026 15:48:00.000000000,5750.860107027914,2458.250034861493,2861.4790395753444,-4.164472871149114,3.7002821983528893,5.187045086596036,-0.007044511729023577,-0.0030145730610055717,-0.0035194696600745084,24.85855018981157,-147.0001681858353,503.3677318629449,6876.005740741782,0.00032294392522451583,52.98542864919422,2.9656871392669153,173.18869018892593,218.21397184542795
15 Jul 2026 15:49:00.000000000,5488.496409282676,2674.6835479017363,3166.145735610171,-4.577758303897675,3.511539222932122,4.964779859935317,-0.00672124094278513,-0.0032789298965145673,-0.003892830831336426,27.690798083988536,-144.40738433259796,504.09760640115087,6875.257320643576,0.0004330124429351422,52.983069658224764,2.9637397054360957,178.5539743878735,216.6544892225898
15 Jul 2026 15:50:00.000000000,5201.934967351259,2879.325034290509,3456.8144313792827,-4.970769813888082,3.307359343092115,4.720617821823837,-0.006368479367414927,-0.00352870816711554,-0.004248809023621337,30.460353645293562,-141.66619543984294,504.84097934706836,6874.473604447038,0.000541606091852631,52.980598028010554,2.9613911163776527,183.7918322084136,215.22259292256413
15 Jul 2026 15:51:00.000000000,4892.444377984765,3071.2751637168153,3732.20351816051,-5.341784571039183,3.0886494032600593,4.4556479602430965,-0.005987827613371137,-0.0037628309100767696,-0.004585859489908246,33.15611604460359,-138.753779807983,505.58471420244535,6873.668405158738,0.00064727854193107,52.97805716610903,2.9586262214552055,188.9212627373475,213.89931225827172
15 Jul 2026 15:52:00.000000000,4561.393658846843,3249.6909118229537,3991.0994544313166,-5.689179238731084,2.856378703075622,4.171049300205193,-0.005581001923059331,-0.003980295095131534,-0.004902528182686105,35.765365526976574,-135.64564151300323,506.3154247919596,6872.855904909252,0.0007485572237748527,52.97549169955482,2.955437198731664,193.95169451078536,212.67524392359292
15 Jul 2026 15:53:00.000000000,4210.246076173441,3413.7891724046713,4232.362002205465,-6.011436639873001,2.611574457806515,3.868085304354385,-0.0051498249225136235,-0.004180175047030143,-0.005197456971939911,38.27349939183254,-132.31591650772407,507.019713051469,6872.050405734992,0.0008439710168679998,52.972946690582226,2.95182369279983,198.88846478371258,211.5450725690936
15 Jul 2026 15:54:00.000000000,3840.5525891236543,3562.850091388555,4454.929118364136,-6.307151863495695,2.355317068853061,3.548097980787199,-0.004696216236493154,-0.004361625349693972,-0.005469388180378306,40.663775228147976,-128.73802664936602,507.68440679103173,6871.266078885423,0.0009320783922562566,52.970466844634096,2.9477928217238625,203.73455144699764,210.50583878622732
15 Jul 2026 15:55:00.000000000,3453.9449444938678,3696.220112153794,4657.82148465214,-6.575037806549268,2.088735234635783,3.2125017381964343,-0.00422218306080646,-0.004523883259519579,-0.005717168465648543,42.917096748085726,-124.88583359134992,508.29679327887567,6870.516717004551,0.0010114954604581547,52.96809572448238,2.9433590529917932,208.49116584327598,209.5563462500985
15 Jul 2026 15:56:00.000000000,3052.1284558336843,3813.3147234204544,4840.146662219103,-6.813930150979177,1.813000930192824,2.862777026207834,-0.0037298107806071398,-0.00466627066884682,-0.005939752097760204,45.011898908294945,-120.73546339671874,508.84484465540095,6869.815493443605,0.0010809234352852069,52.96587498418704,2.938543950562037,213.15790174853896,208.69701275232708
15 Jul 2026 15:57:00.000000000,2636.874500682518,3913.620902634974,5001.102858897313,-7.0227917809670855,1.5293242811562755,2.500463795598546,-0.0032212537020346555,-0.004788195663566231,-0.006136203685318827,46.9242148604707,-116.26795136539948,509.31743141074224,6869.174732799386,0.0011391750742178865,52.963843636282554,2.933375797392302,217.7326563360673,207.92994930665458
15 Jul 2026 15:58:00.000000000,2210.012769344397,3996.699249194446,5139.982299336954,-7.200716648729339,1.238948355026997,2.1271548096715356,-0.0026987259493468697,-0.004889153725317962,-0.006305700414010913,48.62803195604182,-111.47275390122361,509.70452043403526,6868.605696547755,0.0011851997158559377,52.96203736501372,2.9278890999523908,222.21138566758088,207.25920477975367
15 Jul 2026 15:59:00.000000000,1773.4232979961068,4062.1858031558527,5256.174189919242,-7.34693309977557,0.9431438896681432,1.7444888342545888,-0.0021644925564617635,-0.004968728624746366,-0.006447533857180771,50.096054839330435,-106.35194382689092,509.99735445905077,6868.118387359669,0.001218106614325284,52.9604878976544,2.922123983334387,226.5876929221377,206.69117783353036
15 Jul 2026 16:00:00.000000000,1329.0283182396158,4109.793546176618,5349.167271906165,-7.460806669854563,0.6432039759792653,1.354143729938705,-0.0016208607688131605,-0.0050265930588725295,-0.006561111428024,51.30096996609878,-100.92452737298068,510.1886100796062,6867.721375353185,0.0012371863807241073,52.95922244494458,2.9161254874377858,230.8522067253948,206.23523881216678
15 Jul 2026 16:01:00.000000000,878.7839544493546,4139.313582369583,5418.551957602461,-7.541842366041056,0.34043870886601363,0.9578294663960585,-0.0010701715477162918,-0.005062509074976228,-0.006645957530505619,52.21722461875605,-95.22986057671115,510.27253188168896,6867.421649157564,0.001241930500597577,52.95826322049256,2.909942776461316,234.9916649757074,205.9046461726126
15 Jul 2026 16:02:00.000000000,424.67179953157626,4150.615997525399,5464.022045395619,-7.589686443593193,0.03616981805022803,0.5572810751322465,-0.0005147912561301115,-0.005076328321258329,-0.006701714464136549,52.823185646087694,-89.32880799927807,510.24504063083043,6867.2244942501065,0.0012320491370333717,52.95762704762583,2.9036282754532365,238.9875604638028,205.71790115629292
15 Jul 2026 16:03:00.000000000,-31.30960094268506,4143.650395783025,5485.3760104303865,-7.604127688460839,-0.2682747119204704,0.1542515539937341,4.2896509998513504e-05,-0.005067992158661707,-0.006728143130982829,53.10335809212574,-83.30140033598747,510.10381385746956,6867.133400578129,0.0012074878127325656,52.95732506066466,2.8972367489801525,242.81410879592624,205.70078018603306
15 Jul 2026 16:04:00.000000000,-487.15332680634504,4118.446113340325,5482.517868397715,-7.585098212805408,-0.5715660248048129,-0.24949526569844077,0.0006004989930085557,-0.005037531655330315,-0.006725123576878446,53.05020146821617,-77.24054932160126,509.84833759645886,6867.15000100641,0.001168444211321212,52.957362505955395,2.8908243379684273,246.43513355822247,205.88945004395416
15 Jul 2026 16:05:00.000000000,-940.8526944985679,4075.1121092222083,5455.457610509272,-7.532673767784288,-0.8723797724195553,-0.6521918802365138,0.0011556223025403886,-0.004985067478900823,-0.0066926553908992145,52.6650825142591,-71.24272165424225,509.47992845595826,6867.274041636573,0.001115387492026802,52.95773864626884,2.8844475715948708,249.79916544811996,206.33536909767048
15 Jul 2026 16:06:00.000000000,-1390.4098724926564,4013.836533499554,5404.311208239199,-7.447073574376456,-1.1694014849942314,-1.0520742946123012,0.0017058794621775228,-0.0049108096889232955,-0.006630857970236383,51.958096285059206,-65.39772149275493,509.0017256145682,6867.503384538082,0.0010490846866197528,52.95844677036995,2.878162371474526,252.83149606878044,207.1132338716604
15 Jul 2026 16:07:00.000000000,-1833.8444719910917,3934.8859737157736,5329.300186891818,-7.328659669404498,-1.461331925992827,-1.4473892154452264,0.002248898534057712,-0.0048150574227076625,-0.006539970645578609,50.94680749977233,-59.78012517800007,508.4186527721541,6867.834042913918,0.0009706430765731881,52.95947430772873,2.8720230656684134,255.42085775783218,208.33429958540782
15 Jul 2026 16:08:00.000000000,-2269.202083650523,3838.6043806679677,5230.750767552648,-7.177935760383055,-1.7468924244797412,-1.8364012467962545,0.00278233087801202,-0.004698198455331465,-0.0064203526450819165,49.65425876279107,-54.44419101997991,507.7373505084822,6868.260248205064,0.0008815865372126635,52.96080304650157,2.866081429818811,257.3962966120163,210.1695074895418
15 Jul 2026 16:09:00.000000000,-2694.5627306251927,3725.4116751428455,5109.0925775518035,-6.995545579626539,-2.0248301767253967,-2.217400078270449,0.003303859594174124,-0.004560708605927228,-0.00627248286295489,48.106727147915684,-49.422701821137,506.9660799333273,6868.7745481205075,0.0007840038906374654,52.96240945109877,2.860385772337472,258.4856673791649,212.89099032158092
15 Jul 2026 16:10:00.000000000,-3108.049207553403,3595.8020377640187,4964.8569302646265,-6.78227072540757,-2.2939235067912715,-2.5887076523891603,0.0038112081873123566,-0.00440315095384769,-0.006096959386601184,46.33165818821881,-44.7289746184421,506.11459894111033,6869.367934071216,0.0006808532189742985,52.96426507389777,2.8549800797564786,258.2396368050836,216.94806928702403
15 Jul 2026 16:11:00.000000000,-3507.8352743183227,3450.341884788767,4798.674675939809,-6.53902797606956,-2.5529870734292905,-2.9486852951092017,0.004302149478255414,-0.004226174822262283,-0.005894498727320857,44.3560398682115,-40.36069162662608,505.19401280916117,6870.0299959929725,0.0005766103632491763,52.96633705399591,2.8499032374377813,255.8963048529477,223.1026331418678
15 Jul 2026 16:12:00.000000000,-3892.1536725328456,3289.667533531318,4611.273626312915,-6.266866062035466,-2.8008770078449086,-3.29574078972637,0.004774514765672762,-0.004030514475907307,-0.005665934683764337,42.20529945981874,-36.30426719726141,504.21660129845725,6870.749102070606,0.0004786468514809569,52.96858869434941,2.8451883394694066,250.1873562206514,232.6229869454098
15 Jul 2026 16:13:00.000000000,-4259.303931774725,3114.4825621061595,4403.475557072595,-5.966961880768211,-3.036495963847486,-3.628335370352893,0.005226203233382488,-0.0038169874888609534,-0.0054122167789115,39.90267793682141,-32.53887074742876,503.1956248239143,6871.512600433434,0.00039972179665340873,52.97098010724437,2.8408621000690717,239.3675813890541,247.2543312451949
15 Jul 2026 16:14:00.000000000,-4607.65993173783,2925.5548693813994,4176.192793799637,-5.640616140999998,-3.258798058793775,-3.944990606926674,0.005655191564325687,-0.003586492722078069,-0.005134408187827974,37.4689752915132,-29.039675490481937,502.1451126517116,6872.3070394855085,0.0003593639059852169,52.973468916816145,2.8369443770142855,222.79016368328425,267.64347520759605
15 Jul 2026 16:15:00.000000000,-4935.677185700884,2723.7134424135434,3930.424388819493,-5.289248425023092,-3.466793680657517,-4.244295149443612,0.006059543716587751,-0.003340007867453296,-0.004833683095729353,34.92254957756074,-25.78023677895477,501.0796364457472,6873.118403172067,0.0003739657937353023,52.976011006300254,2.8334478157589977,204.41577118341633,289.8297448540641
15 Jul 2026 16:16:00.000000000,-5241.899810144145,2509.8448402015997,3667.251898474013,-4.914391661511195,-3.6595541336721626,-4.524911295041746,0.00643742078409968,-0.0030785865078504005,-0.004511323414122203,32.27946942564724,-22.734090339601597,500.0140728152734,6873.932357175921,0.00043863235672261103,52.97856129687601,2.830377620688093,190.32592402807035,307.7316158567991
15 Jul 2026 16:17:00.000000000,-5524.967145024171,2284.8894043261453,3387.834772626063,-4.517686006173584,-3.836216092456865,-4.785581337876066,0.006787090859250576,-0.0028033546590978268,-0.004168714804588217,29.553745772790357,-19.875733039542652,498.96335880042307,6874.734501788757,0.0005339249516870875,52.98107454437401,2.827731457777368,182.0391727349342,319.83053526798847
15 Jul 2026 16:18:00.000000000,-5783.619989231583,2049.8372089031736,3093.4053707119397,-4.100872133415592,-3.995985832480468,-5.025133658623374,0.007106938782138703,-0.0025155067592084216,-0.003807341956745912,26.75759333265284,-17.181153944474563,497.9422444613527,6875.510627024309,0.0006434573392458756,52.98350613976689,2.8254994905735593,178.02186383326926,327.6601558867538
15 Jul 2026 16:19:00.000000000,-6016.7064161393855,1805.723764256172,2785.263621336346,-3.665783948967625,-4.138143203261247,-5.242488508087038,0.00739547566738363,-0.0022163010918367517,-0.003428783096339531,23.901691872240452,-14.628058079485257,496.96504689897824,6876.246965435893,0.0007572936232333492,52.985812899263806,2.8236645491166796,176.69438445415398,332.80009161811125
15 Jul 2026 16:20:00.000000000,-6223.187134976163,1553.6254907522828,2464.771345180716,-3.2143407409344866,-4.262045309948166,-5.436663437916326,0.0076513480690479614,-0.0019070546331590584,-0.003034703700436591,20.995431122187934,-12.1958915878996,496.0454101206624,6876.9304380797485,0.0008694899117665053,52.98795382997717,2.8222024289757406,177.04455834612682,336.2625213574409
15 Jul 2026 16:21:00.000000000,-6402.140365041412,1294.6549813109264,2133.3462638432716,-2.748538794712817,-4.367129868963115,-5.606778330995135,0.007873346655384207,-0.001589137333064037,-0.0026268494262436924,18.047132086102927,-9.865745605029566,495.19607516338124,6877.548889128248,0.0009761723908647749,52.989890857533176,2.8210823153313664,178.47489474841092,338.64493997029825
15 Jul 2026 16:22:00.000000000,-6552.766191558741,1029.9560731374295,1792.455720055065,-2.270442505461909,-4.4529182042473145,-5.7520599847017575,0.008060414248577492,-0.0012639658499098293,-0.0022070382701489502,15.064242930799887,-7.620190944584649,494.4286647931806,6878.091304789759,0.001074580433911537,52.99158950264236,2.8202673247053625,180.62889666880594,340.3038498235029
15 Jul 2026 16:23:00.000000000,-6674.390374233339,760.6987511872501,1443.6101374791504,-1.7821750300373107,-4.5190178523811975,-5.871846202015065,0.008211653101472424,-0.0009329967767818263,-0.001777151999543142,12.053510695301197,-5.443077025174607,493.7534869082424,6878.548012432199,0.0011626224376603913,52.99301949452744,2.81971515495931,183.2862428477076,341.45957858986105
15 Jul 2026 16:24:00.000000000,-6766.467582336762,488.0739077128343,1088.35625090689,-1.2859085282423532,-4.565124747405311,-5.965589348361607,0.008326331275309918,-0.0005977194071923507,-0.0013391269125945437,9.021131630935544,-3.3193153585438324,493.1793604823686,6878.91085613488,0.0012386672934267366,52.99415531020469,2.8193788320805937,186.3052456535496,342.2538210859308
15 Jul 2026 16:25:00.000000000,-6828.584033358831,213.28798389477114,728.2701400767943,-0.7838540506518599,-4.591024959540383,-6.032859336107326,0.008403888006872058,-0.000259648103928391,-0.0008949440037826145,5.972883685293092,-1.2346590670206536,492.7134674983928,6879.173345303299,0.00130144377230019,52.99497662991671,2.819207540649153,189.59118116826048,342.78130888957674
15 Jul 2026 16:26:00.000000000,-6860.459515904733,-62.44247900002393,364.9501024666094,-0.27825113686555697,-4.596595966096868,-6.0733460036289095,0.008443937959607947,7.96856556046556e-05,-0.0004466186259053763,2.9142448641903087,0.8245159022066094,492.36123384301544,6879.330773467076,0.0013499904967731382,52.995468700492886,2.8191475232512784,193.0783263739366,343.10777283215486
15 Jul 2026 16:27:00.000000000,-6861.948781517238,-337.89635032757667,0.009402219782383326,0.2286428063644501,-4.5818074375903315,-6.086860861824333,0.008446274278404919,0.0004187414739695141,3.810245258373139e-06,-0.14949880567343685,2.8714258848849683,492.12624157519105,6879.3803049333355,0.0013836299103304928,52.995622600045735,2.8191430329481015,196.7193683113292,343.280533501205
15 Jul 2026 16:28:00.000000000,-6833.042294406226,-611.8534531624257,-364.93106621325785,0.7345632733151167,-4.546721527305996,-6.073338187595537,0.008410870382472053,0.0007559783777206329,0.0004542910277538034,-3.2131520880687976,4.919091199695874,492.0101743535132,6879.321027575219,0.0014019533220440302,52.99543539916564,2.8191373218342934,200.47888564492874,343.3350193258145
15 Jul 2026 16:29:00.000000000,-6773.86633258987,-883.1001097589651,-728.250160123052,1.2372494969513625,-4.49149265814624,-6.0328354510719056,0.008337880461370207,0.0010898632153480356,0.000902770706754834,-6.271512596028941,6.980545979465273,492.0127971296678,6879.1539706833255,0.001404810457495952,52.99491021562269,2.8190736481186462,204.32913415147064,343.2989807349891
15 Jul 2026 16:30:00.000000000,-6684.682438614069,-1150.4346591477045,-1088.3338761145062,1.7344552776764415,-4.416366806389262,-5.965533070945702,0.008227638661791608,0.001418879012123968,0.0013472060364312865,-9.31927262689423,9.069048231214925,492.1319705044566,6878.882087484219,0.0013923000683745085,52.99405616149094,2.81889628372048,208.24714524095904,343.1953912872221
15 Jul 2026 16:31:00.000000000,-6565.886222723057,-1412.6729168041934,-1443.5827029398,2.223959724777328,-4.321680287816448,-5.87173350003976,0.00808065697185015,0.0017415331845821267,0.001785574640518343,-12.350917295564146,11.19829219488866,492.3636994199626,6878.510202616326,0.0013647597849613267,52.99288818353716,2.8185515044526537,212.2125442461449,343.0446290426823
15 Jul 2026 16:32:00.000000000,-6418.005526023198,-1668.653546804482,-1792.4188996660419,2.703577833634432,-4.2078580573705455,-5.751859650908118,0.00789762184973784,0.002056365522819575,0.002215885886363412,-15.360615419542665,13.382624448449755,492.70221514756736,6878.044925535432,0.0013227543187420262,52.99142679963642,2.8179885450338045,216.205691091435,342.8663355741423
15 Jul 2026 16:33:00.000000000,-6241.697955713989,-1917.2433177312569,-2133.2936600677135,3.171170824742869,-4.075411538915633,-5.60645267865847,0.007679389648290323,0.002361955852392124,0.002636191411863461,-18.342099500999804,15.637263850144947,493.1400888470519,6877.4945314825445,0.00126706170817829,52.98969773584593,2.8171605018425003,220.20582055154617,342.68127541328175
15 Jul 2026 16:34:00.000000000,-6037.747808781742,-2157.3422147348197,-2464.694125351252,3.6246561748940254,-3.92493600663897,-5.436169145083964,0.007426980925661276,0.0026569312989221236,0.0030445951968734327,-21.288531050620804,17.97852302415389,493.6683743356907,6876.868812270391,0.0011986577495795591,52.98773147056201,2.8160251672709338,224.18883856001673,342.5135394786397
15 Jul 2026 16:35:00.000000000,-5807.0624045529,-2387.888381604735,-2785.1502089848746,4.062017276446804,-3.7571075440102697,-5.241777594382342,0.0071415737369401235,0.0029399730861148646,0.0034392630804593706,-24.192347496337263,20.42402520421698,494.27677713635353,6876.17889971843,0.0011186992111986405,52.985562693858306,2.814545780675448,228.12429772361335,342.3935693355074
15 Jul 2026 16:36:00.000000000,-5550.667850239934,-2607.862868307104,-3093.241199263113,4.481312667013012,-3.5726796099664235,-5.024154576171324,0.006824496032678102,0.003209822814901464,0.003818431646066069,-27.04508717208935,22.992904136995868,494.95384638179513,6875.437065076329,0.0010285070636872656,52.98322969163948,2.812691682493837,231.9707527003908,342.362801634311
15 Jul 2026 16:37:00.000000000,-5269.704266718712,-2816.294161468209,-3387.602107723425,4.880684779519089,-3.3724792448135084,-4.784280155782374,0.006477217278413412,0.003465288177215665,0.004180416404665076,-29.83718965344953,25.70596543428838,495.6871857519641,6874.656498211903,0.0009295520948728717,52.980773665598875,2.8104388597697114,235.6679846456009,342.4814435293892
15 Jul 2026 16:38:00.000000000,-4965.420504723271,-3012.2624771355945,-3666.9297337870444,5.258368170155845,-3.157402950545761,-4.523232955276074,0.006101339444735638,0.0037052480822126043,0.00452361923627704,-32.55777041011258,28.585774006760154,496.4636793157909,6873.851070694783,0.0008234476724591312,52.97823800113294,2.8077703733223727,239.12297525162123,342.84249855435365
15 Jul 2026 16:39:00.000000000,-4639.168383839083,-3194.903797396664,-3929.9884188491324,5.612697190135422,-2.928412281439334,-4.242184770735602,0.005698587492126334,0.0039286571764460855,0.0048465350565789185,-35.194372029291934,31.656612688789505,497.2697279442588,6873.035087174407,0.000711960132305077,52.97566749630181,2.8046766588639125,242.18263450079607,343.5990388386464
15 Jul 2026 16:40:00.000000000,-4292.396488538172,-3363.413634560451,-4175.615465741309,5.942113075250071,-2.6865291811970127,-3.942394812520177,0.005270799495593762,0.004134549763385709,0.005147757705758781,-37.73270004520436,34.94423094327444,498.09149185491543,6872.223029627594,0.0005970625329181506,52.97310756563099,2.8011556967249787,244.57611690562246,345.02188889245156
15 Jul 2026 16:41:00.000000000,-3926.643556772075,-3517.050508806095,-4402.726202351546,6.245170435215522,-2.432831102462659,-3.625203615094624,0.004819916528901343,0.004322043131080763,0.005425985063052242,-40.156360896729616,38.47527024426901,498.91513483665113,6871.429299137246,0.0004811036938661295,52.97060343299912,2.797213047125205,245.78006609021094,347.634381107314
15 Jul 2026 16:42:00.000000000,-3543.5314976057184,-3655.1391272740366,-4610.318670889799,6.520543132107236,-2.168445943427915,-3.2920266621050467,0.004347972434412608,0.004490340317879653,0.005680023418051532,-42.446634044439016,42.27621877304928,499.7270657798887,6870.667959859408,0.0003673259558279813,52.96819932805243,2.7928617504018125,244.66537539416527,352.56559529033916
15 Jul 2026 16:43:00.000000000,-3144.7580746604667,-3777.0732546803556,-4797.477927093036,6.767029544057852,-1.8945468343374166,-2.944347770288326,0.003857083577342298,0.004638732347418316,0.005908791133552322,-44.58233069474023,46.37172427095158,500.514173293883,6869.95248974572,0.00026162217085285604,52.965937700515454,2.788122094004523,238.47296544538946,2.5745812851172447
15 Jul 2026 16:44:00.000000000,-2732.0892923075808,-3882.318267377377,-4963.379936125854,6.983557216075449,-1.6123468044339662,-2.583712273183451,0.003349438676701228,0.004766599978555005,0.00611132165443137,-46.53981710627935,50.78210418656204,501.26404941811734,6869.295542417271,0.00017905339433488246,52.963858466440726,2.7830212504935874,220.34759865224655,24.516544726181632
15 Jul 2026 16:45:00.000000000,-2307.351521215373,-3970.413384565476,-5107.295054354562,7.169186904678651,-1.3230933570943508,-2.2117200422229746,0.0028272887807359423,0.004873415016643165,0.00628676591974651,-48.29330645657976,55.519975535843976,501.96519871957855,6868.708724339975,0.0001562745614134489,52.96199829985432,2.77759279306889,185.45080532741628,63.22992121166733
15 Jul 2026 16:46:00.000000000,-1872.423399351944,-4040.9735719242385,-5228.591088311535,7.323116026654128,-1.0280629779261463,-1.8300183790572264,0.0022929374392458824,0.004958741239666346,0.006434394245806758,-49.81553844303831,60.586130949851686,502.60722939982634,6868.202391138648,0.00020731009931373016,52.96038998242899,2.7718760973541254,158.38810901183396,94.10915132160031
15 Jul 2026 16:47:00.000000000,-1429.2275438197655,-4093.6911143257644,-5326.735924092958,7.44468152469836,-0.7285555974856176,-1.4402948089861223,0.001748731101133039,0.005022234987319656,0.006553597742445139,-51.07895067965549,65.96514205287615,503.18102340629406,6867.785466515306,0.0002901921107801946,52.959061822759956,2.7659156402064973,147.90782097051067,108.40588650509702
15 Jul 2026 16:48:00.000000000,-979.7221080844348,-4128.33685549316,-5401.299722105074,7.533362163969644,-0.4258890272320469,-1.044269801399022,0.0011970497513022242,0.0050636454668803454,0.0066438893333238885,-52.05737664890156,71.62163306027182,503.67888294075647,6867.465286814902,0.0003793709492901684,52.95803715555799,2.7597602081607566,145.36491159728996,114.76511809363166
15 Jul 2026 16:49:00.000000000,-525.8922182869394,-4144.761103493383,-5451.956673513531,7.588780273728043,-0.12139338447053206,-0.643689439309966,0.0006402977784734473,0.005082814818249125,0.00670490443740004,-52.72816763422206,77.49855581568997,504.0946511771025,6867.247473817462,0.0004663837536867665,52.957333929626145,2.753462029699943,146.3679695801419,117.57821858238813
15 Jul 2026 16:50:00.000000000,-69.74132148603688,-4142.894201815219,-5478.486315961958,7.61070294737045,0.18359448050681332,-0.24031805663117653,8.08950522266726e-05,0.005079677977731544,0.006736401365784371,-53.07445108888802,83.51879745419686,504.42380543308747,6867.135837837716,0.0005479775084570654,52.95696439188326,2.747075846921971,149.19683948273027,118.5653045170022
15 Jul 2026 16:51:00.000000000,386.717522078511,-4122.746766504321,-5480.774407142204,7.599042712426954,0.48773654397168154,0.16406914109652435,-0.0004787318259251245,0.005054262372008042,0.0067382614782823015,-53.08707715053608,89.59077945275608,504.6635214819995,6867.132312690539,0.0006226253424641375,52.956934872965455,2.740657943197172,153.10316578801275,118.47469293252348
15 Jul 2026 16:52:00.000000000,841.470371247762,-4084.4095904392357,-5458.813355655256,7.553857679656468,0.7896991454839019,0.5676934590741719,-0.0010361581428764645,0.005006687463798914,0.006710489131275375,-52.76577170690143,95.61741466929814,504.8127081355833,6867.236923539523,0.0006895483118289285,52.957245678109636,2.7342651442069794,157.72023193354835,117.6730628072405
15 Jul 2026 16:53:00.000000000,1292.5111297367778,-4028.053216365709,-5412.702209341103,7.475351177471412,1.088158493264479,0.9687800867922158,-0.00158896961693333,0.004937164160299759,0.006653211435051858,-52.11917432118293,101.50644174572327,504.87201167638136,6867.447788095456,0.0007483836793849309,52.957891085134214,2.7279538101805576,162.8499797403113,116.35843612169263
15 Jul 2026 16:54:00.000000000,1737.8502347461394,-3953.9271808001204,-5342.646201927828,7.363870874763366,1.3818061300729838,1.365565451540829,-0.002134770916405787,0.0048459940843898425,0.006566677823975977,-51.163749779644036,107.17954982049228,504.8437901642603,6867.761151077975,0.0007990461868363675,52.95885944941492,2.7217788372779244,168.37650377082232,114.64668397918284
15 Jul 2026 16:55:00.000000000,2175.5232777512806,-3862.3589314050632,-5248.955859506643,7.219907392033019,1.6693543511881153,1.7563045405312978,-0.0026711942064705377,0.004733568702753277,0.006451259434964102,-49.92187803468461,112.57824064187587,504.73205808578746,6868.171451303939,0.0008416545811349516,52.96013341384502,2.7157926858480423,174.22680973393133,112.6107686626337
15 Jul 2026 16:56:00.000000000,2603.5995267348458,-3753.752420963339,-5132.045669029818,7.044092397777491,1.9495415652508639,2.1392781793343296,-0.003195907768488489,0.004600368286368725,0.006307448264362024,-48.419599887428745,117.66569661037377,504.5424022556657,6868.671420227451,0.0008764814640579425,52.96169021990051,2.710044452818872,180.35124540030506,110.30031315624758
15 Jul 2026 16:57:00.000000000,3020.1903188345555,-3628.586381673845,-4992.432311806708,6.837196184591863,2.221137587312259,2.512800252612385,-0.0037066247304995935,0.004446960681341481,0.006135856076130697,-46.68447405793838,122.42524224219832,504.2818703141801,6869.252210235488,0.000903911103936838,52.96350211414019,2.704579004613643,186.71292482794584,107.75217732541445
15 Jul 2026 16:58:00.000000000,3423.4572919852526,-3487.4122841850253,-4830.732465875387,6.600124717587096,2.4829488515635716,2.875224850747967,-0.004201111931234468,0.004273999851029205,0.005937213010700794,-44.74384566498969,126.85670797790083,503.9588335911254,6869.903550505678,0.0009243994350938609,52.96553684278353,2.6994361858854616,193.2816272279642,104.99655941804305
15 Jul 2026 16:59:00.000000000,3811.62042362389,-3330.8519866040274,-4647.660182202038,6.333916146704205,2.7338235289718864,3.2249533230227017,-0.00467719892924234,0.004082224152978588,0.005712365846463947,-42.62363989840005,130.97204371456294,503.58282652186705,6870.613927767182,0.0009384345170157896,52.96775822546206,2.6946501179878277,200.03012253218702,102.06067081962468
15 Jul 2026 17:00:00.000000000,4182.965844011088,-3159.5950796790544,-4444.023840921827,6.039736774430031,2.972656532553607,3.5604412146844835,-0.0051327871460282405,0.0038724543035898963,0.0054622758504771695,-40.34765297586862,134.79115641350572,503.1643652000631,6871.370788877862,0.0009464977440259033,52.97012679785562,2.690248599476941,206.9319491153972,98.97095860396671
15 Jul 2026 17:01:00.000000000,4535.853391209072,-2974.3959354763197,-4220.722695317914,5.718876471413246,3.1983943903876018,3.8802050616754484,-0.005565859122398444,0.003645590991672638,0.005188016165361349,-37.93723885296922,138.33848187462024,502.71474802822,6872.16076174702,0.0009490272474978958,52.97260051172724,2.6862526190832745,213.96016179952923,95.75435774768852
15 Jul 2026 17:02:00.000000000,4868.723874367357,-2776.070468143012,-3978.743012927446,5.372743534555832,3.410039963881075,4.182829013215175,-0.005974487838873183,0.003402612093689781,0.004890768666526679,-35.41127220689269,141.64043627835014,502.2458417751833,6872.969890802696,0.0009463855855545128,52.975135479882525,2.6826759895982653,221.08679623979157,92.43882690493237
15 Jul 2026 17:03:00.000000000,5180.1060117158595,-2565.492616781346,-3719.153825078989,5.0028589853468945,3.606656986353945,4.466971248987771,-0.006356846041734716,0.0031445694555015014,0.004571820239431883,-32.78628212675555,144.72367935612772,501.76985665938946,6873.783882928761,0.0009388340529622193,52.97768675281499,2.6795251089325767,228.28289223317248,89.05332519910733
15 Jul 2026 17:04:00.000000000,5468.623009663547,-2343.5905620169547,-3443.102298270546,4.610850310429131,3.7873743948793126,4.731370154591969,-0.0067112154932994945,0.002872585206564234,0.0042325584267427566,-30.076676698930395,147.61403112914113,501.2991143405357,6874.588359589187,0.0009265157645578107,52.98020911327137,2.6767988523876864,235.51894695460004,85.62735902473806
15 Jul 2026 17:05:00.000000000,5732.998749666899,-2111.3426895351463,-3151.8087430808446,4.198444651583129,3.9513904265983975,4.974850216328331,-0.007035996055599245,0.0025878475838233233,0.0038744664098218453,-27.29500446131767,150.33587032263193,500.84581290943373,6875.369110719961,0.0009094490824132618,52.98265787468813,2.674488597794638,242.7656660615601,82.19023091789565
15 Jul 2026 17:06:00.000000000,5972.063550161193,-1869.7733156139905,-2846.561278710565,3.767461458297192,4.097976449573248,5.196327594503352,-0.007329714497245732,0.0022916062490350685,0.003499117296417476,-24.45221952319538,152.91186497004145,500.4217931072845,6876.112345906484,0.0008875320507004566,52.98498966941714,2.6725783828977376,249.99487066991344,78.77013249287506
15 Jul 2026 17:07:00.000000000,6184.759471836732,-1619.9481915130295,-2528.7101737540993,3.319804622737594,4.226480497699426,5.394815333332516,-0.007591032912855313,0.0019851670984719558,0.003108167706858495,-21.557932039383886,155.36291947738678,500.0383100720752,6876.804938382009,0.0008605574293441609,52.98716321287105,2.671045191965256,257.1804180496125,75.39322359773989
15 Jul 2026 17:08:00.000000000,6370.145135965501,-1362.9698053937605,-2199.6618863270346,2.857454123984396,4.336330479386882,5.569428165356425,-0.007818756633723247,0.0016698865734739994,0.002703350662908801,-18.620635509591164,157.708255020261,499.7058148938096,6877.434657481434,0.0008282368798777531,52.98914003017562,2.669859366408492,264.2990118071463,72.08282192428909
15 Jul 2026 17:09:00.000000000,6527.4000273258025,-1099.9725022475423,-1860.8728291808468,2.382457215665712,4.4270370306401015,5.7193868690963505,-0.008011841506515576,0.0013471654932851464,0.0022864678006753627,-15.647908360866227,159.96556682158416,499.4337501554484,6877.990385366006,0.000790232045528284,52.99088513260607,2.6689851319763394,271.33081315092784,68.85879147954307
15 Jul 2026 17:10:00.000000000,6655.828255553926,-832.117444018704,-1513.8428878577822,1.8969191983448315,4.498195984865531,5.844022140510337,-0.008169400423510484,0.0010184424456840696,0.0018593809480782423,-12.64659068515236,162.15122181370063,499.23036343949286,6878.462314096762,0.0007461898085393218,52.99236763199366,2.6683812330980277,278.25981207414196,65.73717108841313
15 Jul 2026 17:11:00.000000000,6754.861751457022,-560.5874337012361,-1160.108722211278,1.4029938249499674,4.549490434181621,5.942777941664434,-0.008290708992900969,0.0006851867821840826,0.0014240031225295166,-9.622938787992839,164.28047429042599,499.1025424902586,6878.84211947433,0.0006957789331280654,52.993561282401856,2.668001663061718,285.073967496548,62.73003389107918
15 Jul 2026 17:12:00.000000000,6824.062877924138,-286.58162860460095,-801.2368836873572,0.9028733939457643,4.580692360167175,6.015214293859273,-0.00837521024530315,0.0003488912757291128,0.0009822890197562282,-6.582761017494946,166.36768672683397,499.05567534202487,6879.1231084760075,0.0006387255565582629,52.99444493966726,2.6677964770903757,291.7651738216989,59.84552038435815
15 Jul 2026 17:13:00.000000000,6863.126438532724,-11.310169197409085,-438.8167825750808,0.39877859061235715,4.591663815783194,6.061009487171683,-0.008422518292298465,1.1064509657799062e-05,0.0005362250802446599,-3.5315386166797955,168.42654923869523,499.09353825884773,6879.300337598701,0.0005748454633494225,52.99500293085517,2.6677126739395933,298.32916398131164,57.08793494167965
15 Jul 2026 17:14:00.000000000,6871.881070717721,264.0112491000343,-74.4535409349551,-0.1070518584906399,4.582357644551698,6.079961683872675,-0.008432420866879037,-0.00032677692583789667,8.781923051976523e-05,-0.474535347544186,170.47029517130557,499.218213793075,6879.370699950474,0.0005040716457136716,52.995225327269324,2.6676951304819645,304.76554796183314,54.457706823522784
15 Jul 2026 17:15:00.000000000,6850.290014384123,538.1668331078218,290.2392319291909,-0.6123716491920983,4.55281772785431,6.0719898993214265,-0.008404880695303629,-0.0006631163472147206,-0.00036090959415601537,2.583100465850992,172.51191277950664,499.4300406687381,6879.3329795134405,0.0004264762152856453,52.99510811634949,2.667687572819505,311.0784253792525,51.950777119537086
15 Jul 2026 17:16:00.000000000,6798.451251033544,809.946149610487,653.6467038171045,-1.114937410476968,4.503178756292903,6.0371343505446315,-0.00834003567164975,-0.0009964449145062537,-0.0008079420322627009,5.636237941464774,174.56435438258777,499.727596548558,6879.187871612224,0.0003422862267648542,52.99465326956185,2.667633566912052,317.2788641490914,49.556119582990995
15 Jul 2026 17:17:00.000000000,6716.597012762818,1078.1495550686327,1014.1600857857833,-1.6125191902887643,4.433665526288593,5.975556169606824,-0.008238197831762049,-0.0013252695040421923,-0.0012512688674597029,8.67966623196163,176.6407450553575,500.1077140668388,6878.937969254889,0.00025189340961359824,52.99386870520342,2.6674775113491567,323.39446548058623,47.24617513623698
15 Jul 2026 17:18:00.000000000,6605.092664800373,1341.5935690037174,1370.1838621377792,-2.1029108446462135,4.344591768337456,5.887536485864893,-0.008099851142750364,-0.0016481204306161893,-0.0016889014731467332,11.707994261377692,178.75459300331246,500.5655298241405,6878.587715650431,0.00015585847342172767,52.99276814687237,2.6671656148808913,329.5183916796353,44.92782357034052
15 Jul 2026 17:19:00.000000000,6464.434969487204,1599.1161632948558,1720.1429467286478,-2.583940260072768,4.23635851843305,5.77347488807825,-0.007925648145630758,-0.001963558935697893,-0.0021188820170211543,14.71554411095981,-179.07999671330228,501.09456536196484,6878.143323835735,5.491803306802255e-05,52.99137088017071,2.6666468416898064,336.42104892194084,41.83070028510893
15 Jul 2026 17:20:00.000000000,6295.249743717411,1849.581940439798,2062.489728919484,-3.0534793423259496,4.1094520489766495,5.633887283924277,-0.007716405516343162,-0.0022701843656019495,-0.0025392933202612266,17.696234461111846,-176.84810460243204,501.6868384867937,6877.612664952176,5.012755448995696e-05,52.98970141197026,2.665873807824686,158.3954706607875,223.66181241240528
15 Jul 2026 17:21:00.000000000,6098.288925734648,2091.887174973144,2395.7109737393134,-3.509453708660351,3.964441379868805,5.469403180556238,-0.007473098621250781,-0.002566640970426587,-0.0029482682745956045,20.643450390964738,-174.53377689514275,502.33300270887645,6877.005127283328,0.00015810343587052252,52.98778903826241,2.664803613249834,165.24620615097487,220.61664984831822
15 Jul 2026 17:22:00.000000000,5874.427070790814,2324.964693571862,2718.334542385078,-3.949852026117587,3.8019753943173655,5.2807624152788915,-0.007196855164071672,-0.0028516242649851706,-0.003343998732874213,23.549895801639977,-172.11980846102705,503.0225120191926,6876.331448689823,0.0002679361994953908,52.98566732819313,2.663398594956698,170.92749848125175,218.74100680837373
15 Jul 2026 17:23:00.000000000,5624.657298441322,2547.7885709567677,3028.9359010533844,-4.372734944503037,3.6227795870903083,5.06881137006563,-0.006888948034234944,-0.0031238869046901615,-0.0037247438034370855,26.40742490011963,-169.58753895368963,503.7438077589658,6875.6035255446,0.00037833845589241955,52.98337353333362,2.6616269880788606,176.3619533302668,217.1123126966508
15 Jul 2026 17:24:00.000000000,5350.086717103621,2759.378620453094,3326.1443882602916,-4.77624357959557,3.4276524754025006,4.834498707351627,-0.006550787475169773,-0.003382244041782901,-0.004088837494657041,29.206849786926533,-166.91668099639605,504.4845239516249,6874.834201673145,0.0004879453237502303,52.98094793252929,2.659463483439948,181.65096499190057,215.62920574859714
15 Jul 2026 17:25:00.000000000,5051.931354016937,2958.80465989409,3608.6492130459483,-5.158607509327121,3.217461704371518,4.578870667337581,-0.006183912694218634,-0.003625578138936895,-0.004434695670992881,31.93772260092344,-164.08521162362143,505.23170717103324,6874.03704113256,0.000595327945709088,52.9784331237814,2.6568896718884494,186.82443243446167,214.26181668700593
15 Jul 2026 17:26:00.000000000,4731.510620689329,3145.1905355549393,3875.2051590148926,-5.518152253291353,2.993139879856791,4.303065968700184,-0.0057899830424541195,-0.0038528432326629366,-0.0047608223022140685,34.58809346366758,-161.06937597680786,505.97204681698446,6873.22608891522,0.0006990189357481397,52.97587327553182,2.6538943676466613,191.89548299768222,212.9970447914796
15 Jul 2026 17:27:00.000000000,4390.24134552818,3317.717888738576,4124.637971629391,-5.853306213312397,2.755680161672249,4.008310355331115,-0.005370768886058306,-0.004063068650417794,-0.005065815002887957,37.144250468051695,-157.84387649345297,506.69211155703977,6872.415623836372,0.0007975396491174176,52.97331335042311,2.650473805073187,196.87117888570066,211.82785122578244
15 Jul 2026 17:28:00.000000000,4029.631406493275,3475.6296515955123,4355.849408730746,-6.162607059992551,2.506131649585799,3.695910831421135,-0.004928142283319786,-0.0042553621956971065,-0.005348369873619226,39.590456298215614,-154.38235143532125,507.378587670083,6871.619907958243,0.0008894281988504833,52.97079831508319,2.6466317053381894,201.7555620180367,210.75021406275576
15 Jul 2026 17:29:00.000000000,3651.272997253656,3618.2332607084745,4567.821936816297,-6.444707556906227,2.2455945931971324,3.3672496259056772,-0.004464067576208948,-0.004428912829396646,-0.005607285674546588,41.90870905215962,-150.65828042903246,508.0185150856459,6870.85293691859,0.0009732676140055463,52.968372349729435,2.642379211886665,206.5506813465033,209.76210090027226
15 Jul 2026 17:30:00.000000000,3256.8355607560034,3744.903578729312,4759.623057940978,-6.698380819986278,1.9752154550026864,3.0237779252937997,-0.003980591987439955,-0.004582992881709082,-0.005841467370691715,44.078573521000926,-146.6464823096165,508.5995170453477,6870.128195471777,0.0010477136257718463,52.966078071393696,2.63773469576152,211.2569247027642,208.86313700293047
15 Jul 2026 17:31:00.000000000,2848.0584240325597,3855.08551608488,4930.409254439798,-6.922525014835245,1.6961818535718316,2.667009411067924,-0.0034798363001876326,-0.004716959836954495,-0.006049929100578605,46.077153357187086,-142.3253717919091,509.11001951062366,6869.458422418982,0.0011115216183657465,52.96395578434052,2.632723434124217,215.87304220671848,208.0545819386153
15 Jul 2026 17:32:00.000000000,2426.743167829141,3948.2963462864755,5079.4295407264135,-7.11616749875813,1.4097174110966846,2.29851363456547,-0.0029639856794106112,-0.004830257737681388,-0.00623179662598279,47.87930087287031,-137.6800817241762,509.53945669392385,6868.855388907021,0.0011635723351662445,52.96204277078679,2.62737716753251,220.39598270514807,207.3394932384214
15 Jul 2026 17:33:00.000000000,1994.7457641231567,4024.127709752122,5206.02861330969,-7.27846841733341,1.1170765266654297,1.9199092585734017,-0.002435280676723872,-0.004922418259210755,-0.006386309328256727,49.45818044860508,-132.70639062601472,509.87845938939614,6868.3296938181575,0.001202895999075132,52.96037263434192,2.6217335436593854,224.82056859579902,206.72305172189803
15 Jul 2026 17:34:00.000000000,1553.9685139514738,4082.2473022417335,5309.649591822314,-7.408723767210424,0.819539093631455,1.5328571910154394,-0.001896008438885142,-0.004993061502572694,-0.006512821813832774,50.78629651206979,-127.41508300116158,510.1190231140885,6867.890579661653,0.001228694599277564,52.95897470768274,2.615835457086685,229.13898580326554,206.21307171752903
15 Jul 2026 17:35:00.000000000,1106.351817233923,4122.400245022088,5389.836345274321,-7.506367937560812,0.5184051765332951,1.139053632273357,-0.0013484941231785587,-0.00504189655296001,-0.006610805191538429,51.83704449759375,-121.83593056786653,510.2546534341283,6867.545772020008,0.0012403622282779049,52.95787353487216,2.6097302966414677,233.3400260995598,205.82075898106226
15 Jul 2026 17:36:00.000000000,653.8658055350222,4144.410134724489,5446.235398934534,-7.570975742266763,0.21498966031184893,0.740223054047122,-0.0007950925061045979,-0.0050687218482954165,-0.006679848082013204,52.58672492197242,-116.02005495166905,510.28048623428987,6867.30134520277,0.0012375035478393232,52.95708843744579,2.6034691133452346,237.4079700052786,205.56182807054842
15 Jul 2026 17:37:00.000000000,198.5018680012783,4148.17977155425,5478.597418223235,-7.602263953600174,-0.08938311782255567,0.3381111243919516,-0.0002381797544682769,-0.00507342539208596,-0.006719657406783301,53.0167856637228,-110.03930021333242,510.1933810887225,6867.161616327701,0.0012199507648544287,52.95663317194258,2.59710572350389,241.32092332867563,205.45816611496417
15 Jul 2026 17:38:00.000000000,-257.7358998773397,4133.691565072192,5486.778266793655,-7.600092345964565,-0.39338474545755636,-0.06552240916232227,0.0003198546830790185,-0.005055984840048923,-0.006730058998935878,53.11588312116714,-103.98172020013142,509.9919862999608,6867.129069586175,0.0011877799946704978,52.95651568497437,2.590695762546709,245.04829378040807,205.54035653232535
15 Jul 2026 17:39:00.000000000,-712.8392954763611,4101.007617232633,5470.739636625912,-7.564464255414965,-0.6956881139877238,-0.4689108685694921,0.0008766161164418668,-0.005016467478374332,-0.00671099806247275,52.881277513822816,-97.94343445579584,509.6767745904479,6867.204311965917,0.0011413287512346978,52.95673797023726,2.58429570616892,248.54687002676903,205.85160032773913
15 Jul 2026 17:40:00.000000000,-1164.8046272625418,4050.269482757053,5430.549248498392,-7.4955266573389325,-0.9949727933854351,-0.8702878177656249,0.001429712644908639,-0.004955030103768528,-0.0066625394974446335,52.319183725712335,-92.0184986768018,509.2500488522344,6867.386061201427,0.0010812178866556276,52.957296030094135,2.5779618758596774,251.75455397355915,206.45398417224789
15 Jul 2026 17:41:00.000000000,-1611.641323134292,3981.6976072864336,5366.380621686872,-7.3935697610965745,-1.2899303967533329,-1.267894250635178,0.0019767632385723614,-0.004871918799332928,-0.0065848680866056105,51.44397677591956,-86.28929397648847,508.7159177861335,6867.671166210942,0.001008384375508831,52.95817994253673,2.571749446315367,254.58001550153415,207.43882603438476
15 Jul 2026 17:42:00.000000000,-2051.3804997883403,3895.5904441275957,5278.512412223216,-7.259026116816233,-1.5792699281959244,-1.6599857859674838,0.002515405929531379,-0.004767468597198553,-0.006478288534991213,50.27647783926244,-80.81970908110209,508.08024168913465,6868.05465975946,0.0009241376374701283,52.95937403249101,2.5657114721148653,256.8850117462399,208.94435626444726
15 Jul 2026 17:43:00.000000000,-2482.0834636417253,3792.323250826866,5167.32731957778,-7.092469226160253,-1.8617231064630948,-2.044839859664703,0.003043306166100748,-0.0046421030020932725,-0.006343225331121169,48.841765332042115,-75.65222412353597,507.3505490783471,6868.529842568793,0.0008302656982319022,52.96085714460177,2.5598979508209374,258.45308353128877,211.1870215153573
15 Jul 2026 17:44:00.000000000,-2901.850113256729,3672.346567305315,5033.310562260933,-6.89461164594265,-2.136049655129429,-2.420762902392204,0.003558165373462077,-0.004496333343293444,-0.006180222388941538,47.16698414355173,-70.80862644074817,506.53592526917635,6869.088397582739,0.0007292482635247463,52.96260301284496,2.554354939007823,258.9324831776747,214.51855727071185
15 Jul 2026 17:45:00.000000000,-3308.8272124711802,3536.184377905027,4877.047923622794,-6.6663025712118955,-2.4010425478775446,-2.7860974880503937,0.004057729751593799,-0.004330757914442832,-0.005989942418247566,45.279498817933984,-66.2931867105301,505.64687445348244,6869.720532594569,0.0006247049427316743,52.964580720607714,2.549123736907443,257.7316847709162,219.53047789171114
15 Jul 2026 17:46:00.000000000,-3701.2165025821264,3384.4319604591774,4699.223370099917,-6.408524882995918,-2.6555331948240615,-3.139229435039557,0.004539799327581129,-0.004146060856571503,-0.005773165964922904,43.20555169201069,-62.09691903745559,504.69515724623244,6870.415148960836,0.0005223613210350428,52.96675524327004,2.5442401560830383,253.844160269014,227.229300794
15 Jul 2026 17:47:00.000000000,-4077.2826210204476,3217.753426422794,4500.616245353448,-6.122391645494858,-2.898396552911168,-3.4785948384056824,0.005002237257636356,-0.003943010730536169,-0.005530790049071814,40.969430711560584,-58.201839351389005,503.6936060835485,6871.160033669527,0.00043201811953380077,52.969088063852496,2.5397338832146663,245.68441727826053,239.20050892194413
15 Jul 2026 17:48:00.000000000,-4435.360793048257,3036.8789572107935,4282.0980451819,-5.809142038218424,-3.128556140282831,-3.8026870067872616,0.005442979358118362,-0.003722458728587459,-0.0052638263327145695,38.59306056180104,-54.58459530604819,502.65592125404123,6871.942071605748,0.0003702297692530331,52.97153785098463,2.535627951342467,231.6647176778951,257.0318323346159
15 Jul 2026 17:49:00.000000000,-4773.864262186222,2842.6017431815553,4044.6287797904783,-5.470136710465791,-3.344988931445529,-4.110063273805713,0.005860043824318742,-0.003485336473877256,-0.004973398746526627,36.09589994035991,-51.21923798800491,501.5964507228879,6872.74747447608,0.0003574441358477521,52.974061187322974,2.531938328114233,213.20374445037376,279.3045815427278
15 Jul 2026 17:50:00.000000000,-5091.291424401608,2635.7746331871244,3789.2529319518812,-5.106852548661427,-3.5467301070026553,-4.399351649365475,0.006251541073821098,-0.003232653358567469,-0.0046607405063220355,33.495034971850785,-48.0791576739307,500.52995725475563,6873.5620225188895,0.0004003181026632156,52.97661333562837,2.5286736284633275,196.4287301315731,299.8915191790663
15 Jul 2026 17:51:00.000000000,-5386.232630641871,2417.306504256985,3517.095021791577,-4.720876851351794,-3.7328776290262704,-4.669257272446577,0.006615683632803663,-0.002965493378244951,-0.004327190458375587,30.80538237100511,-45.13832437124347,499.4713766483171,6874.371314851688,0.0004835970595667125,52.97914902901479,2.5258349570438132,185.44048846356128,314.6918284175653
15 Jul 2026 17:52:00.000000000,-5657.376622135093,2188.1583627944533,3229.354791349692,-4.31390091207425,-3.902596610798881,-4.918568623578663,0.00695079596865406,-0.002685011429353899,-0.0039741887039243876,28.0399421083298,-42.37200420694669,498.4355711506817,6875.161024095298,0.0005880063598002166,52.981623271420894,2.5234158833829192,179.61378410503414,324.3307432846175
15 Jul 2026 17:53:00.000000000,-5903.516563082889,1949.339190587071,2927.302024671635,-3.88771301668149,-4.055123447887832,-5.146163452466794,0.007255324153362317,-0.002392429044004425,-0.0036032714622953577,25.210061479660194,-39.75710767128376,497.4370823140095,6875.91715077652,0.0007007260688614297,52.98399213414072,2.5214025504370157,177.17482634260423,330.58205491912145
15 Jul 2026 17:54:00.000000000,-6123.555635976482,1701.901550954303,2612.2710219178766,-3.4441908688934406,-4.189769676387684,-5.351014374349233,0.007527845231848044,-0.0020890295497969532,-0.0032160651493324064,22.325688809495112,-37.272293916267294,496.48988767812733,6876.626272950582,0.000814233427068616,52.986213534285696,2.519773914820833,176.83434659925274,334.73503398562207
15 Jul 2026 17:55:00.000000000,-6316.512165826154,1446.93697241911,2285.654748806218,-2.985293465638772,-4.305925523792881,-5.532194087739276,0.0077670761642108545,-0.0017761526560528572,-0.0028142796657231878,19.395605996286154,-34.89792207576502,495.60716570248957,6877.275786509625,0.0009238510146219705,52.98824798133717,2.518502114663776,177.8195653090542,337.56246367304755
15 Jul 2026 17:56:00.000000000,-6481.52424113493,1185.5711293545492,1948.8986855409516,-2.5130524519032833,-4.403063118400042,-5.688880166338437,0.007971882201164317,-0.0014551884796443497,-0.0023997009051142325,16.427635970219434,-32.61591235650702,494.8010733200992,6877.854131754114,0.0010263789685127614,52.99005927848472,2.5175529587506276,179.67536554723526,339.5194658925602
15 Jul 2026 17:57:00.000000000,-6617.853801481325,918.9588410698337,1603.494402181496,-2.0295629930705785,-4.480739324425314,-5.820359379163347,0.008141284557980372,-0.0011275710400591127,-0.001974182513923853,13.42882513864046,-30.409558068718486,494.08254033955285,6878.351002005159,0.0011194536040496693,52.99161516621951,2.5168865284364377,182.12597990965554,340.8818141839097
15 Jul 2026 17:58:00.000000000,-6724.890164101135,648.2789127128884,1250.972890091327,-1.5369742108560693,-4.538598172160534,-5.9260314953248505,0.008274467251179056,-0.0007947712656365216,-0.0015396369512254576,10.405603053268843,-28.26331428264139,493.46108467590966,6878.757530323176,0.001201250099093661,52.992887896654096,2.5164578818074546,184.99762177533836,341.8233022009525
15 Jul 2026 17:59:00.000000000,-6802.152964859839,374.7288431275833,892.8976816131749,-1.037479236626927,-4.576372855456559,-6.005412533416234,0.008370782981110965,-0.0004582895682126092,-0.0010980259182611302,7.3639225717445695,-26.162578167098914,492.94465204764447,6879.066450771872,0.0012703412744634716,52.99385472825148,2.516217847691763,188.17632639325228,342.4579023402107
15 Jul 2026 18:00:00.000000000,-6849.294492448796,99.51942636367707,530.8577923792069,-0.5333049429145245,-4.593887272556689,-6.058137420042163,0.00842975794146032,-0.00011964805311870737,-0.0006513502399852837,4.309384187565574,-24.09346900805,492.5394833392523,6879.272231118232,0.0013256285234098482,52.99449833204662,2.516113895492281,191.58446865388058,342.8632476576742
15 Jul 2026 18:01:00.000000000,-6866.101398473316,-176.13072514964466,166.46052262646313,-0.026701420024300915,-4.5910570907199135,-6.083962027550156,0.008451095472542613,0.00021961755550024622,-0.0002016393002639545,1.2473482739191364,-22.042611354953248,492.2500123055338,6879.371174381942,0.001366306804149624,52.994807102008664,2.516091065463554,195.16720026494636,343.0941943607632
15 Jul 2026 18:02:00.000000000,-6852.495770268061,-451.00070672140413,-198.67584451146186,0.48006873037927866,-4.567890320059605,-6.0827645673764055,0.008434678478536926,0.000557966187561183,0.00024905985871419045,-1.8169610849174314,-19.996921906194743,492.0787956960634,6879.361487231692,0.0013918456386548602,52.9947753638935,2.5160929429084855,198.88428593511992,343.19098527838526
15 Jul 2026 18:03:00.000000000,-6808.535557701407,-723.8728670416498,-562.9294085591101,0.9847412091532868,-4.52448738744564,-6.054546322416996,0.008380570565405372,0.000893859804654548,0.0006986936512339142,-4.87835710654716,-17.943399072046784,492.02647722107827,6879.243313855993,0.001401977138186777,52.994403478745895,2.5160626589547817,202.7049595887023,343.1843932931559
15 Jul 2026 18:04:00.000000000,-6734.414349835658,-993.538343207188,-924.6820411527445,1.4850608632132598,-4.461040707024433,-5.999431709293049,0.008289015866724241,0.0012257717856355604,0.0011452131500603346,-7.931592678593507,-15.868913294986477,492.0917860823095,6879.018734602267,0.0013966864081642488,52.99369783909025,2.515943900111491,206.60450058922206,343.0991447651263
15 Jul 2026 18:05:00.000000000,-6630.460502006181,-1258.8025549420697,-1282.3267591231156,1.9787924801511945,-4.377833749739959,-5.917667669084569,0.008160437567684163,0.0015521952234810895,0.0015865852465997527,-10.971260615270342,-13.759995974528278,492.2715700723148,6878.691729360871,0.0013762018775837221,52.99267075777354,2.5156819085516577,210.56178011135452,342.9563728149176
15 Jul 2026 18:06:00.000000000,-6497.135618579136,-1518.4906281495082,-1634.2750410818521,2.463731456136404,-4.275239620022116,-5.809622392843159,0.00799543514312366,0.0018716510376477794,0.002020803640962292,-13.99168829401068,-11.60262518568283,492.5608625254041,6878.268106356356,0.0013409842874812046,52.99134025134926,2.515224455274259,214.55730647930886,342.775571655373
15 Jul 2026 18:07:00.000000000,-6335.0324012548435,-1771.452718584887,-1978.9640479845314,2.937714261563431,-4.153719153381778,-5.675783395738462,0.007794780366486767,0.0021826958123640715,0.002445899539342873,-16.986823069496275,-9.382007375549323,492.9529817032102,6877.755397680675,0.001291713781008541,52.98972972178857,2.51452276871994,218.57142564842906,342.5763958020209
15 Jul 2026 18:08:00.000000000,-6144.871877214448,-2016.5692074245603,-2314.863709180099,3.3986286325936113,-4.013818553857032,-5.516754960835885,0.007559412158614793,0.00248392927752651,0.0028599519437863675,-19.95010475012533,-7.082356091296141,493.43966053731805,6877.162723544507,0.0012292750255723179,52.98786754213568,2.5135324022173995,222.58235848110263,342.38062251792695
15 Jul 2026 18:09:00.000000000,-5927.500025581781,-2252.755741786716,-2640.4836369053623,3.844423421706973,-3.8561665949499857,-5.333254980046543,0.0072904303729557415,0.002774001360051114,0.00326109743257564,-22.874321360336115,-4.686671924094513,494.0112040495692,6876.5006278218125,0.0011547407230984256,52.98578655345762,2.512214024708744,226.56368418160264,342.21466813449933
15 Jul 2026 18:10:00.000000000,-5683.883824499519,-2478.96809482278,-2954.3798340225467,4.273118046494233,-3.6814714117411564,-5.126111225545805,0.0069890886200918555,0.0030516187418559012,0.003647539340019236,-25.75144452403637,-2.176532848064807,494.6566712416416,6875.78088800185,0.0010693543710556341,52.983523482039416,2.510534120574269,230.48066600512757,342.1132621388101
15 Jul 2026 18:11:00.000000000,-5415.106744616601,-2694.2068217206556,-3255.1611618713955,4.682811482817448,-3.4905169152258755,-4.896257089846648,0.006656786264675665,0.0033155508791452935,0.004017556267169485,-28.5724412968274,0.4680881515330269,495.3640778024009,6875.016303134818,0.0009745139451022747,52.981118287217065,2.5084655860134903,234.284334638533,342.1253636342654
15 Jul 2026 18:12:00.000000000,-5122.363717704963,-2897.521689998297,-3541.495537639229,5.071690756296245,-3.28415886237026,-4.644726836458211,0.006295059716187228,0.0035646354446929756,0.004369509865013723,-31.327060490014716,3.2689497035625235,496.1206156323225,6874.2204637498635,0.0008717597593512403,52.978613451494006,2.5059882112764504,237.90117571316097,342.3244737192591
15 Jul 2026 18:13:00.000000000,-4806.95561176445,-3088.0158644322305,-3812.1158331097895,5.438038893936582,-3.0633206171292113,-4.372650405867242,0.005905573155889922,0.0037977831744692055,0.00470185185651642,-34.003593994994695,6.24956773387784,496.91288493349043,6873.407508032045,0.0007627733387347528,52.976053225630075,2.5030890400852046,241.21377093752798,342.82799429847927
15 Jul 2026 18:14:00.000000000,-4470.283245952726,-3264.849829190228,-4065.825449491874,5.780242306059552,-2.828988638430871,-4.081247823115077,0.005490108835510441,0.004013982112279153,0.005013130280634126,-36.58861812608445,9.435071896242466,497.7271344626518,6872.591868763733,0.0006494032076915546,52.97348284220478,2.4997625998285344,244.02144376361852,343.8365824158008
15 Jul 2026 18:15:00.000000000,-4113.840980268903,-3427.2450318720403,-4301.503545788728,6.096797576695997,-2.582207731139935,-3.7718232537475926,0.005050557077583918,0.004212301258388289,0.005301994958172617,-39.06672763293639,12.851794666693982,498.5495054904711,6871.7880156629935,0.0005337593908494086,52.970947711724655,2.4960109984001453,245.95247667616897,345.72193302053387
15 Jul 2026 18:16:00.000000000,-3739.2099159365544,-3574.4872363382337,-4518.109901016438,6.386317648358903,-2.324076095170233,-3.445758754277143,0.004588906103584862,0.004391893643288816,0.005567202199871979,-41.42028709874027,16.52646089829202,499.36627504754074,6871.010197788396,0.000418503225849438,52.96849261565743,2.491843885964849,246.24536195108487,349.24552832170554
15 Jul 2026 18:17:00.000000000,-3348.050743221095,-3705.929573209696,-4714.689393217849,6.647537394037695,-2.055740206529563,-3.104507761878351,0.004107231797610212,0.004551998853913252,0.005807618786342028,-43.6292421207744,20.484815070205986,500.1640941584691,6870.272190628849,0.000307784692434177,52.96616091082702,2.487278282368599,243.1329506435843,356.174488967905
15 Jul 2026 18:18:00.000000000,-2942.0962734188197,-3820.9952789918316,-4890.376080996369,6.879318575719126,-1.778389561835203,-2.7495883654519226,0.00360768750721318,0.004691945055918754,0.006022225271710829,-45.671056151190605,24.74951430498432,500.9302169608206,6869.587052361584,0.0002106998810936812,52.963993759392174,2.4823382733357753,232.02648137686262,11.097545481430775
15 Jul 2026 18:19:00.000000000,-2523.1436918306495,-3919.180116504634,-5044.39687561786,7.0806541938285825,-1.493251315425006,-2.382576397284288,0.0030924939546409683,0.004811150552923901,0.006210118660959713,-47.52086559608959,29.33715951240692,501.652716864281,6868.966893549608,0.0001530327472743064,52.96202939816421,2.477054580924868,203.81016747192638,43.13045140250017
15 Jul 2026 18:20:00.000000000,-2093.0465680174857,-4000.054471010374,-5176.074794058401,7.250672236258316,-1.20158483523437,-2.005098380860393,0.0025639293223081463,0.004909124936135744,0.0063705145282633375,-49.151967821223046,34.254480268487384,502.32068621731094,6868.422664266387,0.00017262041978838188,52.96030246030153,2.4714640160044046,168.51033164252775,82.24684891618784
15 Jul 2026 18:21:00.000000000,-1653.706659041534,-4063.2651178908995,-5284.831785382057,7.388638838622596,-0.904676200581305,-1.6188243665262472,0.0020243195502515944,0.004985469873668954,0.006502748639785821,-50.53675831179931,39.493974423582806,502.9244163026477,6867.9639622902005,0.0002458673962190197,52.9588433614652,2.4656088225912436,151.13028589000373,103.44338932263993
15 Jul 2026 18:22:00.000000000,-1207.0655406170708,-4108.536659022281,-5370.191124623722,7.493960869203749,-0.6038326619145609,-1.2254606826947716,0.0014760288677186564,0.005039879593074916,0.006606278150982331,-51.64819144493566,45.02972931085195,503.45555486975115,6867.598865610068,0.00033389785069702855,52.95767776135137,2.4595359258482894,145.74335206049932,112.64671288268441
15 Jul 2026 18:23:00.000000000,-755.0961002423203,-4135.672626103134,-5431.779369896366,7.566187952717572,-0.30037707961851506,-0.8267426263774574,0.0009214505579304626,0.005072141099077099,0.00668068243450514,-52.46173315892696,50.81460581653329,503.90723882281316,6867.333792039395,0.0004224855083146371,52.95682611014924,2.4532960972497206,145.47622205465504,116.73008904266786
15 Jul 2026 18:24:00.000000000,-299.7939255384786,-4144.55625012966,-5469.327879752183,7.605013946616886,0.004357643726178367,-0.42442711320282134,0.0003629979443986554,0.005082134177103997,0.006725663606892114,-52.95760484501717,56.78018689478862,504.2742001102129,6867.173388250102,0.0005067723361098267,52.956303287938695,2.446943051882655,147.6459145948855,118.3764601266202
15 Jul 2026 18:25:00.000000000,156.8313797883212,-4135.15089699862,-5482.673888931324,7.610277882303533,0.30903412555558324,-0.020285303893016957,-0.00019690443426961782,0.005069831208085706,0.006741046790037017,-53.122933970534824,62.84054746638434,504.5528432990517,6867.120450027298,0.000584674674939663,52.956118343363755,2.440532494037543,151.1634697436402,118.67474729519498
15 Jul 2026 18:26:00.000000000,612.7649206280939,-4107.500169880099,-5471.761141554083,7.581964381487177,0.6123160497775366,0.3839047784032267,-0.0007558294997182912,0.005035296828770272,0.006726780155365656,-52.95332310287013,68.899853521272,504.7412937622054,6867.175875011297,0.0006551574064160279,52.956274336131386,2.4341211281787274,155.5262110515737,118.12758888483897
15 Jul 2026 18:27:00.000000000,1065.9952446030122,-4061.7276795696916,-5436.6400816006335,7.520203555220717,0.9128736885217602,0.7863656274032369,-0.0013113562092775478,0.0049786874473863344,0.006682934766784148,-52.453418499906384,74.8623784753997,504.8394158519922,6867.338648646642,0.0007177074675131641,52.9567682860191,2.427765652933084,160.4750414837211,116.99404497132477
15 Jul 2026 18:28:00.000000000,1514.523054823214,-3998.03648453966,-5377.467601218899,7.425270390073546,1.2093893909138245,1.185327618162613,-0.0018610780843402366,0.004900250627165397,0.006609704242063329,-51.63631452391644,80.64249229807349,504.8488008813868,6867.605863504252,0.0007721357032210272,52.95759122916677,2.4215217560441045,165.86403592518323,115.42000534819627
15 Jul 2026 18:29:00.000000000,1956.3698706022337,-3916.708202897292,-5294.506348058154,7.29758362271149,1.5005630306535813,1.579036345540624,-0.0024026117436109014,0.004800324325471767,0.0065074042193110655,-50.521964793885964,86.17219105934306,504.7727251790749,6867.972771591452,0.0008184832081605961,52.95872838051097,2.4154431281367796,171.6044632668731,113.49416791177948
15 Jul 2026 18:30:00.000000000,2389.586605435322,-3818.1017989643215,-5188.12359349607,7.137704101073016,1.7851174036118647,1.9657599248751196,-0.0029336054918190067,0.004679335982200855,0.006376471622826532,-49.13502275629656,91.40478323734816,504.61607892705024,6868.432868718804,0.0008569641116654203,52.96015939932808,2.4095805128445287,177.63812369968937,111.2747018166588
15 Jul 2026 18:31:00.000000000,2812.2620313434363,-3702.6520477496547,-5058.789664358706,6.946332627596166,2.0618035655099587,2.343796241714823,-0.0034517480038461896,0.004537801427450397,0.006217463690545154,-47.50259946553168,96.314768073634,504.3852669270962,6868.9780094634825,0.0008879211069061052,52.961858753023066,2.4039808100874236,183.9234796160119,108.8031169954103
15 Jul 2026 18:32:00.000000000,3222.5310983251893,-3570.867681231523,-4907.075941574949,6.724307277773264,2.329406098088026,2.7114801353539155,-0.003954777135819412,0.004376323580490413,0.006031056727448193,-45.6523195557359,100.89497732937683,504.08808287321716,6869.598550759408,0.0009117848516405726,52.96379617256083,2.398686248360426,190.42789263649485,106.11202751769301
15 Jul 2026 18:33:00.000000000,3618.583077188498,-3423.3292211251387,-4733.652430199845,6.4726001858816655,2.5867482900790706,3.067190498209503,-0.004440488878384031,0.00419559089988629,0.005818044532200837,-43.610871913178336,105.15238214442195,503.73355912821114,6870.2835216635485,0.000929034165783526,52.96593719132339,2.393733640588792,197.12303556482476,103.22973997967469
15 Jul 2026 18:34:00.000000000,3998.6694935129017,-3260.6865037027114,-4539.284906415535,6.192313789205785,2.8326972169150073,3.409357269913434,-0.0049067464547826204,0.003996375545724574,0.005579336445034438,-41.40308359116493,109.1037381125653,503.3317944093724,6871.0208164012365,0.0009401566320663211,52.968243757713324,2.389153736644492,203.98211735362443,100.1830288349509
15 Jul 2026 18:35:00.000000000,4361.111819959292,-3083.6559032822643,-4324.831648500065,5.8846765225552335,3.066168700495266,3.736468301513043,-0.005351489544555843,0.0037795312072474926,0.005315954953610189,-39.05144082886143,112.7717857304953,502.89376217625426,6871.797407388707,0.0009456106614889965,52.97067491053807,2.3849706837978046,210.9782612659511,96.99875847759459
15 Jul 2026 18:36:00.000000000,4704.308893689981,-2893.017262198755,-4091.2397603516165,5.551037956448628,3.2861321277246214,4.047076061580705,-0.005772743597584173,0.0035459905533179294,0.005029032798235091,-36.5759404656792,116.18229976064026,502.43110287537206,6872.599574575332,0.0009457909330301284,52.97318750512354,2.3812016045233153,218.0837008388133,93.70468746687759
15 Jul 2026 18:37:00.000000000,5026.744025323776,-2689.610536436607,-3839.5410979733724,5.192863375014768,3.491615103971061,4.339804152498176,-0.006168629186701649,0.0032967622662651566,0.004719809521137423,-33.99415734652426,119.3619988346738,501.95590352514307,6873.4131471471,0.0009409995270847932,52.97573697723719,2.377856298892625,225.26960234732002,90.32964619190692
15 Jul 2026 18:38:00.000000000,5326.991765726784,-2474.332167601273,-3570.8478113457118,4.81172779341146,3.681707915294448,4.613353601909545,-0.006537371324071943,0.0030329276208103913,0.004389627404921054,-31.321435635767326,122.33718591142863,501.4804684104052,6874.223753394637,0.0009314250611211712,52.97827813126312,2.3749370766500904,232.50637454867206,86.90322719482289
15 Jul 2026 18:39:00.000000000,5603.724297064303,-2248.13119354572,-3286.3475163189773,4.409309419324348,3.85556777134396,4.866508891500023,-0.006877308657454522,0.0027556365817931637,0.004039926760887255,-28.5711386963379,125.13294744397062,501.01708489000436,6875.017074378418,0.0009171317028763265,52.9807659386771,2.3724387216954548,239.76433304713618,83.45512081027637
15 Jul 2026 18:40:00.000000000,5855.7174149884095,-2012.005111698876,-2987.2981135180207,3.9873825687476674,4.012422799371465,5.098143683028554,-0.007186902442803669,0.002466103399488859,0.003672240533672322,-25.754915575861492,127.77274898386956,500.57778849368157,6875.7790969270145,0.0008980591325369662,52.9831563327214,2.3703485894159915,247.0145772456379,80.01423815542135
15 Jul 2026 18:41:00.000000000,6081.856069645721,-1766.9955109539223,-2675.022273714352,3.5478100526189373,4.151575758938781,5.307226200068566,-0.007464745186352729,0.002165601695533876,0.0032881882074618433,-22.882959703695512,130.27829572245452,500.17413158619536,6876.49636148483,0.0008740334818658685,52.98540698528062,2.368646834897319,254.22993286562982,76.60776848966674
15 Jul 2026 18:42:00.000000000,6281.13943440933,-1514.1834897990511,-2350.901611641981,3.0925350577654287,4.27240744671782,5.492824223311596,-0.0077095688296659965,0.0018554590392896465,0.0028894690071503745,-19.964247361400055,132.6695605515301,499.8169598991735,6877.156200387282,0.0008447881884818299,52.98747805230525,2.3673067678392137,261.38582429021255,73.26030669114795
15 Jul 2026 18:43:00.000000000,6452.685472869818,-1254.6848802117192,-2016.370572763931,2.6235725528425053,4.3743797613170585,5.654109657643154,-0.007920252368952649,0.0015370510346131084,0.002477854415445949,-17.006751041998573,134.9649118727532,499.51620116725155,6877.74696228501,0.0008099927736480444,52.98933287471554,2.3662953276890915,268.46097142184317,69.99315616141422
15 Jul 2026 18:44:00.000000000,6595.7349767048845,-989.6452985897831,-1672.9100599555218,2.143000257206792,4.457038399386512,5.790362630576201,-0.008095828773670034,0.0012117949406600696,0.0020551800304903973,-14.017627265357365,137.18129635889002,499.2806699505449,6878.258218664554,0.0007692869406585247,52.99093862252913,2.365573670501367,275.43785057038923,66.82386764642355
15 Jul 2026 18:45:00.000000000,6709.655049545003,-720.2350466762398,-1322.0408294273052,1.6529492177962224,4.520015156316545,5.900975084016302,-0.008235491101942936,0.0008811428714182656,0.0016233368182233926,-11.003380846512865,139.3344484864084,499.11789247771617,6878.68094871787,0.0007223171683774591,52.99226687097778,2.365097856984396,282.3029093698772,63.76602398010179
15 Jul 2026 18:46:00.000000000,6793.942014878386,-447.6438869332343,-965.316687374849,1.1555940457666916,4.5630298076638915,5.985453824729148,-0.008338597693761041,0.0005465746240253319,0.0011842618198596106,-7.970008803830846,141.43911012999985,499.0339550043171,6879.007699193836,0.0006687731148632771,52.99329409859581,2.364819629575416,289.04657448318625,60.829231996666714
15 Jul 2026 18:47:00.000000000,6848.223729331033,-173.07571816690262,-604.3175207855126,0.6531428707037277,4.585891550919928,6.043423003205512,-0.008404676361696162,0.00020959020148672572,0.0007399283977078329,-4.923127571886811,143.50925115744334,499.03337875425484,6879.232716314267,0.0006084215532276623,52.994002098646625,2.3646872647443087,295.66313776664697,58.01923594580629
15 Jul 2026 18:48:00.000000000,6872.261286293738,102.25682170792653,-240.6421974724627,0.14782707540390014,4.588499991327409,6.074625995786153,-0.008433427484628862,-0.00012829789949349315,0.0002923361082999364,-1.8680872860757525,145.55828691251583,499.1190240057682,6879.352047347133,0.0005411361112346966,52.99437829678712,2.364646485492041,302.1506679815919,55.33800533038272
15 Jul 2026 18:49:00.000000000,6865.950098772752,377.13779802661224,124.09862826377383,-0.3581091216113137,4.570845660028665,6.078926670776634,-0.008424725961573206,-0.00046557255424038013,-0.00015649969122931223,1.1899231615637444,147.59929157588442,499.29202530890274,6879.363609990074,0.00046692166334624764,52.994415969519416,2.364641417996297,308.5112313255055,52.78351390106301
15 Jul 2026 18:50:00.000000000,6829.320354460994,650.3534385689222,488.2897670078357,-0.8624191657358444,4.533010057776133,6.056310025705326,-0.008378621972398206,-0.000800719945516197,-0.0006045583948553916,4.245776712168421,149.64520824629636,499.551759192888,6879.2672283166485,0.0003859327498433592,52.994114359720164,2.3646155755476834,314.75213650137107,50.348494096794994
15 Jul 2026 18:51:00.000000000,6762.536840278605,920.6975810568354,850.3187647280482,-1.362864676286146,4.475165222612245,6.0068821896687385,-0.008295340542342223,-0.0011322374810625604,-0.001049824741225076,7.294310889219343,151.70905757367592,499.89584505635486,6879.064634662353,0.00029848584361709336,52.99347868733746,2.3645128525968535,320.8906597337897,48.01571153014959
15 Jul 2026 18:52:00.000000000,6665.898137942174,1186.9770804806826,1208.5831543572272,-1.857225894784999,4.3975728251825466,5.930869791682777,-0.008175279902313532,-0.0014586416052361467,-0.0014902993324038447,10.330229264248983,153.80414712150548,500.3201792486951,6878.759437464629,0.00020506573465001827,52.99252005517362,2.3642785114407294,326.9742181239911,45.73779113321202
15 Jul 2026 18:53:00.000000000,6539.835196408323,1448.0171481624086,1561.4976506648145,-2.3433120004889334,4.300582800534412,5.8286187029149685,-0.008019008690274892,-0.0017784754208842615,-0.0019240089639436366,13.347998174391407,155.94428341773641,500.81900166685915,6878.3570557060175,0.0001063278640599668,52.991255251499325,2.3638601443600256,333.22076889409846,43.296817421281894
15 Jul 2026 18:54:00.000000000,6384.909291219802,1702.666595140413,1907.501251313514,-2.8189712245358183,4.184631530224629,5.700592167412586,-0.007827262030564292,-0.0020903160400080286,-0.0023490166557737237,16.341735147510885,158.1439878235649,501.38499352738535,6877.864621227948,3.4880872036059894e-06,52.989706453034294,2.363208594332883,6.560445634818373,13.762697767776134
15 Jul 2026 18:55:00.000000000,6201.80938478157,1949.8029534446046,2245.0642080448793,-3.282100697753139,4.050239593166018,5.547368342278533,-0.00760093657069316,-0.0023927815909897455,-0.0027634312834936927,19.30508538142781,160.41871572461153,502.0094043469072,6877.2908507724915,0.00010373771462078265,52.98790083355928,2.3622788183663674,162.67913083994463,221.44958941411625
15 Jul 2026 18:56:00.000000000,5991.3489053439325,2188.3374500469336,2572.6948333674663,-3.730655971963976,3.8980091077705317,5.3696372739994995,-0.007341084561868092,-0.0026845378182673253,-0.0031654167198671536,22.23108254382246,162.78507578826753,502.6822055923089,6876.645890156654,0.00021294951141184924,52.98587008505648,2.3610306783123103,168.62441255150281,219.30994239761728
15 Jul 2026 18:57:00.000000000,5754.461965920492,2417.219809730306,2888.9461098336487,-4.1626601603709545,3.7286206914832913,5.168197342669229,-0.007048907086807039,-0.0029643042212648273,-0.0035532004098546856,25.11199021424778,165.26104159534233,503.39226795788596,6875.94113347801,0.0003233673670425376,52.98364985978973,2.359429645457469,174.14703183617831,217.59305168270512
15 Jul 2026 18:58:00.000000000,5492.199047378064,2635.4428648248404,3192.422071099974,-4.576212649266105,3.5428300666084045,4.943951209958591,-0.006725746547087976,-0.003230859690498048,-0.00392508131668987,27.93912066221131,167.86614106462346,504.1275588032426,6875.1890206835715,0.0004336589348922642,52.98127914309974,2.35744740656592,179.4924892817326,216.05345031317165
15 Jul 2026 18:59:00.000000000,5205.722172710014,2842.0469514487586,3481.783926032653,-4.96949734019585,3.3414643435054336,4.697901309990779,-0.006373078537077495,-0.003483047614017285,-0.0042794371959502375,30.7026286406357,170.62159869308,504.8753559481248,6874.402817195551,0.0005424181902172817,52.97879956788993,2.3550623608925934,184.7118981313826,214.64005597115568
15 Jul 2026 19:00:00.000000000,4896.299601604747,3036.124073926024,3755.755899721758,-5.3407903894043045,3.125418013469917,4.431144924360904,-0.005992503225232283,-0.003719780437677346,-0.004614731168540798,33.39127994987971,173.55039046494204,505.6224737756668,6873.596379576028,0.000648188629657679,52.9762546827814,2.352259999465412,189.82425746659877,213.33389753757146
15 Jul 2026 19:01:00.000000000,4565.300076288415,3216.8218209192382,4013.1307676389997,-5.688467418703356,2.895648684209311,4.144868883770145,-0.005585736367154146,-0.003940043676101926,-0.0049295175811833215,35.992198397613826,176.67715007342997,506.3554974421031,6872.783911421502,0.0007494899235348026,52.97368918672019,2.349033160046018,194.8389741334681,212.12559296156562
15 Jul 2026 19:02:00.000000000,4214.186650922453,3383.3470188221117,4252.775061778935,-6.011010179333071,2.653172590577797,3.8403439388492164,-0.00515460007426332,-0.004142899386821773,-0.00522244716365361,38.49060144516968,-179.97216275414684,507.0610209279487,6871.979713807708,0.0008448456875622293,52.971148143397365,2.3453821533217276,199.76135416622287,211.00985768785176
15 Jul 2026 19:03:00.000000000,3844.510137789673,3534.9691098653543,4473.633930124547,-6.307012657274103,2.399059912331947,3.5189188419529884,-0.004701013443007628,-0.004327489124988781,-0.005492271499805394,40.86954553853592,-176.37095409594568,507.72588468772636,6871.197934656364,0.0009328116498921165,52.96867618919678,2.3413147581165945,204.59433895257857,209.98376839826713
15 Jul 2026 19:04:00.000000000,3457.902203902985,3671.023244298807,4674.735633314813,-6.575186614906166,2.1344299290290447,3.1820141799006643,-0.004226983150730661,-0.004493036414314617,-0.005737846853603636,43.10971812578824,-172.4932022960849,508.33740875532004,6870.452321367847,0.0010120036682604704,52.96631674849798,2.336846085666772,209.33910040175923,209.0461678078754
15 Jul 2026 19:05:00.000000000,3056.0681519773466,3790.9130776850393,4855.195664620936,-6.814366569294381,1.8604460401956215,2.831115995300619,-0.00373459409522904,-0.00463884876713705,-0.005958137389432226,45.18933520691822,-168.31535013127336,508.8836173312238,6869.75598096597,0.0010811251115713768,52.964111270041755,2.3319983153034647,213.99519130714685,208.19751432218163
15 Jul 2026 19:06:00.000000000,2640.779419417762,3894.1132660141793,5014.220481609588,-7.023514212103121,1.5783106762859966,2.467769230897998,-0.003226000154049736,-0.004764319305678459,-0.006152217851616192,47.08422932321026,-163.81902703422125,509.35345110717077,6869.121151831036,0.00113899317022582,52.96209849770625,2.3268003060918616,218.560466827909,207.43996063012847
15 Jul 2026 19:07:00.000000000,2213.8658286364193,3980.1716527675662,5151.110839801349,-7.201722279605995,1.2892601231883152,2.0935710279081863,-0.0027034151049500537,-0.004868928025167088,-0.0063192757549229055,48.768236977543246,-158.9946335138055,509.7369638629916,6868.558990868363,0.0011845637192142392,52.96031378845386,2.321287091153673,223.0308394966261,206.7775988232185
15 Jul 2026 19:08:00.000000000,1777.2076214129352,4048.7111433426,5265.2647204016885,-7.348217883685849,0.994559280073404,1.7101639054924507,-0.002169103744623846,-0.004952242755417553,-0.006458613159339192,50.21400315616807,-153.84557641756595,510.0255001901243,6868.0793796703,0.0012169544376662306,52.95878848940022,2.3154992634433826,227.3998656241687,206.21687416616007
15 Jul 2026 19:09:00.000000000,1332.7273093072804,4099.43126335165,5356.179845709056,-7.462365315989303,0.6954963674214015,1.3192288446579998,-0.001625373212545472,-0.0050139198634721015,-0.006569648085548484,51.394292690593055,-148.3925537718266,510.2118515478654,6867.690752892842,0.001235465998809672,52.957549384940876,2.3094822636375354,231.65811979562827,205.76721082110515
15 Jul 2026 19:10:00.000000000,882.3813713997993,4132.109398232556,5423.4557770955535,-7.543668337552502,0.3933775992466667,0.9224782961179504,-0.0010745645171162984,-0.0050537047486791066,-0.006651915639710332,52.28381100002083,-142.67682792410633,510.2903882339497,6867.399951685924,0.0012396013037625857,52.9566182236646,2.3032855824966365,235.7922716181102,205.44193535972246
15 Jul 2026 19:11:00.000000000,428.15182989172155,4146.601712376739,5466.795591531904,-7.591771965337903,0.08952183097156022,0.5216491281780709,-0.0005190442376834976,-0.005071432161820562,-0.006705068891303039,52.861383688033115,-136.76111695192904,510.25716524396586,6867.21210459745,0.001229082974105321,52.956011333406046,2.2969618916125243,239.7837187212174,205.25964405677553
15 Jul 2026 19:12:00.000000000,-27.962266527594235,4142.843746600655,5486.007133500415,-7.606463765315664,-0.2147448077525351,0.11849552773482724,3.880363101003066e-05,-0.005067026390009455,-0.006728879561432808,53.11215929849453,-130.7269029471977,510.11000039961414,6867.130537921223,0.001203869703987876,52.955739331266706,2.290566117662284,243.6065321940871,205.24625777516357
15 Jul 2026 19:13:00.000000000,-483.9534221743081,4120.850693296568,5481.003839851062,-7.587674659163698,-0.518094287679267,-0.2852181349313786,0.000596585742885853,-0.005040501322288744,-0.006723238544437826,53.02936597316699,-124.6678192378787,509.8485235396136,6867.156716983484,0.0011641727245814803,52.95580693378704,2.284154476357742,247.22430103739225,205.43817785751042
15 Jul 2026 19:14:00.000000000,-937.8143076768376,4080.7173490201985,5451.805135737173,-7.535479248520952,-0.819202055557906,-0.6877244685358919,0.0011519074274629363,-0.004991960414918168,-0.006688156291030218,52.615170333892415,-118.68014497461377,509.4741959868432,6867.290219368544,0.001110474799856693,52.95621287071383,2.277783482935522,250.5851556633679,205.8872629843084
15 Jul 2026 19:15:00.000000000,-1387.5463782057502,4022.6177446473685,5398.536400272085,-7.450095657233101,-1.116752404699505,-1.087260242172792,0.0017023807401861913,-0.004921596556425091,-0.006623763056349883,51.880395585507195,-112.85263500384532,508.9902999290285,6867.528740575271,0.0010435563788145023,52.956949904003245,2.2715089565722244,253.613676553359,206.66892088205935
15 Jul 2026 19:16:00.000000000,-1831.168467644117,3946.8044535949407,5321.428501024714,-7.3318848884048755,-1.4094438343703204,-1.482073577518969,0.002245632596628957,-0.0048296918267703125,-0.0065303090086052526,50.84318042761052,-107.25820747853082,508.4018977771394,6867.868132079975,0.0009645379397682414,52.95800495186189,2.2653850361544934,256.19728484992567,207.89571809715497
15 Jul 2026 19:17:00.000000000,-2266.7253294383772,3853.6075789905103,5220.816896972944,-7.181349689554881,-1.6959943910884097,-1.870431142816292,0.0027793130459296722,-0.004716617128462064,-0.006408164171625701,49.52694509138775,-101.94920553968683,507.7157619942848,6868.302471262132,0.00087495687125069,52.95935931578951,2.259463224732729,258.16251474703597,209.74110796489654
15 Jul 2026 19:18:00.000000000,-2692.2960943529406,3743.433421133248,5097.1403101151445,-6.999132915997896,-1.9751469834780242,-2.2506253378651806,0.0033011037334523988,-0.0045828316657641885,-0.006257818172066195,47.95814835173683,-96.95656564548676,506.94027631734167,6868.824162132483,0.0007769179089183931,52.960989006778114,2.253791479476549,259.2322101026101,212.48223434236908
15 Jul 2026 19:19:00.000000000,-3106.0026146937103,3616.7628271409317,4950.9389666460465,-6.786015379967722,-2.2456746603922935,-2.620981456793173,0.0038087265893256457,-0.0044288822317932255,-0.006079879739492826,46.164252839243304,-92.29204623395847,506.085309722721,6869.4240652970375,0.0006734038611297465,52.962865165072515,2.248413363242924,258.9466480462094,216.57880832577504
15 Jul 2026 19:20:00.000000000,-3506.0176637390764,3474.149225368403,4782.852409483637,-6.5429131711557025,-2.5063858395678467,-2.979864812202669,0.004299952765749421,-0.004255402260239739,-0.0058750759027591986,44.172144500259414,-87.95215349181323,505.16206491281486,6870.0916550975935,0.0005689428210494622,52.96495456624352,2.243367272750112,256.52196699139745,222.81468053644508
15 Jul 2026 19:21:00.000000000,-3890.5729582262725,3316.2163480237004,4593.616885022988,-6.270874433435688,-2.756129471289873,-3.3256878006174935,0.004772611830621331,-0.004063110594143472,-0.005644250819602266,42.00707504148883,-83.92250621345069,504.1829035187822,6870.815201401152,0.00047103728435065175,52.967220204788575,2.2386857571178624,250.64621182868322,232.50179619390104
15 Jul 2026 19:22:00.000000000,-4257.9669708200145,3143.65564642788,4384.062308315422,-5.971075582715551,-2.9938001185037213,-3.6569168850935663,0.00522460120348499,-0.003852809917909077,-0.005388364166943959,39.692074040965856,-80.18180132102299,503.1611506217095,6871.581973070361,0.0003927577971529659,52.969621945090175,2.234394938895259,239.51691114684198,247.44261812314537
15 Jul 2026 19:23:00.000000000,-4606.5724986109,2957.223404567016,4155.1088124528915,-5.644816952190948,-3.2183429316760557,-3.9720794666020103,0.00565389580280343,-0.0036253848018630488,-0.005108489022758827,37.24772140965424,-76.70498541609984,502.1108815825349,6872.378459744745,0.0003540709801673204,52.97211722835072,2.2305140479921812,222.54598043543987,268.22522373898056
15 Jul 2026 19:24:00.000000000,-4934.843952936115,2757.737557975889,3907.762889770565,-5.293517853817045,-3.4287584936164373,-4.26977061155343,0.00605855784963732,-0.003381799307279604,-0.004805809167404822,34.69216375094348,-73.46555845829914,501.0466945328834,6873.190608206234,0.0003711167584396697,52.97466182310612,2.227055076906781,204.00118194394756,290.5818453284838
15 Jul 2026 19:25:00.000000000,-5241.324335240536,2546.074226564069,3643.1131345729273,-4.918711048562766,-3.6241075065757253,-4.5486595987839324,0.006436746759401167,-0.0031230941089521107,-0.004481615743862334,32.041276514684704,-70.4371101776747,499.9834722049553,6874.0040692988005,0.00043785328334456974,52.97721060612148,2.2240225635643696,190.04115685266623,308.35383797372623
15 Jul 2026 19:26:00.000000000,-5524.651863392914,2323.1639717318394,3362.3255994039373,-4.522036622901542,-3.8035152913841297,-4.807496245691609,0.006786729025917271,-0.0028503830930783395,-0.00413730321598278,29.308900032738237,-67.59425438039536,498.9361370586271,6874.804451130473,0.0005343250459071817,52.97971835990227,2.2214135057770874,181.95995758384348,320.2471472846816
15 Jul 2026 19:27:00.000000000,-5783.566212887849,2089.9877899957387,3066.638779408492,-4.105235274930924,-3.96617606632309,-5.04511697015779,0.007106887994950531,-0.0025648494034033664,-0.0037743645837724563,26.507101936281842,-64.9131274599015,497.9194038874991,6875.577574114136,0.0006443174160305928,52.98214057272533,2.219217409102547,178.11190626805666,327.90745092644454
15 Jul 2026 19:28:00.000000000,-6016.914337770825,1847.572857330243,2757.3582420081325,-3.670141020340847,-4.111356971949971,-5.26045054260648,0.007395733403953652,-0.0022677409152574166,-0.0033943858226325335,23.646437467835483,-62.371590641247494,496.9475342409649,6876.3097233065455,0.0007581383564575269,52.98443422701803,2.217416467427617,176.90761904326152,332.9241342636156
15 Jul 2026 19:29:00.000000000,-6223.6558369583445,1596.9880404840778,2435.8509219095504,-3.21867333598972,-4.238401807330915,-5.4525234811688845,0.007651910561652732,-0.001960365132586918,-0.002999039534071378,20.73619248508539,-59.94924167917091,496.03409707783,6876.987893491079,0.0008700050094608799,52.986558562083744,2.215985873308046,177.34711628836723,336.29718002113736
15 Jul 2026 19:30:00.000000000,-6402.867832936791,1339.33919360398,2103.539104295734,-2.7528287668552816,-4.346734443155222,-5.6204650425658285,0.007874209023229302,-0.0016440835127723681,-0.00259007780721626,17.784602526240914,-57.6273108155325,495.1917400578142,6877.600022520692,0.000976140989922392,52.988475797597495,2.214894252732711,178.84420773542269,338.6127830197062
15 Jul 2026 19:31:00.000000000,-6553.749331613535,1075.764260553619,1761.89412188559,-2.2746720303894024,-4.435861878054913,-5.763511762051021,0.00806157063493798,-0.0013203052442316572,-0.002169324318498612,14.79904647039364,-55.388491180220704,494.43197577541656,6878.135208597702,0.0010738479007179177,52.990151804961435,2.2141042168065472,181.05011008583503,340.21973236334105
15 Jul 2026 19:32:00.000000000,-6675.625034391109,807.4282052880911,1412.4297942820697,-1.7863266605178814,-4.50537690616043,-5.8810114976395855,0.00821309680081431,-0.0009904805089672453,-0.0017386657050317072,11.78621621946139,-53.21673569328201,493.7649870402143,6878.58390741477,0.0011610778703188282,52.99155671450941,2.2135730207025057,183.74949955533216,341.33335865839365
15 Jul 2026 19:33:00.000000000,-6767.948576306551,535.5177945009727,1056.6956406338365,-1.289965241466755,-4.554960366471084,-5.972426936850676,0.00832805485216956,-0.0006560932818126367,-0.0013000422749471247,8.752265304312719,-51.097039851294575,493.19945500875866,6878.9381054169535,0.001236233678168107,52.99266544766858,2.213253318305502,186.80395377055882,342.09209184579925
15 Jul 2026 19:34:00.000000000,-6830.305167317813,261.2362584243586,696.2698990093721,-0.7877992889530412,-4.584382947973496,-6.0373385282965755,0.008405883396798016,-0.0003186537274941486,-0.0008554381297578101,5.702939962084428,-49.015221243056814,492.74241357791544,6879.191465860603,0.00129807254443272,52.993458164502805,2.2130939992764405,190.1209453904363,342.58846727891824
15 Jul 2026 19:35:00.000000000,-6862.413617468651,-14.202142873486125,332.75238799395714,-0.28206884285674017,-4.593506528518498,-6.07544680555504,0.008446196554066879,2.030973009557078e-05,-0.00040687079333621105,2.643696424360194,-46.95770106151388,492.39913296383804,6879.3394448370755,0.0013456583358908841,52.99392061855454,2.213041093698,193.63628722206442,342.88668028320654
15 Jul 2026 19:36:00.000000000,-6864.1277306828915,-289.57761917730676,-32.2427522183288,0.22496815899440323,-4.582285030180781,-6.086574076755827,0.00844878698384534,0.00035925858393581197,4.361954760687134e-05,-0.42019186816523557,-44.91128934339756,492.17303482547464,6879.379374985722,0.0013783366379979314,52.99404441254572,2.2130387282980264,197.3037900464653,343.0329279890327
15 Jul 2026 19:37:00.000000000,-6835.437056247469,-563.6703863817589,-397.09440056304925,0.731046651960322,-4.550764779038931,-6.070665460031966,0.008413627658148444,0.0006966525742749376,0.0004939810729231713,-3.4835335089643773,-42.86297351943988,492.06564065976545,6879.310515232081,0.001395720290124053,52.9938271502605,2.213030117236159,201.0888991167239,343.06177248196616
15 Jul 2026 19:38:00.000000000,-6776.466991574691,-835.2662093482878,-760.1818380382808,1.2339052837491182,-4.499084362893226,-6.027789252258611,0.00834087233254553,0.0010309580784760703,0.0009421615044555169,-6.541121307702119,-40.799708660609106,492.07655451384227,6879.134065537641,0.0013976790834406715,52.99327248178565,2.212958569838194,204.96458010388815,343.00025450242305
15 Jul 2026 19:39:00.000000000,-6687.478234496598,-1103.1619211610682,-1119.8921326604232,1.731297243213729,-4.427473986221589,-5.958136626116729,0.008230854707043546,0.0013606564630758748,0.0013861192985686695,-9.58763394205492,-38.708207302137794,492.2034803477973,6878.853146325341,0.0013843303169775384,52.992390041190674,2.2127684972679886,208.9084866963075,342.87072549628397
15 Jul 2026 19:40:00.000000000,-6568.865588050506,-1366.17088872461,-1474.627486204921,2.2210010004480214,-4.336254327496206,-5.862020658265651,0.008084086290781927,0.001684252301567131,0.0018238347267530862,-12.617533597711114,-36.57472680521194,492.442273658538,6878.472742930631,0.00135602847453867,52.99119527766005,2.2124064002125317,212.9008305499653,342.6929773262327
15 Jul 2026 19:41:00.000000000,-6421.15612537577,-1623.1283951123921,-1822.812502885343,2.7008308813962083,-4.225834909679262,-5.739874699063594,0.007901253009086801,0.00200028136514873,0.0022533207189918696,-15.624956041890568,-34.38485289537876,492.7870262636584,6877.999616108032,0.001313353172109169,52.98970918300359,2.21182181987527,216.92256521692454,342.4860580238514
15 Jul 2026 19:42:00.000000000,-6245.006726865771,-1872.896909897373,-2162.9013409630875,3.16864740321246,-4.096712000121267,-5.592250101624162,0.007683210614203608,0.002307318299636905,0.0026726333510848303,-18.603589465478642,-32.123279450022835,493.2301824634954,6877.442180281493,0.0012570950883672466,52.98795792033538,2.210968235284608,220.95356777344898,342.2700898677688
15 Jul 2026 19:43:00.000000000,-6041.201006026895,-2114.3712198133635,-2493.3847095423203,3.6223673009728783,-3.949466061053502,-5.419813334834984,0.007430978982802041,0.0026039839099687846,0.0030798818670176214,-21.54653833271231,-29.77358710223191,493.7626841686896,6876.810351845198,0.00118824002135828,52.985972360494095,2.2098038908141504,224.97048005893183,342.06842788312935
15 Jul 2026 19:44:00.000000000,-5810.645644479419,-2346.483393537096,-2812.7966744938076,4.059973181967415,-3.7847587762376484,-5.223342511084108,0.007145735404524975,0.0028889519852997162,0.0034732381417040673,-24.44616849050284,-27.31802728320888,494.37414201699,6876.115370390551,0.0011079516501071875,52.98378753444205,2.208292539109468,228.94373777228975,341.91063052198484
15 Jul 2026 19:45:00.000000000,-5554.366160257957,-2568.2075559438517,-3119.7212393336863,4.479522750217375,-3.603329683096601,-5.003723364788061,0.006828806976973479,0.003160955609002732,0.003850945503664248,-27.293930074573023,-24.737324676850907,495.05302901926206,6875.369596238505,0.0010175541846920006,52.981442011397654,2.206404086079366,232.8329923399606,341.8370376146967
15 Jul 2026 19:46:00.000000000,-5273.502136648054,-2778.5644492090814,-3412.798669397326,4.879157551535872,-3.40599244247527,-4.76194472199122,0.006481662234556783,0.003418792911464144,0.0042113268546462145,-30.080155584064723,-22.010520711093264,495.78689288219755,6874.586288085777,0.0009185171699605552,52.97897721379794,2.2041151263793823,236.57941409040757,341.9064670635322
15 Jul 2026 19:47:00.000000000,-4969.301941725751,-2976.6257599487153,-3690.7315299131196,5.257111196992494,-3.1936307803986184,-4.4990935046722855,0.006105902146605568,0.0036613322378492782,0.0045527920418509124,-32.7938323087332,-19.114894923337626,496.56258285889993,6873.7793649213945,0.0008124470020100491,52.97643668133033,2.2014093597849063,240.09173450549687,342.2101725103625
15 Jul 2026 19:48:00.000000000,-4643.116970943147,-3161.518193824758,-3952.290411438889,5.611717031040862,-2.967194137363299,-4.216349315411306,0.005703250623008887,0.003887516718499579,0.004873844458588388,-35.42235175553223,-16.026021125693724,497.36648678214124,6872.9631566292655,0.0007010952294057467,52.97386529719201,2.19827788099655,243.2189188265038,342.8991707040773
15 Jul 2026 19:49:00.000000000,-4296.3954469364735,-3332.427281148013,-4196.319318838432,5.941415218631596,-2.727693061130571,-3.9149786490866045,0.005275544656828524,0.004096368239384848,0.005173086862872443,-37.95124477705355,-12.718042112934322,498.18477383728685,6872.152147862182,0.0005864085968014831,52.97130849041781,2.194719337674225,245.69181819607707,344.2425893880125
15 Jul 2026 19:50:00.000000000,-3930.6758120059403,-3488.600899185804,-4421.740702813271,6.244759233562073,-2.4761943785548044,-3.5963287781341844,0.004824724238861167,0.004286990830122174,0.005449226429847341,-40.363920981728135,-9.164279351288048,499.00363862789607,6871.360719849954,0.00047069152792145056,52.968811428546715,2.190739953896418,246.9849838271266,346.7658532174474
15 Jul 2026 19:51:00.000000000,-3547.579749637951,-3629.352498949323,-4627.56011572817,6.520421737623594,-2.213816180887656,-3.26182135684441,0.004352822154934048,0.004458573490477843,0.005701079059766415,-42.641446013638564,-5.338327773056453,499.8095421710483,6870.602894794208,0.000357115571627934,52.966418215070036,2.186353418636166,245.9465778485093,351.6207730564567
15 Jul 2026 19:52:00.000000000,-3148.8048717495103,-3754.0640263081254,-4812.87047623099,6.767199846869997,-1.941722655126486,-2.912945788051095,0.0038619537734115705,0.004610392492374944,0.005927572984957861,-44.76241122728508,-1.2158077660530677,500.58944562179477,6869.892087404022,0.0002515037759016642,52.96417110601114,2.18158064128922,239.68493843139433,1.6989810495786197
15 Jul 2026 19:53:00.000000000,-2736.117108465923,-3862.1885291220024,-4976.855929638792,6.984019786987464,-1.6611187917120387,-2.5512523928631516,0.003354306909046064,0.00474181319919898,0.006127751726808573,-46.70297611684086,3.2230684984297078,501.3310327571783,6869.240867949698,0.0001693026787724581,52.96210975963773,2.1764493786864008,220.69840978744207,24.502100874477517
15 Jul 2026 19:54:00.000000000,-2311.342836926127,-3953.2524438389187,-5118.795293447067,7.16994094448787,-1.3732449961324145,-2.1783454206814477,0.0028321318325786765,0.004852291451114054,0.006300776463877737,-48.4371894824925,7.990051250262177,502.02291753912925,6868.660740960194,0.00014945964262434922,52.96027053270104,2.170993740309504,183.8512170230267,65.16587318819069
15 Jul 2026 19:55:00.000000000,-1876.3607850855233,-4026.857556567733,-5238.06507944812,7.324159323997674,-1.0793716290199724,-1.7958759329755427,0.002297731474012349,0.004941374565389938,0.006445927873947423,-49.93770874322899,13.084679402613197,502.6548334115102,6868.1619433715705,0.00020416750248278671,52.958685835750195,2.165253580616587,156.89543436945556,95.9381877428543
15 Jul 2026 19:56:00.000000000,-1433.093745789178,-4082.682635012613,-5334.142085837758,7.446010424282432,-0.7807934962599307,-1.4055345903347658,0.001753451850677394,0.005008702005001751,0.006562607519356933,-51.17701787029621,18.489897984161132,503.21780135945454,6867.75326555786,0.00028840778109310563,52.95738355899741,2.15927378942695,147.112072053522,109.53799690145782
15 Jul 2026 19:57:00.000000000,-983.5001355608695,-4120.484728853389,-5406.605554348742,7.534971546851441,-0.4788243076004395,-1.009044368324075,0.001201672729387604,0.005054005763299758,0.006650338838937554,-52.1291693606995,24.168450659124197,503.7042741598107,6867.441898249599,0.0003776861027700988,52.9563865789292,2.153103493090674,145.02834009679742,115.43805225948383
15 Jul 2026 19:58:00.000000000,-529.5654317073751,-4140.100137173718,-5455.138888860697,7.590663551065506,-0.1747911194204647,-0.6081532239096772,0.0006447985155771848,0.005077110510552735,0.006708767808022444,-52.77193262108136,30.061399348978853,504.1082546717825,6867.233307878105,0.00046427103061445096,52.95571235439944,2.1467951808206336,146.32460089386765,117.9579525157197
15 Jul 2026 19:59:00.000000000,-73.29352051137464,-4141.445042394906,-5479.530933132704,7.612852068746165,0.12997122519013138,-0.20462673080953966,8.524934581693091e-05,0.005077933539306952,0.006737663317121196,-53.0890446482083,36.090072508597174,504.4253864504516,6867.131142383299,0.0005452126389258884,52.95537261932235,2.140403771762424,149.35721378705895,118.74129936772536
15 Jul 2026 20:00:00.000000000,383.3020114602827,-4124.515810894888,-5479.676806303936,7.601448189498325,0.43412564798188163,0.19975930073878684,-0.0004745476517001691,0.005056484541321809,0.006736917314781104,-53.072105166821274,42.162007222626535,504.6530154074367,6867.137168998209,0.0006191279800608629,52.955373177343546,2.1339856395924075,153.41743300198453,118.49680006017294
15 Jul 2026 20:01:00.000000000,838.2066115056941,-4089.3889610986766,-5455.578295652698,7.556508625494774,0.7363383692091796,0.6032262065099209,-0.0010321669750141596,0.005012865235338516,0.0067065447427490064,-52.72164065936205,48.18012361523144,504.7902216885233,6867.251244981456,0.0006853201589262446,52.95571380203292,2.127597611993851,158.15894604753393,117.5707294747259
15 Jul 2026 20:02:00.000000000,1289.4134894173349,-4036.2208003620913,-5407.343806835976,7.478235361543884,1.0352844148770168,1.0039998412852258,-0.0015851932954952836,0.004947268856664826,0.006646683280652332,-52.04703846194092,54.05305720442484,504.8378213851793,6867.471321717611,0.000743480645296962,52.95638824424953,2.121295962919294,163.3947809489712,116.15002338492249
15 Jul 2026 20:03:00.000000000,1734.9323098538475,-3965.2467324663294,-5335.187872501038,7.366974793099835,1.3296530893746052,1.400317931099245,-0.002131229987843572,0.0048599795109472675,0.006557592906021979,-51.06536981572173,59.70406311154682,504.7983381431689,6867.7934820516375,0.000793563487432867,52.95738434641237,2.1151354155116393,169.01533329421332,114.34425188807998
15 Jul 2026 20:04:00.000000000,2172.797817785498,-3876.7802380338476,-5239.430220818557,7.2232163517137025,1.6181534050469082,1.790437393320587,-0.002667907694251719,0.004751371380525479,0.00643965525669787,-49.79942924839814,65.07653422151175,504.67594517535724,6868.212010175024,0.0008357169978840007,52.958684261501254,2.1091681734740133,174.95125630616306,112.22272979357908
15 Jul 2026 20:05:00.000000000,2601.0783662031495,-3771.211530706791,-5120.494406184729,7.047590614501083,1.8995194593628801,2.1726416121231877,-0.0031928929677500846,0.004621907764033079,0.006293372771975366,-48.275473316857294,70.1355298065895,504.4763786260269,6868.71949284279,0.0008702355634039994,52.960264772751295,2.1034429980116687,181.154954394995,109.83302350611741
15 Jul 2026 20:06:00.000000000,3017.884314986651,-3649.005892528639,-4978.90600512763,6.840866891739602,2.172515748924316,2.5452476551181014,-0.0037038970314280414,0.004472139922876005,0.006119367579037844,-46.52110459022234,74.8659946190666,504.206823668302,6869.306950181523,0.0008975180022130042,52.96209770821825,2.0980043467089198,187.59057399504673,107.21096059213153
15 Jul 2026 20:07:00.000000000,3421.3762693972903,-3510.7016926735796,-4815.290381372699,6.603950284910892,2.435942407654785,2.906613414473004,-0.004198684676397837,0.00430270569790264,0.005918380076809899,-44.563584292057776,79.26900588372749,503.8757751421948,6869.96399385347,0.0009180274973292678,52.9641504427174,2.092891589486479,194.22823112238868,104.38640258669935
15 Jul 2026 20:08:00.000000000,3809.7731261528616,-3356.908094492226,-4630.370025111095,6.337878206531404,2.688640354253279,3.255144652867533,-0.004675083306535661,0.004114327856313719,0.00569126716424602,-42.42867242084132,83.35737417062857,503.49287495492035,6870.679009878374,0.0009322518113694351,52.96638647810262,2.0881383154707125,201.04055129906132,101.38670538894621
15 Jul 2026 20:09:00.000000000,4181.359894495743,-3188.3024568185187,-4424.961472801707,6.043816353120647,2.9294963314687483,3.5893019312705636,-0.005130992121358191,0.003907812125774392,0.005439000055319292,-40.139958222430394,87.15153138688429,503.0687288624925,6871.439362990253,0.0009406643560612184,52.968766091483346,2.0837717428920994,208.00060912548818,98.23877995915845
15 Jul 2026 20:10:00.000000000,4534.495259163698,-3005.6274366095345,-4199.971815335723,5.7230541237117025,3.1574478171209392,3.9076073919634267,-0.005564391411466561,0.003684044872531105,0.00516266162182896,-37.718575988842986,90.67617828743558,502.6147056263896,6872.2316190269685,0.0009436877638574236,52.971247039795685,2.0798122423007173,215.08081587922862,94.97020493500395
15 Jul 2026 20:11:00.000000000,4867.618851764094,-2809.6878012789816,-3956.394804112546,5.3769994784724995,3.3714877841744295,4.2086513666448235,-0.005973351918242579,0.0034439903783466197,0.004863443201678778,-35.18318698810945,93.95781226129274,502.14272188398826,6873.041781523454,0.0009416621979445851,52.97378530817544,2.076272981342158,222.25251305336016,91.60963325000175
15 Jul 2026 20:12:00.000000000,5179.258196818178,-2601.3469605224877,-3695.3065665061918,5.007173235263092,3.5706692847246653,4.491098776039974,-0.006356044196942505,0.0031886876800449123,0.004542640821609166,-32.55012397761271,97.02305501910168,501.6650163779913,6873.855538411915,0.0009348207990228332,52.97633588883444,2.073159697188339,229.48611442692095,88.1866501592198
15 Jul 2026 20:13:00.000000000,5468.035298732247,-2381.5232290130425,-3417.860944331758,4.615202806262734,3.754109830601047,4.753695284374783,-0.00671074790235029,0.0029192469382086353,0.004201650786186042,-29.833620870041994,99.89761851346134,501.1939174492374,6874.658514529612,0.000923274396921261,52.978853576636865,2.07047060044836,236.75166066753027,84.73121867044205
15 Jul 2026 20:14:00.000000000,5732.6728362441345,-2151.1858330391688,-3125.2844712115475,4.202815382047633,3.920995541572405,4.995273169556293,-0.0070358609021026666,0.0026368453105484646,0.0038419645963011662,-27.046075592981843,102.60573817597971,500.74160789935553,6875.436525504186,0.0009070069380114508,52.98129376730903,2.0681964120236986,244.01964482892308,81.272854017515
15 Jul 2026 20:15:00.000000000,5971.999931519255,-1911.3506759440936,-2818.8710071680102,3.7718305765624804,4.0705850309605545,5.214756868060748,-0.007329908109650918,0.0023427223151935806,0.0034651631727449705,-24.198314484245948,105.16992675327174,500.3198914647492,6876.175828530478,0.0008858820968700037,52.98361324420521,2.06632053203073,251.2619588726627,77.83967704700981
15 Jul 2026 20:16:00.000000000,6184.95746209632,-1663.0758790469708,-2499.976051270707,3.3241525530990907,4.202212997936779,5.411168152524272,-0.007591549924923387,0.002038174682118861,0.003072910377575034,-21.299840960560207,107.61093603871007,499.93996520333894,6876.863365577928,0.0008596604297242519,52.98577093978651,2.0648193376564197,258.45281615165356,74.45749158205783
15 Jul 2026 20:17:00.000000000,6370.602885309186,-1407.4571165828254,-2170.0107557003776,2.8617616585052623,4.315293495934687,5.583630899941587,-0.007819590157429888,0.0017245506999718286,0.0026669458374931642,-18.359060591233177,109.9478459899488,499.6122020714435,6877.486994673047,0.0008280253999902377,52.98772865844688,2.063662604456374,265.5695290050881,71.14900661614179
15 Jul 2026 20:18:00.000000000,6528.114546684892,-1145.622765000631,-1830.4356670918828,2.386705600124441,4.409322847541447,5.731375409288135,-0.008012983314252842,0.001403244081667653,0.002249077095112384,-15.383480423275008,112.19822680225705,499.34594785556476,6878.0357050904695,0.0007906158492501195,52.989451748030355,2.0628140435015974,272.593061868602,67.93328293647411
15 Jul 2026 20:19:00.000000000,6656.795446119063,-878.7288886895309,-1482.7542234322334,1.901090207199789,4.483882177917819,5.853742229309069,-0.00817084113118716,0.0010756873824742425,0.0018211711276555356,-12.379883641425783,114.37833890057694,499.1493364184255,6878.499812555243,0.0007470621087772801,52.99090970831285,2.062231944785216,279.50833042167636,64.82543365917482
15 Jul 2026 20:20:00.000000000,6756.076438356664,-607.9540858148795,-1128.5060370484953,1.4070698254089533,4.538639541239137,5.950185460165473,-0.008292438239223009,0.000743345018241542,0.0013851452917141862,-9.354482322358868,116.50334946191515,499.0291269205466,6878.871130906132,0.000697022956330718,52.992076725850744,2.0618699153971884,286.304267262966,61.83655819064783
15 Jul 2026 20:21:00.000000000,6825.518847431859,-334.49421937508254,-769.2599962700693,0.9068373995817332,4.573351617808876,6.0202754965424585,-0.00837721685955199,0.0004077059410430164,0.0009429577654427148,-6.313051793300689,118.5875533158928,498.9905662906359,6879.143117088647,0.0006402209451160494,52.99293212591178,2.061677699405333,292.9737200588882,58.97384367562873
15 Jul 2026 20:22:00.000000000,6864.816478200186,-59.557059824912166,-406.6072201392147,0.4026143052905173,4.5878649632926445,6.063701184623392,-0.008424790448370582,7.0276041688368e-05,0.0004965975770318963,-3.2610503466902308,120.64459212867062,499.037279746614,6879.31098683083,0.0005764741457250289,52.99346073367102,2.061602064934821,299.51329582701015,56.24072027675761
15 Jul 2026 20:23:00.000000000,6873.797011884339,215.64313341242482,-42.153902015343476,-0.10336000533152698,4.582116795868955,6.080271370905396,-0.008434946217127278,-0.0002674296453819816,4.807431653387672e-05,-0.20372805303009334,122.6876696314262,499.17119162382716,6879.37179889318,0.00050572292371597,52.99365313845603,2.0615877428237095,305.92334696468964,53.636874682157504
15 Jul 2026 20:24:00.000000000,6852.422776583369,489.8910635084241,322.485920958381,-0.6088384746384522,4.5561353118720165,6.069915827024992,-0.00840764648132234,-0.0006038948517665299,-0.0004005923607298974,2.8537716910375917,124.72976301721276,499.39247816114,6879.324506368122,0.00042805092961525383,52.99350585652836,2.0615784003162307,312.20852140080365,51.1576994704985
15 Jul 2026 20:25:00.000000000,6800.7908878960025,761.9758524278596,685.6976348171061,-1.1115769561891415,4.5100395255827275,6.0326855414123255,-0.008343028810870928,-0.0009376100130068614,-0.0008473833255649935,5.9063143540640795,126.78383197631808,499.6995532444867,6879.169974118967,0.0003436999525062118,52.993021389666126,2.0615176327459257,318.38011509271104,48.79194011896726
15 Jul 2026 20:26:00.000000000,6719.132759104408,1030.6964732141307,1045.8733141220462,-1.6093447049753788,4.444038634060195,5.968752375511628,-0.008241404978736034,-0.0012670801471166538,-0.001290290544803653,8.948676745626967,128.86302746151918,500.08908742908125,6878.910962082152,0.0002530786948094954,52.9922081786312,2.0613499558035078,324.4652241581159,46.512542372198645
15 Jul 2026 20:27:00.000000000,6607.812984674447,1294.867130031879,1401.4189477291409,-2.0999347694195563,4.358430913149156,5.878408089297296,-0.008103258723269733,-0.001590832586916419,-0.0017273275135274,11.975446329907394,130.98090231180137,500.55605987460285,6878.552074793761,0.00015676614128647877,52.99108045243813,2.0610217810472724,330.5536300922736,44.22976652945969
15 Jul 2026 20:28:00.000000000,6467.327605072913,1553.322558155559,1750.7615875006036,-2.581174215171151,4.253602155898757,5.762062747681412,-0.007929242367506195,-0.0019074244832899328,-0.002156539437229817,14.980913874847602,133.1516253261555,501.09384215186344,6878.099678130003,5.5516957801726896e-05,52.989657976150276,2.0604823575969067,337.37872534121317,41.210261387002376
15 Jul 2026 20:29:00.000000000,6298.301764999823,1804.9232169203094,2092.3563833714297,-3.05093411381741,4.130023669435802,5.620242525954102,-0.007720172358711397,-0.0022154500029690914,-0.002576013059333398,17.95895583391113,135.390199148482,501.69431223321135,6877.561784855225,4.984371051834281e-05,52.98796570169287,2.059684663599651,159.45815357067337,222.93642350325928
15 Jul 2026 20:30:00.000000000,6101.486781014136,2048.5603497428883,2424.6934694423744,-3.5071392338973477,3.988249850721641,5.453586938440959,-0.0074770238039320236,-0.002513547151072458,-0.0029838860373536244,20.902902754421532,137.71268013526665,502.3479963801604,6876.947911139594,0.00015813250081750084,52.98603332785067,2.0585862319166393,166.25325786164373,219.9469485629711
15 Jul 2026 20:31:00.000000000,5877.75663812269,2283.160886667629,2746.3046673765925,-3.9477773769484705,3.828915365462199,5.262845519935654,-0.00720092410355121,-0.002800404160506926,-0.0033783557857624243,23.805389982912832,140.13639478647207,503.0442361051922,6876.268906728498,0.0002682534989501158,52.98389477719008,2.057149895641666,171.90493530426986,218.10097637503034
15 Jul 2026 20:32:00.000000000,5628.10393816416,2507.692166435131,3055.769975258732,-4.37090830750141,3.6527319576488186,5.048873994045141,-0.006893145789412231,-0.0030747654001608126,-0.0037576877160820747,26.658187136435803,142.6801416619154,503.7713769229506,6875.53676190695,0.00037890473569124295,52.9815875990822,2.055344440477569,177.31555453915422,216.49617296075607
15 Jul 2026 20:33:00.000000000,5353.635325642049,2721.166456835013,3351.72381227473,-4.774672232884354,3.4604849196627794,4.812629966204687,-0.006555098688776867,-0.0033354367676906023,-0.004120222822613728,29.452003469268522,145.36435905486988,504.516975229286,6874.764394798579,0.0004887080395688185,52.97915230927927,2.0531451526240665,182.58364679394919,215.03403919039926
15 Jul 2026 20:34:00.000000000,5055.566419171963,2922.6452538799035,3632.860991809206,-5.1572977958717345,3.2530292546482733,4.555168181842367,-0.006188321534171433,-0.0035812905430567693,-0.004464384575860888,32.17626777015378,148.21122586496818,505.2680193585204,6873.965422859979,0.0005962233801466429,52.97663167759299,2.0505342526258463,187.7382842210492,213.6855321658164
15 Jul 2026 20:35:00.000000000,4735.216278620138,3111.243342354662,3897.9423981416617,-5.517109550873133,3.0312855637309317,4.277635391730479,-0.00579447315141648,-0.003811269697218203,-0.004788685109398381,34.81888437304577,151.2446447923686,506.0111606749796,6873.153922677103,0.0006999745397384547,52.97406997611957,2.0475012076445367,192.79225346303483,212.4378914269344
15 Jul 2026 20:36:00.000000000,4394.001439617817,3286.1326021942523,4145.800344381266,-5.8525349016948205,2.7962356908609287,3.98126486720622,-0.005375323339413779,-0.004024391655369985,-0.005091730693507247,37.3659721135453,154.49003213790886,506.7329504508603,6872.3441823357825,0.0007984765036597567,52.97151220113907,2.0440429166958523,197.75243684682067,211.28425758347
15 Jul 2026 20:37:00.000000000,4033.4295482138564,3446.5455471233777,4375.343591868733,-6.162110486119873,2.5489181574552884,3.66737060751523,-0.004932743565386515,-0.004219751534635622,-0.005372226515642992,39.80160176444506,157.97380741061664,507.42007826689326,6871.550450724993,0.0008902635294064739,52.96900328227198,2.04016376562142,202.6227611394453,210.22072344092925
15 Jul 2026 20:38:00.000000000,3655.0926291965934,3591.778583850948,4585.562013728785,-6.444487999133361,2.290423417809634,3.3373412802695066,-0.004468697574454474,-0.004396524878479826,-0.00562898079227409,42.10756093933374,161.7224421630694,508.0596077375147,6870.786688139534,0.0009739172990950762,52.966587292701064,2.035875550821735,207.4051902682675,209.2453412183418
15 Jul 2026 20:39:00.000000000,3260.6600217526757,3721.194981994039,4775.530887774947,-6.698439452707543,2.021888964286159,2.9926339337100276,-0.003985232010960723,-0.004553969927102964,-0.005860908259342485,44.26319466322511,165.7609011960622,508.63920550162123,6870.066322481498,0.0010480946463214294,52.96430667424888,2.0311972730435293,212.1000428916206,208.3578049728342
15 Jul 2026 20:40:00.000000000,2851.87101637564,3834.22754646246,4944.414806053858,-6.922861874883165,1.744494309145567,2.6347675168631004,-0.003484467121552269,-0.004691429460728187,-0.006067033086931462,46.245394374581345,170.11031183228647,509.14735962277257,6869.402015222875,0.0011115543982524014,52.962201490854014,2.0261548047659614,216.7060090633768,207.55943398500332
15 Jul 2026 20:41:00.000000000,2430.5272264173814,3930.380985670027,5091.4711905393315,-7.1167814551295745,1.4594558670602849,2.265316240130975,-0.002968587603903595,-0.004808332267605712,-0.006246491283881154,48.02883428373413,174.78476429958675,509.57358380080774,6868.805441087784,0.0011631829270731433,52.960308723499985,2.020780436957901,221.21998271724115,206.85334037817074
15 Jul 2026 20:42:00.000000000,1998.4847272912473,4009.233970240182,5216.053406267481,-7.279357145800813,1.1680217595415563,1.8859028052602655,-0.002439833636625138,-0.004904194282277333,-0.006398532651295862,49.58657191172558,179.78732506864847,509.90860409925483,6868.287085150563,0.0012020180734246446,52.95866161894427,2.0151123130495487,225.6367331833718,206.24475775563536
15 Jul 2026 20:43:00.000000000,1557.6459956479819,4070.440878075875,5317.613464860949,-7.409883731343014,0.8714665595230723,1.4981915297385653,-0.0019004921127654419,-0.004978619445564865,-0.006522522352393022,50.89112137106165,-174.89432947523335,510.14452523112584,6867.856060729657,0.0012272711977698652,52.9572891036685,2.009193759929817,229.94839116613733,205.74155542337076
15 Jul 2026 20:44:00.000000000,1109.9516801227176,4113.733222670583,5395.704312785641,-7.507794377576686,0.5710859914466266,1.1038813868435646,-0.00135288807752367,-0.005031300331008572,-0.00661794215833142,51.91605008397895,-169.29180552818218,510.2749738112178,6867.519951094733,0.0012383472476902861,52.9562152733502,2.0030725276028294,234.14368505510714,205.3550023214767
15 Jul 2026 20:45:00.000000000,657.372234509391,4138.920762378287,5449.981699856476,-7.572662672972207,0.26819159949767796,0.7046989789489029,-0.0007993763563490322,-0.005062018583758048,-0.006684391432044151,52.638025361379455,-163.45814242899885,510.2952163690563,6867.28467760152,0.0012348629244132926,52.95545896685369,1.9967999507280425,238.20681390769664,205.10089432070404
15 Jul 2026 20:46:00.000000000,201.89944353492442,4145.892289048459,5480.2056244698515,-7.604204172449426,-0.035894605727364005,0.30239145846552185,-0.00024233334089162156,-0.005070645204093501,-0.006721587894625762,53.03905917387176,-157.46686376410747,510.2022503165918,6867.154396431991,0.0012166633356866191,52.955033432278505,1.9904300466433593,242.1157668962159,205.0012350854171
15 Jul 2026 20:47:00.000000000,-254.46212917697457,4134.616094992716,5486.241352821238,-7.602277452005043,-0.3398455137733932,-0.10128059188821162,0.00031585110917957816,-0.00505714070516557,-0.006729368215772942,53.108529549911296,-151.40711138533746,509.99486647567585,6867.131425653182,0.0011838380217135183,52.95494609100917,1.9840185656123983,245.83976957451083,205.08679014144698
15 Jul 2026 20:48:00.000000000,-709.7037417816607,4105.140117708583,5468.060010000562,-7.56688467957713,-0.6423342871445002,-0.504550309799076,0.0008727817016328438,-0.00502155516526315,-0.006707688457908144,52.8444952791807,-145.37524003865497,509.6736821872653,6867.216203821122,0.0011367381105828378,52.95519840401093,1.9776220098716888,249.33530745268925,205.4010636535732
15 Jul 2026 20:49:00.000000000,-1161.8210945991439,4057.59176217926,5425.738741392385,-7.49817170419977,-0.9420397342462153,-0.9056517266009753,0.0014260657431703553,-0.004964028178679454,-0.006656624382216739,52.25394416344677,-139.46462801967172,509.24114444669846,6867.407280853998,0.0010759979622036021,52.955785842837365,1.971296638674533,252.53975352098283,206.00667126457168
15 Jul 2026 20:50:00.000000000,-1608.822941297614,3992.177400931055,5359.460443289658,-7.396427661904976,-1.2376516764697434,-1.3028269549855167,0.0019733212274179912,-0.004884788706071289,-0.006576371620561573,51.351903353864905,-133.7562349413168,508.70150293475973,6867.701341384974,0.0010025677828226914,52.956697965989655,1.9650974767354803,255.36081779030457,206.99589092112092
15 Jul 2026 20:51:00.000000000,-2048.7396617701115,3909.1815524015055,5269.513062113419,-7.262084093229469,-1.527876302964535,-1.6943333826425646,0.002512185037964406,-0.004784154808604799,-0.006467245695010657,50.15966347339289,-128.31210690277064,508.0607532421189,6868.093260286687,0.0009177701241146471,52.957918599426385,1.9590773435357367,257.6584480204183,208.50876250847008
15 Jul 2026 20:52:00.000000000,-2479.6317671869137,3808.9657385911264,5156.288462168096,-7.0957135638189275,-1.8114415055235586,-2.0784508619621618,0.003040321319952707,-0.004662533244482628,-0.006329681858799108,48.702571503845704,-123.17281167863172,507.3265510140404,6868.576189541101,0.0008234071580514406,52.95942611819454,1.953285920535105,259.21263564035945,210.76528228218697
15 Jul 2026 20:53:00.000000000,-2899.5983071107,3691.9670234722266,5020.280862504631,-6.8980277767177505,-2.087102184315881,-2.4534888837898987,0.0035554300616411736,-0.004520418890910255,-0.006164234711257403,47.007859260409276,-118.35842796573687,506.5080981715424,6869.141675116569,0.0007219774639202834,52.96119382437378,1.9477688727852869,259.6643787760721,214.1244401752268
15 Jul 2026 20:54:00.000000000,-3306.785147795798,3558.6962342494858,4862.084844259905,-6.669875162707353,-2.3536455129755796,-2.8177937203654126,0.004055255919359681,-0.004358393956711581,-0.005971577541737872,45.10283762727723,-113.871871475578,505.6160027925847,6869.779802014659,0.0006171353748200607,52.96319041482452,1.942567040462929,258.40682516696893,219.193077192155
15 Jul 2026 20:55:00.000000000,-3699.3930899315924,3409.7358683288294,4682.392930827987,-6.412237933687402,-2.6098961489280597,-3.1697555191193594,0.004537597296250664,-0.004177126931856684,-0.005752501331271115,43.013601615588364,-109.70319215335691,504.662114659094,6870.47936516901,0.0005146890326540049,52.96538053063758,1.9377157146846127,254.40131346790378,227.00984438810627
15 Jul 2026 20:56:00.000000000,-4075.685793159896,3245.7376897852473,4481.992744433932,-6.126228583747233,-2.8547213718869524,-3.507815325090242,0.005000315676122653,-0.00397737122970927,-0.00550791335302672,40.76424009265352,-105.83379529161489,503.65933888840465,6871.228063424618,0.0004246494021670681,52.96772537872621,1.9332440104855393,246.00567144525863,239.2169049183868
15 Jul 2026 20:57:00.000000000,-4433.997473793858,3067.4200202294014,4261.763744138837,-5.81308582334604,-3.087036130350563,-3.8304720055432195,0.00544134518368975,-0.0037599634629782506,-0.005238835291633369,38.37645892582298,-102.23999966363705,502.62143046512745,6872.012713405901,0.0003639946989160943,52.97018341470899,1.929174348190135,231.60467763667066,257.4294725845515
15 Jul 2026 20:58:00.000000000,-4772.7403413288375,2875.564730277265,4022.6735520264506,-5.474169933996298,-3.3058079727798044,-4.136289046094314,0.005858702335852835,-0.0035258213088879917,-0.0049464008205593515,35.8694998317924,-98.89573150968187,501.5627728641741,6872.819479703511,0.0003534012712514909,52.97271107512406,1.9255220525021808,212.82237584243472,280.0234975049775
15 Jul 2026 20:59:00.000000000,-5090.411738674201,2671.0139393075997,3765.7738762899935,-5.110957534018406,-3.510061837128377,-4.423901183493956,0.00625049591104516,-0.003275940907027494,-0.004631852559086113,33.26024662908168,-95.77439194093826,500.4981442991592,6873.634117481417,0.0003986595143948674,52.97526354611585,1.9222950765939517,196.0563583066511,300.60138304887346
15 Jul 2026 21:00:00.000000000,-5385.600950576941,2454.6664328601446,3492.196042161539,-4.725035750308434,-3.6988846696368762,-4.692020836366987,0.006614936864604018,-0.0030113937549672114,-0.004296538359390422,30.563434862777846,-92.85004403646215,499.44247543253573,6874.44222333537,0.00048354269063729583,52.9777955550594,1.9194938562568917,185.2639685507923,315.20578306883544
15 Jul 2026 21:01:00.000000000,-5656.995644575346,2227.473808830815,3203.1461440512458,-4.318095796507737,-3.871429841478445,-4.93944429187819,0.006950348181165247,-0.002733323060632332,-0.003941906864607999,27.79190673638182,-90.09809066004621,498.41060263443865,6875.2294900292445,0.0005887163742392218,52.98026217114826,1.9171112969307869,179.62966823976066,324.65223505074704
15 Jul 2026 21:02:00.000000000,-5903.387909019522,1990.4363655687077,2899.899834884552,-3.8919259644072515,-4.02692133003943,-5.165057603629288,0.00725517455878711,-0.0024429395319686136,-0.0035695023075845876,24.9568749411072,-87.4955965448281,497.4170210647912,6875.98196060406,0.0007016176334713706,52.98261960077957,1.9151328940425625,177.33514761589825,330.7590496452713
15 Jul 2026 21:03:00.000000000,-6123.679853329914,1744.5987470020414,2583.796771362378,-3.4484040426368248,-4.164657630488204,-5.367842154291891,0.007527991787744238,-0.0021415165859694843,-0.003180958520898944,22.06817478779714,-85.02137580635366,496.47564196797543,6876.686277302113,0.0008149264560634782,52.98482596362829,1.9135369847197161,177.09869323944378,334.8079428432574
15 Jul 2026 21:04:00.000000000,-6316.888736735093,1491.0453619987209,2256.234736701521,-2.9894891845197678,-4.284015362893117,-5.546879835634123,0.007767515702629789,-0.0018303849826331003,-0.0027779921605519,19.134494605679315,-82.65593309335718,495.59955860103014,6877.329920780805,0.0009240890854829861,52.98684203561216,1.9122951266510917,178.1603350170938,337.55888881506087
15 Jul 2026 21:05:00.000000000,-6482.151593294034,1230.8955972457443,1918.6634652439275,-2.5172132551424915,-4.384452540572107,-5.7013577988333335,0.00797261055864224,-0.0015109268934789058,-0.002362395150098152,16.16358093246047,-80.38131893907554,494.8008251575078,6877.901435209733,0.0010259817988526763,52.988631945506036,1.9113725975207732,180.07440679544445,339.45755913970305
15 Jul 2026 21:06:00.000000000,-6618.729323061126,965.2988449535835,1572.578196115921,-2.0336716959610692,-4.465511466630543,-5.830572729316341,0.008142296701403373,-0.0011845694357346826,-0.0019360263811878207,13.162418824413697,-78.18093887668167,494.0902528937995,6878.390635052726,0.0011182918924872232,52.99016381275898,1.9107290063603255,182.57132119413916,340.7735477525843
15 Jul 2026 21:07:00.000000000,-6726.01022179659,695.4293686259417,1219.5129857902239,-1.5410139533765372,-4.526821227763436,-5.933934602861648,0.008275757396809975,-0.0008527777139051042,-0.0015008027206089203,10.137389649265353,-76.0393408850251,493.4772274110307,6878.788789632258,0.0011992323012280802,52.99141031508863,1.910319006083093,185.48129059026223,341.67664970458543
15 Jul 2026 21:08:00.000000000,-6803.512924646774,422.4810319042452,861.033811888093,-1.0414335253741394,-4.568099757352337,-6.010969883307425,0.008372344697463362,-0.0005170474244850966,-0.0010586893927849957,7.094409690038033,-73.94199546750693,492.96955069348076,6879.088781953503,0.001267406455010825,52.99234917565526,1.9100930946844334,188.69299662242798,342.2781913692483
15 Jul 2026 21:09:00.000000000,-6850.888742676473,147.66191707633823,498.7315027960522,-0.5371576873025674,-4.589155443605051,-6.061324126866392,0.008431584236015992,-0.00017889709203050848,-0.0006116898239344892,4.039053249940777,-71.87507587050497,492.573311059266,6879.285238723652,0.0013217422915311105,52.992963561033505,1.9099984909433991,192.13062844476178,342.6539918736411
15 Jul 2026 21:10:00.000000000,-6867.923374985153,-127.81113883130564,134.2145296025796,-0.030436963920340957,-4.589888262890324,-6.084763963650655,0.008453178856431268,0.00016013998468814353,-0.0001618350488573411,0.9766640009631986,-69.82524157797347,492.2927836487086,6879.374629030229,0.0013614587956475375,52.993242382777765,1.909980069132162,195.74063591831288,342.8576095717027
15 Jul 2026 21:11:00.000000000,-6854.537983317825,-402.71806140805427,-230.89830157249253,0.4764655802478131,-4.570290423393426,-6.081178433416791,0.00843701100970967,0.0004985239897704731,0.00028882720754325056,-2.0875417595358488,-67.77942550451155,492.13036347250136,6879.3553297303015,0.0013860477306980221,52.99318049708724,1.9099813361370344,199.48375987778653,342.92831142897217
15 Jul 2026 21:12:00.000000000,-6810.789620515007,-675.8410799570293,-594.9852176161901,0.9812851565896165,-4.530446509627967,-6.050579659581837,0.008383143863832918,0.0008347169571917495,0.0007382436520543196,-5.148376385112248,-65.72462372009697,492.086532380825,6879.227656235914,0.0013952619479694881,52.992778798894065,1.9099454336359407,203.3300115055639,342.8960932938441
15 Jul 2026 21:13:00.000000000,-6736.871008755859,-945.970262218669,-956.4288668523025,1.4817660962651438,-4.470533124036313,-5.993102853041626,0.008291821109995203,0.0011671911515675531,0.0011843666210897914,-8.200583204907264,-63.64768574197531,492.1598606141382,6878.9938580491935,0.0013891058188091987,52.992044208581504,1.9098161474165838,207.25533074636087,342.7850211292601
15 Jul 2026 21:14:00.000000000,-6633.109668243691,-1211.909012566332,-1313.6236876117184,1.975672643724168,-4.390818027729294,-5.909005645033048,0.008163465458889147,0.0014944373651934583,0.0016251652254669587,-11.238736429077157,-61.535103247435515,492.34704287598584,6878.658079083221,0.0013678254385453635,52.990989551464786,1.9095389058950427,211.23919168083353,342.6156252938831
15 Jul 2026 21:15:00.000000000,-6499.966401676547,-1472.4795037970284,-1664.9832168681526,2.460799622177844,-4.291658788193166,-5.798666756002978,0.00799867586191031,0.001814973037128996,0.0020586363150382763,-14.257135120216109,-59.3727954557561,492.64296814896915,6878.226283490265,0.0013318973938024315,52.9896333320898,1.909061749940922,215.2626947677634,342.40680797033383
15 Jul 2026 21:16:00.000000000,-6338.033144443087,-1726.5280132922921,-2008.9472995064607,2.934982895666875,-4.173500947357456,-5.662584014957232,0.0077982234988012945,0.002127350102842911,0.002482815139606311,-17.249687618332214,-57.14589048887733,493.040821777892,6877.706148388235,0.001282015565063233,52.98799940729758,1.9083362566911803,219.30680974932713,342.1775999530278
15 Jul 2026 21:17:00.000000000,-6148.030194905532,-1972.9301352743682,-2343.9891598583527,3.3961095560956625,-4.036875728622634,-5.501371750856091,0.007563046617670712,0.002430162493912435,0.0028957855951042733,-20.20978269561315,-54.838503981938715,493.5322176883266,6877.106925514993,0.0012190759047259526,52.98611656382559,1.9073184007713007,223.35045692652045,341.9490790951596
15 Jul 2026 21:18:00.000000000,-5930.802843286352,-2210.5958421579508,-2668.6222986266644,3.842127768635292,-3.882397306135631,-5.315757584098058,0.007294244307246149,0.0027220532117515814,0.0032956899501011055,-23.130143664922272,-52.43351948267409,494.10735801280646,6876.439274432852,0.0011441595376647038,52.98401800793866,1.9059693375298097,227.36804182741523,341.746835398335
15 Jul 2026 21:19:00.000000000,-5687.317421488339,-2438.4743695275342,-2981.4071801809773,4.271056215037119,-3.7107596636546254,-5.106578651811708,0.006993069323560103,0.003001720916465465,0.0036807379685372017,-26.002661801356133,-49.912380374358484,494.75521687539214,6875.715070440666,0.001058515013544624,52.98174077616992,1.9042560942230564,231.325845074438,341.60458094441265
15 Jul 2026 21:20:00.000000000,-5418.656799656265,-2655.558900974671,-3280.957677305698,4.6809930813260126,-3.5227330737059472,-4.874777305476551,0.006660920085603044,0.003267925979564397,0.004049215355091248,-28.818205976101126,-47.254911062180206,495.4637446499345,6874.947190814816,0.0009635413077226336,52.97932507767905,1.9021521567524762,235.17618725847242,341.5699848660077
15 Jul 2026 21:21:00.000000000,-5126.015358185344,-2860.891031050644,-3565.94724303475,5.070124544188744,-3.319160230195331,-4.621396323037886,0.006299331979144253,0.0035194959683827317,0.004399491473634796,-31.56640670277649,-44.43919712723136,496.22008866710206,6874.149283386589,0.0008607746771415166,52.976813579968855,1.8996379414161226,238.84721082245022,341.71489135800675
15 Jul 2026 21:22:00.000000000,-4810.693466503484,-3053.564986534005,-3835.11478167025,5.4367327182232605,-3.100952069389295,-4.347573680393512,0.005909968095278048,0.00375533053708073,0.004730026299378378,-34.23541540590256,-41.441571410646695,497.0108261027679,6873.335521763418,0.0007518859056668089,52.9742506507271,1.8967011432297813,242.22358319142424,342.15461649542385
15 Jul 2026 21:23:00.000000000,-4474.091501912877,-3232.731588415252,-4087.2701939308186,5.779203034538816,-2.869083314960434,-4.054536928564288,0.005494609552025096,0.0039744057236381376,0.0050393765966993045,-36.81164445814163,-38.23677670312417,497.8222046381104,6872.520351712493,0.0006387032405410459,52.971681569351446,1.8933369545786247,245.1069534620606,343.08749154725973
15 Jul 2026 21:24:00.000000000,-4117.703443345145,-3397.601939120831,-4321.299573937138,6.096031029178118,-2.6245877828102833,-3.7435972232690125,0.005055145517523056,0.004175777653063857,0.005326201317348459,-39.27950150227346,-34.79840602330595,498.6403864355236,6871.718233345023,0.0005233016737344622,52.96915172226277,1.8895481502783618,247.1267471079634,344.88406833105006
15 Jul 2026 21:25:00.000000000,-3743.110075895894,-3547.4508216511476,-4536.170038576242,6.385828527524234,-2.368553480568621,-3.416143052906741,0.004593563067872361,0.004358585671894354,0.0055892662459456986,-41.62114409276104,-31.099755704281993,499.4516910193439,6870.943383767996,0.00040828385671806255,52.966705796401264,1.8853450375228022,247.51404815076438,348.31323715882166
15 Jul 2026 21:26:00.000000000,-3351.971842752416,-3681.6197993079127,-4730.9341724304,6.647329217756542,-2.1021175352776162,-3.0736337094365562,0.004111936982610665,0.0045220549389639545,0.005827447921172715,-43.81629890143381,-27.115256086435878,500.2428327778632,6870.209524813202,0.00029771297305533493,52.96438698533091,1.8807452716822868,244.44682728817443,355.19699888146647
15 Jul 2026 21:27:00.000000000,-2946.0213811601348,-3799.5200067216642,-4904.734074194449,6.879393612780651,-1.8264609805800764,-2.71759254402419,0.0036124195786305085,0.004665498515614198,0.006039736885399534,-45.84221366013763,-22.822650584900092,501.0011490043815,6869.5296403104885,0.0002007008533674299,52.9622362221426,1.8757735412697247,233.01804549271387,10.442361517052909
15 Jul 2026 21:28:00.000000000,-2527.0557791032684,-3900.634624623,-5056.8049928354285,7.081013405110321,-1.5428034323103448,-2.3496000463399613,0.003097230655195634,0.004788318996125163,0.0062252403135981,-47.673836742302925,-18.20604286613552,501.7148146584431,6868.915747154351,0.00014435527995745396,52.96029145285851,1.8704611277564815,203.07249870722976,44.204495833467945
15 Jul 2026 21:29:00.000000000,-2096.9285888874365,-3984.5210324863615,-5186.478544039798,7.25131522335365,-1.2523976784815556,-1.9712867827154965,0.0025686476128511386,0.0048900097318623275,0.006383184090015861,-49.28434029562508,-13.259777562082338,502.3730403441689,6868.378684124399,0.00016805747328448487,52.95858696330136,1.864845348160085,166.6891420130991,84.40441150589838
15 Jul 2026 21:30:00.000000000,-1657.5416331982399,-4050.812634635873,-5293.185499487313,7.389563801869389,-0.9565242066375101,-1.5843262244781202,0.002028995782485782,0.004970155698228364,0.006512914396311442,-50.64610160650324,-7.992820992685773,502.96625035991707,6867.927922069783,0.00024370737255359457,52.95715277142058,1.858968890484423,150.01141564764615,104.89863146796094
15 Jul 2026 21:31:00.000000000,-1210.8366384514643,-4099.220356679917,-5376.458143254654,7.495164576899959,-0.6564856884981763,-1.1904274937898498,0.0014806389839855498,0.005028434054145145,0.006613898876690012,-51.73221060600062,-2.4328733454742726,503.48623806216574,6867.57139866313,0.00033227928554185995,52.95601409588024,1.8528790538960493,145.210264928322,113.51617239346018
15 Jul 2026 21:32:00.000000000,-758.7867294068112,-4129.533810248729,-5435.9321911744855,7.567665723087115,-0.3536014388825074,-0.7913280504330761,0.0009259703160418708,0.005064614442840983,0.006685727445011696,-52.518459123671846,3.371002672569665,503.9262961989072,6867.3153804806025,0.00042061887233310266,52.95519091033228,1.8466269073294164,145.30672512773276,117.23596025849662
15 Jul 2026 21:33:00.000000000,-303.3878181793358,-4141.622124938526,-5471.348270268515,7.606759643807071,-0.049201863228381784,-0.3887863393890472,0.00036740316003592676,0.005078559073942633,0.0067281127880792786,-52.985594495871766,9.34863504345049,504.28132029592376,6867.164354678464,0.0005043263748212166,52.95469759124992,1.8402663815484557,147.71773392810005,118.64101834860082
15 Jul 2026 21:34:00.000000000,153.350079998586,-4135.434447151048,-5482.552956456234,7.612283927358301,0.2553770942773664,0.015425584064106537,-0.00019263763174669262,0.0050702226235307055,0.006740890615363583,-53.12143906890419,15.412869378266524,504.54788361780464,6867.120952021983,0.000581516675749622,52.954542665507994,1.8338533110014672,151.41054942055766,118.76404973819383
15 Jul 2026 21:35:00.000000000,609.4115725811874,-4111.000106173821,-5469.499369653023,7.584221778866424,0.558799491747025,0.41952943753767474,-0.0007517244057462566,0.0050396519736340805,0.006724019685763026,-52.92238543119434,21.467458205308166,504.724282669649,6867.1859024876185,0.0006512583869893084,52.95472866210221,1.8274444425148826,155.91072318608454,118.07946469802715
15 Jul 2026 21:36:00.000000000,1062.7846259078879,-4068.4284484156947,-5432.247326147388,7.522701935034057,0.8597349108752412,0.8217480905935288,-0.0013074352831559284,0.004986985813538715,0.006677581643318338,-52.39386428400138,27.417181751074878,504.81055265208823,6867.358024111455,0.0007131027725097355,52.955252070527656,1.8210964285968474,160.97401616515887,116.83146531562839
15 Jul 2026 21:37:00.000000000,1511.4692809650876,-4007.9083412219643,-5370.963048840176,7.427998065784408,1.1568639501570015,1.2203129282879535,-0.0018573626955452414,0.004912454101055805,0.006601780661779134,-51.549649781552375,33.17770913239711,504.8084527293113,6867.634245203734,0.0007669056739668587,52.95610340642709,1.8148648232187419,166.4627590948945,115.15768554214192
15 Jul 2026 21:38:00.000000000,1953.486318018955,-3929.7073481840903,-5285.91843658505,7.300527663656546,1.4488836817765562,1.6134711879654435,-0.002399121933115219,0.004816377385807958,0.006496942902941158,-50.41020100947505,38.6828245214022,504.7214214146564,6868.009659496309,0.0008127416855179906,52.957267383202414,1.8088030980093224,172.29296241873882,113.14208175259313
15 Jul 2026 21:39:00.000000000,2386.885839374924,-3834.1705783688417,-5177.489894543637,7.140850418749463,1.7345130633013313,1.9994932574173574,-0.0029303597530972946,0.0046991659735900705,0.0063635157628250255,-49.00047616240062,43.88775710343005,504.55450282092323,6868.477613247478,0.0008508500069328696,52.958723186394636,1.802961696266547,178.4091408811749,110.84010859951435
15 Jul 2026 21:40:00.000000000,2809.755739286505,-3721.7192124553553,-5046.156728211229,6.949666074309597,2.0124982941506007,2.3766799210617666,-0.0034487630913634187,0.004561318914000466,0.006202066883644989,-47.34770368216416,48.768765359580165,504.31424495945174,6869.029822798237,0.0008815909994032869,52.960444845813605,1.797387141570951,184.7712096310322,108.2918233289547
15 Jul 2026 21:41:00.000000000,3220.2300296665094,-3592.8487094178136,-4892.499104622097,6.727811755921439,2.281618105128525,2.743369538652121,-0.003952067902913212,0.0044034227716218685,0.006013282879614981,-45.47947663605884,53.32010507712369,504.0085717026445,6869.656520568148,0.0009054057098246227,52.96240169866897,1.7921212167335532,191.34714636512874,105.52922402033774
15 Jul 2026 21:42:00.000000000,3616.496989754858,-3448.126698159952,-4717.195585255549,6.47625876589078,2.5406889671980553,3.097945138254448,-0.004438068152269527,0.004226150152006715,0.0057979677390289485,-43.42235032270934,57.54978066389807,503.64663044435156,6870.346626999172,0.0009227758515041485,52.96455893535061,1.7872002275375465,198.1086650377162,102.58057621832884
15 Jul 2026 21:43:00.000000000,3996.807107371421,-3288.1905594064538,-4521.02023635473,6.196108833939588,2.7885702032653974,3.438841402037371,-0.004904624947054047,0.00403025793103728,0.005557040833739761,-41.20095960749351,61.475217117632695,503.23861789857966,6871.087945513428,0.0009341841861228088,52.96687821805823,1.782654364206151,205.02862575982994,99.47300332705349
15 Jul 2026 21:44:00.000000000,4359.480778833419,-3113.7447042150807,-4304.839323775264,5.888589815893826,3.0241689841314483,3.7645515199138027,-0.005349675802009723,0.003816585150936298,0.005291534486537514,-38.837573924210496,65.11952858281505,502.7955868628956,6871.867377149028,0.0009400766067408431,52.969318361209424,1.778507171745261,212.07956406891677,96.23395758140889
15 Jul 2026 21:45:00.000000000,4702.915734159132,-2925.5575566845773,-4069.6076010975657,5.555050833686845,3.2464451871203206,4.073633882479747,-0.00577124399144153,0.0035860505334608696,0.005002591028862142,-36.35197207320711,68.50864593016284,502.3292371325362,6872.671151187016,0.000940828002660442,52.9718360614879,1.7747751383535455,219.23302332732408,92.89188783294705
15 Jul 2026 21:46:00.000000000,5025.594153842901,-2724.4582498056448,-3816.364201578027,5.1969568527574515,3.4544160933336734,4.3647185811709015,-0.006167447940630182,0.0033396495742188956,0.00469145929886097,-33.761523856970314,71.66929708782563,501.8516940764513,6873.485067785939,0.0009367143256130928,52.97438666454292,1.7714674090089955,226.45950339022727,89.47629100665587
15 Jul 2026 21:47:00.000000000,5326.089443367211,-2511.333044917115,-3546.228146551059,4.815882696744277,3.6471608971573533,4.636513680322315,-0.0065365105770708925,0.0030784511770565264,0.004359490522133458,-31.081388808656104,74.62770374723216,501.37527866860233,6874.294748408315,0.0009278931784291659,52.976924954735495,1.7685856290836186,233.72888158426483,86.01729118535546
15 Jul 2026 21:48:00.000000000,5603.072631744231,-2287.121486883406,-3260.3934851251697,4.413506504217407,3.823824999681944,4.887811223017206,-0.006876768559482293,0.002803593804226071,0.004008133539766475,-28.32476892788254,77.40882161589674,500.91227299711005,6875.085889657935,0.0009143947172476691,52.9794059539515,1.766123920524295,241.0111641347827,82.54488818267974
15 Jul 2026 21:49:00.000000000,5855.31836085222,-2052.81230884861,-2960.1240823792546,3.991602637879407,3.98362405624247,5.117492930454355,-0.007186681278639452,0.0025162811196701934,0.0036389293494669215,-25.50317525539576,80.0359641551699,500.4746854408158,6875.84451605739,0.0008961237670202814,52.981785715377306,1.7640689908374176,248.27741694728755,79.08802669906656
15 Jul 2026 21:50:00.000000000,6081.710433148455,-1809.4391022534633,-2646.7480757468584,3.5520340631002774,4.125847747397506,5.324535553154946,-0.007464839520629478,0.002217777117936282,0.0032535049459013077,-22.62668515488343,82.5306813360811,500.074019797956,6876.557227281754,0.0008728729506863406,52.98402209825412,1.7624003727122417,255.50072366127011,75.67363814353904
15 Jul 2026 21:51:00.000000000,6281.246886582177,-1558.0757696430173,-2321.652021798345,3.096744219577876,4.249863242480755,5.508015831818465,-0.007709973671061853,0.0019094007404444999,0.002853566457970577,-19.70417868721563,84.91279884434354,499.7210526668167,6877.21143543401,0.0008443455340583293,52.986075509996724,1.7610907898838686,262.6570363576354,72.32578974206378
15 Jul 2026 21:52:00.000000000,6453.044567185223,-1299.8317796406502,-1986.2747581595881,2.6277484171596623,4.355118325389768,5.667115026083193,-0.007920961342100498,0.0015925199958213344,0.0024408916010070945,-16.74354969174384,87.2005522619607,499.42562330650156,6877.795588098002,0.0008101857982501726,52.98790960266655,1.760106642587112,269.7258208061345,69.06503904902615
15 Jul 2026 21:53:00.000000000,6596.343171918997,-1035.8472452441897,-1642.101007764487,2.147124794152717,4.4411441535825285,5.8011229709137435,-0.008096834298721704,0.0012685456113864248,0.0020173214752553592,-13.75189142413174,89.41077313323672,499.1964400431257,6878.299373138152,0.0007700142147999175,52.98949191162038,1.7594086038925119,276.6904469131173,65.9080432053833
15 Jul 2026 21:54:00.000000000,6710.508736883927,-767.2878482843754,-1290.6547549758138,1.6570048835610363,4.507557623319097,5.909441622826123,-0.008236784567970999,0.0009389242568917768,0.0015847517611689785,-10.73565889311213,91.55909993235309,499.04090703050014,6878.713901526954,0.0007234645629101579,52.9907944251968,1.7589523162722296,283.5383262800541,62.86742103777293
15 Jul 2026 21:55:00.000000000,6795.036548937555,-495.33963442275063,-933.4924252667228,1.159563839377037,4.554063316991216,5.991588061643193,-0.008340169629795205,0.0006051313939933181,0.001145123378709166,-7.7008111480219785,93.66019803259259,498.96497482693366,6879.031864869044,0.000670220345688268,52.991794075534656,1.7586891760260208,290.260845180699,59.95181969615022
15 Jul 2026 21:56:00.000000000,6849.553462088728,-221.20370440663362,-572.1959020624344,0.6570103810686957,4.580455011870878,6.047196917887905,-0.008406516588828905,0.00026866381367437445,0.0007004126897399566,-4.6529372025055284,95.72798014613795,498.97301781500215,6879.2476647457515,0.0006100483220504251,52.99247314201805,1.7585671916867902,296.85318328716585,57.16609550586338
15 Jul 2026 21:57:00.000000000,6873.819603683128,53.909171577018625,-208.36541597141917,0.15157651956862195,4.586616733692394,6.076022201157916,-0.008435525255517806,-6.896806476246237e-05,0.0002526213386246426,-1.5973693603011427,97.77582345957093,499.0677409781039,6879.3575115195845,0.0005428275442385164,52.9928195603873,1.7585319012522282,303.31416245195015,54.511464733801496
15 Jul 2026 21:58:00.000000000,6867.72945932157,328.7839887534933,156.38765708397457,-0.35449286783467243,4.572523343063039,6.077938510759881,-0.008427070074264654,-0.0004062480538228489,-0.00019623416588902194,1.4607123668532023,99.81678266173896,499.25011796722896,6879.359490802711,0.0004685728671715961,52.99282713221437,1.7585273320771388,309.6463928048519,51.98535701683989
15 Jul 2026 21:59:00.000000000,6831.312329582654,602.2069635518362,520.4480514031072,-0.8589505433919504,4.5382406476450745,6.05294161634809,-0.008381200864856813,-0.0007416621321831242,-0.0006441330158658827,4.5161811757627675,101.86379982395592,499.5193617589561,6879.253596396621,0.0003874524041090649,52.9924956311909,1.7584969865904918,315.85738130072536,49.58030632408725
15 Jul 2026 22:00:00.000000000,6764.732155883569,872.9709818057682,882.2038827632897,-1.3595574236718628,4.483925038229324,6.001148403136422,-0.008298142355755787,-0.0010737063657156659,-0.0010890607009410092,7.563866242642477,103.92991301843563,499.87292853688376,6879.041729136115,0.00029979882139595125,52.9918308044803,1.7583848365349646,321.9638764231205,47.27960575559413
15 Jul 2026 22:01:00.000000000,6668.286717129252,1139.8810108741443,1240.0538973285322,-1.8540930310649857,4.409822652081835,5.922796183238903,-0.00817829252452529,-0.001400894727879112,-0.001529019519843113,10.59845390590077,106.0284658552978,500.30655474346804,6878.7276617094885,0.00020611477088440118,52.99084426921635,1.75813630832245,328.0105148509821,45.03866037802952
15 Jul 2026 22:02:00.000000000,6542.406203086633,1401.7594475620695,1592.4146604579646,-2.3403658110066257,4.316268072135879,5.818241381645137,-0.008022219769600852,-0.0017217667342251035,-0.0019620388923186453,13.614383791103439,108.173319850088,500.8143265656123,6878.316970160339,0.00010707411116383892,52.98955330605598,1.7576992422840934,334.1993314586324,42.655476734830046
15 Jul 2026 22:03:00.000000000,6387.651174601023,1657.4513743828286,1937.7276483601895,-2.8162232463698733,4.20368257557629,5.687957612055683,-0.007830658969409085,-0.0020348948109564567,-0.0023861853626831273,16.605736324560915,110.37907064267672,501.3887804554264,6877.816933394153,3.82248645300085e-06,52.987980553481,1.7570248090717804,3.0768296308122998,17.583592056490474
15 Jul 2026 22:04:00.000000000,6204.709924764929,1905.8296976587571,2274.46620664319,-3.2795617042166576,4.072571949978135,5.532533164097208,-0.00760450649705749,-0.0023388913238297426,-0.0027995721939687358,19.566107972642698,112.66126737922676,502.02103266489274,6877.236402599065,0.00010363122122461125,52.98615360826581,1.7560683672172792,163.7338372241664,220.7322178468162
15 Jul 2026 22:05:00.000000000,5994.395258888136,2145.8001421750714,2601.14234125822,-3.7283359549464583,3.923523899291068,5.352667929137523,-0.007344814286654585,-0.0026324152047016228,-0.003200368465263412,22.488470470784154,115.03663168437934,502.7009352064097,6876.585643032924,0.00021314905754279989,52.984104539151396,1.754790246915903,169.6271012709845,218.64464475606653
15 Jul 2026 22:06:00.000000000,5757.640714556339,2376.30607852964,2916.3133090870115,-4.160568309673463,3.7572050655080926,5.149169796888199,-0.00705278304674941,-0.0029141781203600257,-0.0035868075943386968,25.36501038054757,117.52326803268342,503.4172551542579,6875.876151119455,0.0003238395254757931,52.98186932226871,1.7531564463738611,175.11872686437616,216.95880330776768
15 Jul 2026 22:07:00.000000000,5495.496246055832,2596.333161024643,3218.587977549943,-4.574357328370752,3.5743576946663964,4.922950559012172,-0.00672975474341653,-0.003182950144091508,-0.003957195227727216,28.186945726109435,120.14085017402189,504.15787378536027,6875.120450221697,0.00043435643709282445,52.97948720820455,1.7511392286033494,180.43960396697156,215.44383674344726
15 Jul 2026 22:08:00.000000000,5209.1234002050915,2804.9137556044875,3506.6329246978453,-4.9678860582148845,3.3757959780211713,4.6750213591769185,-0.006377204470843084,-0.003437564900141406,-0.004309916453139236,30.944317521368692,122.91075750163999,504.91000172858776,6874.33186881778,0.0005432816656924324,52.97700003178617,1.7487176082882412,185.63784799042196,214.05166014157726
15 Jul 2026 22:09:00.000000000,4899.7900127084085,3001.1311393799624,3779.1782538709563,-5.3394297692830115,3.1624021004701954,4.406487730979149,-0.005996731837683982,-0.003676924166866897,-0.004643442309812236,33.62575620174404,125.8561195936956,505.6604060552756,6873.5243050843665,0.0006491488363495144,52.974451476647744,1.7458777202361935,190.73143621374464,212.76432374780703
15 Jul 2026 22:10:00.000000000,4568.864455998657,3184.1234551220086,4035.023099386111,-5.687363162069176,2.9351220289185473,4.118544266307496,-0.005590051988929065,-0.00390000193364539,-0.004956335584752916,36.21822704825512,129.00170536753996,506.3956450983416,6872.711982095295,0.0007504701569330055,52.97188630742514,1.7426130629962029,195.72931685055465,211.57290370908282
15 Jul 2026 22:11:00.000000000,4217.809470817722,3353.0874061049108,4273.04080232191,-6.010167028687713,2.6949610730336335,3.812468956724481,-0.005158986388228327,-0.004105847924303121,-0.005247255906324936,38.70676566247416,132.37356486778125,507.10230673252994,6871.90919796513,0.000845764275601235,52.96934958298404,1.7389246134072025,200.63654615873384,210.4723648204629
15 Jul 2026 22:12:00.000000000,3848.1756147178385,3507.2816785737095,4492.183737972474,-6.306434356501316,2.442979249951385,3.489617249569163,-0.004705453466667275,-0.004293590605490145,-0.005514964154913753,41.074225681366954,135.99829838900536,507.7672458775726,6871.130075310626,0.0009335844688428143,52.966885864417684,1.734820810051984,205.4559075759378,209.4599413021464
15 Jul 2026 22:13:00.000000000,3461.594361057701,3646.0300810086696,4691.487779064881,-6.574875869298266,2.1802864828685258,3.151415858606426,-0.004231459238321231,-0.004462439711791064,-0.00575832622863156,43.30107743956945,139.90179607296943,508.3778170930386,6870.388314369796,0.0010125466232817403,52.96453843164292,1.7303174058981916,210.18846091000003,208.53458757870462
15 Jul 2026 22:14:00.000000000,3059.770882352061,3768.7243910204056,4870.07638106309,-6.81432500648887,1.9080376614724848,2.7993563666378103,-0.003739087966754891,-0.004611688326583986,-0.005976316212177904,45.36531861766213,144.10727699907738,508.9220983085412,6869.696954011695,0.0010813565305470175,52.96234852228029,1.7254371926237608,214.83367215173982,207.69684849149903
15 Jul 2026 22:15:00.000000000,2644.476551539872,3874.826902377349,5027.164278130059,-7.02374234544542,1.6274275895624397,2.4349886542463914,-0.003230492948076301,-0.004740714562582977,-0.00616801900453389,47.24258413823857,148.63248922872089,509.389101967579,6869.068144696515,0.0011388360632665936,52.960354606123,1.720209601440646,219.3893245148552,206.9489483385017
15 Jul 2026 22:16:00.000000000,2217.5411943941035,3963.8726660689167,5162.060780235231,-7.202219475512879,1.3396858424762155,2.0599141853356717,-0.002707887459113666,-0.004848982889714908,-0.006332632466910483,48.90656595143291,153.4860544009759,509.76897014647074,6868.5129372078445,0.0011839478600060118,52.958591707891614,1.714670187289232,223.8512670756872,206.2950423660099
15 Jul 2026 22:17:00.000000000,1780.8451256888318,4035.4714205898017,5274.1726636457415,-7.348982334580745,1.0460715539821508,1.6757791762948357,-0.002173535901198263,-0.004936045161532463,-0.006469469157811527,50.32985972985982,158.66319720853667,510.05315053317486,6868.041090687528,0.001215818226405407,52.957090790142026,1.7088600053715042,228.21299601659646,205.7416357051023
15 Jul 2026 22:18:00.000000000,1336.3110010447829,4089.309207720394,5363.006648545139,-7.463394020305523,0.7478681493581085,1.2842676717512733,-0.0016297451487320115,-0.005001541386773881,-0.006577957717046293,51.485323136524215,164.14150116069155,510.23455050482715,6867.66090316002,0.0012337580704311945,52.95587820716016,1.7028248908255597,232.4650233317677,205.29821488979206
15 Jul 2026 22:19:00.000000000,885.8955156304454,4125.149671000603,5428.171458797656,-7.544957088166383,0.4463780385651415,0.8870945461304524,-0.0010788560953334963,-0.005045200290899948,-0.006657643958767803,52.34793712948716,169.8777898087689,510.30766692039396,6867.379067348601,0.0012372818494036824,52.9549752394543,1.696614654098323,236.59394533175356,204.97817961560997
15 Jul 2026 22:20:00.000000000,431.5809801907965,4142.835034850738,5469.379459930068,-7.593315347592487,0.14291728089678482,0.4859984468197885,-0.0005232353744914794,-0.005066839708741299,-0.006708191729390749,52.89700373452301,175.80751258936277,510.26868963911255,6867.200554162742,0.001226124748917479,52.95439771706414,1.6902822059823222,240.58106233694565,204.80022334278215
15 Jul 2026 22:21:00.000000000,-24.63319577170591,4142.286762915604,5486.447872264223,-7.608255165551517,-0.16118976968559617,0.0827346917742984,3.4732783939212034e-05,-0.0050663668381431305,-0.0067293835719048276,53.11832912496232,-178.15221111966943,510.1155771820104,6867.1285257837935,0.001200258701569976,52.95415573837055,1.6838826276143968,244.40030122041844,204.790411077439
15 Jul 2026 22:22:00.000000000,-480.7390843217592,4123.505894708623,5479.299556827226,-7.5897062843804415,-0.4646158309695385,-0.3209318679219861,0.0005926546096801799,-0.00504377837916234,-0.0067211212313100155,53.00591697249507,-172.09565976767647,509.8481033679765,6867.164279798548,0.0011599085102884257,52.95425348943385,1.6774722016261838,248.0150188301875,204.9853762941802
15 Jul 2026 22:23:00.000000000,-934.7288539182064,4086.573060055366,5447.963372241538,-7.5377421574741605,-0.7660360642168204,-0.7232340116309574,0.0011481348167612698,-0.004999160571127215,-0.006683426019894897,52.56273145860702,-166.1188430963851,509.46787417638933,6867.307225334416,0.001105570519402209,52.954689167142725,1.671107421428284,251.37294931890318,205.4373739650963
15 Jul 2026 22:24:00.000000000,-1384.603389846929,4031.64817120731,5392.574101295694,-7.452579802933395,-1.064133445220377,-1.1224093307392469,0.001698784657463877,-0.004932689131617144,-0.00661643905015138,51.80031307464188,-160.30940005069743,508.97831451215734,6867.554891640804,0.0010380385137029756,52.95545500764775,1.6648439959532444,254.39796614605208,206.2225189230297
15 Jul 2026 22:25:00.000000000,-1828.3808912800453,3958.969792858364,5313.371946372078,-7.334579171643748,-1.3576041285650962,-1.516707420040169,0.0022422300652838495,-0.004844629086764124,-0.006520421323533391,50.73735810972575,-154.73855317931518,508.3846249758682,6867.902969043967,0.0009584460178652059,52.95653741971499,1.6587358673494932,256.97617888101405,207.45468942359113
15 Jul 2026 22:26:00.000000000,-2264.1054156524497,3868.854190689093,5210.70159341458,-7.184242022752652,-1.645162798140986,-1.9043970697656378,0.002776119943289461,-0.004735334476505265,-0.006395753655330101,49.397646448602615,-149.45672463125507,507.69370917066107,6868.3453816844685,0.0008683437004269742,52.957917220798244,1.6528342588587968,258.93159149830217,209.30986920745093
15 Jul 2026 22:27:00.000000000,-2689.855340544027,3761.694059517338,5085.0108447058155,-7.002210296357639,-1.9255479955540655,-2.283773447344631,0.003298134645593882,-0.004605247904292772,-0.006242936396766864,47.807802369055224,-144.4930231172991,506.9140725065634,6868.874390929978,0.0007698518959832324,52.959569971822845,1.6471867697107918,259.981961078832,212.0702891421643
15 Jul 2026 22:28:00.000000000,-3103.75171254626,3637.956932695296,4936.848821445286,-6.78926397065117,-2.1975274160855016,-2.6531652554140965,0.0038059946898937862,-0.0044548998962217765,-0.006062588908932401,45.99529310926292,-139.8576803123057,506.05569389185086,6869.480727851446,0.000665977842707637,52.96146640493439,1.6418365329861957,259.6569252999975,216.20630005409387
15 Jul 2026 22:29:00.000000000,-3503.9664517796155,3498.1832750792078,4766.863738012208,-6.546318388967906,-2.45990315941788,-3.010941849417048,0.004297469721167218,-0.004284908021942971,-0.0058554487257305955,43.98689429378344,-135.54606133798083,505.12987212561745,6870.153752660272,0.0005613021594133413,52.96357293682013,1.6368214513938082,257.14991357532637,222.52446188352224
15 Jul 2026 22:30:00.000000000,-3888.7303798043395,3342.984262749507,4575.800250906373,-6.274421041338961,-2.7115169195226585,-3.3555202943900806,0.004770387734539482,-0.004095975732275347,-0.005622370345891113,41.80767751767863,-131.5430209220289,504.1490492236018,6870.881638538004,0.0004634613636027229,52.96585225868859,1.6321735245258118,251.10343967126857,232.38225132971
15 Jul 2026 22:31:00.000000000,-4256.34103774938,3173.0392536782538,4364.496386703112,-5.974747785385859,-2.9512550950625607,-3.685372336469758,0.005222644541824683,-0.003888890858356229,-0.005364323579966695,39.48045925825901,-127.82680850111495,503.12661331425676,6871.651576853694,0.0003858481862018153,52.968263992623676,1.6279182796206655,239.65561628057898,247.64154750146685
15 Jul 2026 22:32:00.000000000,-4605.170260598735,2989.0929547515966,4133.880054957748,-5.64859849278949,-3.1780537985048416,-3.9990312603896103,0.005652213448182655,-0.0036645237204401574,-0.0050823913818636365,37.02559954684982,-124.37216211919095,502.07668412814104,6872.450000365823,0.0003488745051220189,52.97076540283419,1.6240743160368476,222.28522990603943,268.8235572152312
15 Jul 2026 22:33:00.000000000,-4933.671472813143,2791.952291955049,3884.9651538528933,-5.297392110183281,-3.3909037390332806,-4.295098600004253,0.0060571550866550805,-0.003423824797047245,-0.004777767097324535,34.46103486715109,-121.15253831233503,501.0138844623485,6873.262820653794,0.00036838182089662247,52.9733121493249,1.6206529716405862,203.5813990487034,291.33915694302107
15 Jul 2026 22:34:00.000000000,-5240.386669906369,2582.4829921006376,3618.847278488211,-4.922661127126536,-3.5888549514471304,-4.572250664866939,0.006435627335666413,-0.0031678219070324603,-0.004451751063604531,31.80244938272222,-118.1415880432377,499.95310132396025,6874.075675726415,0.0004371536365461365,52.975859070734124,1.6176581172624276,189.76260941283374,308.9698576955307
15 Jul 2026 22:35:00.000000000,-5523.953050287426,2361.605886229968,3336.69904404873,-4.526045448777381,-3.771021340652907,-4.829244842293704,0.0067858952277776744,-0.0028976168659066875,-0.00410574650560742,29.06351490855064,-115.31404587535131,498.9092407317186,6874.874183518975,0.0005347582853344769,52.97836098253643,1.6150860829829496,181.88951898743525,320.65499997884757
15 Jul 2026 22:36:00.000000000,-5783.109261716923,2130.292946701881,3039.7650386241476,-4.10928567687155,-3.936585009281483,-5.064925631359194,0.007106340742497851,-0.0026143815866968606,-0.0037412546852804416,26.256154055033512,-112.64619704050152,497.89698037282164,6875.644196825567,0.0006451743927103906,52.980773476502016,1.6129257178334504,178.20984666842753,328.14686516006185
15 Jul 2026 22:37:00.000000000,-6016.701227141863,1889.5630719738685,2729.3564231401992,-3.6742158094941275,-4.08480033446809,-5.278230363058224,0.007395472362655455,-0.002319353606424542,-0.0033598692749625433,23.390799458965873,-110.11605899729477,496.9305244607965,6876.372055123667,0.0007589544927565253,52.98305370725017,1.611158582035158,177.1274358401968,333.0416118233467
15 Jul 2026 22:38:00.000000000,-6223.687515529981,1640.4776351465391,2406.8451986567147,-3.2227553776995475,-4.214997759056228,-5.468194559570708,0.0076519342611672215,-0.002013831030716035,-0.0029632699402124137,20.47663483109339,-107.70338025309353,496.02336521106986,6877.044828741307,0.0008704737837068047,52.985161151927365,1.6097592685893567,177.65521351189477,336.3263165224319
15 Jul 2026 22:39:00.000000000,-6403.144224647151,1384.1358144358153,2073.658164127294,-2.7569010450821243,-4.326587262484529,-5.633956885297811,0.007874514983885752,-0.001699166904543585,-0.0025532151382430374,17.521811767618768,-105.38952879583775,495.1880553339472,6877.650550896284,0.0009760510190407127,52.98705832948803,1.608695848672373,179.21834614090142,338.57581779927665
15 Jul 2026 22:40:00.000000000,-6554.269344542614,1121.6697257909598,1731.2705905321748,-2.2787177046511173,-4.419061477459914,-5.774763643172406,0.008062155490095634,-0.0013767630299616389,-0.0021315341550540933,14.533641192937107,-103.15731845803847,494.4359958341463,6878.178433304513,0.0010730486516613957,52.98871146674149,1.6079304331697977,181.4756976236114,340.1312579919516
15 Jul 2026 22:41:00.000000000,-6676.38657281319,854.2393798779908,1381.199640030065,-1.7903291155940413,-4.491998420203784,-5.889972771717224,0.008213956414217745,-0.0010480632659701406,-0.0017001184232713945,11.518761038032943,-100.99080394426267,493.77724319713576,6878.619061310408,0.0011594617491754793,52.990091099250506,1.6074198405057378,184.2168740781517,341.20303821112554
15 Jul 2026 22:42:00.000000000,-6768.9485555162455,583.0274875072458,1024.9975613503298,-1.2939081304169424,-4.545063804597378,-5.979057301427954,0.008329184422465859,-0.0007145463600593743,-0.0012609121823954717,8.483283140874088,-98.87506299892586,493.22033973502,6878.964564833997,0.0012337265206558029,52.99117259630037,1.6071163590481017,187.3066693383763,341.92637257063075
15 Jul 2026 22:43:00.000000000,-6831.539530852991,309.2341392788076,664.2446950073163,-0.7916665702959237,-4.578012913887966,-6.041608233244849,0.008407277547067427,-0.0003777183732578162,-0.0008159025596251237,5.4329229467074915,-96.7959759602596,492.77217046134507,6879.208761853463,0.0012946283599950435,52.99193660049187,1.6069685906266535,190.65472041100188,342.3916324257357
15 Jul 2026 22:44:00.000000000,-6863.877356414525,34.071386675400014,300.54232399162845,-0.2858448129849568,-4.590692007687584,-6.077336807061166,0.00844784940010122,-3.9104772393226774e-05,-0.00036710916580004905,2.3731157516890473,-94.74000758252502,492.4378493713066,6879.347271638028,0.001341256199975585,52.99236937401741,1.6069223603029263,194.1983560879689,342.6614974331644
15 Jul 2026 22:45:00.000000000,-6865.81490480983,-241.24224694953818,-64.49459266600198,0.2212988368826108,-4.583039246689854,-6.0860761342721545,0.008450692181032981,0.00029975772788673623,8.342668663773194e-05,-0.6908768020140316,-92.6939926191861,492.2206374325609,6879.377595509419,0.0013729786375363147,52.9924630453328,1.6069216762099285,197.89249993061964,342.78105222286746
15 Jul 2026 22:46:00.000000000,-6837.340816816855,-515.4872961467502,-429.244764710371,0.7274989210178885,-4.55508512273707,-6.067782175139235,0.008415778423813618,0.0006373294826399333,0.0005336530251283417,-3.753866373896085,-90.64492461014339,492.12189395480806,6879.299163523147,0.0013894299309280542,52.99221575170924,1.6069097224372384,201.703459466636,342.7839968475943
15 Jul 2026 22:47:00.000000000,-6778.579605732701,-787.4488939745642,-792.0879541693014,1.2304936672516817,-4.506952387436663,-6.022534049045712,0.008343261443791983,0.0009720762991021965,0.0009815183934046173,-6.810640203235063,-88.57974618837487,492.1410623221436,6879.113346115778,0.0013904998276406482,52.991631675007106,1.6068298672545682,205.60491139907109,342.69666121811576
15 Jul 2026 22:48:00.000000000,-6689.79111126261,-1055.922293273866,-1151.4123573853171,1.7280358174972195,-4.438855478299139,-5.950533673349083,0.00823347447465593,0.0013024777867831556,0.0014249830337720462,-9.855862550504762,-86.48513877156047,492.27569035808887,6878.8234304413645,0.0013763240569699122,52.99072096992317,1.6066266687497257,209.57513791424697,342.54076844470245
15 Jul 2026 22:49:00.000000000,-6571.369305992704,-1319.7183385469973,-1505.6219453645929,2.2179033656245215,-4.351099447185541,-5.852104734275067,0.008086928511510962,0.0016270355790269993,0.001862029946763432,-12.883971816404632,-84.34730963286783,492.5214848714323,6878.4345618069965,0.0013472738257600207,52.98949958589155,1.6062468598610857,213.5949486639737,342.3355125166552
15 Jul 2026 22:50:00.000000000,-6423.8404621437985,-1577.6688588499824,-1853.1437226732428,2.6979101286144767,-4.244078401540434,-5.727691000928845,0.007904308898712764,0.0019442813332756542,0.002290675703210354,-15.889069775240948,-82.1517750824843,492.8723992209545,6877.953651294837,0.0013039435077538287,52.98798898572774,1.6056402952448403,217.64590914138228,342.0993296077558
15 Jul 2026 22:51:00.000000000,-6247.860690819319,-1828.6319528860529,-2192.4348659853886,3.165916077429626,-4.1182734742901905,-5.5778540008043,0.00768647072491135,0.002252784423040606,0.00270898089059906,-18.864799247757063,-79.8831400034843,493.320752060801,6877.389251313535,0.0012471362576758863,52.98621576596532,1.6047608429744582,221.7085659705429,341.8516724943029
15 Jul 2026 22:52:00.000000000,-6044.21287024892,-2071.497138607242,-2521.989704685352,3.6198373584730517,-3.974250343246507,-5.403270081949486,0.007434433110852724,0.002551159243578328,0.0031150600865731764,-21.804206447291858,-77.52487659482907,493.8573748025838,6876.7514014364415,0.0011778476933307453,52.98421118560542,1.6035672051582834,225.7603370813443,341.61512012065424
15 Jul 2026 22:53:00.000000000,-5813.80298352331,-2305.190341007306,-2840.3465076119846,4.0576559421176785,-3.812656325250141,-5.2047268930121176,0.007149372493265744,0.002838072063951898,0.0035070912658387503,-24.699584262121714,-75.05910939830497,494.4717847734372,6876.051447447041,0.001097248203906788,52.982010611652306,1.6020236527151779,229.77260131921543,341.41828776854015
15 Jul 2026 22:54:00.000000000,-5557.655889928859,-2528.678693440462,-3146.0940420699258,4.477428841424262,-3.63421707398645,-4.983119317577905,0.006832615019062614,0.0031122473690328918,0.0038833245607994204,-27.542293058221308,-72.46642028301142,495.1523805735261,6875.301837009676,0.0010066650159987064,52.97965289131114,1.6001006611615889,233.70619905349898,341.3003262716656
15 Jul 2026 22:55:00.000000000,-5276.910557229471,-2740.975129597081,-3437.877873501373,4.877296851486637,-3.439732913366404,-4.739444903448331,0.006485628181881435,0.003372473650509468,0.0042420903160680645,-30.32255648485055,-69.72569706244947,495.88665575172496,6874.515895806155,0.0009075661742776764,52.9771796620499,1.597775435973429,237.50383654872138,341.3185175154168
15 Jul 2026 22:56:00.000000000,-4972.814784925862,-2941.142745318274,-3714.4063768255755,5.255492767853552,-3.2300748404299537,-4.474798830581543,0.006110011832989128,0.0036176086183155407,0.00458180639339739,-33.02923169529355,-66.81406409604644,496.6614266312991,6873.707588318883,0.0008015507771166649,52.9746346118499,1.595032318129388,241.07623953199186,341.56212079261593
15 Jul 2026 22:57:00.000000000,-4646.719450859287,-3128.2989114432053,-3974.456433051248,5.61034905049087,-3.0061802330416207,-4.1903684634908265,0.005707488703920891,0.0038465838189670138,0.0049009847034645875,-35.64955704140521,-63.70695389023282,497.4630699290981,6872.891267692885,0.0006903550936477991,52.972062702869806,1.5918630625371493,244.2748572598857,342.17966871408015
15 Jul 2026 22:58:00.000000000,-4300.072315249406,-3301.619121073524,-4216.87878761674,5.940304907972986,-2.7690482980252074,-3.8874275347396083,0.005279894573366718,0.004058408660098613,0.005198236958062476,-38.168886641488236,-60.37840612180498,498.2777657226328,6872.081419271198,0.0005758986161226141,52.96950937240879,1.5882669843823147,246.8330298367565,343.4377999239626
15 Jul 2026 22:59:00.000000000,-3934.4114175394416,-3460.34055676264,-4440.603049710768,6.243912784427872,-2.5197352949936684,-3.5673300059647244,0.0048291682083362675,0.004252173856065006,0.005472279657222542,-40.57043149944341,-56.801713570438274,499.0917413232279,6871.292402467831,0.0004604391272476414,52.96701972546193,1.5842509707482055,248.22472073837443,345.8625266668571
15 Jul 2026 23:00:00.000000000,-3551.358102313947,-3603.7653652019753,-4644.642314548398,6.519844239034385,-2.2593495700379442,-3.231503651714434,0.004357341192557457,0.004427054316900704,0.005721938336301851,-42.83504236675412,-52.95056776361994,499.8915117043479,6870.538195624064,0.0003470710451262181,52.96463773331118,1.579829357372261,247.27782888375458,350.62592286291954
15 Jul 2026 23:01:00.000000000,-3152.609710865386,-3731.26362902133,-4828.097393319779,6.766895214560426,-1.9890464316042873,-2.8814434092054055,0.003866527747229332,0.004582311516763241,0.0059461511169354945,-44.94109099109139,-48.80087707946084,500.66411230305874,6869.832148390107,0.00024152956330595446,52.96240545248062,1.5750236727404137,240.96553078297714,0.7547821624082893
15 Jul 2026 23:02:00.000000000,-2739.9319751005537,-3842.276027156319,-4990.160637988356,6.983990697027207,-1.7100228986399888,-2.518704534339,0.0033589146288673676,0.004717295382808239,0.006143971612986881,-46.8645324984925,-44.33341014157909,501.3973202487192,6869.186745989595,0.00015964343710737905,52.960362278013,1.5698622541627423,221.058600622818,24.478298115068135
15 Jul 2026 23:03:00.000000000,-2315.151150155097,-3936.316176980843,-5130.11935048048,7.170188773253921,-1.4235123483636778,-2.144895600868628,0.002836751173304975,0.004831445753786436,0.006314571254465057,-48.5792568078295,-39.53731624265715,502.0798603661976,6868.613389467279,0.00014288634603791368,52.958544244397615,1.5643797427352408,182.1046947080761,67.24878003324125
15 Jul 2026 23:04:00.000000000,-1880.1459215663522,-4012.972652950577,-5247.358767911909,7.324684096507582,-1.1307790880723536,-1.7616713758291354,0.002302339531022267,0.0049242934550616955,0.006457241089903117,-50.057848474542205,-34.414344880718026,502.7015926403622,6868.1221956975705,0.0002012380296633313,52.9569833866137,1.5586164663071673,155.37954908498895,97.79045571803591
15 Jul 2026 23:05:00.000000000,-1436.8391221566872,-4071.9106778711957,-5341.364617371998,7.44681077277942,-0.8331128723581361,-1.3707256003656554,0.0017580251260980377,0.004995461046250834,0.006571393140910575,-51.27285140865705,-28.983206589984835,503.2536782040707,6867.721820550257,0.00028670582051347715,52.95570717266208,1.5526177215163917,146.3256825204167,110.66076886974473
15 Jul 2026 23:06:00.000000000,-987.1892929660546,-4112.8734840966,-5411.725235418974,7.536044681340073,-0.5318233841000876,-0.9737837011408479,0.001206187344126493,0.005044663284601022,0.006656561366277987,-52.198553994140006,-23.283050729197903,503.7287213142633,6867.419308180964,0.000376006103343688,52.954738017661676,1.5464329678233348,144.70339225685356,116.09938375659921
15 Jul 2026 23:07:00.000000000,-533.1821217371022,-4135.683342971255,-5458.133248833754,7.592005243240647,-0.22823469479916608,-0.5725954537541258,0.0006492304430795891,0.005071707352900882,0.006712402300959204,-52.813161549423015,-17.3746906838768,504.12088520247187,6867.21996894276,0.00046212193143321936,52.95409288811327,1.5401149479670682,146.292038882357,118.32690079626431
15 Jul 2026 23:08:00.000000000,-76.82179164571252,-4140.242261685389,-5480.386814354684,7.614456650445293,0.07632028266711047,-0.16892761625300617,8.957466167702859e-05,0.0050764928862742165,0.006738695416831294,-53.101035675713646,-11.338310134721944,504.4259801204211,6867.127287913888,0.0005423908380220073,52.95378300330395,1.5337187506311727,149.52788120366907,118.90702215473496
15 Jul 2026 23:09:00.000000000,379.8777277493061,-4126.532347426132,-5478.39041610133,7.603308566448307,0.3805053378413428,0.23544345199543898,-0.000470352510436707,0.005059011832397988,0.0067353432526314795,-53.05453418790774,-5.267183787159677,504.64152234321705,6867.142865508858,0.0006155662513602005,52.95381363907574,1.5273008320689383,153.741977765483,118.50865071222758
15 Jul 2026 23:10:00.000000000,834.901415952074,-4094.615839316611,-5452.155220227916,7.558616306733783,0.6829864935419123,0.6387391729428386,-0.0010281249477128455,0.005019348160029961,0.006702371334760298,-52.67498368143743,0.7416977635453472,504.7667633386864,6867.266391098475,0.0006810296139947563,52.954184037341314,1.520918014186878,158.60826327657028,117.45781412761582
15 Jul 2026 23:11:00.000000000,1286.241932394724,-4044.634809169033,-5401.798987071998,7.4805805044895255,0.9824375152219172,1.0391861222464662,-0.0015813264398184298,0.004957677432092931,0.006639927912424878,-51.9725099434892,6.597937448798674,504.8026887583477,6867.495650011492,0.0007385245801144972,52.954887422833174,1.5146264769177462,163.95070092820782,115.93051300806884
15 Jul 2026 23:12:00.000000000,1731.9083119814202,-3976.810532574485,-5327.5455417310195,7.36954626382045,1.2775453906165335,1.4350233801969676,-0.0021275592323210064,0.004874266239278778,0.006548283503686399,-50.964775151110864,12.226399706050273,504.7519873517218,6867.826563737648,0.0007880432184304011,52.95591112665373,1.5084807628726666,169.66586975075944,114.03013403015309
15 Jul 2026 23:13:00.000000000,2169.934594593282,-3891.442532349401,-5229.723804659837,7.226001799557477,1.5670157711525048,1.824509849690326,-0.002664452608488341,0.004769471487190187,0.0064278302448462004,-49.67497057187314,17.57238004246255,504.6189903495222,6868.253262602848,0.000829762406850472,52.95723681428862,1.502532811917012,175.68797487746684,111.82244013557306
15 Jul 2026 23:14:00.000000000,2598.388357686992,-3788.9072968920427,-5108.766384587434,7.050576559859713,1.8495783657048428,2.205931528649032,-0.003189671555770307,0.004643739513575336,0.006279081013385684,-48.129551912199474,22.602799947636424,504.40958230109635,6868.768189650882,0.000863997369451987,52.95884081388739,1.4968310428134186,181.97139359720194,109.35302491231059
15 Jul 2026 23:15:00.000000000,3015.379120794269,-3669.6566766099863,-4965.207736850241,6.844038825385878,2.1239922758303087,2.5776087224453494,-0.003700925553775783,0.00449760501143881,0.006102668293338238,-46.35615242752828,27.3041944463685,504.1310847853472,6869.362233947974,0.0008911604521061879,52.96069453883901,1.4914194981474393,188.48122812087888,106.65676022935375
15 Jul 2026 23:16:00.000000000,3419.066590287997,-3534.215962285895,-4799.681891174401,6.607292777059931,2.3890512596987072,2.937903179379895,-0.004195977505139334,0.004331689719658015,0.005899342732578356,-44.38194046205948,31.678852814922436,503.79211483961075,6870.024891033413,0.0009117209262470185,52.96276499700438,1.4863370676472336,195.1878617510387,103.7632404289277
15 Jul 2026 23:17:00.000000000,3807.66871225033,-3383.181650085829,-4612.91975404638,6.341375023550369,2.64358890965113,3.2852251292466357,-0.004672652816119297,0.0041467008410164576,0.0056699713387495625,-42.23250568601838,35.74041407769248,503.40242036401816,6870.744447779417,0.0009261649450260343,52.96501537744523,1.4816168035379387,202.06371641928206,100.70002510561677
15 Jul 2026 23:18:00.000000000,4179.469500723779,-3217.218898898068,-4405.745992118642,6.047450579653888,2.8864837257764857,3.6180402016255417,-0.0051288486184309385,0.003943429145599195,0.00541553525742374,-39.93122823553079,39.509808978267145,502.97269515480747,6871.508188501845,0.0009349565031513104,52.967405704134244,1.4772853399075836,209.0813593665515,97.49453269215209
15 Jul 2026 23:19:00.000000000,4532.826608118741,-3037.058686825572,-4179.075504616919,5.726808287903432,3.1166640652506508,3.934876196969531,-0.005562543102443774,0.003722746713005265,0.005137127069485032,-37.4990226574128,43.01198407019655,502.514376592585,6872.302618787801,0.0009385012495273529,52.96989354496766,1.473362426235382,216.21253606516885,94.17500774858492
15 Jul 2026 23:20:00.000000000,4866.178604137795,-2843.4946749585047,-3933.909494456057,5.380855677961568,3.3331129445419174,4.2343296799712125,-0.0059718049161575585,0.0034856042719310174,0.00483594755101171,-34.954337975655626,46.27350505149586,502.0394293537927,6873.113703184136,0.0009371155221133967,52.97243476345003,1.4698605831157157,223.4278974100029,90.77079392399057
15 Jul 2026 23:21:00.000000000,5178.051929344019,-2637.3797880017655,-3671.3311497247782,5.011113261693816,3.534872669126371,4.515072361301229,-0.006354802564361152,0.0032330280973322,0.004513301840638364,-32.31331242757534,49.320947672426314,501.5601188165025,6873.927112628116,0.0009310030537396689,52.9749842996964,1.4667848861009358,230.69726221418202,87.31207155274954
15 Jul 2026 23:22:00.000000000,5467.067489500624,-2419.6225229274537,-3392.5009493448442,4.619208266195716,3.7210492631874668,4.775857230792893,-0.006709813728851253,0.002966116433717749,0.00417059497006499,-29.590007810310127,52.17991149196602,501.0887780863827,6874.728477304958,0.0009202414305951071,52.97749696691063,1.4641328812536427,237.99027093986408,83.8292039533682
15 Jul 2026 23:23:00.000000000,5731.946857109154,-2191.182998527283,-3098.6516090196646,4.206867812361734,3.8908166700456395,5.015524402678189,-0.007035234409780918,0.0026860354176544386,0.0038093267188298047,-26.796673503520918,54.87448679372134,500.63757276520545,6875.503640491722,0.0009047796122354233,52.9799282492597,1.4618946337118859,245.27727930281125,80.3518437905927
15 Jul 2026 23:24:00.000000000,5971.518047214986,-1953.0687605440407,-2791.0826860235907,3.7759115527042084,4.043420692869032,5.233006631712921,-0.007329587785511202,0.002394014487732334,0.0034310857746737765,-23.94401000906853,57.42703078041204,500.2182677136113,6876.238908899277,0.0008844467676786472,52.982235087071714,1.4600529081566918,252.53033491590557,76.90795633618359
15 Jul 2026 23:25:00.000000000,6184.720835590341,-1706.3303588990373,-2471.154863892996,3.3282437888502243,4.1781826446772286,5.427334458099345,-0.007591532670687908,0.0020913412764406625,0.0030375431884976365,-21.041415755205314,59.85814335171637,499.84200011190904,6876.921295054093,0.0008589715427820447,52.98437663554322,1.4585834778506543,259.7240906718443,73.52290592965417
15 Jul 2026 23:26:00.000000000,6370.61158885481,-1452.056715402103,-2140.28394061486,2.865845096284892,4.294502676802138,5.5976409391164115,-0.007819871454787033,0.0017793559943586105,0.0026304451342301746,-18.097209929192214,62.18676452364699,499.51906309192736,6877.538747376671,0.0008280098693637166,52.98631498363879,1.4574555565600278,266.8365392884976,70.21872121801267
15 Jul 2026 23:27:00.000000000,6528.367577985339,-1191.3703021499687,-1799.9345464072696,2.390763491211477,4.39186275589076,5.7431659263675305,-0.008013557393978512,0.0014594453268998284,0.0022116049968184826,-15.118829554320618,64.43034102869949,499.25870409141436,6878.080363807573,0.0007911787341442719,52.9880158205962,1.456632345604243,273.8494996439523,67.0136085509451
15 Jul 2026 23:28:00.000000000,6657.290748990879,-925.4221525742091,-1451.613619590821,1.9051051816439863,4.4698292612148744,5.863259849580716,-0.008171701147241183,0.0011330358806510715,0.001782894834337573,-12.113002094328882,66.60502847424911,499.0689418692684,6878.536585109999,0.0007480930337005005,52.989449038397574,1.4560716862169183,280.7488375794941,63.92173085750266
15 Jul 2026 23:29:00.000000000,6756.810927280218,-655.3867287132248,-1096.863671290348,1.4110249517600755,4.528055176497363,5.957386970936711,-0.00829357643299453,0.0008015872231117122,0.0013462362687140345,-9.085896440618168,68.72590864268004,498.956405813122,6878.899364330604,0.0006984027353660225,52.9905892597156,1.4557268056330779,287.52445232810084,60.9532208518962
15 Jul 2026 23:30:00.000000000,6826.488435392562,-382.4566697464955,-737.25587174329,0.9107162349249082,4.566281853614167,6.025128077900137,-0.008378624717114157,0.00046658457661928783,0.0009035908833193154,-6.043255829821361,70.80721042657433,498.92620077524464,6879.1623093266135,0.0006418279498729243,52.99141628216981,1.455547143659991,294.1701007647096,58.11435637795023
15 Jul 2026 23:31:00.000000000,6866.01610726458,-107.83744806986324,-374.3829927480868,0.40640093638630653,4.5843403293306695,6.0661825874107205,-0.008426458839283696,0.00012953123325135996,0.0004569502132739471,-2.990516449924851,72.8625287205661,498.9818001938152,6879.320795756324,0.0005781900703503676,52.99191543121102,1.455479245117792,300.68317222749687,55.407785149455584
15 Jul 2026 23:32:00.000000000,6875.220686010414,167.2580398092351,-9.852242233930303,-0.09968092872991036,4.58215218057771,6.080370039928572,-0.008436865515445488,-0.00020805923217928865,8.32542920127867e-06,0.06708452976716052,74.90503929102435,499.12496970519885,6879.372048473841,0.0005074377216699716,52.99207781556297,1.455467702427021,307.064596585062,52.83261621847825
15 Jul 2026 23:33:00.000000000,6854.063596234974,441.6149195531599,354.72197197916887,-0.6052817130061994,4.559729908552809,6.067630968076414,-0.00840980666133814,-0.0005446708687670474,-0.00044026317798543063,3.1244078780963216,76.94770990159788,499.3557228419726,6879.315189856529,0.0004296668055034365,52.99190048086286,1.455456131766667,313.3192672905158,50.38399643797374
15 Jul 2026 23:34:00.000000000,6802.641086112262,714.0217940173617,717.7253114546704,-1.108156658546935,4.517176847013964,6.028027131309174,-0.008345419520809957,-0.0008787932891261299,-0.0008867967964260604,6.176314653688368,79.00350924565055,499.6723097569405,6879.151254210726,0.0003451343758304599,52.99138645892513,1.4553881656644665,319.458086184565,48.05106516419296
15 Jul 2026 23:35:00.000000000,6721.183738763488,983.2761784651074,1077.5507713765355,-1.6060743907774468,4.454686595373456,5.961741114981983,-0.008244015585952825,-0.0012089295542188853,-0.001329268660592867,9.217568537014639,81.08561580256836,500.0712392329955,6878.883168036511,0.0002542664500295348,52.99054471187618,1.4552084446328355,325.5060845387055,45.80883271549445
15 Jul 2026 23:36:00.000000000,6610.055356782539,1248.1898876186226,1432.6059017929197,-2.096827312469505,4.37254198244548,5.869075299182385,-0.00810607833562786,-0.001533603916847298,-0.0017656944703820978,12.242734693464536,83.20762872272816,500.5473335519351,6878.515696570074,0.00015766037952173737,52.98938997223915,1.4548635904985479,331.5441371711859,43.576465762626725
15 Jul 2026 23:37:00.000000000,6469.751227999504,1507.5943466975184,1781.3199484348988,-2.578241828076727,4.271113571805247,5.750450209544396,-0.007932259830527913,-0.0018513693405768003,-0.002194122550082289,15.246071657591363,85.38378225421656,501.09381512075663,6878.055357648973,5.608779318570519e-05,52.98794248185757,1.454303144419666,338.2228983244071,40.703350969385625
15 Jul 2026 23:38:00.000000000,6300.8957846661415,1760.3457994034316,2122.150876604101,-3.048188331612792,4.150857724531079,5.606402268775313,-0.007723376230621939,-0.002160814717546408,-0.0026126436429666946,18.221412625546314,87.62916392175975,501.70242311141726,6877.510304547841,4.9592104962343866e-05,52.98622763430109,1.4534804532334704,160.64084133469953,222.0910548600393
15 Jul 2026 23:39:00.000000000,6104.239672117746,2005.330386887772,2453.5922429183724,-3.504590895642991,4.012314239491758,5.437580973620351,-0.007480402313698957,-0.002460571715735859,-0.0030194002465015134,21.162032442801713,89.95993437532636,502.363557775686,6876.890179996586,0.00015820369238746753,52.98427552707064,1.452353488673353,167.2933886249484,219.24419339000994
15 Jul 2026 23:40:00.000000000,5880.656246547006,2241.469073067753,2774.1798813369887,-3.945436604346524,3.8561035951902416,5.244745527302222,-0.0072044650933532324,-0.002749321196644894,-0.003412595405924164,24.060496563595432,92.3935430815975,503.066449566384,6876.2059441086085,0.0002686185603716148,52.98212043147904,1.4508855851753883,172.8994292667328,217.44391397961056
15 Jul 2026 23:41:00.000000000,5631.137524771742,2467.7223931872436,3082.498371797879,-4.368784479839509,3.682923820388236,5.02876096197764,-0.006896836651179289,-0.0030257991574093117,-0.0037905009008959594,26.908488486684607,94.94892814908623,503.7993497418371,6875.4696794027,0.00037952195001755466,52.97980018950838,1.4490460834496777,178.27961700478286,215.8695971237233
15 Jul 2026 23:42:00.000000000,5356.789611679743,2683.0950042672034,3377.187262024491,-4.772773957929051,3.493547023199093,4.790593789284356,-0.006558926293117364,-0.003288802159067686,-0.004151464770197624,29.696612889616077,97.64667960760941,504.54973876084097,6874.694376491095,0.0004895228025879499,52.97735554820513,1.4468108686053327,183.5232875174889,214.43193880936911
15 Jul 2026 23:43:00.000000000,5058.827633537088,2886.640017844864,3656.9470153024326,-5.155632876641775,3.288815610121826,4.531307219695161,-0.006192272164936741,-0.003537192222495787,-0.004493918144825576,32.41417328965031,100.50913219862628,505.3045484962994,6873.893704322291,0.0005971702234987624,52.9748294432539,1.444162793459691,188.6569904334084,213.10441822478344
15 Jul 2026 23:44:00.000000000,4738.570207225866,3077.4630974147567,3920.5446596387987,-5.515684948558292,3.0696382273645066,4.25205599284833,-0.005798532443684332,-0.003769901179755752,-0.0048163813688087195,35.04892617284013,103.56033486661677,506.05039410896427,6873.08176910445,0.0007009794613194702,52.97226624424784,1.4410919796675676,193.6925237257645,211.87526314230306
15 Jul 2026 23:45:00.000000000,4397.433477075454,3254.7263048635377,4166.819116167755,-5.851356695294024,2.8369854570211497,3.9540808615877694,-0.005379476233401346,-0.003985934487441732,-0.0051174694116811895,37.5868190379725,106.8258187089905,506.77381132746524,6872.27286619449,0.0007994594280720437,52.96971097483587,1.437595991432924,198.63628798119524,210.73809548106456
15 Jul 2026 23:46:00.000000000,4036.924752005148,3417.6516821592772,4394.686187263969,-6.161183829666033,2.5918853000718847,3.6387027719226532,-0.004936974273068775,-0.0041843745131334474,-0.005395896583291664,40.01172887262347,110.33205360748651,507.4614948723063,6871.481229315944,0.0008911408191731999,52.96720852136254,1.433679878748786,203.4919350627606,209.68928253142545
15 Jul 2026 23:47:00.000000000,3658.6357764485288,3565.524556404611,4603.1431872727735,-6.443817077628211,2.3354184769814035,3.30731677977659,-0.004472989570536257,-0.004364383326788997,-0.005650480589102059,42.305231514625646,114.10545010853698,508.1005338344127,6870.720781470958,0.0009746042557973879,52.96480284381816,1.4293560894127275,208.26125155594758,208.72705345250193
15 Jul 2026 23:48:00.000000000,3264.235668663982,3697.69655822846,4791.273201269506,-6.698027438090911,2.0687135747306864,2.961385743033293,-0.003989568044269198,-0.004525205025872208,-0.005880145961253569,44.446452085890456,118.17073834200109,508.67863996409017,6870.004891836375,0.0010485079479011755,52.962536202879114,1.4246442512970239,212.94443016516178,207.85122787631138
15 Jul 2026 23:49:00.000000000,2855.4635602452,3813.5883450488927,4958.248959346642,-6.922710883526978,1.792942066968246,2.6024338247108725,-0.0034888292547751,-0.004666167640976349,-0.00608392692464459,46.412071612583205,122.54856240679874,509.18436503467126,6869.346142791215,0.001111614423155695,52.96044841654693,1.4195708286690893,217.54006440518233,207.06322127149176
15 Jul 2026 23:50:00.000000000,2434.1209701431426,3912.6920223498855,5103.336316121248,-7.116892508429401,1.5093132311769788,2.232039839520494,-0.002972957277875913,-0.004786684664052944,-0.0062609697522077136,48.17659087987953,127.25220394131664,509.6073037079463,6868.756111012801,0.0011628159197026974,52.958576159386986,1.414168658458697,222.0449692268567,206.3662244260666
15 Jul 2026 23:51:00.000000000,2002.0639461084556,3994.57325741955,5225.897326923103,-7.279730135466491,1.2190689839413351,1.851830472438365,-0.00244419176298283,-0.004886256253614312,-0.006410534680308205,49.71296898730657,132.2835394642068,509.93827863436724,6868.245166310935,0.0012011581090227454,52.95695231663851,1.4084763745805042,226.45384485863863,205.76553976427667
15 Jul 2026 23:52:00.000000000,1561.1950057796682,4058.8730811842147,5325.392913762783,-7.41051739094796,0.9234786524383874,1.4634733940115328,-0.0019048191899454392,-0.004964470158326432,-0.006531997439018883,50.993742373578065,137.6286747689095,510.1695048624334,6867.822291548842,0.0012258619085753696,52.955605404523766,1.4025377302180961,230.75875626482608,205.26910209285043
15 Jul 2026 23:53:00.000000000,1113.4549089250813,4105.30937477748,5401.385115550846,-7.5086862618167265,0.6238336973845479,1.0686702933084253,-0.0013571643315973586,-0.005021002415178063,-0.006624850471908943,51.99266674913282,143.25415136402322,510.29473099940003,6867.494926632685,0.0012363432762359289,52.95455906694534,1.396400829923685,234.9483619565739,204.88825003592402
15 Jul 2026 23:54:00.000000000,660.8142916097318,4133.67803831515,5453.53891819684,-7.573809145915571,0.3214423999947007,0.6691498458187931,-0.0008035818998758738,-0.005055617854870993,-0.00668870388977747,52.686794189125735,149.10501916648067,510.30935495286064,6867.268839145039,0.0012322310743659087,52.95383165744241,1.3901172848420813,239.00677617563227,204.63886413338582
15 Jul 2026 23:55:00.000000000,205.26519238818395,4143.853840032143,5481.6236611587665,-7.605600405833299,0.01762452315335985,0.2666606304272825,-0.0002464483480991343,-0.005068170458215253,-0.006723286217626624,53.05871699923139,155.10611371834838,510.21051248440887,6867.148023758104,0.001213383396469744,52.95343591380436,1.3837413058190413,242.9118707394981,204.54306530799545
15 Jul 2026 23:56:00.000000000,-251.18749993999123,4135.790944492051,5485.514017780931,-7.603917434362008,-0.2862940449085635,-0.1370359930533709,0.0003118462170597829,-0.005058603584858,-0.006728444965013589,53.09854541574466,161.16727265140426,509.99713721762095,6867.134632095339,0.0011799032519849131,52.953378731134656,1.3773287501665292,246.63269064444478,204.6317995984183
15 Jul 2026 23:57:00.000000000,-706.5346478845807,4109.523119037969,5465.190547381476,-7.568761236667484,-0.5889866575311464,-0.5401730362475398,0.0008689060657320603,-0.005026950098068378,-0.006704147053114454,52.805138762797235,167.19198806543008,509.6699911607523,6867.228934222343,0.0011321553820269033,52.953661037450374,1.3709361387776877,250.12542181600355,204.94887076181138
15 Jul 2026 23:58:00.000000000,-1158.7714872168694,4065.163618042338,5420.739817577588,-7.500276530894169,-0.889131281022279,-0.9409850561054343,0.0014223378768924149,-0.004973332388418395,-0.006650479104320338,52.1862505306376,173.08763492875767,509.2316652266634,6867.429312443763,0.0010707876006216892,52.95427777411848,1.3646196607947667,253.3269130263909,205.5574187194427
15 Jul 2026 23:59:00.000000000,-1605.9062404054318,4002.9047448756496,5352.3540958161575,-7.3987513653202885,-1.1854158645667376,-1.3377153422577412,0.0019697588324325286,-0.004897962296691774,-0.00656764759670103,51.25754565793533,178.77472685504316,508.686549658473,6867.732287568811,0.0009967632290304154,52.9552179816026,1.3584341832670463,256.14391765521395,206.55067816183774
16 Jul 2026 00:00:00.000000000,-2045.968692386365,3923.017091897621,5260.330609562428,-7.2646162465920945,-1.4765437021462857,-1.7286231092332616,0.00250880483203843,-0.00480114092137965,-0.006455978865643282,50.040766482394,-175.80691983203351,508.04077469712695,6868.1325772897335,0.0009114177572900807,52.95646498915028,1.3524322828667024,258.43456805480236,208.07050454495894
