UTCG,r_x,r_y,r_z,v_x,v_y,v_z,a_x,a_y,a_z,lla_Lat,lla_Lon,lla_Alt,coe_Semi-major_Axis,coe_Eccentricity,coe_Inclination,coe_RAAN,coe_Arg_of_Perigee,coe_True_Anomaly
15 Jul 2026 00:00:00.000000000,931.0278491710898,-4033.7139661185006,-5492.82324688599,7.435871535015598,1.6295903249890467,0.06366529802368262,-0.0011414946538656435,0.004925115038040182,0.006726722926475769,-53.1348459506768,-9.332593435709061,513.648947768077,6878.137004756409,2.3069373907289497e-09,52.99999994589212,11.999999998098017,0.0,270.6000000031651
15 Jul 2026 00:01:00.000000000,1374.806079572545,-3927.1467221667035,-5476.902432654447,7.351363910296019,1.9213618273096484,0.4668372897500317,-0.0016834321747970784,0.0047948868896119275,0.006707105136187138,-52.89951786811533,-3.293550412816366,513.5836099613408,6878.213065470352,8.458374515749537e-05,53.00022238863972,11.993633984618477,190.0081756835585,84.40048528274329
15 Jul 2026 00:02:00.000000000,1812.542340449925,-3803.319999207518,-5436.843949450327,7.234544555557252,2.204697822600759,0.8679637882171989,-0.002218041360203193,0.004643682601144234,0.006658073266624558,-52.33675257124472,2.6313795567672598,513.438071482617,6878.395664937488,0.00016943789571511532,53.00077919516599,11.987334254528026,197.18583097245815,81.03144441135669
15 Jul 2026 00:03:00.000000000,2242.312497627559,-3662.7773120469346,-5372.823365624316,7.085921708598557,2.478358424757012,1.2652853351279962,-0.002743004479359298,0.004472150114766044,0.006579830636842886,-51.46102912495953,8.359780578565454,513.2152278977402,6878.681589503311,0.00025450580687431316,53.00166039111444,11.981155702837352,204.30161476534573,77.72418252996879
15 Jul 2026 00:04:00.000000000,2662.2270604238797,-3506.135351204295,-5285.121376522256,6.9061416169567105,2.741145153315499,1.657058276157237,-0.003256040971386704,0.004281022743386013,0.00647270268879224,-50.29327004789548,13.827801640878935,512.9195933721027,6879.065805762731,0.00033965019007527403,53.00285027428257,11.97515108161277,211.33437303252165,74.49980879732895
15 Jul 2026 00:05:00.000000000,3070.439389663041,-3334.0813465403453,-5174.12263727781,6.695986056691846,2.9919059907549572,2.041562072974852,-0.0037549159688357405,0.004071116934465332,0.00633713642515072,-48.85864432974291,18.993051374937068,512.5572213249786,6879.54154849538,0.00042462875716945314,53.004327693023335,11.969370067076664,218.2660938836154,71.37629181828083
15 Jul 2026 00:06:00.000000000,3465.153741639115,-3147.370131609166,-5040.314158182488,6.4563693370325,3.2295402992133306,2.4171065738330535,-0.004237448917284401,0.0038433298098254458,0.00617369957820001,-47.18437218929271,23.83385586490568,512.1355975452474,6880.1004389739055,0.0005090774198866857,53.006066421235865,11.963858381464156,225.08194361842538,68.36842406465415
15 Jul 2026 00:07:00.000000000,3844.6331169924642,-2946.8209175853153,-4884.283265576767,6.188334784586543,3.453003582048254,2.782039225240599,-0.0047015223071299895,0.0035986364433419214,0.005983079464216017,-45.29787713569008,28.346059560655945,511.66350739555423,6880.732631655419,0.0005925018477724355,53.00803562323332,11.958656985229583,231.7702839466442,65.48780509561104
15 Jul 2026 00:08:00.000000000,4207.206883091712,-2733.313786544982,-4706.715132326621,5.893050700252756,3.6613120733497904,3.134752204366599,-0.005145090519184504,0.0033380868363615296,0.005766081471263462,-43.22544528544716,32.538749796381964,511.1508791565055,6881.426986776851,0.0006742773653679919,53.01020040017052,11.953801353964396,238.3225076200051,62.74300632747769
15 Jul 2026 00:09:00.000000000,4551.27813807588,-2507.7859149755345,-4508.389883272114,5.571805782382997,3.8535471360449263,3.473689448473858,-0.005566188768309154,0.0030628025495461437,0.005523627122011804,-40.991395474757866,36.429990724788375,510.6086059727095,6882.171265918611,0.0007536565818531405,53.012522408260246,11.94932085283148,244.73271910272692,60.13989072128406
15 Jul 2026 00:10:00.000000000,4875.330784347936,-2271.227539624109,-4290.179282568743,5.2260040111967205,4.028859446817613,3.797353554117445,-0.005962942112044464,0.002773972952222235,0.005256751651522615,-38.617672899117146,40.04319154174822,510.0483492529464,6882.952347187729,0.0008297837458519946,53.0149605377324,11.945238219585711,250.99730834463682,57.68203931851032
15 Jul 2026 00:11:00.000000000,5177.936279066181,-2024.677679174782,-4053.0430115979307,4.857158991980556,4.186472943830959,4.104312515224257,-0.006333574472710052,0.0024728510541738784,0.0049666010400847985,-36.123748588223606,43.404336314627194,509.4823267400496,6883.756456307601,0.0009017146004621409,53.0174716404158,11.941569165291781,257.11446380501656,55.371238472713046
15 Jul 2026 00:12:00.000000000,5457.760029122789,-1769.2196267487805,-3798.02454809706,4.466887758199238,4.325688511325829,4.393206265685124,-0.006676417604494141,0.0021607488915379672,0.004654428445260438,-33.52671450670841,46.54005125489255,508.9230887940631,6884.56940959617,0.0009684404463711037,53.02001129296854,11.938322099731385,263.08366086997495,53.20799163086466
15 Jul 2026 00:13:00.000000000,5713.567398292471,-1505.9762298296955,-3526.2466593356808,4.0569040402372405,4.445887373712587,4.662752988932093,-0.006989919921099045,0.0018390324471417962,0.004321589984460022,-30.84148787054504,49.47636746667817,508.3832867152337,6885.37686457253,0.0010289151605062852,53.022534582164475,11.935497986242327,268.90514867013036,51.192032655227095
15 Jul 2026 00:14:00.000000000,5944.229294737429,-1236.1049758890006,-3238.906524516837,3.6290110109702045,4.546534170890232,4.91175515432032,-0.00727265508580194,0.0015091160958685815,0.00396953982888474,-28.081064506354885,52.23800745808172,507.87543716189424,6886.164573762541,0.0010820840225923983,53.0249968982707,11.93309032845267,274.5794446121814,49.32283137079179
15 Jul 2026 00:15:00.000000000,6148.727307912191,-960.7929037003488,-2937.270504073533,3.1850935255901462,4.62717968630333,5.139105238150902,-0.00752333025489987,0.001172456577435912,0.0035998245823892086,-25.256783254575893,54.8480391483041,507.4116868821854,6886.918637181457,0.0011269133398455723,53.027354722428825,11.931085288982313,280.10683274816245,47.60009521412208
15 Jul 2026 00:16:00.000000000,6326.158365166869,-681.2513620314433,-2622.6685761138656,2.7271098798839817,4.687463199762369,5.343791085999376,-0.007740793858325586,0.0008305465117244487,0.0032140769333555597,-22.378579739631398,57.32777312571235,507.0035820682945,6887.625748960285,0.0011624200101657091,53.029566394085826,11.92946193784029,285.4868492490656,46.024283717573184
15 Jul 2026 00:17:00.000000000,6475.738880023686,-398.7106390475315,-2296.4884628910686,2.2570831182800384,4.727114438345143,5.524900872766185,-0.007924042796879818,0.00048490748478534985,0.0028140085835956412,-19.45521878935678,59.6968122433274,506.66184664936986,6888.2734336566145,0.0011877003170204666,53.031592844900665,11.928192625952684,290.71772447835673,44.597166335021846
15 Jul 2026 00:18:00.000000000,6596.8083662111985,-114.41448730441623,-1960.1694727775619,1.7770919301977466,4.745955100775994,5.681627617618892,-0.008072228936790188,0.00013708274688711258,0.002401402475831231,-16.494501626724464,61.97319088562591,506.39617375769745,6888.85026795015,0.0012019574046324836,53.03339828617673,11.927243477040802,295.79573405843917,43.32247121868244
15 Jul 2026 00:19:00.000000000,6688.832494081438,170.3854293935341,-1615.1960857434142,1.2892611803190466,4.743899933528294,5.81327321279128,-0.008184664785504153,-0.00021137042367677325,0.0019781043583312397,-13.503447941805168,64.17356281721797,506.2150344278141,6889.346083667679,0.001204527049016037,53.03495083772183,11.92657498896343,300.7143868643155,42.20669701630208
15 Jul 2026 00:20:00.000000000,6751.405568990925,454.4351397955489,-1263.0913127170911,0.7957521250956925,4.720957340466805,5.9192519280441465,-0.00826082824231656,-0.000558888625825755,0.001546013742927651,-10.488455094186442,66.31341198820755,506.12550731904224,6889.7521484095105,0.0011949015383005749,53.03622308710351,11.926142733737787,305.46333927317625,41.260198364394654
15 Jul 2026 00:21:00.000000000,6784.252414564199,736.4839912227006,-905.4098613779173,0.29875237388395876,4.67722951205889,5.999093356438724,-0.008300366328595526,-0.0009039104348085137,0.0011070743284913402,-7.455437720501424,68.4072712792016,506.1331328896905,6890.061320453232,0.0011727517402380396,53.03719256952553,11.925898143708205,310.0268601847646,40.498720567817394
15 Jul 2026 00:22:00.000000000,6787.229647434441,1015.2902686622599,-543.731142839798,-0.19953434166471357,4.612912064937318,6.052444771849981,-0.008303097819007482,-0.001244884612150189,0.0006632639769285338,-4.409951411190939,70.46894120636495,506.2417950023152,6890.26817508486,0.0011379478330116892,53.03784215997891,11.925789369849179,314.3815578009667,39.945672483056505
15 Jul 2026 00:23:00.000000000,6760.326334011424,1289.6267774010184,-179.65215528139294,-0.696898522121917,4.528293187765067,6.079072874243102,-0.008269014712880053,-0.0015802783375200803,0.00021658434098455485,-1.3573041810559936,72.51170513970861,506.45363241162335,6890.369100041359,0.0010905798390867195,53.03816037089177,11.925762196953706,318.49287285202263,39.63563292420108
15 Jul 2026 00:24:00.000000000,6703.664023996996,1558.2863595796305,185.21971818295782,-1.1911353078512112,4.423752294792965,6.078864905009761,-0.008198282506408494,-0.0019085853704354399,-0.00023094974667443573,1.6973406243223053,74.5485404115873,506.7689819934447,6890.362358332352,0.001030980305985441,53.03814155018747,11.92576099947561,322.3094538577266,39.6199750100539
15 Jul 2026 00:25:00.000000000,6617.49615967723,1820.0873153020025,549.2739592499694,-1.6800548670504452,4.299758194061145,6.051829121442992,-0.008091239248383942,-0.0022283340490181604,-0.0006773210068264377,4.748866460798292,76.59232635837876,507.18635492915473,6890.248117328565,0.0009597538284677703,53.03778597642841,11.92572972111376,325.75376624420204,39.97625663892622
15 Jul 2026 00:26:00.000000000,6502.206864386325,2073.878699523354,910.9041732175855,-2.1614926913463295,4.156866782713912,5.9980946265342965,-0.007948393385630968,-0.002538095035089222,-0.0011205204494982401,7.792107321418898,78.65605119837979,507.70244638228996,6890.028443646593,0.0008778230198619522,53.03709984954522,11.925612860884321,328.7057234530544,40.82458896163769
15 Jul 2026 00:27:00.000000000,6358.309117881438,2318.5454668475472,1268.515318239683,-2.633319727066785,3.995718287217593,5.9179105575032676,-0.007770420427297145,-0.0028364887194964714,-0.0015585579918954873,10.821749675356289,80.75301989546408,508.31217851268303,6889.707264009912,0.000786511527577388,53.03609517748959,11.925356448314597,330.97279307257605,42.35752983043329
15 Jul 2026 00:28:00.000000000,6186.442330603515,2553.013437589866,1620.5308668891576,-3.0934522727390883,3.81703407123737,5.811644643614963,-0.007558158479584167,-0.003122192208708613,-0.0019894728411932474,13.832229180481395,82.89706484927798,509.0087759873719,6889.290292908944,0.000687710983217558,53.03478956097784,11.924908990666669,332.23270672678024,44.897373495351054
15 Jul 2026 00:29:00.000000000,5987.369332852423,2776.2540599602885,1965.3998627135409,-3.539861577075043,3.6216130384059717,5.679781150701791,-0.007312602723359614,-0.0033939458229891545,-0.00241134353138797,16.81761865725277,85.10276032130936,509.7838724859644,6888.784928504227,0.0005842457570413018,53.03320588027439,11.924222375577706,331.91908641778,49.010523859642916
15 Jul 2026 00:30:00.000000000,5761.972798694498,2987.2889449871836,2301.6038357016896,-3.9705830766061165,3.4103276610730453,5.522918236193491,-0.007034898925206977,-0.0036505590476410134,-0.002822297512756731,19.771503707165007,87.38563974992078,510.62764608024554,6888.200118803473,0.0004807252206031009,53.03137188967054,11.923252713410017,328.9929613322222,55.73597729033356
15 Jul 2026 00:31:00.000000000,5511.251127892477,3185.1941527574945,2627.6635421759256,-4.383725218042396,3.1841196692709,5.341764744197623,-0.0067263360883729065,-0.0038909158915124333,-0.003220520204713501,22.68684229659679,89.76241216386292,511.52898080866703,6887.546200681178,0.0003855825688500331,53.029319726915766,11.921961104614303,321.5643460015868,66.96374410046388
15 Jul 2026 00:32:00.000000000,5236.313812235382,3369.104210686528,2942.1454965390276,-4.777477817179421,2.943995436482603,5.1371364751138895,-0.006388338361507544,-0.004113979620438533,-0.003604263437116704,25.555804720168048,92.25116921065269,512.4756512801454,6886.8347147896,0.0003151484828730112,53.02708534632739,11.92031431881387,306.9654416931533,85.36164683203245
15 Jul 2026 00:33:00.000000000,4938.376315316737,3538.215846772146,3243.668264488496,-5.150119913530431,2.6910211003173004,4.90995196828845,-0.006022456332109461,-0.004318796847730994,-0.003971853221425807,28.369590799554434,94.87156706892323,513.4545267387022,6886.078199822508,0.0002944891477863633,53.02470788561653,11.91828537384822,285.4750393510446,110.65091702539253
15 Jul 2026 00:34:00.000000000,4618.75449702346,3691.7914231046316,3530.9084897061257,-5.500027087595487,2.426317456856667,4.661227839231717,-0.0056303578347387745,-0.004504500977675333,-0.004321696810146442,31.118222279145098,97.6449566459374,514.4517907070992,6885.289969930801,0.0003358283159426846,53.02222897759946,11.915854004839943,265.4279638575642,134.49675070933407
15 Jul 2026 00:35:00.000000000,4278.858615753611,3829.1620572214474,3802.6066285768834,-5.8256782155324975,2.1510546672671516,4.392073714885755,-0.00521381840518059,-0.004670315011975564,-0.004652289020996498,33.79031064275449,100.59441970921607,515.4531721079067,6884.483879348472,0.0004212123017531695,53.01969201889984,11.91300701521652,253.05279248645985,150.67058974385898
15 Jul 2026 00:36:00.000000000,3920.1869426605163,3949.7304211928918,4057.5723701258844,-6.125661643739518,1.866446814296537,4.103686811322363,-0.004774711506773718,-0.0048155537416379075,-0.004962217819836961,36.37280473095088,103.74464677822567,516.4441836333323,6883.674078465297,0.0005277881113159343,53.01714140846771,11.909738503768022,247.01327619219407,160.50870037435612
15 Jul 2026 00:37:00.000000000,3544.319023056996,4052.97321052637,4294.689721021927,-6.398680773238662,1.5737463445881454,3.7973461981073604,-0.0043149986479521256,-0.004939625358042196,-0.005250169173206523,38.85072960276937,107.1215643119008,517.410363098333,6882.8747656786045,0.0006420040877583624,53.01462176924,11.906049963911656,244.74073906047613,166.57977367380778
15 Jul 2026 00:38:00.000000000,3152.908620514236,4138.443277069658,4512.921738120946,-6.643559050566729,1.2742384304210914,3.4744067924436735,-0.0038367194983626035,-0.0050420325265322155,-0.005514931197010234,41.20693930212827,110.75158587321472,518.3375135585361,6882.099939373326,0.0007565929730052077,53.01217716653258,11.90195025362823,244.63302917053008,170.48597462351262
15 Jul 2026 00:39:00.000000000,2747.6763792117035,4205.771422020845,4711.3148935563695,-6.859244367920913,0.9692352816620688,3.136293124203579,-0.0033419820970052323,-0.005122372973294081,-0.005755397641494831,43.421922734606376,114.66033145706868,519.2119380976653,6881.3631543187485,0.0008671973123154433,53.009850336785405,11.89745543673121,245.81974837089078,173.09771233055974
15 Jul 2026 00:40:00.000000000,2330.402239774049,4254.66784690479,4889.003059776447,-7.044812880429744,0.6600704355053322,2.7844929102071467,-0.002832953229088382,-0.005180339641285938,-0.005970570763955885,45.473724064364184,118.8706470295613,520.0206653796246,6880.677286638767,0.0009708251902380553,53.007681940078896,11.892588498399853,247.81943572011969,174.89645662975468
15 Jul 2026 00:41:00.000000000,1902.9176432396623,4284.923261921772,5045.211104139557,-7.19947225249276,0.3480930481477308,2.4205504727528044,-0.0023118490300747356,-0.0052157204734554295,-0.00615956364890095,47.33806482588021,123.3997918362079,520.7516623073408,6880.054311313558,0.00106521052437271,53.005709849404845,11.887378940019268,250.35181512945877,176.16249053116812
15 Jul 2026 00:42:00.000000000,1467.0975569909479,4296.409652418373,5179.258084675733,-7.322564348085666,0.03466220901418845,2.046060033630498,-0.001780925856561622,-0.005228397882163916,-0.006321602041594818,48.988777395258985,128.25578692694612,521.3940304249074,6879.505095913256,0.0011485418958537138,53.00396848902121,11.881862260543285,253.2445153186622,177.06819039938242
15 Jul 2026 00:43:00.000000000,1024.8523555306028,4289.080705355665,5290.560040385042,-7.413567381723054,-0.2788587052953491,1.6626589108317125,-0.0012424714438864651,-0.005218347960567176,-0.006456025762309605,50.39866432529266,133.43317784722277,521.9381830306871,6879.039213953086,0.0012193439545877983,53.002488233352366,11.87607933344681,256.3857835695586,177.72531237638586
15 Jul 2026 00:44:00.000000000,578.1195879533502,4262.97189858234,5378.63237096111,-7.472097547428521,-0.5911076234282643,1.272020641105605,-0.0006987963523244991,-0.005185639488053351,-0.006562289768905669,51.54086382338744,138.90886390505383,522.376000328638,6878.664780903602,0.0012764252628048546,53.00129487683707,11.870075690226791,259.69934988463075,178.21012843657195
15 Jul 2026 00:45:00.000000000,128.8556629293624,4218.200256460381,5443.091802104006,-7.497910142638713,-0.9007293070642469,0.8758480475780835,-0.0001522256859691107,-0.005130432774422206,-0.006639964930553686,52.39070710268423,144.63909399494818,522.7009603254122,6878.388315494489,0.00131885624817423,53.00040918388921,11.863900722896153,263.1303193669883,178.57753425259273
15 Jul 2026 00:46:00.000000000,-320.9725189358124,4154.963775982027,5483.657933627037,-7.490900202566907,-1.2063808055095624,0.4758662680759227,0.00039490894635502236,-0.005052978380115622,-0.006688738569950375,52.92789597800108,150.55898892704337,522.9082435748196,6878.214628524007,0.0013459608930123043,52.99984652674455,11.857606819441276,266.63677254859095,178.86944913940098
15 Jul 2026 00:47:00.000000000,-769.3959565009816,4073.5405279501797,5500.154368418345,-7.451102658319407,-1.5067368305471196,0.07381575654345995,0.0009402772718266612,-0.004953615737965255,-0.006708414819424254,53.138648510621906,156.58570198555196,522.9948102749415,6878.146740934091,0.0013573143302645948,52.99961661744321,11.851248447239335,270.1844008368148,179.12018090125943
15 Jul 2026 00:48:00.000000000,-1214.4519348472106,3974.2874381817087,5492.509420952679,-7.378692029153077,-1.8004950461291211,-0.3285547323466193,0.0014815580484078314,-0.004832771695203596,-0.006698914829940644,53.01734353808003,162.62539687457493,522.9594486317615,6878.185832440142,0.0013527424613728925,52.99972333857068,11.844881200388192,273.7427423752854,179.3601902780955
15 Jul 2026 00:49:00.000000000,-1654.1923798202267,3857.6387539568523,5460.75640462221,-7.2739816559134995,-2.0863812683625804,-0.7294951673407634,0.002016446672686114,-0.00469095897900568,-0.006660276853564574,52.56723585080691,168.58285786244832,522.8027938152526,6878.3312215191645,0.0013323217106921094,53.00016467567259,11.838560827508827,277.2821668642034,179.61910644055055
15 Jul 2026 00:50:00.000000000,-2086.6921528866396,3724.104201240118,5405.033497576274,-7.137422479081331,-2.3631545710788386,-1.1272612662597798,0.002542662761458885,-0.004528774580789322,-0.006592656209826635,51.80003907215731,174.37144547076795,522.5273172468479,6878.580377067628,0.0012963782038457245,53.000932752504724,11.832342256861333,280.7710087298393,179.92859413670726
15 Jul 2026 00:51:00.000000000,-2510.057259032083,3574.2668384837225,5325.5831871856735,-6.9696013612300565,-2.6296122916986695,-1.5201215161283053,0.0030579577664025985,-0.004346898042972236,-0.0064963251309285985,50.7344957746263,179.92095827959577,522.1372863709981,6878.9289615437265,0.0012454865438955973,53.00201396850538,11.826278635769519,284.1722941109965,180.32562701613486
15 Jul 2026 00:52:00.000000000,-2922.432940223733,3408.7806132102073,5222.751293691389,-6.7712389503161905,-2.8845949307714807,-1.9063641799509443,0.0035601226752043184,-0.004146089621740643,-0.006371672465776919,49.39431892297303,-174.8181413350868,521.638695476521,6879.370904914737,0.0011804693163226373,53.003389236113215,11.820420400971306,287.4393702053942,180.85685858112805
15 Jul 2026 00:53:00.000000000,-3322.0116268258153,3228.36762795944,5096.985574070764,-6.5431870771681995,-3.126990936887318,-2.2843042809206704,0.004046995845065369,-0.0039271882929649915,-0.0062192032123681365,47.80598128618541,-169.8743067514227,521.0391685456973,6879.898508243624,0.0011023998873667688,53.00503431383004,11.814814396105154,290.5093556035021,181.5851721321591
15 Jul 2026 00:54:00.000000000,-3707.0407186362545,3033.815122843249,4948.833907815675,-6.286425678277571,-3.3557413662466127,-2.652290552326087,0.004516471000420253,-0.0036911095592718,-0.006039537832188584,45.99674716237074,-165.25736530739863,520.3478355183075,6880.502575273735,0.0010126137018714434,53.00692022927471,11.809503051605505,293.2924758949106,182.600345415223
15 Jul 2026 00:55:00.000000000,-4075.8301668370186,2825.972182590123,4778.942067065217,-6.002059233357389,-3.569844403746208,-3.008712338663074,0.0049665054139075146,-0.003438843014140663,-0.005833411294066308,43.993167329805644,-160.96249958499973,519.5751837623876,6881.172569914327,0.0009127387829780514,53.00901378491602,11.804523641379763,295.65351939523396,184.03759511811646
15 Jul 2026 00:56:00.000000000,-4426.759827374748,2605.7461768836592,4588.0510745310585,-5.691312706572175,-3.768359729570312,-3.3520064298823926,0.0053951282716319625,-0.0031714496154430015,-0.005601671785428813,41.82008845401913,-156.97455016379536,518.7328869400629,6881.896797096778,0.0008047686080042888,53.01127813773966,11.79990762914589,297.37762925184705,186.1117849519843
15 Jul 2026 00:57:00.000000000,-4758.286555665907,2374.09894382504,4376.994153849581,-5.3555269807653,-3.9504127124681485,-3.680663806892334,0.005800449206466271,-0.002890058621416177,-0.005345279025039718,39.50011557611122,-153.27186435587205,517.8336138402964,6882.662604068595,0.000691231067122949,53.01367344281838,11.795680115911564,298.1035758872214,189.18415335492531
15 Jul 2026 00:58:00.000000000,-5068.951011909448,2132.04272757054,4146.693278436326,-4.9961537755709955,-4.115198408123053,-3.9932362723960853,0.006180666963326859,-0.002595864144366612,-0.005065302108956087,37.0534175533615,-149.82934254256656,516.8908201155613,6883.456598826821,0.0005755870977863605,53.016157549639274,11.791859398227487,297.18752433682346,193.89854625694767
15 Jul 2026 00:59:00.000000000,-5357.384145822815,1880.6358825563816,3898.1553266034534,-4.614750042972412,-4.261985338493322,-4.288342937099023,0.006534078143087562,-0.0022901212828263877,-0.0047629168239666075,34.49776197245442,-146.62063321877244,515.918526198014,6884.2648820703025,0.00046320755413987893,53.01868673911537,11.788456645064436,293.42538867159226,201.459062713306
15 Jul 2026 01:00:00.000000000,-5622.313329334418,1620.9783582437574,3632.46785262487,-4.212971837656115,-4.390119025819486,-4.564676527458195,0.006859085952149801,-0.001974141799412188,-0.004439402365865027,31.848685511807748,-143.6195861326152,514.9310849750556,6885.073288779004,0.00036376968691507593,53.021216488487646,11.785475698997804,284.60553954799695,214.07734736112425
15 Jul 2026 01:01:00.000000000,-5862.568105752114,1354.2069799379194,3350.7944855787914,-3.792567664314472,-4.499025253318397,-4.821009477651262,0.007154208870668765,-0.0016492893215593412,-0.004096137409466504,29.119731565220302,-140.80112816491945,513.9429430640829,6885.867635315447,0.00029576551920913074,53.02370225082242,11.782913005314613,267.85294163470854,234.6284529490719
15 Jul 2026 01:02:00.000000000,-6077.085524226704,1081.490542946386,3054.3699701343326,-3.35537130976024,-4.588213023501276,-5.056199765492591,0.0074180891362249325,-0.001316974052351484,-0.003734595485742997,26.322710465663167,-138.14172379583857,512.9683997318575,6886.633967793558,0.00028445111561605,53.026100235532155,11.780757670417335,244.9049817646104,261.3750120911
15 Jul 2026 01:03:00.000000000,-6264.915028996992,804.0247390940705,2744.4948659407105,-2.9032941741781007,-4.657277184665047,-5.269196449778519,0.007649500930971631,-0.0009786469916246026,-0.0033563396362953062,23.467955751494173,-135.61955439750136,512.0213676456812,6887.358807381809,0.0003340337430969077,53.02836817630832,11.778991648672124,225.76733365491575,284.31137240212803
15 Jul 2026 01:04:00.000000000,-6425.222873976043,523.0269363703858,2422.529924875152,-2.438317122859373,-4.705900696473301,-5.459044865139542,0.007847358151014222,-0.0006357936798701545,-0.002963016328941321,20.564562470772835,-133.21451739569883,511.1151397112764,6888.0293882035785,0.00042021158200862454,53.03046607304639,11.77759005458871,215.02638928033738,298.8511649323384
15 Jul 2026 01:05:00.000000000,-6557.296034744105,239.7308341906488,2089.8901680572662,-1.9624818871273495,-4.733856506709378,-5.624891430020078,0.008010721634032818,-0.00028992749133488027,-0.002556348635599003,17.620601575218252,-130.90811648683314,510.26216623824905,6888.633883572761,0.0005209460724972745,53.03235689477041,11.776521595063732,210.28703783134765,307.38952497054265
15 Jul 2026 01:06:00.000000000,-6660.54559196399,-44.61898162565757,1748.0386871821843,-1.4778820506345611,-4.74100901325191,-5.765988023971827,0.00813880572118994,5.7417484146899243e-05,-0.0021381286907813427,14.643309283081189,-128.68329050848467,509.473846571733,6889.161616458932,0.0006246144349902145,53.03400723121529,11.775749114287136,208.997668812316,312.4780886652117
15 Jul 2026 01:07:00.000000000,-6734.509562629553,-328.77255858308314,1398.4801973009487,-0.986653664547573,-4.727315088078365,-5.8816958920717495,0.008230984033148623,0.0004046939183128831,-0.001710209466686026,11.639252979348054,-126.52421127458993,508.7603391341179,6889.60325031354,0.0007252746813229931,53.035387881594296,11.775230241953228,209.71017945337346,315.564985293525
15 Jul 2026 01:08:00.000000000,-6778.85515837953,-611.4801450764628,1042.7543706224146,-0.49096554209354176,-4.6928246435906,-5.971489036959894,0.008286794349285323,0.0007503490166081468,-0.0012744959185805834,8.614476581448422,-124.41606863004147,508.1303935329482,6889.950956705592,0.0008195238319112741,53.03647437014935,11.774918133589958,211.65716407268837,317.41764754670226
15 Jul 2026 01:09:00.000000000,-6793.380453328994,-891.4977778634676,682.4289831628614,0.006990710713620608,-4.637680725702483,-6.034957062697812,0.008305942490617823,0.0010928325112295727,-0.0008329355704303719,5.574628881884221,-122.3448528715134,507.5912080122907,6890.198556607312,0.0009051846388379365,53.037247379336385,11.77476229017768,214.41726751206832,318.4574577143315
15 Jul 2026 01:10:00.000000000,-6778.015447445206,-1167.5928607111086,319.09290807180525,0.5050108658348633,-4.5621191228309925,-6.0718074392986585,0.008288305122721756,0.0014306047926437137,-0.00038750862570139635,2.525078543103051,-120.29713938965877,507.1483150610566,6890.341632631489,0.0009807679068365176,53.03769309291887,11.77470944279772,217.74667853427061,318.92825388551273
15 Jul 2026 01:11:00.000000000,-6732.822515367298,-1438.5497049846765,-45.651008838612384,1.0008883786341478,-4.46646748506502,-6.0818671622659295,0.008233931413240981,0.0017621450911893366,5.978229889691228e-05,-0.528980614511614,-118.2598770371752,506.8054974522988,6890.3776100451105,0.0010452379498609213,53.03780344280013,11.774704486919727,221.49729753298868,318.97816182252865
15 Jul 2026 01:12:00.000000000,-6657.996234676464,-1703.1750027534756,-410.1931544819604,1.4924247578327994,-4.351143953207465,-6.065083787657469,0.008143043499893653,0.0020859596168654113,0.0005069227087632163,-3.5824304918493675,-116.22017969392296,506.5647363849162,6890.305804956102,0.0010979014339840601,53.03757625509956,11.774691449976173,225.5755119885929,318.7008190810002
15 Jul 2026 01:13:00.000000000,-6553.862591889201,-1960.3032031351365,-772.924396957108,1.9774399278333714,-4.216655302946101,-6.021525829899241,0.0080160357461402,0.002400589564242775,0.0009518969206559671,-6.630132310794371,-114.16511937212879,506.42619274917837,6890.127438681844,0.001138349059384153,53.03701529273573,11.774614475296104,229.9203411643294,318.157229889101
15 Jul 2026 01:14:00.000000000,-6420.877568795375,-2208.80176306838,-1132.2433386746113,2.4537825105983546,-4.063594614948416,-5.951382516623462,0.007853472785974876,0.002704618891427653,0.0013926987865125677,-9.666829533331384,-112.08151873945225,506.3882218574849,6889.845617944836,0.0011664204630109738,53.0361301935924,11.774418805075031,234.49124594705893,317.38795488913695
15 Jul 2026 01:15:00.000000000,-6259.625116106543,-2447.5762445187183,-1486.5635356114462,2.9193399550157473,-3.8926384870325625,-5.854962901999479,0.007656086381391853,0.002996681785992843,0.0018273423319092469,-12.687046681467406,-109.95574103307148,506.4474212911845,6889.465281188569,0.0011821790363325529,53.03493630517958,11.774051745122543,239.26100185448715,316.42023772691635
15 Jul 2026 01:16:00.000000000,-6070.814525645867,-2675.575231227758,-1834.320644448013,3.372048443784489,-3.7045438095956316,-5.732694347160108,0.007424771139359874,0.0032754697378822766,0.00225387219188362,-15.684980562127889,-107.77347601805255,506.5987108323751,6888.993111950495,0.0011858903373727597,53.03345441852907,11.773463594315675,244.21134645628644,315.27235724873435
15 Jul 2026 01:17:00.000000000,-5855.277216409062,-2891.7950395312464,-2173.9794600530695,3.8099025112658707,-3.500144130032889,-5.585120383199962,0.0071605791555001816,0.003539738148142716,0.002670373733004326,-18.654380287172273,-105.51952206219693,506.8354427959867,6888.437420854914,0.0011780009883308226,53.03171040584957,11.772608522330025,249.33020697479787,313.9563995472356
15 Jul 2026 01:18:00.000000000,-5613.962953690616,-3095.284199430399,-2504.0408068916604,4.23096431033459,-3.280345635841664,-5.4128979786439855,0.006864713669528022,0.003788312412875666,0.0030749827592047724,-21.58841237842037,-103.17756686234574,507.1495404697821,6887.807998381281,0.001159116535843601,53.02973476817814,11.77144538004695,254.6098557832516,312.480102144774
15 Jul 2026 01:19:00.000000000,-5347.935524026987,-3285.147683990177,-2823.0482494070043,4.633372471884402,-3.0461227893612453,-5.216794239081234,0.006538521834769094,0.00402009343491882,0.003465894711355736,-24.479507254333218,-100.72997335613522,507.5316618241473,6887.115941111477,0.0011299775950557873,53.027562100873624,11.769938428245368,260.0456217963783,310.84814232542453
15 Jul 2026 01:20:00.000000000,-5058.3678919112945,-3460.5508671891334,-3129.5945882311835,5.0153505070945075,-2.7985136495922784,-4.997682571679351,0.0061834867143098285,0.004234062528192932,0.0038413732838641947,-27.319183670215203,-98.15758361338764,507.9713851829498,6886.373454649576,0.0010914340887229629,53.02523048627128,11.768057971525831,265.63493674202437,309.06309063244584
15 Jul 2026 01:21:00.000000000,-4746.536867025787,-3620.7231925381334,-3422.328111159555,5.375214709641002,-2.5386149182022852,-4.756538351420251,0.0058012186261854,0.0044292856943301635,0.0041997583979261986,-30.097848495655587,-95.43956301536325,508.4574131605371,6885.593636830947,0.0010444177091874004,53.02278082413197,11.765780886146755,271.37658000771063,307.12616584192455
15 Jul 2026 01:22:00.000000000,-4413.817313102425,-3764.961537038925,-3699.958570127781,5.711381522491177,-2.267576747661742,-4.494434129038701,0.0053934459634174025,0.0046049172645109574,0.004539473487544291,-32.8045709897039,-92.55332103683799,508.9777908757011,6884.790245185974,0.0009899129633564048,53.020256111647896,11.763091032228015,277.2700355316828,305.0378779469173
15 Jul 2026 01:23:00.000000000,-4061.6759314259266,-3892.6332573476507,-3961.262857895428,6.022374341515642,-1.986597349460828,-4.2125344227558275,0.004962005615412865,0.004760202913256749,0.004859032072199342,-35.42683412859767,-89.47456475299302,509.5201342525968,6883.977452890975,0.0009289273549022809,53.0177006856899,11.759979542887184,283.31490540207034,302.7986144914379
15 Jul 2026 01:24:00.000000000,-3691.664653450134,-4003.178907268279,-4205.09036070702,6.306829735637222,-1.6969174395957507,-3.912090136966234,0.004508833113054274,0.004894482062949654,0.005157043606880134,-37.95027148584546,-86.17756765194702,510.0718641119065,6883.169597622347,0.0008624614380850485,53.0151594406791,11.756444984987095,289.51034635545926,300.4092040650017
15 Jul 2026 01:25:00.000000000,-3305.41367800707,-4096.114617902305,-4430.367965805802,6.563503070379406,-1.3998145570398917,-3.594432651091684,0.0040359526126114535,0.005007189709332416,0.005432218617171377,-40.358407868000214,-82.63576864786427,510.62044173878803,6882.380927827832,0.0007914796539668208,53.01267703592744,11.752493388499653,295.85451220163475,297.8714739319964
15 Jul 2026 01:26:00.000000000,-2904.6241891869477,-4171.0341338666485,-4636.104705259758,6.791273528257667,-1.0965972888456612,-3.260967620920675,0.0035454668218047585,0.0050978577065051685,0.005683373141239338,-42.63243666909845,-78.8228496232703,511.1536016817173,6881.625350941585,0.00071688303130589,53.0102971065059,11.748138143760423,302.343999921683,295.1888040487007
15 Jul 2026 01:27:00.000000000,-2491.060791179813,-4227.610500946639,-4821.396020065802,6.989148525292195,-0.788599432951003,-2.913168533016653,0.003039546958690618,0.005166115558271799,0.0059094325148250386,-44.75108752970689,-74.71446200142476,511.65957768003994,6880.916188000278,0.0006394849878679081,53.008061491661394,11.743399768337365,308.9733104029755,292.3666665034034
15 Jul 2026 01:28:00.000000000,-2066.543696263694,-4265.597402327905,-4985.42763088175,7.156267527848851,-0.4771741268573865,-2.552570050326461,0.0025204228164299606,0.005211690765849884,0.006109434544498355,-46.690663411139965,-70.29075914077424,512.1273178291905,6880.265938969857,0.0005599915772405363,53.00600949451262,11.738305547476134,315.73434465307173,289.4131295355656
15 Jul 2026 01:29:00.000000000,-1632.940701739719,-4284.830142153235,-5127.479003953078,7.291905277931184,-0.1636879672160716,-2.1807611841171024,0.0019903729906697574,0.005234408785467527,0.006282532123528599,-48.42535168690707,-65.5398023620034,512.5466853605791,6879.686062871683,0.0004789875530119489,53.004177186219515,11.732889054410542,322.61595649244555,286.3393051310996
15 Jul 2026 01:30:00.000000000,-1192.1589910279235,-4285.2262765558235,-5246.926402825814,7.395474437877789,0.15048485782022006,-1.7993783239845527,0.0014517153071688074,0.005234192648369708,0.006427995348681888,-49.927927647031204,-60.46169697172468,512.9086417290417,6879.18677650968,0.0003969295198252624,53.00259676704221,11.7271895589429,329.6035543412818,283.15974757457684
15 Jul 2026 01:31:00.000000000,-746.1367934064394,-4266.785893537665,-5343.245518247061,7.466527667148542,0.4639684047237188,-1.410098154104308,0.0009067974692254783,0.005211062293229643,0.006545213198004955,-51.170951146667036,-55.07295399290536,513.2054090541336,6878.776875252852,0.0003141471653926327,53.0012959957045,11.72125133474806,336.67862110648275,279.8929339473973
15 Jul 2026 01:32:00.000000000,-296.8349360753287,-4229.591544095229,-5416.013670245443,7.504759144537921,0.7753907633068965,-1.0146304803162711,0.00035798792719826016,0.005165133656358741,0.0066336948283818534,-52.12848447634516,-49.41011343997455,513.4306093446206,6878.463578928998,0.00023085309395662898,53.000297697267115,11.715122877650593,343.8174826236919,276.5624961115046
15 Jul 2026 01:33:00.000000000,153.77167858308292,-4173.80782786633,-5464.9115777580855,7.510005548809671,1.0833897846538667,-0.6147109892461812,-0.00019233304364819825,0.005096617557889662,0.006693070546610943,-52.7782195502633,-43.53129400111309,513.5793783402107,6878.252405441246,0.0001471611265188654,52.99961935831945,11.708856048723804,350.98539007128807,273.2031387553626
15 Jul 2026 01:34:00.000000000,603.7026384627001,-4099.6806373018935,-5489.724692347546,7.482246509521269,1.3866187369771512,-0.21209395761205332,-0.0007417820837962052,0.005005818413740041,0.0067230925004145925,-53.103718191423184,-37.5143681547649,513.6484522248106,6878.147074239196,6.311224082816351e-05,52.99927281674179,11.70250515746521,358.0797072088341,269.9174526429501
15 Jul 2026 01:35:00.000000000,1050.9805984219815,-4007.536064998376,-5490.344093548473,7.421604537859316,1.6837518795786022,0.1914550726061601,-0.0012879813463643412,0.004893132794934393,0.006723635127922559,-53.09631460007732,-31.451170904462067,513.6362258966237,6878.149441266746,2.129680330770097e-05,52.999264051600285,11.696126001316674,186.24302696944716,85.56279852852602
15 Jul 2026 01:36:00.000000000,1493.639837374279,-3897.778979358867,-5466.766944258202,7.328344444816747,1.973489946116987,0.594166639463283,-0.0018285669950382315,0.004759047842697318,0.00669469538889602,-52.756206138202295,-25.43845392330447,513.5427819179214,6878.259466477229,0.00010606719092616735,52.99959307694458,11.6897748786571,192.8871308595346,82.72734827666899
15 Jul 2026 01:37:00.000000000,1929.734765159703,-3770.89127428489,-5419.096505340084,7.202872251232558,2.2545655285793282,0.9942747141724212,-0.0023611976513904145,0.004604139540552641,0.006636392792447711,-52.09242769769058,-19.56761048973946,513.3698897090464,6878.47521446122,0.0001911812669387127,53.000253941417945,11.68350759282354,199.97780518745458,79.44526915748561
15 Jul 2026 01:38:00.000000000,2357.3483488708093,-3627.429799102864,-5347.54170934016,7.045733591299566,2.5257483531165823,1.3900240498889083,-0.0028835628397464457,0.004429070832577179,0.0065489692201161735,-51.12171708284895,-13.91573798372474,513.1209749948066,6878.792888179583,0.0002765533759015708,53.00123483369101,11.677378464926049,207.03520273311943,76.19636269721535
15 Jul 2026 01:39:00.000000000,2774.600428306782,-3468.023975472557,-5252.416293925547,6.8576116083384875,2.785850437992445,1.7796775135656786,-0.0033933914741279833,0.004234589568415975,0.006432788530908465,-49.8665873591279,-8.540016708845501,512.8010599546401,6879.2068952409545,0.00036200793235389447,53.002518291837184,11.671439372999307,214.01266120129097,73.02724673381304
15 Jul 2026 01:40:00.000000000,3179.6558899789957,-3293.3731086812927,-5134.137496442899,6.639324339227347,3.0337311224149066,2.1615233869877115,-0.003888460423181828,0.00402152624656337,0.006288335920676506,-48.35308293948082,-3.4760535335726717,512.4166749701945,6879.70994561806,0.00044725682141952977,53.00408151290102,11.665738834653336,220.8871658691107,69.96089325858605
15 Jul 2026 01:41:00.000000000,3570.732668945146,-3104.2434014055953,-4993.224311842987,6.391821581935666,3.268301953239907,2.533882621298282,-0.004366603179569493,0.00379079152254677,0.006116216999223276,-46.6086655701052,1.2604475548149967,511.9757433015536,6880.293179165217,0.0005318856732690001,53.00589675711994,11.660321149507446,227.6430180375298,67.01296042751919
15 Jul 2026 01:42:00.000000000,3946.1095472390953,-2901.4646789083436,-4830.2953172458565,6.11618123949644,3.4885314142670034,2.8951160266452107,-0.0048257186455494035,0.0035433734429198057,0.005917156537056253,-44.66051825603144,5.670003456901491,511.48744045459364,6880.946320789981,0.0006153485683246859,53.007931839565465,11.655225616676761,234.26894069488293,64.19468732668118
15 Jul 2026 01:43:00.000000000,4304.133717294565,-2685.9268356087127,-4646.066067597569,5.813605133457338,3.693449480483483,3.243631375563327,-0.0052637800313366226,0.0032803343641279008,0.005691996827186378,-42.53437161433692,9.764983332951054,510.9620304226152,6881.657860651536,0.0006969708843429725,53.0101507004096,11.650485841179998,240.75706877211573,61.51390410600366
15 Jul 2026 01:44:00.000000000,4643.228078325374,-2458.576014100463,-4441.346068259721,5.485414280578642,3.8821519771409174,3.577890395265718,-0.0056788438450467325,0.0030028075153564807,0.005441695602780446,-40.25381998343651,13.565497217058768,510.41068139007245,6882.415256314939,0.0007759595062791331,53.01251404362232,11.646129141590702,247.102306685192,58.9756747802302
15 Jul 2026 01:45:00.000000000,4961.898233280762,-2220.4105289809613,-4217.035331977558,5.133043628332126,4.0538047211540285,3.8964156204132054,-0.0060690589355585885,0.002711993167163113,0.005167323450235873,-37.84002479639734,17.096027442441866,509.84526386914456,6883.205153391485,0.0008514192979327911,53.014980032691405,11.642176069358525,253.301759713634,56.582866143212044
15 Jul 2026 01:46:00.000000000,5258.739153797717,-1972.476549268685,-3974.120529499452,4.758036247613396,4.207647420155338,4.197797074331472,-0.0064326755316105435,0.002409154372529365,0.004870060658902536,-35.311686943236374,20.3829341093116,509.2781345930921,6884.013620849138,0.0009223745810453115,53.01750503094934,11.63864004829846,259.3541827953436,54.33669921140237
15 Jul 2026 01:47:00.000000000,5532.441480576107,-1715.8635547334245,-3713.6707451615457,4.3620369849970935,4.342997302728522,4.480698743242583,-0.006768054202993118,0.002095612253909165,0.004551193453067058,-32.68518451131017,23.45276063564292,508.7219098051527,6884.82639689033,0.0009877943460861445,53.02004437331071,11.635527140507264,265.2594431620348,52.23728676915416
15 Jul 2026 01:48:00.000000000,5781.797426881383,-1451.699583092856,-3436.832850988611,3.9467855817450586,4.459252452036753,4.743864805057751,-0.007073674655566661,0.0017727408194827697,0.00421210956082487,-29.974797970856972,26.33118075258557,508.18923184881663,6885.62914107536,0.0010466199862745808,53.02255315568169,11.632835942774443,271.01800048836105,50.28415334065193
15 Jul 2026 01:49:00.000000000,6005.706253478868,-1181.146286729246,-3144.826515263522,3.5141092725153706,4.555894814342604,4.986125571819875,-0.007348144257149776,0.0014419613019375757,0.0038542930836809467,-27.192970245945823,29.042416897194375,507.6925331744779,6886.407688223106,0.001097794464428141,53.024987028008375,11.630557615163019,276.63040252282946,48.476739619319055
15 Jul 2026 01:50:00.000000000,6203.179284275523,-905.3938192956927,-2838.938864045838,3.065914883142354,4.632492853891183,5.206403103142596,-0.007590206183472054,0.00110473602588859,0.003479318645570715,-24.350569476850257,31.608983034260177,507.2438020189125,6887.148299553566,0.001140291963625926,53.02730297689059,11.62867604111446,282.0967846309207,46.81490292422988
15 Jul 2026 01:51:00.000000000,6373.34443332222,-625.6555742803994,-2520.5188167226347,2.6041804537746644,4.688703826347927,5.403716447103204,-0.0077987470655531054,0.0007625618223356779,0.003088844813839346,-21.457136793399343,34.05163851161084,506.854354078789,6887.837906552282,0.0011731472213406641,53.02946008389764,11.627168116062176,287.416350484781,45.29943645013826
15 Jul 2026 01:52:00.000000000,6515.450215634119,-343.1627992253911,-2190.9711192994864,2.130946420844819,4.7242756444879115,5.577186465108793,-0.007972804017342874,0.00041696302192328986,0.0026846068016529927,-18.52111092944325,36.38947166964068,506.5346144791124,6888.464343137209,0.001195483896864088,53.03142024618237,11.626004159276988,292.58679766339185,43.93264354918592
15 Jul 2026 01:53:00.000000000,6628.8692165268185,-59.15911081135334,-1851.7501017251745,1.648306398564026,4.739048312123366,5.726040198336111,-0.008111570925389132,6.948407184065596e-05,0.0022684084791160437,-15.550027317999335,38.64005809083268,506.293914227049,6889.016561895507,0.001206541476722181,53.033148846686395,11.625148441487,297.60363375194135,42.71902145848484
15 Jul 2026 01:54:00.000000000,6713.1009968345115,225.10506262530387,-1504.353188026992,1.1583976076427105,4.732954905305055,5.849614735475204,-0.008214403886006872,-0.0002783181668080965,0.0018421137370652457,-12.550692612667943,40.81965790298425,506.14030513656894,6889.484830428713,0.001205700394241515,53.03461536215097,11.62455981876463,302.45930116258023,41.6661362552109
15 Jul 2026 01:55:00.000000000,6767.774414452234,508.37808342691966,-1150.3141903540122,0.6633910054874256,4.70602208358433,5.947360544672671,-0.008280825686524487,-0.000624882373035936,0.0014076372650069816,-9.52933730364826,42.943430331044354,506.0803969103035,6889.860904196872,0.0011925052509259733,53.03579389827832,11.624192461301885,307.1419844570539,40.78581526335352
15 Jul 2026 01:56:00.000000000,6792.649346091636,789.4127231847158,-791.1964201216783,0.1654811779812638,4.658370118491999,6.018844236723212,-0.008310529240055766,-0.0009686508940302627,0.0009669348204077278,-6.4917498775474005,45.02565303900563,506.11921967473774,6890.138172679608,0.001166686321768566,53.03666364270098,11.623996664076564,311.63389813728463,40.09585895141641
15 Jul 2026 01:57:00.000000000,6787.617796908983,1066.9717682972512,-428.58565126731554,-0.333123942082201,4.5902124312643675,6.063750731610775,-0.00830337989949116,-0.0013080779623634367,0.0005219930803749963,-3.443396229093498,47.079939945278696,506.260114789373,6890.311776166098,0.0011281799853078702,53.03720922789468,11.623919724939544,315.90871856282564,39.62260866815451
15 Jul 2026 01:58:00.000000000,6752.7043896952555,1339.8335829578693,-64.08297211512357,-0.8302134609694236,4.501854637100788,6.081884806330522,-0.008259416596694588,-0.0016416379124614244,7.481917874022507e-05,-0.38952803232620753,49.11945511304428,506.5046562007948,6890.378691037486,0.001077149504994328,53.03742099777994,11.623906874574308,319.92757709373745,39.40495312431679
15 Jul 2026 01:59:00.000000000,6688.066229544108,1606.7976000000124,300.70243653302794,-1.3235839427809268,4.393693098721251,6.0731720083804515,-0.00817885177311165,-0.0019678333037567637,-0.00037256995951301993,2.664716323433818,51.15712272503861,506.8526040010804,6890.337782001787,0.0010140090458775864,53.0372951734732,11.623902241772228,323.63256163690335,39.500826449311035
15 Jul 2026 02:00:00.000000000,6593.992144250384,1866.6897103850406,664.1605587452699,-1.8110497881211647,4.266212997553251,6.037658926220392,-0.008062070091939615,-0.002285202858175694,-0.0008181583685292218,5.714214740590141,53.205834533204694,507.3018911932687,6890.189820370256,0.0009394567119258915,53.036833915436915,11.623849837062822,326.93574125784414,39.998183167933355
15 Jul 2026 02:01:00.000000000,6470.9013050686735,2118.367522764875,1024.6877976124251,-2.2904534998101673,4.119985936353709,5.97551281516537,-0.00790962594497573,-0.0025923291223833474,-0.0012599417560941353,8.753764945824049,55.27865682529905,507.848643982319,6889.937468110395,0.0008545285666329486,53.03604528111022,11.623694537289497,329.6997988739995,41.03436508855154
15 Jul 2026 02:02:00.000000000,6319.341236784262,2360.7254655570187,1380.6941877035042,-2.7596757642553724,3.955667092305307,5.887020584407243,-0.007722239789477697,-0.0028878457702290116,-0.0016959380625591568,11.777985145264307,57.389039020811396,508.4872352179391,6889.585228060986,0.0007606996678242282,53.03494307894083,11.62338305387983,331.70220744248195,42.83192469711015
15 Jul 2026 02:03:00.000000000,6139.985230247515,2592.6997052477586,1730.610527878718,-3.21664527990911,3.7739919444731247,5.772587157938844,-0.007500793373559715,-0.003170444468990006,-0.002124197748541849,14.7812083511681,59.55102551581628,509.2103699349536,6889.139361331744,0.0006600923959254597,53.03354662155656,11.622864867766285,332.56577957031027,45.76807513621473
15 Jul 2026 02:04:00.000000000,5933.629174506049,2813.272856223064,2072.8953974830174,-3.659348268331754,3.575772603819383,5.632733228889847,-0.007246323928398785,-0.0034388812426290258,-0.0025428137032785536,17.75736683467142,61.779471232338445,510.00920128743587,6888.607773523099,0.0005559405678630359,53.03188038257726,11.622093114676375,331.61941813313575,50.51393919030386
15 Jul 2026 02:05:00.000000000,5701.1878293803275,3021.478459221718,2406.0420202974165,-4.085837608594241,3.3618937776498825,5.46809243298612,-0.006960017422347375,-0.0036919822766906816,-0.002949930675551009,20.69986305927427,64.09025924304316,510.87347457129516,6887.9998719731275,0.0004536862493587557,53.029973563244376,11.621025405305723,327.62697464532715,58.30569054071538
15 Jul 2026 02:06:00.000000000,5443.690562692457,3216.405207519923,2728.5849423273453,-4.494241541947997,3.133308403297159,5.279407972348691,-0.006643200987969474,-0.003928649122912065,-0.0033437541424394916,23.601423421318128,66.50051541543168,511.7916964929501,6887.326396760952,0.00036354818142241105,53.02785957660765,11.619624566143463,318.41629270381094,71.31550997443784
15 Jul 2026 02:07:00.000000000,5162.2765793334065,3397.2009021080685,3039.106491515119,-4.8827719006438155,2.8910329879780967,5.067528725512125,-0.006297334642497758,-0.004147863274824594,-0.0037225585457520173,26.453931301823133,69.02880961647149,512.7513263805312,6886.599228654274,0.00030480763235660955,53.025575458431504,11.6178592880717,301.5454803185,91.98531273934051
15 Jul 2026 02:08:00.000000000,4858.189671892061,3563.0761193880767,3336.242989720289,-5.249731822283222,2.6361426930461556,4.833404883256999,-0.00592400243045221,-0.0043486901003559975,-0.004084694842887611,29.248236544923998,71.6953247508602,513.7389856591354,6885.8311775793245,0.00030206366832091097,53.02316121523923,11.615704671581499,279.5047456955005,117.82491248462837
15 Jul 2026 02:09:00.000000000,4532.772524655124,3713.3075772249076,3618.690689764087,-5.593522918883018,2.3697662012974927,4.578083152539071,-0.005524903119266174,-0.004530282131179588,-0.004428597336249031,31.97393988682177,74.5219626312506,514.7406816274907,6885.035755504315,0.0003584644989401918,53.020659120986785,11.613142659213226,261.5140968297114,139.61432143410943
15 Jul 2026 02:10:00.000000000,4187.46060440188,3847.2411874997206,3885.211412915823,-5.912651877687724,2.093080405597915,4.302701572422913,-0.00510184057796662,-0.004691881722103915,-0.004752789763159898,34.61915362937417,77.53233811273364,515.7420413834095,6884.226937861204,0.00045166830876090856,53.01811297472461,11.610162347839717,251.24397817146405,153.68311353099762
15 Jul 2026 02:11:00.000000000,3823.7756725697773,3964.2947855744856,4134.6378648500895,-6.205736478427243,1.8073049559318086,4.008483986489272,-0.0046567139637060636,-0.004832823106208636,-0.00505589064587433,37.17024480665525,80.75158902400598,516.7285516472886,6883.4189177827275,0.0005613274371474908,53.01556733225948,11.606760175497628,246.48894667719728,162.23674824675857
15 Jul 2026 02:12:00.000000000,3443.3189540684257,4063.96052925237,4365.878610760393,-6.471511018958539,1.5136967001059727,3.6967342157211855,-0.004191507831709125,-0.0049525338818523406,-0.005336617917440118,39.611575332834896,84.20589931334352,517.6858002235475,6882.625857501796,0.0006761341809551545,53.01306672525238,11.60293997969615,244.9411341807714,167.58310811898846
15 Jul 2026 02:13:00.000000000,3047.763998309413,4145.806961856853,4577.922692917494,-6.70883114783399,1.2135440508829276,3.3688299744607177,-0.0037082822727394827,-0.005050535977485892,-0.005593792854960471,41.925266416856616,87.92159963159968,518.5997149119589,6881.861641252328,0.0007898779304952532,53.01065488138022,11.59871292635524,245.25525882808213,171.06748727632288
15 Jul 2026 02:14:00.000000000,2638.849267935304,4209.480735929458,4769.8438764568555,-6.916678108126195,0.9081613093864178,3.026216569770956,-0.003209163166237314,-0.005126446145763852,-0.005826343363647066,44.091032907585856,91.92368260793693,519.4567958265867,6881.139633926322,0.0008986799755504132,53.008373959144734,11.594097310753874,246.7000653255426,173.42115119953775
15 Jul 2026 02:15:00.000000000,2218.3704903286516,4254.707995736544,4940.804511519811,-7.0941624016596965,0.5988829713538707,2.6704004215774284,-0.0026963326209467203,-0.005179976044050563,-0.0060333066666738225,46.086156971927146,96.23356916036659,520.2443372895626,6880.47244958858,0.0009997906401059272,53.00626381063547,11.589118234075453,248.86501573291034,175.05464598716168
15 Jul 2026 02:16:00.000000000,1788.1728063119215,4281.295418267317,5090.05900202083,-7.2405268865480945,0.2870580393383219,2.3029424374558847,-0.00217201965559142,-0.005210931959223735,-0.0062138314622875715,47.885696291746065,100.86602125378741,520.9506357301469,6879.871733731773,0.0010910883779274437,53.004361285046706,11.583807161367115,251.50708672340357,176.21100120056323
15 Jul 2026 02:17:00.000000000,1350.14274960236,4289.130913676806,5216.956873238744,-7.355149323540217,-0.02595563952814445,1.925451272059938,-0.001638491153808579,-0.005219214235510383,-0.006367179615709288,49.46304077369778,105.82526081914527,521.5651803267423,6879.347962879249,0.0011708647397870224,53.0026995850255,11.578201368657519,254.47441776078463,177.04208183588017
15 Jul 2026 02:18:00.000000000,906.2000896009017,4278.183987202799,5320.945432116242,-7.437544388133155,-0.33879699400564534,1.5395764971277575,-0.0010980431071252303,-0.005204816459264024,-0.006492727452587445,50.79092679542084,111.10066104546866,522.0788234707395,6878.910264816942,0.0012377296033414572,53.001307686996384,11.572343288953872,257.6670620101891,177.64783760226487
15 Jul 2026 02:19:00.000000000,458.2895690591245,4248.505765458507,5401.572015593073,-7.487365165733591,-0.6501072944071847,1.14700170396316,-0.000552992142837545,-0.005167824451511172,-0.006589966721440171,51.842966541361584,116.6628073660742,522.4839284981636,6878.566262366076,0.0012905695672814162,53.000209835490935,11.566279768581305,261.0157813028882,178.09750818178358
15 Jul 2026 02:20:00.000000000,8.372567145676731,4200.228690696806,5458.4858234996655,-7.504404146419076,-0.9585356531868605,0.7494375564352715,-5.667315911948929e-06,-0.00510841511037409,-0.006658505285825444,52.59563421538204,122.46114579536778,522.7744925203503,6878.321943202688,0.001328530621929266,52.99942512022033,11.56006124680826,264.4699411353848,178.4417284854789
15 Jul 2026 02:21:00.000000000,-441.5812824913446,4133.565887190827,5491.43933351274,-7.488593734182398,-1.2627444524922093,0.3486148090905159,0.0005415978699008711,-0.005026855137583994,-0.006698067600495587,53.03047943924952,128.42456907001116,522.9462425827261,6878.181557794567,0.0013510118232679719,52.99896714319313,11.553740873080386,267.9901663284014,178.719873274133
15 Jul 2026 02:22:00.000000000,-889.6024900014614,4048.8102042831047,5500.28929646684,-7.440006283086926,-1.5614146925331935,-0.053722698079223224,0.0010864732583895375,-0.00492349967269951,-0.006708495015028058,53.1361667071923,134.4658293145354,522.9967037863518,6878.147547067082,0.0013576635307216815,52.99884378162083,11.5473735771986,271.54353766981643,178.9648608142363
15 Jul 2026 02:23:00.000000000,-1333.7300957389236,3946.332941018358,5484.997310914327,-7.3588536696985445,-1.8532512556087237,-0.45582505878208457,0.001626639709461333,-0.004798790848865555,-0.006689745937841222,52.90986428226068,140.48954406940194,522.9252384168348,6878.2205009334975,0.0013483870019039008,52.99905705069755,11.541015108626254,275.1001084534761,179.20663664970155
15 Jul 2026 02:24:00.000000000,-1772.0200172920513,3826.58225753632,5445.629976356056,-7.245486407706708,-2.136988081256962,-0.8559433258128246,0.0021597967000283724,-0.00465325627204578,-0.006641895879236437,52.35760762579366,146.40219396867982,522.7330555377885,6878.399148336975,0.0013233338327268984,52.99960306861521,11.534721061572862,278.6299865099604,179.47509188753958
15 Jul 2026 02:25:00.000000000,-2202.5533297091874,3690.081278701828,5382.35862497808,-7.100392307004709,-2.4113932476939857,-1.2523365355750034,0.002683669917683281,-0.004487507414416507,-0.006565137377506695,51.493533070166805,152.1216539531348,522.423190919394,6878.680378956988,0.0012829047841877756,53.0004721244117,11.528545902834168,282.10041252713046,179.80298519241427
15 Jul 2026 02:26:00.000000000,-2623.4444515981518,3537.4258957527463,5295.458632151362,-6.9241946759148645,-2.6752739539130443,-1.643278724569367,0.0031960189054912095,-0.004302237903644334,-0.006459779799692825,50.33819867142331,157.5840060127382,522.0004575861965,6879.059296237172,0.0012277484089939258,53.00164884747535,11.522542019231508,285.4722612815562,180.22944186242887
15 Jul 2026 02:27:00.000000000,-3032.8492095094825,3369.28227215774,5185.308306416893,-6.717650061967311,-2.927481395342909,-2.0270659296125055,0.0036946448088820017,-0.004098221678900091,-0.006326248992437751,48.91642681307181,162.74651345271758,521.4713676810836,6879.529300898419,0.0011587609309835192,53.003112475774046,11.51675880121669,288.695195483652,180.8048002761054
15 Jul 2026 02:28:00.000000000,-3428.9727528464946,3186.3840602880787,5052.387360173439,-6.481645523741549,-3.1669155241487066,-2.402023161949152,0.004177398267268817,-0.0038763109785246758,-0.006165086748255984,47.25513514033174,167.58699382563154,520.8440267538673,6880.0822036185855,0.001077090498930283,53.0048372181749,11.511241778546195,291.70021017032724,181.59806777161955
15 Jul 2026 02:29:00.000000000,-3810.077290738573,2989.5293362196016,4897.2749630075905,-6.217195424258796,-3.392529682729382,-2.7665113426360644,0.004642187478237111,-0.003637434116238051,-0.005976950038099268,45.3815000758612,172.10072935779894,520.1280019908802,6880.708365090033,0.0009841521379878536,53.00679270459178,11.506031823090384,294.3872445298087,182.70930906626307
15 Jul 2026 02:30:00.000000000,-4174.489621942849,2779.5772606581977,4720.64738039929,-5.925437735033294,-3.603335096470315,-3.118934183680585,0.005086986448252919,-0.0033825930006453533,-0.005762609954641988,43.321616037829536,176.29627151446326,519.3341663043815,6881.396861216707,0.0008816665677616439,53.00894451617944,11.501164432623801,296.6032512062819,184.29157716386862
15 Jul 2026 02:31:00.000000000,-4520.6084280399755,2557.444474949069,4523.275201605793,-5.607629839636172,-3.7984052089209563,-3.457744995686436,0.005509843425703129,-0.0031128603502258265,-0.005522950302493121,41.09965861049539,-179.80877969572958,518.4745205933276,6882.135670789104,0.0007717519588529333,53.01125478640386,11.49666910813154,298.10103334453896,186.59207648477724
15 Jul 2026 02:32:00.000000000,-4846.91129957023,2324.1012422153076,4306.02016179514,-5.265143826386335,-3.9768798397472818,-3.7814533988754118,0.00590888949446899,-0.0028293765575394037,-0.005258965768966392,38.737468528209966,-176.19139053419323,517.5619968656372,6882.911882583894,0.0006571375079659054,53.01368286258393,11.492568835484619,298.4576189768312,190.0337886119384
15 Jul 2026 02:33:00.000000000,-5151.961464181574,2080.5673449277083,4069.8315650178206,-4.899461261674411,-4.1379691430984185,-4.08863191029291,0.006282347286115635,-0.00253334615871413,-0.004971759606816405,36.254441499243,-172.825865192818,516.6102452690825,6883.711918482122,0.0005416737234304213,53.01618601644352,11.488879680614025,296.90588695470336,195.38384644687423
15 Jul 2026 02:34:00.000000000,-5434.414185433171,1827.9077516261552,3815.7423163671187,-4.512167438450162,-4.280957341569299,-4.377922375998603,0.0066285397517314585,-0.0022260338708625293,-0.004662540764532736,33.667615032809906,-169.68578955541932,515.6334084070481,6884.5217688943985,0.00043159773489429845,53.018720191350695,11.485610505308887,291.99813322724657,204.0899679713795
15 Jul 2026 02:35:00.000000000,-5693.022800691247,1567.2280670588932,3544.8645736730946,-4.104945098502776,-4.405206208893214,-4.648042213280163,0.006945898915893881,-0.0019087601670534807,-0.004332620404045732,30.991866299825773,-166.74528285155787,514.6458866060578,6885.327236527011,0.00033856910322618914,53.02124077326743,11.48276280871539,281.1694227838472,218.71710429507488
15 Jul 2026 02:36:00.000000000,-5926.644366622338,1299.6697816640979,3258.3850312837308,-3.6795676322614983,-4.5101582729667,-4.897790424588235,0.007232974520156449,-0.0015828963685220565,-0.003983407754979764,28.24016078141509,-163.97972536677727,513.6620980460307,6886.114184330272,0.0002841835081422887,53.02370337200317,11.480330697421062,261.95437743943046,241.7306518099092
15 Jul 2026 02:37:00.000000000,-6134.244881192288,1026.4053380461758,2957.559850876153,-3.237891765802743,-4.5953397099090605,-5.126053342149162,0.00748844245068406,-0.0012498592449272938,-0.0036164052658021178,25.423813415460717,-161.3661168209222,512.6962378502631,6886.868783342116,0.0002915272644148913,53.026064599165245,11.478300984796036,238.88202843105205,268.60159948278226
15 Jul 2026 02:38:00.000000000,-6314.904051863354,748.6330338602511,2643.7092567694913,-2.7818497514034544,-4.660362899669246,-5.331810060220783,0.007711112833465269,-0.0009111051257558328,-0.0032332030254481805,22.552740225730602,-158.88318914764932,511.7620403515795,6887.577756085589,0.00035454128436620793,53.02828282923052,11.476653418024215,222.09729917415765,289.185045938939
15 Jul 2026 02:39:00.000000000,-6467.819580878782,467.5717822717679,2318.2118158315225,-2.3134410851356324,-4.70492861427072,-5.514137510841736,0.007899937676142242,-0.0005681235395099536,-0.0028354724454477515,19.635689408750906,-156.51136466700626,510.8725487933852,6888.228611198981,0.0004466524000799603,53.030318930432536,11.4753610290198,213.39624059453493,301.68496392199114
15 Jul 2026 02:40:00.000000000,-6592.310940161956,184.4557528514152,1982.4984247241841,-1.8347237824220994,-4.728827811165472,-5.672215138786036,0.008054017930483234,-0.00022243041023118523,-0.0024249592082973043,16.68044775290014,-154.23262264271463,510.03989668309134,6888.8098650787715,0.0005490415245458808,53.032136952654916,11.474390603256417,209.8685893579792,309.01164181134584
15 Jul 2026 02:41:00.000000000,-6687.8226104398545,-99.47108264959546,1638.0460298625856,-1.3478052499352502,-4.731943006350342,-5.805329132331976,0.00817260985312838,0.00012443914542201078,-0.0020034755065049294,13.694022308969236,-152.03031569991714,509.2751048839691,6889.311246497154,0.0006522120768774211,53.03370476024511,11.473703258503809,209.28124705447863,313.3982041438767
15 Jul 2026 02:42:00.000000000,-6753.926761724121,-382.96047376033215,1286.3711080016208,-0.8548327994767836,-4.7142492048506845,-5.912876168415976,0.008255130546187263,0.0004709383651403235,-0.0015728916136593715,10.68279942473365,-149.88896208762094,508.5878983073343,6889.723880419016,0.000751187331461346,53.034994598596185,11.47325512349637,210.4240754708806,316.05481601033
15 Jul 2026 02:43:00.000000000,-6790.325355227429,-664.7654568663971,929.0229377538793,-0.3579838562794754,-4.675814369846266,-5.994366633753879,0.008301162570125118,0.0008155166652347236,-0.001135126846660413,7.652684320377666,-147.7940291013266,507.9865457497695,6890.040447583941,0.0008430195720845917,53.035983584474636,11.472998104801125,212.65364508552085,317.62493419815917
15 Jul 2026 02:44:00.000000000,-6796.851650124003,-943.6459347819189,567.5766945204501,0.14054407970608282,-4.616799416014068,-6.049427287524532,0.008310457533129862,0.0011566276657173685,-0.0006921399937358919,4.609224800791807,-145.7317158771612,507.4777260139549,6890.255316834268,0.0009257785240007598,53.03665411138293,11.472880728589686,215.6119465952716,318.4665952761553
15 Jul 2026 02:45:00.000000000,-6773.471102232406,-1218.3742414708468,203.62640322645242,0.638543655745551,-4.537457717484555,-6.077803336136222,0.008282938579119502,0.0014927373321906112,-0.0002459192976872989,1.5577227828841356,-143.68873917469136,507.06642296248987,6890.364647651047,0.0009981322439302667,53.03699416271026,11.47284904268082,219.0889748140465,318.789831288203
15 Jul 2026 02:46:00.000000000,-6720.28164565007,-1487.7406626417553,-161.22221515445662,1.1338080035199345,-4.438134126022918,-6.079359896315503,0.008218701714435832,0.0018223321450253755,0.0002015279045935459,-1.496662750604116,-141.65212288912386,506.7558515934101,6890.366460899637,0.0010591604085594074,53.036997527024,11.472847563105166,222.95567854024517,318.72371946548486
15 Jul 2026 02:47:00.000000000,-6637.513352531646,-1750.5588828375203,-525.358966069733,1.624141120693708,-4.319263500511508,-6.054082829120351,0.00811801593552735,0.0021439272035709495,0.0006481857756768376,-4.548817863990295,-139.6089903230109,506.5474166068675,6890.260676372636,0.0011082634728043906,53.03666391155641,11.472820248654338,227.1297529950056,318.35058936239614
15 Jul 2026 02:48:00.000000000,-6525.52747050439,-2005.6713298614486,-887.1764347953206,2.107368224331803,-4.18136875436872,-6.002078934313089,0.007981322142085702,0.0024560741727978996,0.0010920406875069432,-7.593577422395247,-137.54635734864857,506.44070427104214,6890.049116338848,0.0011451132664273246,53.03599895172082,11.472711486304007,231.55725181804945,317.7244104367133
15 Jul 2026 02:49:00.000000000,-6384.814841569376,-2251.9543879455928,-1245.0772322994103,2.581346003408362,-4.025058433033314,-5.923575501641574,0.007809230843500919,0.002757368982360236,0.0015310919278093333,-10.625627086840021,-135.45092430970112,506.43350771008113,6889.735474948205,0.0011696217497990482,53.03501411631317,11.472467070225234,236.20219391240704,316.88118479013
15 Jul 2026 02:50:00.000000000,-6215.993710670914,-2488.3234519400007,-1597.4811950829314,3.0439726987940507,-3.8510238389179428,-5.818919222770524,0.007602518689081578,0.0030464591927222826,0.0019633622836060095,-13.639400113588701,-133.3088647826391,506.5218850471446,6889.325253990715,0.0011819172978154873,53.03372650989281,11.4720351570897,241.04041079678606,315.84509941774206
15 Jul 2026 02:51:00.000000000,-6019.806936338178,-2713.737796000398,-1942.8325009433377,3.493197941617548,-3.660035726135649,-5.688574474673866,0.007362123875209221,0.003322050950756959,0.002386908386213818,-16.6289654281231,-131.10561020939105,506.7002491607107,6888.8256661468085,0.0011823234029702714,53.032158575652495,11.471367180835445,246.0557431522666,314.6323292869531
15 Jul 2026 02:52:00.000000000,-5797.118619844885,-2927.205231712397,-2279.60666344803,3.927032284662501,-3.452940591701494,-5.533120992045801,0.00708914050251911,0.0035829154666183996,0.0027998307091794392,-19.58790332735226,-128.82563112102554,506.96148717176925,6888.2455074831205,0.00117133727812056,53.03033770385265,11.470418710646989,251.2375871556309,313.2534906603364
15 Jul 2026 02:53:00.000000000,-5548.910173110959,-3127.7865323164706,-2606.3173691323336,4.343556366379031,-3.2306565936792273,-5.3532509525265315,0.006784811973039926,0.0038278949546781886,0.0032002831203524463,-22.509165084557733,-126.45221855807608,507.2971071897651,6887.595001527619,0.0011496071446935627,53.028295752577975,11.469150236945037,256.5792380586471,311.7152972095345
15 Jul 2026 02:54:00.000000000,-5276.275849032225,-3314.5996016162712,-2921.523123021125,4.740929652971048,-2.9941691297975424,-5.149765504100754,0.006450523532876323,0.004055907994138726,0.003586481901855185,-25.38491280168476,-123.96727391735443,507.69740932218303,6886.885617788122,0.0011179077037602615,53.02606848914186,11.467527871359517,262.0767121957097,310.02173774364945
15 Jul 2026 02:55:00.000000000,-4980.41776100885,-3486.8233682428277,-3223.833669967803,5.117398710682369,-2.7445261123248867,-4.92357076877346,0.0060877940775215435,0.004265954279065587,0.003956714166963904,-28.206336263268692,-121.35112262509686,508.1516775080814,6886.129868048932,0.0010771137135871843,53.02369496189043,11.465523948189341,267.7278559217222,308.1749670554165
15 Jul 2026 02:56:00.000000000,-4662.640421114521,-3643.7013881440107,-3511.9161614618283,5.471304967614203,-2.48283297643378,-4.67567336044541,0.00569826734172891,0.00445711873996801,0.004309345617819274,-30.96344460798225,-118.58237782971098,508.6483883781,6885.3410841794175,0.001028171883546067,53.02121681341631,11.463117516540015,273.5316223027332,306.1760290670894
15 Jul 2026 02:57:00.000000000,-4324.344828577482,-3784.5451404325827,-3784.5010399147504,5.8010919319265515,-2.210247459893522,-4.407175457728198,0.005283702601885408,0.004628575034581254,0.004642827606452179,-33.64483283960234,-115.63789601568989,509.1754330789113,6884.533181512644,0.0009720715139941848,53.01867754725615,11.46029471427086,279.48743958860166,304.02548825034194
15 Jul 2026 02:58:00.000000000,-3967.022142018792,-3908.7370040006404,-4040.3876149384346,6.105311840859442,-1.9279741917282662,-4.119269474215732,0.004845965015646094,0.004779588417289606,0.004955703477934937,-36.23742728595654,-112.49288830732809,509.72034782913,6883.720412092431,0.0009098145027732551,53.0161217610014,11.457049016959367,285.59462325216526,301.72401753839256
15 Jul 2026 02:59:00.000000000,-3592.2469702170306,-4015.7329045479155,-4278.449308712247,6.382631722411906,-1.63725912652029,-3.8132323694701906,0.004387015719634264,0.0049095180094441086,0.005246614192134558,-38.726221108176766,-109.12127975845902,510.27054889598014,6882.917112244293,0.0008423855208051336,53.01359435937429,11.453381357296005,291.8518031109244,299.2729712160452
15 Jul 2026 03:00:00.000000000,-3201.6703170568107,-4105.064623832356,-4497.63855013926,6.631838858508139,-1.3393838594039678,-3.4904196437250175,0.003908901796911886,0.005017818502842241,0.005514303236267715,-41.09402213313934,-105.49644238091969,510.8135676926671,6882.137448995929,0.0007707233378251228,53.01113976120727,11.449300112607363,298.25635275032613,296.6749555692746
15 Jul 2026 03:01:00.000000000,-2797.0122167979116,-4176.341764999438,-4696.991300054882,6.851845644853037,-1.0356598545831757,-3.1522590581351557,0.00341374621405929,0.0051040413373270995,0.005757620854837266,-43.32125186097419,-101.59245936118245,511.33728178890146,6881.395169860165,0.000695694449188941,53.0088011143972,11.444820960592269,304.80382165841326,293.9343968842752
15 Jul 2026 03:02:00.000000000,-2380.054095922497,-4229.253369740744,-4875.631192222758,7.041693848250083,-0.7274226175490868,-2.800244120426643,0.002903737813300763,0.005167835400186563,0.005975527636394877,-45.385856914383496,-97.3860920869989,511.830137792981,6880.703360398182,0.0006180702975053144,53.006619532789884,11.439966605670469,311.4873800765163,291.0580967899618
15 Jul 2026 03:03:00.000000000,-1952.6308976256373,-4263.569184759058,-5032.773277185551,7.200558266785939,-0.4160258382046969,-2.435927373155701,0.00238112142808041,0.005208947298405705,0.0061670975055615924,-47.26342050954956,-92.85958897971754,512.2813622940738,6880.074213810039,0.0005385094672214288,53.00463336858075,11.43476638065575,318.29728696700334,288.05576454055966
15 Jul 2026 03:04:00.000000000,-1516.623004564191,-4279.140576559529,-5167.727358196893,7.327749801877904,-0.10283552895690476,-2.060913518643547,0.0018481881725537033,0.005227221256355543,0.006331520175493237,-48.92758496563867,-88.00435233252684,512.681157337284,6879.518816556741,0.0004575462132967851,53.002877533203964,11.429255730747878,325.2203660156422,284.9405413174303
15 Jul 2026 03:05:00.000000000,-1073.9479948549747,-4275.901094931489,-5279.900910416337,7.422717953674494,0.21077582130887504,-1.676852411192694,0.00130726593791582,0.005222598692051085,0.006468103121647832,-50.35090258855425,-82.82522127805657,513.0208772328539,6879.046953711713,0.00037558651953700973,53.00138287883332,11.423475588878341,332.2393697343671,281.7296364800936
15 Jul 2026 03:06:00.000000000,-626.5522655525133,-4253.866686649724,-5368.801576290391,7.485052752699102,0.5234350594976909,-1.285431943594174,0.0007607101087626003,0.005195117518798304,0.0065762731345565435,-51.506199618808644,-77.34472597002139,513.2931838643565,6878.666937375606,0.00029291252987326526,53.00017565154809,11.417471653473852,339.33171521924345,278.4455922065915
15 Jul 2026 03:07:00.000000000,-176.40255704378527,-4213.135561906434,-5434.0392315610325,7.514486140965626,0.8337741316984808,-0.8883708514075033,0.00021089449754290262,0.0051449112172063435,0.006655577511131224,-52.36844413657084,-71.60620848881265,513.4921780512285,6878.385461073881,0.00020969564967167375,52.99927702594728,11.411293581403614,346.465254703294,275.12051337762085
15 Jul 2026 03:08:00.000000000,274.52258905577344,-4153.887716809022,-5475.327617658481,7.510892815170792,1.1404357850102484,-0.48741145515308415,-0.0003397975214540766,0.005072207712037635,0.006705684934620633,-52.91694997431084,-65.67442597924587,513.6135049312096,6878.207482601826,0.00012601795352530106,52.99870272954528,11.404994110444902,353.57606127388885,271.818282328609
15 Jul 2026 03:09:00.000000000,724.2414064793516,-4076.38411599449,-5492.48553732992,7.474290543097721,1.4420791968925002,-0.08431235782061115,-0.0008889817087625318,0.004977328082677158,0.006726386088998835,-53.13756345982258,-59.6324805486689,513.6544317522461,6878.13613729062,4.1901965682701485e-05,52.99846276368021,11.398628126847765,0.27097761501380024,268.93201060128433
15 Jul 2026 03:10:00.000000000,1170.777484280015,-3980.965539977146,-5485.437611350115,7.404839962243245,1.737385522705116,0.3191588875260581,-0.0014342815276180581,0.004860685122920594,0.006717594039198616,-53.02435605910769,-53.574850822808536,513.6138968967143,6878.172683151129,4.267281746080641e-05,52.998561225941735,11.392251694593712,189.0816540164271,83.93000144689255
15 Jul 2026 03:11:00.000000000,1612.1683192219423,-3868.051102420021,-5454.214594939509,7.30284386705398,2.0250633525915624,0.7212331266113355,-0.001973336629021711,0.004722781758387795,0.006679344400271846,-52.58038162008113,-47.597690403278584,513.4925294001022,6878.316478816045,0.00012768455494593673,52.998996237307054,11.38592106362589,195.73970756394937,81.08059115756396
15 Jul 2026 03:12:00.000000000,2046.4738101774658,-3738.1364430069543,-5398.953253298297,7.168745988300132,2.3038540691591636,1.1201469569851412,-0.0025038113030165423,0.004564209318273419,0.0066117953041409175,-51.81728252823788,-41.7887045674711,513.2926386684778,6878.564994651764,0.0002131036470310458,52.9997599752979,11.379691674739489,202.75759039934871,77.87128133009183
15 Jul 2026 03:13:00.000000000,2471.7846641283522,-3591.7916021289893,-5319.895796366304,7.003129265210895,2.572537096835452,1.5141500729728197,-0.0030234029432133886,0.004385645647364874,0.0065152271579542185,-50.75385832370365,-36.21910391937619,513.0181745430316,6878.91385685857,0.00029881146369027455,53.00083881257174,11.37361717879955,209.75528105031648,74.68204805342029
15 Jul 2026 03:14:00.000000000,2886.230683396544,-3429.6585841470855,-5217.388873642384,6.806713608260655,2.829935032778211,1.9015125896597156,-0.00352985056756571,0.004187853037645824,0.0063900421781724805,-49.4139842259705,-30.939237503918115,512.6746583029397,6879.356923825503,0.00038459076109313895,53.002213558470054,11.367748487826415,216.67437513844513,71.57125170443918
15 Jul 2026 03:15:00.000000000,3287.988903379302,-3252.4486166934225,-5091.882130719068,6.580353148252,3.0749186475501507,2.280532331458498,-0.004020943427988491,0.003971675947830488,0.006236763667488798,-47.82436600425487,-25.978105748081436,512.2690856388675,6879.886393465105,0.00047010545855110113,53.0038597992017,11.362132874793751,223.48876761801682,68.56495519083234
15 Jul 2026 03:16:00.000000000,3675.291549927455,-3060.9391141684014,-4943.926330067151,6.325032965582649,3.306411741924994,2.6495420688334206,-0.004494529731589688,0.0037380384764722258,0.006056034995438926,-46.01253621384896,-21.34582214252551,511.809803065591,6880.492939727169,0.0005548899839113194,53.005748330574626,11.356813138189228,230.18229226222542,65.6792849179736
15 Jul 2026 03:17:00.000000000,4046.43378492576,-2855.9703545360944,-4774.171039693784,6.0418652927440935,3.52339584380758,3.006916683861257,-0.004948525480601755,0.0034879415483141394,0.005848618231632341,-44.00532005329062,-17.03764240188666,511.3063596705249,6881.165875989728,0.0006383470501758539,53.00784567553308,11.351826846144071,236.74409261054805,62.92506025883895
15 Jul 2026 03:18:00.000000000,4399.781208282573,-2638.441879521612,-4583.361894532478,5.732085183087253,3.724914726876602,3.351080242182098,-0.005380923422506846,0.0032224597729410068,0.005615392375692998,-41.8278249372622,-13.038331198622014,510.76933651124125,6881.893342555448,0.0007197533113449206,53.010114677246385,11.34720567359048,243.16700027512076,60.30941562312844
15 Jul 2026 03:19:00.000000000,4733.777084097612,-2409.308629506912,-4372.337436883065,5.397045639946012,3.910078730070198,3.6805129453656864,-0.005789802083433772,0.0029427379348581474,0.0053573511232902415,-39.502891914087186,-9.32607111828999,510.21015637385926,6882.662515051529,0.0007982719728397854,53.01251515714862,11.342974844159217,249.44663565210567,57.83670007416535
15 Jul 2026 03:20:00.000000000,5046.949258468343,-2169.576825746503,-4142.025543895784,5.038212202322902,4.078068854694978,3.9937579340953273,-0.006173334841074057,0.002649987078244872,0.0050756001086171695,-37.05089669358755,-5.8755560692205915,509.6408769785836,6883.459830147812,0.0008729711877962352,53.01500462617985,11.339152686674547,255.580722235508,55.509163291504976
15 Jul 2026 03:21:00.000000000,5337.916736245385,-1920.2996139868344,-3893.439451990047,4.657156986534264,4.228140613855381,4.289427909012137,-0.0065297989743025074,0.002345480154269089,0.004771353565022372,-34.48978443682446,-2.6602185079990717,509.07397106076735,6884.271224679008,0.0009428469748934423,53.017539036539695,11.33575031402471,261.56848306072897,53.32755934826019
15 Jul 2026 03:22:00.000000000,5605.395884123993,-1662.57248514733,-3627.6733902068895,4.255552187437931,4.359627607218274,4.566211532757369,-0.006857584611416605,0.002030547207357499,0.0044459303525056755,-31.83524233326107,0.34629794797408747,508.5220970570383,6885.082383991664,0.0010068494102884397,53.020073560558814,11.332771430017816,267.4100834020247,51.291704176199644
15 Jul 2026 03:23:00.000000000,5848.206227824301,-1397.5284903808292,-3345.8978367864784,3.8351630480308967,4.47194479296514,4.822879573891166,-0.007155203482873058,0.0017065700856971025,0.004100749308487756,-29.10094042841128,3.1692524733281813,507.9978643756486,6885.878995138334,0.001063910934713416,53.02256338282722,11.330212267531424,273.10610655991326,49.40099988081916
15 Jul 2026 03:24:00.000000000,6065.275811814936,-1126.333269547182,-3049.3544157114475,3.3978403121821272,4.5645914282441735,5.058290751115309,-0.0074212973741043554,0.0013749766732698203,0.0037373238913122864,-26.298795225091567,5.832342509600905,507.51359741931526,6886.647000420138,0.0011129757436711743,53.02496449150543,11.32806165889462,278.65705046428417,47.65493817987305
15 Jul 2026 03:25:00.000000000,6255.646091123789,-850.1799138564962,-2739.350452514446,2.9455121818716146,4.637153649605993,5.271397234743605,-0.007654646162625519,0.0010372346520744846,0.0033572560979057333,-23.439229070920412,8.3575240528699,507.0811026469384,6887.37284673713,0.0011530293710915488,53.027234454781386,11.326301237085877,284.06282639702226,46.05360166183213
15 Jul 2026 03:26:00.000000000,6418.476326282559,-570.283685123599,-2417.2532112662448,2.4801758073395597,4.689306665840004,5.461249761765001,-0.007854175321382075,0.000694844817170448,0.002962229654723341,-20.531411143802107,10.76501400703947,506.7114429993002,6888.043726247854,0.0011831277231919395,53.0293331687273,11.32490576404841,289.3222312547618,44.59819144494046
15 Jul 2026 03:27:00.000000000,6553.047454384397,-287.8766156895442,-2084.483837281158,2.0038883457907257,4.720816537341804,5.62700232122429,-0.008018962765857302,0.0003493339794779634,0.0025540024961756514,-17.58347404355089,13.073402334061965,506.4147239655207,6888.647803967443,0.0012024249672658086,53.03122356334521,11.323843580124901,294.432351249407,43.29162334150797
15 Jul 2026 03:28:00.000000000,6658.765411604784,-4.2020145492982985,-1742.511032638222,1.5187576314963602,4.73154151864162,5.767916368058165,-0.008148244928477965,2.2475046703924315e-06,0.0021343985636376947,-14.602704897052707,15.299825762632134,506.19989542695816,6889.174428147377,0.0012101998358605968,53.03287225436043,11.323077166471418,299.3878352352359,42.13925434182706
15 Jul 2026 03:29:00.000000000,6735.163885331425,279.49109346821587,-1392.8444940556951,1.0269325070424395,4.721432943969627,5.88336452598655,-0.008241421946923568,-0.00034485845193945615,0.0017052989741932231,-11.595712603649059,17.460172393597496,506.0745731802774,6889.6143195770555,0.0012058800852424681,53.0342501293108,11.322563810334051,304.17994486351984,41.14983222087056
15 Jul 2026 03:30:00.000000000,6781.906477241427,561.9535675327298,-1037.0281449146146,0.5305928718508649,4.690535639660187,5.972833743546314,-0.008298061867464767,-0.000690424943667455,0.0012686326261953855,-8.568574214453092,19.56929877347192,506.0448837129813,6889.9597363241555,0.0011890650763991188,53.035332857671506,11.32225636131392,308.7952372916316,40.336812545668735
15 Jul 2026 03:31:00.000000000,6798.78826221664,841.9417608738256,-676.6331952408129,0.031939509730060475,4.638987851709268,6.035927871806181,-0.008317903776872408,-0.0010328983843726294,0.0008263663233019064,-5.526964018192189,21.641249216757984,506.1153353864049,6890.204610880425,0.001159546778538589,53.036101316122334,11.322104065064782,313.21364716016944,39.72027637541793
15 Jul 2026 03:32:00.000000000,6785.736731846318,1118.2231117465599,-313.25106517309456,-0.4668162381338498,4.567020681790487,6.0723696376178635,-0.00830085979362078,-0.0013707387675606032,0.0003804945120668373,-2.476269060454331,23.689472502648716,506.2887186809522,6890.344657192824,0.0011173300283691442,53.036541921587954,11.322053459632759,317.4055751974778,39.3298413011235
15 Jul 2026 03:33:00.000000000,6742.812115368118,1389.5816857230002,51.51379117776632,-0.9634628847920186,4.474957030361144,6.0820019923079505,-0.008247015870723235,-0.0017024278618340465,-6.697126054074285e-05,0.5783052227703924,25.727034446272707,506.56603758721786,6890.377445627672,0.0010626538152214025,53.03664686632814,11.32204931847392,321.3272953146508,39.20925396834936
15 Jul 2026 03:34:00.000000000,6670.20707516847,1654.8236398326599,416.05112357997587,-1.455799221544677,4.363210051006949,6.064788822339122,-0.008156631383315757,-0.002026477290096618,-0.0005140130555424858,3.6316356894857633,27.766826884834348,506.94647359892144,6890.302444523526,0.0009960171364067608,53.03641425109796,11.322035623533308,324.913422913667,39.423921367456806
15 Jul 2026 03:35:00.000000000,6568.245778329705,1912.782579473248,778.7521467541943,-1.941644681211937,4.232281125724111,6.0208150154857885,-0.008030137497524095,-0.00234143640055199,-0.000958617297096611,6.678585030990128,29.821774744515924,507.42738309582194,6890.121027624981,0.0009182165666919981,53.03584811420389,11.3219565511207,328.0640454194921,40.07377988775829
15 Jul 2026 03:36:00.000000000,6437.382350082057,2162.324779780616,1138.0167860200118,-2.4188495680208626,4.082757376258668,5.950285883282823,-0.00786813434064664,-0.002645899841181014,-0.0013987854535985667,9.713904760123587,31.90504331191304,508.00432821582046,6889.836447338861,0.0008304104911063981,53.03495835612081,11.321757453294238,330.6217294843481,41.316287694764625
15 Jul 2026 03:37:00.000000000,6278.198719322829,2402.354244195355,1492.2608691327332,-2.8853050833258544,3.9153087317649775,5.85352594771236,-0.007671387015232186,-0.002938514755254839,-0.0018325445259662176,12.732134236538743,34.030247729587195,508.6711406246503,6889.453774402254,0.0007342430472071536,53.03376056116996,11.321385817439122,332.32845456168155,43.40949074034274
15 Jul 2026 03:38:00.000000000,6091.401870507554,2631.8175743427287,1839.9232266171355,-3.3389530795967888,3.7306845777512976,5.730977107089699,-0.007440820521349232,-0.0032179875237905455,-0.0022579572292803418,15.727492251511656,36.21166604780826,509.42001691844456,6888.979805182964,0.0006321055842726216,53.03227571956392,11.320792187304539,332.74126863374056,46.79636662907071
15 Jul 2026 03:39:00.000000000,5877.82052013904,2849.708626955509,2179.472663999993,-3.777795479541471,3.5297100154342838,5.5831962026983675,-0.007177513670867438,-0.0034830899912254246,-0.002673131762609555,18.69375759292957,38.46445574308455,510.2416437584272,6888.422938434525,0.0005277295027899978,53.0305298548614,11.319931029340498,331.0633393902255,52.273773050251584
15 Jul 2026 03:40:00.000000000,5638.401239693875,3055.0729354384416,2509.4147708123987,-4.199903302768948,3.3132817640992744,5.410852013726058,-0.006882692093821726,-0.0037326651223994448,-0.003076231072717544,21.624134923309903,40.80487115876829,511.12535025399893,6887.793023885266,0.00042759534646380146,53.02855356351982,11.318761529276472,325.8303522072123,61.306049432916495
15 Jul 2026 03:41:00.000000000,5374.204050088151,3247.011875709405,2828.298533037105,-4.603425248839763,3.0823637417868355,5.214721713308579,-0.0065577204519681465,-0.003965632052806696,-0.0034654815316010417,24.511102322618285,43.25047534986232,512.0592845961635,6887.101185543902,0.00034408735404161636,53.026381474754714,11.317248305084181,314.6243057615333,76.31122099464115
15 Jul 2026 03:42:00.000000000,5086.397515634305,3424.6865581387688,3134.7227177717623,-4.986595792701349,2.8379823615279163,4.995686822863951,-0.0062040939813510915,-0.0041809905065457835,-0.0038391809622638578,27.34623713299012,45.820333611640045,513.0306115086134,6886.359623042395,0.00029926276192756787,53.02405164028666,11.315362023986292,295.6866214289923,99.04788904122854
15 Jul 2026 03:43:00.000000000,4776.253367853508,3587.3214296770166,3427.3420012035344,-5.347742756122778,2.5812215814082986,4.754728705297676,-0.005823429495760836,-0.004377824572724891,-0.004195705965703112,30.120017558586017,48.53516656794031,514.0257267368643,6885.581394702828,0.00031462310267505074,53.02160486475836,11.313079912876812,273.98582924440126,124.54754474396779
15 Jul 2026 03:44:00.000000000,4445.140691456271,3734.207572568499,3704.8728134930984,-5.685294326591277,2.3132177469548565,4.492923640014831,-0.0054174559805185004,-0.004555305842832933,-0.00453351851807059,32.821599241900564,51.41742688150401,515.0304845417029,6884.780186303765,0.0003839658937548389,53.019083988612614,11.310386153390755,258.2832668328051,144.04886998905118
15 Jul 2026 03:45:00.000000000,4094.5197062846937,3864.705688343223,3966.09887677771,-5.997785502958677,2.035154263734132,4.2114375239619655,-0.004988004906622843,-0.004712695926355267,-0.004851171826144197,35.43856939785367,54.49124415755107,516.0304340023541,6883.970069728827,0.0004833388132224613,53.01653313602387,11.307272154881746,249.87452538634466,156.25629122779623
15 Jul 2026 03:46:00.000000000,3725.9351800264412,3978.2487580165025,4209.876415163775,-6.283863954692604,1.74825613669191,3.9115202431529768,-0.004537000387190112,-0.004849348372882688,-0.005147315445624767,37.956686951452916,57.78215663356216,517.0110598656298,6883.165255806911,0.0005952157875400027,53.01399694105661,11.303736700736726,246.209220184051,163.72020883259282
15 Jul 2026 03:47:00.000000000,3341.0095070917496,4074.344371555404,4435.139018226802,-6.5422952886608785,1.453784410736011,3.5944997583583946,-0.004066449289155519,-0.004964710039948611,-0.005420699683619914,40.359626671273624,61.31651660081933,517.9580236944156,6882.37984569766,0.0007101346298419809,53.01151976557518,11.299785965634985,245.2800653710585,168.44792224338667
15 Jul 2026 03:48:00.000000000,2941.4354892207853,4152.5767216636505,4640.902142112555,-6.771967723760072,1.153030544474033,3.261775946943162,-0.003578431399298121,-0.005058321953403556,-0.005670179320188477,42.628759778810625,65.12042386761797,518.8574011655635,6881.627585143653,0.0008227248816766133,53.009144922545914,11.295433403600871,245.9598764847637,171.56662741753135
15 Jul 2026 03:49:00.000000000,2528.9688532023274,4212.6082587618785,4826.26723478577,-6.971896179215012,0.8473107459850023,2.9148142403413866,-0.003075089728679626,-0.0051298197141632276,-0.005894716697083687,44.74302371653994,69.21802009595869,519.69591153419,6880.921625803333,0.0009294983551861243,53.00691391825406,11.290699508985165,247.63177966273838,173.69320764762796
15 Jul 2026 03:50:00.000000000,2105.420540604538,4254.181005666708,4990.425474257459,-7.14122578688492,0.5379602961866822,2.555139093502726,-0.0025586210213329377,-0.005178933508136,-0.006093384230601236,46.678958718465495,73.62899057498662,520.4611355092882,6880.274297703983,0.0010279120373266936,53.004865726607164,11.285611454637293,249.94394373761895,175.17950154064238
15 Jul 2026 03:51:00.000000000,1672.6488036885855,4277.11753190262,5132.661110702526,-7.279234841325144,0.22632788187717184,2.1843273190010235,-0.002031266514540608,-0.005205487777822497,-0.006265366412496317,48.411013721175365,78.36520730859249,521.1417180638753,6879.696896616252,0.0011159741849228384,53.003036108119595,11.280202613721684,252.68463274722598,176.23725062766758
15 Jul 2026 03:52:00.000000000,1232.5511407823608,4281.321588794563,5252.354405231956,-7.385337203614609,-0.08623004294167524,1.8040013145422427,-0.0014953029784538047,-0.005209400612618561,-0.006409961366368169,49.91223762254183,83.42665407427555,521.7275530220295,6879.19948985966,0.0011920732067357486,53.00145698538148,11.274511973581001,255.71946267041474,177.0008427906186
15 Jul 2026 03:53:00.000000000,787.0561033890104,4266.778407503472,5348.984159693412,-7.459084176068556,-0.3983548521891568,1.4158222085355407,-0.0009530340440307505,-0.005190682911445383,-0.006526582027351901,51.15545473263003,88.79712636869016,522.2099466155439,6878.790743707185,0.001254901826478082,53.000155885823354,11.268583451937415,258.9586661290757,177.5600477614504
15 Jul 2026 03:54:00.000000000,338.11500627220755,4233.55466298688,5422.129833238823,-7.500165864954119,-0.7086912870611874,1.0214829443880928,-0.0004067818103015737,-0.005149437365569705,-0.006614757010247144,52.11495258593003,94.44064859511894,522.5817575766872,6878.477775175514,0.0013034239337988238,52.999155461412144,11.262465127375444,262.33911528822114,177.97799445726747
15 Jul 2026 03:55:00.000000000,-112.3064292494121,4181.798107517039,5471.47324252672,-7.5084120473002,-1.0158929300583857,0.6227013204299238,0.0001411212942364058,-0.00508585730184056,-0.006674131225419339,52.768573976754176,100.29991535261432,522.8375117234967,6878.266030571099,0.001336861013452693,52.99847309357554,11.256208397533719,265.81388145574266,178.30161164446173
15 Jul 2026 03:56:00.000000000,-562.236469457205,4111.736877898283,5496.799843337641,-7.483792555969407,-1.3186276062653828,0.22121299906738442,0.000688340434851475,-0.005000225417496194,-0.006704466293558098,53.09992511026672,106.29803621909099,522.9734893947917,6878.159192718711,0.001354687339657162,52.998120590173095,11.249867079671036,269.34577423781286,178.56808906989437
15 Jul 2026 03:57:00.000000000,-1009.705771357533,4023.678480909147,5497.999592114777,-7.426417194499069,-1.6155827060886483,-0.18123550407279804,0.0012325461278881315,-0.004892912427298346,-0.006705640799487821,53.100259530402504,112.34417937672711,522.9877844995107,6878.159118333766,0.001356628624424984,52.99810397973866,11.243496469245676,272.9030053854283,178.80921391791665
15 Jul 2026 03:58:00.000000000,-1452.755766732728,3918.008461837695,5475.067386506507,-7.336535190016847,-1.9054704244849117,-0.5828938421713252,0.001771421889056677,-0.004764375633514292,-0.0066776504137518134,52.7695723017094,118.34244067647245,522.880334355959,6878.265806519233,0.001342661480188893,52.99842340653871,11.237152372856121,276.45592828508524,179.05463163284477
15 Jul 2026 03:59:00.000000000,-1889.4469996674054,3795.1887612384025,5428.103084480686,-7.214534188996893,-2.1870329121263454,-0.9820148630408182,0.0023026718331713254,-0.004615157417344402,-0.006620607895937432,52.11660078552557,124.20197300633592,522.652919909563,6878.477398876998,0.0013130125126139863,52.999073128248526,11.230890132361917,279.97417387679855,179.33471031774098
15 Jul 2026 04:00:00.000000000,-2317.8673901338216,3655.7557653451227,5357.31110198916,-7.06093879697642,-2.459047333466704,-1.3768616316991538,0.002824028288351953,-0.004445883644139999,-0.006534742986101164,51.15773177322639,129.84585907720233,522.3091363312565,6878.790211228116,0.001268156825691581,53.00004161627961,11.224763657117126,283.4236305796803,179.68356112210043
15 Jul 2026 04:01:00.000000000,-2736.1403962528243,3500.3180558943063,5262.999589584313,-6.876408659820404,-2.7203308257137366,-1.765714442303764,0.0033332594630850663,-0.0042572619322629535,-0.0064204021287597845,49.9151182798147,135.21676089670154,521.8543344119746,6879.198796440958,0.0012088166035144263,53.00131175701895,11.218824481118322,286.76266116276105,180.1428216742534
15 Jul 2026 04:02:00.000000000,-3142.433047501526,3329.553865557547,5145.579188881697,-6.661736080978827,-2.96974535107202,-2.1468778107218087,0.0038281772690655627,-0.004050079839856555,-0.006278048126586373,48.41447143352812,140.27867036012012,521.2955335813867,6879.696037375794,0.0011359615883117173,53.00286115050047,11.213120861449868,289.9366847069453,180.7670744053394
15 Jul 2026 04:03:00.000000000,-3534.9638209587238,3144.208245612412,5005.561370281611,-6.417843166443005,-3.2062024327063217,-2.5186874372077392,0.004306645248142384,-0.003825202790101164,-0.006108259476235283,46.68296795865565,145.01535472186694,520.6413077892659,6880.273268475712,0.0010508152430412348,53.0046625013467,11.207696933702955,292.86963688734033,181.63238653083818
15 Jul 2026 04:04:00.000000000,-3912.010331769007,2945.089953261755,4843.556354153694,-6.145778487360244,-3.4286677622056567,-2.8795171256138845,0.004766586717691404,-0.0035835718330770486,-0.005911729543414819,44.74756162636036,149.42677582950998,519.901645894603,6880.920424068961,0.0009548743005572671,53.00668409522209,11.202591939050771,295.449502745969,182.85077751211793
15 Jul 2026 04:05:00.000000000,-4271.916808671158,2733.068066708898,4660.270618527045,-5.8467132491360125,-3.6361656638173194,-3.2277856425509586,0.005205993088471653,-0.003326201112465506,-0.005689265393123828,42.63380704974269,153.52479032729866,519.0877886071958,6881.626211007042,0.0008499579878647977,53.00889035256018,11.197839536458682,297.50224759760226,184.59628835103274
15 Jul 2026 04:06:00.000000000,-4613.101324593019,2509.068337130213,4456.503997477286,-5.521936955935106,-3.8277833977782807,-3.561963496039855,0.005622932364106277,-0.00305417501827554,-0.005441786252565801,40.36516779842813,157.32907387647123,518.2120444150812,6882.378302848153,0.0007383236300114276,53.011242449983605,11.193467212023755,298.7420283998729,187.15477038129467
15 Jul 2026 04:07:00.000000000,-4934.06275172589,2274.0692878104205,4233.146375741726,-5.172852560578537,-4.002675282287137,-3.8805796092620883,0.006015557791496142,-0.0027686449754218316,-0.005170321533016099,37.96271003943231,160.86376295195342,517.2875873037808,6883.163552416273,0.0006229375749927685,53.013698998658185,11.189495795788844,298.67088956319884,191.02418957714005
15 Jul 2026 04:08:00.000000000,-5233.3874099434015,2029.0980720154087,3991.1739866894027,-4.800971092072952,-4.160066610996996,-4.1822278609498,0.006382116615078479,-0.002470825825853336,-0.004876008343186182,35.44506568786375,164.1549553022095,516.3282394220987,6883.968219227731,0.0005081315420837745,53.01621676782375,11.185939094529047,296.37054780719313,197.12284176936043
15 Jul 2026 04:09:00.000000000,-5509.755377060483,1775.226102633758,3731.645322607899,-4.40790575636346,-4.299257340553388,-4.465573460010009,0.0067209588697673475,-0.0021619917683514994,-0.004560088430309668,32.82856249306597,167.22900316462213,515.3482421670528,6884.778207987055,0.0004012432955760913,53.01875144094934,11.18280364700051,290.10295234351196,207.18879248634553
15 Jul 2026 04:10:00.000000000,-5761.946429291425,1513.564468204743,3455.6966683342907,-3.9953655103184667,-4.419625520778802,-4.729359118328634,0.007030546131605993,-0.0018434718288132732,-0.004223904492674816,30.127443375401363,170.1114458657472,514.3620194373766,6885.579314118769,0.00031636829109650484,53.021258391376314,11.180088606023656,276.9908429413848,224.0993188623582
15 Jul 2026 04:11:00.000000000,-5988.845580430382,1245.2591516285954,3164.537271523942,-3.565148114324898,-4.520630438740612,-4.97241098253575,0.007309460127180151,-0.0015166448426238274,-0.003868895814214238,27.35412229591854,172.82641462408995,513.3839370316329,6886.357472128851,0.0002778168128172889,53.0236934639556,11.177785749613781,255.6137953047764,249.27486418349923
15 Jul 2026 04:12:00.000000000,-6189.448188783881,971.4860696062104,2859.444165289817,-3.119132675070011,-4.601815447217824,-5.193644282992957,0.007556411094566869,-0.0011829339439768062,-0.0034965931870862164,24.519444153163793,175.39636381896864,512.428062332886,6887.099002484574,0.00030333792386749573,53.02601374905799,11.175879621094243,233.4052481117934,275.28201072106424
15 Jul 2026 04:13:00.000000000,-6362.86460179,693.445952617379,2541.7566615057485,-2.6592716969123855,-4.662810448098552,-5.3920686565398235,0.007770245776386709,-0.0008438005683477856,-0.0031086130999812877,21.632930697712982,177.8420156192836,511.5079285176303,6887.790852670169,0.00037739826714361797,53.02817833544461,11.174347795929458,219.10173195236692,293.38425061753037
15 Jul 2026 04:14:00.000000000,-6508.324309582613,412.3590869981749,2212.870535703328,-2.1875826675154375,-4.703334002027947,-5.5667930987213365,0.007949954922499535,-0.0005007379884536059,-0.0027066511874249497,18.703004007988415,-179.8175634801472,510.63630754331126,6888.420828121588,0.00047387671341341485,53.03014902882664,11.173161270744329,212.1905753348728,304.09427965668937
15 Jul 2026 04:15:00.000000000,-6625.179580529993,129.45994234101593,1874.2319271424515,-1.7061392108768132,-4.723195037226564,-5.717030501402897,0.00809468017657059,-0.00015526441669509155,-0.0022924749514197412,15.737184939842052,-177.56480967884121,509.82499609922996,6888.97780887066,0.0005771336287260058,53.03189102351283,11.172284967953395,209.69711232551649,310.38678935717445
15 Jul 2026 04:16:00.000000000,-6712.908553989689,-154.00829099373968,1527.3309802417355,-1.2170618483268005,-4.722294132782927,-5.842101732911675,0.00820372022459743,0.0001910842791555536,-0.0018679157853132796,12.742267325213403,-175.3834684109614,509.08461854506226,6889.4519479359415,0.0006793868517335535,53.03337351533517,11.17167834730338,209.7155439372077,314.167605276568
15 Jul 2026 04:17:00.000000000,-6771.117768174248,-436.79922808119824,1173.695256053497,-0.7225084152152753,-4.7006243548761955,-5.94143922013907,0.008276536091064114,0.0005367621887174419,-0.0014348603471959678,9.724470464870995,-173.2583825479029,508.42445060748344,6889.834847786341,0.0007764279047841042,53.034570245040115,11.171296113809854,211.23671751491906,316.445907283781
15 Jul 2026 04:18:00.000000000,-6799.544104086234,-717.6688519915175,814.8829447934571,-0.22466418763598806,-4.658271628225055,-6.014589995373823,0.008312755476004088,0.0008802212306331799,-0.0009952413464460667,6.689573277202604,-171.1752749958501,507.8522672595614,6890.119711568103,0.0008656835463694585,53.03545996252317,11.171089009816917,213.71953720622926,317.7628187164076
15 Jul 2026 04:19:00.000000000,-6798.056129917558,-995.3810844170325,452.47591253509813,0.27426822058260125,-4.595414629504988,-6.061218174944822,0.00831217604395886,0.0012199192045671758,-0.0005510278234210543,3.6430337506817967,-169.12053221436435,507.37421777403466,6890.301466222532,0.0009454360709602806,53.03602680364507,11.171004677465477,216.8586749465117,318.4236949995969
15 Jul 2026 04:20:00.000000000,-6766.654834069786,-1268.7133354162959,88.072616991343,0.7720791254525333,-4.512324194407379,-6.081106841941617,0.008274767591836653,0.0015543279380126353,-0.00010421501544319848,0.5900973665744383,-167.08099120600752,506.9947304289228,6890.37685512268,0.0010144949633512108,53.036260572879016,11.17098857651547,220.47263546020739,318.61005823152254
15 Jul 2026 04:21:00.000000000,-6705.473738973234,-1536.4620029864,-276.7190712123285,1.2665621359933918,-4.4093622353025275,-6.074159311217621,0.008200673040653491,0.001881941437478733,0.00034318608675943415,-2.464101929488591,-165.0437300695961,506.7164487630313,6890.344498412488,0.001072047262126006,53.03615692667163,11.170984941543228,224.44866519213338,318.4346878284284
15 Jul 2026 04:22:00.000000000,-6614.778392096816,-1797.4478931403582,-640.289104258158,1.7555245414488077,-4.286980171963063,-6.040399761408322,0.00809020822158265,0.002201283951641533,0.0007891593789744327,-5.514444730577987,-162.9958607865087,506.54020064457836,6890.204919830148,0.0011175826320516111,53.035717454130626,11.170937761721166,228.71426320177042,317.97010920351255
15 Jul 2026 04:23:00.000000000,-6494.965234866168,-2050.521531482748,-1001.032511624711,2.236797649799149,-4.145716883350918,-5.979973225636322,0.007943860447089208,0.0025109178546517405,0.0012316943620228852,-8.55572973551614,-160.92432222029666,506.4650007454638,6889.960539426118,0.0011508509448569456,53.034949653446645,11.170791766024221,233.22165302400046,317.26412148354416
15 Jul 2026 04:24:00.000000000,-6346.559854567929,-2294.568337908579,-1357.3566348293052,2.7082470049851466,-3.986196193910309,-5.893144939731721,0.007762285881147392,0.002809451260408942,0.0016687968187497895,-11.582574475490528,-158.815671203634,506.4880863250639,6889.615632231335,0.0011718339852245297,53.03386680428862,11.170493396509125,237.93889001750622,316.3486897494058
15 Jul 2026 04:25:00.000000000,-6170.214628626099,-2528.513637013557,-1707.6883040453954,3.1677824118159092,-3.8091239129854046,-5.780299053967885,0.00754630574713892,0.003095545284976857,0.002098499331099072,-14.589309738913578,-156.65587004169998,506.60498554034484,6889.176253577143,0.0011807227567122976,53.03248773824438,11.169991752527514,242.84453118073702,315.2452748279535
15 Jul 2026 04:26:00.000000000,-5966.705774817062,-2751.3274780560746,-2050.4809187759747,3.613367700420878,-3.6152844507519073,-5.641936721296785,0.007296901431109653,0.0033679208814633983,0.0025188715233938935,-17.569864128473995,-154.43006988231667,506.80961683346527,6888.650132402585,0.001177896251369259,53.03083651118116,11.16923948913927,247.92429914701498,313.9681689306989
15 Jul 2026 04:27:00.000000000,-5736.929824957873,-2962.029239851321,-2384.221395727768,4.043030166233968,-3.4055370382773122,-5.478673581669894,0.007015208560465945,0.0036253651827217095,0.002928029926465606,-20.51763507083643,-152.12239143681586,507.09441732178897,6888.046534490619,0.001163899646358788,53.028941983144506,11.168193653851198,253.1689011469418,312.5266763578621
15 Jul 2026 04:28:00.000000000,-5481.899543298402,-3159.6919977364723,-2707.4369483776773,4.454869626713281,-3.1808115829055015,-5.291236668067391,0.0067025101516146315,0.003866737297591895,0.003324147367279453,-23.42534255247914,-149.71570790027596,507.45049754536785,6887.3760981399055,0.0011394209722953353,53.026837313060646,11.166816446765901,258.57253333175305,310.9266088804049
15 Jul 2026 04:29:00.000000000,-5202.739314201869,-3343.4466317138663,-3018.7016644076534,4.84706704213742,-2.942104192999221,-5.080460765173891,0.0063602289366038525,0.004090973520481103,0.003705461802658961,-26.284862007356715,-147.19144024993201,507.8678194277993,6886.650645291623,0.0011052659033604698,53.02455937703484,11.16507589060849,264.13179634635173,309.1713699169572
15 Jul 2026 04:30:00.000000000,-4900.680026668152,-3512.485656985631,-3316.6428491675624,5.217892654662405,-2.6904724081187354,-4.847284256098562,0.005989918987356525,0.0042970919270717885,0.004070284530691478,-29.08703335711787,-144.52938328867867,508.33539388834896,6885.8829715788,0.0010623306941412725,53.022148120413306,11.162946398619678,269.8448557615366,307.262793901084
15 Jul 2026 04:31:00.000000000,-4577.053485795462,-3666.0667603081783,-3599.947105551849,5.565713607150556,-2.427030171925947,-4.592744496042867,0.005593256762023945,0.0044841963429569824,0.004417007729696978,-31.821444564943402,-141.70759300461168,508.8414942149965,6885.086619142456,0.0010115735509881416,53.01964585497433,11.160409230133759,275.7107429814304,305.2018452270636
15 Jul 2026 04:32:00.000000000,-4233.286383375701,-3803.5160278495437,-3867.366123085711,5.889001010839753,-2.152942585494423,-4.317972754307539,0.005172031700053994,0.004651479685496686,0.004744111292142523,-34.476190772403534,-138.70238335694202,509.3738810727418,6884.275636356258,0.0009539849364812347,53.01709651361577,11.15745282558882,281.7287299874784,302.9892434161174
15 Jul 2026 04:33:00.000000000,-3870.8938614604094,-3924.2308524942127,-4117.72215155018,6.186336438472649,-1.8694204782963078,-4.024188767476797,0.004728136490594507,0.004798226692312757,0.005050168938306818,-37.037614970970616,-135.48850458676816,509.92003488064256,6883.46432881621,0.0008905574957868607,53.01454487568771,11.154073014866233,287.89773613854504,300.6260562859368
15 Jul 2026 04:34:00.000000000,-3491.472703927006,-4027.682510753008,-4349.913137070664,6.456417826804188,-1.5777148329918904,-3.712694947035931,0.004263557132405219,0.004923816061413179,0.005333853611294167,-39.49004433155325,-132.03960559408668,510.4673912417892,6882.667006080943,0.0008222564776410607,53.01203577666915,11.150273095106698,294.215743354772,298.11428479724833
15 Jul 2026 04:35:00.000000000,-3096.694191844888,-4113.41840155553,-4562.917501188456,6.6980647792258114,-1.2791110983603515,-3.3848702841226257,0.0037803628931288454,0.005027722036901035,0.005593942169746996,-41.8155490818695,-128.32911688250115,511.0035751475564,6881.8977286922,0.0007499917025470517,53.009613316194475,11.146063776418169,300.6792102875161,295.45744897549037
15 Jul 2026 04:36:00.000000000,-2688.296658809868,-4181.063941206455,-4755.798545972286,6.910223265391325,-0.9749234223710418,-3.0421639926728115,0.0032806962646983943,0.005109515484335112,0.005829319410333026,-43.99376927421819,-124.33171898958328,511.51662979448116,6881.170059966479,0.0006745922960638331,53.00732007848946,11.14146299632192,307.28248668214366,292.6611737001815
15 Jul 2026 04:37:00.000000000,-2268.0777824411903,-4230.324110626584,-4927.708470658949,7.091969720026757,-0.6664888346551796,-2.6860889300159814,0.002766762994137706,0.005168864502909059,0.006038981461180751,-46.00187881786763,-120.0255645722764,511.9952360389948,6880.4968269286155,0.0005967855320041282,53.005196379081475,11.136495606061874,314.01723239166233,289.73376990235744
15 Jul 2026 04:38:00.000000000,-1837.8866479654848,-4260.984652670345,-5077.891987590429,7.2425145474289065,-0.3551614046197691,-2.3182148311588717,0.002240822253588296,0.0052055346268677725,0.00622203859810516,-47.8147825949861,-115.39536634635576,512.4289187636077,6879.88989456459,0.000517181182458107,53.00327955120011,11.131192934231766,320.8718294544371,286.6868227541718
15 Jul 2026 04:39:00.000000000,-1399.6156193113493,-4272.91291879136,-5205.689527311223,7.361205041419004,-0.04230639830937183,-1.9401613897325416,0.0017051769945973015,0.005219388668833717,0.006377717540940041,-49.40566244050883,-110.43630167389574,512.8082367272004,6879.3599573073325,0.0004362627026587565,53.0016032845967,11.125592235322095,327.83070480237524,283.53586928067494
15 Jul 2026 04:40:00.000000000,-955.1920524623615,-4266.058365622974,-5310.540024577037,7.447527732678946,0.27070554600885954,-1.5535912150559532,0.0011621645129645695,0.00521038625522976,0.0065053632888631,-50.74698437104651,-105.15837841086581,513.1249528126424,6878.916351343933,0.0003543863434999647,53.000197028590044,11.119736032958372,334.8732338075838,280.30149518126035
15 Jul 2026 04:41:00.000000000,-506.5698850541305,-4240.45270314281,-5391.983278695318,7.501110176465648,0.5825042065029635,-1.160202691175426,0.0006141472335736634,0.005178583102161974,0.006604440555699335,-51.81202945280555,-99.59046959694517,513.3721819576851,6878.56689095231,0.00027178885645173746,52.9990854700104,11.113671369398405,341.9709479979909,277.01212752496286
15 Jul 2026 04:42:00.000000000,-55.72113539846273,-4196.209697029586,-5449.6618830685475,7.521722193734922,0.8917255163027699,-0.7617227602673631,6.350370688535016e-05,0.005124130071269751,0.006674534859207662,-52.57689516204824,-93.78278926680228,513.5445144524707,6878.3177316475785,0.00018860386402074682,52.99828809538583,11.107448974598194,349.07705341405324,273.7145168413798
15 Jul 2026 04:43:00.000000000,395.37265669731545,-4133.524628602756,-5483.322720059499,7.509276577809523,1.1970172397903136,-0.35989964957411646,-0.00048738020443878734,0.0050472720400737995,0.0067153533152555095,-53.02274017736507,-87.8064274800449,513.6381127020362,6878.173262451075,0.00010488652589850707,52.99781884521228,11.101122369567475,356.0635735599979,270.5365946473815
15 Jul 2026 04:44:00.000000000,844.7290155119923,-4052.6734164187064,-5492.818018343751,7.4638292770355115,1.4970445762080042,0.043504441559033526,-0.0010361199829498767,0.004948346611463319,0.006726725178102711,-53.13786850779645,-81.74900843483364,513.650779979388,6878.136029095694,2.065788819033539e-05,52.99768586650754,11.094746920012945,1.0982327360633133,269.3105906150575
15 Jul 2026 04:45:00.000000000,1290.3731104208784,-3954.0114041447014,-5478.105970852273,7.385579061574673,1.7904956814765083,0.44672068034834833,-0.0015803410002692053,0.00482778267490749,0.006708602154312705,-52.91916651649321,-75.70666344537442,513.5820001303817,6878.206689457003,6.415751499523576e-05,52.9978913680896,11.08837885705146,191.9130899010509,82.30439922535842
15 Jul 2026 04:46:00.000000000,1730.3463014789386,-3837.9718198930736,-5439.250912169228,7.274866679758481,2.0760870994744582,0.8479809519042202,-0.00211768699483867,0.004686098825751044,0.006661058510883514,-52.37250414134077,-69.77391328411959,513.4329476317491,6878.384001958926,0.00014946205676388374,52.998431581181336,11.082074282460912,198.57004801344786,79.45607095008005
15 Jul 2026 04:47:00.000000000,2162.714619176488,-3705.0639126886126,-5376.423055007859,7.1321735065319425,2.3525690941108035,1.2455252110586368,-0.0026458285322590123,0.004523901634525089,0.006584290979566733,-51.51198468276379,-64.03395607344501,513.2064678468925,6878.6648471518865,0.0002352263881091673,52.999296826056465,11.075888176157733,205.5221862002501,76.31248060567381
15 Jul 2026 04:48:00.000000000,2585.577147938184,-3555.8707722878594,-5289.89778609268,6.9581196836434005,2.6187308727997736,1.6376088222934502,-0.003162471494600195,0.004341883751532694,0.006478618449935682,-50.35825693725345,-58.55167673149973,512.9070277674939,6879.04428210715,0.00032129512917963935,53.00047168354074,11.069873423632734,212.45891207886908,73.18417554529236
15 Jul 2026 04:49:00.000000000,2997.074282903287,-3391.0468391399195,-5180.054522512121,6.753461748604222,2.87340569076855,2.022509874520332,-0.003665365638831011,0.004140821821599123,0.006344481428521647,-48.936330110353744,-53.37055197825301,512.5406379719836,6879.51562672278,0.0004074064931596842,53.00193526830269,11.064079880609501,219.3171339393157,70.13420397455383
15 Jul 2026 04:50:00.000000000,3395.3958291079116,-3211.3151120161574,-5047.375130467719,6.519089747372599,3.115475823837441,2.3985364556244098,-0.004152313254116827,0.003921574176762952,0.00618244122928999,-47.27336879154711,-48.51323357425146,512.1147469714908,6880.070580497991,0.0004931747614983826,53.0036615990452,11.058553491624624,226.06905633428696,67.19031983485422
15 Jul 2026 04:51:00.000000000,3778.7889120531277,-3017.4640615570684,-4892.441909256986,6.256023824163457,3.343877395374446,2.764033869549831,-0.0046211779365755755,0.0036850782706835594,0.005993178852645333,-45.396822248826346,-43.984657917111434,511.63810954814915,6880.699367814873,0.0005780826816831706,53.00562005897493,11.053335478160296,232.698388854236,64.36877447113912
15 Jul 2026 04:52:00.000000000,4145.565668010555,-2810.3442589802685,-4715.935144482917,5.9654102812264815,3.5576050406712016,3.1173917756083456,-0.0050698934837612435,0.003432347813640961,0.005777493499502498,-43.33305714928713,-39.77629702257446,511.1206311157127,6881.390909273445,0.0006614822116571959,53.00777593831305,11.048461610805228,239.19475342016761,61.67990974410851
15 Jul 2026 04:53:00.000000000,4494.110682073003,-2590.864730240759,-4518.630235776786,5.648517101725051,3.7557163895787347,3.457051226469875,-0.005496472894689374,0.003164469566937878,0.005536300662754274,-41.10650363042292,-35.870443779369644,510.57319054394344,6882.1330161678925,0.00074260282578049,53.0100910491483,11.043961578313775,245.55163772749836,59.130204947829874
15 Jul 2026 04:54:00.000000000,4822.888141537258,-2359.989047168555,-4301.394405851898,5.306728930225659,3.9373363457787347,3.7815115777007255,-0.0058990174437806514,0.0028825997568614863,0.0052706297358037675,-38.739230421291865,-32.24388371192109,510.00744428021846,6882.9126047757045,0.0008205663399309748,53.012524401646495,11.039858464750958,251.76529987041872,56.723372498118756
15 Jul 2026 04:55:00.000000000,5130.448671929577,-2118.7311684821525,-4065.182999453532,4.941541507759159,4.101661138771239,4.089337238089029,-0.006275725778508211,0.0025879600721750834,0.0049816210781652714,-36.25083174322727,-28.870709286496492,509.435614967063,6883.715926763889,0.0008944070427033425,53.015032929545846,11.03616834391985,257.83399048891175,54.461136045189534
15 Jul 2026 04:56:00.000000000,5415.435822894347,-1868.151045072441,-3811.0353827360314,4.554555561930438,4.247962122675871,4.3791642264974335,-0.0066249029734706056,0.002281833215307471,0.004670522481979373,-33.65851486566964,-25.724291811334957,508.8702680844754,6884.528811706912,0.0009630958745197301,53.01757225199925,11.032899998209396,263.75730860352087,52.34387484207039
15 Jul 2026 04:57:00.000000000,5676.592171315806,-1609.3500055639013,-3540.0704557692275,4.147470157088396,4.375589294382271,4.649706497797146,-0.00694496945699951,0.0019655579855259817,0.004338684989843986,-30.977300573465406,-22.77854949076541,508.32408043215025,6885.336917466176,0.0010255674444745197,53.020097458193526,11.030054766719546,269.5356298807446,50.37119562344214
15 Jul 2026 04:58:00.000000000,5912.765009502485,-1343.465939840497,-3253.4817932241217,3.722075515001539,4.483974502586299,4.899761997751559,-0.007234469713208822,0.0016405238828917819,0.003987558024781249,-28.22027512304309,-20.0086832346929,507.80960449817053,6886.125984005858,0.0010807487789830158,53.022563900789294,11.027626525252249,275.16957993475967,48.54245938775181
15 Jul 2026 04:59:00.000000000,6122.911587074051,-1071.6682999560267,-2952.5324307774445,3.2802453226866826,4.572634318889987,5.128218404694327,-0.007492080650690498,0.0013081652329507355,0.003618683804921227,-25.398854712858174,-17.391537837497403,507.339032928605,6886.88208612353,0.0011275888283547614,53.02492798408885,11.02560179833676,280.6595313460534,46.857284401587805
15 Jul 2026 05:00:00.000000000,6306.103876400364,-795.1529395647044,-2638.549317359067,2.823928550803768,4.641172542520926,5.334058514630149,-0.007716619520689472,0.0009699548446780186,0.0032336910298826132,-22.523040108772204,-14.90571449212076,506.9239674065184,6887.591880558013,0.0011650878992090882,53.02714793295899,11.023960001195247,286.00509915608313,45.31605066779542
15 Jul 2026 05:01:00.000000000,6461.532833068656,-515.1368146960841,-2312.9174559928915,2.3551408131727816,4.689282311361596,5.516365226089819,-0.007907051264994256,0.0006273972275707201,0.002834287842679764,-19.60165026583497,-12.531527131879551,506.575196260537,6888.242843005879,0.0011923263244254052,53.029184528903706,11.022673807154797,291.2046006224411,43.92044007445408
15 Jul 2026 05:02:00.000000000,6588.512124921747,-232.852570278817,-1977.0737585917554,1.8759553052299494,4.7167477939134,5.674326081774282,-0.008062495172260698,0.00028202140656401875,0.0024222540873883717,-16.642530803834536,-10.250866525449252,506.3024850465255,6888.823490733437,0.001208491828951772,53.03100180029182,11.021709633851856,296.2544310333594,42.67406042845193
15 Jul 2026 05:03:00.000000000,6686.481305709318,50.45696173097365,-1632.5006425979627,1.3884933663942083,4.723445439521687,5.807237325768779,-0.0081822307254703,-6.462661377894465e-05,0.0019994329004353927,-13.652737295620026,-8.04701414209938,506.1143841757807,6889.323586711013,0.001212905208053273,53.03256765458683,11.02102823943184,301.1482856011021,41.58322335760427
15 Jul 2026 05:04:00.000000000,6755.008412313654,333.54432550561427,-1280.7193997512566,0.8949147180998078,4.7093447676256535,5.9145074379007845,-0.00826570253301004,-0.00041099167271783856,0.001567721691163701,-10.638695542455906,-5.904432061138745,506.0180573982294,6889.734321519708,0.001205044122994497,53.03385444148133,11.020585418069494,305.8761220291111,40.657981490785915
15 Jul 2026 05:05:00.000000000,6793.791967818981,615.1630376323822,-923.2833694535201,0.39740743544537926,4.674508680887343,5.9956601106187675,-0.008312524245359427,-0.0007555174911453574,0.001129062582902306,-7.606342078001536,-3.8085443796040814,506.01913459186346,6890.048469681109,0.0011845650711056568,53.034839437087705,11.020332782326097,310.42269841713954,39.91359025695428
15 Jul 2026 05:06:00.000000000,6802.662376346589,894.073187615066,-561.7709511273185,-0.10182228422869784,4.619093291709766,6.050336638509048,-0.008322481376990142,-0.0010966548421926176,0.0006854324011108125,-4.5612485553999615,-1.7455183832788177,506.1215918639485,6890.260517532047,0.0011513239650499055,53.03550524075767,11.020218618431391,314.76541631706516,39.372664496143024
15 Jul 2026 05:07:00.000000000,6781.582699520149,1169.047013189063,-197.77849158012611,-0.6005604881659268,4.5433472567429165,6.078297696135245,-0.008295532969906648,-0.0014328697667633744,0.0002388323075166509,-1.5087337437269268,0.29795089113689266,506.32766144567375,6890.366760297589,0.0011053963812845883,53.03584007766843,11.020188799240204,318.87100915028935,39.06848967787163
15 Jul 2026 05:08:00.000000000,6730.648808589458,1438.8744208948813,167.08691535310163,-1.0965958995837088,4.447610619368492,6.079424486137976,-0.008231812056754542,-0.0017626517424661403,-0.0002087228105615299,1.546033218287143,2.3348519693887035,506.6377732708565,6890.3653665982965,0.0010470996618120725,53.035838001994506,11.020187738705651,322.6902610715504,39.05030264892773
15 Jul 2026 05:09:00.000000000,6650.0889105541355,1702.3684225154655,531.21467874671,-1.587730340906767,4.332313165691458,6.05371924630485,-0.008131624904463248,-0.0020845217134640983,-0.0006552150795426176,4.597934779906744,4.378065109383346,507.05052948694265,6890.256409246123,0.0009770212252504403,53.03549899725092,11.02015937096172,326.1492501139258,39.39204808285893
15 Jul 2026 05:10:00.000000000,6540.262451008532,1958.370458489969,892.9979715053287,-2.071789075624824,4.197972305093292,6.00130511142546,-0.007995449040295045,-0.0023970398898192405,-0.0010986343874161862,7.641808708641861,6.440569202656364,507.56271246979287,6890.041861826045,0.0008960619316561118,53.03482897221371,11.020048136762826,329.1342079150737,40.20751833844419
15 Jul 2026 05:11:00.000000000,6401.658400796633,2205.755580235926,1250.840963645251,-2.5466309964448492,4.045190491760578,5.922425332983259,-0.007823930088426348,-0.0026988132295806626,-0.001536989019486548,10.672350192134527,8.535649557569476,508.16932622170464,6889.725561210757,0.0008055132557367371,53.03383965266566,11.019799959880746,331.4641313036907,41.67774145554055
15 Jul 2026 05:12:00.000000000,6234.892937832243,2443.4374644636537,1603.165989715902,-3.0101585896938228,3.8746522086338167,5.817441866901821,-0.007617877466499578,-0.002988502523457801,-0.0019683160645310323,13.684008884646689,10.677108433430657,508.8636703449838,6889.313136800866,0.0007072104047126611,53.03254837104573,11.019363196368346,332.83885863556696,44.10290440623742
15 Jul 2026 05:13:00.000000000,6040.70653953299,2670.373233985694,1948.4206129619017,-3.4603276095096818,3.6871205397908784,5.68683334645427,-0.007378259010893376,-0.0032648290101472167,-0.0023906914796498584,16.67087739045857,12.879479297443766,509.63744511950017,6888.811907905954,0.0006038621695645059,53.030977757866516,11.018689540032092,332.73655411181795,48.004868375867595
15 Jul 2026 05:14:00.000000000,5819.960505154834,2885.568061216902,2285.084550043513,-3.8951564001486383,3.4834333612533714,5.531192463870046,-0.007106194621427772,-0.003526580462128731,-0.0028022397119229514,19.62656757200625,15.158244067585692,510.4808855917624,6888.230751271323,0.0004998103466657254,53.02915534047847,11.017734868324322,330.2101769266985,54.330699233275446
15 Jul 2026 05:15:00.000000000,5573.632930837141,3088.0795324596993,2611.676421714042,-4.312734810561951,3.26449918348587,5.3512227899577365,-0.006802949030094771,-0.003772616693680613,-0.0032011427868698125,22.544071004041125,17.530049730351497,511.38292202012576,6887.579941296542,0.00040282980451187205,53.02711305636561,11.016460013907071,323.5404747076951,64.79967373401888
15 Jul 2026 05:16:00.000000000,5302.814163313178,3277.0217531518374,2926.7602967569865,-4.7112326520816685,3.0312926813586505,5.14773506605445,-0.006469923810319843,-0.004001874455872229,-0.0035856487876335186,25.415599977117665,20.012916131406662,512.3313635305093,6886.870965975649,0.0003278403492564876,53.0248866896364,11.014831448520221,310.1733248842208,81.96593782602267
15 Jul 2026 05:17:00.000000000,5008.7017609717095,3451.569176451698,3228.951998659329,-5.0889076573687415,2.7848499490242626,4.921643006690285,-0.006108648754017208,-0.004213371698266148,-0.0039540796656308995,28.232405872424486,22.62641963760866,513.3131014294415,6886.1163220049775,0.0002989050211978573,53.02251524069348,11.012821867315532,289.62256509488117,106.31567595290622
15 Jul 2026 05:18:00.000000000,4692.594993234046,3610.9601398140526,3516.925146888471,-5.444112906496577,2.5262635179878825,4.673958654430387,-0.005720772745854732,-0.00440621119005639,-0.004304838339757734,30.984572793230832,25.391826706499707,514.3143283031208,6885.329292846476,0.00033163708014485795,53.02004024020719,11.0104106635813,269.07817858488477,130.65892540789508
15 Jul 2026 05:19:00.000000000,4355.8889110228165,3754.500096512991,3789.416907183158,-5.7753036939151645,2.256677176639091,4.4057873303775095,-0.005308054267249372,-0.004579583508686694,-0.004636415060419725,33.660786529561825,28.332135916188125,515.3207688069607,6884.523713798035,0.00041176435829693575,53.017505019464885,11.007584285760228,255.67341975742795,147.86245057814722
15 Jul 2026 05:20:00.000000000,4000.068022445204,3881.564531338597,4045.233427906703,-6.0810438178178385,1.9772806287076832,4.1183222247666045,-0.004872351655921552,-0.004732769414654015,-0.004947393030409586,36.24808297421376,31.471965502530985,516.317917918428,6883.713728303547,0.000515919918056675,53.01495394989831,11.004336470659359,248.87735939010693,158.45719757127983
15 Jul 2026 05:21:00.000000000,3626.6996086990366,3991.601551902641,4283.254942173461,-6.36001128088037,1.6893040265579649,3.812838671989864,-0.004415613242207411,-0.004865141644889499,-0.005236453293627839,38.73158700243978,34.83719545964644,517.291282384919,6882.913539835622,0.0006292915516789895,53.01243166510192,11.000668348989656,246.1367494004322,164.996429341934
15 Jul 2026 05:22:00.000000000,3237.4267156715096,4084.1341490743416,4502.440518092448,-6.6110033982321275,1.3940124130567555,3.4906881533133203,-0.003939867470936627,-0.004976166165734673,-0.005502378917236722,41.09426381107273,38.454240522295045,518.2266211419242,6882.1371637043185,0.000743905262662924,53.00998227893028,10.996588421539013,245.7381137256429,169.19363475417742
15 Jul 2026 05:23:00.000000000,2833.960856762253,4158.762122012971,4701.832442015918,-6.832941314664276,1.0927001030316268,3.153292068582117,-0.0034472131032751837,-0.005065402934049459,-0.005744058506371429,43.31672097817816,42.348799458053975,519.1101805963608,6881.398183087173,0.0008550619164716803,53.007648613306195,10.992112406580182,246.7364424798789,171.99383441675545
15 Jul 2026 05:24:00.000000000,2418.0744621918784,4215.163665026177,4880.560222085262,-7.024873938306384,0.7866850322326986,2.802135315489695,-0.0029398095780121102,-0.005132506221405317,-0.005960489102877139,45.37712145182445,46.54391249972185,519.9289208578754,6880.709513447302,0.0009595957120378511,53.00547144917633,10.987262961281292,248.6089779394825,173.9197947395431
15 Jul 2026 05:25:00.000000000,1991.5931094890004,4253.096615059367,5037.844201591555,-7.18598130219784,0.4773030983320026,2.4387597116563486,-0.0024198675923605495,-0.005177224558647767,-0.006150778527559496,47.25129339640624,51.057191020649086,520.6707292457146,6880.083179310254,0.0010551425320372034,53.00348881362834,10.982069282155788,251.05269316128957,175.27454940456462
15 Jul 2026 05:26:00.000000000,1556.387569074754,4272.399359980858,5172.998773679831,-7.315577368249348,0.1659025150273572,2.0647572909988847,-0.0018896399438291815,-0.005199400358903886,-0.006314147231372177,48.913145702607764,55.89720392082331,521.3246176913578,6879.530107114497,0.0011398288520584234,53.0017353155367,10.976566591584268,253.8822487159189,176.24344276691915
15 Jul 2026 05:27:00.000000000,1114.3656979266702,4272.991408988047,5285.435190703738,-7.4131122900068025,-0.14616180312858068,1.6817635018589905,-0.0013514126551645942,-0.0051989692748316855,-0.006449929723028477,50.33550414095467,61.05925749091123,521.8809009871331,6879.059937541356,0.0012121351576814706,53.00024154124709,10.970795519463666,256.97820973401247,176.94591298419112
15 Jul 2026 05:28:00.000000000,667.4642132931742,4254.873627413693,5374.663963069756,-7.478174151398853,-0.45753381080504785,1.291450330284975,-0.000807496386063504,-0.005175959343028301,-0.006557575641466813,51.4914513765096,66.52119920956497,522.3313531898783,6878.680860375907,0.001270835209800175,52.99903352075657,10.964801390793882,260.2596110486314,177.46292708691448
15 Jul 2026 05:29:00.000000000,217.64037739557227,4218.128138983237,5440.296843699764,-7.510490198328642,-0.7668618454588532,0.8955193679158805,-0.0002602181171293845,-0.005130489960108868,-0.0066366505353116535,52.35616277147304,72.24032544185161,522.6693398682974,6878.399474555862,0.0013149696776669458,52.99813227361653,10.958633431681326,263.6686414473111,177.85229697169004
15 Jul 2026 05:30:00.000000000,-233.1363769223294,4162.917899178489,5482.0483952989625,-7.509927578658512,-1.072804075479233,0.4956948402784922,0.0002880869230486938,-0.0050627707291418045,-0.006686836407574066,52.90907511277273,78.15274955957359,522.8899242767975,6878.220675640447,0.001343835545272069,52.99755344239972,10.952343907563913,267.1615909915482,178.15773235371327
15 Jul 2026 05:31:00.000000000,-682.8928505007248,4089.485943839443,5499.737138465777,-7.47649360397217,-1.3740338759900164,0.09371660815694441,0.0008350831303479825,-0.004973100204506825,-0.00670793207335184,53.13604426264702,84.17637017142673,522.9899459417484,6878.147572479444,0.001356982442739687,52.99730702005423,10.945987208698156,270.7031301620117,178.4145619143147
15 Jul 2026 05:32:00.000000000,-1129.6604838141327,3998.1543174972735,5493.2862793603945,-7.410335543651042,-1.6692451268136892,-0.3086668479194212,0.0013784422490002713,-0.004861864552103431,-0.006699853366021263,53.03102524377686,90.21767847093939,522.968070555249,6878.181434391951,0.0013542115147963862,52.99739717584261,10.939618898772645,274.26236022438593,178.6536832426607
15 Jul 2026 05:33:00.000000000,-1571.4837366678985,3889.3226862580877,5462.724016180917,-7.311739958476099,-1.957157427773526,-0.7097054517437738,0.0019158510054586924,-0.00472953613366309,-0.006662633218341466,52.5968400077175,96.18128681935366,522.8248104830736,6878.321669679964,0.0013355746658771585,52.997822182861306,10.933294743209895,277.8097237556628,178.90465262451931
15 Jul 2026 05:34:00.000000000,-2006.428414221908,3763.4666403193037,5408.183424160783,-7.181131577366318,-2.2365212266953036,-1.1076545568973293,0.002445018712919119,-0.004576672008975955,-0.006596421625777156,51.84481553193283,101.97992771361771,522.5625156069285,6878.565835808596,0.0013013732900490414,52.99857444838186,10.927069734011782,281.3141524413135,179.19853756153265
15 Jul 2026 05:35:00.000000000,-2432.5899119258866,3621.1356915116016,5329.901919206548,-7.019071717227598,-2.5061228548376957,-1.5007819665435234,0.00296368490656952,-0.004403912343049005,-0.006501485490252282,50.793396073679155,107.54246445336422,522.1853346346561,6878.909681089181,0.001252156502428757,52.999640646481076,10.92099712809338,284.7399025102387,179.57108164705508
15 Jul 2026 05:36:00.000000000,-2848.101351845994,3462.950971620305,5228.220300739273,-6.826256242454973,-2.7647894633056573,-1.8873749398123003,0.0034696270634240237,-0.00421197869213506,-0.006378208323693953,49.46610421153023,112.81830987387464,521.6991474252221,6879.347217206742,0.0011887198070446028,53.001001950662854,10.915127515794154,288.04242089436934,180.0668387047491
15 Jul 2026 05:37:00.000000000,-3251.1415826580837,3289.602637644553,5103.581374781375,-6.603513057549986,-3.0113938523410093,-2.2657471756308167,0.0039606684537210664,-0.004001672137223674,-0.006227089782007898,47.88932729092738,117.77801789889111,521.111469287393,6879.870821446561,0.0011121064452529663,53.00263436244923,10.909507935753707,291.16224173367374,180.74527656334823
15 Jul 2026 05:38:00.000000000,-3639.9430149636146,3101.846990755604,4956.528158967863,-6.351799123936111,-3.2448591831058824,-2.6342457624646336,0.004434686157458916,-0.003773871224296079,-0.006048744984482598,46.09033061512608,122.41093537724383,520.4313286202193,6880.471366999091,0.001023616018872421,53.00450913025909,10.904181051547052,294.015147306848,181.69061638049376
15 Jul 2026 05:39:00.000000000,-4012.7992631144625,2900.503316374157,4787.701671912811,-6.072196990370008,-3.46416355911905,-2.991258079633753,0.004889619266125107,-0.0035295296670689227,-0.00584390356549844,44.09572734250238,126.72126447325695,519.6691196683504,6881.138379265675,0.0009248298041649826,53.00659325133346,10.899184404403005,296.47518426293334,183.02881663513398
15 Jul 2026 05:40:00.000000000,-4368.07256400238,2686.4504536634668,4597.838310337842,-5.765910825662022,-3.6683444617051935,-3.335218632363256,0.005323477272941833,-0.003269673765443426,-0.005613408397928388,41.93046351486919,130.7237537807938,518.8364325615838,6881.8602156538145,0.0008176730178504141,53.008850048025266,10.89454975502077,298.34351439845676,184.95872253859747
15 Jul 2026 05:41:00.000000000,-4704.20094261348,2460.623103750184,4387.7668185539205,-5.434261942747269,-3.856503020987278,-3.6646157989251487,0.005734348636454267,-0.002995399491839234,-0.005358213921704649,39.617260775558755,134.43981619269277,517.9458631923126,6882.62426594689,0.0007045606855279379,53.01123980848086,10.890302526002856,299.287881470351,187.81259936960404
15 Jul 2026 05:42:00.000000000,-5019.705093521797,2224.007887179166,4158.4048563139895,-5.078683804597732,-4.027808101157197,-3.9779984642019683,0.00612040948398603,-0.002707869200571402,-0.005079384010228923,37.17640778149191,137.89444032138053,517.0108058501323,6883.417169966639,0.0005887427295683049,53.013720480616605,10.88646135466185,298.71885240590797,192.1798913681786
15 Jul 2026 05:43:00.000000000,-5313.194946996748,1977.639162461156,3910.755172724331,-4.700716505043756,-4.1815001761710064,-4.273982509960159,0.006479932402418435,-0.0024083079194386066,-0.0047780893080562655,34.62578629370002,141.11395554032148,516.0452318727683,6884.225048922676,0.00047515210903238605,53.01624840735961,10.883037764066621,295.5328772401002,199.1641618551502
15 Jul 2026 05:44:00.000000000,-5583.375888090442,1722.594619068111,3645.9013958113997,-4.302000721256355,-4.316894969765897,-4.551257128250822,0.0068112952459062435,-0.002097999189708875,-0.004455603977876379,31.98103672058855,144.12454621788035,515.0634578780846,6885.033746570264,0.0003725274470824231,53.018779090391625,10.880035958168884,287.6554512190214,210.83993113635626
15 Jul 2026 05:45:00.000000000,-5829.054597014773,1459.9906598491684,3365.003449471979,-3.884271139362092,-4.433386831912556,-4.808590920842536,0.007112989873449786,-0.0017782804293189432,-0.00411330180216086,29.255793671529744,146.95135151904375,514.0799074039886,6885.829076081801,0.0002978462942005045,53.021267969123045,10.877452744707208,272.0410467247315,230.25274453502985
15 Jul 2026 05:46:00.000000000,-6049.144479375842,1190.977589548535,3069.2926118585083,-3.4493493603035654,-4.530451822614301,-5.044837744614824,0.007383630715678392,-0.0014505378048943233,-0.003752651595636995,26.461945824991155,149.61798800180122,513.1088699912299,6886.597068385511,0.0002769415114795417,53.023671201339276,10.875277587360031,249.11961455887197,256.97267101470044
15 Jul 2026 05:47:00.000000000,-6242.670655454288,916.7346278646592,2760.0662317327806,-2.9991362994671253,-4.6076504734392785,-5.258942260559063,0.007621963058370965,-0.0011162006099151333,-0.0033752118971072044,23.609892802900486,152.14635918004836,512.1642618887988,6887.324217642844,0.00031921287396765,53.025946431908814,10.873492786402506,228.6162283149026,281.27465866337724
15 Jul 2026 05:48:00.000000000,-6408.7744787443835,638.464767261717,2438.6821219099006,-2.535604100589751,-4.664630197388316,-5.449945142587227,0.007826870922531677,-0.0007767351591836967,-0.0029826249242342747,20.708784548036824,154.55664942052306,511.25939263293117,6887.997719528925,0.00040203990892290903,53.02805353612593,10.872073784855333,216.71565634457852,296.973962534961
15 Jul 2026 05:49:00.000000000,-6546.71755542063,357.38949747317383,2106.5526515604815,-2.0607875918099037,-4.7011273187096085,-5.6169879018423305,0.007997384416295814,-0.00043363822321985647,-0.0025766097912134395,17.766736947112705,156.86742966386686,510.4067417409143,6888.605698052148,0.0005015950425641743,53.02995532467505,10.870989594978294,211.34870268737131,306.13980348164887
15 Jul 2026 05:50:00.000000000,-6655.885238300228,74.74342029554202,1765.1385617805265,-1.576775319221717,-4.7169686960751305,-5.75931728271683,0.008132686434879315,-8.843003948749856e-05,-0.002158955007090631,14.791022400303163,159.09582636989964,509.617749662583,6889.137416800961,0.0006050723709259289,53.031618197845816,10.870203337776006,209.73857072782835,311.5490042156861
15 Jul 2026 05:51:00.000000000,-6735.78957121737,-208.23122022208474,1415.9425314160037,-1.0857002006623409,-4.712072915133895,-5.87628918835388,0.008232118587233472,0.0002573530498856596,-0.001731510289548016,11.788236810574396,161.25772266227733,508.9026269426801,6889.58347073964,0.0007060528175322374,53.03301273748547,10.86967288631168,210.28223862499627,314.80461356050375
15 Jul 2026 05:52:00.000000000,-6786.071662501353,-490.2900657282854,1060.502522576989,-0.5897298494970136,-4.686451029788725,-5.967372096034533,0.008295186236660717,0.0006021662723696034,-0.0012961777468878594,8.764445876149832,163.3679729297058,508.2701852637563,6889.9359549872315,0.0008009431884832839,53.034114226236014,10.86935160164345,212.1378785705136,316.7484868395702
15 Jul 2026 05:53:00.000000000,-6806.503469431019,-770.1922020885901,700.3849375371789,-0.09105662458830809,-4.640206835557133,-6.0321499265032115,0.008321562555162136,0.0009444643392331561,-0.0008549024974344561,5.725314180984285,165.44062041380974,507.7276936654097,6890.188607402799,0.0008874820502792677,53.03490308484921,10.869189148715876,214.8488630106477,317.8372792732769
15 Jul 2026 05:54:00.000000000,-6796.988979077341,-1046.7057200208562,337.1776207259029,0.4081125317309441,-4.573536662952979,-6.070324335882204,0.008311091505196589,0.0012827095192630607,-0.0004096628103307828,2.6762207564194918,167.48911272069708,507.28076277582204,6890.336922257193,0.0009641370916483135,53.03536521978421,10.869132377974248,218.15382084278608,318.3323893795355
15 Jul 2026 05:55:00.000000000,-6757.564774791634,-1318.6132488270423,-27.51725876761711,0.9055664012503539,-4.486728683861322,-6.081716404263993,0.008263789681445852,0.0016153797849392526,3.754013527323147e-05,-0.37763524125161246,169.52651362248258,506.9332593561509,6890.378232791025,0.00102984641871555,53.0354922748433,10.869126257394495,221.89539423512446,318.39120173600713
15 Jul 2026 05:56:00.000000000,-6688.399981685293,-1584.7174339203673,-392.09040739115477,1.3990998731451796,-4.3801617292264385,-6.066267701208757,0.008179846965384801,0.0019409769401043657,0.0004846927652179194,-3.4311351926795637,171.5657116017314,506.68725285887166,6890.311761028421,0.0010838977446759983,53.03528178226967,10.869114838587342,225.97482577959062,318.112499400958
15 Jul 2026 05:57:00.000000000,-6589.795588701867,-1843.8463289167612,-754.9326522542747,1.8865243308517883,-4.254303621888195,-6.024040715049122,0.00805962596883324,0.002258034636834159,0.000929779784847043,-6.479144566774677,173.61962675746213,506.54299505367163,6890.138633825344,0.001125865940598304,53.034737210482945,10.869042240103127,230.32814253621217,317.56027944180124
15 Jul 2026 05:58:00.000000000,-6462.183149228476,-2094.8586734439923,-1114.4421928309089,2.3656779696862045,-4.109709033922898,-5.955218639929947,0.007903660263449448,0.002565126190101321,0.0013707948940014987,-9.5164159598748,175.70141818581868,506.49893309607,6889.8618647662315,0.0011555760659464772,53.03386790743948,10.868853630667367,234.91299441710188,316.7769141305523
15 Jul 2026 05:59:00.000000000,-6306.12286654809,-2336.6490285384025,-1469.0318207337016,2.8344359729195188,-3.947016883218793,-5.860104521690323,0.007712651418567637,0.0028608721029914387,0.0018057514227907952,-12.537488206943957,177.8246938804771,506.55175572389504,6889.4863021695755,0.001173077296112961,53.032688940437076,10.868496195028499,239.7010182533755,315.79078647026535
15 Jul 2026 06:00:00.000000000,-6122.301074714866,-2568.152742532239,-1817.1360693253628,3.290720475982745,-3.7669472890875078,-5.739119770824944,0.007487464890891456,0.003143947221209094,0.0022326927707137824,-15.536578074301723,-179.99627545057731,506.69647158467427,6889.018544106732,0.0011786208883376686,53.031220835011474,10.86792006536051,244.6732035492684,314.6209240554294
15 Jul 2026 06:01:00.000000000,-5911.527129558743,-2788.350721665735,-2157.218255621728,3.7325102517441584,-3.5702981113362537,-5.592802057641743,0.007229124831831402,0.003413087444604786,0.0026497025379712325,-18.507460930227115,-177.74633863135608,506.9265180419534,6888.466821964533,0.0011726388350101133,53.02948921735912,10.867079201774743,249.81695496992725,313.2799362268241
15 Jul 2026 06:02:00.000000000,-5674.729728423401,-2996.273981241602,-2487.777378029711,4.157850054263279,-3.3579411012815625,-5.421802611170315,0.006938807894895519,0.0036670959331564575,0.0030549142461486194,-21.443336687000095,-175.4092447071912,507.23389819860665,6887.84085467639,0.0011557215657505466,53.027524366435436,10.865932206309092,255.12414447302572,311.7759616172716
15 Jul 2026 06:03:00.000000000,-5412.952680843924,-3191.0079549516304,-2807.354834919571,4.564859563933646,-3.1308176965674392,-5.2268829491969475,0.006617836143644195,0.0039048487575066584,0.003446520557442778,-24.33667730612632,-172.96742836382055,507.6093433267119,6887.151676296497,0.0011285939621931286,53.025360683490746,10.864443055879716,260.58975264049235,310.11402653806994
15 Jul 2026 06:04:00.000000000,-5127.350155613131,-3371.6965420103043,-3114.540930815103,4.951741883298245,-2.8899344942696064,-5.008911071856363,0.006267669172848504,0.004125299957398757,0.0038227819157969434,-27.179052414863097,-170.4018124883846,508.0424974188215,6886.411440084557,0.001092089469231439,53.023036088287384,10.862581741170384,266.2108628031797,308.2970506187197
15 Jul 2026 06:05:00.000000000,-4819.181432538554,-3537.5458738493026,-3407.9811390508876,5.316791539823673,-2.6363584385939,-4.768857155373872,0.005889895562281361,0.0043274859838880065,0.004182034547927253,-29.960930358424417,-167.69164960743552,508.52212018560255,6885.633202694908,0.0010471224206849811,53.02059135256193,10.860324799939745,271.98586301053746,306.32664465261496
15 Jul 2026 06:06:00.000000000,-4489.805189599624,-3687.827784358319,-3686.3820920344215,5.658401959343188,-2.3712117604555973,-4.507788785738632,0.005486223790182537,0.004510529516551772,0.0045226977803280635,-32.671453727115555,-164.81443768645195,509.0363045256315,6884.830692416247,0.00099465894232215,53.01806938243687,10.857655735226205,277.91376432182096,304.2037921760737
15 Jul 2026 06:07:00.000000000,-4140.673358187537,-3821.8829698964887,-3948.5172727054846,5.975072381448747,-2.095666706408986,-4.226865774246427,0.005058472732590132,0.004673642659708289,0.004843280645326437,-35.29819169100501,-161.74596526380722,509.5727042877653,6884.018065679338,0.0009356870003343128,53.015514462416625,10.85456531080652,283.9935770721339,301.9294731304316
15 Jul 2026 06:08:00.000000000,-3773.3245806129944,-3939.123827550256,-4193.23238334451,6.2654141956140155,-1.8109400937766373,-3.9273345979659284,0.0046085618699534155,0.0048161295329814,0.005142387765192728,-37.826877264888644,-158.46056701527635,510.1187680350918,6883.209656238237,0.0008711863540869312,53.01297147431555,10.851051718548336,290.22370914995,299.50526557263765
15 Jul 2026 06:09:00.000000000,-3389.3773051419726,-4039.03696228635,-4419.450370479952,6.528156683997625,-1.5182877275171376,-3.6105225082859036,0.004138501318622653,0.004937388285285483,0.00541872452244078,-40.24114710955638,-154.9317029327062,510.6619744982291,6882.419721532883,0.0008020993582886169,53.01048510493791,10.847120614468007,296.6013667964929,296.9339449250516
15 Jul 2026 06:10:00.000000000,-2990.522554460181,-4121.185355740004,-4626.176087227406,6.762152163515369,-1.2189987124182164,-3.277831349852388,0.0036503817902751217,0.005036912567746598,0.005671101536403309,-42.52231595423906,-151.13300789062598,511.1900654688116,6881.6621907581575,0.0007293037390109389,53.008099056558095,10.842785022739584,303.12195072467324,294.22008796682144
15 Jul 2026 06:11:00.000000000,-2578.5164037424847,-4185.21019132082,-4812.500576899989,6.966380525666991,-0.914389691768523,-2.9307311305101296,0.003146364571940471,0.005114292511217781,0.005898438482381481,-44.649238054747954,-147.03998157815434,511.6912720241306,6880.950419099938,0.0006535886247745317,53.00585527422484,10.838065109160729,309.77844674516734,291.37068237829226
15 Jul 2026 06:12:00.000000000,-2155.1722044319226,-4230.8323321138,-4977.604964116217,7.139953177619891,-0.6057990408348397,-2.570753380446432,0.0026286716006425257,0.005169215256346364,0.006099767297281676,-46.598333454039775,-142.63247768383246,512.1545301812076,6880.296952455225,0.0005756352189340988,53.00379320363751,10.832987827979332,316.56080291543196,288.39574982069445
15 Jul 2026 06:13:00.000000000,-1722.3525894963818,-4257.853449661242,-5120.763941854065,7.282116392056192,-0.2945810404289566,-2.1994843357600624,0.002099575691346175,0.005201465089139468,0.006274234826245927,-48.343882516784966,-137.89806714427002,512.5696823438867,6879.7133067367595,0.000496003511500483,53.00194909281821,10.827586448203206,323.4552420581871,285.3090337016194
15 Jul 2026 06:14:00.000000000,-1281.9612953728604,-4266.156803137756,-5241.348844930162,7.392254076219048,0.017899947291156026,-1.8185579783149746,0.0015613909573840218,0.005210923233940674,0.006421104968423398,-49.85870699754792,-132.8361459578632,512.9276612196747,6879.209765579327,0.0004151263000487903,53.00035535004008,10.82189996773866,330.44331042516814,282.12895084658373
15 Jul 2026 06:15:00.000000000,-835.9348351121334,-4255.707669662402,-5338.830302202215,7.469889972419108,0.3302752817030513,-1.429648960173015,0.0010164634442701725,0.005197567353037803,0.006539760381141286,-51.115340386731724,-127.46230463001562,513.2206532345486,6878.795199921364,0.00033331148099387795,52.99903996948252,10.815972425644151,337.4999592512317,278.88051032683813
15 Jul 2026 06:16:00.000000000,-386.23405645289654,-4226.553427549384,-5412.780461390028,7.51468930300844,0.6411778090772724,-1.0344654373278417,0.00046716198091429083,0.00516147079899598,0.006629703802005948,-52.08772086204933,-121.81201826028929,513.4422388552059,6878.476912539571,0.0002507530794003856,52.99802603488537,10.809852124704706,344.58793469795546,275.600923938703
15 Jul 2026 06:17:00.000000000,65.1643822328904,-4178.823295187194,-5462.8747817939175,7.526459872568098,0.9492475767295088,-0.63474183406513,-8.413076428769036e-05,0.005102801658098761,0.006690559042509703,-52.75330341953028,-115.94233399882758,513.5875076317761,6878.260510173392,0.00016755092519555548,52.99733131008895,10.803590778068056,351.6346542051851,272.3627303096813
15 Jul 2026 06:18:00.000000000,516.2765859705472,-4112.727728983574,-5488.893391373942,7.505152638899919,1.2531374844171619,-0.23223155619529365,-0.0006350270484140648,0.005021821615788901,0.0067220717002830785,-53.09530432258517,-109.930238459538,513.6531461932879,6878.149805397966,8.373948780656495e-05,52.99696792379702,10.797242595130523,358.3661922792942,269.4398095959498
15 Jul 2026 06:19:00.000000000,965.1200155793963,-4028.5574844645034,-5490.722005652103,7.450861762518852,1.5515188629235779,0.17130033104662934,-0.001183142676872708,0.004918884665704646,0.006724109627679262,-53.10463240599643,-103.86706076239162,513.6374978583525,6878.1467498964485,1.614257738900481e-06,52.99694215421847,10.79086332290349,250.53834552546482,21.07631895588489
15 Jul 2026 06:20:00.000000000,1409.7220675636843,-3926.6823451512023,-5468.352406787161,7.363824141890337,1.8430869709137006,0.5740844467483464,-0.0017261055286144785,0.0047944356733942576,0.006696663182457873,-52.781030071029555,-97.8495507336535,513.5405929609678,6878.251400252596,8.57792238240357e-05,52.99725431745536,10.784509259936435,194.73339951304735,80.6899262039602
15 Jul 2026 06:21:00.000000000,1848.1286107357644,-3807.549524388371,-5421.882481919025,7.244418438859338,2.1265664013477092,0.9743544470068236,-0.002261564031856868,0.004649008795700565,0.006639845273974014,-52.13310642346444,-91.96960429469517,513.3641494324972,6878.461916839679,0.00017142417312904042,52.99789876164773,10.778236260342094,201.37918251718105,77.85275659292569
15 Jul 2026 06:22:00.000000000,2278.412449168165,-3671.6817457944153,-5351.5158206184005,7.093163595799582,2.4007163886185223,1.3703543744143272,-0.002787195638898345,0.004483225747007067,0.006553891205457574,-51.17725297907652,-86.30520260824247,513.1115436243851,6878.774595829241,0.0002575685072774621,52.9988639669903,10.772098745672759,208.26905179829927,74.77140705513104
15 Jul 2026 06:23:00.000000000,2698.6816809920106,-3519.6750085663116,-5257.560871991929,6.910716843199194,2.6643360066895605,1.7603459917401327,-0.0033007153445566116,0.00429779389315363,0.006439158298290369,-49.93574502039463,-80.91459683368876,512.787751799821,6879.183933790074,0.0003440166852458823,53.00013274983779,10.766148742254222,215.14360987719002,71.7052304371621
15 Jul 2026 06:24:00.000000000,3107.08792248543,-3352.1960444602664,-5140.429662745065,6.697871193878331,2.916269247196377,2.142616086108182,-0.003799884286191271,0.004093504146991503,0.006296125273522019,-48.434502010396066,-75.83445925726717,512.3992631645082,6879.682723801972,0.00043045996719558106,53.001682567251066,10.760434961117708,221.93890443439685,68.71813609184579
15 Jul 2026 06:25:00.000000000,3501.8343663932515,-3169.979474057306,-5000.636078413435,6.455552418170951,3.155409964527893,2.5154837278766036,-0.004282518451311216,0.0038712286306972787,0.006125391351220587,-46.70095862961503,-71.08141561880016,511.9539657451827,6880.262181475305,0.0005164617864625757,53.00348591653648,10.755001936895054,228.62646334112736,65.83855531181044
15 Jul 2026 06:26:00.000000000,3881.1836433104486,-2973.824670657159,-4838.793710917287,6.184815493054758,3.380706672921598,2.8773074661472964,-0.004746497506861603,0.0036319180676409814,0.0059276750222631925,-44.76234382641727,-66.65565983195037,511.46100685619854,6880.91209875687,0.0006014531561731324,53.005510822631926,10.749889241011468,235.19015166155617,63.08258475912957
15 Jul 2026 06:27:00.000000000,4243.46545425624,-2764.5923412081047,-4655.6132768225125,5.886840517965592,3.5911671780506578,3.2264924395416474,-0.0051897737478755895,0.0033765988622445446,0.005703812437325105,-42.64448086176742,-62.545314566100394,510.93063031603594,6881.621022919946,0.0006847362550581761,53.007721404623396,10.745130783139066,241.62011657651425,60.46004193378044
15 Jul 2026 06:28:00.000000000,4587.083942257885,-2543.2008347584306,-4451.899612044475,5.562928090616689,3.785863023185454,3.5614973775834766,-0.005610381145564226,0.003106369826532348,0.005454755353884928,-40.3710809505622,-58.73057066716409,510.373992981741,6882.376457689666,0.0007654952125947402,53.01007851126624,10.740754213288977,247.9104616046925,57.9767912994021
15 Jul 2026 06:29:00.000000000,4910.524770351772,-2310.622190201009,-4228.548250335221,5.214494137858292,3.9639337275616637,3.8808414643852003,-0.006006444457716307,0.0028223985143211176,0.00518156858078407,-37.963430039097354,-55.18709845749751,509.80296355360395,6883.165083053661,0.0008428129607147476,53.01254041415974,10.736780435119018,254.05800803366424,55.63598314908032
15 Jul 2026 06:30:00.000000000,5212.361873180288,-2067.8779364942175,-3986.541594712639,4.843064199393555,4.124590792363427,4.1831110327274255,-0.006376188345887328,0.002525917128483848,0.004885426861244198,-35.44035031847488,-51.88858549603174,509.229906957899,6883.9729899578415,0.0009156929151503349,53.01506354620401,10.733223239033553,260.06144783362873,53.43890093420058
15 Jul 2026 06:31:00.000000000,5491.263849331107,-1816.0346600818418,-3726.9446930242448,4.45026716600947,4.26712144784119,4.466966053199175,-0.006717946426498511,0.002218217973328916,0.00456761113978768,-32.818331736801795,-48.80846771718917,508.6674579326548,6884.785925796522,0.0009830842473760662,53.017603272174874,10.73008906148305,265.9206697375153,51.3856353696081
15 Jul 2026 06:32:00.000000000,5745.999961800077,-1556.1993558711717,-3450.9006310700415,4.037828478808148,4.390892113667103,4.731146380018091,-0.007030170167801691,0.001900648433178741,0.004229504166568737,-30.11175423368838,-45.921010466197664,508.1282877117241,6885.589546382939,0.0010439095806760944,53.020114677695844,10.72737687463233,271.6361779263778,49.47566587399727
15 Jul 2026 06:33:00.000000000,5975.445714513356,-1289.5145798378326,-3159.625559107588,3.6075628016213814,4.495351543790488,4.974477712655315,-0.007311437531576229,0.0015746054687181957,0.0038725854033516255,-27.333146964450272,-43.20190998953797,507.624867914833,6886.369669935275,0.0010970940591877704,53.022553362578584,10.725078208199898,277.20856417613055,47.708388488344426
15 Jul 2026 06:34:00.000000000,6178.587973771071,-1017.1534230564986,-2854.4033700880987,3.1613661851904773,4.5800336268958315,5.1958772306076115,-0.0075604612470742075,0.0012415296342939788,0.0034984252077857334,-24.49345144010292,-40.62856389956539,507.169235896967,6887.112528541543,0.0011415948732528243,53.02487622444876,10.723177302964416,282.6380042694192,46.083619468490284
15 Jul 2026 06:35:00.000000000,6354.52960480097,-740.3143286887207,-2536.5800505788934,2.7012077486198574,4.644559814135258,5.394358857721674,-0.007776096599683542,0.0009028986324920511,0.0031086782886820814,-21.602270303775565,-38.1801257203443,506.7727658792694,6887.805012577533,0.0011764304644747742,53.0270422187706,10.721651393017039,287.92374743430963,44.60210579109175
15 Jul 2026 06:36:00.000000000,6502.493595371685,-460.21577511551544,-2207.5577279557883,2.229120910819835,4.688641147166908,5.56903811248962,-0.007957348612407544,0.0005602204351825626,0.0027050764407492104,-18.66809319539531,-35.83742628037302,506.4459501680513,6888.4349036476115,0.001200708775194771,53.029013081831565,10.720471111631147,293.0635590500817,43.266082334571884
15 Jul 2026 06:37:00.000000000,6621.826640609023,-178.09084997107513,-1868.7884400427968,1.7471942119328592,4.7120798616667905,5.719136501765579,-0.008103378499586936,0.00021502601318087623,0.002289420584710499,-15.698497121137413,-33.582818217509626,506.19819466273606,6888.9910918013375,0.00121365405351346,53.030754003930994,10.719601013354803,298.0530619642667,42.07993039379266
15 Jul 2026 06:38:00.000000000,6712.0021657886555,104.81825876606588,-1521.7676558712983,1.2575617718139325,4.714770544391572,5.843985417433485,-0.008213509278855374,-0.00013113827060120292,0.0018635721567724296,-12.70032215143291,-31.399980014685344,506.03763265324267,6889.463773044671,0.0012146318878208326,53.03223424093027,10.71900020295144,302.8848973078902,41.051016645252645
15 Jul 2026 06:39:00.000000000,6772.622766918886,387.2658272518739,-1168.0275785642439,0.762393439286873,4.696700825487191,5.943029498676709,-0.008287230434318804,-0.0004767185387319886,0.0014294439075338346,-9.679825056158275,-29.273701946041665,505.9709606130605,6889.8446235138335,0.0012031723464969652,53.03342765343949,10.718623059886998,307.54758487817503,40.19083249814611
15 Jul 2026 06:40:00.000000000,6803.422052346359,668.0081874831784,-809.1302634637634,0.2638846918732876,4.657951591992801,6.015829426611835,-0.0083242015393789,-0.0008201614717881296,0.0009889901872979774,-6.642814302249369,-27.189666775145053,506.00329930785733,6890.126947103191,0.0011789913787949113,53.0343131642229,10.718420045426658,312.0238930880049,39.516623837310185
15 Jul 2026 06:41:00.000000000,6804.265872366571,945.8093171852823,-446.6605864554807,-0.23575364921336583,4.598696713270528,6.062064123067323,-0.008324254761885365,-0.0011599224923752136,0.0005441968080320549,-3.594770116830244,-25.134231769836287,506.13808306803776,6890.30579383016,0.0011420110675173598,53.03487512587589,10.71833857794745,316.2884045960545,39.05382505012023
15 Jul 2026 06:42:00.000000000,6775.15292784093,1219.4463984359145,-82.21909895087472,-0.7343058199939141,4.519202274275726,6.081532331091883,-0.008287396195550011,-0.0014944739716266247,9.70705849848623e-05,-0.5409533270322904,-23.094214587764117,506.3769795268346,6890.378046769641,0.0010923800625870746,53.035103592429664,10.718323960918708,320.30373753305145,38.8398374283658
15 Jul 2026 06:43:00.000000000,6716.214753043179,1487.715315499091,282.585192869884,-1.2295615589485742,4.419825318024407,6.074153561217702,-0.008213805981192118,-0.001822313366223705,-0.0003503713306311279,2.5134934120120325,-21.056683116229916,506.71984151633734,6890.3424759856625,0.001030496881543338,53.0349944902543,10.718320347109069,324.0144542671681,38.93012000900813
15 Jul 2026 06:44:00.000000000,6627.715072304339,1749.4360625925956,646.1420862130265,-1.7193265234424513,4.301012104161563,6.039968394405892,-0.008103837204635301,-0.0021419711933132676,-0.0007961122098228094,5.563448503431767,-19.008747926019495,507.1646921583524,6890.199758515926,0.0009570414356919583,53.03454968541694,10.718271721973027,327.3368477701383,39.40840279942101
15 Jul 2026 06:45:00.000000000,6510.048534416158,2003.458032892851,1006.8474385609577,-2.201432604159814,4.163295896028149,5.979138139773986,-0.007958013582618878,-0.0024520187534054043,-0.0012381464742401503,8.60371498894555,-16.9373553155012,507.70774350328014,6889.952464112208,0.0008730257652584396,53.033776946483435,10.718122888864855,330.14107093978816,40.40455703876477
15 Jul 2026 06:46:00.000000000,6363.738833102887,2248.665160992502,1363.1103847440138,-2.673748065671061,4.007294293904372,5.891943852445923,-0.00777702596923331,-0.0027510755156403637,-0.0016744902747067938,11.628921420754665,-14.829078823609573,508.34344837720255,6889.605007089485,0.0007798876091414247,53.032689803594295,10.717820438775565,332.21840592596175,42.12732545588479
15 Jul 2026 06:47:00.000000000,6189.436226101302,2483.98089223518,1713.360476178205,-3.1341874439311046,3.8337061370250147,5.7787847239691565,-0.007561727739564075,-0.003037816087579594,-0.002103191803885403,14.633416577222341,-12.669907553835372,509.06458441542543,6889.163565277026,0.000679680765708893,53.03130730646584,10.717313687570572,333.2185056560935,44.927080334749036
15 Jul 2026 06:48:00.000000000,5987.914469418276,2708.3729538459856,2056.0547052028132,-3.580721135469151,3.643308001379341,5.640175864510841,-0.007313129125761551,-0.003310976700592903,-0.0025223412339648713,17.611154481826947,-10.445030777840714,509.8623686084589,6888.635967678399,0.0005754931553093203,53.029653685734836,10.716555564318732,332.52487164906626,49.42034530582291
15 Jul 2026 06:49:00.000000000,5760.067187090343,2920.8579045211563,2389.6843787884677,-4.011384618149699,3.436950324100795,5.476745502289192,-0.00703239060129384,-0.0035693611539599763,-0.002930080181195045,20.555566083875515,-8.138620318726998,510.7266000818579,6888.0315530232765,0.00047242091738676587,53.027757923747835,10.715503435244367,329.0127566801507,56.73189230726043
15 Jul 2026 06:50:00.000000000,5506.903700192514,3120.505441080525,2712.7818075762884,-4.424287249489044,3.215553188329546,5.28923163124723,-0.006720815420558527,-0.0038118461722977336,-0.0033246106108726207,23.45941392507352,-5.733615562055657,511.64582829029655,6887.361001918005,0.0003798414137518637,53.02565324246634,10.71411984893321,320.6949818463186,68.84892417283957
15 Jul 2026 06:51:00.000000000,5229.5443418718905,3306.442442900894,3023.926778204428,-4.817620595415624,2.9801018047114427,5.0784781426930685,-0.006379841435621298,-0.0040373861457030725,-0.003704203112314375,26.31462627974431,-3.2115212307674237,512.6075433408112,6886.6361457654575,0.0003154735355441951,53.023376517589725,10.712373189902348,305.10327442651334,88.2397364577014
15 Jul 2026 06:52:00.000000000,4929.215287786833,3477.8567370613873,3321.752779127638,-5.189666249824805,2.731641727150545,4.845430480401542,-0.006011032318393821,-0.0042450172359359845,-0.0040672044897701685,29.11210783911038,-0.5522361630336574,513.5983847804735,6885.869756017852,0.0003038511146198606,53.02096762926349,10.710238229225444,283.6267040336726,113.5152810100608
15 Jul 2026 06:53:00.000000000,4607.242933474351,3634.000569416494,3604.952952584872,-5.538803113078922,2.471273841031559,4.5911308614163815,-0.005616068317249299,-0.004433860844461668,-0.004412044631355076,31.841525368523598,2.2660566187510582,514.6043648951004,6885.075317644079,0.00035247233176584515,53.01846876082289,10.707696562758448,264.8533880031873,136.08746034844825
15 Jul 2026 06:54:00.000000000,4265.047851848473,3774.193769098693,3872.2857479490067,-5.863514105472424,2.200149161905202,4.31671310647516,-0.005196736681438942,-0.004603126454485848,-0.004737242638475523,34.491069453332834,5.266890981154622,515.6111023707834,6884.26679093016,0.0004413742015429009,53.01592365790147,10.70473692946621,253.60967731202774,151.12994155364612
15 Jul 2026 06:55:00.000000000,3904.138365240946,3897.8265962073606,4122.5802543471145,-6.162392299393087,1.9194634816174547,4.023397124594015,-0.004754921877362644,-0.0047521138692747334,-0.00504141221360725,37.047198273013954,8.475338750521411,516.6040620677103,6883.458365887854,0.0005491600818596531,53.01337686089514,10.701355404471773,248.1948421475185,160.3434705588769
15 Jul 2026 06:56:00.000000000,3526.1037671540553,4004.3622646093245,4354.741193102475,-6.434146461217226,1.6304518971428914,3.712483095934441,-0.004292595713625646,-0.004880214880583362,-0.005323266321415637,39.49437739332693,11.917549788328689,517.5687966420819,6882.664213619821,0.0006634155722697708,53.01087292421013,10.697555463639242,246.24061572074947,166.09632824489532
15 Jul 2026 06:57:00.000000000,3132.607229238325,4093.3391338209353,4567.753553159347,-6.677606000665362,1.334383255054289,3.385345395705814,-0.003811807481089367,-0.0049869144112778705,-0.00558162115420671,41.81484211183407,15.61987688218077,518.491185820781,6881.8982389858165,0.0007773557975795696,53.008455635923866,10.693347918726438,246.29908437777914,169.83644028751627
15 Jul 2026 06:58:00.000000000,2725.378428967964,4164.372565832352,4760.686855158746,-6.891725331234326,1.0325545417362068,3.0434262996367214,-0.0033146741977113873,-0.005071791182424409,-0.005815399445023775,43.98842698640955,19.60742363450596,519.3576692757036,6881.1738388326185,0.0008868221482884032,53.00616725145564,10.688750724387226,247.57611165800063,172.35795310797207
15 Jul 2026 06:59:00.000000000,2306.205933119969,4217.156444445552,4932.699032187003,-7.075587650254895,0.7262852462623387,2.6882295086142194,-0.0028033710315553914,-0.005134517959870472,-0.0060236331820794,45.99253069520085,23.90185067361825,520.1554692519301,6880.50366989982,0.0009889184156242482,53.00404775457617,10.683788660552086,249.62656898834368,174.10600323626815
15 Jul 2026 07:00:00.000000000,1876.9293715351248,4251.464356205613,5083.039917379533,-7.228408150986878,0.41691171946019323,2.321313526603294,-0.002280121957074542,-0.005174861438276049,-0.006205465786718134,47.80231021197014,28.518330645977773,520.8727993649698,6879.899430297519,0.001081437629121386,53.00213415858895,10.678492895837318,252.18818343676486,175.34286966201827
15 Jul 2026 07:01:00.000000000,1439.4314348080097,4267.150433309689,5211.054330503455,-7.349536681892612,0.10578154921700583,1.9442849220931504,-0.0017471906803203084,-0.0051926818202583,-0.006360153821569311,49.391217754529386,33.46170053674041,521.4990562881102,6879.371658178648,0.0011626153657055321,53.00045985980206,10.672900439689247,255.09798340518236,176.23152828968205
15 Jul 2026 07:02:00.000000000,995.6297285900204,4264.149859976285,5316.184757344143,-7.438459869799149,-0.20575203131139613,1.5587914992608856,-0.0012068718491892736,-0.005187932144930388,-0.00648706829615293,50.73199066095935,38.72215912407752,522.0249913909054,6878.929550903708,0.0012310204605435885,52.99905405448644,10.667053492894508,258.24936766845656,176.87858308789237
15 Jul 2026 07:03:00.000000000,547.4685161688892,4242.47904465787,5397.973617176068,-7.494802724092865,-0.5163356890973793,1.1665154009903367,-0.0006614825472051165,-0.005160657417477181,-0.006585695638073288,51.79815567691615,44.27128434906333,522.4428597562979,6878.580807627985,0.0012855063551764272,52.99794122940603,10.660998707832514,261.5690013313926,177.35737035643342
15 Jul 2026 07:04:00.000000000,96.91037996284523,4202.235461200108,5456.065114814856,-7.51832973846035,-0.8246214795808704,0.7691661620073351,-0.00011335405125803971,-0.005110993581747593,-0.006655638389858735,52.56599663200491,50.05957168547284,522.7465443888535,6878.331497836574,0.0013251901650947564,52.997140734722066,10.654786371364642,265.00370258330264,177.72107222629901
15 Jul 2026 07:05:00.000000000,-354.0721683357751,4143.597162623157,5490.206674731709,-7.5089455051020675,-1.1292722696287103,0.3684737269322576,0.0004351761799261094,-0.00503916637186818,-0.0066966156870218035,53.01676486012618,56.01684923778047,522.9316538239591,6878.185957917239,0.0013494444237755407,52.99666644664395,10.64846952464027,268.512549732379,178.01060990454965
15 Jul 2026 07:06:00.000000000,-803.5051002289,4066.8219716222893,5500.249955521613,-7.466694853960105,-1.4289670887175052,-0.03381855509060999,0.0009817723325588215,-0.00494549006808763,-0.006708463561925555,53.13873823466821,62.0564974156919,522.995591753688,6878.146717403459,0.0013578942343246496,52.99652652564203,10.642103035078598,272.06177968181083,178.2597454969951
15 Jul 2026 07:07:00.000000000,-1249.4212771087978,3972.246352270388,5486.151443610024,-7.391762526477102,-1.7224064029483417,-0.43596094958281406,0.0015241079339698156,-0.004830366171172139,-0.006691135105732051,52.928652186834434,68.08330602812882,522.9375976947657,6878.21445604387,0.001350416202153185,52.996723274387364,10.635742636712466,275.6211548100779,178.4987154381761
15 Jul 2026 07:08:00.000000000,-1689.8688236327355,3860.2839676660105,5447.972625633667,-7.284472389981802,-2.008317307302359,-0.8362043620502666,0.002059873477887557,-0.004694281999477806,-0.0066447005086430954,52.392118347420286,74.00342855974989,522.7587581369163,6878.387992366277,0.001327137398324588,52.99725309785869,10.629443955534168,279.16099697974545,178.75719679910077
15 Jul 2026 07:09:00.000000000,-2122.919440234803,3731.4239285794692,5385.879739335518,-7.1452861951498265,-2.2854586312793717,-1.2328073622827491,0.0025867840398283363,-0.0045378092016314575,-0.006569346984249661,51.5429108205208,79.73399483340431,522.4619880231252,6878.6643039102255,0.0012884337279298246,52.99810656629432,10.623261536802342,282.6493054534902,179.0671896865311
15 Jul 2026 07:10:00.000000000,-2546.676627374077,3586.228738451259,5300.143103240857,-6.97480187538791,-2.5526259523808914,-1.6240432004963883,0.003102586941193712,-0.004361602166766674,-0.006465378568677717,50.40132260900252,85.21009430382284,522.051982826946,6879.038578805907,0.0012349279553301752,52.99926857989286,10.617247891139696,286.0483979620811,179.46637648255694
15 Jul 2026 07:11:00.000000000,-2959.2837938828025,3425.3319404888566,5191.136025836959,-6.773751383656761,-2.8086565105296737,-2.0082068071805685,0.003605069513776919,-0.004166396304907407,-0.006333215771232417,48.99202024076142,90.38794267783419,521.5351419049882,6879.504297884453,0.0011674886193786761,53.00071863241026,10.611452576050418,289.3103500034438,180.0026828382952
15 Jul 2026 07:12:00.000000000,-3358.93222154491,3249.435473034885,5059.333295482323,-6.542998059318413,-3.052434014727895,-2.383621766891588,0.004092067009018181,-0.003953006164341178,-0.0061733950438318036,47.3418658433265,95.24440912533944,520.9194642138364,6880.053346021329,0.0010872325814885663,53.00243116909445,10.605921328791927,292.37007096150785,180.74120182744088
15 Jul 2026 07:13:00.000000000,-3743.868857331844,3059.3067400370073,4905.309252964117,-6.283533515452258,-3.2828933308443333,-2.7486472535881776,0.004561470680634472,-0.0037223233424635896,-0.005986568018981374,45.478059110488594,99.77401490392047,520.2144178889391,6880.6761509440375,0.000995536783257625,53.00437603276829,10.600695265668353,295.13390410953934,181.77559418809298
15 Jul 2026 07:14:00.000000000,-4112.403904257518,2855.7754041400403,4729.735449423323,-5.996474035649362,-3.4990250369137783,-3.101684912154817,0.005011236056517245,-0.0034753141459758115,-0.005773500462234061,43.42677105021714,103.98476344328536,519.4307855852819,6881.361847285648,0.0008940707763912868,53.00651899034729,10.595810161690421,297.45958470868436,183.24813043714752
15 Jul 2026 07:15:00.000000000,-4462.9181810524315,2639.7299108504635,4533.377893414712,-5.683056468921391,-3.6998798294823665,-3.441185667102961,0.00543939139794085,-0.003213016952913321,-0.005535070876134248,41.21228396451348,107.89390249794994,518.580487872887,6882.098463240818,0.0007848753799742637,53.008822330682726,10.591295823179538,299.1188256822905,185.38710537155046
15 Jul 2026 07:16:00.000000000,-4793.870220209905,2412.1137532891503,4317.0938921248835,-5.344633612018192,-3.884572761699603,-3.76565643556154,0.00584404632414727,-0.0029365392284989127,-0.0052722686872734206,38.85655746362043,111.52427147263107,517.6763873589704,6882.873126788578,0.0006705471635952062,53.011245523381575,10.587175564271368,299.72334562865075,188.58081018952197
15 Jul 2026 07:17:00.000000000,-5103.803073356778,2173.92148828976,4081.828493275517,-4.982669070238429,-4.0522872911060395,-4.0736667176151045,0.006223400565376322,-0.0026470541523627425,-0.004986191951682463,36.37910601820143,114.90148738359358,516.7320765667959,6883.672288092052,0.0005546800188071964,53.013745927189184,10.583465796502697,298.5716690042689,193.53073239610742
15 Jul 2026 07:18:00.000000000,-5391.350792449499,1926.1945159979923,3828.6105359838657,-4.598731590734828,-4.202279112553868,-4.363855033044018,0.006575752783804417,-0.002345796816294406,-0.004678044510282632,33.797078374377065,118.05196318984065,515.7616529311503,6884.481954377514,0.0004429655425408931,53.016279535649545,10.580175738697662,294.3340662465582,201.56661572143892
15 Jul 2026 07:19:00.000000000,-5655.2445550543825,1670.0166366582725,3558.548320833418,-4.19448886631979,-4.333879749566239,-4.634935169744453,0.006899509387769666,-0.0020340599617883724,-0.0043491325359340145,31.12545159547232,121.0016261621197,514.7794845631037,6885.287933339258,0.00034591809434530735,53.01880174709722,10.577307252356771,284.56577263234226,215.13324125348973
15 Jul 2026 07:20:00.000000000,-5894.318401996491,1406.5093999307499,3272.8249116028514,-3.7717008127975933,-4.446499875797598,-4.885702205745593,0.007193193248992504,-0.0017131892351802762,-0.004000860421251038,28.377278282704705,123.77516834501375,513.7999706825618,6886.076080920962,0.000283705371849877,53.02126814559353,10.574854805507075,266.3647148696273,237.13270078690394
15 Jul 2026 07:21:00.000000000,-6107.514556024953,1136.8272638032438,2972.6930834771124,-3.3322123287362264,-4.539632337236606,-5.115038263971893,0.00745545221570621,-0.0013845779481175436,-0.003634725965075915,25.56394773997423,126.39567325895187,512.8373008062725,6886.832549194036,0.00028150131548218435,53.023635279208996,10.57280556581536,242.7958959854712,264.5000118250767
15 Jul 2026 07:22:00.000000000,-6293.88829087437,862.1525819418018,2659.4699350847277,-2.8779455532083613,-4.612854845454814,-5.3219179568669555,0.007685067308357455,-0.0010496613448407572,-0.0032523148323969375,22.69543840235676,128.88449347113783,511.90521690118396,6887.544029994757,0.0003384258540169684,53.025861422075984,10.571139621447104,224.56354699802003,286.53096574833427
15 Jul 2026 07:23:00.000000000,-6452.6123212548955,583.6904400790257,2334.531184316764,-2.4108916441491814,-4.6658323126387105,-5.505413476837528,0.007880960475461182,-0.0007099103897725097,-0.0028552942758077672,19.78055007177654,131.2612865225683,511.016782759423,6888.197989999793,0.0004279926723373347,53.027907306893276,10.569830326047288,214.86479421710882,300.0284603056729
15 Jul 2026 07:24:00.000000000,-6582.980685885914,302.6633637731535,1999.305170532177,-1.9331021074155337,-4.698318800353412,-5.664699288285975,0.008042201784363894,-0.0003668251024611718,-0.0024454061238466137,16.827111572735664,133.54414499791008,510.1841648137532,6888.782893016542,0.000529570510238157,53.029736815051,10.56884476191754,210.81805839453168,307.87410021170905
15 Jul 2026 07:25:00.000000000,-6684.412097724468,20.305921481597778,1655.2665883813086,-1.4466797141086898,-4.710159056013266,-5.799056377843085,0.008168015922770092,-2.1927480375225196e-05,-0.0020244590593414395,13.842163599686604,135.7497783580246,509.4184284856008,6889.2884054430515,0.0006327319393093031,53.031317612256686,10.568144313518738,209.9644440908709,312.5268074855634
15 Jul 2026 07:26:00.000000000,-6756.452738014158,-262.1407516124535,1303.9299810202592,-0.9537690510362862,-4.701289613825051,-5.907876021318394,0.008257787893440461,0.0003232459375670905,-0.0015943202287719517,10.8321187924536,137.89371991566443,508.7293539380188,6889.705581111035,0.0007321360884486137,53.03262171846594,10.567685341354183,210.96590151117164,315.32465928381833
15 Jul 2026 07:27:00.000000000,-6798.778473681904,-543.4344823081797,946.8430228843746,-0.4565467560534284,-4.671739440496653,-5.990663028840028,0.008311067791233712,0.0006671518023680515,-0.0011569062401837534,7.802902182625303,139.99054320926982,508.1252747936182,6890.027022062583,0.0008246869360537221,53.0336260020438,10.567419944687833,213.11884236255588,316.9712716795966
15 Jul 2026 07:28:00.000000000,-6811.196480901221,-822.3376128354586,585.5796243729496,0.04278850374723881,-4.62163011016378,-6.047038433614612,0.00832757456559706,0.0010082479068310218,-0.0007141736238051444,4.760075596140773,142.0540792817611,507.61294297568423,6890.247012222494,0.0009083860713791505,53.0343125893819,10.567296799789306,216.03647082573343,317.8534683016169
15 Jul 2026 07:29:00.000000000,-6793.646261277773,-1097.6225504659478,221.7328927210508,0.5420262476884269,-4.551175497698967,-6.076741594611655,0.008307198689228627,0.0013450012756415688,-0.00026810884391444,1.7089496906886656,144.09763106762662,507.1974223456796,6890.36162140573,0.0009818649811740292,53.03466918265562,10.567262059189524,219.4942282372478,318.19583524272866
15 Jul 2026 07:30:00.000000000,-6746.200041039774,-1368.0772841936314,-143.09201506012207,1.038954523396985,-4.460680984688775,-6.079631689150448,0.008250003670165259,0.0016758963055207572,0.00017928203773180345,-1.3453127559804434,146.13418403752692,506.8820132535594,6890.368777636113,0.0010441799423264839,53.03468927999557,10.567260296212332,223.35527261340945,318.1352411137684
15 Jul 2026 07:31:00.000000000,-6669.062547759898,-1632.510839219197,-507.2851100448228,1.5313703042463618,-4.350542177764118,-6.055688577691504,0.008156226365915387,0.001999442863833334,0.0006259839369086703,-4.39759879539168,148.17661400767378,506.66820950075385,6890.268306335782,0.0010947136860375633,53.03437229404542,10.567235478338677,227.5329098618049,317.7584054039825
15 Jul 2026 07:32:00.000000000,-6562.570163429215,-1889.7586400964828,-869.2388220660395,2.017089869884126,-4.2212431444901695,-6.005013029936845,0.00802627608418012,0.0023141842538251887,0.001069983443898841,-7.442749066951582,150.23789395430103,506.55568855667957,6890.061935563344,0.0011331227317740293,53.03372356665207,10.567131952290751,231.97060851540826,317.1218833203067
15 Jul 2026 07:33:00.000000000,-6427.189457061094,-2138.687753880194,-1227.355244767321,2.4939590969875747,-4.073354177510228,-5.9278263084360265,0.007860732472835768,0.0026187049558448307,0.0015092795230069024,-10.475459966904959,152.3313019841556,506.54233518565223,6889.753267119172,0.0011593046424259895,53.03275427925384,10.566895423540666,236.63080279430892,316.26326230790386
15 Jul 2026 07:34:00.000000000,-6263.515104343736,-2378.2019854109353,-1580.0533365789818,2.959863588385209,-3.9075291029320187,-5.8244691130764545,0.007660342228725031,0.00291163805902102,0.0019418940952953758,-13.490180794216643,154.47063236790342,506.62429795157544,6889.347713983071,0.0011733735833681217,53.03148126036828,10.566473913015589,241.48831225821354,315.2077419961571
15 Jul 2026 07:35:00.000000000,-6072.267206105805,-2607.2467979718967,-1925.776039569567,3.41273857103248,-3.724502153901468,-5.695399896904604,0.007426014675449332,0.0031916723044889306,0.0023658823888255006,-16.4810023496298,156.67041068694357,506.7960773923633,6888.852405189287,0.0011756386530619417,53.029926693397506,10.56581867406476,246.52629771411,313.9721779129059
15 Jul 2026 07:36:00.000000000,-5854.288021423498,-2824.814033951023,-2262.997278941718,3.8505784969709698,-3.525084434780512,-5.541192570480577,0.007158816280564549,0.0034575586701991973,0.002779342947482482,-19.4415333473767,158.94611248373332,507.05064401365286,6888.276059860808,0.0011665822717149509,53.02811772973672,10.564885053488085,251.73366376230197,312.56767859058976
15 Jul 2026 07:37:00.000000000,-5610.538135016994,-3029.946411778517,-2590.2288071485086,4.271446286185172,-3.3101600052229,-5.3625336182257035,0.00685996420165326,0.0037081164387477022,0.0031804271995041974,-22.36476091581506,161.3143819904425,507.37958365953165,6887.628832706924,0.001146837320069275,53.026086013857146,10.563633281314806,257.103310187848,311.00135386369266
15 Jul 2026 07:38:00.000000000,-5342.092082084375,-3221.7417772718445,-2906.026858171755,4.673482156058068,-3.0806816166160136,-5.160218655812393,0.006530818964324904,0.003942238701404976,0.003567348498927548,-25.242891522105836,163.79324299075148,507.7732672914347,6886.922133819879,0.0011171624795392274,53.02386712860806,10.562029175282444,262.6308896143731,309.2775569464206
15 Jul 2026 07:39:00.000000000,-5050.133456856841,-3399.3570895435455,-3208.9985793808164,5.0549119887018765,-2.837666135765528,-4.935148462426801,0.006172876387124167,0.004158897264815078,0.003938390567539092,-28.067169042416282,166.40228685077886,508.2210417579449,6886.168426079854,0.0010784156762987881,53.02149997041603,10.560044747413556,268.3138669168352,307.39882479925524
15 Jul 2026 07:40:00.000000000,-4735.949533881553,-3562.0121237781773,-3497.808210531109,5.4140551945935975,-2.58218969229175,-4.688324525594975,0.0057877588771426385,0.004357146941488089,0.004291915281900874,-30.82766771807559,169.1628121730745,508.7114377765468,6885.381003880992,0.0010315258340834249,53.01902606532504,10.557658701815331,274.1507538491939,305.36664333291964
15 Jul 2026 07:41:00.000000000,-4400.925433323297,-3708.992875404934,-3771.1829818083293,5.749332038430489,-2.3153825869733997,-4.4208441391259905,0.005377206221444054,0.004536129217709602,0.0046263697660220374,-33.513059871199545,172.09787509783183,509.2323910786419,6884.5737572180315,0.0009774633723153565,53.01648883789654,10.554856814731064,280.14043861040534,303.18211772996455
15 Jul 2026 07:42:00.000000000,-4046.5378634072035,-3839.654652435409,-4027.918705318462,6.0592704006956195,-2.038423998232153,-4.133895096550566,0.004943066000101609,0.00469507530617218,0.004940292767985394,-36.110362223642156,175.2321877400052,509.7714724938658,6883.760925418569,0.0009172100883272735,53.013932845853496,10.551632189934914,286.2815594093106,300.8465988261587
15 Jul 2026 07:43:00.000000000,-3674.3484745070123,-3953.4248449527286,-4266.885036998327,6.342511955838989,-1.7525365231502528,-3.8287500232248686,0.00448728374209567,0.004833308602984717,0.0052323203161908985,-38.60467148216439,178.59177404376192,510.31612266733833,6882.956844967213,0.0008517292547954366,53.01140299398833,10.54798538475655,292.5718912583721,298.36229632348324
15 Jul 2026 07:44:00.000000000,-3285.9968603231277,-4049.8053628900084,-4487.030388521009,6.597817755010962,-1.458980587918421,-3.5067603900613906,0.00401189293704406,0.004950246579742746,0.005501190667345136,-40.978910781942304,-177.79674097671068,510.8538871093864,6882.175695942571,0.0007819369514549236,53.008943741252594,10.543924404351241,299.00772987425074,295.7328949575114
15 Jul 2026 07:45:00.000000000,-2883.1932421301794,-4128.374735273813,-4687.386471333627,6.8240732077122175,-1.1590487605354307,-3.1693502507196287,0.0035190050021429815,0.00504540214789352,0.00574574857032913,-43.21362486652192,-173.90736470625845,511.37264736597564,6881.431251580045,0.0007086758264411238,53.006598315094095,10.539464564137878,305.5832659289078,292.96418037524836
15 Jul 2026 07:46:00.000000000,-2467.710872242513,-4188.7898660084775,-4867.072457435827,7.020292462368484,-0.8540599960349725,-2.818009742152849,0.0030107992929705183,0.005118384543238198,0.005964948886721313,-45.2868840222256,-169.71666482571558,511.86084425999934,6880.736635382824,0.0006326926260315994,53.00440794700345,10.534628222689559,312.2899426652508,290.06468170812684
15 Jul 2026 07:47:00.000000000,-2041.3781926952342,-4230.787443013072,-5025.298743845145,7.185622190556156,-0.545353841633068,-2.454288385797096,0.002489513226882299,0.005168899779294179,0.006157859614864987,-47.17438301204175,-165.2065340107878,512.3076893805146,6880.104090036831,0.0005546209076475375,53.002411142877854,10.529444389683867,319.1157662768919,287.046361438309
15 Jul 2026 07:48:00.000000000,-1606.0707847297347,-4254.184999076674,-5161.37030985935,7.319344783288904,-0.23428462611708745,-2.0797882235702745,0.001957432571367167,0.005196750721284216,0.0063236643724375605,-48.849845105009756,-160.36781669680093,512.703361278239,6879.544762146946,0.00047497031472151823,53.00064300120862,10.523948215763376,326.04445181285024,283.9254697942237
15 Jul 2026 07:49:00.000000000,-1163.7031440781452,-4258.881624162302,-5274.689658187993,7.420880970366425,0.07778434531032412,-1.696156819406571,0.0014168819318233477,0.0052018368332084255,0.006461664397926397,-50.28584894502338,-155.20457263475816,513.0391831517808,6879.068506509003,0.0003941235976249907,52.999134591263115,10.518180373256905,333.0540106695565,280.72395760878413
15 Jul 2026 07:50:00.000000000,-716.2203163104039,-4244.85833007123,-5364.759332774702,7.489791875281073,0.38948657253510316,-1.3050801534633163,0.000870215453904896,0.00518415364568304,0.006571280129908622,-51.455165895052126,-149.738355193522,513.3077791708785,6878.683713271603,0.00031234218497877016,52.997912402374304,10.512186338702092,340.11342765951514,277.4727996459175
15 Jul 2026 07:51:00.000000000,-265.5894257253386,-4212.178069382257,-5431.184007659178,7.52578051860697,0.6994581029535367,-0.9082754326021001,0.00031980773912291556,0.00514379198790063,0.006652052421425145,-52.33260511244273,-144.01142127655376,513.503206971613,6878.397160930194,0.00022978058197328408,52.996997874191294,10.506015589853885,347.1719857491873,274.22267029704466
15 Jul 2026 07:52:00.000000000,186.20886951124297,-4160.985411428782,-5473.672142544086,7.528692782249116,1.0063432217923125,-0.50748383744604,-0.0002319550427323282,0.0050809370211929075,0.0067036434428095195,-52.89720754963012,-138.08749300593857,513.6210642679418,6878.213897643855,0.00014650955066357078,52.996407016304495,10.499720731428733,354.1106406274088,271.09256947968765
15 Jul 2026 07:53:00.000000000,637.1889640288485,-4091.505878787117,-5492.037201857471,7.4985178455308485,1.3088000792735586,-0.104463223384438,-0.0007826838744395326,0.004995867101094737,0.006725837315727562,-53.13444442002769,-132.0488877648078,513.6585679467145,6878.137152875819,6.255294109119196e-05,52.9961501240651,10.493356565117997,0.2940019629574522,268.717841872764
15 Jul 2026 07:54:00.000000000,1085.3689022861556,-4004.044948374129,-5486.198435054043,7.435388102013873,1.605506244915037,0.299019209384355,-0.0013299954845745665,0.004888952486924208,0.006718540513051823,-53.037946292623374,-125.98972962386355,513.6146044462084,6878.1682808437845,2.2249718046445006e-05,52.99623159569978,10.486979120409197,194.43908089654983,78.38142993526209
15 Jul 2026 07:55:00.000000000,1528.778955185197,-3898.986721777547,-5456.181216743434,7.339578563361674,1.895164180178411,0.7011942635291583,-0.0018715208594248807,0.004760653907379634,0.006681782047071233,-52.61031499839329,-120.00633643009962,513.489750657137,6878.306736731052,0.00010756494056748836,52.99664985400893,10.480644663452207,197.53999271513078,79.08917175352727
15 Jul 2026 07:56:00.000000000,1965.4701455789454,-3776.792269983622,-5402.116945967652,7.211505753699459,2.176506620740488,1.1002980975130547,-0.0024049137222574074,0.004611520979848507,0.006615713454893609,-51.86278768808286,-114.18705486791869,513.2862650269842,6878.550086060763,0.00019359338403740736,52.997397374062814,10.474408701647503,204.16684468564273,76.27091373120913
15 Jul 2026 07:57:00.000000000,2393.5226922457928,-3637.9976581744336,-5324.242504676709,7.051726095009559,2.448301859332407,1.4945795715869856,-0.0029278590246298915,0.0044421904665626144,0.006520608569785138,-50.813850018671054,-108.60406084515668,513.0080489923931,6878.894047082826,0.00028014650267493943,52.998460816410976,10.468325001665784,210.99599371042757,73.25025345213139
15 Jul 2026 07:58:00.000000000,2811.0543417761974,-3483.21165684759,-5222.899276179881,6.860933781367307,2.7093589190495275,1.8823075739510986,-0.0034380815121163935,0.004253384376724971,0.006396863105281732,-49.48717575220554,-103.30879150878927,512.6605793076274,6879.332565470857,0.0003669855854638414,52.99982126342855,10.462444638415377,217.80725774346107,70.24732876874447
15 Jul 2026 07:59:00.000000000,3216.2285577041475,-3313.1131461214695,-5098.531725121633,6.639958137435259,2.9585326055827195,2.2617783128634263,-0.003933354342518876,0.004045907798668851,0.006244993895029645,-47.90937896782931,-98.33127880503771,512.2508122781358,6879.857920084002,0.0004537530008986099,53.00145455457442,10.456815091852825,224.5379562757991,67.32477780084628
15 Jul 2026 08:00:00.000000000,3607.2625356351496,-3128.4482209253347,-4951.685541493834,6.3897604549904035,3.194728424744458,2.631322558125063,-0.004411507872303503,0.003820646568648167,0.006065637955300928,-46.10799115956787,-93.6824952527412,511.78706134531575,6880.460858021346,0.0005399605737928018,53.00333171456584,10.4514794077608,231.1596662620083,64.51098346401348
15 Jul 2026 08:01:00.000000000,3982.435013039386,-2930.027005529173,-4783.005352172253,6.111430300135189,3.4169073496227753,2.989312812970307,-0.004870438528469859,0.003578564596686497,0.005859551115109979,-44.10990097798816,-89.35833673075169,511.2788498971411,6881.130756693815,0.0006249879302055832,53.005419466811915,10.446475437374833,237.65662568736371,61.82167032284739
15 Jul 2026 08:02:00.000000000,4340.093841614991,-2718.720186994359,-4593.232004772836,5.80618128391135,3.6240904190735455,3.334170393914469,-0.005308117812555349,0.0033207008911038576,0.005627606279301917,-41.94031830973408,-85.34399519770045,510.7367415971287,6881.855810166153,0.0007080887801511767,53.00768082292581,10.441835169379653,244.01953900323676,59.26609953434606
15 Jul 2026 08:03:00.000000000,4678.663289850195,-2495.4552782423757,-4383.199430036258,5.475346289928831,3.8153631468721008,3.664372392760197,-0.005722601394306693,0.0030481662135514818,0.005370791224910176,-39.62220499437547,-81.6179023464583,510.1721509238345,6882.623236588505,0.0007884040033974162,53.010075737781584,10.43758416608777,250.24308340044547,56.849562906531204
15 Jul 2026 08:04:00.000000000,4996.651043026914,-2261.2126227684853,-4153.831090626468,5.120372154669007,3.989879718431506,3.9784584912895484,-0.006112038254583735,0.0027621393302527907,0.005090205875968981,-37.17606115728983,-78.15486705914978,509.5971369895418,6883.419503150666,0.0008649803408284045,53.012561818418376,10.433741113792587,256.32457164669216,54.57472034150629
15 Jul 2026 08:05:00.000000000,5292.654867722763,-2017.0211544870426,-3906.136026118055,4.742813799240327,4.146866949838295,4.275037595598378,-0.006474679815519006,0.002463862825801123,0.0047870589977471924,-34.61995075700817,-74.92834426747248,509.0241840510846,6884.2305646599625,0.0009367934480531141,53.01509507414424,10.430317495163193,262.2630560089092,52.4424961383434
15 Jul 2026 08:06:00.000000000,5565.368907911222,-1763.953927762106,-3641.2045060470246,4.344327815516079,4.285627982190483,4.552794253705192,-0.006808888981478774,0.002154638454615675,0.004462664259448971,-31.96966911343635,-71.91194157735653,508.46597242941067,6885.0421115736535,0.0010027741014712898,53.0176306944721,10.427317389438084,268.0586341534996,50.4527732599968
15 Jul 2026 08:07:00.000000000,5813.589580075235,-1503.1234343511533,-3360.203305189978,3.9266655147053267,4.405545682940547,4.8104948171727395,-0.007113148998177415,0.0018358220134951841,0.0041184356215199155,-29.23898156419589,-69.08033063818984,507.9351438074496,6885.839823114921,0.0010618364383342084,53.0201238410411,10.42473740380348,273.71186228398216,48.604980302892365
15 Jul 2026 08:08:00.000000000,6036.2210354130475,-1235.6767257067008,-3064.370617680362,3.4916654523398893,4.506085725289072,5.046993305196074,-0.007386072022725314,0.0015088177292310798,0.0037558820141825157,-26.43988668749274,-66.40972927536707,507.4440650686901,6886.609620975925,0.0011129072349246253,53.02253043944853,10.422566737068067,279.22322686372246,46.898619820713606
15 Jul 2026 08:09:00.000000000,6232.28015825058,-962.7903608310692,-2755.0106291305156,3.0412454502605732,4.586799316698177,5.261236928080039,-0.007626407293561273,0.0011750721690930851,0.0033766012910594096,-23.58287631806533,-63.87809276377398,507.0045949607632,6887.337919064215,0.0011549553618089299,53.02480795694204,10.42078737433141,284.5926389283767,45.33377399795823
15 Jul 2026 08:10:00.000000000,6400.9010712318495,-685.6652015939862,-2433.487768548325,2.5773941432279264,4.647325548380073,5.45227122638449,-0.007833048778133265,0.0008360676931123606,0.0029822734537196726,-20.677177646191993,-61.46511865430445,506.62785791172956,6888.011864786751,0.0011870206929161613,53.02691615219899,10.41937440905373,289.81891420738253,43.91162445515847
15 Jul 2026 08:11:00.000000000,6541.339119746221,-405.52107907624105,-2101.220664462126,2.102162085057602,4.687393339179202,5.619244782346342,-0.008005042176413743,0.0004933154810053251,0.0025746531613617288,-17.730971085454463,-59.1521388060091,506.32402928297546,6888.619567489045,0.0012082418846546031,53.028817783942046,10.41829648661621,294.89919374761973,42.63503149487059
15 Jul 2026 08:12:00.000000000,6652.974310378371,-123.59135602547995,-1759.6758322404983,1.6176524564325852,4.706822949620792,5.761413461548514,-0.008141591162558678,0.00014834817972800475,0.002155561558027017,-14.751582630781694,-56.92194790743163,506.1021362072248,6889.15030987595,0.00121788258874535,53.03047926589914,10.417516361399167,299.82824341769043,41.509234413117476
15 Jul 2026 08:13:00.000000000,6735.3141809228855,158.88258811726567,-1410.361122042772,1.126011423538657,4.705527044998774,5.878144145221534,-0.008242062750168394,-0.00019728777080103727,0.0017268774656298404,-11.745652234874138,-54.75859989222715,505.96987793012676,6889.594738534057,0.0012153558323608471,53.03187125659392,10.41699155731847,304.5975428591311,40.54276231401917
15 Jul 2026 08:14:00.000000000,6787.996082665493,440.65692200979123,-1054.8189591089629,0.6294182031505058,4.683511290177216,5.968917917005606,-0.008305991679458108,-0.0005420400649661494,0.0012905280090171553,-8.719281150659022,-52.64719118475007,505.93346924966534,6889.945030048464,0.0012002465179380569,53.032969173635244,10.416675120007792,309.19402711819026,39.74869219880274
15 Jul 2026 08:15:00.000000000,6810.788859159092,720.4909484944187,-694.6194101292305,0.13007489554524015,4.640874463183361,6.033332672413531,-0.008333083737881268,-0.0008843586336966979,0.0008484787542009499,-5.67816179586604,-50.57364132977376,505.99751023367367,6890.195029653309,0.0011723323106542804,53.033753623534395,10.416516447192945,313.59826197271497,39.14647332018649
15 Jul 2026 08:16:00.000000000,6803.593909562754,997.1526828280412,-331.3531111705783,-0.3698038485816774,4.577808079572822,6.071105124519462,-0.008323217943933878,-0.0012227038366782385,0.0004027234546481294,-2.6276938651867763,-48.52447609552093,506.16488489885995,6890.34035986629,0.0011316036858666407,53.03421073959546,10.41646218249872,317.78168718548943,38.76468357693818
15 Jul 2026 08:17:00.000000000,6766.445628703519,1269.42439358042,33.37590596544828,-0.8680012573383503,4.494595524811369,6.082072185424837,-0.008276447541196805,-0.001555554654277886,-4.4726488803986306e-05,0.42690962417756345,-46.48661468291005,506.4366909665444,6890.378497123019,0.0010782847871054011,53.03433242206713,10.416457156806636,321.70229132553175,38.645354313741635
15 Jul 2026 08:18:00.000000000,6699.5112202928,1536.1080767233402,397.9574510621028,-1.3623088907095453,4.391610697402039,6.06619170966259,-0.008192999776004128,-0.0018814167871348043,-0.0004918527399498118,3.480522779626445,-44.44716057846638,506.81220218451693,6890.308815034561,0.0010128583925382627,53.03411647648344,10.416445360472256,325.2975646220486,38.85101706867373
15 Jul 2026 08:19:00.000000000,6603.089884100597,1796.0308337755741,760.782437982883,-1.8505370441279267,4.269316171030011,6.023542592713809,-0.008073274450478217,-0.0021988305710852,-0.0009366407921953077,6.528010305256745,-42.393194424224674,507.28886403766484,6890.132593526959,0.0009361015935952221,53.03356664792756,10.41637092928585,328.4725482212471,39.476653905344854
15 Jul 2026 08:20:00.000000000,6477.611382286021,2048.050125515527,1120.2501336573896,-2.330525029505206,4.128260889447327,5.9543242250311685,-0.00791784126937611,-0.0025063786185305576,-0.0013770906654624047,9.564130591216529,-40.31156679036883,507.8623229810984,6889.8529937718995,0.0008491458721248017,53.03269255079002,10.416179126722849,331.07867120998014,40.670859973092426
15 Jul 2026 08:21:00.000000000,6323.633994407685,2291.0588737759526,1474.775355117625,-2.8001512624211555,3.9690774130109485,5.858855309186687,-0.0077274360210601275,-0.002802693102690523,-0.0018112274157998146,12.583435009813869,-38.188688813232524,508.5264886378428,6889.474999466526,0.0007535914635514117,53.031509495433426,10.415817305298718,332.8745142795192,42.67507942928196
15 Jul 2026 08:22:00.000000000,6141.841874823658,2523.990385103156,1822.7955768146244,-3.2573430872293954,3.792478740582367,5.737572054784073,-0.007502955654299528,-0.0030864626090039756,-0.0022371113435394455,15.580159944926253,-36.01031931765406,509.2736277280706,6889.005325653476,0.0006517453748729028,53.030038214982355,10.415235830119705,333.44981298403667,45.899601776335956
15 Jul 2026 08:23:00.000000000,5933.0418301471545,2745.823071632926,2162.777911522651,-3.7000862761716475,3.599254734749417,5.59102577240031,-0.007245452332590206,-0.003356438487733658,-0.0026528477937708675,18.548107980303623,-33.76134842248445,510.09448785801163,6888.452296876276,0.0005471533343469452,53.02830449720158,10.414388948540852,332.07462465212893,51.07439456210149
15 Jul 2026 08:24:00.000000000,5698.159538098246,2955.5849463107584,2493.2259295899084,-4.1264341440145555,3.3902681819452316,5.419879893866651,-0.006956126566853129,-0.003611440654506741,-0.003056596454836924,21.480514582196204,-31.42558002312781,510.97844871045845,6887.825697025766,0.00044584809242155933,53.02633872807633,10.41323559068854,327.41751445438587,59.53091694708004
15 Jul 2026 08:25:00.000000000,5438.235232397988,3152.3578715908066,2812.686283089827,-4.534516226108196,3.1664505218959325,5.224906451502794,-0.006636319536506192,-0.003850362796575147,-0.0034465800727869122,24.36989662247899,-28.985519429302595,511.91369766017925,6887.136593739698,0.0003591608294443891,53.02417535523746,10.411740087021462,317.2407336815947,73.50694108998732
15 Jul 2026 08:26:00.000000000,5154.418881269314,3335.28154286565,3119.75510350854,-4.922546474851111,2.928797282897654,5.006982053348345,-0.0062875047244261364,-0.004072176958263991,-0.0038210925163940316,27.207879355653834,-26.422178509223567,512.8874263985443,6886.397140659137,0.0003076079096166138,53.02185228075538,10.409872790454083,299.5282415814308,95.01853000922027
15 Jul 2026 08:27:00.000000000,4847.964889578635,3503.5571901184007,3413.084143925475,-5.288830937147389,2.678363260642929,4.767083394890065,-0.005911278994736931,-0.004275937492472864,-0.004178506144098475,29.984999245067865,-23.714919911970426,513.8860448001957,6885.620361216249,0.0003139218938800671,53.01941019403663,10.407610592324502,277.9575033837971,120.38823929481264
15 Jul 2026 08:28:00.000000000,4520.226356663959,3656.450983564639,3691.38663914206,-5.631774883288996,2.4162574786972106,4.506282350195554,-0.005509353244103361,-0.004460784378335189,-0.004517278441086462,32.69048174239536,-20.84137550725737,514.8954080055856,6884.819917919776,0.00037648434482116507,53.01689185657709,10.404937323328724,261.3123526722586,140.83225451740958
15 Jul 2026 08:29:00.000000000,4172.648923433355,3793.2971313326884,3953.4428598251584,-5.949889365552923,2.143637968282166,4.225740686707833,-0.005083542756753067,-0.004625945919413784,-0.004835957913475621,35.311996387730055,-17.77749336940759,515.9010525279367,6884.009871316576,0.0004723895095870079,53.01434135113699,10.401844032623917,252.01676232238026,153.92662011658146
15 Jul 2026 08:30:00.000000000,3806.764243396924,3913.500659452205,4198.105339396499,-6.241797192416824,1.861706403821308,3.9267044482391738,-0.004635757387282335,-0.0047707408489537926,-0.0051331892440251315,37.8353973140658,-14.497793292270888,516.8884371196112,6883.204432937455,0.0005828492763896082,53.01180330849465,10.39832914039016,247.77837931293527,161.96370446476007
15 Jul 2026 08:31:00.000000000,3424.1831129294196,4016.539866553465,4424.303755053475,-6.506238311445577,1.5717026288157758,3.6104980499755692,-0.004167991683976161,-0.004894579877954221,-0.00540771772874343,40.24446657624727,-10.975942257487688,517.8431841461979,6882.417716583924,0.0006974663630543305,53.00932212529865,10.394398461348676,246.49520114722785,167.04552337089248
15 Jul 2026 08:32:00.000000000,3026.5882962855885,4101.968447680987,4631.04944689094,-6.742074600373419,1.2748991041495095,3.2785181276512376,-0.0036823150549355286,-0.004996966732405051,-0.005658393030068613,42.52069194497737,-7.185794070567347,518.751317309724,6881.6634922830735,0.0008104040157670033,53.006941186664314,10.390065098998104,246.94940857880604,170.3899073299297
15 Jul 2026 08:33:00.000000000,2615.7270807497075,4169.417283462843,4817.439561558217,-6.948294071526286,0.9725953079955061,2.9322271805894164,-0.003180862061644965,-0.005077498730768694,-0.005884172293004765,44.6431307307777,-3.1030598496260313,519.5994917265997,6880.954947134027,0.0009179430121316003,53.00470210705327,10.38534921258615,248.4713528290798,172.66651433010153
15 Jul 2026 08:34:00.000000000,2193.403596855077,4218.595892525436,4982.660809182957,-7.124014499352032,0.6661121132523775,2.573147045177185,-0.0026658229087072683,-0.005135866958323119,-0.006084122681684106,46.588436001055236,1.2922351763796642,520.3752125912588,6880.3044570964075,0.001017415674250479,53.00264400263404,10.38027766100591,250.68014999723675,174.25623551612927
15 Jul 2026 08:35:00.000000000,1761.470937913709,4249.293546494923,5125.992824388787,-7.268486484357942,0.3567861650174991,2.2028522317134143,-0.0021394341783238825,-0.00517185609536526,-0.0062574233993516835,48.33114665180944,6.012435744632445,521.06703893305,6879.723373536703,0.0011067550922285838,53.000802807753395,10.374883529946748,253.3477129259179,175.38716344257398
15 Jul 2026 08:36:00.000000000,1321.8231122246034,4261.380048168992,5246.811124101057,-7.381095969136091,0.04596427715734395,1.822963153621451,-0.0016039698400558953,-0.00518534395709554,-0.006403367260265641,49.84435720941539,11.058208688685797,521.6647692916382,6879.221828057396,0.0011842987680115496,52.999210647366766,10.369205550615673,256.3301033902114,176.20324004657536
15 Jul 2026 08:37:00.000000000,876.3868603390015,4254.806174484744,5344.589656460061,-7.461366223382855,-0.265002136304747,1.435139273939449,-0.0010617325458370465,-0.005176300797524518,-0.006521361879838826,51.10086811349367,16.41423569349149,522.1596064855457,6878.80855879439,0.0012487009951979058,52.99789527629179,10.363287420273604,259.531774419175,176.8000145268161
15 Jul 2026 08:38:00.000000000,427.1133687443279,4229.603786752749,5418.902936539845,-7.508959314921995,-0.574762582327567,1.0410721899856534,-0.0005150452037278911,-0.005144788427594512,-0.00661093055060277,52.07484962803291,22.045566924968476,522.5442990217721,6878.490760987778,0.0012988938947719548,52.99687959497995,10.35717703643117,262.8860192595792,177.24419461434312
15 Jul 2026 08:39:00.000000000,-24.03008968519087,4185.885611303912,5469.427765714039,-7.523677082810335,-0.88197295257496,0.6424786733153778,3.375719392041369e-05,-0.005090959187036359,-0.006671712861843799,52.74391929294217,27.895930933128255,522.8132570838366,6878.273964215461,0.0013340708271088692,52.996181250169286,10.350925658099769,266.34368724870063,177.58493096317702
15 Jul 2026 08:40:00.000000000,-475.06855899318083,4123.844694227085,5495.944532431085,-7.505461626759813,-1.1853009219566513,0.24109367876232118,0.0005823355251723827,-0.0050150548031219445,-0.006703465115567974,53.0913537324802,33.88929553596016,522.962641436505,6878.1619382365625,0.0013536799480678057,52.99581232730823,10.344587008661325,269.86626176616517,177.8607394846001
15 Jul 2026 08:41:00.000000000,-924.0278186546167,4043.7535342730253,5498.338092909727,-7.454395324509047,-1.4834312759804151,-0.1613366665657617,0.0011283543248894682,-0.004917405158373311,-0.006706060579622658,53.10799975864459,39.93532468163211,522.9904239925056,6878.156628926275,0.0013574219189509361,52.99577914005022,10.338216336032753,273.42127582781325,178.1040860567937
15 Jul 2026 08:42:00.000000000,-1368.9427890847433,3945.9628983625566,5476.5982308275825,-7.37070038561262,-1.7750711617362354,-0.5630620853454515,0.0016694894590275726,-0.004798426979093927,-0.006679489607149543,52.79341626626543,45.93812674418401,522.8964191979895,6878.2581253040935,0.0013452487770860715,52.99608212044129,10.331869446394103,276.9789339812404,178.34476494227138
15 Jul 2026 08:43:00.000000000,-1807.8658966532794,3830.9003243957177,5430.819695585628,-7.254737946598076,-2.0589552579294934,-0.9623351757672575,0.0022034357474430702,-0.004658622445072162,-0.00662385963742296,52.15593120035798,51.806380704185656,522.6822858061993,6878.464658166313,0.0013173625723585385,52.996715811683515,10.325601728322956,280.5092253299204,178.61278608070407
15 Jul 2026 08:44:00.000000000,-2238.875370677369,3699.068316372595,5361.201819132554,-7.107006708786869,-2.3338508589296896,-1.3574184338645239,0.0027279145956727196,-0.004498577710079879,-0.006539395078945735,51.21159716990759,57.462324758208325,522.3514990224862,6878.772630337975,0.001274213392416092,52.997668963587,10.319467184204349,283.978968995507,178.9413299401613
15 Jul 2026 08:45:00.000000000,-2660.0834449426843,3551.042237148732,5268.047711760445,-6.928141116515854,-2.598562866969991,-1.746591265097849,0.0032406816932547505,-0.004318961313556047,-0.006426437062759398,49.982336584519246,62.84759093927148,521.9092934173963,6879.176678064788,0.001216497270617308,52.99892472905244,10.313517485833447,287.3482057814438,179.37035615711642
15 Jul 2026 08:46:00.000000000,-3069.6444359765915,3387.4679045753296,5151.76303776279,-6.718909070295503,-2.8519386850645967,-2.1281569765859785,0.003739534827285802,-0.004120522452201486,-0.006285443036472033,48.493738290621536,67.92514120682068,521.3625774167423,6879.669762574082,0.0011451555455122516,53.00046095818104,10.307801070528113,290.5651221858669,179.9516798101998
15 Jul 2026 08:47:00.000000000,-3465.7626700502474,3209.0588972203655,5012.854372376918,-6.480209166670731,-3.092873001333426,-2.500449739539377,0.004222321852711608,-0.0039040890776309107,-0.006116986164311429,46.77295116560046,72.67784757455794,520.719820588213,6880.243290354963,0.001061379007803035,53.00225058492643,10.302362293508187,293.55814466396936,180.75687742223164
15 Jul 2026 08:48:00.000000000,-3846.7002300932268,3016.593576583398,4851.927142187466,-6.213067454667474,-3.3203124528729266,-2.861841508559212,0.004686948843089558,-0.0036705657742115406,-0.005921754478499097,44.84697191001233,77.10497816763272,519.9909153506537,6880.887260243088,0.0009666236194716258,53.00426209960053,10.297240651254398,296.22265900033466,181.89056782308336
15 Jul 2026 08:49:00.000000000,-4210.784493255017,2810.911833435441,4669.68315201807,-5.918633697531274,-3.5332601547677545,-3.2107488813845646,0.005131388432644265,-0.0034209313724026004,-0.005700549725710846,42.741443583542235,81.21790691781536,519.1870151318464,6881.590434953195,0.0008626520748256551,53.006460099061314,10.292470089405532,298.3972363070977,183.51418635284958
15 Jul 2026 08:50:00.000000000,-4556.415429050338,2592.9115669074254,4466.917702461851,-5.598177128420252,-3.730780076936273,-3.5456398788756394,0.005553688343021598,-0.0031562362505202376,-0.005454285845113878,40.4799420055653,85.03601187688469,518.3203513897535,6882.340534287363,0.0007516331356511452,53.008805905061884,10.288078407231088,299.8184558438402,185.8911622044272
15 Jul 2026 08:51:00.000000000,-4882.07262740425,2363.5449060561746,4244.5163035296355,-5.253081689697346,-3.9120012486978677,-3.8650406210859476,0.005951980066547447,-0.002877599276827134,-0.00518398700811057,38.08365326552621,88.5832763217245,517.404032285261,6883.1244468664245,0.0006363756709698701,53.011258240054154,10.284086769137904,300.0300643621733,189.47775919855346
15 Jul 2026 08:52:00.000000000,-5186.32202533655,2123.8141849332533,4003.4509914764935,-4.884840747606885,-4.076121768236399,-4.1675418712156915,0.0063244876627368985,-0.0025862043504066155,-0.004890785154911864,35.57132626790756,91.88574758894923,516.451826144246,6883.928456891847,0.0005208964657197257,53.01377394873497,10.280509331748366,298.1929450332537,195.11310692975707
15 Jul 2026 08:53:00.000000000,-5467.822300632621,1874.7676836146427,3744.776257685678,-4.495051277366163,-4.222412591721357,-4.451805415291077,0.006669536603740324,-0.0022832965027999048,-0.004575916962871272,32.959396686214,94.9697947195008,515.4779331658691,6884.738482153355,0.00041185172830872585,53.01630875281777,10.27735299317258,292.7038718545076,204.40044638452417
15 Jul 2026 08:54:00.000000000,-5725.3309006710715,1617.4951492284677,3469.6246005403755,-4.085407518032838,-4.350221074828011,-4.71657024174997,0.006985562587591041,-0.001970177530997738,-0.004240720188883134,30.262203358707357,97.86101373970179,514.4967491128048,6885.5403192606145,0.0003219777977144194,53.01881802592042,10.274617268931904,280.749497589385,220.15314197628976
15 Jul 2026 08:55:00.000000000,-5957.709674701055,1353.1231126917423,3179.2017134684156,-3.6576941018024938,-4.4589742379212245,-4.960658481925223,0.007271120224520439,-0.0016482011426240894,-0.00388662933842908,27.4922432773946,100.58361299498776,513.5226249479535,6886.319891901505,0.0002745760278490976,53.02125757509083,10.272294296850205,260.1099120603619,244.591123176387
15 Jul 2026 08:56:00.000000000,-6163.9300783255785,1082.810018620238,2874.781324769977,-3.213778668525887,-4.548181725315163,-5.182981069866878,0.007524891487525814,-0.0013187676048225336,-0.0035151706246251534,24.660431810537922,103.16013134819076,512.5696265511153,6887.063497821717,0.0002911137850078642,53.02358441535656,10.270368970932962,236.93004427242263,271.5694822640214
15 Jul 2026 08:57:00.000000000,-6343.077919802873,807.7411876454522,2557.6997073916023,-2.7556039830210333,-4.617438428894276,-5.382543078178097,0.007745693808959962,-0.000983317900874753,-0.003127956194937197,21.776349564856645,105.61137449956153,511.6512987479306,6887.7580501856,0.00036028205438782266,53.02575752378,10.268819202104307,221.2275441310148,291.0705924324949
15 Jul 2026 08:58:00.000000000,-6494.357619052041,529.1236321441281,2229.3498794377524,-2.285179580007466,-4.666426747010808,-5.55844868567936,0.00793248770087949,-0.000643327412206661,-0.002726677620028847,18.84846705998459,107.95648654084953,510.7804379042768,6888.391309021134,0.00045486718558253,53.027738559833274,10.267616301375048,213.47618631523446,302.6207036930763
15 Jul 2026 08:59:00.000000000,-6617.09595196785,248.1807480834954,1891.1755188596271,-1.804572968962561,-4.694918451011711,-5.709905732846657,0.00808438377375032,-0.0003002991562655398,-0.002313098655496081,15.884344407667284,110.21310016084321,509.9688772736263,6888.952098574032,0.0005576084180224054,53.02949253946526,10.266725478936799,210.55398306821934,309.34182981756487
15 Jul 2026 09:00:00.000000000,-6710.74525481604,-33.853092718203776,1544.6646183635726,-1.3159004386629267,-4.702776133974765,-5.836229822148877,0.00820064902887051,4.424337609304258e-05,-0.0018890473044980167,12.89080664993798,112.3975287263992,509.22728912912277,6889.43050660066,0.0006600060319420386,53.03098845101424,10.26610645060013,210.35085726759772,313.34407496059816
15 Jul 2026 09:01:00.000000000,-6774.886066084032,-315.7380241801253,1191.3429090850557,-0.8213175083810368,-4.689954219228429,-5.936847922646835,0.00828071231144624,0.00038876372731451366,-0.0014564072287865017,9.874097241163467,114.52497753354656,508.56500746281785,6889.818061912615,0.0007575728726511721,53.03219980210737,10.265714141152085,211.75350188244107,315.7407738598979
15 Jul 2026 09:02:00.000000000,-6809.229186184043,-596.2342144197697,832.7670839043391,-0.32300907941405704,-4.656499509926446,-6.011301441496391,0.008324168814686422,0.0007317202571694582,-0.0010171085700703623,6.840013011004786,116.60976111897831,507.9898746934114,6890.107886847657,0.0008476190021372719,53.033105087868186,10.265499472455362,214.1721569677097,317.12171446884884
15 Jul 2026 09:03:00.000000000,-6813.617138805237,-874.1074131087503,470.5178533883582,0.17682065339275982,-4.602551265264648,-6.059248729253734,0.008330783543715109,0.0010715741272427602,-0.0005731182609790113,3.7940242497178396,118.66551986080803,507.5081153946835,6890.294821774198,0.000928370874872251,53.03368817210573,10.265410222602354,217.2779094882449,317.8158377353423
15 Jul 2026 09:04:00.000000000,-6788.025021441354,-1148.134489024498,106.19286916920558,0.6759584654158155,-4.528340793752141,-6.080466991020117,0.00830049366510234,0.0014067974020505313,-0.00012642991825099483,0.7413835847452135,120.70543316407874,507.12423954817496,6890.375519234052,0.0009986064971817582,53.0339385746623,10.265391941205557,220.87715006282392,318.0167804428696
15 Jul 2026 09:05:00.000000000,-6732.560736619944,-1417.1089286647984,-258.6004489340323,1.1721924726491448,-4.434190559151535,-6.0748535813568125,0.008233409685277875,0.001735881177652723,0.0003209465785097729,-2.312772767809782,122.74242904532508,506.8409772461902,6890.348505880506,0.0010574917096669884,53.03385165972283,10.265388904815513,224.85054227845458,317.8439054706037
15 Jul 2026 09:06:00.000000000,-6647.46459955674,-1679.8462666943526,-622.2521446161063,1.6633225373591543,-4.320512800140518,-6.042426667392458,0.008129815423012932,0.002057343645836366,0.0007669957100173253,-5.363327896188848,124.78939139604293,506.6592461397188,6890.21421096442,0.0011044994120371807,53.0334287216141,10.26534509578707,229.12182591531,317.37349813927864
15 Jul 2026 09:07:00.000000000,-6533.108322280485,-1935.1894192071006,-983.1569774450223,2.147170636254196,-4.187807670264904,-5.983325251456496,0.007990166767174631,0.0023697380024606317,0.0012097070247475453,-8.405087818214257,126.8593669255451,506.5781522570356,6889.97496074795,0.0011393645554443217,53.032676966413284,10.265205187402483,233.6409820336482,316.65560069888494
15 Jul 2026 09:08:00.000000000,-6389.993378635267,-2182.0138913463493,-1339.7216574056451,2.6215911184458056,-4.036660910193356,-5.897808551711206,0.007815089229712873,0.0026716601105709974,0.001647085811041374,-11.432682435931188,128.9657739172004,506.595024130929,6889.634938869004,0.0011620546399721593,53.03160938951316,10.264915517954963,238.37467235282793,315.72357253548165
15 Jul 2026 09:09:00.000000000,-6218.748758891197,-2419.232831691054,-1690.372023268849,3.0844807818784044,-3.867741069493375,-5.786254746417992,0.007605374329308584,0.0029617558342036054,0.002077163615121093,-14.440460362874965,131.12261450634261,506.7054794859208,6889.200113325789,0.0011727464261819598,53.03024455112345,10.26442503658332,243.30054795881594,314.5997810680496
15 Jul 2026 09:10:00.000000000,-6020.128126891859,-2645.801907001793,-2033.5601269628412,3.533788699652737,-3.681796299974279,-5.649159094460656,0.00736197486362186,0.0032387279669463752,0.0024980084916654062,-17.4223740640712,133.3446911047587,506.90352306957135,6888.678131384313,0.0011718043895189488,53.02860625349274,10.263686204193183,248.40370659571042,313.29914408694646
15 Jul 2026 09:11:00.000000000,-5795.006396670428,-2860.7239723638863,-2367.771187069326,3.9675257316559263,-3.4796507469602322,-5.487131451361173,0.007085999144613503,0.003501342687742294,0.002907734880501699,-20.371851634380803,135.64782561711786,507.1816735844197,6888.07818431906,0.0011597587249687511,53.026723125379085,10.262655833461263,253.6743855595548,311.8314365224458
15 Jul 2026 09:12:00.000000000,-5544.375749195155,-3063.0535134665693,-2691.53037589029,4.383773662016364,-3.262200568542236,-5.3008932060829395,0.0067787042912199665,0.0037484354884840944,0.0033045130141452924,-23.281651487846585,138.0490768098824,507.5311171041885,6887.410844464072,0.0011372818707770646,53.024628120950574,10.261295853018911,259.1063830992304,310.20286874485134
15 Jul 2026 09:13:00.000000000,-5269.341113307518,-3251.9008396485146,-3003.4094061978058,4.780693908935586,-3.030409615830494,-5.091273669261712,0.006441488687636478,0.003978916530837753,0.0036865777742857843,-26.143696368447987,140.56694598066636,507.9418838554014,6886.687877566436,0.0011051631644008449,53.02235794182921,10.259573982168853,264.69591429486206,308.41723043143793
15 Jul 2026 09:14:00.000000000,-4971.115137930069,-3426.4360084005766,-3302.0328857464115,5.156535760224409,-2.7853048094107833,-4.859205948001124,0.006075883724131444,0.004191775402472772,0.00405223692996601,-28.948883639198197,143.22155305681338,508.4030448234997,6885.922033885565,0.001064281640496664,53.01995239237406,10.257464304098592,270.4407240167284,306.47677740224
15 Jul 2026 09:15:00.000000000,-4651.012685221807,-3585.8924641713033,-3586.0844098384987,5.509644095138807,-2.5279712485826953,-4.605722345918036,0.0056835449433890115,0.004386085256046878,0.004399878705933791,-31.68687011591656,146.03475328042572,508.9029243099318,6885.12682186222,0.001015577258177894,53.017453679506716,10.25494772725286,276.3393462949899,304.3829720986064
15 Jul 2026 09:16:00.000000000,-4310.444876509213,-3729.5703765481608,-3854.3123646299755,5.83846656064702,-2.2595470904992068,-4.33194932965905,0.00526624272189752,0.00456100633064854,0.004727978649547094,-34.34583233536847,149.03014739614557,509.4293243266215,6884.316268482017,0.0009600210674572543,53.01490566939363,10.25201232656911,282.3904397239029,302.13714808420576
15 Jul 2026 09:17:00.000000000,-3950.912724522704,-3856.8396651117155,-4105.535416390327,6.141560177805676,-1.9812182360821184,-4.039102104603108,0.004825852607156358,0.004715788864022337,0.005035105777888588,-36.91220789633381,152.23291460841577,509.9697565688181,6883.504670677903,0.0008985850260523423,53.012353114093436,10.248653558318267,288.5921545790117,299.74114289243744
15 Jul 2026 09:18:00.000000000,-3574.0003867159794,-3967.1427004580705,-4338.647664517967,6.41759736124383,-1.6942128585911578,-3.728478842933374,0.004364345432170998,0.004849775419594569,0.005319928007365549,-39.37043148831662,155.6693674210356,510.51167765316245,6882.706342249142,0.0008322123720523543,53.00984086183944,10.244874344598736,294.9415053946751,297.1979254743506
15 Jul 2026 09:19:00.000000000,-3181.368075270418,-4059.9966729934686,-4552.62343870385,6.665371341616343,-1.3997958090780016,-3.4014546067533793,0.003883777315865492,0.004962402660728994,0.005581216882039161,-41.702691727933704,159.36609354015,511.04272334105315,6881.935360823943,0.0007617896463459302,53.00741306494664,10.240685025792708,301.43373511132023,294.5122321381202
15 Jul 2026 09:20:00.000000000,-2774.744659805622,-4134.995623104027,-4746.521723175671,6.883800987097335,-1.0992629307442627,-3.0594750075222925,0.0033862796451871995,0.005053202611688754,0.0058178516293922854,-43.88875307713985,163.34852096767864,511.5509375796544,6881.205319356994,0.0006881216283361384,53.005112399402265,10.236103181677633,308.06166196118886,291.6912198107641
15 Jul 2026 09:21:00.000000000,-2355.919998894215,-4191.81212814934,-4919.490193385285,7.071935025356031,-0.7939353115904263,-2.7040496409213794,0.0028740491222228205,0.00512180345391757,0.006028822587304923,-45.905910909270986,167.63873721543789,512.024992376788,6880.529086539641,0.0006119105729382,53.002979310014894,10.231153324204417,314.8149899104952,288.74515580257065
15 Jul 2026 09:22:00.000000000,-1926.7370362467811,-4230.198643410178,-5070.768852787904,7.228955671870609,-0.48515350180647376,-2.3367453334739556,0.002349337940051404,0.005167929907013435,0.0062132340517067905,-47.72917426527604,172.25244553121854,512.454394770713,6879.918580309518,0.0005337411763421324,53.00105129456478,10.225866467269125,321.67951458797774,285.6882121416731
15 Jul 2026 09:23:00.000000000,-1489.0836969673662,-4249.988495616286,-5199.69325946246,7.354181673790446,-0.17427171927495577,-1.9591792340022582,0.0018144441341706107,0.005191403246321112,0.0063703066018749276,-49.33179146137583,177.1950960104417,512.8296774523766,6879.384558387871,0.00045407260604103493,52.999362239721975,10.22027958100926,328.63600153714253,282.5395876379283
15 Jul 2026 09:24:00.000000000,-1044.884618643466,-4251.096528988904,-5305.697334217119,7.447070780813041,0.13734793652263014,-1.5730117794975513,0.001271702138160116,0.00519214100821413,0.006499378963681276,-50.68623201147881,-177.54247198694452,513.1425699357916,6878.936429450592,0.0003732386666829151,52.99794182059081,10.214434940222983,335.6580251723571,279.3256692914789
15 Jul 2026 09:25:00.000000000,-596.0927512882848,-4233.519404858994,-5388.315743502098,7.507221655706288,0.44834124484655463,-1.179939561389673,0.0007234735534578489,0.0051701564295540065,0.0065999094694904285,-51.765691231455,-171.9881073136772,513.3861475434408,6878.582088162149,0.00029145673292644013,52.996814974616576,10.208379378405573,342.706301938656,276.0856995408695
15 Jul 2026 09:26:00.000000000,-144.68085936788808,-4197.335556878614,-5447.18585191003,7.5343752372274135,0.757347583607593,-0.7816881147243104,0.00017213812720778937,0.005125557662931363,0.00667147717097878,-52.54607179960477,-166.1909346584955,513.5549558693142,6878.327776876577,0.00020884559073153792,52.99600145927135,10.2021634606373,349.7089830771414,272.89148394281045
15 Jul 2026 09:27:00.000000000,307.36704161284734,-4142.704804647724,-5482.049240296275,7.528415567368058,1.0630155964355337,-0.38000464956491453,-0.00037991508282466513,0.0050585468019163846,0.006713782654877138,-53.008224698405535,-160.22106612008562,513.6451087962951,6878.17797634483,0.00012545281222452526,52.99551550144413,10.195840589985963,356.4606195524589,269.9484267204322
15 Jul 2026 09:28:00.000000000,758.0642821983818,-4069.8676292590767,-5492.752786619644,7.489370093226893,1.3640087963024679,0.02334925882507774,-0.0009302963893311298,0.004969418741545623,0.00672664860280133,-53.140052969133876,-154.16546091679749,513.6543585710481,6878.135327269985,4.1316431720608856e-05,52.99536554482511,10.189466063300278,1.2690841685238545,268.9486091468138
15 Jul 2026 09:29:00.000000000,1205.4301384796158,-3979.144114864411,-5479.249307514889,7.417409451555907,1.6590110962835072,0.4266050065647707,-0.0014766240443133774,0.004858559888963391,0.006710020124739094,-52.93799214263906,-148.12005634060432,513.5821368745733,6878.200584030027,4.3827692307473175e-05,52.99555409982102,10.183096093195344,195.43692478687294,78.58943684141666
15 Jul 2026 09:30:00.000000000,1647.4984032773436,-3870.932560881953,-5441.597759415804,7.312846741329742,1.9467322587523104,0.8279943116290873,-0.00201653274315093,0.004726446730567882,0.0066639648858264925,-52.40746901778005,-142.17969917338192,513.4295662665569,6878.372601347051,0.00012954005060736244,52.996077698704156,10.176786813650521,200.33060684754435,77.50439777234209
15 Jul 2026 09:31:00.000000000,2082.3258983716732,-3745.7077700035316,-5379.962998771979,7.176136286792702,2.2259132542095137,1.2257565659005805,-0.0025476821124441216,0.00457364424916752,0.006588673029391547,-51.562206756255776,-136.42835182488096,513.1994418245378,6878.648354131993,0.00021598994795002494,52.99692695681171,10.170593286915846,206.9322007901033,74.71137535817512
15 Jul 2026 09:32:00.000000000,2508.0008973049107,-3604.01901768223,-5294.615101625295,7.007871890550762,2.4953315204229773,1.61814617648058,-0.003067765228551171,0.004400804177589684,0.006484456889474601,-50.422574785860995,-130.93192532703333,512.8961832425846,6879.022990179899,0.00030297419922845,52.99808673871109,10.164568529434407,213.7011031359113,71.75092790059388
15 Jul 2026 09:33:00.000000000,2922.651428165724,-3446.48770936254,-5185.928243544687,6.808784573616175,2.753806111393,2.003439883039463,-0.0035745172077277605,0.0042086630646323165,0.00635175047070489,-49.01341685220322,-125.73498345303204,512.5257580971308,6879.489914841285,0.0003902083409678246,52.999536426365495,10.158762574109005,220.448052279168,68.81227329262741
15 Jul 2026 09:34:00.000000000,3324.4534254034443,-3273.8047324214963,-5054.379141763439,6.579739797165644,3.0002027239538753,2.379944036240426,-0.004065723898769285,0.003998040121826843,0.006191108661279342,-47.361837120278516,-120.8611639406732,512.0955774276877,6880.040906256228,0.0004772843755837393,53.001250284506774,10.153221585643148,227.1128271208978,65.95559086020342
15 Jul 2026 09:35:00.000000000,3711.6386994829936,-3086.7275105329863,-4900.545062285974,6.321734159191505,3.233438587866206,2.746001820076068,-0.004539230697342412,0.0037698348146801507,0.006003206135679326,-45.49530712542034,-116.31619499380874,511.6143652147736,6880.6662592178045,0.0005636621915192915,53.00319791668184,10.147987044657398,233.6675651336431,63.20870374274853
15 Jul 2026 09:36:00.000000000,4082.5026926213914,-2886.0767691228043,-4725.101395864537,6.035891558557028,3.452487202863712,3.1000003979519026,-0.004992951486426193,0.003525024158371472,0.005788835895424123,-43.44027191020319,-112.09211893265582,511.0920037636052,6881.35495523715,0.0006486707505769228,53.00534480381764,10.143095015122581,240.09703863455655,60.58680302811138
15 Jul 2026 09:37:00.000000000,4435.411988438867,-2672.7330216319747,-4528.818808039561,5.723458819191032,3.656382903678398,3.440377959098355,-0.005424877689874688,0.003264659675768772,0.005548907389362862,-41.22127183032336,-108.17159501576975,510.53935741436305,6882.094855921453,0.0007315169095855063,53.00765291567836,10.138575508069554,246.39252572116087,58.09857718171049
15 Jul 2026 09:38:00.000000000,4768.811542924042,-2447.632787523099,-4312.559969957499,5.385800768442462,3.844225231585679,3.765630638312713,-0.0058330874079887,0.0029898639769134327,0.005284444152478387,-38.86049885405016,-104.53161060385104,509.9680773936201,6882.87291635709,0.0008113006246976473,53.01008138429009,10.134451952874954,252.54923240450333,55.7487902299453
15 Jul 2026 09:39:00.000000000,5081.231603801218,-2211.7645543301496,-4077.2758784196185,5.024394765985757,4.0151830886609226,4.074319278396789,-0.006215754587715954,0.002701826923819586,0.004996580904591479,-36.37767060511609,-101.14633966449942,509.39039098846956,6883.675414819453,0.0008870352992804454,53.012587227311776,10.13074078542967,258.5648935839388,53.5396810492407
15 Jul 2026 09:40:00.000000000,5371.294285259867,-1966.1644975453019,-3824.0017755742765,4.640824683109784,4.168498648877849,4.365076001138914,-0.0065711581603634,0.0024018013485827194,0.0046865600513046135,-33.790110151606456,-97.98915421137907,508.8188785576139,6884.488194817761,0.0009576720401297445,53.015126108450524,10.127451160434692,264.43884528855966,51.47189133222416
15 Jul 2026 09:41:00.000000000,5637.719765117579,-1711.9119737460876,-3553.8526808288825,4.236774336690928,4.3034909985234195,4.63661054947961,-0.006897691063969354,0.0020910983014580642,0.004355727537310964,-31.112942469664027,-95.03392360219354,508.2662421825619,6885.2969152337855,0.0010221266490291975,53.0176531213742,10.124584792813243,270.17131851851923,49.54517189528425
15 Jul 2026 09:42:00.000000000,5879.3320718994455,-1450.1248040580956,-3268.0185499032013,3.81402038754153,4.419559477284657,4.8877163607787635,-0.007193869054455261,0.0017710818157633669,0.004005528012626145,-28.359344898983228,-92.25577306943664,507.7450699970179,6886.087304134678,0.0010793082817903707,53.02012358317441,10.12213593093557,275.762849982792,47.758972029438894
15 Jul 2026 09:43:00.000000000,6095.064430084158,-1181.9543667883147,-2967.7590784317053,3.3744247189912273,4.516186690877357,5.117276329041158,-0.007458339195814317,0.0014431631869084084,0.0036374992828337965,-25.540811624789697,-89.63146040322965,507.26760040420777,6886.8454117388155,0.0011281488335903402,53.022493823282865,10.120091461987103,281.2137535202462,46.112968107160306
15 Jul 2026 09:44:00.000000000,6283.964132924777,-908.5805198113572,-2654.398170109523,2.9199263183251327,4.5929411663145,5.324268212693778,-0.007689887913889405,0.0011087947761105816,0.003253266030669412,-22.667409130734082,-87.13949846998459,506.8454904899255,6887.557857992798,0.0011676322433403536,53.0247219538503,10.11843114747821,286.5236103486384,44.60757330106741
15 Jul 2026 09:45:00.000000000,6445.196913833447,-631.206375009449,-2329.3180920057894,2.4525326908600302,4.649479621899987,5.507769644164304,-0.007887448492121925,0.0007694633617649911,0.0028545328110621397,-19.748011012830524,-84.76011765170907,506.4895929555589,6888.212070282419,0.0011968230451953235,53.02676860795088,10.117127984502016,291.69073616930154,43.24447038826149
15 Jul 2026 09:46:00.000000000,6578.050789341107,-351.05294868204976,-1993.9533422851373,1.974310843737688,4.6855488258194775,5.666962698162934,-0.008050107886830088,0.0004266830747426338,0.002443076339061266,-16.790507738824985,-82.47513340788507,506.2097458231733,6888.796506950899,0.0012148936337254455,53.028597632575085,10.116148686240985,296.7115741367395,42.02721863360658
15 Jul 2026 09:47:00.000000000,6681.939349097818,-69.35371334998813,-1649.784258119678,1.4873778837401441,4.700987019750134,5.801137977266048,-0.008177112745258409,8.198796680702897e-05,0.0020207371083889834,-13.801991158363993,-80.26776192029108,506.01457899947786,6889.30086253377,0.0012211498595655786,53.03017672420262,10.115454273003472,301.57994443480925,40.96200401370401
15 Jul 2026 09:48:00.000000000,6756.404471262842,212.65092230781465,-1298.3303939757102,0.9938912803036678,4.695724887212802,5.909698176145972,-0.008267874515403435,-0.00026307572706035787,0.0015894103948229587,-10.788915859396294,-78.12241075588652,505.9113415252816,6889.716250938584,0.0012150547519689018,53.031477995793146,10.115000763186655,306.28604924473507,40.058634000613445
15 Jul 2026 09:49:00.000000000,6801.118444909203,493.71917754568483,-941.1437026628909,0.4960388512075681,4.669786050359659,5.992161089551401,-0.008321973547862793,-0.0006069575610498023,0.0011510367151185204,-7.757240577715072,-76.02446044789099,505.90575298405406,6890.035363195359,0.001196250405177886,53.032478465273186,10.114739951812233,310.8150767361319,39.33193327920449
15 Jul 2026 09:50:00.000000000,6815.885484696422,772.6134789801292,-579.8015534789208,-0.003971466085559383,4.623287083438641,6.048162033846033,-0.008339162108213512,-0.0009481110055059792,0.0007075918277797969,-4.7125533036325065,-73.96004555200658,506.0018821015183,6890.252596870892,0.001164578424508521,53.033160457010716,10.11462026269995,315.1451509290762,38.80379355583853
15 Jul 2026 09:51:00.000000000,6800.642626990916,1048.1060261233872,-215.89962341822599,-0.5039219899768932,4.556437036188939,6.077455657451145,-0.008319366232936616,-0.0012850016418947292,0.000261076373910155,-1.660183813369584,-71.91583899096173,506.20205504765215,6890.364154770419,0.001120099918046121,53.03351190932938,10.114587659187686,319.24419989623055,38.50630499568164
15 Jul 2026 09:52:00.000000000,6755.460000771181,1318.9843135292488,148.9553013070352,-1.0015957463676055,4.46953646575548,6.079917121770689,-0.008262686383628662,-0.0016161153347688032,-0.00018649473299129819,1.394692721199357,-69.87884053391076,506.5067953639285,6890.368111130134,0.0010631170710133679,53.03352658279041,10.114586597174135,323.064990215961,38.486721384484184
15 Jul 2026 09:53:00.000000000,6680.5404709691,1584.0565801533517,513.1525752921566,-1.4947869235576017,4.362975981224251,6.05554264093871,-0.008169396879083997,-0.0019399662883975233,-0.0006331030518698259,4.4469575071773715,-67.83616849404389,506.9147967980393,6890.264444122335,0.000994200350566539,53.033204165736244,10.114561003667541,326.53694890779343,38.81563779056609
15 Jul 2026 09:54:00.000000000,6576.218656292419,1842.1571569343962,875.0849568941862,-1.9813112569110352,4.237234310411678,6.0044493758334,-0.008039944104471043,-0.0022551048966122362,-0.0010767373737274074,7.491451847049888,-65.7748527981733,507.422929652088,6890.055034136941,0.0009142294979809103,53.03255027540848,10.11445526351892,329.5521353665937,39.601018217923084
15 Jul 2026 09:55:00.000000000,6442.959327958734,2092.1516843586905,1233.1558454502117,-2.4590162705444873,4.092875903930826,5.926874685049131,-0.007874943521992861,-0.0025601252979767838,-0.0015154043750097337,10.522879395160782,-63.68162727921031,508.0262805582728,6889.743627954826,0.0008244654263687356,53.03157635479687,10.114215197018453,331.9400980145038,41.01333853880198
15 Jul 2026 09:56:00.000000000,6281.355200071931,2332.9421728177504,1585.7864544748743,-2.925791305417153,3.930548096655135,5.823174742703472,-0.007675175530594581,-0.0028536725547384898,-0.0019471390466840178,13.53570352957387,-61.54271929539643,508.7182249072967,6889.33576957419,0.0007266909933192455,53.03029946720869,10.113789011145844,333.4207048952191,43.33275548846711
15 Jul 2026 09:57:00.000000000,6092.124126499988,2563.471879930113,1931.422883354494,-3.3795772666667454,3.750977851355761,5.693822539877175,-0.00744158024319838,-0.003134449382686954,-0.0023700147872183883,16.524036336190605,-59.343635643731766,509.49053048905074,6888.838699076779,0.0006235101468683226,53.02874199233894,10.113128207843832,333.51202541139577,47.04122452850009
15 Jul 2026 09:58:00.000000000,5876.105723000678,2782.729980605299,2268.543051256007,-3.8183760277028838,3.5549681133807534,5.5394052929484525,-0.007175251266986511,-0.003401222368422366,-0.0027821530561447936,19.481515597614322,-57.068945397237194,510.33349028093966,6888.261221512655,0.0005190268163030289,53.02693122934059,10.112188433399387,331.34871148788045,53.00411830276971
15 Jul 2026 09:59:00.000000000,5634.257436910734,2989.7560074812513,2595.6634585334737,-4.240259434312966,3.3433938086519817,5.360621287913092,-0.006877428593861765,-0.003652827624737484,-0.0031817324981604066,22.40116610881137,-54.70206310174205,511.2360817528452,6887.6135483266435,0.0004204377764431422,53.024898914009405,10.110930254216312,325.36577413771363,62.7864497155003
15 Jul 2026 10:00:00.000000000,5367.650089923277,3183.644041373115,2911.345742808544,-4.643377858641417,3.1171975199166795,5.158276194824497,-0.006549490713603713,-0.003888175845200063,-0.0035669974602074565,25.275241712842202,-52.22504025844223,512.1861495631679,6886.907114337239,0.00034139042870494357,53.02268065868227,10.109319845425205,313.148196658536,78.80325840968072
15 Jul 2026 10:01:00.000000000,5077.4629222609665,3363.5466335432434,3214.2029990653405,-5.025968260186273,2.8773848780205737,4.93327889062089,-0.006192946077931432,-0.004106256735425105,-0.0039362658415071795,28.09504484623697,-49.61837997287948,513.170608108255,6886.1543736982485,0.0003047238024716249,53.02031532477873,10.107329580485008,293.6406006418277,102.10994446860272
15 Jul 2026 10:02:00.000000000,4764.978168897805,3528.6784438322456,3502.9058354856147,-5.386361718652377,2.625019705971896,4.686636831738281,-0.005809424045289952,-0.004306142811289012,-0.004287936233124597,30.85072140579875,-46.860900110867064,514.1756600649165,6885.368578619896,0.0003286915412912689,53.01784433906642,10.104938511571659,272.8108637939773,126.73865034603566
15 Jul 2026 10:03:00.000000000,4431.575200352936,3678.319580973872,3776.188139292103,-5.72299041138651,2.361218953716856,4.4194510199844155,-0.005400665437560173,-0.004486992568446483,-0.004620494321489396,33.53103087021643,-43.929685519006696,515.1870268364851,6884.563544893033,0.00040307592157365357,53.01531096568734,10.102132732558376,258.4110405963294,144.9373400016005
15 Jul 2026 10:04:00.000000000,4078.7242619873978,3811.8186336705044,4032.852529505191,-6.034394015929485,2.087147460902981,4.13291060615427,-0.004968512836942904,-0.004648053040172881,-0.0049325185478033004,36.12309553988126,-40.8001910578853,516.190186677062,6883.753408446127,0.0005044741265925218,53.012759546724084,10.098905618400272,250.8253515156229,156.32180953278436
15 Jul 2026 10:05:00.000000000,3707.9798466783727,3928.595383205972,4271.775476186779,-6.319225525725529,1.8040125835119964,3.828287175825164,-0.004514900744652239,-0.004788661773118659,-0.00522268503321278,38.61213948557767,-37.446584884016474,517.1706162231851,6882.952377268173,0.0006168101054065472,53.010234724605844,10.095257936934868,247.58740947543666,163.35846059494222
15 Jul 2026 10:06:00.000000000,3320.9737362587775,4028.1431904624515,4491.912068384606,-6.576256473998139,1.5130587181985369,3.5069287607389192,-0.004041845711633168,-0.004908248259878826,-0.005489771794633337,40.98123855003791,-33.842454022118,518.1140312017252,6882.174483054417,0.0007313364597725335,53.00778065994105,10.091197831308433,246.879225737622,167.86529446133542
15 Jul 2026 10:07:00.000000000,2919.4077472216304,4110.031052161982,4692.30041554467,-6.8043815670403145,1.215561755573053,3.170253617253392,-0.0035514365372210964,-0.00500633487463361,-0.005732662289115766,43.21111873294585,-29.962025519694528,519.0066221995295,6881.433336877467,0.0008429743666087824,53.005440258416286,10.086740673506114,247.67766282904907,170.8654590879913
15 Jul 2026 10:08:00.000000000,2505.0462159578947,4173.905322934261,4872.065669574428,-7.002622733501747,0.9128234906543166,2.8197438106572608,-0.0030458246184587074,-0.005082537367352616,-0.005950348340026511,45.28006197680289,-25.7820714647488,519.8352815652145,6880.741893060655,0.0009483657249523756,53.003254420218354,10.081908791697794,249.41572276155313,172.9259609346424
15 Jul 2026 10:09:00.000000000,2079.708258266119,4219.491101405066,5030.423656980741,-7.170132600565731,0.6061660154175231,2.4569386408303444,-0.002527214509593556,-0.005136564969659376,-0.006141932500633642,47.16400401073061,-21.284637009431467,520.5878177561642,6880.1122252363,0.001045039328834987,53.00126132502239,10.076731076284338,251.76589708264876,174.37431500246265
15 Jul 2026 10:10:00.000000000,1645.2598371261179,4246.593279887796,5166.68411253001,-7.306197411096782,0.29692611493819787,2.0834279409847456,-0.001997854737709229,-0.005168220172618054,-0.006306629923434934,48.83693218156226,-16.46061559058217,521.2531537347568,6879.555318318602,0.0011310548736904922,52.99949576495169,10.071242471611912,254.52890320262438,175.40980864034802
15 Jul 2026 10:11:00.000000000,1203.6056718116665,4255.097258446622,5280.253507672598,-7.410239397876818,-0.013550314793113919,1.700845277207983,-0.0014600288974960965,-0.005177398231681104,-0.006443769802392391,50.27169863794357,-11.31395040503288,521.8215063465698,6879.080879813347,0.0012048461433293272,52.997988537066725,10.06548336232535,257.57706310517017,176.16012300915747
15 Jul 2026 10:12:00.000000000,756.6810204197008,4244.969325080651,5370.637468520748,-7.481818631929023,-0.32391381256815827,1.3108610724485383,-0.0009160470300104383,-0.005164086449813301,-0.006552796454022099,51.44133487813531,-5.8658534739201,522.2845439713433,6878.697173533351,0.0012651506618245785,52.99676590589534,10.05949886510689,260.8243801636822,176.71125647758018
15 Jul 2026 10:13:00.000000000,306.443366873872,4216.256704575433,5437.442779472368,-7.520634361711308,-0.6328168493247386,0.9151756746243973,-0.00036823727391547406,-0.00512836328737412,-0.006633270103989011,52.32086562447376,-0.15798273015468436,522.6355201165852,6878.41087839581,0.0013109785053125643,52.99584914529305,10.053338038175314,264.2099145872354,177.12414942074523
15 Jul 2026 10:14:00.000000000,-145.13595752693539,4169.087279198578,5480.378969645653,-7.526525858740539,-0.9389192679026354,0.5155123848654549,0.0001810622397269792,-0.005070397335578749,-0.006684867434485016,52.889467852990684,5.746774762704096,522.8693810175182,6878.226974553066,0.00134159917185454,52.99525416754258,10.047053022338956,267.68802307364314,177.4444448387413
15 Jul 2026 10:15:00.000000000,-596.0801887873379,4103.668984912467,5499.259480148417,-7.499472783116947,-1.2408936579500005,0.1136104587324651,0.00072951129012664,-0.004990446184214783,-0.006707381942417497,53.13263930656956,11.767079389758118,522.9828457103173,6878.1486586574,0.0013565365163642632,52.99499124608816,10.040698128566214,271.2222504260663,177.70859703237255
15 Jul 2026 10:16:00.000000000,-1044.4155527386984,4020.2888871506257,5494.002410899228,-7.4395950796245724,-1.5374306602871444,-0.2887819094430231,0.001274775318229801,-0.004888855201908069,-0.006700724144565693,53.043913059463755,17.80977302283223,522.9744574545164,6878.177289589958,0.0013555668026155494,52.99506483667892,10.03432888792953,274.7811749404837,177.9480265232124
15 Jul 2026 10:17:00.000000000,-1488.1796673555673,3919.3119405492816,5464.630846248902,-7.347152411790087,-1.8272441957304746,-0.6899146106385654,0.001814533085117909,-0.004766056238733911,-0.006664921656209088,52.62567733728258,23.779320467690887,522.8446057922553,6878.312365499921,0.001338717411093843,52.99547349999594,10.028001080447002,278.3352304967312,178.19229827752602
15 Jul 2026 10:18:00.000000000,-1925.429897402704,3801.1794372858053,5411.272759128228,-7.222543137695338,-2.1090766137280323,-1.0880426464842488,0.00234648429816104,-0.004622566247098757,-0.006600119152069839,51.88886909040706,29.587845610312467,522.595518945605,6878.5515325070955,0.0013062651216749776,52.99620992708353,10.021769759667453,281.853856058588,178.47197252283348
15 Jul 2026 10:19:00.000000000,-2354.251633893272,3666.407148992494,5334.160493848966,-7.066302827689063,-2.381703755574095,-1.4814331487874766,0.002868357265018364,-0.004458985808873651,-0.006506578207749553,50.85162931586271,35.16328701369707,522.2312266664969,6878.890624924622,0.0012587338314745645,52.99726106713398,10.015688289967812,285.3024242045403,178.82167652820553
15 Jul 2026 10:20:00.000000000,-2772.766470819385,3515.58316754977,5233.6298281183435,-6.879102320659101,-2.64393992592962,-1.8683723856085184,0.0033779166310439392,-0.004275997545446903,-0.006384677003816041,49.53728487057151,40.45400915125186,521.7574940672927,6879.323736365061,0.0011968924584339464,52.998608355406716,10.009807413241955,288.6383215981441,179.28402443289175
15 Jul 2026 10:21:00.000000000,-3179.140251235874,3349.365450517222,5110.118615337575,-6.661745312463043,-2.89464276468356,-2.2471727447257654,0.003872971246005652,-0.004074364377615338,-0.00623490985963944,47.97213292497016,45.429567331358825,521.1817273718385,6879.843320604335,0.0011217549842594304,53.00022803733679,10.004174361231662,291.80525399277315,179.91531252144503
15 Jul 2026 10:22:00.000000000,-3571.5909544998344,3168.4790774354065,4964.165008814903,-6.415165467531095,-3.132718009182942,-2.616179683296152,0.00435138219826234,-0.0038549275998973295,-0.006057886559079722,46.18343616432383,50.078472927613674,520.5128529361372,6880.440320603923,0.0010345866854688621,53.002091583226246,9.99883202888904,294.7241641129843,180.7946015981418
15 Jul 2026 10:23:00.000000000,-3948.3963955971954,2973.713224004636,4796.405270347558,-6.140423043042169,-3.3571241342043394,-2.973778629380356,0.004811071034849373,-0.00361860472127947,-0.005854331409148023,44.19786775660366,54.40430240661493,519.761171292796,6881.104323632989,0.0009369248339510113,53.00416618634522,9.993818223186112,297.2776774802553,182.03927138590282
15 Jul 2026 10:24:00.000000000,-4307.901707054905,2765.9178619007444,4607.571166527731,-5.8387010141708116,-3.5668768544524294,-3.3184018178115413,0.005250028174006954,-0.003366387028222928,-0.005625081974912139,42.04047184943784,58.421384209953395,518.9381883698097,6881.823739997857,0.0008306315744201066,53.00641533582629,9.989165000437545,299.2817532931165,183.83336983537973
15 Jul 2026 10:25:00.000000000,-4648.526573120636,2546.0001930321873,4398.48695732931,-5.511300689186646,-3.761053471449426,-3.6485350389683755,0.005666321496916674,-0.003099336821670376,-0.005371087424104116,39.73408624729676,62.15088407209486,518.0564264191975,6882.586002482334,0.0007180194627164565,53.008799454435774,9.98489810371932,300.4308435796493,186.48245412140258
15 Jul 2026 10:26:00.000000000,-4968.772185286938,2314.920828202427,4170.065982935404,-5.159636804513724,-3.938797043886405,-3.9627242750365,0.006058105086606235,-0.002818584282128252,-0.005093406413626066,37.29911951787733,65.61767430878875,517.1292175569392,6883.377783233032,0.000602149497579305,53.0112765901763,9.981036510221342,300.1858214213229,190.5256625240474
15 Jul 2026 10:27:00.000000000,-5267.227887708925,2073.6897214753485,3923.306856422083,-4.78523209232978,-4.099320357868166,-4.25958219430028,0.006423628062336153,-0.0025253239207587955,-0.004793204450792291,34.75356803147519,68.8480586713937,516.1704831569716,6884.185224499373,0.0004875649071615133,53.01380314973104,9.977592096498372,297.53824756096765,196.971447878521
15 Jul 2026 10:28:00.000000000,-5542.577480720055,1823.3618730247294,3659.2892718091057,-4.389711316872782,-4.24190967115655,-4.5377944701261805,0.006761243442266812,-0.002220810582102066,-0.004471750668706259,32.11317652029036,71.86825355042896,515.1945026488289,6884.994179362157,0.0003821540141517711,53.016334661022,9.974569427554712,290.5603898750367,207.7475581115349
15 Jul 2026 10:29:00.000000000,-5793.60515055864,1565.0328148574395,3379.1694391046462,-3.974794780254005,-4.36592820363647,-4.796125887771156,0.0070694169479561765,-0.0019063549707416354,-0.004130413959774356,29.391671454464976,74.70346306421705,514.2156755327028,6885.790458367081,0.0003013602761772318,53.018826551632465,9.971965673549404,276.14812043923865,225.9581391338159
15 Jul 2026 10:30:00.000000000,-6019.2009936332215,1299.8338955043475,3084.1751602817853,-3.5422913041437614,-4.470819344909082,-5.033426199146779,0.007346735650129038,-0.0015833186853744636,-0.003770658422557729,26.60102049095329,77.3773843927243,513.2482806363014,6886.560077824349,0.0002708905484265156,53.02123492954849,9.969770655695974,253.53375595527194,252.37089432068814
15 Jul 2026 10:31:00.000000000,-6218.366104228838,1028.9273815353974,2775.6005625962703,-3.0940907000502627,-4.5561095492556705,-5.248635683352171,0.007591916345752402,-0.0012531087556159719,-0.0033940380910204597,23.75168992274799,79.91200595180518,512.30623678571,6887.289505451207,0.00030515942664355344,53.02351735261268,9.967967020726556,231.7191275507584,277.98401456920215
15 Jul 2026 10:32:00.000000000,-6390.217195532192,753.5013955388829,2454.8005082338345,-2.6321557478667157,-4.621410888282833,-5.4407903693009825,0.007803813545646185,-0.0009171716889001434,-0.003002190928268797,20.852885115422037,82.32759417720993,511.40286913725635,6887.965899023036,0.00038416572283024266,53.025633573253636,9.966530541021555,218.54916121276113,294.95259767295994
15 Jul 2026 10:33:00.000000000,-6533.990725258138,474.7647119620209,2123.1847019158117,-2.1585137097081226,-4.666423232407606,-5.609026876212473,0.007981426947190293,-0.0005769870482705558,-0.0025968320836803494,17.91276735696153,84.64279506926935,510.5506854113569,6888.577333767106,0.0004823459749792018,53.02754624546047,9.965430535316344,212.48342058542997,304.8171052865274
15 Jul 2026 10:34:00.000000000,-6649.046499010913,193.94143388759295,1782.2115207314864,-1.6752474135591606,-4.690936033989736,-5.752586828195549,0.008123908270071766,-0.00023406059568268893,-0.0021797464311579455,14.938645637988575,86.87480088138174,509.76116617579805,6889.113014381392,0.0005855476817577994,53.02922158160152,9.964630402831343,210.51893235125385,310.58053726325767
15 Jul 2026 10:35:00.000000000,-6734.870726810869,-87.73442461193129,1433.3815930405567,-1.1844859486739185,-4.6948296873506115,-5.870820800669036,0.008230567329938947,0.00011008295257649209,-0.0017527804212704328,11.937144737451575,89.03955020094689,509.0445731402366,6889.563467790315,0.0006868042095563641,53.03062994753366,9.964088261611675,210.8778063561164,314.0208112104854
15 Jul 2026 10:36:00.000000000,-6791.078510948512,-369.02442451286805,1078.2311557452513,-0.6883950217544684,-4.6780764441062495,-5.963191758931072,0.008300877238960043,0.0004539074989258838,-0.0013178333000705865,8.91435245046619,91.1519421823238,508.40977914532544,6889.920713058153,0.0007823079372309754,53.031746385500846,9.96375768009675,212.6340006839435,316.0639970611777
15 Jul 2026 10:37:00.000000000,-6817.41574646669,-648.6912290552245,718.3252214940835,-0.18916702945318048,-4.640740866107615,-6.029277952786528,0.008334478629454882,0.0007958733964066257,-0.0008768477622662426,5.8759494356070965,93.22605413204097,507.8641231600665,6890.178405265261,0.0008697046518987408,53.03255105555521,9.963588489231432,215.2914320496853,317.20620629889896
15 Jul 2026 10:38:00.000000000,-6813.760419075202,-925.5041439853493,355.2505894043798,0.31098909152544385,-4.582979802739848,-6.068775235685817,0.008331182812469216,0.0011344454607396248,-0.00043180012203000197,2.8273253522240256,95.27535717080316,507.4132931460373,6890.331950606732,0.0009474156636715075,53.03302958763834,9.963527661030472,218.56932424700844,317.72824310586986
15 Jul 2026 10:39:00.000000000,-6780.123289119429,-1198.244642021581,-9.391265384926886,0.8098581707024115,-4.5050418842630595,-6.081498782219095,0.008290973802709628,0.0014681010770944563,1.5309902107079546e-05,-0.22631506378654656,97.31292820615154,507.06123911499947,6890.37859048824,0.0010143515718941281,53.033173338003564,9.963520238283152,222.30019200573173,317.79762008573783
15 Jul 2026 10:40:00.000000000,-6716.647954291395,-1465.7118423922698,-373.991386635329,1.305229196866596,-4.407266528149708,-6.0673841839073965,0.00821400916003699,0.0017953383116732736,0.00046246968171472343,-3.279852436135391,99.35165859070707,506.8101181107598,6890.317452961644,0.0010697806177813597,53.03297954532181,9.963510299170201,226.3796929990918,317.5187058279905
15 Jul 2026 10:41:00.000000000,-6623.610288014557,-1726.7279162713871,-736.9405787087225,1.7949057259499097,-4.290082460837492,-6.026487909873082,0.008100619619282025,0.002114683936116043,0.0009076643379340364,-6.328156242729215,101.40446104473074,506.6602722006506,6890.1495704491435,0.0011132616496018315,53.03245138356081,9.963441939913169,230.74062183817523,316.9587304839605
15 Jul 2026 10:42:00.000000000,-6501.417254776816,-1980.1433892379132,-1096.6366567482498,2.2767162308365894,-4.154005762819668,-5.958987125973084,0.007951307505648588,0.0024247012738489427,0.0013488874473834692,-9.365987966503791,103.48447694563565,506.61023988555957,6889.87786333875,0.0011446050902280962,53.03159791053488,9.963260258205677,235.33867468735045,316.1620207279748
15 Jul 2026 10:43:00.000000000,-6350.605108046858,-2224.8423125174604,-1451.4916668680494,2.7485243206386194,-3.9996374503780885,-5.865178873142994,0.007766743953962191,0.002723997780470495,0.0017841516748800027,-12.387900489282591,105.60528604633066,506.65680064797164,6889.507089679036,0.0011638458862636635,53.03043391285358,9.962912320111935,240.14425573978687,315.15819287195876
15 Jul 2026 10:44:00.000000000,-6171.836980702326,-2459.747275717866,-1799.9390381307257,3.2082387587814205,-3.8276606123725654,-5.745478612824848,0.007547764972151954,0.00301123227584683,0.0022114992155506247,-15.388130243415802,107.78112006714741,506.79505167502526,6889.0437618450005,0.0011712209822959498,53.0289796498242,9.962348093400212,245.13753659923913,313.96709309459084
15 Jul 2026 10:45:00.000000000,-5965.8998820501365,-2683.8242350085643,-2140.4406287560655,3.65382321236222,-3.6388371251953746,-5.600418154237094,0.0072953664139152885,0.003285121754548284,0.0026290119349351698,-18.36047852375625,110.02708027208658,507.0185151373834,6888.496031673367,0.001167147703017638,53.02726050065232,9.96152133079203,250.3053401849469,312.60191317514204
15 Jul 2026 10:46:00.000000000,-5733.701119447094,-2896.0871322089306,-2471.493630074702,4.083305669584198,-3.434003973147496,-5.430642984697554,0.007010697940793249,0.003544447710455355,0.0030348211042836733,-21.29817825746833,112.35935680075268,507.31927379261344,6887.8735461611595,0.001152201278948539,53.02530652100133,9.96039038745939,255.63908152312607,311.0712493751504
15 Jul 2026 10:47:00.000000000,-5476.26416616919,-3095.602281994367,-2791.637293175111,4.494787467465682,-3.214069204988566,-5.236909030056258,0.006695056071122029,0.0037880619229061848,0.0034271166390821045,-24.193742519151016,114.79544371093557,507.68813213029296,6887.187276373416,0.001127090718330485,53.0231519165907,9.958918958236298,261.13333382643094,309.3805360726578
15 Jul 2026 10:48:00.000000000,-5194.724000469605,-3281.4925063621636,-3099.4594449589217,4.886451878299278,-2.9800075601709355,-5.020078877381258,0.006349876428332967,0.004014891665781352,0.0038041557639713884,-27.038791316949318,117.35433769372973,508.114799797545,6886.449322700772,0.001092632780077004,53.020834442999046,9.957076721394813,266.7847667177428,307.533107298144
15 Jul 2026 10:49:00.000000000,-4890.321943665243,-3452.9409975743056,-3393.6027623669197,5.256572210274434,-2.732855800235721,-4.781117496244703,0.005976725308150303,0.004223944313598958,0.004164271041989775,-29.82385391700584,120.05669928806262,508.58809365000724,6885.672700038252,0.0010497241560368051,53.01839474216802,9.954839877443954,272.59130232445887,305.53104045074724
15 Jul 2026 10:50:00.000000000,-4564.400027556996,-3609.1948929699165,-3672.7707758160527,5.6035193850529845,-2.473707781991073,-4.521087498185533,0.005577290687888378,0.004414311331294603,0.004505877721786692,-32.53814562821775,122.92494192610819,509.0961544691137,6884.871106811491,0.0009993122294156896,53.01587562725069,9.9521915732676,278.5513923519797,303.3758790900582
15 Jul 2026 10:51:00.000000000,-4218.394923513915,-3749.568547253019,-3935.733575328086,5.925768962640595,-2.2037093094269053,-4.2411439761325544,0.005153372807146714,0.0045851716508282965,0.004827480376583503,-35.16932116393127,125.98319496867633,509.62667417695576,6884.058682053128,0.0009423649931957217,53.0133213283914,9.949122203908097,284.66335451153594,301.06929643140677
15 Jul 2026 10:52:00.000000000,-3853.8314671154126,-3873.4464900784715,-4181.33319538306,6.221907591400202,-1.9240528008645559,-3.942528966735391,0.004706874440492425,0.004735794446919659,0.005127678822778359,-37.70321233556406,129.25706110351146,510.16712926355956,6883.249754923612,0.0008798409140866577,53.01077671274668,9.945629586479306,290.9247298673937,298.6137379817507
15 Jul 2026 10:53:00.000000000,-3472.3158133696766,-3980.286058922741,-4408.488657124074,6.490638868253068,-1.6359718066683613,-3.6265655787021482,0.004239790979650446,0.004865541337982962,0.005405173324772427,-40.123567099514105,132.77305662900014,510.7050161157914,6882.458591178059,0.0008126597238023913,53.008286492543306,9.941719002954574,297.33163853859224,296.0130658821546
15 Jul 2026 10:54:00.000000000,-3075.5282582288537,-4069.6196993003123,-4616.200649119356,6.7307886007954085,-1.3407354110429048,-3.2946518294410767,0.00375420043031377,0.004973868046466289,0.005658769106403275,-42.41182117917421,136.55758942816243,511.2280839958386,6881.699141102701,0.0007416753060121869,53.00589443520976,9.93740311089559,303.8781205276677,293.2732181845426
15 Jul 2026 10:55:00.000000000,-2665.215762440242,-4141.056926335722,-4803.555830395668,6.941309469026186,-1.0396425491162915,-2.948254230648976,0.003252253416671504,0.005060325561650667,0.005887380203655387,-44.5469535185131,140.63530526243483,511.7245615533762,6880.984793383976,0.0006676520060248346,53.00364258960754,9.932701723532867,310.55544714815267,290.4028975900377
15 Jul 2026 10:56:00.000000000,-2243.1842137502617,-4194.28594349946,-4969.7307418458395,7.1212850894763875,-0.7340162677872857,-2.5889011611099013,0.002736163269671174,0.00512456085210574,0.0060900327028998984,-46.50550199228172,145.02664158387282,512.18337295945,6880.32813923492,0.0005912457890643735,53.00157054212614,9.927641462976439,317.35136307786706,287.41432961996946
15 Jul 2026 10:57:00.000000000,-1811.2904631801616,-4229.074915936587,-5113.995314341121,7.269933488624551,-0.4251979558474533,-2.218176062019602,0.002208196259087411,0.005166317179353874,0.006265867418425172,-48.26184168806129,149.7445073607695,512.5943400122667,6879.740750890567,0.0005129916681061859,52.99971471589499,9.9222552925644,324.2491319426526,284.32421731200174
15 Jul 2026 10:58:00.000000000,-1371.4341705709403,-4245.272897258116,-5235.7159639156325,7.386609995507779,-0.11454156580596285,-1.8377104868089007,0.00167066200979239,0.005185434063656704,0.006414142066773598,-49.788843808265,154.79020466906343,512.9483668756624,6879.2329783047735,0.00043329866810674445,52.99810772561593,9.916581936567338,331.2259964949801,281.1552813731076
15 Jul 2026 10:59:00.000000000,-925.5494939253219,-4242.810409916654,-5334.358266216791,7.470809565358491,0.1965921531899232,-1.4491770338848329,0.0011259041252251842,0.0051818469510941335,0.006534232997260714,-51.059019811013094,160.14905392030292,513.2376044605509,6878.813767541116,0.0003524532612480192,52.99677779954133,9.910665197432873,338.249829154753,277.93961001736204
15 Jul 2026 11:00:00.000000000,-475.5966563143803,-4221.699680364237,-5409.489204020836,7.522168546935183,0.5068413948160432,-1.0542821871399832,0.0005762910235051508,0.005155586628975741,0.006625636539318282,-52.046189190881876,165.78664038414914,513.4555918390697,6878.49050395748,0.0002706317351664183,52.99574827893718,9.904553182690004,345.2695965343269,274.728194860997
15 Jul 2026 11:01:00.000000000,-23.553423342342356,-4182.0345310967805,-5460.778983004516,7.540465906037479,0.8148489934356005,-0.6547590856721339,2.4206974396356334e-05,0.005106778421856052,0.0066879700119739606,-52.72757582173704,171.64699243198172,513.5973724834129,6878.268882845691,0.00018792167000284893,52.99503720399414,9.898297455162867,352.17947724770414,271.62681356854307
15 Jul 2026 11:02:00.000000000,428.59347657868017,-4123.989932459171,-5488.002412152968,7.525623916611424,1.119268068532888,-0.2523602410955869,-0.0005279566869262166,0.005035641233596416,0.006720972486978412,-53.08605541481932,177.65402359648402,513.6595835397999,6878.1528097121745,0.00010435559783723652,52.994656993609816,9.891952121630585,358.6058362638497,269.0090559832563
15 Jul 2026 11:03:00.000000000,878.8569575471088,-4047.8212177347664,-5491.039846198936,7.47770832901123,1.4187676055042282,0.15114978175798915,-0.001077810206156553,0.0049424863617526715,0.006724505217827792,-53.1121144078301,-176.28306637322882,513.6405167773646,6878.144331878711,2.010472144368123e-05,52.99461422478947,9.885572876065961,358.26971075860615,273.153838780133
15 Jul 2026 11:04:00.000000000,1325.2581759657671,-3953.8629656234,-5469.877688360177,7.396928022572641,1.7120379636336978,0.5540017068560484,-0.0016229739594371983,0.004827716255248074,0.006698551968556996,-52.805040332725625,-170.26099891282195,513.5401502886592,6878.243602554482,6.558787614648026e-05,52.99490951563155,9.879216014546351,197.618317995846,77.61389810289567
15 Jul 2026 11:05:00.000000000,1765.835094135424,-3842.527554724402,-5424.608452418792,7.283634146868054,1.9977963025741046,0.9544288991177073,-0.0021610869549789267,0.004691823059196098,0.006643219049184391,-52.173013697475675,-164.37214922435612,513.3601504595728,6878.448877986219,0.00015172807055802078,52.99553751400871,9.87293743933162,203.10317352896618,75.93767188643781
15 Jul 2026 11:06:00.000000000,2198.6509770379243,-3714.303395177966,-5355.430383903375,7.138318753097237,2.274791918412187,1.3506747144617903,-0.0026898153349411602,0.004535387033820208,0.006558735182634607,-51.23207481307513,-158.69536738107675,513.1038441696912,6878.756547740931,0.00023863170597476045,52.996486992161984,9.866791669877854,209.67418415487174,73.17520742409418
15 Jul 2026 11:07:00.000000000,2621.8027917726886,-3569.7528431593078,-5262.646640859555,6.96161291423141,2.541811479676461,1.7409998352217488,-0.0032068609230179158,0.0043590747983924495,0.006445451149142286,-50.00425539879633,-153.28997083203052,512.7761616278168,6879.161197622829,0.000326062624276365,52.99774104552616,9.860830878368493,216.3827184856682,70.27509130674166
15 Jul 2026 11:08:00.000000000,3033.4294789620767,-3409.509804516975,-5146.664035445582,6.754284329976833,2.7976841523550626,2.1236895772667004,-0.003709969856211121,0.004163637378752948,0.0063038391886118764,-48.51534449505715,-148.19370141048313,512.3835506896705,6879.6557041787755,0.0004136884661633528,52.99927739223722,9.855103966982115,223.06446337501436,67.40159348935246
15 Jul 2026 11:09:00.000000000,3431.720065000447,-3234.2770345981808,-5007.99133847773,6.517234410673189,3.041286601129315,2.4970611531703857,-0.004196941328026465,0.003949908024929575,0.006134492123025634,-46.79274531101142,-143.42411600598294,511.9338639435111,6880.23135921287,0.0005010498460410117,53.00106876796821,9.849655703304386,229.6622944254532,64.61179725044666
15 Jul 2026 11:10:00.000000000,3814.9215837948504,-3044.8231420687766,-4847.237150010673,6.2514948328718125,3.271547852011732,2.8594708734158654,-0.004665636458532551,0.0037187997614207733,0.0059381221530216185,-44.863729677040745,-138.98213055322535,511.43622028181295,6880.878022217916,0.00058755479916428,53.003083409034055,9.844525929274688,236.14926128181702,61.93261433321131
15 Jul 2026 11:11:00.000000000,4181.346776016974,-2841.9793055525124,-4665.107340238887,5.958223558970487,3.4874539990888063,3.2093212644359874,-0.005113987290043426,0.0034713026289488564,0.0057155592740823595,-42.7542116991328,-134.85637010995364,510.900843099653,6881.584298146673,0.0006724826936716137,53.00528561512822,9.839748857683603,242.51078375877754,59.378589213252276
15 Jul 2026 11:12:00.000000000,4529.381533506131,-2626.635712994332,-4462.40206636075,5.638700313799982,3.688052735638083,3.5450680789513,-0.005540005890406004,0.0032084805757332086,0.005467749252954674,-40.488018668333694,-131.02733505441893,510.33887766758556,6882.337737497296,0.000754995424031188,53.00763638163431,9.835352468759659,248.73871527396446,56.95783601598591
15 Jul 2026 11:13:00.000000000,4857.492056035226,-2399.7377349265203,-4240.012372638747,5.2943215126836485,3.8724576874006695,3.8652271704376293,-0.005941793527364494,0.002931467958348935,0.00519575110344254,-38.086560937709585,-127.47085477319386,509.76219061310576,6883.125055282025,0.0008341545514829731,53.01009409021905,9.831358017480532,254.82874312228242,54.67463854305604
15 Jul 2026 11:14:00.000000000,5164.2316873875325,-2162.28184421965,-3998.9163827004554,4.926594638191195,4.039852523511032,4.168381199934432,-0.0063175498609009985,0.002641465616876718,0.004900734003143073,-35.568782320363454,-124.16066884144571,509.1831548019053,6883.932365095347,0.000908943131189681,53.01261524538118,9.827779660309254,260.7789572477468,52.5308817473332
15 Jul 2026 11:15:00.000000000,5448.247397621808,-1915.3112964385393,-3740.175095151829,4.537132066579168,4.1894948186117915,4.453186139963869,-0.006665582080700548,0.002339736494261567,0.004583973595058735,-32.951285173258675,-121.07019526012442,508.6144232302182,6884.745424203242,0.000978291010508748,53.01515524382443,9.824624207858346,266.58890521115774,50.52699695499752
15 Jul 2026 11:16:00.000000000,5708.285878598754,-1659.911586554896,-3464.9277957999852,4.127644349671661,4.320719638168087,4.71837753725475,-0.006984313902130958,0.0020276007793807974,0.00424684762778458,-30.248549545753878,-118.17363995846128,508.0686958124711,6885.549885347348,0.0010411024675666717,53.017669162952565,9.821891007829782,272.2588806110105,48.66267357510457
15 Jul 2026 11:17:00.000000000,5943.1992203457285,-1397.2056994952352,-3174.3871021788127,3.6999329635969462,4.4329428180240535,4.962776493434597,-0.007272294320147385,0.0017064305632500947,0.0038908308977102517,-27.473191474377487,-115.44661854399597,507.55848316471065,6886.331550803208,0.001096285174004024,53.020112554463076,9.819571960118452,277.7893336809464,46.937448572126634
15 Jul 2026 11:18:00.000000000,6151.950136717921,-1128.3491737492773,-2869.8336585950597,3.2558825421707565,4.52566390895176,5.185295321029613,-0.007528206008943507,0.0013776440090724619,0.003517489469117143,-24.636226454934327,-112.86644034369249,507.0958716335418,6887.07662415479,0.0011427795942001143,53.02244222894724,9.817651663683192,283.1803419362294,45.35123582882167
15 Jul 2026 11:19:00.000000000,6333.616710094745,-854.5249990123899,-2552.6105025198844,2.7974526196354197,4.598468757371124,5.384942831129069,-0.0077508732483886865,0.0010426990498342214,0.003128474163627346,-21.747319200794973,-110.412171558672,506.69229389359157,6887.77195525374,0.001179588065460639,53.02461701758844,9.81610769244658,288.4310939337242,43.904842335804375
15 Jul 2026 11:20:00.000000000,6487.396626558813,-576.9383705431292,-2224.117125785987,2.326668914708945,4.651031694617879,5.5608292090336455,-0.007939269257283499,0.0007030866405569058,0.0027255133277389273,-18.81501075147705,-108.06456180009987,506.35830942568,6888.405273923542,0.0012058029369105615,53.02659849748403,9.814910995131887,293.53933920071046,42.60051815432663
15 Jul 2026 11:21:00.000000000,6612.610875158772,-296.81132451151495,-1885.8032566495945,1.8456141952097471,4.683117309132318,5.712170435189861,-0.00809252280954761,0.00036032360437804534,0.0023104049024120213,-15.846920118538808,-105.805891439635,506.10339908634563,6888.965408145813,0.001220633283258828,53.02835166778882,9.814026411823248,298.50074738605525,41.44259710156353
15 Jul 2026 11:22:00.000000000,6708.7068874424995,-15.377280081299011,-1539.1623912833847,1.3564187696838212,4.6945817786986,5.838292210742641,-0.008209924017967862,1.5945125210487273e-05,0.0018850078381214878,-12.849921166729052,-103.61977704001761,505.93577778453175,6889.442482729601,0.0012234298647448918,53.02984556477821,9.813413297916528,303.30809886828456,40.438305927573126
15 Jul 2026 11:23:00.000000000,6775.261096452616,266.12448476313375,-1185.725105613547,0.8612506591998071,4.685373743352609,5.93863335011246,-0.008290929178743588,-0.0003285030492339342,0.0014512329154086716,-9.830297276909226,-101.49095783129562,505.8622289907633,6889.828094808079,0.0012137081969963311,53.03105380503944,9.813026244280966,307.9501920613001,39.598856747724696
15 Jul 2026 11:24:00.000000000,6811.980897765541,546.4543955890437,-827.0521805430825,0.3623055085730813,4.655534703710708,6.0127486070740925,-0.008335164581576838,-0.0006714726202819973,0.0010110330464857971,-6.7938771906977395,-99.40507646560394,505.8879644227395,6890.115462928226,0.0011911698620343746,53.0319550472967,9.812815880741477,312.41028812662177,38.94100202699619
15 Jul 2026 11:25:00.000000000,6818.705998882447,824.378153257708,-464.72757545588127,-0.1382036984970924,4.605198934156759,6.06031090579796,-0.008342429205212883,-0.0010114208848684943,0.0005663931478903167,-3.7461557342262197,-97.34846086869149,506.0165117831142,6890.299546987573,0.0011557226039593778,53.032533364839644,9.81272974856596,316.6637995563228,38.48934565791452
15 Jul 2026 11:26:00.000000000,6795.409147285923,1098.6722857252184,-100.3512864262584,-0.6380570517206112,4.534592905434592,6.081112954091864,-0.00831269624175304,-0.0013468189278354914,0.00011931968695370445,-0.6924031355319871,-95.30790990163707,506.24963288169,6890.377136819229,0.0011075004480678046,53.032778522125035,9.81271322645268,320.67472138149066,38.27991138375761
15 Jul 2026 11:27:00.000000000,6742.1962316932295,1368.1296504256609,264.4678732813152,-1.1350381823246,4.4440342165892295,6.075068222504293,-0.008246113408564574,-0.0016761597685441764,-0.0003281699869269807,2.36223344680459,-93.27048301204486,506.5872738673034,6890.346907820565,0.0010468863477281858,53.03268615082935,9.812710493595528,324.3899134348307,38.365860145293134
15 Jul 2026 11:28:00.000000000,6659.305755388396,1631.5648579234041,628.1195320733298,-1.626944713721312,4.333930041730744,6.042211279844751,-0.008143002033316697,-0.0019979663691583405,-0.0007740584080121534,5.412632680773421,-91.22329258634456,507.02754864064894,6890.209442648308,0.0009745423303676141,53.03225782241764,9.812665512785967,327.72958069303473,38.82700933259359
15 Jul 2026 11:29:00.000000000,6547.1076849194305,1887.819588022587,988.9990195592414,-2.11159862123679,4.20477510260008,5.982697482852114,-0.00800385492099821,-0.0023107994143818943,-0.0012163387362948894,8.453602680711622,-89.15329699926178,507.56675583579175,6889.967218649755,0.0008914572466543277,53.03150101612382,9.812523016229745,330.5707539901781,39.78635165800516
15 Jul 2026 11:30:00.000000000,6406.101681821708,2135.7677703408363,1345.5145881518874,-2.5868564285576037,4.057149183239323,5.896802024995704,-0.007829333031290553,-0.002613264775708443,-0.0016530253553823252,11.479782087513282,-87.0470922314001,508.1994290648028,6889.624561351533,0.0007990336175216893,53.03042898308223,9.812229476724037,332.71732294287665,41.44002181690529
15 Jul 2026 11:31:00.000000000,6236.914729290783,2374.3206024872015,1696.0945586498044,-3.0506191710890858,3.891714208058089,5.784918356521153,-0.007620261023252391,-0.0029040205814956947,-0.002082164209865749,14.485535164689464,-84.8907003603756,508.9184194361859,6889.187564968389,0.000699262015791265,53.02906050917398,9.811734047143936,333.8431888116994,44.114143219016675
15 Jul 2026 11:32:00.000000000,6040.298169796796,2602.4313804055537,2039.194352646865,-3.500842060255818,3.7092109091001353,5.647555994653105,-0.007377621738991876,-0.0031817838217744797,-0.0025018427724900418,17.464837374659755,-82.66935432045887,509.7150087032896,6888.663981511363,0.0005950987725025676,53.027419580923464,9.810989451802767,333.38063958279866,48.37645251336327
15 Jul 2026 11:33:00.000000000,5817.124173435971,2819.100117115836,2373.3033759352684,-3.935543787784675,3.5104551122282897,5.485337749150955,-0.00710254971920865,-0.0034453364281676856,-0.002910199541635964,20.411147797735012,-80.36728030468352,510.57905079087465,6888.063080652614,0.0004913338407203689,53.025534960470075,9.80995281413237,330.3040042977933,55.252644885533066
15 Jul 2026 11:34:00.000000000,5568.3816602901625,3023.3779279690475,2696.951718741714,-4.35281541503072,3.2963336751616152,5.298996394013365,-0.006796323860995445,-0.0036935307828132413,-0.0033054329831572046,23.31726471614868,-77.96748245440463,511.49913890340366,6887.395483032691,0.0003966045026234094,53.02343967721648,9.80858640626866,322.7971182291086,66.55890853626424
15 Jul 2026 11:35:00.000000000,5295.171703151559,3214.37116259084,3008.7166406237648,-4.750828799249185,3.0678001127338437,5.089370820895991,-0.006460359333583411,-0.003925294620980354,-0.0036858098437859165,26.175160835329844,-75.45153965618815,512.4627949485458,6886.67297016212,0.000327176973024423,53.021170445195196,9.806858307551098,308.4308190272053,84.724428220601
15 Jul 2026 11:36:00.000000000,4998.702439633419,3391.245265861926,3307.228810094643,-5.127844516145646,2.825869946356653,4.857401713633113,-0.006096198882644074,-0.004139635308769393,-0.004049672781540339,28.97579516981162,-72.79943220668598,513.4566776252432,6885.908274467024,0.00030706877359141165,53.018767016469475,9.80474296054847,287.68946119965153,109.26487049266389
15 Jul 2026 11:37:00.000000000,4680.283524894164,3553.228352532067,3591.1782714873893,-5.482219245823514,2.5716158154404853,4.604126786057159,-0.005705503653420525,-0.004335643489896489,-0.004395447275223319,31.70889993071782,-69.98942793280389,514.4668052324354,6885.114853350208,0.00034758144508606866,53.01627148197684,9.802221615050282,268.2989863139064,132.454313268421
15 Jul 2026 11:38:00.000000000,4341.320157939583,3699.6144823319883,3859.320114150053,-5.81241259713908,2.3061623884633984,4.330675627048444,-0.005290043663951492,-0.0045124961095827296,-0.004721647793348439,34.36274335713235,-66.99807434807919,515.4787890548165,6884.306651380058,0.0004317240717662893,53.01372753211419,9.799282652442539,256.08325003801156,148.4689185957037
15 Jul 2026 11:39:00.000000000,3983.306715737489,3829.766624685675,4110.479821719499,-6.116993353223779,2.030681110527831,4.038264197416744,-0.004851688053948787,-0.004669458835239307,-0.00502688321931414,36.92387412993315,-63.800366682375284,516.478073075491,6883.497854879903,0.0005373496907329736,53.01117969003472,9.795921784974178,249.97458270178956,158.37637195144993
15 Jul 2026 11:40:00.000000000,3607.820030196995,3943.1193042894533,4343.558281887796,-6.3946451283023205,1.7463848226748266,3.7281890228535337,-0.004392395229411747,-0.004805887907098833,-0.005309861548674005,39.37686087002155,-60.37019119845361,517.4501757475729,6882.702643268178,0.000650890782863646,53.00867253107562,9.79214212660143,247.58822555024383,164.56144589613797
15 Jul 2026 11:41:00.000000000,3216.512343453192,4039.180920877764,4557.5364396955965,-6.644171432711369,1.4545222860216616,3.4018211258671585,-0.003914203008372553,-0.004921231459159966,-0.005569393887229548,41.704052519648485,-56.68117638432133,518.380929621905,6881.934941498062,0.0007649296396812055,53.0062499019477,9.787954134368988,247.37494962578404,168.57338114952665
15 Jul 2026 11:42:00.000000000,2811.103976908792,4117.535738393977,4751.479579903334,-6.864500149007927,1.1563726410811161,3.0605997374308846,-0.0034192188601046857,-0.005015030359224781,-0.0058043977927182055,43.885403216009934,-52.70811285685023,519.2567147674898,6881.208177867952,0.0008749968994473114,53.00395415329533,9.783375421492861,248.47418260127517,171.2727597655014
15 Jul 2026 11:43:00.000000000,2393.375749156438,4177.84554051412,4924.541226357098,-7.054687427100643,0.8532398295206632,2.706025826168529,-0.0029096103139460297,-0.00508691862311642,-0.006013900014987289,45.8984285582816,-48.42910753380233,520.0646821255051,6880.53505132527,0.0009780348703458978,53.00182539897897,9.7784304455769,250.40368338005342,173.14183058875727
15 Jul 2026 11:44:00.000000000,1965.1611773130492,4219.850951000613,5075.966648441493,-7.213921010317283,0.5464470022919427,2.339655479433973,-0.0023875955934757023,-0.005136623458433011,-0.006197038694596336,47.71838603671429,-43.82858632283173,520.7929631972298,6879.927312173043,0.0010717436963107525,52.999900814945406,9.773150077486099,252.8804754337643,174.46357602043383
15 Jul 2026 11:45:00.000000000,1528.3384954861042,4243.372418697478,5205.095966667271,-7.341523007171685,0.23733093461932217,1.9630931667848093,-0.0018554345144918029,-0.005163964996002735,-0.00635306508753364,49.31879249238168,-38.90110759996815,521.4308627700747,6879.395559816932,0.0011542990646644326,52.9982139898452,9.76757105855456,255.72965254519875,175.4129064226405
15 Jul 2026 11:46:00.000000000,1084.8225231566582,4248.310868097726,5311.366851158278,-7.436952125277884,-0.07276353502899131,1.5779849122942915,-0.001315419664831159,-0.005168855763642555,-0.00648134488378165,50.672389784848924,-33.655656749392975,521.9690317250529,6878.949060867412,0.0012242266124251051,52.996794338644484,9.7617353556266,258.8374794438003,176.10355967050975
15 Jul 2026 11:47:00.000000000,636.5564152493464,4234.648017345378,5394.316808272652,-7.499805384405335,-0.38248902805493024,1.1860113980815066,-0.000769867865870328,-0.0051512999533816104,-0.006581359187079349,51.752623923852674,-28.119669491235147,522.3996173347572,6878.595590545506,0.001280345391475532,52.99566658937252,9.75568942525602,262.1262326502213,176.6132605309689
15 Jul 2026 11:48:00.000000000,185.50332464889476,4202.446366279126,5453.58505182284,-7.529819325138254,-0.6905010998526009,0.7888810175491824,-0.0002211118979332829,-0.005111392525087916,-0.006652705216579737,52.535593687352744,-22.341600120338793,522.7163888452541,6878.341299935992,0.0013217429218256335,52.99485035187214,9.74948339989007,265.5399955251363,176.99792586796053
15 Jul 2026 11:49:00.000000000,-266.3619930330232,4151.848857714682,5488.913956361199,-7.526870728101342,-0.9954636562923872,0.3883228932831805,0.0003285075422883768,-0.005049318184283776,-0.006695096787403173,53.002257107498174,-16.39067508801054,522.9148365329247,6878.190611198685,0.0013477647950121679,52.99435977599418,9.743170210260795,269.0361707363245,177.30015245447944
15 Jul 2026 11:50:00.000000000,-717.0616034432754,4083.078215625046,5500.150090799572,-7.490976856394066,-1.296054305788849,-0.013920128436199391,0.0008766496973597814,-0.004965350260184528,-0.006708364614729365,53.140508913932614,-10.35286665114924,522.9922428325514,6878.1461423902765,0.0013580106298603475,52.9942033051265,9.736804659220665,272.5800537291925,177.55464379997616
15 Jul 2026 11:51:00.000000000,-1164.622817999578,3996.4359642322206,5487.244831272865,-7.422295230903953,-1.590969641539217,-0.41609849702271673,0.0014209814714083286,-0.004859849498677223,-0.006692456473014567,52.94665272119753,-4.323188487324972,522.9477245432586,6878.208663073598,0.0013523322887054148,52.994383529298226,9.730442463167021,276.14103257160235,177.7920106163928
15 Jul 2026 11:52:00.000000000,-1607.0865910046932,3892.3011323540704,5450.254552661038,-7.321122944768868,-1.8789304490423455,-0.816462982861899,0.001959185078541327,-0.0047332627788912495,-0.006647437235220227,52.42587458474652,1.6042091284474047,522.7822455314008,6878.377081403985,0.0013308323445485083,52.99489714038004,9.724139277671156,279.68956054334546,178.04179854491014
15 Jul 2026 11:53:00.000000000,-2042.515861921531,3771.128647612493,5389.340398635338,-7.187895519620103,-2.1586868341532237,-1.2132717014695404,0.0024889656782900536,-0.00458612174405875,-0.006573488793615021,51.591582380564056,7.345727770007006,522.4985997630281,6878.6484628873,0.001293862000044043,52.99573499013869,9.71794972426713,283.1943004142756,178.3353441934591
15 Jul 2026 11:54:00.000000000,-2469.003815260368,3633.4474254373113,5304.767630499676,-7.023185302619074,-2.4290232661682567,-1.6047971293506829,0.003008059057172499,-0.004419041332891785,-0.00647090985731044,50.46379886411652,12.83547182383031,522.1013649121554,6879.018080508853,0.0012420185522596793,52.996882250129,9.711926435273663,286.61888849197214,178.70901139692435
15 Jul 2026 11:55:00.000000000,-2884.682030445998,3479.858158153241,5196.904555542575,-6.827699399901589,-2.6887635292416023,-1.9893331035606792,0.0035142394101026673,-0.004232718185660564,-0.006340115604622959,49.06702946993376,18.02860799315359,521.5968272038476,6879.479495438907,0.0011761434323871328,52.99831867065099,9.706119133260579,289.91763348714977,179.20849264541917
15 Jul 2026 11:56:00.000000000,-3287.7284935708967,3311.030809933066,5066.221036161552,-6.602277139150806,-2.9367755735720382,-2.3652017951789124,0.004005327264082103,-0.0040279288891048,-0.006181637152467112,47.42807637712303,22.901049592333035,520.9928785627054,6880.024667037053,0.0010973232220042952,53.00001893428839,9.700573761112533,293.0290797712357,179.89524609913536
15 Jul 2026 11:57:00.000000000,-3676.3754426638075,3127.701823890321,4913.286581612504,-6.347887051620687,-3.1719762557213422,-2.730760644687387,0.004479197578333564,-0.0038055280232167756,-0.005996120801727595,45.57415932778722,27.44654672333837,520.2988875448875,6880.644090406865,0.0010068985599126438,53.00195309791333,9.695331677859738,295.8655130723748,180.8569901389219
15 Jul 2026 11:58:00.000000000,-4048.9170171307624,2930.6710484320765,4738.768025137662,-6.065623362621859,-3.3933359546321573,-3.084409243873456,0.004933788034944747,-0.0035664459615333153,-0.005784326998011341,43.53152392309645,31.6725445394177,519.5255459350502,6881.32695930173,0.0009064910889829248,53.00408711551033,9.690428934237968,298.2946472305973,182.2260168246791
15 Jul 2026 11:59:00.000000000,-4403.716681637504,2720.7983907682433,4543.426790175359,-5.756701978846663,-3.599883047326429,-3.4245961455974667,0.005367107521022911,-0.0033116863794971038,-0.005547128948084436,41.32455820673532,35.59592978822438,518.6846932823188,6882.061351757137,0.0007980705464510934,53.00638343277311,9.685895640623121,300.10564017434945,184.213176095448
15 Jul 2026 12:00:00.000000000,-4739.214393856185,2499.000206582396,4328.115750638677,-5.42245596154097,-3.7907082253097317,-3.7498255787373447,0.0057772447832054735,-0.0030423234230825594,-0.005285510824756467,38.97534042734697,39.239340847027194,517.7891220291608,6882.834435430963,0.0006841136792788689,53.00880164318078,9.681755438363025,300.9421687567752,187.17480106813105
15 Jul 2026 12:01:00.000000000,-5053.93348493002,2266.2454360702714,4093.775691727166,-5.064330476190262,-3.9649686299588836,-4.058664041625901,0.00616237721741198,-0.0027594984928869,-0.005000565492976059,36.503504053695686,42.62831126024228,516.8523662458493,6883.632689278393,0.0005679854316220375,53.01129919418634,9.678025083795047,300.1635999923268,191.75153689074807
15 Jul 2026 12:02:00.000000000,-5346.48722102273,2023.5514979343366,3841.4313794670006,-4.68387721220335,-4.121891782595329,-4.349746743286483,0.006520779736044178,-0.002464416602823745,-0.004693491690475378,33.926309569148565,45.789249827162266,515.8884773142724,6884.4421378778525,0.0004548917115878294,53.01383213127249,9.674714152265217,296.5534520619118,199.1598797792871
15 Jul 2026 12:03:00.000000000,-5615.585014039885,1771.9799544482594,3572.18724914239,-4.282748269992219,-4.260779282727779,-4.62178385798405,0.006850833640434215,-0.002158342281204837,-0.004365590604657476,31.258834548943952,48.74812858233796,514.9117901992944,6885.248594466698,0.00035429456697087087,53.01635586695787,9.671824867393227,287.8122774454158,211.69929387740964
15 Jul 2026 12:04:00.000000000,-5860.038249603904,1512.6319623404027,3287.222724960361,-3.8626895177707494,-4.3810102462131075,-4.873566555231504,0.007151035406975144,-0.001842594989096836,-0.0040182617923762085,28.514219361030968,51.52971105393997,513.9366841939282,6886.037908547556,0.0002847792426488013,53.0188259613866,9.669352058713097,270.7603731438296,232.5495009758181
15 Jul 2026 12:05:00.000000000,-6078.765700675419,1246.6435259806294,2987.7871856565685,-3.425533426226166,-4.48204445392586,-5.103972764589166,0.007420005283628447,-0.0015185440426482124,-0.003652998402395761,25.703928296492595,54.15716374635914,512.9773422160829,6886.796213792122,0.0002727694279968138,53.02119890091295,9.667283248526395,246.96553232436233,260.14272875785116
15 Jul 2026 12:06:00.000000000,-6270.7984959053565,975.1805711253935,2675.194593258795,-2.973191395771756,-4.563425181060886,-5.3119726325287395,0.007656495582536765,-0.0011876030376586117,-0.0032713816730342506,22.838002771289002,56.6519238418643,512.0475128606179,6887.510171908973,0.00032290680755597253,53.02343286110483,9.665598866635055,227.25583355878072,283.6509214019545
15 Jul 2026 12:07:00.000000000,-6435.2846128996425,699.4338592641117,2350.817804828201,-2.507645598192471,-4.624781677463458,-5.4966336274299685,0.00785939854686675,-0.0008512237875111365,-0.0028750746927943107,19.925294701177023,59.033729075548635,511.16027945986497,6888.167208154675,0.0004095558617813795,53.02548844083538,9.664272589345225,216.45273902617862,298.25264117164454
15 Jul 2026 12:08:00.000000000,-6571.492868115152,420.6137643507499,2016.082589642857,-2.0309403619142055,-4.665831270444086,-5.657125248538187,0.008027753665847135,-0.000510889798777665,-0.0024658154282121087,16.97367539418394,61.320744332783796,510.32784037303617,6888.755734261949,0.0005101704949396112,53.02732935460976,9.663271797004047,211.828541718053,306.6756209578101
15 Jul 2026 12:09:00.000000000,-6678.816377087382,139.94493536923582,1672.461376913842,-1.5451731376409288,-4.686381063390737,-5.792723295500096,0.008160754315970265,-0.00016810932252827207,-0.0020454090419964274,13.990219580116642,63.529741669829,509.56130460214274,6889.265354732355,0.00061325401756213,53.028923070974514,9.662558142205887,210.68150585180007,311.62162357081553
15 Jul 2026 12:10:00.000000000,-6756.775461120489,-141.33913030421687,1321.4667616655968,-1.052485088443731,-4.6863292061334825,-5.9028136569449785,0.008257753606062542,0.00017559196872026837,-0.001615719540190886,10.981366534667442,65.67630649117474,508.8705066172294,6889.687052695961,0.0007130490662174115,53.03024138577067,9.66208821893821,211.52849653715458,314.57381174227646
15 Jul 2026 12:11:00.000000000,-6805.019979424398,-422.00157642254965,964.6447988115837,-0.5550513553401943,-4.665665716383816,-5.986895579477097,0.008318269315580374,0.00051867861613585,-0.0011786608057587711,7.95306140556789,67.77505370036218,508.26384396585934,6890.013351873849,0.0008062934019764977,53.03126092010285,9.66181432106583,213.59801556505062,316.30371197216135
15 Jul 2026 12:12:00.000000000,-6823.331068936113,-700.8077128384056,603.5681176515765,-0.05507105570670943,-4.6244728356043305,-6.044584382347854,0.008341987830207143,0.0008596132496296096,-0.0007361870921860291,4.91088031445018,69.83984504331107,507.7481408445949,6890.238451586669,0.0008909140059680666,53.031963534189146,9.661685277056751,216.4711717559327,317.2302437899509
15 Jul 2026 12:13:00.000000000,-6811.622277666285,-976.5305476106723,239.8288909468272,0.44524292266924465,-4.562924907252055,-6.0756135879005875,0.008328766988372729,0.0011968646222925415,-0.0002902830638738083,1.8601429131401208,71.88400366382162,507.32854032925496,6890.358332226295,0.0009655032968513347,53.03233664970482,9.661647346375926,219.90736993919415,317.594030364531
15 Jul 2026 12:14:00.000000000,-6769.9400813101165,-1247.9562973690608,-124.96830564780072,0.9436742646773812,-4.481287770369636,-6.079836443507616,0.008278637777420307,0.00152891571742293,0.000157046516311528,-1.1939839849806047,73.92052490758998,507.0084274077439,6890.3708291416415,0.0010290931496617609,53.0323734748182,9.661645161994615,223.7612649039341,317.5404441293962
15 Jul 2026 12:15:00.000000000,-6698.463776989501,-1513.8898467771912,-489.21370675157397,1.4380136376578345,-4.3799176668260635,-6.057226817004287,0.00819180483510151,0.0018542718375746728,0.0006037873431815713,-4.246388182376871,75.96228421741674,506.7893843456555,6890.275673469541,0.0010810481741156165,53.03207312780777,9.661622702498013,227.94140497604943,317.160962775273
15 Jul 2026 12:16:00.000000000,-6597.504752274951,-1773.1601279994688,-851.2996051044477,1.9260690954847608,-4.259259665990396,-6.00787945439672,0.008068645736985515,0.0021714685840823955,0.0010479262530915779,-7.2919158524965715,78.0222439299618,506.67117925816075,6890.074499059071,0.0011210094349098439,53.03144065691856,9.66152427679309,232.38846783781858,316.5149330013284
15 Jul 2026 12:17:00.000000000,-6467.505131994029,-2024.6253914552256,-1209.627595707429,2.40567640403023,-4.119845616097895,-5.932009595690277,0.007909709070272724,0.0024790796362658264,0.0014874619161976282,-10.325273874138253,80.11366112309763,506.65178807891044,6889.770815275349,0.0011488600548647755,53.03048695593385,9.661295504084702,237.06317738018842,315.64165324217413
15 Jul 2026 12:18:00.000000000,-6309.035809681572,-2267.178339862811,-1562.6157778292425,2.8747092159242813,-3.9622916368813867,-5.829951951856038,0.0077157113227585275,0.002775724244655149,0.0019204154180635466,-13.340927315164832,82.25029844673585,506.72744942765365,6889.369946116011,0.0011646999769984324,53.02922857677186,9.660884271908268,241.9392557638653,314.5674212019297
15 Jul 2026 12:19:00.000000000,-6122.7938747893495,-2499.751098591211,-1908.7058768356876,3.3310890247294425,-3.787295173043349,-5.702159053018917,0.007487532632313357,0.0030600743577546457,0.0023448406147803793,-16.332988547615418,84.44663904753803,506.8927512022954,6888.878936712487,0.0011688238839706094,53.02768744223298,9.660241655287084,246.9991180636871,313.3098388280635
15 Jul 2026 12:20:00.000000000,-5909.599450864752,-2721.31999665037,-2246.3702485949184,3.7727948321470315,-3.595631632693534,-5.549198984715493,0.007226211466506371,0.003330861311274406,0.0027588341523992056,-19.29509435964825,86.71810508465624,507.14074707701707,6888.3064289065915,0.0011616993489102067,53.025890463793935,9.659322780749736,252.23111956902224,311.88056465916713
15 Jul 2026 12:21:00.000000000,-5670.391963760509,-2930.9101342173826,-2574.118730397553,4.197872466536359,-3.3881506388532454,-5.371752535344746,0.006932938319919559,0.003586882019366457,0.0031605450516093273,-22.220267342716756,89.08127658751275,507.4631004939875,6887.66250817561,0.0011439438082016188,53.02386907103337,9.658087619860455,257.6277080840868,310.28716120923264
15 Jul 2026 12:22:00.000000000,-5406.2258624788,-3127.5997143887257,-2890.505303876795,4.604443496708564,-3.1657719254233867,-5.17060978355189,0.006609048529208708,0.003827004618316863,0.003548183769806242,-25.100757880414072,91.55410298884442,507.8502532062366,6886.958524714031,0.0011162997581919546,53.0216586608525,9.656501698151628,263.184112671872,308.5344059506771
15 Jul 2026 12:23:00.000000000,-5118.265818435035,-3310.52411881271,-3194.1345372722144,4.990713691447494,-2.92948091155876,-4.946666159101297,0.006256014322519734,0.004050173528083485,0.003920030668634674,-27.927863429227553,94.1560927958927,508.2916149773281,6886.206891955557,0.0010796080566265796,53.0192979760946,9.654536706801533,268.897350254264,306.6252844888032
15 Jul 2026 12:24:00.000000000,-4807.7814317024795,-3478.879708951181,-3483.6677765064505,5.354980982299009,-2.6803239901369946,-4.700918014696095,0.005875436222780205,0.004255413908509693,0.004274443829489733,-30.691722758853732,96.90845648866525,508.7757706770862,6885.420866226249,0.001034779528940224,53.016828424440675,9.652171006071422,274.7654156155434,304.56180038503413
15 Jul 2026 12:25:00.000000000,-4476.141475136884,-3631.927336899465,-3757.829056879288,5.695642894621488,-2.4194035669334815,-4.434457749108494,0.005469033931588348,0.004441835502084572,0.004609866177272502,-33.381084881904876,99.83416257966475,509.29070073867086,6884.614311550265,0.0009827653245114332,53.014293349544545,9.649390011416205,280.7865699428179,302.34568649908095
15 Jul 2026 12:26:00.000000000,-4124.807709168237,-3768.995551905739,-4015.41070966337,6.011203419449831,-2.147872887228692,-4.148468523861705,0.005038636820158738,0.004608635868596122,0.004924831890874922,-35.98305625926943,102.95784556386573,509.82401076221186,6883.8014538794305,0.0009245266817882323,53.011737267245486,9.646186455289925,286.958674043995,299.97907171220413
15 Jul 2026 12:27:00.000000000,-3755.328301482769,-3889.4834909223055,-4255.2786404580565,6.3002793061554545,-1.8669306859267865,-3.8442186165403647,0.004586174146935319,0.0047551030274989355,0.005217972093747386,-38.48283651496538,106.30547660429606,510.363165962968,6882.99662918312,0.0008610049643763026,53.00920508034552,9.64256051980981,293.278532939052,297.4651363376613
15 Jul 2026 12:28:00.000000000,-3369.3308868165154,-3992.8634436568045,-4476.377258750272,6.561605762946109,-1.5778156959184984,-3.5230554536485545,0.004113665116390081,0.004880617536559829,0.005488019836112631,-40.863463585475856,109.90367464540603,510.8957261638016,6882.214029915022,0.0007930930273666793,53.006741285848406,9.63851983776138,299.74123189449335,294.80877614927465
15 Jul 2026 12:29:00.000000000,-2968.5153026716844,-4078.683084622898,-4677.734040692823,6.794041558730494,-1.281801047480252,-3.186399364850355,0.0036232088807367385,0.004984654043497138,0.005733814393941601,-43.10560522304704,113.77850324998772,511.4095771157989,6881.467454369011,0.0007216091548805832,53.00438918871873,9.63407936171275,306.3394491237502,292.0172898051765
15 Jul 2026 12:30:00.000000000,-2554.646036974155,-4146.567366599515,-4858.463709584407,6.996573525592384,-0.9801885890545355,-2.8357370985293873,0.003116974572526928,0.005066782354792447,0.005954304922783368,-45.18745563342194,117.9535814557038,511.8931540893907,6880.770063350995,0.0006472749523000385,53.002190136130146,9.629261103486236,313.06271983281044,289.10111498623166
15 Jul 2026 12:31:00.000000000,-2129.544423595625,-4196.22007163969,-5017.772020876072,7.168320465913369,-0.6743031569870991,-2.472615136027215,0.002597191438959346,0.005126668069210966,0.006148553512900134,-47.084822153747176,122.44736311903564,512.3356539016625,6880.134148431023,0.0005706986424038233,53.000182785830354,9.624093748385645,319.8965786673039,286.074686190699
15 Jul 2026 12:32:00.000000000,-1695.0806212883663,-4227.425017345435,-5154.95914069693,7.308536471961992,-0.3654868187822445,-2.098632838830989,0.0020661391331760425,0.005164072829089534,0.006315737703020245,-48.77151110639643,127.26955076151359,512.7272318239673,6879.570915805651,0.0004923651579045963,52.99840242166342,9.618612150962456,326.8213632366583,282.95763150630995
15 Jul 2026 12:33:00.000000000,-1253.165411020325,-4240.046917502065,-5269.422608863414,7.416613668454156,-0.05509311138310894,-1.7154354595510934,0.0015261381965319951,0.005178854238272176,0.006455152509383128,-50.220130886016584,132.41685297921217,513.0591801377727,6879.090289501548,0.00041263420252676515,52.996880328466396,9.612856721114957,333.81003380501045,279.7769532659631
15 Jul 2026 12:34:00.000000000,-805.7418459899618,-4234.031897369034,-5360.659879091542,7.492084390178396,0.25551870702121543,-1.324707043952921,0.0009795407497336485,0.005170965495647691,0.006566212030509432,-51.40340270638919,137.8686847857431,513.324085466281,6878.700737294084,0.00033174706183390455,52.995643237512915,9.606872711424169,340.82296102781817,276.5722407031177
15 Jul 2026 12:35:00.000000000,-354.77678785001604,-4209.407664941784,-5428.270430667519,7.5346228072968895,0.5649893759109662,-0.928163247771842,0.0004287213930783136,0.005140454788572876,0.006648450686036217,-52.29598245055283,143.58387227318215,513.5159623968765,6878.409122306606,0.00024984250109407114,52.994712852426375,9.600709418247545,347.7920191264678,273.41157720882836
15 Jul 2026 12:36:00.000000000,97.74763810362,-4166.28334037035,-5471.957447156288,7.544046010467198,0.8719653087732855,-0.5275440887318047,-0.00012393170018997035,0.0050874644828227955,0.006701524141494295,-52.876643876204454,149.49973552806202,513.6303613171967,6878.220582805642,0.0001669823858685601,52.99410546405631,9.594419310811633,354.55530611469743,270.45682057012345
15 Jul 2026 12:37:00.000000000,549.842636764866,-4104.848946443209,-5491.5290588611715,7.520314566596944,1.1751042155598044,-0.12460665122715371,-0.0006760255258770026,0.005012230136719103,0.006725209961949274,-53.13048757107436,155.53475928516406,513.6644488099962,6878.138442221197,8.319783987429028e-05,52.993831661225165,9.588057103691671,0.3889133488005082,268.43183391109096
15 Jul 2026 12:38:00.000000000,999.5213545295067,-4025.3745636901745,-5486.899146701506,7.463532554008317,1.473080661343017,0.27888224112453874,-0.0012251708648903514,0.004915079361726713,0.006719408032538003,-53.05070532268192,161.59519882925377,513.6170593839234,6878.164150907023,4.3446936967374515e-06,52.993896142541104,9.581678789254994,257.33354757228574,15.295864157631808
15 Jul 2026 12:39:00.000000000,1444.8074772724021,-3928.2091541831774,-5458.0877060335315,7.373947083240777,1.7645915522914037,0.6811533718217891,-0.001768990819227022,0.004796430535945893,0.0066841407647201204,-52.63944607772803,167.58459832576008,513.4887177559657,6878.297260622092,8.754530392171409e-05,52.994297632663525,9.575340647213148,200.09131154817845,76.34676192634257
15 Jul 2026 12:40:00.000000000,1883.7437841649319,-3813.77905866989,-5405.220769665064,7.251947306869904,2.0483615401476825,1.0804424841751024,-0.002305129316341169,0.0046567913711719885,0.006619553099901026,-51.90753815722931,173.4139907897395,513.2816313430308,6878.53543216681,0.00017415041572498252,52.99502890453776,9.569098248979207,205.85579356222954,74.39089254505893
15 Jul 2026 12:41:00.000000000,2314.400626835565,-3682.5861721804745,-5328.5298900497455,7.098062918803417,2.3231483361779093,1.4749976282071884,-0.0028312596303201663,0.004496757323075717,0.006525912307448397,-50.87314800518365,179.0102466328812,512.9996530638296,6878.874476054327,0.000261533915440486,52.99607690721611,9.563005474510152,212.3916638427268,71.66354015196225
15 Jul 2026 12:42:00.000000000,2734.884303228108,-3535.2058038225123,-5228.351181368526,6.91296214074686,2.5877479245774957,1.8630864889057122,-0.0033450929628847186,0.004317009822736824,0.0064036075579115915,-49.55974213206355,-175.67915787888563,512.648214995748,6879.308425545322,0.0003494199126545266,52.9974229969897,9.55711355920746,219.03940094970835,68.824181812328
15 Jul 2026 12:43:00.000000000,3143.345295360752,-3372.284227095905,-5105.12392298224,6.697449191114844,2.8409996639011634,2.2430036816578105,-0.003844387120221711,0.004118314302801982,0.006253149244172283,-47.99383773397391,-170.68529240987485,512.2342338725847,6879.829640830817,0.000437426451742284,52.99904326770379,9.55147018780622,225.65520391233386,66.01657586696447
15 Jul 2026 12:44:00.000000000,3537.9863396765704,-3194.5359278550513,-4959.388726676434,6.452461229922466,3.0817912630957407,2.613077998445611,-0.004326955309456672,0.0039015179827966108,0.006075168008946764,-46.20296125406932,-166.01999881469527,511.7659898465416,6880.428942619599,0.000525042173447574,53.000908974352775,9.546118651408634,232.18535162317602,63.294402995269685
15 Jul 2026 12:45:00.000000000,3917.0702984629193,-3002.740557835164,-4791.785271117297,6.1790647720481955,3.309063616630239,2.9716795858905365,-0.0047906750648956595,0.0036675473743519797,0.0058704134290958245,-44.214062154125116,-161.67982434406193,511.2529803672969,6881.095772881821,0.0006116237294225253,53.00298704238214,9.54109708263037,238.60403820157507,60.6834312750312
15 Jul 2026 12:46:00.000000000,4278.927800138216,-2797.7396027320856,-4603.049608212736,5.878451561198425,3.5218154806619513,3.317227032869083,-0.005233497298042369,0.003417405465059706,0.0056397523009871975,-42.05245134256434,-157.65039828220134,510.7057514495624,6881.818380026015,0.0006964022836485575,53.00524065359333,9.536437782467326,244.89740380332253,58.197485754778434
15 Jul 2026 12:47:00.000000000,4621.964615848184,-2580.432774949472,-4394.011047489582,5.551933897735425,3.719107969734527,3.648194342023257,-0.005653455448758907,0.0031521685397804798,0.005384166467606787,-39.74121090151557,-153.91040937500256,510.1357090018223,6882.584025350779,0.0007784969051138799,53.00762989818291,9.532166650804617,251.05786591433377,55.84411749575363
15 Jul 2026 12:48:00.000000000,4944.668739410305,-2351.774142445296,-4165.588626263161,5.200939415489658,3.90006885105102,3.9631177558251207,-0.006048674693678586,0.0028729825988765344,0.00510475012440253,-37.3009654264548,-150.4347872014167,509.554913266974,6883.379207222722,0.0008569334646084959,53.01011248127307,9.528302730621377,257.081543354193,53.627179852884666
15 Jul 2026 12:49:00.000000000,5245.617137428123,-2112.7680065547124,-3918.787175257726,4.827005305710814,4.063896611152376,4.260602404268575,-0.00641738115476882,0.00258105934076904,0.004802706548402067,-34.749898084420614,-147.1970129571232,508.9758597722749,6884.189899096963,0.0009306677712436861,53.01264447132693,9.524857873947052,262.96681634691504,51.54826863356984
15 Jul 2026 12:50:00.000000000,5523.482136393457,-1864.4645432427242,-3654.6929914286634,4.4317719904028605,4.209864267961493,4.539328737915682,-0.006757911029873745,0.0022776716803564784,0.004479344196116896,-32.10391291473758,-144.17066052351038,508.411250492044,6885.001797221431,0.0009986117618217601,53.01518107710974,9.521836535364491,268.71337589465463,49.607672895677
15 Jul 2026 12:51:00.000000000,5777.037413873805,-1607.9552239053792,-3374.4691320229276,4.016976252344227,4.337322899776532,4.79805870710022,-0.007068719552868709,0.0019641487850288676,0.00413607212606915,-29.376871197302858,-141.33033358221402,507.87375918306725,6885.80057366165,0.0010596616579137492,53.01767743936372,9.519235696646955,274.3215119876154,47.805086849603356
15 Jul 2026 12:52:00.000000000,6005.1635614920615,-1344.3680335790555,-3079.3503463560924,3.5844438349991283,4.445704862000294,5.035641645767689,-0.007348389680870825,0.001641870621423505,0.0037743947146301176,-26.580854227735408,-138.6521657050402,507.3757950486796,6886.572130150952,0.0011127271262567926,53.020089423122116,9.517044923707807,279.7915254697245,46.1401980439603
15 Jul 2026 12:53:00.000000000,6206.853188399139,-1074.8625061766686,-2770.637664342976,3.136081532100649,4.534526662285658,5.251019816858631,-0.007595640392252487,0.0013122620163374425,0.0033959056445381774,-23.7264239251919,-136.11402345129133,506.9292690138221,6887.302848220437,0.0011567606066679754,53.022374396599794,9.515246554727536,285.12319686874514,44.61321852635791
15 Jul 2026 12:54:00.000000000,6381.215535345123,-800.6245981229947,-2449.6926634417373,2.6738687937429297,4.603391465407273,5.443233575449081,-0.007809334475642297,0.0009767862493901683,0.003002281163253005,-20.822866029274937,-133.69551855880525,506.54536694095833,6887.979831095895,0.0011907861017289127,53.024491982860106,9.51381601592639,290.3152607840487,43.22541038723885
15 Jul 2026 12:55:00.000000000,6527.48057129718,-522.8614234385481,-2117.93143830383,2.199848883116739,4.6519912005895305,5.61142610614182,-0.007988485688929675,0.0006369382077845512,0.0025952726248846124,-17.87840924086347,-131.3779042818394,506.23433407763184,6888.591132967189,0.0012139268541497149,53.02640477096919,9.512722259271072,295.3648339961289,41.979657524827374
15 Jul 2026 12:56:00.000000000,6645.002546833955,-242.79587490597788,-1776.818300000244,1.7161196253385034,4.6801082462159895,5.754847692515366,-0.008132265165153005,0.0002942371459711092,0.0021766983454043405,-14.90041883691443,-129.1439062209508,506.00527489589336,6889.12597144093,0.0012254314777093679,53.028078974093674,9.511928314160706,300.2667339673129,40.88114696484487
15 Jul 2026 12:57:00.000000000,6733.262981262435,38.33884263180916,-1427.8592341587212,1.2248237968895634,4.687616669810342,5.8728594788024795,-0.00824000695300785,-4.978089381398878e-05,0.0017484348203950925,-11.895566185312072,-126.97751980697716,505.86597225833026,6889.574919275762,0.001224698269684665,53.02948502296859,9.511391943184856,305.0126003717848,39.93824710085376
15 Jul 2026 12:58:00.000000000,6791.87306352868,319.3047395675036,-1072.5951496325833,0.7281392107704868,4.674483004845913,5.964936687368091,-0.008311212586654208,-0.00039357093365658796,0.0013124073699780669,-8.86997705933823,-124.86379389213648,505.8227295259983,6889.9300718694485,0.0012112976417308502,53.03059808433139,9.5110663901825,309.5896892234954,39.163713291439294
15 Jul 2026 12:59:00.000000000,6820.575450492279,598.8646011689477,-712.5949513704737,0.22826855833890367,4.640766550234931,6.03067125992982,-0.008345554595591146,-0.0007355871084323201,0.0008705802918502855,-5.829362290254653,-122.78861134457203,505.8802388134083,6890.185187409663,0.0011849929069411309,53.031398495274054,9.51090120726048,313.979133418813,38.576427002868535
15 Jul 2026 13:00:00.000000000,6819.245449954228,875.7875506033108,-349.4484729115976,-0.27257092626089996,4.586619183157549,6.0697738957164,-0.008342878878331725,-0.0010742908266997934,0.00042494661620719524,-2.7791344815100856,-120.73847195527067,506.0414781026293,6890.335797109167,0.0011457601384128745,53.03187210597344,9.510843146031123,318.15332829215305,38.20400990511167
15 Jul 2026 13:01:00.000000000,6787.891579908269,1148.8545859804017,15.240694648802954,-0.7721579093333746,4.512284681090958,6.082075465761295,-0.00830320589054374,-0.0014081589550296108,-2.2482431197265827e-05,0.27548552486340866,-118.70027942673444,506.30763936317186,6890.379283509727,0.0010938086394817683,53.03201052489905,9.510837097232008,322.07185274189663,38.086902370504
15 Jul 2026 13:02:00.000000000,6726.655499755402,1416.8640619696512,379.86243934310295,-1.2682774362126428,4.418097554343837,6.06752778912475,-0.00822673061187386,-0.0017356919336320585,-0.00046968814452801505,3.3293688495365275,-116.66113206094577,506.6780892004625,6890.314925445072,0.001029605097917802,53.031811262334095,9.510827062086971,325.67486580806013,38.2849665005854
15 Jul 2026 13:03:00.000000000,6635.811313601163,1678.6370867904782,742.8073921493918,-1.75873137163393,4.304481395937649,6.026203763845988,-0.008113821285019425,-0.002055421731237584,-0.0009146551123122015,6.3773819724144545,-114.60811556081481,507.1503628901497,6890.143908888987,0.0009539075386395889,53.03127776985072,9.51075713824979,328.87199109114005,38.88860129892199
15 Jul 2026 13:04:00.000000000,6515.764250165063,1933.0228059523024,1102.4741792237724,-2.2413487285095344,4.171946761145377,5.958296852653373,-0.007965016941218083,-0.00236591954952533,-0.001355381929835796,9.41428991476133,-112.52809584174034,507.7201919665462,6889.8693035645565,0.0008678216312939425,53.03041937521883,9.51057250293717,331.5228016493416,40.03825736005981
15 Jul 2026 13:05:00.000000000,6367.0487281857995,2178.9035450238616,1457.2766240504411,-2.7139958132990043,4.021088594243042,5.86411993070049,-0.007781023749956117,-0.0026658031925239994,-0.0017898917299406676,12.434655797682392,-110.40750979949915,508.38156484102643,6889.496005841496,0.0007729064522587606,53.02925111407009,9.510220375978443,333.4009955912736,41.960260864874115
15 Jul 2026 13:06:00.000000000,6190.325820423514,2415.199784913957,1805.650861664023,-3.174586119096391,3.852583224899938,5.744103509644369,-0.007562710252716195,-0.002953744023525668,-0.002216242417320508,15.432733307439197,-108.23215260623493,509.12681924922384,6889.030649082519,0.0006713917325809202,53.02779346144973,9.509650945880988,334.12575351282896,45.03545574080756
15 Jul 2026 13:07:00.000000000,5986.380133363186,2640.874944629755,2146.0623281559233,-3.621089901759561,3.667184960994479,5.598793359042407,-0.0073111015613143825,-0.0032284734421412333,-0.002632536499845484,18.402348498143283,-105.98696144514511,509.9467646844747,6888.48148320731,0.0005666566431111229,53.02607196813835,9.508818242720416,333.0267740568155,49.93416771537561
15 Jul 2026 13:08:00.000000000,5756.1161234398305,2854.9399482039726,2477.012590114089,-4.051543379739229,3.4657223083751245,5.42884755213263,-0.007027372618910157,-0.00348878882540575,-0.0030369304214691367,21.336767270071725,-103.65579793041412,510.83083238488194,6887.858225804993,0.0004643389207203961,53.024116808283175,9.507680942638165,328.89123845050375,57.869239414321754
15 Jul 2026 13:09:00.000000000,5500.553873973788,3056.4575544109425,2797.045980427604,-4.464057504559625,3.2490938510948926,5.235032968414423,-0.006712840632814691,-0.003733558888223912,-0.0034276433137039835,24.22854486474727,-101.22123525607867,511.7672499192959,6887.171887636927,0.0003748378600727934,53.02196224641475,9.506203089956506,319.6561051419976,70.90373538960125
15 Jul 2026 13:10:00.000000000,5220.824359977051,3244.546429972122,3104.7560089571957,-4.856826255940577,3.0182638278698413,5.018221289932255,-0.006368956805589292,-0.003961728434756455,-0.003802965100149133,27.069353967632512,-98.66436206330656,512.7432369736309,6886.434575816643,0.0003171563966655149,53.01964603331527,9.504354724383012,303.16513391628604,91.19391770177417
15 Jul 2026 13:11:00.000000000,4918.164230520123,3418.3849491506685,3398.791518890149,-5.2281344231259625,2.774257441893852,4.779384531674273,-0.005997297490262364,-0.004172322483432645,-0.004161263903174753,29.84978875804554,-95.96462405584532,513.7452185829698,6885.659278328238,0.0003146067964843034,53.01720874142401,9.502112402509114,281.9354802004533,116.22265135212113
15 Jul 2026 13:12:00.000000000,4593.910140424774,3577.2147048769184,3677.8625620900275,-5.576364841824515,2.5181559416926245,4.519590148969052,-0.005599554902896731,-0.004364449764036191,-0.004500992721020825,32.55914389670652,-93.09973771796056,514.7590517911873,6884.859633840965,0.0003699580974737646,53.01469305149549,9.49945960462469,264.45672725871975,137.50037186780247
15 Jul 2026 13:13:00.000000000,4249.492664646572,3720.343718807955,3940.7459693649644,-5.900005064051384,2.2510915104199185,4.239995766162934,-0.005177527523164466,-0.004537305598725101,-0.004820695361602812,35.18517061007845,-90.04572937545049,515.7702615499552,6884.049690993284,0.0004619853329445316,53.01214300304839,9.496387019936854,254.25628464761684,151.4996866729249
15 Jul 2026 13:14:00.000000000,3886.429829848776,3847.1493399351994,4186.290594246687,-6.19765344582107,1.9742419999555565,3.941843571196825,-0.004733110305680843,-0.004690174189242768,-0.005119011634832726,37.71381760189333,-86.77717818073363,516.7642815910315,6883.243661453598,0.0005707843447124706,53.00960322174516,9.492892705351567,249.4124445883562,160.1423185907564
15 Jul 2026 13:15:00.000000000,3506.3202983558444,3957.080823490239,4413.422211530031,-6.468024644860952,1.68882554441348,3.626454420025619,-0.004268284819646876,-0.0048224303465279035,-0.005394681824719002,40.128973651508794,-83.26777281715614,517.7266960152571,6882.455671117008,0.0006849596851970126,53.00711813721586,9.488982115274876,247.75284128722475,165.60064644760797
15 Jul 2026 13:16:00.000000000,3110.836239952637,4049.661583899394,4621.148054419378,-6.709954527073367,1.3960950853329543,3.2952216932104896,-0.0037851094174740983,-0.004933540704508617,-0.0056465504736926755,42.41224271419664,-79.49132463918744,518.64347743113,6881.699513771088,0.0007981588007196298,53.00473120497818,9.48466800204442,247.96752181992906,169.1846341629104
15 Jul 2026 13:17:00.000000000,2701.7159268993137,4124.491117392267,4808.560976601947,-6.922404486196118,1.0973328380018539,2.9496049445877595,-0.003285709520973785,-0.005023064469419973,-0.005873569526854885,44.5428019827502,-75.42340337273961,519.5012176372944,6880.988411463149,0.000906406442963476,53.00248414600695,9.479970188912079,249.33075173460477,171.62002517026238
15 Jul 2026 13:18:00.000000000,2280.756087124034,4181.246591536472,4974.843227879354,-7.104465185847928,0.7938447252014031,2.5911233788143178,-0.002772268094691267,-0.005090653759162406,-0.006074800892334533,46.497417995079736,-71.0437526842539,520.2873470659873,6880.334785631022,0.0010068980789997258,53.000416217177474,9.47491521965818,251.43045325662916,173.31890428489714
15 Jul 2026 13:19:00.000000000,1849.8040498893865,4219.684100447201,5119.269834098233,-7.255359736795123,0.48695480129202295,2.221349190977695,-0.0022470163575476826,-0.005136053589594627,-0.006249418481240143,48.250721149189864,-66.33956484351268,520.9903394794421,6879.7500428271005,0.0010974854516544463,52.99856352524748,9.469535891102398,254.02096516266934,174.52693794782118
15 Jul 2026 13:20:00.000000000,1410.7497173821055,4239.639585685905,5241.211574003617,-7.3744463247762075,0.17799968614943096,1.8419007975160406,-0.001712224764485257,-0.0051591015639755634,-0.00639670979416556,49.775854300031725,-61.309500419959726,521.599898727295,6879.244378576232,0.0011764518610028567,52.99695839627068,9.463870676723744,256.94809692965407,175.39832023779556
15 Jul 2026 13:21:00.000000000,965.5173947057558,4241.029423932584,5340.137547277895,-7.461220305561552,-0.13167697487253424,1.4544359836139906,-0.0011701942712911073,-0.0051597273204831125,-0.006516077123654768,51.04559796887672,-55.96800051246786,522.1071247217124,6878.8266025703,0.0012424113325486404,52.99562881135767,9.457963051549998,260.1101101103685,176.03479169551466
15 Jul 2026 13:22:00.000000000,516.0575097447869,4223.850683387669,5415.617329423022,-7.5153157841385845,-0.4407300118633544,1.0606449882075077,-0.0006232478763963693,-0.005137951785831291,-0.006607038437336981,52.03401012711716,-50.34899351088742,522.504656159392,6878.503988022978,0.0012942631578548775,52.99459791853934,9.451860730095033,263.43646448537027,176.5068934056467
15 Jul 2026 13:23:00.000000000,64.33825336653655,4188.181051561299,5467.322710299234,-7.536506694077396,-0.7478181818205829,0.662243543934071,-7.372241754117409e-05,-0.005093886276400173,-0.006669228001211987,52.71848839654221,-44.50771334977167,522.7867879089289,6878.282147593823,0.0013311719503773026,52.993883629161296,9.445614830679913,266.8756207576311,176.86616456507195
15 Jul 2026 13:24:00.000000000,-387.66283048749034,4134.1784376555515,5495.02901407001,-7.5247073913659985,-1.051609562586146,0.2609658859721851,0.0004760394127287197,-0.005027731482156932,-0.006702396797591782,53.081984454191364,-38.519320848431164,522.9495613825959,6878.1649378484935,0.0013525593880756367,52.99349830577065,9.439278980678807,270.3876184622749,177.15256485916547
15 Jul 2026 13:25:00.000000000,-837.9672760436067,4062.08025317931,5498.61599904903,-7.479972774469007,-1.350786882900556,-0.141442259106958,0.0010236968809427555,-0.004939776355674617,-0.006706412777795474,53.11494115520214,-32.473635036659054,522.9908266187358,6878.154393757486,0.0013581008939342126,52.99344854686969,9.432908378274588,273.9392200320687,177.39933069911342
15 Jul 2026 13:26:00.000000000,-1284.6041201762037,3972.2023747719104,5478.068336540831,-7.4024979392359365,-1.644052783375026,-0.5432306955695356,0.0015669189116918661,-0.004830396919120969,-0.006681260978846769,52.81648135737876,-26.46651034711382,522.9102752125526,6878.250694256387,0.001347723871146064,52.99373507223667,9.426558827020992,277.5003993629951,177.63648696983833
15 Jul 2026 13:27:00.000000000,-1725.618292316141,3864.9377935297707,5433.475668246865,-7.292617373792347,-1.9301350035592961,-0.942651784189764,0.002103391731923826,-0.004700054992872494,-0.0066270435222529015,52.194521039744885,-20.5897198685292,522.7094436455724,6878.452159399094,0.001321605872070746,52.99435271077716,9.420285759990163,281.0414189721426,177.89377018888402
15 Jul 2026 13:28:00.000000000,-2159.0789423358615,3740.7549554010016,5365.032242241353,-7.15080369488491,-2.2077914901984506,-1.3379674644121915,0.002630826521601161,-0.004549296835712076,-0.006543979495003888,51.264774120965114,-14.921855889032544,522.3916869782392,6878.755279141229,0.0012801721605194038,52.995290491098245,9.41414327045557,284.5299271403528,178.20353167768224
15 Jul 2026 13:29:00.000000000,-2583.087678829758,3600.195797548143,5273.036127932203,-6.977665923573998,-2.475815420871543,-1.7274562656540757,0.0031469671281780047,-0.0043787516780606816,-0.006432404700871146,50.04892708069228,-9.522311896911178,521.9621232830488,6879.154773293953,0.0012240929977873835,52.996531833228076,9.408183165937764,287.92750556008053,178.60419021774203
15 Jul 2026 13:30:00.000000000,-2995.7866899829373,3443.8734859803894,5157.888010898628,-6.773947294908362,-2.7330401357956804,-2.109420299250485,0.0036495978960408163,-0.004189130120616952,-0.006292771256709247,48.5724414302406,-4.429159561844105,521.4275496085613,6879.643681699351,0.001154281990846201,52.99805483815607,9.402454062025829,291.18490532363705,179.14499634976798
15 Jul 2026 13:31:00.000000000,-3395.366718909996,3272.4698602124045,5020.089569032967,-6.540522593409107,-2.978343968721153,-2.482192220696378,0.004136551651347603,-0.003981222361951674,-0.006125646994450692,46.86243412978493,0.33956920773164756,520.7963306745941,6880.2134831969515,0.0010718984333804938,52.99983267018259,9.397000531745405,294.23472205354494,179.8933575083205
15 Jul 2026 13:32:00.000000000,-3780.0748646394127,3086.732591372656,4860.241432141089,-6.278395004188304,-3.2106549654038026,-2.8441421490644387,0.004605717869374183,-0.003755896213089119,-0.005931714619308642,44.94594198738278,4.782438373257328,520.0782619058955,6880.85424148723,0.000978359612899588,53.00183402546252,9.391862325248693,296.9792018774509,180.94703228302964
15 Jul 2026 13:33:00.000000000,-4148.222179382224,2887.4720609161072,4679.040728011694,-5.988692468295439,-3.428955475573886,-3.1936845273564414,0.005055051036545021,-0.0035140948537409947,-0.005711770566994489,42.848694864820196,8.910329269910251,519.2844088113123,6881.554775554399,0.0008753755817824425,53.004023678636,9.387073673395115,299.26856592641366,182.45580612257086
15 Jul 2026 13:34:00.000000000,-4498.191031968973,2675.5579680412206,4477.2782190653115,-5.672663530711446,-3.632286601474329,-3.529284903818042,0.005482579200720522,-0.0032568342819358454,-0.0054667234949157505,40.59438012054766,12.742314214884694,518.4269251049977,6882.302851894366,0.0007650341573811356,53.006363098086325,9.382662687421908,300.86005262724404,184.66244920582182
15 Jul 2026 13:35:00.000000000,-4828.442206671532,2451.915675015806,4255.83503501233,-5.331672670307071,-3.8197524831879957,-3.8494666103115383,0.005886412685932626,-0.0029852004106473793,-0.005197592341079252,38.20430370559207,16.302217256154332,517.518852339657,6883.085395412629,0.0006500025969718255,53.0088111191702,9.37865086512034,301.33581798445624,187.9848162805785
15 Jul 2026 13:36:00.000000000,-5137.521706046284,2217.522300874305,4015.679008513353,-4.967195103097704,-3.9905243982504874,-4.152817309793676,0.006264752927781733,-0.0027003457671320496,-0.0049055038828294175,35.69733185308763,19.616031213583653,516.5739041728659,6883.888715514828,0.0005340175183549106,53.01132466375461,9.375052712251536,299.9304146195364,193.1883676988171
15 Jul 2026 13:37:00.000000000,-5424.0672259985395,1973.402575379789,3757.8606226409133,-4.580811053284794,-4.143844650545805,-4.437995380989681,0.006615901367575358,-0.0024034857564872803,-0.004591689731523955,33.09000871191493,22.710139374951375,515.6062387075632,6884.698743618918,0.0004231268387507139,53.01385949357822,9.371875485850001,295.1731211652889,201.74384004826626
15 Jul 2026 13:38:00.000000000,-5686.814271063653,1720.6244667023088,3483.5085809776783,-4.174199490802701,-4.279030221385899,-4.703736104679536,0.0069382683261297855,-0.0020958944585674935,-0.004257482705430967,30.396769674281106,25.610193049607464,514.6302226287097,6885.501278078872,0.0003287885540975689,53.016370984355426,9.369119064008489,284.3658566861099,216.34933170783808
15 Jul 2026 13:39:00.000000000,-5924.601877978415,1460.2945979416324,3193.8250134269615,-3.7491313393098387,-4.395476154079726,-4.94885761280056,0.007230381763619918,-0.0017788999368071648,-0.0039043125327094877,27.630195406033188,28.34047707917457,513.6601910890324,6886.282232331108,0.00027293457521994444,53.018814907161456,9.366775944499006,264.678601772414,239.83488167801428
15 Jul 2026 13:40:00.000000000,-6136.377916039256,1193.553469362056,2890.0803332257483,-3.3074621646239306,-4.492658642328553,-5.172266558987435,0.007490895815436984,-0.0014538790476724677,-0.0035337008460347673,24.801272351931154,30.923614691546508,512.7102074686383,6887.027881964852,0.0002799787991747983,53.0211482034908,9.36483137245591,240.73415257718412,267.5777154184708
15 Jul 2026 13:41:00.000000000,-6321.203933545636,921.5705050034105,2573.607763193327,-2.8511243603561676,-4.570137792497914,-5.3729634673654845,0.00771859899016476,-0.0011222517534056416,-0.003147255448145176,21.919640525577428,33.38049531567063,511.7938272355495,6887.72510637884,0.0003436219503273388,53.023329740467176,9.363263595004952,223.54705529036508,288.56331019840684
15 Jul 2026 13:42:00.000000000,-6478.259520854911,645.538944109549,2245.7975518708577,-2.3821188547210705,-4.627560030303133,-5.550047715505649,0.00791242190467441,-0.0007854749521108007,-0.002746663840081396,18.993819376652592,35.73034101993658,510.9238701586572,6888.361620726642,0.0004360230255754893,53.0253210330033,9.362044238570485,214.8604366586407,301.0485643541446
15 Jul 2026 13:43:00.000000000,-6606.846162242306,366.67059954966845,1908.0909028485582,-1.9025063699782254,-4.6646601237158745,-5.702722107531368,0.008071444430022329,-0.0004450358531446022,-0.002333686022041006,16.03140870186593,37.99085385725536,510.1122050634403,6888.926193971448,0.000538129469656668,53.0270869202579,9.361138802399957,211.46217330929355,308.2456276983167
15 Jul 2026 13:44:00.000000000,-6706.390550875388,86.190507030104,1561.9736431841836,-1.4143982734485232,-4.6812627959713735,-5.830296994488887,0.008194902127703727,-0.0001024449393796685,-0.0019101465958121996,13.039265129007616,40.17840651449592,509.3695511692151,6889.40884907106,0.0006406146137961541,53.02859618450728,9.36050725991034,211.01548671169465,312.4913062509219
15 Jul 2026 13:45:00.000000000,-6776.44734376945,-194.6685096084546,1208.9696593163692,-0.9199470663124952,-4.677283905387309,-5.932193901277449,0.008282191855188222,0.0002407714306662151,-0.001477926212591423,10.023656596559574,42.30825298700827,508.70529980230714,6889.801041594528,0.0007386740322299078,53.029822101526406,9.36010475743454,212.28878804796165,315.0172170253616
15 Jul 2026 13:46:00.000000000,-6816.7013365680805,-474.6713304280951,850.6341312165646,-0.4213365631762705,-4.652731172261557,-6.007948622656831,0.008332876434976507,0.0005830787156642583,-0.0010389524293895685,6.990398139742498,44.39474578380637,508.1273599427573,6890.095813428272,0.0008294877864481775,53.03074291274513,9.359882398321352,214.63754602988044,316.4679198377003
15 Jul 2026 13:47:00.000000000,-6826.969041354607,-752.5860611132445,488.5465976393309,0.07922817852241354,-4.607704437299191,-6.05721375505304,0.008346688292714415,0.0009229421048337642,-0.0005951900515786825,3.94497261760012,46.451552641844295,507.6420306376951,6890.287918659416,0.0009112215909121545,53.03134221078881,9.359788098756967,217.70663667945496,317.1985671277516
15 Jul 2026 13:48:00.000000000,-6807.199654397886,-1027.1895559333575,124.30388716799314,0.5795311150328557,-4.542395440733559,-6.07976063597251,0.00832353198689847,0.0012588345695058556,-0.00014863105327676243,0.892640052207833,48.491869886721034,507.2539028096928,6890.37391921781,0.0009826200538354303,53.03160923150804,9.359767500474478,221.28913829871797,317.41610857284473
15 Jul 2026 13:49:00.000000000,-6757.475404710543,-1297.2729129927066,-240.48704873629674,1.0773555904083556,-4.457087116420005,-6.075480668684686,0.008263485571835849,0.0015892449650030235,0.00029871582143995925,-2.1614608314681742,50.5286321585301,506.96579241462854,6890.352248407288,0.0010428270442999548,53.03153904722189,9.35976492437261,225.2585442652137,317.24707786477313
15 Jul 2026 13:50:00.000000000,-6678.011278478898,-1561.6469126350946,-604.2163633283245,1.5704947570509256,-4.35215240055814,-6.0443860162876275,0.008166800757765444,0.0019126860918380099,0.0007448356646044226,-5.212215380169607,52.57471973021348,506.7787062746941,6890.223241050079,0.0010912983930342758,53.031132657618315,9.35972434841926,229.53452490725658,316.77183040301253
15 Jul 2026 13:51:00.000000000,-6569.15411873873,-1819.1473699971136,-965.2785647138147,2.056761969983001,-4.228052560184203,-5.986609656155267,0.008033901854721347,0.0022277026249068834,0.0011877181005900336,-8.254436687412003,54.64316539823209,506.69184124550145,6889.989129593432,0.0011277540231257588,53.03039697654296,9.359590392646366,234.06464130852652,316.0428290620218
15 Jul 2026 13:52:00.000000000,-6431.381104033036,-2068.640373183123,-1322.0797500937392,2.534001082016276,-4.085335052011248,-5.9024047928845516,0.0078653835080502,0.002532878820951027,0.0016253679527352784,-11.282766767644024,56.74736308623912,506.70261668937803,6889.654006169318,0.0011521471178782704,53.02934471473245,9.359309293980209,238.8140499894468,315.09493909260436
15 Jul 2026 13:53:00.000000000,-6265.297614123338,-2309.027379309956,-1673.0447857774523,3.0000965682282383,-3.9246309274320637,-5.7921436350161155,0.00766200726126524,0.0028268459204367946,0.0020558157624051055,-14.291571777104343,58.90127990578672,506.8067395402493,6889.223751243915,0.0011646401783446312,53.02799416038017,9.358829853689976,243.75941764075526,313.95151298923895
15 Jul 2026 13:54:00.000000000,-6071.63449504405,-2539.250141772371,-2016.6243951422039,3.4529834107637223,-3.7466518043821946,-5.656315547789934,0.007424696996484822,0.0031082891651459514,0.0024771280460498257,-17.274827727653857,61.11967237202094,506.99830057774614,6888.705930127722,0.0011655831293018047,53.02636886122741,9.358104340742745,248.8851544144873,312.628156825287
15 Jul 2026 13:55:00.000000000,-5851.2447398201,-2758.295443447912,-2351.3021176378716,3.8906566788307035,-3.55218643116028,-5.495524600822213,0.007154533329363125,0.0033759543636520456,0.0028874171842028355,-20.22599302447877,63.418305545794446,507.2698998983596,6888.1096592248305,0.001155491110765053,53.024497213618545,9.35708933504172,254.18097096912985,311.1351728660951
15 Jul 2026 13:56:00.000000000,-5605.099604934003,-2965.1996121866614,-2675.6011032386027,4.311180743744709,-3.3420968710956895,-5.310486535670855,0.006852747050092897,0.0036286539472103335,0.0032848508468503027,-23.13786409996403,65.81417066711249,507.6127989961213,6887.445444468969,0.0011350208419351583,53.022411965617934,9.355746495594463,259.6402109671633,309.479226768079
15 Jul 2026 13:57:00.000000000,-5334.284186072039,-3159.052796758182,-2988.090708392931,4.712698074813212,-3.117314340051574,-5.102025183630623,0.006520711715546256,0.003865272470632545,0.0036676608723117112,-26.002410539893432,68.32569174763921,508.0170963592946,6886.724994911241,0.0011049451316843192,53.020149642821345,9.354043239902625,265.2586432921127,307.664555102409
15 Jul 2026 13:58:00.000000000,-5039.9924797426465,-3339.0029834276074,-3287.3928614723654,5.093437568544737,-2.878834731077506,-4.871068368632827,0.006159935508563675,0.004084771525431704,0.004034151531084145,-28.810586617004933,70.9729037368009,508.4719230636137,6885.9610148783395,0.0010661255299268453,53.01774990688682,9.351953322444436,271.033524716871,305.69390247659436
15 Jul 2026 13:59:00.000000000,-4723.52196001408,-3504.259735439287,-3572.1881679130997,5.451722370880236,-2.627713862053661,-4.618643333716605,0.0057720524902049215,0.0042861940483201666,0.004382707124661996,-31.552117406760555,73.77757313357831,508.9656545054199,6885.166978504493,0.0010194834074296847,53.01525485802457,9.34945730182359,276.96281565418747,303.56930562733504
15 Jul 2026 14:00:00.000000000,-4386.267701820047,-3654.097639876676,-3841.2217276339907,5.785977159654945,-2.3650624828646127,-4.3458717321190745,0.005358813368583314,0.004468668018743718,0.0047117988838037686,-34.21526020065547,76.763214970629,509.4861341736057,6884.35689074533,0.0009659699870407809,53.01270829370792,9.346542888195511,283.04447467287525,301.2927988045208
15 Jul 2026 14:01:00.000000000,-4029.7160840433294,-3787.8594485577637,-4093.308639827516,6.094734862033782,-2.092041078556882,-4.0539642255760295,0.004922075909726282,0.004631409553846419,0.005019991149480478,-36.78654655062299,79.95493678574783,510.0209052089181,6883.545039205297,0.00090653606208299,53.010154936671135,9.343205164603374,289.2757847964332,298.867087432171
15 Jul 2026 14:02:00.000000000,-3655.4381068901075,-3904.958901803195,-4327.339172803232,6.376642789004995,-1.8098545040895744,-3.744214732940807,0.004463795110836169,0.004773725421772899,0.005305946837576273,-39.25051806204952,83.37901033705266,510.5574454406007,6882.745741248465,0.0008421023425171553,53.00763964583551,9.339446678145396,295.6526825743952,296.29621905752214
15 Jul 2026 14:03:00.000000000,-3265.0823589451393,-4004.883226011647,-4542.283579152112,6.630468175919435,-1.5197464847817423,-3.4179943717663996,0.003986013244048185,0.004895015001979119,0.0055684322010498164,-41.58948130010957,87.06203793593333,511.0834016190306,6881.973090916015,0.0007735315658626699,53.00520662413642,9.33527739915699,302.1690712206761,293.5862702945157
15 Jul 2026 14:04:00.000000000,-2860.367669770338,-4087.1952979727093,-4737.196539036535,6.8551031243288705,-1.2229940144745026,-3.076745134142117,0.003490849870193752,0.004994771732499539,0.0058063209203079585,-43.78332502988973,91.02955062688429,511.586818671364,6881.240710143306,0.0007016036828302277,53.0028986373075,9.330714548998857,308.81609841495236,290.7460691651321
15 Jul 2026 14:05:00.000000000,-2443.075484032433,-4151.53547069477,-4911.221216845965,7.049568945824163,-0.9209016809042191,-2.7219733359474922,0.002980491905401492,0.005072584089555817,0.0060185975631954,-45.809466555917936,95.30386838543394,512.0563599873485,6880.561508659522,0.0006269955475404543,53.00075625750799,9.325782299310644,315.5813555430014,287.78799606111954
15 Jul 2026 14:06:00.000000000,-2015.0419929536877,-4197.623057219145,-5063.59291874671,7.213019913073136,-0.6147959449282738,-2.355242875929212,0.0024571838058340166,0.005128136147277013,0.006204360463207113,-47.64302041370919,99.90110057592781,512.4815149839758,6879.947456766611,0.0005502665673620733,52.998817145260276,9.320511347969216,322.44787529291426,284.72898640667745
15 Jul 2026 14:07:00.000000000,-1578.150058457914,-4225.257470397469,-5193.6423407606435,7.344746426703778,-0.306019397238024,-1.9781683377923351,0.0019232179204882347,0.0051612077709727545,0.0063628240753362845,-49.257303900543526,104.82731358212857,512.852790491631,6879.409374939936,0.0004718516522009757,52.997115382502244,9.314938379123898,329.392574847585,281.5920877781901
15 Jul 2026 14:08:00.000000000,-1134.3209647693595,-4234.319017939708,-5300.798398911102,7.444177609033065,0.0040749868592490504,-1.5924079650015308,0.0013809250401234834,0.005171674491313807,0.00649332086581642,-50.62479387195392,110.07418342422574,513.1618828400726,6878.956743873717,0.00039206251674113224,52.99568086866335,9.309105416833738,336.383107077508,278.4096090725894
15 Jul 2026 14:09:00.000000000,-685.506031507594,-4224.769353182109,-5384.590634658774,7.510883336896811,0.3141295769265515,-1.1996565344064214,0.0008326651554155662,0.005159507108130838,0.006595302797150168,-51.71860497896856,115.61487860151315,513.4018278920796,6878.5975382218385,0.00031109796322117744,52.994538790563084,9.303059083693677,343.3697457553815,275.2312356976199
15 Jul 2026 14:10:00.000000000,-233.6781215557441,-4196.651583000664,-5444.651190316877,7.544575726044072,0.622787786166844,-0.8016381513238404,0.0002808184190538578,0.005124771065501755,0.006668342464525003,-52.51445087988382,121.40136428451899,513.5671266668037,6878.338086861406,0.00022906348278928544,52.99370917562118,9.296849777586655,350.2589333437739,272.1504822267649
15 Jul 2026 14:11:00.000000000,219.1769237641572,-4150.090035119207,-5480.716350394925,7.545110078814542,0.9286997267908789,-0.40009898550838047,-0.0002722237082006839,0.005067625632430233,0.006712133933280152,-52.992880308910394,127.3645168195224,513.6538446079463,6878.18296204465,0.00014600229501707476,52.99320653638784,9.290530781151455,356.7932169235749,269.42475694445704
15 Jul 2026 14:12:00.000000000,671.0688903875794,-4085.289687755551,-5492.627645895815,7.512485305250515,1.2305278111579805,0.0032000353510154406,-0.0008240671595207399,0.004988322914138226,0.006726493317418923,-53.14139918753008,133.41806218932825,513.6596829775319,6878.134899308996,6.197378159545224e-05,52.99303961277273,9.28415731979196,1.437845669845821,268.588764868066
15 Jul 2026 14:13:00.000000000,1120.0118066962073,-4002.535265166392,-5480.332519503767,7.446843825584303,1.5269522890743508,0.40649056004917544,-0.0013723238531497708,0.004887206713661409,0.006711359134084435,-52.95599341346245,139.4662831234379,513.5840212904573,6878.194749493943,2.3889663865460374e-05,52.993211216607186,9.277785584990268,204.6558134066798,69.17946570675497
15 Jul 2026 14:14:00.000000000,1564.032537450996,-3902.190003169278,-5443.884550418434,7.348470959372421,1.8166767124766365,0.8080041633325692,-0.0019146202200261667,0.004764711246225576,0.006666792447552087,-52.44164484709559,145.41403211603387,513.4279301446671,6878.361463674877,0.0001097221296447389,52.99371818134048,9.271471740300221,202.67057258122747,74.97336041035932
15 Jul 2026 14:15:00.000000000,2001.1793256973247,-3784.694089270857,-5383.443238308354,7.21779380365681,2.098433318632939,1.205979698053092,-0.0024486057164748243,0.0046213597053112844,0.006592976811778557,-51.61169223638232,151.17660087555296,513.1941542444922,6878.632111273306,0.00019682619448533446,52.99455141779008,9.265270927718678,208.5867336456426,72.86579231051849
15 Jul 2026 14:16:00.000000000,2429.5302521103317,-3650.5627825454044,-5299.27334658376,7.055379599630638,2.370988322594543,1.5986706377378601,-0.0029719613693474567,0.004457762665776929,0.006490218002423405,-50.48622002810579,156.6870605747936,512.8870658584138,6879.001931050077,0.0002847091130214081,52.99569607496246,9.25923629215373,215.08353559085637,70.17747710267567
15 Jul 2026 14:17:00.000000000,2847.201581040645,-3500.3842190049418,-5191.743805929047,6.861933584615439,2.6331471084764995,1.9843523963598555,-0.003482408394900368,0.004274616301141701,0.006358943516937161,-49.08990080874507,161.89975910574012,512.5125893955185,6879.464414137325,0.0003730512403672548,52.99713180307999,9.253418041359167,221.66991683607884,67.39943245696473
15 Jul 2026 14:18:00.000000000,3252.3559623398105,-3334.8169088403406,-5061.3261798359445,6.63829632388437,2.883759307608617,2.3613296105521866,-0.003977716923945617,0.004072700385125738,0.0061997018102166465,-47.4497734654252,166.7900648592458,512.0780982253043,6880.011417725743,0.00046141976314275837,52.998833114115264,9.247862558062884,228.2192054674319,64.65828825759725
15 Jul 2026 14:19:00.000000000,3643.2104574550963,-3154.5869327579353,-4908.592694871353,6.385440515358562,3.121723749473131,2.7279433670181064,-0.00445571485284696,0.0038528760404456896,0.006013161221145665,-45.593328240567544,171.3514469338897,511.5922853009037,6880.633307501611,0.0005492511790606083,53.00076983339039,9.24261158012304,234.68118728948573,62.00421899858211
15 Jul 2026 14:20:00.000000000,4018.044358095719,-2960.4848454491093,-4734.213839450127,6.104467259296567,3.345993269212544,3.0825783552758286,-0.004914296827185974,0.003616083196148722,0.005800108540326146,-43.547086314654464,175.59128170310805,511.06500957229906,6881.3191264321495,0.0006358515853596735,53.002907634167705,9.237701463250431,241.03134396207133,59.46170605810116
15 Jul 2026 14:21:00.000000000,4375.206765044631,-2753.3622953632216,-4538.9555362363,5.796601785358013,3.555579352870868,3.4236699223515794,-0.005351433344541916,0.00336333770927485,0.005561447157747623,-41.335697130161996,179.52653410807537,510.5071205900806,6882.0567870344585,0.0007204056210621534,53.005208645678586,9.2331625394183,247.25657588086332,57.04381518617872
15 Jul 2026 14:22:00.000000000,4713.123894366737,-2534.128371118578,-4323.67589477592,5.46318863056912,3.749556599099006,3.749711002588017,-0.005765179949916311,0.0030957281121340146,0.005298194733719338,-38.9814755671959,-176.81999227743054,509.9302640949454,6882.833283840626,0.0008019918843369169,53.0076321237281,9.229018582303027,253.349842533315,54.75755646907961
15 Jul 2026 14:23:00.000000000,5030.306077890525,-2303.745686247886,-4089.321552703831,5.105686264012787,3.9270669736429977,4.059258892058824,-0.006153686474368368,0.0028144119451113236,0.005011480329677547,-36.5042628426068,-173.4225579908099,509.34667175750343,6883.634922398644,0.0008796034105945624,53.010135171904054,9.225286389219205,259.3076429479211,52.606404147984534
15 Jul 2026 14:24:00.000000000,5325.3544246725005,-2063.2262154689474,-3836.9236158179688,4.725661157436307,4.087323830789723,4.350941833548287,-0.006515206253130414,0.0025206116434524145,0.004702540943774085,-33.92149830646352,-170.25453901626355,508.7689385676209,6884.447560830748,0.0009521719568584164,53.01267350052626,9.221975486856483,265.1285853069152,50.59172721828946
15 Jul 2026 14:25:00.000000000,5596.967110230212,-1813.626897271171,-3567.5932094721034,4.324781305364079,4.229615674205425,4.62346537482132,-0.006848105240697867,0.00221560995220465,0.004372717399876276,-31.248411744475447,-167.28975776747188,508.2097916644243,6885.256859718147,0.0010185949410750292,53.01520220981317,9.219087965991708,270.8124399325844,48.71373659678139
15 Jul 2026 14:26:00.000000000,5843.9452606919485,-1556.0450193146478,-3282.5166560790876,3.904809203648699,4.3533096283573665,4.875618460154887,-0.0071508709274630934,0.0019007448542487464,0.004023449550000386,-28.49827223274069,-164.5032647435075,507.6818546363729,6886.048535897504,0.001077763998746044,53.01767658332842,9.216618447954874,276.35943116544746,46.9721933368545
15 Jul 2026 14:27:00.000000000,6065.198399733846,-1291.6134048868842,-2982.950296000727,3.467594301524953,4.457854591098447,5.10627921300102,-0.007422120948964136,0.0015774040063754474,0.003656270760669252,-25.682652573767474,-161.871731037908,507.19741149602726,6886.808615648964,0.0011285942435925852,53.02005287760778,9.214554183325367,281.76965111313245,45.366994912391355
15 Jul 2026 14:28:00.000000000,6259.749427282992,-1021.4954204374186,-2670.214971688055,3.0150649489914376,4.542784038074716,5.314420366343154,-0.0076606112718873446,0.00124701869156453,0.003272801669621678,-22.811685548047762,-159.37358109836805,506.7681746366472,6887.523682730013,0.0011700534464459459,53.02228909395734,9.212875280939105,287.04252508226335,43.898709758458196
15 Jul 2026 14:29:00.000000000,6426.73910050091,-746.8798259475985,-2345.690197568491,2.5492198685061176,4.60771845046123,5.499114296915113,-0.007865243835111191,0.0009110573078700033,0.002874743214313284,-19.89429990926316,-156.98896142694403,506.40506109850156,6888.181116769633,0.0012011904745499434,53.02434571875622,9.21155506300936,292.1762732537746,42.569115509881165
15 Jul 2026 14:30:00.000000000,6565.429989532922,-468.9754915641847,-2010.8080407998975,2.072119187329706,4.652367339154952,5.659537620054461,-0.008035073521760956,0.0005710184275781063,0.0024638689504154513,-16.938431427079877,-154.69961171631007,506.11798140528924,6888.769317682442,0.0012211624644244139,53.02618641918366,9.210560539892084,297.16731180773036,41.38179773408712
15 Jul 2026 14:31:00.000000000,6675.209882923202,-189.0060054716055,-1667.0467405634597,1.585875074130431,4.6765308409632,5.794975303608097,-0.00816931434631534,0.00022842347369249097,0.0020420166981515776,-13.951208624445675,-152.48868234150243,505.9156450707889,6889.277911995308,0.0012292603445292769,53.02777868210794,9.209852995919904,302.0095231815722,40.3428794776538
15 Jul 2026 14:32:00.000000000,6755.594620438917,91.79580064737034,-1315.9240959803565,1.0926420304229485,4.680100865484867,5.904824262006914,-0.008267344740322948,-0.00011519092810915103,0.0016110795683881888,-10.939115223057632,-150.34052581599582,505.8053866201754,6889.697937292847,0.001224932495508157,53.029094384910756,9.209388675782606,306.69329716370777,39.46197992891713
15 Jul 2026 14:33:00.000000000,6806.230334288989,372.1933810441443,-958.9906549581658,0.5946068938237286,4.663061775225759,5.988596395341961,-0.008328711839792688,-0.00045828085221948507,0.001172996440236683,-7.908132467551843,-148.2404785676047,505.79301562175755,6890.02200138267,0.001207806565623885,53.03011028825162,9.209119559172217,311.2041941661012,38.753550857976336
15 Jul 2026 14:34:00.000000000,6826.895083326621,650.9520317935302,-597.8227382344228,0.09397861572612931,4.6254905859314475,6.045921042941292,-0.008353134687278095,-0.000799303152301829,0.0007297419746700627,-4.863864961033316,-146.1746418895144,505.88269378745787,6890.244413245578,0.0011777098006572168,53.03080844218438,9.208994209853232,315.5209928434647,38.23882867220253
15 Jul 2026 14:35:00.000000000,6817.499868732771,926.8444440728409,-234.01533453911506,-0.40702211937005206,4.567556679048376,6.0765468264545515,-0.008340506278308403,-0.001136723631282003,0.00028331626223347504,-1.8116537404508792,-144.12966606939264,506.07684168286414,6890.361283363739,0.0011346888051325555,53.03117649859019,9.20895868406306,319.6127237837327,37.94880036885475
15 Jul 2026 14:36:00.000000000,6778.089023826069,1198.6562254312412,130.82509589775884,-0.9061733621548169,4.489521023501523,6.080342863663711,-0.008290894409581553,-0.001469025212215251,-0.00016426578596391263,1.2433197488946557,-142.09253865935224,506.3760770020235,6890.370591598293,0.0010790306363528033,53.03120792456598,9.208957482100349,323.43399402467304,37.928878636673126
15 Jul 2026 14:37:00.000000000,6708.839974960007,1465.1913596529234,495.08787135669377,-1.4012623815231797,4.391734909459944,6.057299340989163,-0.008204541299202997,-0.0017947160175596226,-0.0006109851885238828,4.295935236493629,-140.05037603633141,506.77918572294607,6890.272221405084,0.0010112889976297563,53.0309021131694,9.208934526268372,326.9173380978475,38.24655041232485
15 Jul 2026 14:38:00.000000000,6610.0623748706275,1725.2775761430203,857.165353519225,-1.8900960885764357,4.274638202292623,6.007527439763113,-0.008081861980250304,-0.0021123372654066595,-0.0010548296647664168,7.34103732085572,-137.9902164373648,507.28312678468774,6890.06795981938,0.0009323230669997232,53.030264389740125,9.208834147901083,329.9601986788539,39.00439582004627
15 Jul 2026 14:39:00.000000000,6482.196614244368,1977.771600425775,1215.460188532055,-2.3705113284670882,4.138757130337601,5.93125861859901,-0.007923441487557411,-0.002420470893938804,-0.001493804305435147,10.37333787221298,-135.89881232289682,507.88307023442815,6889.7614632925215,0.0008433646203115718,53.02930591386194,9.208602066086817,332.40179951761525,40.36321482809118
15 Jul 2026 14:40:00.000000000,6325.811721603527,2221.564258318345,1568.3924858969815,-2.8403849689274456,3.984701625263913,5.8288432613909755,-0.0077300308837479435,-0.002717746831492305,-0.0019259420247064877,13.387313721222185,-133.76242014650947,508.5724681029996,6889.358190110523,0.0007461477543143378,53.02804347886651,9.208186340879141,333.98019875199753,42.584973526011225
15 Jul 2026 14:41:00.000000000,6141.602665771815,2455.585407624172,1914.40689762279,-3.2976437176515936,3.813162238547548,5.700748707427153,-0.007502542189233138,-0.0030028498370935843,-0.0023493136807162585,16.37709613503332,-131.56658643973685,509.3431565996235,6888.865300752759,0.0006431809294278337,53.02649921257402,9.207538284314445,334.2493102829865,46.115782351684246
15 Jul 2026 14:42:00.000000000,5930.387079113746,2678.8086727268224,2251.9795612556254,-3.740273605251352,3.6249066617848125,5.5475566866027455,-0.007242042303507881,-0.003274525847244461,-0.0027620377614292688,19.336348477915372,-129.2959307370525,510.18548758936305,6888.291528142908,0.0005383557712559695,53.02470018469127,9.20661331329625,332.4165321862736,51.748267300060284
15 Jul 2026 14:43:00.000000000,5693.101423363237,2890.2559592473413,2579.6248719581495,-4.166329076154126,3.420775882108882,5.369960188592898,-0.006949746018956137,-0.003531587775685769,-0.003162289544027902,22.25812837959632,-126.93392860531304,511.08848674682474,6887.647020292426,0.00043836005937495753,53.022677927909015,9.20537172950418,327.0557657244069,60.90855055589112
15 Jul 2026 14:44:00.000000000,5430.796623118329,3089.001727888107,2895.9020506858415,-4.573941636347647,3.2016800067804336,5.1687597999397825,-0.006627008241609938,-0.0037729207255887643,-0.003548309649776271,25.134730795283247,-124.46270243402502,512.0400352808973,6886.943158327598,0.00035570073527110553,53.02046788123455,9.203779412746036,315.9036173266925,75.8600481891411
15 Jul 2026 14:45:00.000000000,5144.633194923396,3274.1770087042287,3199.421477664725,-4.961328014109339,2.9685937930164696,4.9448595471966215,-0.0062753155468327345,-0.00399748658931122,-0.003918411934000695,27.957508715942538,-121.86283445453698,513.0270717085991,6886.192353314857,0.0003118712735076715,53.01810876543315,9.201808415799377,297.50222393610125,98.06064451906194
15 Jul 2026 14:46:00.000000000,4835.875902263817,3444.973139240507,3488.8507627559115,-5.326797797536819,2.7225519202866186,4.6992622874589935,-0.005896277197346806,-0.004204328022093077,-0.004270990665729555,30.71666926971308,-119.11322671666605,514.0358098289249,6885.407825649486,0.0003270332748125477,53.015641901614735,9.199437450455964,276.6004023360439,122.76154253861807
15 Jul 2026 14:47:00.000000000,4505.887968732399,3600.645212224316,3762.9205268302717,-5.668760520584,2.4646440426275746,4.433064689748684,-0.00549161575651574,-0.004392571791715541,-0.0046045269708086065,33.40104500883579,-116.19104770539562,515.0519688134921,6884.603371043702,0.00039520650324721354,53.01311048496731,9.196652256461253,261.2630950419089,141.89781781810058
15 Jul 2026 14:48:00.000000000,4156.124883093229,3740.5152207434858,4020.429870915856,-5.9857321771500756,2.196009658043237,4.147451851775919,-0.0050631574268022814,-0.004561431519443821,-0.0049175945305351175,35.997843997410236,-113.07182615667719,516.0610111905563,6883.793117340002,0.0004934896409959706,53.01055882639253,9.19344584705756,252.8599657533497,154.09982289483946
15 Jul 2026 14:49:00.000000000,3788.12783096898,3863.974891031472,4260.251512553185,-6.276341150328477,1.9178328308144557,3.84369159661567,-0.004612822233928255,-0.004710209837870736,-0.005208864543247979,38.49238887858998,-109.7297800132226,517.0483844492805,6882.9912764834025,0.0006045831060588663,53.008031575329696,9.189818627056281,249.09515049280773,161.66343602551942
15 Jul 2026 14:50:00.000000000,3403.5167884468597,3970.488195069053,4481.33657144088,-6.539333550964651,1.631336800640406,3.5231284928490396,-0.004142614169559173,-0.00483830000297481,-0.005477109973677356,40.867865626081546,-106.13850092057599,517.999762026928,6882.211896012649,0.0007189011649080228,53.0055729373529,9.185778381507163,248.05798870568327,166.499330026766
15 Jul 2026 14:51:00.000000000,3003.9833130551024,4059.59353718044,4682.718989016513,-6.773577966004705,1.3377785100479203,3.187177639837615,-0.003654611391177707,-0.004945187006250808,-0.005721209128850684,43.105118394084876,-102.27214623929675,518.9012795551185,6881.468614380567,0.0008309443400663903,53.00322590018924,9.181340135400003,248.64445312051572,169.71154240576988
15 Jul 2026 14:52:00.000000000,2591.2830673794356,4130.905610588823,4863.519569047259,-6.978069622554195,1.0384430786044825,2.837318257138548,-0.0031509565605852487,-0.005030448237485456,-0.005940148609622819,45.18254830236896,-98.10730686308624,519.7397624232414,6880.774424289597,0.000937141973245492,53.00103148163431,9.176525886918304,250.24035206613607,171.91427308319294
15 Jul 2026 14:53:00.000000000,2167.228110089329,4184.116921519688,5022.949628556333,-7.151933977993787,0.7346382492318965,2.4750871137841575,-0.002633847386432138,-0.0050937537546721715,-0.006133025697993583,47.076199538109336,-93.62569302752684,520.5029409576778,6880.141448038071,0.0010349057832358935,52.999028012436284,9.17136421911498,252.49188640126224,173.46132755117483
15 Jul 2026 14:54:00.000000000,1733.6789884289312,4218.998979845373,5160.314250452914,-7.294429749804597,0.42768882855093154,2.102071829410661,-0.00210552741550254,-0.005134866217033035,-0.0062990502443500945,48.76013979116678,-88.81767064257397,521.1796498046682,6879.580728621232,0.001122223540129176,52.99725046659282,9.165889796840375,255.18479981535953,174.56696670503905
15 Jul 2026 14:55:00.000000000,1292.5366653312274,4235.403156480007,5275.015131040363,-7.404951400911233,0.11893113977962808,1.7199040752131773,-0.0015682770993251211,-0.005153640537915604,-0.006437546123703223,50.207250687118666,-83.68644267267501,521.7600084320675,6879.102040025397,0.0011974795413058476,52.99572985066528,9.16014275784654,258.1825771584066,175.3677086876457
15 Jul 2026 14:56:00.000000000,845.7343133399829,4233.2612087386,5366.553017140612,-7.483031097345174,-0.19029249653690777,1.3302526986168335,-0.0010244051425797854,-0.005150023308915778,-0.0065479523272377665,51.39051687880483,-78.25228850626098,522.2355800225545,6878.713719802096,0.0012593735017198747,52.994492662676855,9.154168008662351,261.39383507909713,175.95493846268278
15 Jul 2026 14:57:00.000000000,395.2290064949335,4212.585475703149,5434.529728891255,-7.528340154921737,-0.49863924171004814,0.9348167915728953,-0.0004762401230280853,-0.00512405204327359,-0.006629823754785347,52.284817634196465,-72.55582250432904,522.5995064093495,6878.42252661718,0.0013068839895963092,52.993560429945504,9.148014437646049,264.7542820514864,176.3929480320522
15 Jul 2026 14:58:00.000000000,-57.006659625581825,4173.468746287413,5478.649765355316,-7.5406899904910265,-0.8047711683394738,0.5353187187041666,7.3877644155946e-05,-0.005075854282622164,-0.006682831772165008,52.86907535928884,-66.65892562741988,522.8466170991138,6878.233525046091,0.0013392524793908707,52.992949333827994,9.141734058893892,268.2161923219631,176.72946276000633
15 Jul 2026 14:59:00.000000000,-508.99299040166386,4116.08380320786,5498.721490958085,-7.5200325913088255,-1.107360632462245,0.1334971182862444,0.0006236040373513402,-0.005005646564883386,-0.006706764539279192,53.128433838758056,-60.6421596861517,522.9735108297776,6878.149999435974,0.0013559767443064076,52.99266992784406,9.135381101933545,271.7418769527682,177.00217062189722
15 Jul 2026 15:00:00.000000000,-958.7516286252499,4040.682646473962,5494.657901458688,-7.466460513339233,-1.4050955824257145,-0.26890011357084637,0.0011705989068170708,-0.004913733371422237,-0.006701527275182748,53.05600618952087,-54.59830915575217,522.9786085201326,6878.173398186119,0.0013568080166171338,52.99272695402991,9.129011063016879,275.29930383303764,177.24310250012795
15 Jul 2026 15:01:00.000000000,-1404.3139769370491,3947.595400333479,5466.4769687194175,-7.3802064160342615,-1.696684799460233,-0.6701228471438487,0.0017125337554010156,-0.004800505901899938,-0.006667142273184826,52.653746157244875,-48.623032342034406,522.8621768798238,6878.303309313013,0.001341749124805167,52.99311926067544,9.122679734533254,278.8588168383167,177.4819133400769
15 Jul 2026 15:02:00.000000000,-1843.7295785189228,3837.2289079176853,5414.301563995162,-7.261642137572478,-1.9808630651316566,-1.0684257443600018,0.0022470993852335658,-0.004666440837447003,-0.006603748890158363,51.93219738641542,-42.80479419993619,522.6263223618475,6878.53746767485,0.0013110523254458001,52.99383982284586,9.116442229394753,282.3902741820041,177.74874411525263
15 Jul 2026 15:03:00.000000000,-2275.0744285644555,3710.0650181136457,5338.3589598861845,-7.111277310873281,-2.256396250557637,-1.4620752781348827,0.0027720135690255947,-0.004512098983359554,-0.006511603379720239,50.9091927164845,-37.21656988986652,522.2749555533617,6878.871793733171,0.001265216532973858,52.99487586531679,9.110352017299341,285.86005522594746,178.07721532817624
15 Jul 2026 15:04:00.000000000,-2696.4591888864534,3566.6585695373997,5238.979911519027,-6.929757517189457,-2.5220863212309323,-1.849356738169533,0.0032850288027408098,-0.004338123802232982,-0.006391078595372356,49.607857939914346,-31.9110417048805,521.8137265137076,6879.300463235532,0.001204984523398661,52.99620908578417,9.104459989666635,289.22733397858525,178.50815381172305
15 Jul 2026 15:05:00.000000000,-3106.0372777023413,3407.635076917517,5116.597318023704,-6.717861970961541,-2.7767762497001507,-2.2285812141715406,0.0037839401872847562,-0.004145239801986855,-0.00624266352678273,48.05439525524832,-26.919658601811697,521.2499319805627,6879.816006714738,0.0011313418010922922,52.9978159744805,9.098813569409796,292.43875735981777,179.0949147448952
15 Jul 2026 15:06:00.000000000,-3502.0128063134034,3233.688125674936,4971.744465942558,-6.47650072698477,-3.0193548264064343,-2.5980925454127286,0.00426659347679236,-0.00393425074187871,-0.006066962628356511,46.276061045746964,-22.254754240516235,520.5923957745123,6880.409437225179,0.0010455206912266836,52.99966822466545,9.093455881096814,295.420056392914,179.9117707173526
15 Jul 2026 15:07:00.000000000,-3882.648333599738,3045.5764812117827,4805.052856997205,-6.206711399207054,-3.2487613563970132,-2.9562742225246432,0.004730893315864059,-0.003706037612445958,-0.005864694886620174,44.29958605959101,-17.913388313489804,519.8513241371132,6881.070404277225,0.0009490169385183261,53.00173322688745,9.088424995860818,298.06179984236957,181.06815831719652
15 Jul 2026 15:08:00.000000000,-4246.2724087374245,2844.1209201810047,4617.249623549441,-5.909655379509857,-3.463990227044982,-3.3015562241906684,0.005174811671831759,-0.0034615563424437697,-0.005636692565700331,42.150111232378585,-13.881661939962585,519.038138134453,6881.787371496825,0.0008436342835892187,53.00397463846366,9.083753264265368,300.1936030955305,182.73446943952854
15 Jul 2026 15:09:00.000000000,-4591.286871755955,2630.2007920201954,4409.154536268727,-5.586613544988378,-3.6640953290004097,-3.6324217675435944,0.00559639645219425,-0.003201835186527167,-0.005383899567823841,39.85059005534682,-10.138664010443714,518.1652856432956,6882.547815130754,0.0007315921255671967,53.00635301832016,9.079466748712377,301.53449778963255,185.19168180939658
15 Jul 2026 15:10:00.000000000,-4916.173880922519,2404.7503201688587,4181.676609910822,-5.238981443465953,-3.8481943097898714,-3.9474139470999208,0.0059937802758589275,-0.002927971745903605,-0.005107369339234013,37.421551097474996,-6.659643893091183,517.2460358037711,6883.338440148909,0.000615782316608442,53.008826516197,9.075584765379121,301.59170870536207,188.9325821942101
15 Jul 2026 15:11:00.000000000,-5219.502635380848,2168.7546537103844,3935.810314752607,-4.868263949350678,-4.01547263678305,-4.245142233023574,0.006365189348605318,-0.002641129579380835,-0.004808262255052948,34.88110576226112,-3.418327027695202,516.2942591646225,6884.145410367862,0.0005004020846183613,53.0113516042705,9.07211954368883,299.4458899702886,194.87653025923012
15 Jul 2026 15:12:00.000000000,-5499.9357611002715,1923.2456816440708,3672.631403109352,-4.476069385426892,-4.165187443854619,-4.524288795624916,0.006708952377745664,-0.0023425343692352746,-0.004487842422733624,32.245103695102515,-0.3884671541134151,515.3241970556071,6884.954588742802,0.0003925765809590299,53.01388383849876,9.069076009363958,293.319407163322,204.8011764727563
15 Jul 2026 15:13:00.000000000,-5756.235328063045,1669.297623591061,3393.2923624598575,-4.0641031107141075,-4.29667113409203,-4.783614619459543,0.0070235094398436206,-0.00203346961197654,-0.004147473846746948,29.52736387175605,2.4552036665938615,514.3502239876201,6885.75178375491,0.0003062505341340341,53.01637863646366,9.0664516949292,280.14054571610217,221.77825366383252
15 Jul 2026 15:14:00.000000000,-5987.26846678834,1408.022412436692,3099.017509006812,-3.6341605800191443,-4.409334709465777,-5.02196536735794,0.007307420702509715,-0.0017152718155366957,-0.003788615909744328,26.739933562552235,5.136462793946333,513.386607094259,6886.5229976633445,0.00026639365336981417,53.01879205817858,9.064236779379883,258.11239886070604,247.60468898267789
15 Jul 2026 15:15:00.000000000,-6192.0125528201515,1140.564886181953,2791.097737957514,-3.188119887104355,-4.502670797579689,-5.238276952368848,0.0075593748917496435,-0.001389325196213562,-0.0034128181389917367,23.893346322000188,7.677383545520046,512.447266779286,6887.254672303523,0.00029198509982978065,53.021081576256954,9.062414256451342,235.09581263474325,274.41965875332687
15 Jul 2026 15:16:00.000000000,-6369.5599287342575,868.0978080686482,2470.884949381022,-2.7279338103098527,-4.576256345541906,-5.4315807740683235,0.007778197383893509,-0.001057055879700616,-0.003021714238818974,20.996863469820834,10.098314693261324,511.545542812879,6887.933928099488,0.0003666368062004781,53.02320682199872,9.060960228706005,220.54497619903424,292.76899796477977
15 Jul 2026 15:17:00.000000000,-6519.122134572559,591.8167358201794,2139.7861711326245,-2.255621386799374,-4.629754951687738,-5.60100857508279,0.007962857796061384,-0.000719925624397643,-0.0026170153870142244,18.058692164743242,12.417977714983643,510.693970117416,6888.5487920221785,0.0004632176752764848,53.025130294344955,9.0598443224704,213.69981820614967,303.41280366477855
15 Jul 2026 15:18:00.000000000,-6640.033619413393,312.9347625520967,1799.257402972227,-1.7732590491111413,-4.662918807371009,-5.745796874081423,0.008112476953830789,-0.0003794250992325836,-0.0022005028126414025,15.086178399227506,14.653631151729904,509.90406839429227,6889.088410370714,0.0005660491881732364,53.02681801927075,9.059030216540322,211.34280489934554,309.56863657995035
15 Jul 2026 15:19:00.000000000,-6731.7549090344555,32.67715350838484,1450.7972085801653,-1.2829713651469175,-4.675590223315307,-5.86529093295137,0.008226333111350861,-3.706675981551863e-05,-0.001774019687134051,12.085976188676778,16.821269580238905,509.1861495621394,6889.543242478557,0.0006675340002449851,53.02824014802437,9.058476275566125,211.4989751672543,313.21148574106616
15 Jul 2026 15:20:00.000000000,-6793.875207310273,-247.7240957799821,1095.9400846291442,-0.7869214298760351,-4.667702718048816,-5.958948218384325,0.008303867307102177,0.00030562262038901156,-0.0013394623792109374,9.06419574321002,18.935837452828217,508.54914670321125,6889.905231752253,0.0007636216629137155,53.02937148366091,9.058136277202406,213.14673841032015,315.36297026230835
15 Jul 2026 15:21:00.000000000,-6826.114412080912,-527.0357530718162,736.249638346864,-0.28730096363785024,-4.639281649671254,-6.02634132164094,0.008344687755634234,0.0006471096960693871,-0.0008987711421979384,6.026534080754173,21.011446668093793,508.00046784934455,6890.167950830505,0.0008518552525668219,53.03019192654621,9.05796022042648,215.74574794965207,316.56346554940603
15 Jul 2026 15:22:00.000000000,-6828.3245296971045,-804.0288668894441,373.3116070324388,0.21367982224701604,-4.5904443765342435,-6.067160304754145,0.008348573181945667,0.0009858624968104108,-0.0004539203150126901,2.97839174891215,23.061592379734673,507.54587748814754,6890.326718101833,0.0009306059720464006,53.03068683090121,9.05789520099924,218.9937294840162,317.11527443708496
15 Jul 2026 15:23:00.000000000,-6800.49047623294,-1077.4842793219464,8.726754730613184,0.7138025269760929,-4.521399937242721,-6.081214446773753,0.00831547502776009,0.001320358490495666,-6.908132789791157e-06,-0.07502069240883817,25.099365141721883,507.1894081422214,6890.378683331958,0.0009987554343699773,53.030847265993664,9.05788633883308,222.71209684708086,317.19701101034286
15 Jul 2026 15:24:00.000000000,-6742.730257401365,-1346.1981051636728,-355.89631733470026,1.2108509595640053,-4.432448245576422,-6.068433369711016,0.008245518478226842,0.001649092674542406,0.00044025374673941313,-3.128582872988902,27.13765968450438,506.93330378125995,6890.322880715827,0.0010555518116311096,53.03067017723852,9.057877741077958,226.7904356732579,316.91911650822135
15 Jul 2026 15:25:00.000000000,-6655.294523437871,-1608.9871482840335,-718.9484089446682,1.7026215641622098,-4.323978801342849,-6.028867530448921,0.008139002280308297,0.001970585604094759,0.0008855508874825032,-6.177168041816635,29.18938185944829,506.7779961845073,6890.160248273871,0.0011005376976913556,53.03015844421175,9.057813484058162,231.15804515188628,316.35231713759623
15 Jul 2026 15:26:00.000000000,-6538.56549955405,-1864.694226349717,-1078.8269694485039,2.1869337985099335,-4.196468923650533,-5.962688071859825,0.007996397342138467,0.0022833912654918365,0.0013269767714501044,-9.215546321204464,31.267655842348717,506.7221146958813,6889.893613143876,0.001133508798458629,53.02932083438489,9.057638596863738,235.76851336842512,315.5430483057361
15 Jul 2026 15:27:00.000000000,-6393.0552969286155,-2112.1933755572622,-1433.9433182659611,2.6616403928924495,-4.050481518481892,-5.870186033521274,0.007818344134882074,0.002586104707733159,0.0017625434280644685,-12.238284374708748,33.38603367328434,506.76252912546624,6889.527642964305,0.0011544858048211182,53.02817185321719,9.057300029268914,240.5909119078881,314.52225960377945
15 Jul 2026 15:28:00.000000000,-6219.403613509719,-2350.3949079078398,-1782.7297991222442,3.124637418649616,-3.8866623975881023,-5.751770929540499,0.0076056489325965195,0.0028773693485374934,0.002190291879117678,-15.239638008758941,35.558708623922406,506.8944248684364,6889.068764188297,0.001163691325404001,53.02673149306942,9.056747586944002,245.60452166017686,313.3106886087744
15 Jul 2026 15:29:00.000000000,-6018.374838076962,-2578.25029470788,-2123.64683045212,3.5738740982508017,-3.7057371704892024,-5.607968707887638,0.0073592789500466745,0.003155883879286959,0.0026083022869995047,-18.21343411681083,37.8007325907215,507.11140865494673,6888.5250487945295,0.0011615279686575095,53.02502488519133,9.055934817379843,250.79552357524378,311.9221697633715
15 Jul 2026 15:30:00.000000000,-5790.854574968482,-2794.7568514252807,-2455.189815454513,4.007362293163379,-3.5085077355976413,-5.439419112106461,0.007080356462934144,0.0034204087049863434,0.003014703704358411,-21.1529382676527,40.12823543300734,507.4056427304427,6887.9060714579755,0.0011485556731807125,53.02308186075727,9.05481983087942,256.1548197473665,310.36581296051173
15 Jul 2026 15:31:00.000000000,-5537.845610557407,-2998.962200694542,-2775.8958766998767,4.423185611024448,-3.295848400094201,-5.246872472139264,0.006770152000433804,0.003669771862855144,0.003407683331803233,-24.050704221730037,42.5586404471655,507.7680047111685,6887.222739797288,0.001125467422926506,53.020936428545824,9.053366041973906,261.67651907266037,308.6475175951613
15 Jul 2026 15:32:00.000000000,-5260.46334589799,-3189.9684921386433,-3084.3503819355815,4.819508079805466,-3.0687016610741322,-5.031185956122282,0.006430076723356468,0.0039028743790089607,0.003785495206190755,-26.898401879947997,45.11086430500312,508.18826987802515,6886.487100813356,0.001093063071853753,53.01862617835259,9.051542818066697,267.35681616430503,306.77109340412807
15 Jul 2026 15:33:00.000000000,-4959.930722910213,-3366.936359692781,-3379.1932297685457,5.194582343527523,-2.828073682595245,-4.793319319249833,0.006061674106660475,0.004118695034930615,0.004146468257013056,-29.686620877571197,47.80548083417712,508.6553122735008,6885.712127066899,0.0010522213766964773,53.01619162056326,9.049326023665264,273.19309924314194,304.7391523811281
15 Jul 2026 15:34:00.000000000,-4637.572673990546,-3529.088599246436,-3659.1248661657546,5.546757341412282,-2.5750295045556713,-4.534330189080074,0.005666611050628251,0.0043162945291789784,0.004489013685030153,-32.404648631708866,50.66481477374341,509.15732065832333,6884.911486502026,0.0010038706098760924,53.0136754734701,9.0466984504462,279.18318443942997,302.55387433533116
15 Jul 2026 15:35:00.000000000,-4294.81012701569,-3675.7135515933246,-3922.9120051461277,5.874485439885382,-2.310688019822246,-4.255368928907059,0.005246668544118627,0.0044948190309901485,0.00481163163250954,-35.04022474918709,53.71291277906067,509.6820251698387,6884.099300102848,0.0009489583540339122,53.011121910869676,9.043650125328206,285.3246114868689,300.2177111154224
15 Jul 2026 15:36:00.000000000,-3933.153599327362,-3806.1681778710436,-4169.393029576796,6.176328994350596,-2.0362167557299724,-3.9576731220398953,0.004803732008134479,0.0046535031403720445,0.0051129171367716025,-37.57927919113178,56.975313502021415,510.2169304032224,6883.289891766278,0.0008884212927184585,53.008575783213765,9.040178490956155,291.6139598478702,297.7340704623773
15 Jul 2026 15:37:00.000000000,-3554.1964154658067,-3919.880816814007,-4397.483050578874,6.450966324878694,-1.7528264950544086,-3.6425617200260465,0.004339781432093311,0.004791672274555617,0.005391565369214703,-40.00567064348615,60.47850696916959,510.74955060631277,6882.497534886314,0.0008231560178789856,53.0060818260837,9.036288455182076,298.04615955089645,295.1080052113564
15 Jul 2026 15:38:00.000000000,-3159.6075841733923,-4016.353615212547,-4606.178606622271,6.69719709668228,-1.46176576988833,-3.311428897102001,0.0038568814118156735,0.004908744514918448,0.005646376181412491,-42.30095546721114,64.24893966294134,511.26764273338415,6881.736200170777,0.0007539920677754019,53.003683870012274,9.031992308519635,304.613777351717,292.3469272310594
15 Jul 2026 15:39:00.000000000,-2751.1243705604134,-4095.164624915337,-4794.5619858982045,6.913947102278418,-1.1643152596550506,-2.9657376515413416,0.0033571711821622934,0.005004231954572047,0.005876257991397295,-44.44423734020756,68.31139662183895,511.75943323544567,6881.019309157038,0.0006816685682524447,53.001424065681675,9.027309510852332,311.30624993149115,289.4613743867943
15 Jul 2026 15:40:00.000000000,-2330.544599348163,-4155.969561516306,-4961.805157949542,7.100272447412897,-0.8617821218704529,-2.607013192226433,0.0028428547226050666,0.005077741592991521,0.0060802310545227225,-46.41217267742275,72.68659802047362,512.2138346647746,6880.359497757325,0.000606815940650572,52.99934213827568,9.022266351045516,318.1089931692178,286.46590148787914
15 Jul 2026 15:41:00.000000000,-1899.7187248470798,-4198.503221498515,-5107.17330277234,7.255363147003861,-0.5554942813790147,-2.2368361458496,0.0023161909965259326,0.005128975827348957,0.0062574301714747056,-48.17923296404341,77.38792233047822,512.6206484309056,6879.768393957158,0.0005299441167497382,52.997474684268965,9.016895485336166,325.0021901104062,283.3802925946967
15 Jul 2026 15:42:00.000000000,-1460.541702841386,-4222.580556065155,-5230.0279276434,7.378546140479752,-0.24679470075921653,-1.856835616830267,0.001779484366879219,0.005157732591268673,0.006407106891172481,-49.718341765878726,82.41735845777588,512.9707503530077,6879.256413514242,0.0004514385227524843,52.995854523197885,9.011235362629499,331.9587037159425,280.23164859762363
15 Jul 2026 15:43:00.000000000,-1014.9446989105112,-4228.097401155315,-5329.829563764201,7.469287737903217,0.06296434840874549,-1.468682128489994,0.0012350752126694844,0.005163905190463934,0.006528631268701271,-51.00199277569988,87.76112796991971,513.2562560010339,6878.832577168993,0.0003715647494109041,52.99451011599372,9.005329546782495,338.93947530716923,277.0589891471717
15 Jul 2026 15:44:00.000000000,-564.8866669833316,-4215.030864236911,-5406.140036424181,7.527195509201872,0.37242699657774353,-1.0740804704616504,0.0006853307524633731,0.005147481879842921,0.006621493235777879,-52.003892193040976,93.38587161373336,513.4706631957916,6878.504352487931,0.00029048241290742093,52.993465060282375,8.99922594786694,345.88088944344264,273.9258881935942
15 Jul 2026 15:45:00.000000000,-112.34583116496982,-4183.439369396426,-5458.624303785662,7.552019628732658,0.6802394552988181,-0.6747624738986556,0.00013263606570704557,0.005108545223176001,0.006685303639970634,-52.701038572926024,99.23669676825104,513.6089694391384,6878.277523026393,0.00020826883398947766,52.99273767168977,8.992975976007882,352.6506688699622,270.9645794919635
15 Jul 2026 15:46:00.000000000,340.6888968533162,-4133.46236303055,-5487.051860590244,7.543653686395122,0.9850556522190161,-0.2724797329714469,-0.00042061471234786975,0.005047271266137955,0.006719794998503043,-53.07597215392217,105.23843087961802,513.6677624626724,6878.156087022331,0.0001249586333568708,52.99234065866184,8.986633632835533,358.8218949133743,268.60193668841174
15 Jul 2026 15:47:00.000000000,792.2265331490092,-4065.3196831084288,-5491.297704107046,7.502134974723883,1.285542811600721,0.1310037114717001,-0.0009720270572764284,0.0049639285471511285,0.006724822006303614,-53.11876007488586,111.30082520904581,513.6452825122552,6878.142187329765,4.072954695630873e-05,52.992280896637496,8.980254556685933,0.6034003354435027,270.6290809701239
15 Jul 2026 15:48:00.000000000,1240.2826384584187,-3979.310595568962,-5471.342860518666,7.427644259022309,1.5803869710074334,0.5339187120974885,-0.0015192146270189308,0.004858876959121651,0.0067003618247412555,-52.82823524478866,117.32721323568508,513.5414554219716,6878.236073772542,4.565401780600399e-05,52.992559305638956,8.973895038524631,202.90021775611353,72.14093315953414
15 Jul 2026 15:49:00.000000000,1682.8879059017163,-3875.812501929206,-5427.274470724186,7.320505034830042,1.8682984254370756,0.9344983665652243,-0.0020598077865081024,0.004732566464924152,0.0066465141648925025,-52.21214689678397,123.22476415065036,513.3578959718916,6878.436098555904,0.0001321400577838508,52.993170833490424,8.967611026143777,205.29239333934066,73.55740055236073
15 Jul 2026 15:50:00.000000000,2118.0966888036937,-3755.2793227286115,-5359.285435251637,7.181182274104058,2.148017089933916,1.3309853680130623,-0.0025914621340938125,0.004585535661048323,0.006563501168160546,-51.286179300170566,128.91377434824756,513.0978814672409,6878.738744821616,0.0002197720308330772,52.99410454498538,8.961457134334221,211.29442764945432,71.36393658288549
15 Jul 2026 15:51:00.000000000,2543.9954380182,-3618.2395619635004,-5267.673618697914,7.010280658629868,2.418317771120604,1.7216393420819078,-0.003111867075378767,0.004418410171383534,0.006451667069922047,-50.07211484483119,134.3338651626918,512.766295920207,6879.138687879227,0.00030816700713032723,52.995343815421826,8.955485678697011,217.7487727173736,68.71804426960274
15 Jul 2026 15:52:00.000000000,2958.7110179134575,-3465.294058285158,-5152.840614876459,6.8085422966216305,2.6780153367885924,2.1047441568249172,-0.0036187544836139584,0.004231900847186197,0.006311477622645953,-48.59560663885858,139.44622145071946,512.3695456581896,6879.628888097905,0.00039695878551784347,52.99686662505534,8.94974575028615,224.27322334571585,66.00188540421235
15 Jul 2026 15:53:00.000000000,3360.4188699544407,-3297.1134293980053,-5015.290074683449,6.576843916363423,2.9259697710244432,2.47861519008472,-0.004109907476427417,0.004026801741319248,0.006143519242487413,-46.88402195038697,144.23234595596125,511.9154476212629,6880.200713909014,0.00048566286241195526,52.99864594921051,8.944282347579406,230.7555977855073,63.327600344450794
15 Jul 2026 15:54:00.000000000,3747.3509921567743,-3114.435216996037,-4855.625599747121,6.316193529491569,3.1610911000908204,2.8416065362050054,-0.004583169322842459,0.003803987816848062,0.00594849782949693,-44.9646723623773,148.69058954009083,511.4130920449004,6880.844092854351,0.0005736638163535314,53.000650237078716,8.939135581186425,237.14916640661102,60.741879780178714
15 Jul 2026 15:55:00.000000000,4117.8037025441445,-2918.0607404013613,-4674.548205999098,6.027726555846184,3.3823441721332714,3.1921181312266325,-0.00503645248322152,0.003564412351662558,0.005727237211299629,-42.8635609685272,152.83181412773536,510.87268164704767,6881.547688128788,0.000660218350865886,53.002843970645166,8.93433996547834,243.4307748388328,58.267841990940994
15 Jul 2026 15:56:00.000000000,4470.145153948715,-2708.8516682767518,-4472.853362744755,5.712701402429214,3.588753271081445,3.5286027720388033,-0.005467747764509133,0.003309103995527384,0.005480677149024621,-40.604630292319875,156.6752010466839,510.3053498473023,6882.299097614353,0.0007444665199526165,53.00518829375752,8.929923809669464,249.58809722935754,55.91777994249176
15 Jul 2026 15:57:00.000000000,4802.822567227873,-2487.7263189763494,-4251.42761434999,5.372494490459571,3.779406542724781,3.8495730014905094,-0.005875133555264355,0.0030391634386732775,0.005209870844239433,-38.209414958560785,160.24475532648276,509.7229609336869,6883.085071994855,0.0008254489964386578,53.00764170010106,8.925908719156293,255.61460433440405,53.698193499743105
15 Jul 2026 15:58:00.000000000,5114.369149620162,-2255.655701515291,-4011.2447934756283,5.008594727158831,3.953460208563794,4.15360782779286,-0.006256785089691893,0.0027557596562699034,0.004915981889367218,-35.696980706624124,163.5666809242019,509.1378954516569,6883.8917481836,0.0009021289626595635,53.01016076780152,8.922309215884326,261.5071232357506,51.61222996126836
15 Jul 2026 15:59:00.000000000,5403.410664864016,-2013.6593106633125,-3753.361836809508,4.622597422589228,4.110142540996652,4.439359243086292,-0.006610983668705916,0.0024601256966804747,0.004600280604537779,-33.08404284226447,166.66757498593577,508.5628244126513,6884.7048939983815,0.0009734173902429515,53.01270092755714,8.91913248442994,267.2644303157714,49.66109127848136
15 Jul 2026 16:00:00.000000000,5668.671621849149,-1762.8006913128545,-3478.914216466692,4.216197656575072,4.248757571771073,4.705558502942861,-0.006936125751001113,0.0021535539907218274,0.004264139713149492,-30.385182162256754,169.5732894393818,508.0104761952854,6885.5101597860585,0.0010382005978027149,53.01521725061693,8.91637824818264,272.88631486469086,47.84497058351422
15 Jul 2026 16:01:00.000000000,5908.981049035912,-1504.1827889944484,-3189.11100262033,3.791183106344639,4.368688504553705,4.951022126008375,-0.007230731816324652,0.0018373911702371482,0.003909029320765558,-27.613102234804305,172.3082886038833,507.49340023198874,6886.293332539541,0.0010953690973539863,53.01766524258871,8.914038777703865,278.37287730247346,46.16375404211656
15 Jul 2026 16:02:00.000000000,6123.277822707443,-1238.943105181733,-2885.229575449335,3.349426351884747,4.469400802033034,5.174657571123711,-0.007493454887673975,0.001513032393514903,0.003536511171163158,-24.778893156701557,174.89535127841603,507.023731727313,6887.04058796934,0.0011438468659027274,53.02000162897566,8.912099030970873,283.72394469576477,44.61760535092743
15 Jul 2026 16:03:00.000000000,6310.615518352467,-968.2486777998889,-2568.610007096977,2.8928766829130796,4.550444918255919,5.375468548235477,-0.007723088593143734,0.0011819151889644367,0.003148232170348752,-21.892282271340964,177.3554987663938,506.6129617312358,6887.738735992092,0.0011826203045118915,53.02218511851257,8.91053692288001,288.93853069799667,43.207505751809066
15 Jul 2026 16:04:00.000000000,6470.1667561368695,-693.2909090911817,-2240.6491369755045,2.423551438638493,4.611458647945696,5.5525599193191075,-0.007918574647480584,0.0008455128416922007,0.0027459171867944858,-18.9618625142872,179.70806305277628,506.2717168850305,6888.375455186804,0.0012107662734101219,53.02417713079215,8.909323719045997,294.01428070582756,41.935808771840684
15 Jul 2026 16:05:00.000000000,6601.227013530376,-415.2802646283062,-1902.7943663575536,1.9435269188350794,4.65216906639288,5.705142146470293,-0.008079009629447017,0.0005053273597641929,0.0023313611511844128,-15.995295337432621,-178.02916348510894,506.00955306014623,6888.939511941315,0.0012274787231123642,53.02594247533321,8.908424546796036,298.9468402604371,40.806871663223305
15 Jul 2026 16:06:00.000000000,6703.217880696417,-135.44086879027515,-1556.5372007130495,1.4549289119895226,4.672394036118087,5.832535246300767,-0.008203650934617543,0.00016288207007302197,0.0019064204970761485,-12.999488779683798,-175.8397349604376,505.83476692054035,6889.420960270938,0.0012320935894788547,53.027449970131656,8.907799014091648,303.7290685982689,39.82784164215692
15 Jul 2026 16:07:00.000000000,6775.689737222501,144.99497666355572,-1203.4065706118706,0.9599228931079995,4.672043259862249,5.934172212801932,-0.008291921800968207,-0.00018028609391453358,0.0014730040037808402,-9.980753166113148,-173.70833901630863,505.7542291532679,6889.811318631344,0.0012241118047793887,53.02867298883429,8.907401925321103,308.3499864890294,39.0097077933633
15 Jul 2026 16:08:00.000000000,6818.323832125893,424.7923231690175,-844.9619641548854,0.46070394997745595,4.651118863469804,6.009601874869967,-0.008343415304812888,-0.0005226345412317043,0.0010330631144252586,-6.944937808834715,-171.6205776541783,505.77324273456514,6890.103720464956,0.0012032205322914874,53.029589926966814,8.907184081131138,312.7932884213667,38.36878858509007
15 Jul 2026 16:09:00.000000000,6830.933752771904,702.7191264841223,-482.78640576960925,-0.04051349796913259,4.60971549681539,6.058491159633012,-0.00835789724518044,-0.0008626231281669318,0.0005885818195514988,-3.8975524006102615,-169.5627489289282,505.89542913480113,6890.293035706122,0.0011693131237671085,53.03018457910197,8.90709314806339,317.0351439546885,37.92893018202631
15 Jul 2026 16:10:00.000000000,6813.4662723332185,977.5517891978245,-118.4793177571115,-0.5415061197105265,4.548019945957138,6.080626738471657,-0.008335307862772518,-0.0011987223321874407,0.00014156620909528038,-0.8438768187729646,-167.52163238730336,506.1226448249676,6890.375961015254,0.001122508954644015,53.030446420450446,8.907074582478778,321.04082221192067,37.72488158774147
15 Jul 2026 16:11:00.000000000,6766.001569629016,1248.0806652192573,246.3506978449426,-1.040052160046487,4.466310255047083,6.0759160390294555,-0.008275762342278711,-0.001529421403835079,-0.0003059661975964282,2.210937036851168,-165.48427852732257,506.4549298427906,6890.351077104916,0.0010631754742049524,53.03037078806122,8.907072592436991,324.75931702960526,37.8076691071355
15 Jul 2026 16:12:00.000000000,6688.752819536104,1513.11549691202,610.0931187285237,-1.533941920977636,4.364954362036388,6.044387613395498,-0.008179550085608953,-0.001853236404281483,-0.0007519972246520045,5.261767863503468,-163.43780104408293,506.8904895241081,6890.218872147378,0.000991957089420936,53.02995895860339,8.907031120490757,328.11446050454583,38.25348239682886
15 Jul 2026 16:13:00.000000000,6582.06515658192,1771.4907559538399,971.1427643932466,-2.0209881632730022,4.244408257728526,5.986190859819572,-0.008047132761286085,-0.002168718037843344,-0.0011945187950730045,8.303428606388083,-161.3691698792635,507.4257098219117,6889.981730900466,0.0009098201952633738,53.029218121532324,8.906894830058373,330.98962636918463,39.1789706786266
15 Jul 2026 16:14:00.000000000,6446.414018726305,2022.0708597369446,1327.9070221869683,-2.49903635544813,4.105213683095995,5.901595102586446,-0.007879141155846727,-0.0024744591918023505,-0.001631543547818317,11.330567738799559,-159.26500293892556,508.0552059417708,6889.643889841051,0.000818133952667981,53.028161248288065,8.906610077977584,333.2002378749714,40.76873444417907
15 Jul 2026 16:15:00.000000000,6282.402882629715,2263.755236184224,1678.8129991514727,-2.9659746997712086,3.947995384830364,5.7909880418262665,-0.007676370881250103,-0.0027691021031501515,-0.0020611151996709344,14.337564729957045,-157.1113547499304,508.77190333699644,6889.211359238053,0.0007188304166926793,53.02680686000263,8.906125856223895,334.4421560338756,43.32693680793317
15 Jul 2026 16:16:00.000000000,6090.760405814996,2495.483211190612,2022.3145624325657,-3.4197438686195065,3.7734579537031308,5.654873591869535,-0.007439777007783604,-0.003051345079313807,-0.002481318541374273,17.318416169793263,-154.89350137835723,509.5671494499849,6888.691813716255,0.0006147467558956093,53.025178697967476,8.905394686265092,334.1913747413052,47.37760799218834
15 Jul 2026 16:17:00.000000000,5872.336994980075,2716.2386945036737,2356.8992323131665,-3.8583463894056513,3.5823822743474167,5.493869133080787,-0.007170467717430387,-0.003319948712486873,-0.0028902889688972146,20.26660891722893,-152.59572286088257,510.43085397517046,6888.094453442918,0.0005104008725724649,53.023305302809504,8.9043734504472,331.5104594786182,53.8582062527551
15 Jul 2026 16:18:00.000000000,5628.100823243934,2925.054641680523,2681.0948935935908,-4.279855622230798,3.3756216184216243,5.308702207750019,-0.006869697079022729,-0.0035737415360708696,-0.0032862214608875917,23.174976593019462,-150.2010875954506,511.3516548701942,6887.429838600739,0.0004137781512820811,53.021219509907745,8.903024145914925,324.7398992292392,64.42826561748201
15 Jul 2026 16:19:00.000000000,5359.133322251963,3121.0172717643127,2993.476293012964,-4.6824242811947405,3.1540974157032156,5.100206695444005,-0.006538857069146581,-0.0038116250888672407,-0.0036673789312134065,26.035535874662603,-147.6912482014281,512.3171068678846,6886.709700280823,0.0003398119910005266,53.018957870030306,8.90131454802966,311.5332317874565,81.43427026424605
15 Jul 2026 16:20:00.000000000,5066.624177791612,3303.2700224476416,3292.671292642566,-5.064292457682653,2.9187947394403233,4.869318507101351,-0.00617946896261355,-0.004032578363278503,-0.004032099899398404,28.839299579492994,-145.0462661407813,513.3138888527586,6885.94673133122,0.0003116778610341471,53.01656000545659,8.899218771773048,291.65917581262033,105.10752219071719
15 Jul 2026 16:21:00.000000000,4751.865859831006,3471.017226712542,3577.3668516215025,-5.423795111728412,2.670757543218242,4.617070840013722,-0.005793174223935798,-0.00423566162872276,-0.0043788054398772635,31.576064784027945,-142.2444939990137,514.3280261675875,6885.154361021406,0.0003438473745052323,53.01406791295076,8.896717721516142,271.8337488254198,128.73202298353627
15 Jul 2026 16:22:00.000000000,4416.247719703497,3623.5274971666863,3846.314711178047,-5.759369005444949,2.4110836867155068,4.344589037636178,-0.005381725034129553,-0.004420019637227301,-0.004706005391020461,34.23417675336041,-139.26256103625252,515.3451237115212,6884.346517629519,0.0004227715422046855,53.0115252258533,8.893799421406854,258.6647865164158,145.69995432014815
15 Jul 2026 16:23:00.000000000,4061.2496884731863,3760.1368065377965,4098.336760546911,-6.0695590603180385,2.1409197870141825,4.053085098887097,-0.004946974576227331,-0.004584884226677137,-0.005012303818420677,36.80027402568915,-136.0755305537692,516.3506055800493,6883.537383221964,0.0005259297112631608,53.008976448241526,8.89045922086175,251.83092194603702,156.33269862675886
15 Jul 2026 16:24:00.000000000,3688.435611406714,3880.2512549287217,4332.330064056343,-6.3530241275715085,1.8614559307266978,3.743851881291789,-0.004490867201974348,-0.004729576352931762,-0.005296403747802098,39.25902767668374,-132.65732691979656,517.3299569753148,6882.741144977349,0.0006385800673020478,53.00646617456707,8.886699871680513,248.98611891476392,162.97630561534476
15 Jul 2026 16:25:00.000000000,3299.4462539086644,3983.3495165033783,4547.2715322915,-6.608542167677987,1.5739202801209848,3.4182570410398894,-0.004015428587087046,-0.004853507589669399,-0.00555711119623475,41.59289983913918,-128.9815632338858,518.2689641766876,6881.971747408151,0.0007526123460623913,53.0040383084033,8.882531475668548,248.48426882270252,167.2768953812954
15 Jul 2026 16:26:00.000000000,2895.9920143366567,4068.9849601781907,4742.222222768466,-6.83501484116849,1.279573603836556,3.0777367508789575,-0.003522755968553207,-0.0049561811428397926,-0.005793338543736451,43.78196408035444,-125.02292942967193,519.1539484977668,6881.242649759344,0.0008632129109079223,53.001735293922565,8.877971303797912,249.39519101410727,170.16465806599575
15 Jul 2026 16:27:00.000000000,2479.8453788290885,4136.787440641992,4916.331257927228,-7.031471518043087,0.9797037597762427,2.7237892338974046,-0.0030150085409551765,-0.0050371924317427685,-0.006004107297742785,45.803853298417636,-120.75930712413522,519.9719903577331,6880.566592717193,0.0009671461263614644,52.999597373478245,8.873043490267149,251.1969609391532,172.16152575091044
15 Jul 2026 16:28:00.000000000,2052.8331527130595,4186.464757578199,5068.839350446615,-7.197072717186154,0.6756201544941587,2.357968147793638,-0.0024943980721785653,-0.005096229294586635,-0.006188550314029756,47.63392667871959,-116.17472992858225,520.7111398523152,6879.955378350955,0.0010620110291339145,52.99766188418796,8.867778606888715,253.58437286136333,173.57270985281073
15 Jul 2026 16:29:00.000000000,1616.828502285043,4217.803782319403,5199.08192785047,-7.331112990153706,0.368648200010116,1.9818758503885743,-0.0019631797764503678,-0.005133071873294704,-0.006345913538402083,49.24576793979549,-111.26316196993568,521.3606105117958,6879.41966693994,0.0011459191130948308,52.99596260571946,8.862213125368424,256.3697151353777,174.58592599257332
15 Jul 2026 16:30:00.000000000,1173.742839834673,4230.671252313785,5306.4918501092025,-7.433023265506638,0.060123785625377166,1.5971565730776653,-0.0014236434655507852,-0.005147592232639614,-0.006475557337492794,50.61212696257822,-106.03278263642598,521.9109532718293,6878.9687940179,0.001217350454287748,52.99452917057527,8.856388776891507,259.4316110294937,175.32255335948312
15 Jul 2026 16:31:00.000000000,725.5175837809968,4225.01423474098,5390.601715424239,-7.5023726705196765,-0.2486122208878567,1.2054895248473545,-0.0008781049802647913,-0.005139753766412613,-0.006576957487751852,51.70637367619583,-100.51004772892364,522.3542080473889,6878.610610600819,0.0012750883658989847,52.99338654707477,8.850351820305121,262.6876406385429,175.86501302106058
15 Jul 2026 16:32:00.000000000,274.11582479117834,4200.860261383399,5451.045750627554,-7.538869846665699,-0.5562194312302442,0.8085819455710106,-0.0003288978853360979,-0.00510961043349431,-0.006649705882790646,52.5044271177892,-94.74236094385061,522.6840306846185,6878.35134916159,0.0013181899823230174,52.992554603965225,8.844152231635938,266.0789557891381,176.27215327133098
15 Jul 2026 16:33:00.000000000,-178.4860722087442,4158.317137473198,5487.5612836436385,-7.542363773863664,-0.8613633446462329,0.4081621237308651,0.0002216346025978793,-0.005057305862182233,-0.006693511016024595,52.98695704600526,-88.79799368289974,522.8957934622678,6878.195517481998,0.001345973489298626,52.99204776417115,8.837842829085188,269.56114920557644,176.5883807436916
15 Jul 2026 16:34:00.000000000,-630.3069010158803,4097.572427718908,5499.989796271801,-7.512844116225924,-1.1627206990508228,0.0059723906935058475,0.0007711474979374453,-0.004983072350785727,-0.00670819828473009,53.14147862180236,-82.76225219505211,522.9866577200423,6878.145822054712,0.0013580127622248635,52.99187475364734,8.831478348768503,273.09847465399037,176.84944056437038
15 Jul 2026 16:35:00.000000000,-1079.3690538385902,4018.892623079153,5488.27755620133,-7.450441099122387,-1.458984759609203,-0.39623789889039485,0.0013173017931396478,-0.004887229780804964,-0.006693710148090246,52.96386478995665,-76.72992952077209,522.9556176012546,6878.203122233462,0.0013541348043301742,52.992038449652775,8.825114487229317,276.65986165554284,177.08640195018026
15 Jul 2026 16:36:00.000000000,-1523.7069396220872,3922.6219921989336,5452.4758276746,-7.355424924003348,-1.7488705397321769,-0.7967193924231286,0.0018577721286566007,-0.004770184451967723,-0.00665010616360228,52.458874412961784,-70.79545611774034,522.8035143099322,6878.3664158417005,0.0013344176931474007,52.99253583104624,8.81880692740429,280.2158130408799,177.32876097027125
15 Jul 2026 16:37:00.000000000,-1961.375353537388,3809.181121683814,5392.740660676552,-7.228204723797113,-2.031119949746386,-1.1937297634423791,0.0023902544469807108,-0.00463242783217339,-0.0065775629052514115,51.63954522538566,-65.04314138084972,522.5330206959785,6878.632856455748,0.0012991880542366874,52.993358031441524,8.812610364930107,283.7355625588817,177.60728325331587
15 Jul 2026 16:38:00.000000000,-2390.457770000448,3679.0651497162194,5309.332258927763,-7.0693270580582235,-2.30450686779962,-1.5855407272739237,0.0029124736905456355,-0.0044745352106147045,-0.006476373760183173,50.52562457019595,-59.539858056180286,522.1485963956615,6878.997802082325,0.0012490180002032929,52.994490494286666,8.806577551723073,287.1839457567106,177.95713341575367
15 Jul 2026 16:39:00.000000000,-2809.0745315261197,3532.8416978679825,5202.6139274034995,-6.879473943613485,-2.567842126453347,-1.9704450403275062,0.0034221915972800793,-0.004297164227714314,-0.006346948580054869,49.14145152909705,-54.3314894740993,521.6564141676083,6879.454894457542,0.001184722373657289,52.9959132271727,8.800758373397185,290.51733403570256,178.42194130012777
15 Jul 2026 16:40:00.000000000,-3215.390905297133,3371.1485064309245,5073.050600634274,-6.659460413484452,-2.819978406662611,-2.3467634733831217,0.00391721463831052,-0.004101053249536466,-0.00618981315334467,47.513763849294506,-49.44308543492897,521.0642584756766,6879.996167709476,0.0011073583875739585,52.997601150965714,8.795198976597096,293.6776434437115,179.05979345601463
15 Jul 2026 16:41:00.000000000,-3607.624978971253,3194.6907790978576,4921.206953645788,-6.410231594435062,-3.059815028760665,-2.7128517469715665,0.004395402132730162,-0.0038870195489942765,-0.006005608455948987,45.66979803661886,-44.881677119784655,520.3813977782628,6880.612184656596,0.001018231988581975,52.999524537718926,8.789940961374011,296.5826693931796,179.95289866920322
15 Jul 2026 16:42:00.000000000,-3984.0553663971104,3004.238243602809,4747.745098255948,-6.132859292033095,-3.2863026274025278,-3.0671074137210637,0.004854674554723536,-0.0036559572461016894,-0.005795089620048552,43.63587223295152,-40.64038793677913,519.618432386183,6881.2921985617295,0.0009189198498730671,53.00164952978662,8.785020652674422,299.10935311598547,181.22432172145832
15 Jul 2026 16:43:00.000000000,-4343.028693397041,2800.621935732124,4553.421868412925,-5.828538071437839,-3.498447694776702,-3.4079766691884545,0.005293022037205303,-0.0034088349632778988,-0.005559124563959114,41.43647920466436,-36.70270099125031,518.7871201449625,6882.024337735791,0.0008113262567667951,53.00393873115505,8.780468463618883,301.0629290580832,183.06883617347967
15 Jul 2026 16:44:00.000000000,-4682.966832986941,2584.7307151737095,4339.085699509689,-5.498580822615004,-3.6953169734854,-3.7339610687471123,0.005708513052395478,-0.003146693145603222,-0.005298692212848753,39.09381557230993,-33.04618573029501,517.9001825770918,6882.795809990104,0.0006978195872333077,53.00635186075282,8.776308361704917,302.11645680832555,185.81339257215583
15 Jul 2026 16:45:00.000000000,-5002.373858780979,2357.507522867949,4105.673108081369,-5.144413800250929,-3.8760416776921276,-4.043624124091332,0.0060993032360516465,-0.002870641002485565,-0.00501488024612875,36.627634021239665,-29.645396853074274,516.971094479693,6883.593123580174,0.00058156062089112,53.008846456421495,8.772557447275044,301.68543546317125,190.0425041768005
15 Jul 2026 16:46:00.000000000,-5299.8426848253375,2119.945390882987,3854.2047800054224,-4.767571131343737,-4.039821518515884,-4.335597748914374,0.006463644298529047,-0.0025818530277140466,-0.0047088823032944115,34.05530726383258,-26.473932794599893,516.013860305217,6884.40232097141,0.00046732444057848247,53.01137861734075,8.769225651659587,298.6605969451429,196.86545368374595
15 Jul 2026 16:47:00.000000000,-5574.06135979299,1873.0832173455929,3585.781277276262,-4.369688787263459,-4.185928507355015,-4.608588519519598,0.006799892951116273,-0.0022815650641022905,-0.004381994589313924,31.39201400385823,-23.50577854513926,515.0427809487866,6885.209221498087,0.000363618819309948,53.01390377202119,8.766315560354723,290.9025136646464,208.42168555776922
15 Jul 2026 16:48:00.000000000,-5823.818983420993,1618.0013205927544,3301.578375595121,-3.9524980219198786,-4.313710508980956,-4.861383712722946,0.007106519759267214,-0.001971069886422164,-0.004035611827193261,28.65098302316713,-20.716099974842102,514.0722148160265,6885.999668786099,0.0002873808910216823,53.016377458518214,8.763822364439552,275.09582339206713,228.0265811023946
15 Jul 2026 16:49:00.000000000,-6048.01121334791,1355.8167884327274,3002.8420473638776,-3.517818283424908,-4.422594514970036,-5.092857080580978,0.00738211781790493,-0.0016517122862374333,-0.0036712225150937958,25.843754223528173,-18.081647874330255,513.1163372394976,6886.7597786737215,0.00026545677872437195,53.01875610328968,8.761733941197217,251.3747067226891,255.5459808864872
15 Jul 2026 16:50:00.000000000,-6245.645331144508,1087.6786401905088,2690.8831071767545,-3.067549613151476,-4.51208960742983,-5.301974319367972,0.007625411138706639,-0.0013248836556243606,-0.003290403462225048,22.98043257448502,-15.58090034574641,512.1889024405762,6887.476183300473,0.00030807636933870465,53.020997785119306,8.76003106269621,230.1975346174461,280.5215370449224
15 Jul 2026 16:51:00.000000000,-6415.844837386838,814.7628210073933,2367.0715394926033,-2.6036645531511087,-4.581789583100797,-5.487798188985604,0.007835262623636732,-0.0009920160770212384,-0.0028948135878149642,20.069922617346144,-13.19403913451296,511.3030122873224,6888.136267044513,0.0003913784372745559,53.02306297076551,8.758687728828406,218.17513074475605,296.3424507299138
15 Jul 2026 16:52:00.000000000,-6557.853547101498,538.2670496336932,2032.830530814491,-2.128199590311344,-4.631375208815405,-5.6494932386942125,0.008010681502710058,-0.0006545759419820484,-0.002486186988953947,17.1201385941699,-10.90282660606106,510.4708960695591,6888.72839007891,0.0004908563620883217,53.024915209460296,8.757671619165347,212.9070015084308,305.40924183066994
15 Jul 2026 16:53:00.000000000,-6671.03915884624,259.4055426469531,1689.630231326287,-1.6432461731599486,-4.660616080993201,-5.78633009579177,0.008150830110198364,-0.00031405713338446495,-0.00206632529779891,14.13818966456604,-8.69042760085887,509.7037053944586,6889.2420954874215,0.0005937857462444748,53.02652177407328,8.756944655897602,211.43577430738662,310.6793104191872
15 Jul 2026 16:54:00.000000000,-6754.896273070848,-20.596360410061276,1338.9812734743603,-1.1509413446044499,-4.669372064330853,-5.897689275662444,0.008255029878423314,2.802618112141211e-05,-0.0016370893668323741,11.130542086229372,-6.5412040929215935,509.0113280954456,6889.668296131603,0.0006939308552762472,53.02785423765976,8.756463668178318,212.1136430532375,313.80049090050323
15 Jul 2026 16:55:00.000000000,-6809.048838209518,-300.507645070353,982.428077393784,-0.6534580409205515,-4.657594288065164,-5.983064474455434,0.008322766435640585,0.0003701470847705356,-0.0012003903382254307,8.103161429650873,-4.440499282061389,508.40222474420136,6889.9994377902885,0.0007878422999604173,53.02888897521315,8.756181146382152,214.09222672443855,315.62119309379443
15 Jul 2026 16:56:00.000000000,-6833.252006169997,-579.0971160863895,621.5419752736818,-0.15299511368865026,-4.625325682082283,-6.04206530950659,0.008353693710898936,0.0007107737063652835,-0.0007581801701376038,5.061638388227254,-2.374420194821477,507.88329096246287,6890.229635495994,0.0008733649984550492,53.02960758172412,8.756046073239023,216.91674833353423,316.5962228735436
15 Jul 2026 16:57:00.000000000,-6827.393382451295,-855.1389096579055,257.9141887023357,0.34823286304765644,-4.572701039614015,-6.074419477386234,0.008347636959211133,0.0010483771953246734,-0.00031244170608952734,2.0113018622723096,-0.3296229623093621,507.4597482541919,6890.354780463744,0.00094904945057084,53.029997199092236,8.756004817388343,220.3288998031648,316.98391688143795
15 Jul 2026 16:58:00.000000000,-6791.493659992568,-1127.4179950724633,-106.85130533349562,0.8480059335818748,-4.499946598194118,-6.079974305038149,0.008304594638415751,0.0013814397914756853,0.00013482161342416937,-1.0426770580002485,1.7068981456915755,507.1350655286973,6890.37261553763,0.001013901986411673,53.030050746009834,8.756002073783936,224.1740372964269,316.9389467701679
15 Jul 2026 16:59:00.000000000,-6725.706629962976,-1394.7356367394782,-471.1449828384799,1.344109179116277,-4.407379135804301,-6.0586976757205,0.008224739099117532,0.0017084629005521908,0.0005815962878193246,-4.095186689562483,3.7480187064460484,506.91091287526524,6890.282777658549,0.0010672686334698834,53.029767046626034,8.75598183452829,228.35554507621993,316.5579549116031
15 Jul 2026 17:00:00.000000000,-6630.318566972576,-1655.9147875717542,-833.359017736697,1.8343431418453084,-4.295404584575324,-6.010678318200225,0.008108416057798495,0.002027975083741678,0.0010258694269657076,-7.141078499908478,5.806690928726347,506.78714849520145,6890.086806471034,0.0011087748253547217,53.029150855561795,8.755888373144067,232.81108547746203,315.9033039927929
15 Jul 2026 17:01:00.000000000,-6505.7469905385615,-1909.8053849665105,-1191.8945250020652,2.316534181584496,-4.164516169868959,-5.936125454700614,0.00795614285549337,0.0023385398708056374,0.0014656394358660994,-10.175069598393254,7.896151381845641,506.76183901582993,6889.788118823836,0.0011382891834879599,53.02821277866205,8.755667224991491,237.4995367774118,315.01613872198436
15 Jul 2026 17:02:00.000000000,-6352.538808998511,-2155.2895212638527,-1545.168763590521,2.7885446926641584,-4.01529208789613,-5.835367810260018,0.007768605527441122,0.00263876331066962,0.001898926594849962,-13.191640549080637,10.030131626637766,506.831312722506,6889.391949565174,0.0011558974024746102,53.02696909070222,8.755266146589868,242.3934333001789,313.9239453159358
15 Jul 2026 17:03:00.000000000,-6171.367856338331,-2391.286461498146,-1891.6222611392907,3.248283110868122,-3.8483927400719526,-5.7088519932232735,0.007546654725641534,0.0029273011777714987,0.002323783419092409,-16.1849249929012,12.22307291677385,506.99024456784844,6888.905259671895,0.0011618797162950396,53.0254414530838,8.754636036898434,247.4743761785167,312.6451403526756
15 Jul 2026 17:04:00.000000000,-5963.031836520091,-2616.7574824895732,-2229.7258231686505,3.693713643551364,-3.664557546929758,-5.557140263360858,0.007291300563621785,0.0032028657622114043,0.0027383046886038575,-19.148587450557198,14.490344571769922,507.2317711722917,6888.336613371759,0.0011566887859795194,53.023656536325554,8.753731804286636,252.7301130990946,311.1919906704017
15 Jul 2026 17:05:00.000000000,-5728.448693778393,-2830.7105088122853,-2557.9873906925477,4.122865660612702,-3.464601368488839,-5.380907710402073,0.007003706465318351,0.0034642321801194335,0.003140637048058327,-22.07568558706968,16.848462944746306,507.54763343300715,6887.696026501223,0.0011409264892026977,53.02164555384752,8.752513163778803,258.1525843460431,309.57256700425677
15 Jul 2026 17:06:00.000000000,-5468.652430936799,-3032.2045228996058,-2874.9587116648163,4.533842689565659,-3.2494105613860174,-5.180938871413987,0.006685182122789263,0.0037102441550422092,0.003528988090171477,-24.958513256477158,19.31530359041983,507.9283438257101,6886.994788879101,0.0011153189611279072,53.019443715131,8.750945350420867,263.7365381976716,307.79212831202074
15 Jul 2026 17:07:00.000000000,-5184.788401022432,-3220.353728447165,-3179.241793534479,4.924830964357157,-3.0199387057638316,-4.958123820305712,0.0063371756701132076,0.003939819230001862,0.0039016348473445935,-27.788420987240137,21.910292514346118,508.36337502764985,6886.245263953972,0.0010806897446264429,53.01708960778305,8.748999735997339,269.4784818495594,305.8541706208633
15 Jul 2026 17:08:00.000000000,-4878.108100281796,-3394.3314483225,-3469.4951062889822,5.294107484607438,-2.7772020367989643,-4.7134537666811775,0.005961265199052598,0.0041519533874687506,0.004256931635688869,-30.555611505911376,24.654552215281715,508.8413661198056,6885.460669394221,0.0010379312459832058,53.01462451931661,8.746654338070762,275.3758249820884,303.76128328165015
15 Jul 2026 17:09:00.000000000,-4549.963493094688,-3553.373740320415,-3744.4395076872056,5.640047549352126,-2.522274616836844,-4.448016204216007,0.005559149740204223,0.004345725065809994,0.0045933172108138035,-33.24890988967283,27.57096334992031,509.35034234756273,6884.654842623837,0.0009879749511674568,53.01209171055304,8.74389421215214,281.4261263091222,301.51590229784813
15 Jul 2026 17:10:00.000000000,-4201.80090122263,-3696.7827162832236,-4002.8638648578017,5.961131736915988,-2.2562832843691454,-4.162989650654265,0.005132639832574551,0.004520298572240951,0.004909321209872057,-35.855511683456285,30.684081971751652,509.87794423453556,6883.841995561162,0.0009317610838302716,53.00953565343814,8.740711719896282,287.62638628923605,299.12101755049827
15 Jul 2026 17:11:00.000000000,-3835.154491328436,-3823.9295522685297,-4243.630348994505,6.25595230997614,-1.9804024156040336,-3.859638022413809,0.004683647808585891,0.0046749269103813235,0.005203569877624142,-38.36071879655053,34.01982473909909,510.4116617521933,6883.036462987273,0.0008702086003982134,53.00700124672648,8.737106668376299,293.9723501812126,296.5808697393817
15 Jul 2026 17:12:00.000000000,-3451.6393957446166,-3934.257179572984,-4465.67938247842,6.523219031977099,-1.695848533170401,-3.539304686668899,0.004214177903291674,0.004808954044306707,0.0054747910826442115,-40.74768345009656,37.60480150799795,510.93906924533263,6882.252449055437,0.0008041866236037319,53.00453302340804,8.733086317800177,300.4577977473145,293.90166073782297
15 Jul 2026 17:13:00.000000000,-3052.944502117719,-4027.2826484415896,-4668.034220308721,6.76176438758193,-1.4038747946919894,-3.203406232747343,0.0037263162939618036,0.004921816636011939,0.005721818650556893,-42.99719615147897,41.465142033773596,511.44805689332435,6881.503776453396,0.0007344886019767263,53.002174363928866,8.728665257356406,307.07379692905107,291.092300036242
15 Jul 2026 17:14:00.000000000,-2640.824947815561,-4102.5991581968665,-4849.805150202174,6.970548205632476,-1.1057653916466728,-2.853426002817299,0.003222221158366983,0.005013045298128975,0.005943596051129417,-45.087575250166196,45.624645197207634,511.92705464166613,6880.803642649172,0.0006618106224818968,52.999966729180336,8.723865151232612,313.8078785177314,288.1652302510216
15 Jul 2026 17:15:00.000000000,-2217.0943549220874,-4159.877749270742,-5010.193298066339,7.148661687972533,-0.8028298862353787,-2.4909074192938827,0.0027041128243824614,0.005082265408836143,0.0061391794861679555,-46.99474163810625,50.10210227890063,512.3652447584727,6880.164387493085,0.0005867353570139247,52.99794892690338,8.718714359144563,320.6430195488036,285.13744396756033
15 Jul 2026 17:16:00.000000000,-1783.6168413198257,-4198.868654201924,-5148.494027721671,7.29533085134976,-0.49639751105716806,-2.1174471433371242,0.002174264066011973,0.005129197537925893,0.006307740431519831,-48.692586733175375,54.907751912644635,512.7527594459494,6879.597276218271,0.0005097230454996159,52.99615642458205,8.713247438013397,327.55612976710813,282.03199756720477
15 Jul 2026 17:17:00.000000000,-1342.2988428231718,-4219.402306058679,-5264.099925728716,7.4099193923983355,-0.1878114533696668,-1.7346880953969686,0.0016349905846230462,0.005153657537453226,0.006448567695664635,-50.153752024623344,60.039059955498416,513.0808602582812,6879.112301586983,0.00043111067596753006,52.99462072108917,8.7075045335151,334.5151899750825,278.88087322198317
15 Jul 2026 17:18:00.000000000,-895.0807806579303,-4221.390003963479,-5356.503363937986,7.491930987384256,0.12157685724702857,-1.3443123651953681,0.0010886416918501182,0.005155556341482716,0.006561069050362537,-51.35091324474349,65.47640118339392,513.3420964351255,6878.718008576018,0.00035112013695796484,52.993368788313866,8.701530672205891,341.47247977736293,275.73175153876133
15 Jul 2026 17:19:00.000000000,-443.9286078349801,-4204.824236439825,-5425.298633924667,7.541011039004692,0.43041344178635094,-0.9480340349996279,0.0005375911968544563,0.005134899519611492,0.006644772491827439,-52.25857862210668,71.17968210014654,513.5304396456236,6878.421344589578,0.0002698758121127358,52.992422592764406,8.695374966796974,348.34487265514457,272.6677169137519
15 Jul 2026 17:20:00.000000000,9.174732772047738,-4169.778664181849,-5470.183648802123,7.556947882145052,0.7373474316688609,-0.5475919367202045,-1.5771515859480754e-05,0.005091786624781609,0.006699327188781264,-52.85526043188503,77.0872716649696,513.6413930445818,6878.227537740155,0.00018743316026407548,52.991798705717436,8.689089748577254,354.9396558324808,269.8814381287979
15 Jul 2026 17:21:00.000000000,462.23790654355963,-4116.40776459917,-5490.961209045929,7.539673459234056,1.041036683997875,-0.14474236043084246,-0.0005690502470373591,0.005026410360652206,0.006724504156722611,-53.12569321722524,83.11847364231288,513.6720729637464,6878.140005253684,0.00010383470842946835,52.991508008908966,8.682729642467136,0.512873332483063,268.11682578448017
15 Jul 2026 17:22:00.000000000,913.2698099343485,-4044.9461411238294,-5487.539829931337,7.489263473851299,1.3401533421720633,0.2587482705172375,-0.001119850618808016,0.0049390555917828175,0.006720196696728381,-53.062632242089684,89.17994722219298,513.6212619927644,6878.160293543393,1.9842247278674304e-05,52.99155550105664,8.676350601086611,351.8627065293642,280.57565225685727
15 Jul 2026 17:23:00.000000000,1360.288186894247,-3955.707500844073,-5459.934129025774,7.405937028731133,1.6333893327109528,0.6611107442983429,-0.001665788631977956,0.004830098206746407,0.0066864206214132926,-52.667772854935386,95.17512493221948,513.4894326420944,6878.288050963257,6.774123880378842e-05,52.991940208697876,8.670008915079682,204.04908097935558,72.19794538657081
15 Jul 2026 17:24:00.000000000,1801.3282082170037,-3849.0833045386116,-5408.264772936159,7.290055751464575,1.919461789563871,1.0605804129882903,-0.0022044991930606703,0.004700003833571709,0.006623314277105215,-51.951531072012486,101.01444098623811,513.2787412221597,6878.521033705763,0.00015481904729142606,52.99265520296299,8.663760217252909,207.92838646042335,72.1272689632017
15 Jul 2026 17:25:00.000000000,2234.450983094573,-3725.5410937340303,-5332.757983220866,7.142122408280434,2.197118396793935,1.4554045402374207,-0.002733644659538472,0.004549326399075971,0.006531138360860262,-50.93174885296678,106.62382426526521,512.9929920163446,6878.855144755495,0.00024300191570228086,52.993687722001575,8.65765849832742,213.97747784281387,69.88672237416117
15 Jul 2026 17:26:00.000000000,2657.7519721960575,-3585.62249995876,-5233.744602109081,6.962779003492515,2.4651426397272114,1.8438496314837753,-0.003250923446825923,0.004378706511304772,0.006410275513544761,-49.63167965825836,111.9496664361065,512.6375722690343,6879.284505257522,0.00033191439883024335,52.995019396887926,8.65175515180259,220.38645470451547,67.28616149638152
15 Jul 2026 17:27:00.000000000,3069.369271360567,-3429.94094198827,-5111.65871944427,6.752804359745038,2.7223589532628156,2.224208732585288,-0.0037540787346211704,0.0041888696400150935,0.006261229663428637,-48.07773855952382,116.95985422561904,512.2193589515272,6879.801557115382,0.0004211417148370449,52.99662657697628,8.64609806498157,226.84845599012874,64.63240452486657
15 Jul 2026 17:28:00.000000000,3467.4917345273984,-3259.1790176433387,-4967.035863185575,6.5131111723645345,2.9676377541166943,2.5948086805884243,-0.004240907296233509,0.003980624058446167,0.006084625076334814,-46.297442892169585,121.6416662607543,511.74659870642176,6880.397195103926,0.0005101472512693339,52.99848074889341,8.640730772282737,233.26369066998106,62.025201773312176
15 Jul 2026 17:29:00.000000000,3850.366904217299,-3074.085597508811,-4800.510756813858,6.244742529946235,3.199900341676161,2.9540172877927056,-0.004709268463655507,0.0037548585094145715,0.005881205066040883,-44.31780022223966,125.99789269870175,511.2287628013056,6881.060926275473,0.0005982642592602809,53.00054904168218,8.635691685958864,239.5888131774623,59.50786066259279
15 Jul 2026 17:30:00.000000000,4216.308717257779,-2875.472628973486,-4612.814648236763,5.948867893127595,3.4181236496302096,3.300250436997769,-0.005157093223203178,0.0035125395531668607,0.0056518303075774315,-42.16422097583354,130.04245680216022,510.67637934214906,6881.781053961427,0.0006847015122019712,53.002794809068035,8.6310134178726,245.80205999127537,57.10210952376742
15 Jul 2026 17:31:00.000000000,4563.704953020883,-2664.2116601190696,-4404.772216205433,5.626778524265514,3.621344828056482,3.6319790623812653,-0.005582393419561336,0.003254708555064566,0.005397476693624743,-39.85990689046436,133.79640471367443,510.1008453993045,6882.544883232487,0.0007685566515699047,53.00517827844631,8.626722204343507,251.8918718012735,54.81947577151125
15 Jul 2026 17:32:00.000000000,4891.024391019632,-2441.2300942894644,-4177.298061912039,5.279882362604135,3.8086656331607696,3.9477359867972592,-0.005983271028673591,0.002982478273520755,0.005119232673830425,-37.4256070618244,137.284680327433,509.5142220789714,6883.338944288003,0.0008488351357119808,53.007657255002016,8.622837444244537,257.852193250513,52.66598645053156
15 Jul 2026 17:33:00.000000000,5196.823644463947,-2207.5071876058673,-3931.3927953062084,4.909698342466054,3.9792565995889135,4.24612258269297,-0.006357927439293434,0.002697029011492358,0.004818296016701744,-34.8796242628985,140.53377230731783,508.9290159215522,6884.149229905758,0.000924473381964251,53.0101878683982,8.619371358504386,263.68012716051305,50.64451424414701
15 Jul 2026 17:34:00.000000000,5479.753636323371,-1964.0698032700718,-3668.138727760792,4.517850156026703,4.132360968270081,4.525815220462372,-0.006704672669970863,0.0023996043039954513,0.004495969943316201,-32.237971835250384,143.57013814419673,508.3579503173488,6884.961442805155,0.0009943648986492878,53.01272534872313,8.616328776959275,269.37456099921866,48.756151182545004
15 Jul 2026 17:35:00.000000000,5738.565684684456,-1711.9879381679527,-3388.6951849941156,4.106059467227849,4.26729834126477,4.785571465107438,-0.007021934429348449,0.0020915061205440924,0.004153658586796766,-29.514607649739226,146.4192408703388,507.81373088939154,6885.76124856719,0.0010573883390552579,53.015224817878725,8.613707056231508,274.9352462043063,47.001129436135905
15 Jul 2026 17:36:00.000000000,5972.117164755872,-1452.3700390320032,-3094.2934565937026,3.676138589246149,4.383468034172172,5.024235979716926,-0.007308266914386189,0.0017740895722368306,0.0037928617434174546,-26.721696362574313,149.1050306579426,507.3088089929559,6886.534529618706,0.0011124365364204264,53.01764208233845,8.611496129945253,280.3621043492139,45.37951520571323
15 Jul 2026 17:37:00.000000000,6179.376715814458,-1186.3581272029544,-2786.2314010497366,3.2299826444943105,4.480352096403338,5.240746092651689,-0.007562359234775595,0.0014487571264974208,0.0034151688973192763,-23.86987057707997,151.64972963098813,506.8551476117586,6887.267635733422,0.0011584457045564094,53.019934413198705,8.60967869028365,285.6546436473123,43.89179221404607
15 Jul 2026 17:38:00.000000000,6359.428962746496,-915.1227528061395,-2465.867727826156,2.769561233183912,4.557517970109577,5.4341369845910235,-0.00778304334146866,0.0011169523432319544,0.003022252513197802,-20.968475122055956,154.07381212141598,506.4639939825353,6887.947626529775,0.0011944241127295,53.02206129969873,8.608230497478766,290.81141081604625,42.539409778220815
15 Jul 2026 17:39:00.000000000,6511.478723629188,-639.8578008787723,-2134.615980639704,2.29690964381177,4.614620759819535,5.603546451820034,-0.007969301336374246,0.0007801531604182442,0.0026158606097745666,-18.025787462104766,156.39610389948717,506.14566324569046,6888.562501560119,0.00121947966852017,53.023985162880926,8.60712081161488,295.82941542443757,41.325358341409164
15 Jul 2026 17:40:00.000000000,6634.854677035771,-361.77517361086075,-1793.9382487013054,1.8141196462946354,4.651405086884871,5.748219203403201,-0.00812027204254415,0.00043986476991300167,0.0021978086442641684,-15.049212572816185,158.63394895493212,505.90933729338764,6889.101413785605,0.001232845975564452,53.025672016798666,8.606312938886285,300.70345918977904,40.25484000129281
15 Jul 2026 17:41:00.000000000,6729.012465422827,-82.09937432604714,-1445.3386351506324,1.3233299156159875,4.667706505656605,5.867510652204456,-0.00823525671680432,9.76121364830992e-05,0.0017699707546547287,-12.045453601300514,160.80341089597854,505.7628827661774,6889.554862516478,0.0012339065880865524,53.02709206563624,8.605764882545364,305.42528334653406,39.336120916060125
15 Jul 2026 17:42:00.000000000,6793.537214045354,197.93797987204073,-1090.356514217628,0.8267161405454116,4.663452461843731,5.960890163066415,-0.008313723802010044,-0.00024506777499919033,0.0013342704251703764,-9.020661161511997,162.91948898545772,505.7126918341263,6889.914862263259,0.0012222173841901671,53.02822022626799,8.605430086813184,309.98240869419294,38.581690985933776
15 Jul 2026 17:43:00.000000000,6828.145448317128,477.10368882710554,-730.5596107032993,0.32648087795942576,4.638662777687679,6.027943725796857,-0.008355312623932456,-0.000586633990041475,0.0008926706541761904,-5.980564784083529,164.99633756811426,505.7635489923346,6890.175084383121,0.0011975272668808136,53.02903656712966,8.605258260491171,314.3564734439933,38.009925695827135
15 Jul 2026 17:44:00.000000000,6832.686396329565,754.1685146734742,-367.5369371567001,-0.17515678161567433,4.593449653299292,6.068376025826499,-0.008359835955888375,-0.0009255496498944196,0.0004471637183783455,-2.930590241749949,167.04748335527646,505.91852661157856,6890.3309689131265,0.001159797854884918,53.02952665577795,8.605196265567567,318.5207494925158,37.64756949714518
15 Jul 2026 17:45:00.000000000,6807.142667310981,1027.9127125674474,-2.891625556317145,-0.6759716676557229,4.528017178636649,6.0820118913827566,-0.008327281400168312,-0.0012602901839011834,-2.3936074336768783e-07,0.12403355456270898,169.0860386576293,506.17891142189745,6890.379804542644,0.001109223601082861,53.02968180914878,8.605189055082558,322.4362901902468,37.53358766724037
15 Jul 2026 17:46:00.000000000,6751.630301073247,1297.1315173947216,361.76630863256383,-1.1737430301514786,4.442660356003169,6.06879710260321,-0.008257811545862052,-0.0015893514371321772,-0.0004475195355304812,3.1781745026438037,171.1249108660802,506.54416348552473,6890.320775282596,0.0010462552039550992,53.02949924225787,8.605180643569724,326.0457337183185,37.7253625402743
15 Jul 2026 17:47:00.000000000,6666.398187878337,1560.6405572149645,724.8272314988654,-1.6662650132650718,4.337763638470635,6.028798555016705,-0.008151762893308568,-0.0019112576608322533,-0.0008926605156971515,6.226700621601322,173.17700972399157,507.01190855088265,6890.154973024674,0.0009716319826179998,53.0289821128914,8.60511509296033,329.2629479729305,38.30904821719632
15 Jul 2026 17:48:00.000000000,6551.826862582548,1817.2811646879873,1084.6891460705303,-2.1513570284181793,4.213798995117925,5.96220377705169,-0.008009643561518369,-0.002224569276277381,-0.0013336594959712292,9.26438331842269,175.25545448188143,507.5779639907227,6889.885375833486,0.0008864347580968591,53.028139461673966,8.604937496531523,331.95500256602884,39.41759815360958
15 Jul 2026 17:49:00.000000000,6408.426681293794,2065.925558551291,1439.7648994920025,-2.6268739545291533,4.071323519267225,5.869319808487368,-0.007832129808409947,-0.0025278903256064932,-0.0017685377078419779,12.285797200377015,177.37378300341314,508.2363978339713,6889.5167924667385,0.0007921838722385025,53.0269860487446,8.604594943626918,333.90939120487786,41.26354237023663
15 Jul 2026 17:50:00.000000000,6236.835393029232,2305.4818683349977,1788.4893040738136,-3.0907160959056963,3.9109766008467055,5.750571453837278,-0.00762006142359408,-0.002819875530884966,-0.002195350679769105,15.285212967553395,179.5461642964316,508.9796197223852,6889.055774255164,0.0006910379748522315,53.025542090087136,8.604037448183034,334.7718849236187,44.20113382011189
15 Jul 2026 17:51:00.000000000,6037.815122902868,2534.8989769156815,2129.3261353308544,-3.540838832379894,3.7334766884690747,5.606498931350587,-0.007374436074618085,-0.0030992368928907566,-0.002612198099441188,18.256479821031533,-178.2123853557051,509.79850197858843,6888.510496082648,0.0005862262293246572,53.023832898316044,8.60321882485736,333.92549192698283,48.84738815926846
15 Jul 2026 17:52:00.000000000,5812.248787138299,2753.171157161458,2460.7749715515442,-3.975261901499881,3.5396176706736493,5.437754944446023,-0.007096402697731092,-0.0033647497695667825,-0.003017233180539855,21.192893727961813,-175.88578476515022,510.6825283790598,6887.890608773671,0.00048303669420614195,53.0218884343814,8.602097497432316,330.26329099529363,56.309249978380414
15 Jul 2026 17:53:00.000000000,5561.135963622079,2959.342480794821,2781.377841203713,-4.392078258803151,3.3302649089292533,5.245101207796624,-0.006787254048042696,-0.003615258389350908,-0.0034086714519489954,24.087047880199297,-173.45667452723958,511.61996769922223,6887.207065708746,0.0003910445373226945,53.019742778203096,8.600637225465752,321.8878902592142,68.48413369297715
15 Jul 2026 17:54:00.000000000,5285.588244741967,3152.510979627971,3089.7256465468495,-4.78946246917957,3.1063509573719927,5.029404464821161,-0.006448418528092342,-0.003849680765726938,-0.0037847989009177413,26.930661915986114,-170.9062196598802,512.5980686494904,6886.4719269374955,0.0003278055433264487,53.01743352764087,8.598807736574338,306.59039275051487,87.58095769144214
15 Jul 2026 17:55:00.000000000,4986.824101846031,3331.8325414794813,3384.464334127861,-5.165678589870708,2.868871005801319,4.791632036905639,-0.006081451426216383,-0.004067012995388574,-0.004143979420522781,29.714387190632877,-168.2139486926545,513.6032724607563,6885.698144437725,0.0003166754053218496,53.01500113643787,8.59658525344376,285.8860430008142,112.0844974736453
15 Jul 2026 17:56:00.000000000,4666.163292791368,3496.5245252972395,3664.300785328442,-5.519087513493207,2.618878083171557,4.532846947205557,-0.005688025693165622,-0.004266332933427105,-0.004484661526571285,32.42758697655339,-165.35766278839753,514.621439109024,6884.899332468881,0.0003644474543468405,53.01248820281391,8.593952906507083,267.70640113787954,134.06321133466722
15 Jul 2026 17:57:00.000000000,4325.02084571449,3645.869082247218,3928.008402742933,-5.848153747371023,2.357478058706264,4.254202663336988,-0.005269922391086978,-0.0044468032559121864,-0.004805384330488257,35.05809354928996,-162.31346706735087,515.6380829946354,6884.089527188465,0.00045217345641605073,53.00993872121845,8.590901025253919,256.59463814596256,148.97394493032883
15 Jul 2026 17:58:00.000000000,3964.9006533480197,3779.2161717326753,4174.432370837182,-6.1514516131715995,2.0858244768702874,3.9569375036552272,-0.004829020939596686,-0.00460767393099179,-0.005104782770657894,37.591949544978746,-159.056001323938,516.6386138091304,6883.2829398368685,0.0005590497720170484,53.007397310366464,8.587427303273994,251.11403418553311,158.25343283148783
15 Jul 2026 17:59:00.000000000,3587.388712951371,3895.9862634348697,4402.494572006659,-6.4276708581254915,1.8051132608349663,3.642368751188585,-0.004367289271780107,-0.004748284127336082,-0.005381592117321561,40.01314990011422,-155.55897830953828,517.6085783283503,6882.493707852913,0.0006726322528193076,53.00490843106415,8.58353683432494,249.05488099102737,164.11139604991885
15 Jul 2026 18:00:00.000000000,3194.146047256987,3995.672718475608,4611.198141749768,-6.675621675747367,1.516577316865177,3.3118865177333285,-0.0038867740113470183,-0.0048680636072975444,-0.0056346517908948115,42.303414377073274,-151.79617077991364,518.5338989564341,6881.735648258832,0.0007860006729234952,53.00251560748091,8.579242018960446,249.01544910512962,167.94957477767636
15 Jul 2026 18:01:00.000000000,2786.9013417713154,4077.8438446712253,4799.631649166332,-6.89423913980816,1.221481069333892,2.9669473982134487,-0.00338959075326426,-0.00496653364762665,-0.0058629085334871815,44.442040041995384,-147.74301279705776,519.401105003568,6881.022017555633,0.000894896466352411,53.00026066543671,8.574562343535174,250.21077702197854,170.55293926715245
15 Jul 2026 18:02:00.000000000,2367.4433334116757,4142.144622529189,4966.972891307835,-7.0825870601460705,0.9211149530034141,2.6090679523410634,-0.002877914523519721,-0.005043307544424629,-0.0060654189930848335,46.405907504104206,-143.3789742829059,520.1975529010657,6880.365282203176,0.0009963648221048733,52.99818300095365,8.56952403557775,252.1953867847087,172.36697430498614
15 Jul 2026 18:03:00.000000000,1937.612984824097,4188.298100137248,5112.492292034025,-7.2398612726754195,0.6167898859054586,2.2398180470133586,-0.0023539704710017076,-0.005098090759066085,-0.006241351784514608,48.169740155789285,-138.6907941819989,520.9116318298587,6879.776903527658,0.0010881693335518799,52.99631889177264,8.56415960165796,254.70475681407427,173.6562065008107
15 Jul 2026 18:04:00.000000000,1499.29547789624,4216.106456391854,5235.555897928258,-7.365392378574206,0.3098317427618864,1.8608140889446,-0.001820024823429514,-0.0051306807585739895,-0.006389989091351486,49.70673182039581,-133.67647093078838,521.5329515535759,6879.26714061342,0.0011685354822508116,52.994700863771264,8.558507255944109,257.5737061666511,174.5858201892553
15 Jul 2026 18:05:00.000000000,1054.41205904438,4225.4517331016295,5335.627965475963,-7.458647949082319,0.0015758455863116151,1.4737121729546752,-0.0012783761235756741,-0.005140966606601676,-0.006510727879648987,50.98964699391555,-128.3495775218812,522.0525095948203,6878.844874399095,0.0012360350132175851,52.99335712325112,8.55261024945595,260.69386966293695,175.26418250092578
15 Jul 2026 18:06:00.000000000,604.9117678353372,4216.296237407003,5412.273135123078,-7.519234212670025,-0.30663851501900524,1.0802011672830816,-0.0007313467412672458,-0.005128928353444399,-0.006603080788381807,51.99243629438962,-122.74302552309324,522.4628352651056,6878.517455819928,0.0012895332280268789,52.99231106490917,8.546516111787529,263.99060559172295,175.7659358914177
15 Jul 2026 18:07:00.000000000,152.7630795237265,4188.6826166789715,5465.15818899812,-7.5468972405944585,-0.6134735171231179,0.6819957534853847,-0.00018127464070865726,-0.005094636269274242,-0.006666676759110892,52.69228276568435,-116.91100822868455,522.7581084479987,6878.290580425091,0.0013281653100567687,52.991580863987345,8.540275818529427,267.4098116229796,176.14518249084114
15 Jul 2026 18:08:00.000000000,-300.0545088465029,4142.733608632508,5494.053390032341,-7.541523645181328,-0.9175981948789075,0.28082943503746494,0.00036949463271337334,-0.005038249951482415,-0.006701261452900149,53.071817832043,-110.92780243235619,522.9342514352273,6878.168191456652,0.0013513260601536708,52.99117915963224,8.533942898910675,270.90996153778184,176.44344765962174
15 Jul 2026 18:09:00.000000000,-751.5589198799621,4078.6514698426463,5498.833400966402,-7.503140802697063,-1.2176937694545218,-0.12155247406591868,0.00091861579205022,-0.004960017336960756,-0.006706697504432661,53.12108327894365,-104.88268919321592,522.9889925231055,6878.152412913786,0.001358665446505176,52.99111283491509,8.527572499187702,274.45695328793926,176.69483223143428
15 Jul 2026 18:10:00.000000000,-1199.7739366575472,3996.717086197192,5479.477782338748,-7.431916609592905,-1.5124589181298265,-0.5233998717387854,0.001463751531003442,-0.004860273627930514,-0.0066829646359453316,52.838766194609164,-98.87146110312234,522.9219004875871,6878.243513645333,0.0013500861547897055,52.99138289729003,8.521220418064576,278.0204479483224,176.92967387450318
15 Jul 2026 18:11:00.000000000,-1642.737615007134,3897.2887691534206,5436.071069030889,-7.328158777432985,-1.800614976612257,-0.9229648935093457,0.0020025801882933747,-0.004739440139424792,-0.006630159653517743,52.23236815991712,-92.98632120863523,522.734389469542,6878.439903024081,0.0013257412732911027,52.991984461533534,8.514942130914777,281.5708979465829,177.17751917871638
15 Jul 2026 18:12:00.000000000,-2078.51063973662,3780.8007419319906,5368.802425385816,-7.19231366815669,-2.080911069700599,-1.3185089345823509,0.002532803415676733,-0.004598023059579414,-0.006548496326269918,51.31725996424049,-87.30667780422961,522.429694215568,6878.738158260387,0.0012860314042924586,52.992906835438724,8.508791819741091,285.0766823677045,177.4699886653399
15 Jul 2026 18:13:00.000000000,-2505.1845971592456,3647.761320120417,5277.964879322554,-7.024964667729053,-2.352129164571264,-1.7083096609222612,0.0030521539069989366,-0.004436612104173818,-0.006438305135247812,50.114886844113926,-81.89294499408611,522.0128160328788,6879.133082916922,0.0012316013730648044,52.994133706766206,8.502821425705346,288.50079268583187,177.84409135966192
15 Jul 2026 18:14:00.000000000,-2920.890136101788,3498.7507915295755,5163.954136331725,-6.82683009290574,-2.6130890396911384,-2.0906680009912466,0.003558403242037931,-0.004255879042697738,-0.006300032872503194,48.65057788828892,-76.78423144262833,521.4904402295892,6879.617795695999,0.0011633376604490496,52.99564342820549,8.49707974070282,291.79635251671345,178.34670532683717
15 Jul 2026 18:15:00.000000000,-3323.804989095107,3334.4190006519248,5027.266974807945,-6.598760623049715,-2.862653160452201,-2.463915107807531,0.004049369883104042,-0.004056576054441632,-0.006134242043038325,46.951414011796686,-71.99948150139446,520.8708262218926,6880.183848089765,0.0010823691259106395,52.99740939541083,8.491611553747306,294.89982416399334,179.0413713908559
15 Jul 2026 18:16:00.000000000,-3712.161825077079,3155.482643605603,4868.499224814196,-6.34173624671146,-3.099731450457063,-2.8264192785579514,0.004522927358452763,-0.0038395338815127534,-0.005941610032381956,45.04446924711294,-67.54084579336006,520.1636718962802,6880.821369018958,0.0009900762764268945,52.99940051156761,8.486456867004149,297.7198083556997,180.01949363554468
15 Jul 2026 18:17:00.000000000,-4084.255904005094,2962.7222802905326,4688.343333310428,-6.05686271152774,-3.3232859446063348,-3.1765928155518934,0.004977012640546403,-0.003605659726049168,-0.005722927971752217,42.95555856143514,-63.39794552909358,519.3799542152639,6881.519234141375,0.0008881200253257314,53.0015817304485,8.481650195115998,300.11728430393663,181.42009954789384
15 Jul 2026 18:18:00.000000000,-4438.452503303044,2756.9790713116504,4487.585519896207,-5.745367465596708,-3.532335307486725,-3.512898808871929,0.005409634718505663,-0.0033559348486068195,-0.005479099243728617,40.70848010319297,-59.552022351067706,518.5317484445213,6882.265257094666,0.0007785140738282975,53.00391466855949,8.477219960045709,301.8685019114829,183.466947976037
15 Jul 2026 18:19:00.000000000,-4773.19408525066,2539.151248346755,4267.102528454379,-5.408595079330593,-3.725959197618356,-3.833857817030326,0.005818883341198326,-0.003091411818841143,-0.005211137559262386,38.32465959919673,-55.97941757233111,517.6320287537403,6883.04639955495,0.0006637982416116905,53.006358275774915,8.473187991991209,302.5909075716732,186.54260345111976
15 Jul 2026 18:20:00.000000000,-5087.007173850296,2310.190327869735,4027.8579816229303,-5.048002138687068,-3.90330245537121,-4.138054417933279,0.006202937887981355,-0.002813211373139221,-0.004920164537777768,35.823080936372676,-52.65419708056122,516.6944532949748,6883.848996649413,0.0005474601750106109,53.008869552839805,8.469569145138992,301.58719753412606,191.3443828971957
15 Jul 2026 18:21:00.000000000,-5378.508909238692,2071.097079552567,3770.8983468163515,-4.6651516037358975,-4.063579089804299,-4.424143598490126,0.006560076310140298,-0.002522518841326318,-0.004607406729280258,33.220397283717055,-49.54996596341224,515.73313718421,6884.658993965823,0.000435007746622656,53.01140430329458,8.466371035012973,297.5142479741956,199.21542558873287
15 Jul 2026 18:22:00.000000000,-5646.413247477457,1822.917262211414,3497.3485245338993,-4.261706630645019,-4.206076037501264,-4.690856947523632,0.006888684060857239,-0.002220580107332956,-0.0042741920162404235,30.53114122183999,-46.641019091633034,514.7624170940006,6885.462192160292,0.00033671929513879494,53.013917906767134,8.463593902104044,287.8246568321197,212.70315128817637
15 Jul 2026 18:23:00.000000000,-5889.536773586212,1566.7371418332013,3208.4070719264996,-3.83942386031377,-4.3301566647710095,-4.937008613393928,0.00718726292500981,-0.0019086970826731203,-0.003921945350215385,27.76797773455581,-43.90299578905738,513.7966113985945,6886.244494983501,0.0002729154821638942,53.01636610018829,8.461230604280424,269.2687237217542,235.05728026290817
15 Jul 2026 18:24:00.000000000,-6106.804096063828,1303.6788079640908,2905.341076991509,-3.400146182876414,-4.435263983481652,-5.161500985141514,0.007454439638637333,-0.0015882226780927116,-0.003552183782677155,24.94196495258109,-41.31318860062675,512.8497799874793,6886.992156432732,0.0002700666430198949,53.018705753329336,8.459266738243917,244.82049455527823,263.30378853546296
15 Jul 2026 18:25:00.000000000,-6297.252791898145,1034.8953065394294,2589.480701299501,-2.945794994002838,-4.520923550374026,-5.363330054107637,0.007688974183696551,-0.0012605552736567208,-0.0031665107683467313,22.062802850369874,-38.85062418284392,511.9354879689002,6887.6920226951415,0.00032749071357002853,53.020895625136085,8.457680888048081,226.083175422097,285.8394938299221
15 Jul 2026 18:26:00.000000000,-6460.037872240768,761.5656090307344,2262.2134117731994,-2.4783619661231655,-4.586746020031228,-5.541590412036738,0.007889767634660488,-0.0009271326988947764,-0.002766609732672271,19.13906029973516,-36.49600211721046,511.0665775131063,6888.331764583886,0.00041737217607820025,53.022897087643706,8.456444996522299,216.35560137260217,299.3655865658863
15 Jul 2026 18:27:00.000000000,-6594.435740540812,484.88943954352544,1924.9779246744708,-1.9999003651781995,-4.632429322791671,-5.695479841697672,0.0080558694299148,-0.0005894257482468859,-0.002354236912241207,16.178377214431126,-34.23155051383214,510.25495202820764,6888.9000962837845,0.0005187087683038154,53.02467480479431,8.455524853257954,212.42732219106355,307.0925438187406
15 Jul 2026 18:28:00.000000000,-6699.84761699525,206.08198316671627,1579.257887562676,-1.5125159510153787,-4.657760440801085,-5.8243034571263195,0.008186483947395988,-0.00024893127066741934,-0.0019312134962103592,13.187642186289612,-32.040836847851466,509.5113767142537,6889.386976419095,0.0006212189777885529,53.02619735423931,8.454880690809327,211.7122139913215,311.6065174163312
15 Jul 2026 18:29:00.000000000,-6775.8024056853765,-73.63149959431236,1226.5753274862789,-1.0183575068519346,-4.662616758078163,-5.927477352722483,0.008280976260507134,9.283511623003268e-05,-0.0014994171112307807,10.173147970599537,-29.908557892667933,508.84529930163114,6889.783787732814,0.0007197355369476008,53.027437781175465,8.454467878808627,212.84410902673812,314.2737037852425
15 Jul 2026 18:30:00.000000000,-6821.958983698658,-353.0211261215899,868.483896021974,-0.5196070500882315,-4.646966963874842,-6.004531723596586,0.008338876970945826,0.00043434662450252777,-0.0010607727130918995,7.140728104159723,-27.820322637016083,508.2646944473688,6890.083492019473,0.0008112930186469323,53.028374074425386,8.454237704041732,215.11664623656122,315.8004930297887
15 Jul 2026 18:31:00.000000000,-6838.107894859828,-630.857885416186,506.5619438928111,-0.01846978292589262,-4.610871492662409,-6.055113423714551,0.008359886017817834,0.0007740731344696992,-0.0006172429605991495,4.095878283101329,-25.76243546335131,507.7759348432108,6890.280757379439,0.0008939907695989607,53.02898955630828,8.454138222925549,218.14549281737976,316.571246961023
15 Jul 2026 18:32:00.000000000,-6824.172434357916,-905.9191440838143,142.40545974884387,0.48283615347045844,-4.554482488675019,-6.0789879334270465,0.00834387538694304,0.001110489192923992,-0.00017081816348357432,1.0438661734465486,-23.721682612095474,507.38369158834325,6890.372055353179,0.0009665378109886464,53.02927317933324,8.454115171582517,221.70906485700206,316.80757804490645
15 Jul 2026 18:33:00.000000000,-6780.209114504348,-1176.9941358140375,-222.3790907775634,0.9820900533095447,-4.478043287966644,-6.076040713775069,0.00829089065680561,0.0014420820841830658,0.0002764940937948199,-2.010166752139114,-21.68512231115208,507.0908658094596,6890.355726039904,0.00102805515566479,53.02921972436135,8.454112917625432,225.6730317828074,316.64384452445637
15 Jul 2026 18:34:00.000000000,-6706.407506021146,-1442.889405332451,-586.1819884720032,1.4770790780646523,-4.38188741624886,-6.046277931382743,0.00820115134628177,0.001767359884186885,0.000722679540733164,-5.06110786218914,-19.63987739759964,506.89855288479805,6890.232009896173,0.001077981210058022,53.028829896596605,8.454075437049768,229.95265312718857,316.1648132204685
15 Jul 2026 18:35:00.000000000,-6603.089453562487,-1702.434177848425,-947.3975083557261,1.9656086732950508,-4.26643710622575,-5.989826544602787,0.008075050044552173,0.002084859406375131,0.0011657279054781353,-8.103777082992204,-17.572928473823218,506.80603996401175,6890.00304553222,0.0011160207346113675,53.02811031754842,8.453947299074969,234.49287696023632,315.4255606680406
15 Jul 2026 18:36:00.000000000,-6470.707668536377,-1954.4856254100182,-1304.4311535287213,2.4455128974834257,-4.132201343573534,-5.906933748681606,0.007913150330297866,0.002393153949558698,0.0016036435758490044,-11.13282828374745,-15.47090545208094,506.81083679004945,6889.6728334657055,0.0011421125468903035,53.02707341293147,8.453674641677727,239.2572349994817,314.4625775864869
15 Jul 2026 18:37:00.000000000,-6309.843706636116,-2197.9340022730644,-1655.7068367227912,2.914664591071988,-3.979773455971095,-5.7979657848563395,0.0077161835131157866,0.0026908607632629,0.002034456118743738,-14.142644882232357,-13.319875709284835,506.90873914263943,6889.247166436701,0.001156404859472193,53.02573719829862,8.453206120592826,244.221326938688,313.30028414802166
15 Jul 2026 18:38:00.000000000,-6121.2053417282095,-2431.70762240814,-1999.673971738494,3.370985316331508,-3.8098282645234516,-5.663406125286098,0.007485044245345866,0.0029766481508999364,0.0024562305435952172,-17.12722612334744,-11.105128083207997,507.0939235542171,6888.733527522473,0.001159233001532096,53.02412496600895,8.452493815065084,249.36881085421845,311.95503919379996
15 Jul 2026 18:39:00.000000000,-5905.623351799779,-2654.7776535588428,-2334.814437845703,3.8124550024191937,-3.623118821398101,-5.503853052354663,0.007220785078630421,0.0032492421413240435,0.0028670772034227452,-20.080060366887555,-8.810953815785641,507.3590713177456,6888.140957899406,0.0011510969748059275,53.02226487888082,8.451494074284787,254.68881397101322,310.4377291221099
15 Jul 2026 18:40:00.000000000,-5664.04773646963,-2866.162703816649,-2659.6493815060935,4.237121234841134,-3.420472761391413,-5.320016656984172,0.006924610054791857,0.003507432669298416,0.0032651612375479613,-22.993981656930107,-6.420428678931535,507.69551922769847,6887.479896669758,0.0011326376422695198,53.020189477541834,8.450168289507769,260.17417013221836,308.75553011099754
15 Jul 2026 18:41:00.000000000,-5397.54338905205,-3064.9331784362034,-2972.745821409394,4.64310813437094,-3.2027882983648954,-5.112715286001323,0.006597867434103049,0.003750079216864573,0.0036487114720342357,-25.861005955726203,-3.915205502283125,508.09343398628755,6886.761995690828,0.0011046110821089613,53.017935110030294,8.448483578062811,265.8201445901644,306.91318306342225
15 Jul 2026 18:42:00.000000000,-5107.2852492711645,-3250.2153865599694,-3272.7230247443017,5.028624777088865,-2.971029899955154,-4.8828714731684935,0.006242041678040594,0.003976115881702239,0.004016028709929076,-28.672143917052853,-1.2753340123375003,508.5420067769544,6885.999912800982,0.0010678610856162216,53.01554129359962,8.446413367071813,271.6234440653307,304.9139833334008
15 Jul 2026 18:43:00.000000000,-4794.552965430547,-3421.1953795728186,-3558.2586248053913,5.391973114357795,-2.726223675641948,-4.6315073921266565,0.00585874480870464,0.004184555851485927,0.00436549335915519,-31.417188285612166,1.5208635908524128,509.0296641657398,6885.207087224782,0.001023290087798824,53.01305001990288,8.443937866356947,277.58138761733807,302.7606096934063
15 Jul 2026 18:44:00.000000000,-4460.725097096585,-3577.1225049582163,-3828.094452415326,5.7315553590323445,-2.4694525141107646,-4.359739872121818,0.005449707270121147,0.0043744952763476634,0.004695572362722462,-34.08447646861833,4.496816240181202,509.54429124200993,6884.397501248346,0.000971829068503139,53.01050501576544,8.441044422041571,283.69115996019997,300.4558709142991
15 Jul 2026 18:45:00.000000000,-4107.272891174339,-3717.3126616835216,-4081.042056143304,6.045880811718387,-2.201851005923838,-4.068775018981084,0.005016768415631804,0.0045451165445135645,0.005004825412994721,-36.66063331607277,7.677558737501946,510.07346275498367,6883.585432483951,0.0009144071865995592,53.007950972569056,8.437727744343258,289.94909760489264,298.00341957726084
15 Jul 2026 18:46:00.000000000,-3735.7536656082325,-3841.1512453039704,-4315.987888878156,6.333572108261109,-1.9246001868143154,-3.759902484368579,0.004561866743144453,0.004695690979936396,0.0052919104506196175,-39.1303067413111,11.089320007864707,510.6046779393866,6882.7852011853665,0.0008519221250769342,53.00543275785946,8.43399000540785,296.3499761698924,295.4084647786651
15 Jul 2026 18:47:00.000000000,-3347.8038358737776,-3948.0957730534983,-4531.898140900248,6.593370876575776,-1.6389221355598254,-3.434489425934809,0.004087029987398416,0.004825580989078855,0.005555588461973255,-41.47592080552548,14.75871344762075,511.1255947476707,6882.01091713349,0.0007852123286875704,53.00299462313248,8.429840805228642,302.88627552773164,292.6785070604223
15 Jul 2026 18:48:00.000000000,-2945.1316199513076,-4037.678181181564,-4727.823202131787,6.824142797257038,-1.3460744584362943,-3.093974199662652,0.0035943651673485013,0.004934241692156284,0.005794727602207933,-43.677488447925725,18.71136775166841,511.62425931078735,6881.276230586098,0.0007150324905914905,53.000679421851174,8.425297006092777,309.54739330468243,289.8241250482425
15 Jul 2026 18:49:00.000000000,-2529.509457640165,-4109.506788648944,-4902.90173868072,7.024882067922621,-1.047344689833473,-2.739859823624779,0.0030860486767448504,0.005021222086348139,0.0060083066889572625,-45.71254933522598,22.969827768049793,512.0893266255991,6880.594091679885,0.0006420337579438732,52.99852785159047,8.420382438349703,316.31874115506093,286.859879374832
15 Jul 2026 18:50:00.000000000,-2102.7661799281013,-4163.26792299055,-5056.364371088853,7.1947152758293225,-0.7440446358610668,-2.3737072496374254,0.0025643164817010337,0.005086165785118278,0.006195418112335929,-47.55632478166025,27.55059922601793,512.5102687057913,6879.976522491493,0.0005667501354228823,52.99657773379969,8.415127482529668,323.1805516037033,283.80550609203976
15 Jul 2026 18:51:00.000000000,-1666.778963735391,-4198.727205681715,-5187.536943804598,7.332904686838587,-0.4375046848120673,-1.9971284761071393,0.002031454476665912,0.005128811384564725,0.006355270218178464,-49.1822035004874,32.4603536577096,512.8775667238218,6879.434405712982,0.0004895924275954183,52.99486334402487,8.409568535179378,330.10593352774805,280.68786149736343
15 Jul 2026 18:52:00.000000000,-1223.4651067876262,-4215.7304956804455,-5295.843377311195,7.438850961253509,-0.12906810536541474,-1.6117795318886383,0.0014897890313741416,0.005148992509085739,0.006487189227187406,-50.56267346471529,37.69159308910291,513.1828840052948,6878.977293582677,0.00041085075929416984,52.99341480454943,8.403747367728718,337.0568862497596,277.5449083984228
15 Jul 2026 18:53:00.000000000,-774.7736566617473,-4214.20449098768,-5380.808096036049,7.512095308403245,0.17991464951889083,-1.2193533573898656,0.0009416777398463401,0.005146637579142252,0.006590620744343902,-51.67077369268415,43.21849625916707,513.4192171045688,6878.613240342258,0.0003307063255219018,52.992257550313646,8.397710389757524,343.97428442370006,274.4357316287554
15 Jul 2026 18:54:00.000000000,-322.6769273265417,-4194.156989055411,-5442.058026638087,7.552321092140939,0.48809161771413234,-0.8215726056846796,0.00038950036958256066,0.005121769346008242,0.006665130918303781,-52.482034587349894,48.99411825897047,513.5810225831696,6878.348661071023,0.00024925300105384804,52.99141187767433,8.391507829619622,350.7470204333116,271.4713960893875
15 Jul 2026 18:55:00.000000000,130.8380642577868,-4155.67680771914,-5479.3241625405035,7.5593548987563,0.7941149691133678,-0.4201823831698351,-0.00016435000827480061,0.0050745042277418025,0.006710407299860315,-52.97670813012086,54.95033383394048,513.6643175246261,6878.188219288944,0.00016653261884582406,52.99089258409558,8.385192847051563,357.085322541949,268.9416290705983
15 Jul 2026 18:56:00.000000000,583.7782095586507,-4098.933369040292,-5492.4426916545735,7.533167077299195,1.0966466017975254,-0.016942946530261828,-0.0007174757389286291,0.00500505147400441,0.006726259442174813,-53.14190708184979,61.00157396127719,513.6667522441601,6878.13474522618,8.262810213377397e-05,52.99070870523777,8.37882059343713,1.6061236927061133,268.2294519478673
15 Jul 2026 18:57:00.000000000,1034.1529365694018,-4024.17594906087,-5481.355685166353,7.4738717601427425,1.3943636834735107,0.3863776294484951,-0.0012674831948310092,0.004913712176007387,0.0067126192723172716,-52.97316905708489,67.05236724352179,513.5876540854575,6878.189186137179,8.22816497762945e-06,52.99086335417596,8.372447236499609,261.80208347676756,11.842158726656908
15 Jul 2026 18:58:00.000000000,1479.9828235891985,-3931.732597031918,-5446.111346065287,7.381726368983363,1.6859641291802714,0.7880108001584608,-0.0018119913240430574,0.004800878130771159,0.0066695412553942944,-52.47502932550252,73.00729093565505,513.4280416361682,6878.350589499946,9.01009225369766e-05,52.991353665647196,8.36612896672321,205.9655410281288,71.48736366973883
15 Jul 2026 18:59:00.000000000,1919.3081680268715,-3822.0087281873384,-5386.863816830772,7.25713060857559,1.9701720064936001,1.186194903328285,-0.002348640185276178,0.004667030555822777,0.0065972023557605034,-51.66043804859564,78.78090972630491,513.1906091361453,6878.616119390984,0.00017777684943632162,52.992170846349346,8.359921003264946,210.56361269637182,70.6979041479163
15 Jul 2026 19:00:00.000000000,2350.197479495061,-3695.4853946872836,-5303.872546404558,7.100624947598481,2.245742858909346,1.579182502711477,-0.0028750995164941212,0.0045127386414857045,0.00649590178741671,-50.549189117401674,84.30528583882483,512.8796812962308,6878.981105773568,0.0002665270870532371,52.99330033040989,8.353876617015112,216.63465465864007,68.43537854453344
15 Jul 2026 19:01:00.000000000,2770.755866415265,-3552.717239928367,-5197.501217322032,6.9128885833399165,2.511468937114248,1.965247710181317,-0.0033890773802338174,0.004338657921163451,0.006366060536020571,-49.1657782390478,89.53367797761902,512.5011391885571,6879.439125885689,0.00035595513007169097,52.994722037259756,8.348046188228038,222.99578244380035,65.88262723305526
15 Jul 2026 19:02:00.000000000,3179.133285097539,-3394.3301420612192,-5068.216234675358,6.694736884575796,2.766184326324927,2.3426934715359065,-0.0038883289180024734,0.004145528427260386,0.006208220615951016,-47.53717411251956,94.44045301547622,512.0623183098123,6879.982116373937,0.000445596193916095,52.996410727310725,8.34247631550979,229.3949167114265,63.291687277865236
15 Jul 2026 19:03:00.000000000,3573.5326197231398,-3221.0185533658996,-4916.584779551229,6.447118305418273,3.00876995582619,2.709858798913881,-0.004370665235268694,0.0039341725985687324,0.006023044021307847,-45.69088205836511,99.01826653724562,511.57188035520323,6880.6005142961,0.0005348615331283071,52.99833644908316,8.337208992028328,235.74295748927491,60.75161864659899
15 Jul 2026 19:04:00.000000000,3952.2175613571058,-3033.5425429732104,-4743.272430641229,6.171110761971642,3.238158474670832,3.0651259300317086,-0.004833962424265608,0.0037054928990316706,0.005811311319188357,-43.65349709438258,103.27390256517312,511.0396606677989,6881.283424617337,0.0006230340043203354,53.000465069794345,8.332280863585522,241.99979505901754,58.30249373839505
15 Jul 2026 19:05:00.000000000,4313.5202534612845,-2832.724551505951,-4549.040359044215,5.867917463769575,3.453338974935745,3.406927391026146,-0.005276170714826,0.003460469105703429,0.005573919827565605,-41.44977656931172,107.22394070927712,510.47649374322435,6882.018811359081,0.0007092761886653519,53.002758879926674,8.32772258174292,248.1450470853702,55.96466062636529
15 Jul 2026 19:06:00.000000000,4655.848670978077,-2619.4458673839385,-4334.7421027637,5.538862193049846,3.653361541442695,3.733752936192507,-0.005695323724383519,0.0032001552230455773,0.00531188131547379,-39.10215791397087,110.89096813520558,509.89401956560926,6882.793709134467,0.0007926456931302158,53.00517726097719,8.323558263452435,254.16789766852682,53.748904329220935
15 Jul 2026 19:07:00.000000000,4977.693699663075,-2394.642835885288,-4101.31992913126,5.185384027128548,3.837341604398719,4.04415633423901,-0.006089547762709938,0.002925675985986677,0.005026319167417169,-36.63060610842716,114.30063256562232,509.30447392204184,6883.594451427505,0.000872115614131684,53.007677404467266,8.319805066749687,260.0627231091073,51.66082131831901
15 Jul 2026 19:08:00.000000000,5277.63588214487,-2159.302813537905,-3849.800795329065,4.809031502421067,4.004464069201853,4.336761967130945,-0.006457071127269353,0.0026382229168223936,0.004718464953579196,-34.05267725717519,117.47955070017021,508.7204661797058,6884.4069116518895,0.0009465987781829111,53.01021506938694,8.316472889978249,265.82685008820425,49.7030615539664
15 Jul 2026 19:09:00.000000000,5554.351797217578,-1914.4598820230124,-3581.29191933768,4.411456222991961,4.153987195813031,4.610271204336785,-0.0067962333066057005,0.0023390499085044355,0.004389654353870596,-31.383706569349254,120.45394510788975,508.1547483045732,6885.216752768223,0.001014974592261125,53.012745364575885,8.31356419979005,271.4592227126036,47.876661598262466
15 Jul 2026 19:10:00.000000000,5806.620039194033,-1661.1903374782107,-3296.9759759716126,3.994405921804084,4.285246198744432,4.863468512502324,-0.007105494000628486,0.0020294683185203576,0.004041322397708322,-28.63705551012172,123.24883903891903,507.6199791420766,6886.0096810509085,0.0010761174809121533,53.01522354211454,8.311073990843385,276.95950100021594,46.18194622779383
15 Jul 2026 19:11:00.000000000,6033.326764823499,-1400.6079728471261,-2998.105935145797,3.5597169889313705,4.397656537972903,5.095227258439727,-0.007383441844845791,0.0017108415641836855,0.0036749979859997685,-25.824376131479674,125.88764776251871,507.1284881592745,6886.771699485269,0.0011289260166214637,53.0176057876228,8.308989877812015,282.3273756419986,44.6192137093074
15 Jul 2026 19:12:00.000000000,6233.470776334102,-1133.8591727215705,-2685.999562105459,3.109306487749646,4.490716871021823,5.30451516196379,-0.007628802726065055,0.0013845792264309477,0.0032922976834681016,-22.955868092477694,128.3920353258345,506.69204295445434,6887.489356246057,0.001172351974503777,53.01984999344121,8.307292317898286,287.56198410785566,43.1893196712705
15 Jul 2026 19:13:00.000000000,6406.1681106478,-862.1178418879114,-2362.0336019886554,2.6451636872908435,4.564011637150815,5.490399354666108,-0.00784044756548657,0.0010521306792701552,0.0028949187805881287,-20.040515824119737,130.78193942612413,506.32162486557496,6888.149983762994,0.001205428664611261,53.02191650099787,8.305954959778159,292.66135137123933,41.89423629800867
15 Jul 2026 19:14:00.000000000,6550.656106740256,-586.5801905020389,-2027.6376737185994,2.1693411463277514,4.617213246062065,5.652051001271895,-0.008017399446384754,0.0007149782764822613,0.0024846316435486165,-17.08630085478499,133.07569659023113,506.0272169461808,6888.741924020791,0.0012272980199739072,53.023768799238546,8.304945112587031,297.6217886416974,40.73765345959409
15 Jul 2026 19:15:00.000000000,6666.296925487463,-308.4594004036223,-1684.2879007867398,1.6839453920910996,4.650083845795352,5.7887494418180685,-0.00815883996658568,0.0003746301396520966,0.0020632713879467197,-14.100388779726282,135.29022276689165,505.817608421691,6889.254735968381,0.001237236055038198,53.02537416680451,8.304224326531134,302.4371764513792,39.72569543477607
15 Jul 2026 19:16:00.000000000,6752.580499143438,-28.98019852176753,-1333.5003089113395,1.1911272435680613,4.6624766474953505,5.89988581554353,-0.008264114699728577,3.261260381064707e-05,0.0016327289284888051,-11.08929280353294,137.4412210365648,505.70021948818624,6889.679381222677,0.0012346764735079482,53.026704246667215,8.303749074647884,307.0980351923301,38.86785013433979
15 Jul 2026 19:17:00.000000000,6809.126890801704,250.6266354471581,-976.824022794379,0.6930718358431612,4.654336788453971,5.9849661310534215,-0.008332737666815773,-0.0003095376115368911,0.0011949414754608763,-8.059016988023588,139.54339961852384,505.68094997163604,6890.00838464302,0.0012192324246028856,53.02773554315172,8.303471523528044,311.5902408203423,38.17825311407158
15 Jul 2026 19:18:00.000000000,6835.688047769614,529.1297989187545,-615.8342961753852,0.19198840768404318,4.625701719161363,6.043613751949085,-0.008364394725677208,-0.0006502814295739382,0.0007518825613584421,-5.015182825887137,141.61069101494357,505.76405493174326,6890.235966813085,0.0011907167323847885,53.02844983268089,8.303340379217445,315.8931615337302,37.67755057465095
15 Jul 2026 19:19:00.000000000,6832.148936672227,805.3030049764795,-252.12541105999875,-0.3099000806493708,4.576701104939138,6.075571272591388,-0.008358945811017463,-0.0009880855570169416,0.00030555169630642885,-1.9631428691203001,143.6564680947101,505.9520497809957,6890.358145993564,0.0011491614506257308,53.02883448111833,8.303301793271045,319.97684363549394,37.39571314622776
15 Jul 2026 19:20:00.000000000,6798.528052240897,1077.9305003079999,112.69651667819493,-0.81036742876172,4.507556237944393,6.080701764856276,-0.008316425973629516,-0.0013214306494637325,-0.0001420362398514108,1.0919149229534408,145.6937560349345,506.2456469059429,6890.372807684318,0.0010948385194148366,53.028882662259264,8.30330031283138,323.79760278970264,37.37644425356741
15 Jul 2026 19:21:00.000000000,6734.977296054761,1345.8125331488013,477.02078719062763,-1.3071947036927207,4.418578960782459,6.0589893834795046,-0.008237045191474942,-0.0016488194092042316,-0.0005888617526806295,4.14486856686839,147.73544090227253,506.6437251407996,6890.279740552219,0.00102828503253968,53.02859347377756,8.30327985794511,327.2908593832419,37.68434435770085
15 Jul 2026 19:22:00.000000000,6641.781225915157,1607.7707420874578,839.2393833808738,-1.7981806997511356,4.310170108494425,6.010539324688671,-0.008121186948691694,-0.001968784523865243,-0.0010329115153609365,7.190565718718922,149.79447665731416,507.1433327689282,6890.0806381221755,0.0009503400902436973,53.027971948755514,8.30318470881196,330.35903566063877,38.41701341358571
15 Jul 2026 19:23:00.000000000,6519.355680955163,1862.6534371772707,1197.7542157240898,-2.2811522771143875,4.182817481130301,5.935577140086658,-0.007969405599588029,-0.0022798963561142787,-0.0014721890563617374,10.223726214743632,151.88409272533067,507.73972403506235,6889.779066281581,0.0008622075915214374,53.02702896276955,8.302960485601307,332.85024339281125,39.72636279035438
15 Jul 2026 19:24:00.000000000,6368.245791942618,2109.3407456779796,1550.9843067650165,-2.7539745075136426,4.037093364332269,5.834447414974612,-0.007782422564087247,-0.0025807703014357882,-0.001904725234186346,13.238840068348805,154.01800407903488,508.4264284603334,6889.38039729735,0.0007655760403537159,53.02578103834199,8.302555103590716,334.5190971308618,41.85780161029417
15 Jul 2026 19:25:00.000000000,6189.123390434449,2346.7495959581915,1897.3728776506778,-3.214560558526535,3.8736516201764886,5.7076118272819425,-0.007561121413065638,-0.0028700737362213455,-0.002328588385400056,16.23005742935679,156.2106249815989,509.1953515820534,6888.891711674287,0.0006628665872881828,53.02425005037022,8.301919686904961,334.9517896880606,45.22516087057873
15 Jul 2026 19:26:00.000000000,5982.783834414365,2573.8385145509337,2235.3943002166934,-3.6608812524300167,3.693224374832758,5.55564660980897,-0.007306541933049538,-0.003146532490880989,-0.0027418940424946327,19.191066907455497,158.47728596676322,510.0369051101366,6888.32166978037,0.0005577806246867309,53.02246283787358,8.301009424840501,333.4206400306244,50.556145173996306
15 Jul 2026 19:27:00.000000000,5750.142271717107,2789.612213073939,2563.5608796803645,-4.090974241112596,3.4966183332729615,5.379239444408989,-0.007019873266799046,-0.003408936791552274,-0.0031428141284569238,22.114958584365798,160.8344509592342,510.9401639185555,6887.6803557162875,0.00045655646149011744,53.02045072902748,8.299784355898439,328.6243359302806,59.15208972209042
15 Jul 2026 19:28:00.000000000,5492.229365856775,2993.125943627932,2880.4294348645617,-4.502952745010453,3.284710754209283,5.179185821879801,-0.006702446246198199,-0.0036561466283645105,-0.003529585549947601,24.994068090131673,163.29992714316947,511.89304678710135,6886.979096400096,0.0003706828903371593,53.01824898795636,8.29821006586324,318.4547460357699,73.12114791949358
15 Jul 2026 19:29:00.000000000,5210.186511782645,3183.489603351682,3184.6076450194832,-4.8950138112084725,3.0584451205990018,4.956384905579429,-0.006355725041842071,-0.0038870965214078367,-0.003900518126740188,27.81979847251424,165.89305351500764,512.8825173877179,6886.230259266208,0.0003202622020491361,53.01589619310334,8.296258287864386,301.18780584172976,94.18740511625836
15 Jul 2026 19:30:00.000000000,4905.260571547034,3359.8715709759617,3474.760134686429,-5.26544605350624,2.818826542380681,4.711834940024975,-0.005981298258292966,-0.004100799668739425,-0.004254001811588374,30.582417531947613,168.63484399292156,513.8948016774798,6885.447032331482,0.0003266893763713997,53.013433558167534,8.293907394052496,280.4185477173262,118.75584833040647
15 Jul 2026 19:31:00.000000000,4578.798161865155,3521.5022604414285,3749.614270583006,-5.612636845138149,2.5669169285950613,4.4466282479258465,-0.0055808696084630694,-0.004296351475936711,-0.004588513173666071,33.27083028160307,171.54804626100554,514.9156176218539,6884.643190657148,0.0003882151753232489,53.010904207574946,8.291142770489843,264.2247737978583,138.74869315124127
15 Jul 2026 19:32:00.000000000,4232.239527075427,3667.677378863489,4007.965647127151,-5.935078942703366,2.303829965726,4.161945860221061,-0.005156248296039888,-0.0044729324788108215,-0.004902621135716295,35.87232990625658,174.65705696224109,515.9304130267473,6883.832853428156,0.00048300743325589175,53.0083524192137,8.287957068865918,254.98344362473475,151.7889959409314
15 Jul 2026 19:33:00.000000000,3867.112032065373,3797.760878310408,4248.683239898411,-6.231376527475666,2.030725938009456,3.8590518237490357,-0.004709339230033107,-0.0046298106842372995,-0.005194991973415491,38.372336995993976,177.98760678150717,516.9246072041775,6883.03023598369,0.000592635387900594,53.00582284770642,8.284350330815299,250.66237410135528,159.90895376889725
15 Jul 2026 19:34:00.000000000,3485.0233103488195,3911.187592953965,4470.714208984542,-6.500250657376038,1.7488064236893768,3.539287230244565,-0.004242133181973041,-0.004766343361362304,-0.005464393597873505,40.75414713297991,-178.4339033400226,517.8838322282405,6882.249401162781,0.0007066148523750224,53.003359741801425,8.280329982877085,249.27606193317436,165.09408191181157
15 Jul 2026 19:35:00.000000000,3087.6541026953078,4007.465555115837,4673.088336736134,-6.7405441293089385,1.4593088988539522,3.2040640085133907,-0.003756696990032147,-0.004881978330255453,-0.0057096991629276604,42.99872234308055,-174.58156548505275,518.7941696481865,6881.504014281644,0.000818982032189286,53.00100616953896,8.27591070231996,249.63788981977282,168.5310076515585
15 Jul 2026 19:36:00.000000000,2676.7508215581856,4086.1779855503764,4854.922086893608,-6.9512257571130105,1.1635012776628122,2.85485851900622,-0.0032551638910841485,-0.004976254795698631,-0.005929890044311801,45.08458307909557,-170.43179573563006,519.6423787045285,6880.807105938752,0.0009259315221659193,52.99880326468684,8.271114156369254,251.08357014930488,170.88402662003767
15 Jul 2026 19:37:00.000000000,2254.117876100795,4146.984954931775,5015.422274315019,-7.131394074908142,0.862676414640281,2.4932049867542845,-0.002739724047135745,-0.005048803779592291,-0.00612405824829199,46.9878828388051,-165.96597787227972,520.4161123325282,6880.17084665563,0.0010247469737229866,52.99678950754569,8.265968619505006,253.2311350409045,172.53511284355298
15 Jul 2026 19:38:00.000000000,1821.6097919254992,4189.624714953529,5153.889336588683,-7.280280479050293,0.5581465913774849,2.1206888049054387,-0.002212615316205715,-0.005099348211885331,-0.0062914083191542595,48.68277148785951,-161.17396036051997,521.1041175246119,6879.606337111556,0.0011133385762272289,52.99500005260649,8.260508475651232,255.85026874846142,173.71458647080473
15 Jul 2026 19:39:00.000000000,1381.123158743496,4213.914698682336,5269.720200639593,-7.397251824178474,0.25123800662291296,1.7389397370905568,-0.0016761142926616421,-0.0051277027319483635,-0.006431258809221525,50.14216316610021,-156.05821625394248,521.6964169496383,6879.123417427194,0.0011900380881912738,52.99346611471007,8.25477361399582,258.7949911695296,174.56843043737422
15 Jul 2026 19:40:00.000000000,934.5884382523363,4219.752190848171,5362.4107390144945,-7.481812489948036,-0.05671471452865683,1.3496250427602843,-0.0011325276271451157,-0.005133773254143358,-0.006543043380505841,51.33899994740018,-150.63810036480257,522.184469083247,6878.730498601586,0.0012535056955690102,52.99221442433163,8.2488087291001,261.9681572690875,175.19379125281944
15 Jul 2026 19:41:00.000000000,483.96166349028965,4207.114669597678,5431.557811863744,-7.53360593503778,-0.36437397964810186,0.9544425456367258,-0.000584183617453028,-0.0051175563466915675,-0.006626311604605681,52.2480208034203,-144.95318596651282,522.5613044814919,6878.434418816148,0.0013026874579843656,52.99126676140138,8.242662537500626,265.30188925853673,175.6585470651633
15 Jul 2026 19:42:00.000000000,31.216059955793334,4176.059821919584,5476.860891736619,-7.552415753983605,-0.6704046461506594,0.5551136617090969,-3.342404399481683e-05,-0.005079138462435899,-0.006680729516994908,52.84789883213647,-139.06434184049522,522.8216362233908,6878.240326897006,0.001336796235422412,52.990639575705885,8.236386924507585,268.746223345088,176.01266118221952
15 Jul 2026 19:43:00.000000000,-421.66638209703274,4126.725235483255,5498.123269190628,-7.538166250451204,-0.9734793887835658,0.15337639993774307,0.0005174037885574235,-0.005018695053952139,-0.006706079976097636,53.123428099968045,-133.05133639571895,522.9619429510522,6878.1515947765,0.00135530337708172,52.99034370041047,8.230036036038657,272.262125268624,176.29516682674588
15 Jul 2026 19:44:00.000000000,-872.7033555021425,4059.3277700564695,5495.252837919168,-7.490922537886505,-1.2722840111888716,-0.2490216538249616,0.001065954853409081,-0.004936489595768328,-0.006702262866908126,53.067303880896894,-127.00655770665412,522.9805233448853,6878.169760325817,0.0013579349061946914,52.99038416362982,8.223665331321005,275.8168635722521,176.53879417272157
15 Jul 2026 19:45:00.000000000,-1319.9206761287696,3974.1626119982625,5468.262458664659,-7.410890175252781,-1.5655226963766553,-0.6503303612331612,0.0016098941048512914,-0.004832872524819345,-0.006669295174884531,52.68104482025512,-121.02576266966437,522.877521283639,6878.294501446633,0.0013446690471906647,52.99076010127782,8.217330612911509,279.380610938361,176.7733693249021
15 Jul 2026 19:46:00.000000000,-1761.360687081045,3871.602015646781,5417.26990164559,-7.298414342018979,-1.8519231911996386,-1.048804056720108,0.00214690414298609,-0.004708280098924524,-0.006607310941482715,51.97479808240476,-115.1979849639403,522.6549213523656,6878.523641817127,0.0013157335985040412,52.991464772679315,8.21108705088399,282.9235585750709,177.02870024909566
15 Jul 2026 19:47:00.000000000,-2195.090599649453,3752.093735695222,5342.497367650824,-7.153978552888489,-2.130241919781227,-1.44270856671731,0.0026746929011774207,-0.004563233165100106,-0.006516561102140749,50.966083502400586,-109.59710199217483,522.3165147750177,6878.853188191531,0.0012716026943584019,52.992485678652066,8.20498821813055,286.4129869773141,177.3375063229876
15 Jul 2026 19:48:00.000000000,-2619.210743279959,3616.15915500226,5244.270588374974,-6.978202909223742,-2.3992690198388495,-1.8303282152305638,0.003191001412512524,-0.004398335815839137,-0.006397413188564396,49.67782046028619,-104.27684079564082,521.8678362618076,6879.277398657717,0.0012129933650557021,52.99380478000054,8.199085153534975,289.8097123108618,177.73897225204362
15 Jul 2026 19:49:00.000000000,-3031.862696624289,3464.391112677414,5123.017507049266,-6.771841880917128,-2.6578332944120997,-2.2099728069008164,0.003693611704240458,-0.00421427390433054,-0.006250350866117939,48.13611134176339,-99.26965997119325,521.3160726731919,6879.788880769559,0.0011408633432050824,52.99539881263032,8.193425469270615,293.0631049891116,178.28372977443877
15 Jul 2026 19:50:00.000000000,-3431.2372711660787,3297.4514378296835,4979.266541041086,-6.535781609868132,-2.9048070694541472,-2.5799845764497467,0.004180354858580202,-0.004011813382727254,-0.006075973266156554,46.36820248345376,-94.58874765933223,520.6699448119408,6880.378717993859,0.0010564132445689616,52.99723969382498,8.188052517747217,296.1033350337127,179.04161255701618
15 Jul 2026 19:51:00.000000000,-3815.5823185598488,3116.0681949239715,4813.644428768268,-6.271036724214865,-3.1391109455047173,-2.9387450908289496,0.004649119264946685,-0.0037917984206782807,-0.005874994061365368,44.40087972505339,-90.23181018576793,519.9395640592651,6881.036622453722,0.0009610995216692617,52.99929501265246,8.1830046326771,298.82832055154375,180.11470794548762
15 Jul 2026 19:52:00.000000000,-4183.210331793047,2921.032647604432,4626.873664298421,-5.978746651634732,-3.359718428773145,-3.28468208672308,0.005097859069734545,-0.0035551492562187243,-0.005648240221848226,42.259379424227525,-86.18538772001399,519.1362659685954,6881.751111513392,0.0008566717058877974,53.00152859601214,8.1783144574777,301.0802691155141,181.66081577454776
15 Jul 2026 19:53:00.000000000,-4532.505809861111,2713.1959486996443,4419.769524071968,-5.660171419917763,-3.565660424311675,-3.6162762225719547,0.005524602816705971,-0.003302859733746538,-0.005396650390843124,39.966770250645226,-82.42883134728787,518.2724233155847,6882.50970534326,0.0007452643704133146,53.00390114052316,8.174008372732173,302.6008008078812,183.93832547565225
15 Jul 2026 19:54:00.000000000,-4861.9323548161965,2493.4655653052373,4193.236691608079,-5.316686934210348,-3.75602957100962,-3.9320677201546053,0.005927462247941019,-0.0030359944803496288,-0.005121272809868579,37.54370084389108,-78.93751760440898,517.3612414707991,6883.299142233059,0.0006296178709236165,53.006370899308195,8.17010603270898,302.9397195364115,187.39744486794248
15 Jul 2026 19:55:00.000000000,-5170.039469512065,2262.801449123932,3948.2654876702536,-4.949779722573605,-3.929984395434024,-4.230662866779722,0.006304641217674562,-0.0027556856770733066,-0.00482326272707047,35.00839805323747,-75.68520477096915,516.4165393043909,6884.105608092203,0.0005136228197252764,53.008894411768885,8.166620019069041,301.2604687913077,192.8747444613159
15 Jul 2026 19:56:00.000000000,-5455.469023966176,2022.2119636902821,3685.9277152309687,-4.561041144880769,-4.0867532590807265,-4.510740345237663,0.006654444655496536,-0.0024631293881532844,-0.0045038792280248305,32.376817022016354,-72.64561892889458,515.4525191423348,6884.914976297775,0.0004037245317869699,53.0114272636913,8.163555617896794,295.93405437908496,201.99923473325288
15 Jul 2026 19:57:00.000000000,-5716.961358088235,1772.7495816988003,3407.372130664439,-4.152161064532882,-4.225638071525991,-4.771057355104543,0.00697528749434399,-0.002159581416655695,-0.004164481431527712,29.662869875949156,-69.7934294923874,514.4835295614129,6885.713053827474,0.00031244454694117295,53.013924864479215,8.160910724021118,283.99068194639307,217.74072856505296
15 Jul 2026 19:58:00.000000000,-5953.360988659081,1515.506367342617,3113.819554882247,-3.7249209878803415,-4.346017740425608,-5.010455485935487,0.007265703464876979,-0.0018463526657440672,-0.003806524004677481,26.878684135455753,-67.10477939164542,513.523825026041,6886.485829455446,0.00026352578979326526,53.01634322799823,8.158675874461712,262.81010493923975,242.71949319161112
15 Jul 2026 19:59:00.000000000,-6163.621888920776,1251.609260353137,2806.5576405758225,-3.2811866824840763,-4.447351328369608,-5.227866300498587,0.0075243536506442036,-0.0015248039972617729,-0.0034315519666224263,24.03486120993955,-64.55751042418754,512.587326523439,6887.219719697231,0.00027981444514572196,53.01863974342935,8.156834410475799,238.76296407239923,270.5649105904409
15 Jul 2026 20:00:00.000000000,-6346.812310025944,982.2151802151008,2486.9353142893897,-2.8229002922084527,-4.529180886391334,-5.422316584631729,0.007750034679032545,-0.0011963405881120672,-0.0030411947584602092,21.140718907902745,-62.13119122425776,511.6873874358216,6887.9018081739305,0.00034950915250842626,53.02077392268217,8.155362765625023,222.72349489461504,290.4027697258175
15 Jul 2026 20:01:00.000000000,-6502.119114888707,708.5059708482484,2156.3569146776304,-2.3520719744678065,-4.5911339344492905,-5.5929332196509,0.007941686428800502,-0.0008624058017105888,-0.002637159579988184,18.204510731484806,-59.80702442378703,510.83656888981875,6888.520074125428,0.0004442317689548734,53.022708111299494,8.154230874914832,215.0078049896609,301.91698911032137
15 Jul 2026 20:02:00.000000000,-6628.851596734206,431.6832077730706,1816.2760509342254,-1.8707710924543468,-4.63292556053531,-5.738947633594619,0.008098399125977608,-0.0005244746024762344,-0.002221224006423342,15.233620089277016,-57.567684702243184,510.0464287386104,6889.063605944411,0.000546586720388251,53.02440815039578,8.153402698084033,212.2147843158059,308.50870618447567
15 Jul 2026 20:03:00.000000000,-6726.444756839493,152.9628914304035,1468.189207952371,-1.3811170026646493,-4.654360112170302,-5.859699788992701,0.008219419705152638,-0.000184046555362191,-0.0017952279176578743,12.234730596083113,-55.397120968548094,509.3273281554253,6889.522795823683,0.0006482477597589872,53.02584397799814,8.152836847989285,212.14808246620723,312.3742997360525
15 Jul 2026 20:04:00.000000000,-6794.462018597097,-126.42994819694856,1113.6291272415167,-0.8852694852372968,-4.6553324569319745,-5.954641667304282,0.00830415732263606,0.0001573615353033067,-0.001361064790679565,9.213975197180488,-53.280342939898766,508.68825954828134,6889.889511911212,0.0007448881687200642,53.02699015918923,8.1524873133218,213.67742268036358,314.6440755337304
15 Jul 2026 20:05:00.000000000,-6832.5973580843,-405.2667092036723,754.1579948996257,-0.3854188712975125,-4.635828792235888,-6.023340213656138,0.008352187910060802,0.0004982232827539668,-0.0009206724198785324,6.177067556168796,-51.203203597916016,508.1366991448593,6890.157244743414,0.0008339367947526715,53.027826335670596,8.152304263100755,216.21265290980065,315.9082148774892
15 Jul 2026 20:06:00.000000000,-6840.676834750122,-682.3207101056328,391.3604699868679,0.11622407256179045,-4.5959269887981735,-6.065479709950787,0.008363257684436708,0.0008370105953695638,-0.00047602314886939295,3.1294193703018975,-49.15218323694044,507.678487150219,6890.321225174492,0.0009137104612412176,53.0283375867495,8.152234919018605,219.4276197075579,316.49290030227223
15 Jul 2026 20:07:00.000000000,-6818.659509588081,-956.3726885864041,26.836588392538673,0.6174384375485422,-4.535796456926218,-6.0808635497101,0.008337285534572848,0.0011722016928356214,-2.9113706945723136e-05,0.07624726863143225,-47.11417714516135,507.31773785579196,6890.378511528647,0.0009830601077908774,53.02851469528264,8.152224480414546,223.13154291104647,316.58894047199607
15 Jul 2026 20:08:00.000000000,-6766.6377421814805,-1226.2162778279046,-337.8054212949099,1.116003574711147,-4.455697529892828,-6.069415394032869,0.008274364232981559,0.0015022891731683802,0.00041804524356299115,-2.9773271473808958,-45.07628670638265,507.05678148870743,6890.3280442631885,0.001041213151725929,53.02835431375763,8.15221708578465,227.2073955596734,316.3133898294937
15 Jul 2026 20:09:00.000000000,-6684.836862222672,-1490.663431409382,-700.9563723681201,1.6097095341560548,-4.355980364003366,-6.031179694618558,0.00817476043977393,0.0018257880400944747,0.0008634397359927393,-6.026180659988762,-43.02561242838792,506.8961389506033,6890.170667032986,0.0010876956584360408,53.02785902743191,8.152156793988386,231.58069289463296,315.7407591622633
15 Jul 2026 20:10:00.000000000,-6573.614215437272,-1748.549767897707,-1061.0133668503238,2.0963674685869518,-4.23708336041588,-5.966321576759305,0.008038913489308798,0.0021412435999779047,0.0013050631860803627,-9.06509178417825,-40.94904682023117,506.8345299215596,6889.909113676298,0.0011222885131146382,53.027037313246886,8.151988567949523,236.20274767916257,314.91975985315673
15 Jul 2026 20:11:00.000000000,-6433.457588212961,-1998.7398067051677,-1416.3870162076419,2.5738199284179393,-4.099531119167519,-5.8751260823363065,0.00786743297414559,0.002447239140113268,0.0017409270176863244,-12.088640701053468,-38.833065027174534,506.86891411710303,6889.547961285983,0.001144998108766484,53.02590339506386,8.151659243549343,241.04119221071062,313.8827814519223
15 Jul 2026 20:12:00.000000000,-6264.983019549381,-2240.132067580935,-1765.508597736078,3.0399509772356406,-3.9439319410341853,-5.75799677996926,0.007661095160552977,0.002742403304073241,0.0021690711097275923,-15.091102300572649,-36.663511687542275,506.9945648032813,6889.0935501726135,0.0011560326828746186,53.0244769975927,8.151118466647498,246.07434050032103,312.6515290996593
15 Jul 2026 20:13:00.000000000,-6068.932013139788,-2471.6640071747306,-2106.8371090486316,3.4926960592078795,-3.7709748976701714,-5.615453756363012,0.007420838297436282,0.0030254170886505585,0.002587573953100749,-18.06632874866855,-34.42538372779393,507.20517301612426,6888.553872153623,0.001155780068420086,53.022783003176386,8.15031958168539,251.28767005437902,311.24054137803955
15 Jul 2026 20:14:00.000000000,-5846.168166383745,-2692.316767468933,-2438.86618411869,3.9300515541153755,-3.5814264947998566,-5.448131009377019,0.007147756892678055,0.003295020394228451,0.002994562413478746,-21.007617884788367,-32.102611032821656,507.49298031576507,6887.9384292008035,0.0011447848088652166,53.020851017316495,8.149220456106823,256.6715144024673,309.6594974462308
15 Jul 2026 20:15:00.000000000,-5597.673236842252,-2901.119712477733,-2760.1308357338344,4.350083960853265,-3.376126956950745,-5.25677326923446,0.006843095053285466,0.0035500180728048787,0.003388221007977993,-23.9075637306668,-29.67784056927378,507.8489373478194,6887.258065033577,0.0011237237027565716,53.01871485045315,8.147784225930291,262.2194631258344,307.9148167172331
15 Jul 2026 20:16:00.000000000,-5324.542670027434,-3097.1547314183454,-3069.213990935975,4.750938656327801,-3.1559861652358694,-5.042232279441099,0.0065082389973667104,0.0037892854298245985,0.003766800617092519,-26.75788559477951,-27.13223527544749,508.2628849995022,6886.524772746278,0.0010933794705713954,53.01641192501098,8.145979949230783,267.92717833365964,306.01084213196594
15 Jul 2026 20:17:00.000000000,-5027.980615411679,-3279.5602885201433,-3364.752788048986,5.130848183473542,-2.9219792819489014,-4.8054625732596925,0.006144708853980339,0.004011773147958311,0.0041286265675507606,-29.54923293260645,-24.445307799576184,508.72375453542514,6885.751481993876,0.0010546126330745473,53.01398261806852,8.143783155789047,273.79145258792715,303.95078203522036
15 Jul 2026 20:18:00.000000000,-4709.2944601204945,-3447.5352017144664,-3645.444606132157,5.48814002937925,-2.675142097192803,-4.547516784909727,0.005754149878422179,0.004216511617424392,0.004472106041211577,-32.27096466142742,-21.594822166121386,509.2197827854564,6884.951829623342,0.001008331979668879,53.01146955117385,8.141176283031417,279.8093997715049,301.73751916288984
15 Jul 2026 20:19:00.000000000,-4369.888911895125,-3600.3421345967636,-3910.0528001281527,5.8212438620317135,-2.4165661333999524,-4.26954053695616,0.005338323204335501,0.004402614666518472,0.004795734778150483,-34.910904632612414,-18.556814997536303,509.7387382377617,6884.139917921983,0.0009554642477824858,53.00891683979472,8.138148990397033,285.9777104535946,299.3743551895558
15 Jul 2026 20:20:00.000000000,-4011.2596645974772,-3737.3107882006343,-4157.412117501258,6.128698201673351,-2.1473935434713796,-3.972766946616852,0.004899096259225831,0.0045692827026526835,0.00509810306319519,-37.45508030803949,-15.305813028621863,510.2681537645996,6883.330064854815,0.0008969238591042246,53.00636931563533,8.134698346348786,292.29192836793754,296.86573422327774
15 Jul 2026 20:21:00.000000000,-3634.986680760077,-3857.840781256713,-4386.433774746368,6.409156510020101,-1.8688118373842515,-3.6585107939657697,0.004438432959924148,0.004715805284080062,0.005377900999962461,-39.88746053003078,-11.815354997836726,510.7955616734581,6882.536550778873,0.00083358377404841,53.00387173556543,8.13082888456018,298.74571933317304,294.2179739194463
15 Jul 2026 20:22:00.000000000,-3242.727126490698,-3961.404209661568,-4596.110174726108,6.661392687357023,-1.5820484705903204,-3.328162394295704,0.003958383795030887,0.004841563152275329,0.005633923091351109,-42.1897219254475,-8.058959890217064,511.3087268265236,6881.773366153956,0.0007662487244004616,53.00146799117212,8.126552528087386,305.330107446544,291.4400293827953
15 Jul 2026 20:23:00.000000000,-2836.2079944616926,-4047.547877826695,-4785.519248298562,6.88430597361756,-1.288365325447891,-2.983181215336291,0.0034610758890115346,0.004946029763237908,0.005865072158766085,-44.341092925421776,-4.011709454175623,511.79587369953606,6881.0539647175665,0.0006956322420901916,52.99920033296337,8.121888382715579,312.0326375202842,288.54433088744895
15 Jul 2026 20:24:00.000000000,-2417.2184507883476,-4115.895196381433,-4953.82840609325,7.076925254799206,-0.9890531144219984,-2.6250892777150163,0.0029487031289483316,0.005028772364262222,0.006070362645933009,-46.31834915253063,0.347390901352907,512.2459034480205,6880.391026462419,0.0006223389821933951,52.99710862301652,8.116862402958272,318.83636488983285,285.54779428407227
15 Jul 2026 20:25:00.000000000,-1987.6019413741003,-4166.147742352099,-5100.298088531413,7.238412780342093,-0.6854257309674764,-2.2554643741562312,0.002423516414759452,0.00508945266333516,0.006248923357981662,-48.096060107906,5.032178830312677,512.6485973049004,6879.796234550155,0.0005468537957507255,52.99522962938172,8.111506936539936,325.7184148429678,282.4732618422732
15 Jul 2026 20:26:00.000000000,-1549.2480928594005,-4198.0864794027675,-5224.2849042347,7.368067300303027,-0.37881457105507516,-1.87593313961348,0.001887814076703399,0.005127827139456168,0.006399999691193316,-49.64720456882447,10.045318819836307,512.9948029390168,6879.280070023762,0.00046953880751140543,52.993596374826495,8.105860155298968,332.64742534508,279.35205984930144
15 Jul 2026 20:27:00.000000000,-1104.0844426966212,-4211.572637013831,-5325.244348806879,7.465326633269615,-0.0705628453219033,-1.4881640010033759,0.001343932488827926,0.00514374704803398,0.0065229554195375405,-50.94426266350189,15.37392368110507,513.2766007490166,6878.851627848063,0.0003906394064607932,52.99223755155558,8.099965382536855,339.5779337734139,276.22961224758956
15 Jul 2026 20:28:00.000000000,-654.0680321612703,-4206.54824858491,-5402.733097597246,7.529769676981587,0.237980101015074,-1.0938600316396339,0.0007942368827947956,0.005137158160456789,0.0066172740889316115,-51.96083264106584,20.98568440896414,513.487447443461,6878.518457421296,0.00031029973559756495,52.99117701237525,8.093870328672503,346.4355017610764,273.1803162049346
15 Jul 2026 20:29:00.000000000,-201.17689537144236,-4183.0363493953755,-5456.4108674588815,7.561117873614445,0.5454644459247023,-0.6947517320545019,0.00024111235615062354,0.005108100281645807,0.006682560078290294,-52.67369354532239,26.826790384296572,513.6222946573891,6878.286430268071,0.000228588868892805,52.990433347417195,8.087626248753972,353.068035910857,270.35622185111333
15 Jul 2026 20:30:00.000000000,252.5985233175719,-4141.140836157168,-5486.041843720223,7.55923614074259,0.8505455136420341,-0.2925897558072148,-0.0003130449484360011,0.005056706578522674,0.006718539375445786,-53.06505529031376,32.82299621421459,513.677680772013,6878.159637152747,0.00014554671967211696,52.99001955401462,8.081287036761594,359.0244465898391,268.2083739631304
15 Jul 2026 20:31:00.000000000,705.2639918543911,-4081.0459905723133,-5491.4956696172685,7.524133277272916,1.151889352456034,0.11086240377433038,-0.0008658365275911079,0.0049832027417558164,0.006725060104146418,-53.124568941831,38.88462695979416,513.6517945323119,6878.140316349602,6.137549516595551e-05,52.989942805661045,8.074908272788907,1.4806129308549045,269.5608474661283
15 Jul 2026 20:32:00.000000000,1154.8301216282227,-4003.015669918766,-5472.747996309493,7.455961851311776,1.4481782576696505,0.5138357518336044,-0.0014148701079395596,0.004887905997186766,0.006702092831911303,-52.85061318689219,44.91509750142528,513.5445094930272,6878.228814280542,2.661385016194e-05,52.990204324212975,8.068546240054365,215.7682920387324,59.08183874341096
15 Jul 2026 20:33:00.000000000,1599.320976496877,-3907.3921681988495,-5429.880592396082,7.355017574181456,1.7381162309728753,0.9145631426661025,-0.001957768191050791,0.004771223969953465,0.006649730671801269,-52.25050344356971,50.82114539433834,513.3573887641817,6878.423579188623,0.00011273850153839896,52.99079935764854,8.062256929249724,208.18451999729587,70.47426515320244
15 Jul 2026 20:34:00.000000000,2036.7826288384802,-3794.5947519443685,-5363.081012555348,7.2217381618890855,2.020434367212914,1.3112866305151019,-0.0024921766016550544,0.0046336533975708475,0.006568189182344533,-51.33956318520404,56.522229378894764,513.0936599701587,6878.721187964107,0.0002010287554593396,52.991717263803416,8.056095047944071,213.18923221414408,69.2781452058116
15 Jul 2026 20:35:00.000000000,2465.2916319837996,-3665.1178752953033,-5272.641825660358,7.056701682471209,2.2938961590766307,1.7022648080691336,-0.0030157730848703363,0.004475778673933364,0.006457806050356181,-50.13931972352073,61.95691515633669,512.7581607801967,6879.116405686515,0.0002903559381812569,52.99294169860652,8.050113052708204,219.26489461041376,67.01096788667073
15 Jul 2026 20:36:00.000000000,2882.9633780985046,-3519.5290795835203,-5158.959403479606,6.86062438503993,2.557302708939152,2.085780119069373,-0.0035262759930125643,0.004298270202890012,0.006319040535874126,-48.675284689281646,67.08531088623445,512.3572558107077,6879.602276897806,0.0003802900577143598,52.994450905463005,8.044360221186517,225.5760850429208,64.50811172982158
15 Jul 2026 20:37:00.000000000,3287.9603103373197,-3358.4665833177855,-5022.532271905577,6.634358004210182,2.809497835509854,2.46014612968077,-0.004021453092128544,0.004101882528566342,0.006152472641377294,-46.97478487701715,71.88796991685196,511.89872613937007,6880.170247085748,0.0004703154190380134,52.99621810062072,8.038881780650955,231.91206223508317,61.98027635842935
15 Jul 2026 20:38:00.000000000,3678.499957494979,-3182.6365693223706,-4863.95902767883,6.378886532224475,3.0493730607337266,2.823714740656812,-0.0044991305030214835,0.0038874522029646837,0.005958801955759949,-45.06516842448009,76.36249875464937,511.3916331046841,6880.810312340512,0.0005597914918056786,52.998211947635745,8.033718108552813,238.19301983137285,59.507228869578135
15 Jul 2026 20:39:00.000000000,4052.862759091556,-2992.81017664761,-4683.935824676034,6.095322450407512,3.275872460185416,3.1748833195135284,-0.004957201783155774,0.0036558953550618616,0.005738846126778733,-42.9725254966525,80.51923561020135,510.84615848862694,6881.511194658753,0.0006479519845533232,53.00039711245991,8.028904019281466,244.38190781838267,57.125982814776144
15 Jul 2026 20:40:00.000000000,4409.399648135666,-2789.8202060168837,-4483.253435228884,5.784902412046205,3.487997357565101,3.512101728363705,-0.005393637129471145,0.0034082049134785243,0.005493538894919735,-40.72091296159211,84.37703464737099,510.2734235899303,6882.260539915046,0.0007339152705333867,53.00273488923346,8.024468149782091,250.45968880065647,54.8555422815586
15 Jul 2026 20:41:00.000000000,4746.539358447916,-2574.5575487807637,-4262.793893489291,5.448982370190089,3.684810841440692,3.8338792195356035,-0.005806492671857827,0.0031454474447233432,0.005223927632718615,-38.3319895515553,87.95972868069886,509.6852900847022,6883.045135110477,0.0008167014801392014,53.00518388560629,8.020432454935627,256.4162552304503,52.70598497216312
15 Jul 2026 20:42:00.000000000,5062.79542306226,-2347.967350748415,-4023.526729658474,5.089032146416788,3.865442079959875,4.138791167432378,-0.006193919805046537,0.0028687595679367218,0.004931170328296988,-35.82494321929333,91.29346065252489,509.09414593240837,6883.851141146906,0.0008952543201475733,53.00770075535703,8.016811821601074,262.24636953763724,50.68252232879289
15 Jul 2026 20:43:00.000000000,5356.772830086291,-2111.0449237875655,-3766.504805906215,4.706629440218761,4.029090407132092,4.425485601615748,-0.006554174489592145,0.0025793439135773,0.004616531957318882,-33.21660275076195,94.40483999615857,508.5126799102884,6884.664337074499,0.0009684662686943968,53.01024096524441,8.013613808088492,267.9475312957759,48.787632566191334
15 Jul 2026 20:44:00.000000000,5627.174302501301,-1864.8314197292218,-3492.859767025799,4.303453283315284,4.175029152552897,4.692689502959212,-0.006885626435405641,0.0022784646011599417,0.004281380194635243,-30.521650324895145,97.3197748847614,507.95364863800967,6885.470371523185,0.0010352060192563713,53.01275958242987,8.01083851360088,273.51868942975744,47.02234860374209
15 Jul 2026 20:45:00.000000000,5872.80616880709,-1610.4092828411153,-3203.7971212545076,3.881276948746517,4.302609185246212,4.939214822121621,-0.007186768070746149,0.0019674422222336336,0.003927180429642075,-27.752877692407694,100.06280881722182,507.4296401775604,6886.255016865398,0.001094347196237696,53.01521206846019,8.00847857984219,278.9593619048715,45.38713845595804
15 Jul 2026 20:46:00.000000000,6092.583792194778,-1348.897498919629,-2900.5909692135683,3.4419603309352866,4.411262141727126,5.163964177681889,-0.007456223184128958,0.0016476483239025136,0.0035554900586655864,-24.92145016937914,102.65680853647974,506.95283845060106,6887.004421571362,0.00114479749497567,53.01755506570298,8.006519324622081,284.2689589056235,43.88258207272991
15 Jul 2026 20:47:00.000000000,6285.536527114777,-1081.4466608461987,-2584.578401531748,2.987441819809491,4.500503308526419,5.365936190200074,-0.007692755118016836,0.0013204994012567493,0.003167952043405337,-22.037158291821697,105.12288301846932,506.5347927970786,6887.705356215176,0.001185527521907576,53.0197471622848,8.004939004946495,289.44619659945795,42.50995753490423
15 Jul 2026 20:48:00.000000000,6450.812173720419,-809.2338722227237,-2257.15358835987,2.5197296993553415,4.5699341303152785,5.5442304083351885,-0.007895274397476271,0.0009874504218908774,0.002766287744816198,-19.108647390745936,107.48044621539623,506.18619699738025,6888.345448671708,0.001215598731553976,53.021749621988775,8.003709204754763,294.4885231828201,41.27181490948798
15 Jul 2026 20:49:00.000000000,6587.680902727089,-533.4575123831532,-1919.761586599247,2.0408931083733894,4.619244316456973,5.698051784030524,-0.008062845663837519,0.0006499879155008768,0.002352289052343459,-16.143621796071795,109.7473637324593,505.9166819883706,6888.913404213339,0.0012341899825619317,53.023527066217795,8.002795340301152,299.3914866331665,40.17260834356469
15 Jul 2026 20:50:00.000000000,6695.53862572631,-255.331887648104,-1573.8918931929438,1.553052608503246,4.648213521274171,5.826714655709155,-0.008194693798434146,0.0003096226771410417,0.0019278098518526123,-13.149024103080851,111.9401444337829,505.7346263180085,6889.399206469552,0.0012406223766848322,53.025048096006664,8.00215727402986,304.147963648095,39.21946691936881
15 Jul 2026 20:51:00.000000000,6773.909788923029,23.918204926030583,-1221.071775205923,1.058370411503392,4.656712576535001,5.929646201401584,-0.008290209124767372,-3.211785666213342e-05,0.001494756890048207,-10.131191916216292,114.07415280570427,505.6469881024694,6889.794295548871,0.0012343822210885696,53.02628584315743,8.001750025965759,308.7471413287181,38.42321271781719
15 Jul 2026 20:52:00.000000000,6822.449571590179,303.0629738684979,-862.8594095768315,0.5590403240897103,4.644704258548739,6.006389327716094,-0.008348951587682608,-0.00037369748882171253,0.0010550801094724,-7.095995415378333,116.16382803693007,505.6591618765735,6890.091720036869,0.0012151421988882839,53.02721844085247,8.001524569850188,313.1730896073687,37.799788095633495
15 Jul 2026 20:53:00.000000000,6840.945474211018,580.8731613315964,-500.83686731914696,0.05727747412175626,4.612243576743502,6.056604965473124,-0.008370653832844882,-0.0007135793205790577,0.00061076254443314,-4.048959428622843,118.22290247264455,505.77486326788176,6890.286260066259,0.0011827812056370121,53.02782940555016,8.001428699855904,317.4026656844401,37.37235091709244
15 Jul 2026 20:54:00.000000000,6829.318285254204,856.1255738462712,-136.60297851341866,-0.44469211361860167,4.559477575549117,6.080073748548887,-0.008355223112242677,-0.0010502339025200474,0.00016380987757224426,-0.9953737315650494,120.26461639856966,505.9960438877588,6890.374519198603,0.0011374039285679486,53.02810792355741,8.001407952439347,321.402316347667,37.17447187350669
15 Jul 2026 20:55:00.000000000,6787.6224197274605,1127.6085864669485,228.2338843579237,-0.9446420205402958,4.486644646701346,6.076697058858409,-0.008302741981834142,-0.0013821473876144338,-0.00028376023020861094,2.0596047967489612,122.30192877633061,506.32283823022857,6890.354983447931,0.0010793623518251204,53.02804903737522,8.00140656698859,325.123018153174,37.25519391793243
15 Jul 2026 20:56:00.000000000,6716.0456270118,1394.1275909700485,592.0630663797514,-1.4403559427816393,4.394073354566584,6.046497427286726,-0.008213467763806246,-0.0017078295940033037,-0.0007299289197240974,5.110854647433218,124.34772510904114,506.7535437185329,6890.228046402722,0.0010092834847375846,53.027653728695725,8.001368468248575,328.4919695591591,37.68733973139037
15 Jul 2026 20:57:00.000000000,6614.90806990556,1654.510359095206,953.2788947326804,-1.9296381311383601,4.282180782605913,5.989618287555822,-0.00808783077813754,-0.002025821886050079,-0.0011726869019125432,8.153193355457686,126.41502439712288,507.28463435671864,6889.996000050076,0.0009281119120312724,53.026928896760964,8.00123825319155,331.39840258703157,38.58169965307366
15 Jul 2026 20:58:00.000000000,6484.660781224381,1907.612292471298,1310.2879090825952,-2.4103236891980315,4.1514704144937395,5.906323087293944,-0.007926431371906422,-0.0023347047862792157,-0.0016100450939309106,11.181278971286034,128.51718732472781,507.91080774912507,6889.662991558863,0.0008371850800618219,53.025887232639874,8.000962164950598,333.66831217756413,40.11230191434454
15 Jul 2026 20:59:00.000000000,6325.883508623495,2152.3215318416464,1661.5160196103723,-2.880288658749286,4.002529568524355,5.796993767745497,-0.007730035789133449,-0.0026331052347224864,-0.0020400450049769974,14.18950589191345,130.6681274400758,508.62506456419385,6889.234946923557,0.0007383806743913227,53.02454699181137,8.000489036714074,335.0174928815149,42.56337554436152
15 Jul 2026 21:00:00.000000000,6139.281962457783,2387.5638994597225,2005.4155553462351,-3.3374598250963086,3.8360264086414784,5.662128630425124,-0.007499570959748005,-0.002919703423595827,-0.002460768762048834,17.17189152529233,132.88252607576692,509.41881885934714,6888.719462991208,0.0006344275302876245,53.022931669221826,7.999771189026984,334.96119250002266,46.41969633903962
15 Jul 2026 21:01:00.000000000,5925.684485384311,2612.3076500705597,2340.472166771498,-3.7798241797138568,3.6527065595666266,5.502339615381967,-0.00723611828861735,-0.0031932391414611727,-0.002870348673585713,20.121950158958555,135.1760498781876,510.28203706983817,6888.125669978354,0.0005296009089199463,53.02106958268777,7.998765264849145,332.6406884975631,52.54001007734522
15 Jul 2026 21:02:00.000000000,5686.038165992876,2825.568007641351,2665.211548286401,-4.205437983501835,3.453389356993269,5.318349021435584,-0.006940906556573501,-0.0034525175768024483,-0.0032669762440092915,23.032550352994587,137.56556669385753,511.20340291158766,6887.464067118811,0.0004313108535747573,53.01899337210536,7.99743298781524,326.5390691868117,62.44125099180194
15 Jul 2026 21:03:00.000000000,5421.404421949807,3026.4114669552905,2978.205948110655,-4.612435380611375,3.2389637665532054,5.1109857036187245,-0.006615304046727705,-0.0036964145405855233,-0.003648910564473099,25.89575230106072,140.06935060579949,512.1705049698764,6886.746334557856,0.0003532793964639769,53.01673942338527,7.995741830520485,314.4196906545332,78.36008452981125
15 Jul 2026 21:04:00.000000000,5132.954080915936,3213.959841275042,3278.080435411545,-4.999036520168747,3.0103840071929104,4.881180786997968,-0.00626081002493646,-0.003923881083277671,-0.004014486023210557,28.70262210606938,142.70725928844607,513.1700433521291,6885.985125013331,0.00031762274760427573,53.01434722732436,7.993665581309065,295.5068334668827,101.07225037249145
15 Jul 2026 21:05:00.000000000,4821.961989836991,3387.3940394468323,3563.5188968806224,-5.363555150965668,2.768664915710664,4.629962938965771,-0.00587904570558269,-0.004133947495123157,-0.004362119295948306,31.443021132565573,145.50085545858596,514.1880514802465,6885.193839053811,0.0003413162914721575,53.01185868473905,7.99118479976769,275.4371346708232,124.94113019860009
15 Jul 2026 21:06:00.000000000,4489.801185054443,3545.9575580467026,3833.269737565724,-5.70440566211254,2.5148770894663723,4.358453243945616,-0.0054717448327112235,-0.004325726690977045,-0.00469031559354077,34.10537104602854,148.47342776756764,515.2101288891059,6884.38638809371,0.00041457122938213956,53.009317370093896,7.988287153172995,261.3528437191141,142.82449156963898
15 Jul 2026 21:07:00.000000000,4137.936657081728,3688.959676367955,4086.1512634182895,-6.020109550460207,2.2501418437558605,4.06785972523583,-0.005040744008043324,-0.004498416997136648,-0.004997674164931951,36.67639959795004,151.64984386540496,516.221680782291,6883.576949372792,0.0005149355242004095,53.00676776655598,7.9849676281660305,253.76634464980816,154.20996560781657
15 Jul 2026 21:08:00.000000000,3767.9187448137595,3815.778344209061,4321.056725697695,-6.3093013030911465,1.9756260190629755,3.7594715584525233,-0.004587972882617369,-0.004651304364616681,-0.0052828930656885,39.14087971469547,155.05613935240862,517.2081600700599,6882.779717272817,0.0006265049433163208,53.00425448587237,7.981228614161079,250.43645328167875,161.33874970720655
15 Jul 2026 21:09:00.000000000,3381.3761944379576,3925.862754472071,4536.959010007954,-6.570733690107585,1.6925366714785397,3.434653019797665,-0.004115444324476845,-0.00478376404783159,-0.005544773222222434,41.4813862556267,158.71871325697717,518.155307672444,6882.00865532967,0.000740417550021556,53.001821486704486,7.977079857193718,249.6284919625154,165.94553274197088
15 Jul 2026 21:10:00.000000000,2980.0089184181056,4018.735594505869,4732.914955278731,-6.803282469120649,1.4021156770939047,3.0948372102734476,-0.00362524465724014,-0.004895261793701962,-0.005782221833289634,43.678112049916,162.66297132554143,519.0493870033149,6881.277253227894,0.0008514793112208284,52.99951130505123,7.972538285197499,250.34007874356524,169.03270589821904
15 Jul 2026 21:11:00.000000000,2565.580489673623,4093.994971888645,4908.069290397773,-7.005950508106641,1.1056342782661035,2.741519594111654,-0.0031195240480903145,-0.0049853545919642545,-0.005994255160952685,45.70880764121627,166.91125019200214,519.8774087504739,6880.5982929216325,0.0009562585870721062,52.99736431015639,7.967627707909132,252.00702311087846,171.16446699773658
15 Jul 2026 21:12:00.000000000,2139.9104055562143,4151.316011917682,5061.658178399543,-7.1778713375029195,0.8043875964583648,2.3762513862663917,-0.0026004871062761466,-0.005053691041687211,-0.006180000772197023,47.54893504345486,171.47989947960855,520.6273423218692,6879.983627817427,0.001052244264438867,52.995417998829886,7.962378396800163,254.300298316164,172.66984826896993
15 Jul 2026 21:13:00.000000000,1704.8661554751818,4190.452125451652,5193.012360104694,-7.318312145505319,0.49968913302261037,2.000632819976984,-0.0020703837339994475,-0.005100011390300623,-0.006338699297759476,49.172147049393445,176.3755389506446,521.2883106289407,6879.443978686987,0.0011374789193386947,52.993706340424275,7.956826552418501,257.01846904619214,173.75028882343403
15 Jul 2026 21:14:00.000000000,1262.3551251150566,4211.2359469336,5301.559890850107,-7.426676232451675,0.1928652759360476,1.6163063213546949,-0.0015315002521316785,-0.0051241473011399445,-0.006469705777988642,50.55120499992137,-178.40921471225147,521.8507652148994,6878.988749658297,0.0012103944799956071,52.99225918381188,7.951013668591348,260.0319811268035,174.53534513784754
15 Jul 2026 21:15:00.000000000,814.3163692136749,4213.579943398507,5386.82846545036,-7.5025049409426074,-0.11475017267912581,1.2249496138616622,-0.000986150802514195,-0.005126021397067424,-0.0065724906583449335,51.65940735019245,-172.89984405262257,522.306639099925,6878.625867269337,0.0012697370463767579,52.99110173661923,7.944985804588849,263.25339377612454,175.11245902302664
15 Jul 2026 21:16:00.000000000,362.71228386799305,4197.476696071307,5448.447327788212,-7.545479078024998,-0.4218214363531916,0.8282687716264633,-0.00043666901496596634,-0.005105646631235897,-0.006646640504337568,52.472498693347625,-167.14270220050514,522.6494750990123,6878.361645167343,0.0013145325028042175,52.99025412571237,7.9387927780078495,266.62072098731096,175.5436164941663
15 Jul 2026 21:17:00.000000000,-90.47979161415948,4162.998856794906,5486.1487624613155,-7.555419844440999,-0.7270161620045625,0.4279912369450157,0.00011460009280449673,-0.005063125518668013,-0.006691858486426667,52.97086558219861,-161.20509637292753,522.8745277650544,6878.200676603606,0.0013440711183645212,52.98973104651277,7.932487292419384,270.0876057978856,175.87517377987461
15 Jul 2026 21:18:00.000000000,-543.276014143504,4110.298782028114,5499.769166735187,-7.532289283763919,-1.0290107682734122,0.025858814222638152,0.0006653080239188218,-0.0049986492590970094,-0.006707964682948936,53.141647279611554,-155.17164851933063,522.9788375153427,6878.14575641734,0.0013579007333350897,52.98954150718263,7.92612401501458,273.61715723996133,176.14402066961202
15 Jul 2026 21:19:00.000000000,-993.6944890534651,4039.6078475508525,5489.249701707153,-7.476190261381629,-1.326495738551061,-0.37637934983384613,0.0012131105724330162,-0.004912496772323005,-0.006694896238996195,52.98028733840414,-149.13690705551093,522.9612759096973,6878.197833727639,0.0013558233501893362,52.98968867207351,7.9197586202760935,277.1777610611959,176.38177010311318
15 Jul 2026 21:20:00.000000000,-1439.7637071498975,3951.2354473319906,5454.636522112613,-7.38736597993371,-1.618180853688527,-0.7769737917569085,0.0017556755133986903,-0.004805033650475179,-0.006652707397966351,52.49111593882779,-143.19555887137332,522.8225614613968,6878.355996064486,0.001337892529614366,52.99016980711908,7.913446816296438,280.7398883716329,176.61794984044678
15 Jul 2026 21:21:00.000000000,-1879.530938822299,3845.5676803328665,5396.080584648849,-7.266199034207705,-1.9028003594545013,-1.174181755359513,0.002290690274228079,-0.004676711028790398,-0.0065815694191945565,51.68679684978502,-137.43260664606606,522.5652457754536,6878.6174851765645,0.0013044104183110219,52.99097632808985,7.907243370643465,284.27325371389355,176.88284470772686
15 Jul 2026 21:22:00.000000000,-2311.070557675896,3723.065729303174,5313.837035109186,-7.113210004833496,-2.1791180634695047,-1.5662742072589004,0.0028158696468837782,-0.004528064358871749,-0.006481770371427054,50.58679686860346,-131.91589185285397,522.1936702226529,6878.97774425623,0.0012559241911246583,52.99209395085471,7.9012011527036385,287.74377727983165,177.2105346892809
15 Jul 2026 21:23:00.000000000,-2732.4922658767086,3584.2639359924938,5208.264175054364,-6.929055586659562,-2.445932355184239,-1.9515428359685631,0.0033289635965435146,-0.0043597120639833516,-0.006353714785223811,49.215283444809636,-126.692348502731,521.7138937704864,6879.430495829814,0.0011932225669137309,52.99350294103394,7.895370209133623,291.10973119958425,177.642748933389
15 Jul 2026 21:24:00.000000000,-3141.9491930697823,3429.7675776434958,5079.822009271966,-6.714526244661175,-2.7020811408439833,-2.328307025048149,0.00382776521117916,-0.004172354041753787,-0.006197923126595904,47.598925358616945,-121.78799654884577,521.1335930035381,6879.967849076249,0.0011173342123916717,52.995178458713866,7.889796888464477,294.31615507818236,178.2344504897996
15 Jul 2026 21:25:00.000000000,-3537.645840308876,3260.2503501503206,4929.0703758841455,-6.470543387755703,-2.9464466833262595,-2.694920788531301,0.004310118828560112,-0.003966769979496201,-0.006015031052382739,45.76497253315119,-117.21065851673173,520.4619357738015,6880.580434865517,0.0010295318367529141,52.997090992252666,7.884523030052437,297.2859486029315,179.06274395034214
15 Jul 2026 21:26:00.000000000,-3917.8458396678334,3076.4515639907377,4756.666661792962,-6.1981560493146945,-3.1779603341751126,-3.0497796537356208,0.004773928359079741,-0.003743817435417678,-0.005805788388900364,43.73981354210328,-112.9540367011372,519.7094303243862,6881.25756635694,0.0009313497912851525,52.99920687366726,7.8795852315206885,299.9045795857168,180.24216762224873
15 Jul 2026 21:27:00.000000000,-4280.879499614506,2879.1730598463937,4563.363107120601,-5.898537062416637,-3.395607142487621,-3.391327473171082,0.00521716580621704,-0.0035044296386438846,-0.005571057771787504,41.548044811883436,-109.00199299862265,518.887752123765,6881.987422569439,0.0008246319589786013,53.00148886667938,7.875014207429731,301.99208390671254,181.9526937631019
15 Jul 2026 21:28:00.000000000,-4625.151105447462,2669.2758518552932,4350.003703537706,-5.572978718264316,-3.5984303224117946,-3.7180631433571643,0.00563787997298466,-0.003249612963046429,-0.00531181288540701,39.211981038815665,-105.33231158111745,518.0095510280842,6882.757251940561,0.0007116485755171643,53.0038968172382,7.870834250361975,303.2484902268623,184.49430400549295
15 Jul 2026 21:29:00.000000000,-4949.145943464358,2447.676507609672,4117.52069282317,-5.222887897644516,-3.7855355581963193,-4.028547204365833,0.006034205316795058,-0.0029804440254564083,-0.0050291362295947495,36.75149432560841,-101.91964025570223,517.0882417495662,6883.553592532559,0.0005953783666310241,53.00638835524934,7.867062803840617,303.14088568750617,188.39992374945695
15 Jul 2026 21:30:00.000000000,-5251.437016989599,2215.3432753539214,3866.930673703101,-4.84978066791303,-3.9560951230594115,-4.321408289892969,0.006404370900795453,-0.0026980663671507467,-0.0047242163500348456,34.184070096483765,-98.73758783936462,516.1377809425354,6884.362505231112,0.00048021533269561805,53.00891963534301,7.863710154638781,300.66038832194255,194.67844979505813
15 Jul 2026 21:31:00.000000000,-5530.691422041455,1973.2919703397629,3599.3303269537687,-4.455276341710555,-4.109351785761878,-4.595349393857084,0.006746709372149788,-0.0024036866830655684,-0.004398344472780641,31.524988797271615,-95.76009818887162,515.1724345160393,6885.1698160199285,0.00037381111524142506,53.011446103826025,7.860779249867601,293.83395285640034,205.30294453567797
15 Jul 2026 21:32:00.000000000,-5785.676350342984,1722.5816339059527,3315.891770902232,-4.0410909983567365,-4.24462247684346,-4.849153916111105,0.007059665878131787,-0.0020985705696732744,-0.004052910488522119,28.787568271291573,-92.96226749068398,514.2065390344243,6885.961363211521,0.00029146217298334806,53.0139232784916,7.858265642192282,279.3293425097344,223.60566410168946
15 Jul 2026 21:33:00.000000000,-6015.264687597664,1464.3099805876316,3017.8575618044015,-3.6090304745659556,-4.361301685075104,-5.081691446988706,0.007341806818307806,-0.0017840377737987348,-0.003689398244980886,25.983424656789573,-90.3207641326087,513.2542612641051,6886.723245376182,0.00025968009298163767,53.016307527719576,7.856157564200137,255.9947851260024,250.73840212018885
15 Jul 2026 21:34:00.000000000,-6218.440175556005,1199.6086503306574,2706.535356064002,-3.160982837563132,-4.458864553947168,-5.291923248272168,0.007591828320944633,-0.0014614569362703207,-0.0033093801194009433,23.12272705269231,-87.81398141471921,512.329360056631,6887.442065642785,0.00029404040699610573,53.01855683529022,7.854436130844825,233.41209840915772,277.11936432239025
15 Jul 2026 21:35:00.000000000,-6394.302107392106,929.6382847143299,2383.292253844823,-2.6989103607251894,-4.536869647973434,-5.4789073868764,0.0078085643227188105,-0.0011322398362303302,-0.002914510857216001,20.214433140865612,-85.42202024545726,511.4449548153914,6888.105168052848,0.00037350306674275045,53.020631537559936,7.8530756665016614,220.04918173486303,294.2806765254263
15 Jul 2026 21:36:00.000000000,-6542.0695273467045,655.5834478624683,2049.5488462647622,-2.224841029267886,-4.59496135934544,-5.641803477203606,0.007990994124002851,-0.0007978351546105624,-0.0025065206786107005,17.2665005510338,-83.1265697965456,510.6133047681903,6888.700861735314,0.0004716450868931235,53.02249502010254,7.852044151158043,214.06141826500215,304.0669822656058
15 Jul 2026 21:37:00.000000000,-6661.084907473863,378.64741445795704,1706.7729909765908,-1.740859611039744,-4.632871926999349,-5.779876988808947,0.008138249298199493,-0.00045972179005565665,-0.002087207675143925,14.286073269818509,-80.91073129889004,509.845603154196,6889.2186288360035,0.0005743353414322059,53.02411436159942,7.851303778034695,212.2310247906141,309.6960926609503
15 Jul 2026 21:38:00.000000000,-6750.817276658572,100.04684887287914,1356.473343489908,-1.249098334908037,-4.650423042484362,-5.8925030777519405,0.008249619831087277,-0.00011940177166343044,-0.0016584295329327055,11.279644885405201,-78.75881357553402,509.1517902279382,6889.649312382674,0.0006747863956944561,53.025460913655536,7.850811613121837,212.72332424024373,313.00271357031505
15 Jul 2026 21:39:00.000000000,-6810.864779836149,-178.99359911469077,1000.1926739915212,-0.7517272262989327,-4.647527020085093,-5.979169902798206,0.008324559375979715,0.00022160717400830608,-0.001222094637764463,8.253201699552136,-76.65611739771981,508.54038868463147,6889.985280592705,0.0007693371489007779,53.02651080630951,7.850520345188203,214.60264197139398,314.92254893651017
15 Jul 2026 21:40:00.000000000,-6840.956648512373,-457.24675530723846,639.5010016352335,-0.2509441559368001,-4.624187512406855,-6.039481391427645,0.008362689526836404,0.0005617793336913189,-0.0007801526343638675,5.212349254941579,-74.58871803933272,508.0183647225202,6890.220564529187,0.000855741840751328,53.02724537028044,7.850379113305313,217.37395956738064,315.95064659682714
15 Jul 2026 21:41:00.000000000,-6840.954567215957,-733.4884110633058,275.9885802218863,0.2510353365011999,-4.580499756979354,-6.073159425328337,0.008363803017105136,0.0008995889192181387,-0.0003345845244506545,2.162425955742992,-72.54325039007534,507.5910174859555,6890.350966479649,0.0009325057918246608,53.0276514684267,7.850334397502791,220.75935558431723,316.3649571225606
15 Jul 2026 21:42:00.000000000,-6810.85342435472,-1006.5028138189429,-88.74122915982063,0.7519883774269697,-4.516650344264244,-6.080045420589343,0.008327865781685843,0.001233518096479315,0.00011260759686931592,-0.8913925892004533,-70.50669782539553,507.2618990866643,6890.374136957136,0.0009986084827426143,53.0277217304622,7.850330957044069,224.59399724969427,316.33034169281433
15 Jul 2026 21:43:00.000000000,-6750.781440032528,-1275.088129284523,-453.0791616619739,1.2496951831842793,-4.432916502633351,-6.060101284012336,0.008255017829669914,0.0015620650428996095,0.0005594110589583089,-3.943994974748157,-68.46618412562592,507.032766793908,6890.28961879989,0.0010533768268081837,53.027454686655275,7.850312799952395,228.77565503226813,315.94905708996345
15 Jul 2026 21:44:00.000000000,-6660.999667640527,-1538.06184633648,-815.417290596849,1.7419495005802972,-4.329664901271248,-6.01340973367126,0.008145572904816916,0.001883751942947911,0.0010038132723371033,-6.990237722674836,-66.40876669839444,506.90356833147973,6890.098857457146,0.0010964204147344786,53.026854797994076,7.850224166809187,233.23873037633754,315.28672753104956
15 Jul 2026 21:45:00.000000000,-6541.900870386889,-1794.266095834867,-1174.1562694589497,2.2265689911284756,-4.207349977397989,-5.94017397887484,0.008000016930351727,0.002197132831281042,0.0014438124056772882,-10.024847921541731,-64.3212289630289,506.87246054011916,6889.80517718492,0.0011275932847514096,53.02593238211533,7.850010511553042,237.94010990217768,314.38649004074733
15 Jul 2026 21:46:00.000000000,-6394.0077782898525,-2042.5728551418902,-1527.7125356804172,2.701405486563684,-4.066511799546672,-5.840716761831998,0.007819005258106382,0.0025008011961134167,0.001877427963973695,-13.042321360010146,-62.18986991652767,506.9358609752399,6889.41372351938,0.0011469668429419275,53.02470343612225,7.84961946204551,242.85104408133688,313.27711536459384
15 Jul 2026 21:47:00.000000000,-6217.970735450391,-2281.889010966655,-1874.5254380901965,3.164355045095111,-3.9077734837169844,-5.715478770382229,0.00760335876802613,0.002793397261851287,0.002302711152620174,-16.03681264702806,-60.00028965668222,507.08853133324453,6888.931373035848,0.0011548068303115393,53.023189359234586,7.849001743454425,247.95224922395496,311.97790559255344
15 Jul 2026 21:48:00.000000000,-6014.564751559374,-2511.161254311477,-2213.0642508035326,3.6133677410813747,-3.731838183914905,-5.56501643793155,0.00735405887639508,0.0030736148752603986,0.002717754916717272,-19.002013696461695,-57.73717115948629,507.3236909523846,6888.366612019758,0.0011515509202586767,53.02141657998709,7.84811204811168,253.23080637160695,310.5017949063858
15 Jul 2026 21:49:00.000000000,-5784.6859755100795,-2729.3807827120368,-2541.8350374070105,4.0464571252189145,-3.5394856827547745,-5.3899991530467855,0.007072241542762757,0.0033402079329347702,0.0031207035569214506,-21.931016859793544,-55.38406121988497,507.6331580354438,6887.729386262499,0.0011377853072051403,53.01941609438827,7.846909836449981,258.6780935831628,308.85741696981216
15 Jul 2026 21:50:00.000000000,-5529.347612606079,-2935.587786612262,-2859.387330818604,4.461709297799085,-3.331568611331673,-5.1912059068277205,0.0067591903687560795,0.003591996295433723,0.003509761832424724,-24.816159018311573,-52.92315768405492,508.0075157053518,6887.030924733486,0.001114219579221255,53.017222923039704,7.845360054737705,264.28832359901537,307.05056698218004
15 Jul 2026 21:51:00.000000000,-5249.675310125531,-3128.8756985592545,-3164.3205960202745,4.857291543899819,-3.1090083303859264,-4.969521411061981,0.006416328902388061,0.0038278711481923985,0.0038832034774335775,-27.648843267074213,-50.33511668276143,508.4362995451666,6886.2835403613435,0.0010816597092516795,53.014875496670214,7.8434337568276185,270.05743657220216,305.0853087124446
15 Jul 2026 21:52:00.000000000,-4946.902038879707,-3308.3951858889527,-3455.2904449546872,5.231460486331542,-2.8727905068239172,-4.725931724150279,0.006045212268778845,0.004046799782613043,0.004239379073581164,-30.419335720763556,-47.598903542826996,508.90820289920265,6885.500411570439,0.001040979357560044,53.01241498082917,7.841108618761938,275.98219601656,302.9648783679369
15 Jul 2026 21:53:00.000000000,-4622.362500842994,-3473.3578696683276,-3731.014575190729,5.582569719529114,-2.6239604208887983,-4.46151942478341,0.005647518249226933,0.004247829782099499,0.004576723235425787,-33.116536897210686,-44.691725667767486,509.4112959290308,6884.695348557708,0.0009930899520501602,53.009884551587945,7.838369336972116,282.0593933474343,300.6924799262467
15 Jul 2026 21:54:00.000000000,-4277.48709493777,-3623.0397547929397,-3990.278406415904,5.909076895094484,-2.3636180397144733,-4.177458375328216,0.005225037937465213,0.004430092614398795,0.0048937610870151095,-35.72773077051906,-41.589106230161335,509.9332542283648,6883.882548552272,0.0009389102519190483,53.00732863499509,7.8352079028385875,288.2851012798718,298.2720316681428
15 Jul 2026 21:55:00.000000000,-3913.795474596977,-3756.784358288402,-4231.940391375941,6.209550237146964,-2.0929128926496197,-3.8750081178096356,0.004779666091673784,0.004592806640020346,0.005189114020224377,-38.23832089989188,-38.26518474535979,510.4615927047541,6883.07634447498,0.0008793363254648439,53.004792123703936,7.831623748569115,294.65393792488834,295.7089020729345
15 Jul 2026 21:56:00.000000000,-3532.8897318392465,-3874.005524961997,-4454.936980461597,6.482674472750108,-1.813038782690755,-3.555507945316159,0.0043133913001719105,0.0047352795622126595,0.005461504746650389,-40.6315732652027,-34.69336338845172,510.9839004284308,6882.290951503654,0.0008152130870299949,53.00231958462592,7.827623761634008,301.1583144348662,293.0106622261453
15 Jul 2026 21:57:00.000000000,-3136.44724328036,-3974.189921570341,-4658.287221703358,6.727256169267743,-1.5252283666823498,-3.220370690658866,0.0038282860618731713,0.004856910349023173,0.005709761664570769,-42.88840085710625,-30.847450868784172,511.4880722245291,6881.540216054885,0.0007473087274033934,52.99995447165237,7.823222167321317,307.78763627363094,290.18788466390095
15 Jul 2026 21:58:00.000000000,-2726.2132138195507,-4056.899202569107,-4841.096980409777,6.942228476348586,-1.2307476347451831,-2.871076272295652,0.0033264968737104325,0.004957190669246276,0.005932822579116013,-44.987246362320306,-26.703475225077433,511.9625329357682,6880.837371616963,0.0006762935069307021,52.99773835742335,7.818440281311112,314.5273991804071,287.25504758374825
15 Jul 2026 21:59:00.000000000,-2303.9929537225967,-4121.771842268145,-5002.562765030716,7.126655275198162,-0.9308903167967523,-2.5091650350261494,0.0028102343985541437,0.00503570588737753,0.006129737821642781,-46.904145162310144,-22.242316754024078,512.3964504991935,6880.194805714511,0.0006027244198832717,52.99571019781007,7.8133061365334475,321.3580332581205,284.2316909893183
15 Jul 2026 22:00:00.000000000,-1871.6439245311344,-4168.524629803794,-5141.975148009204,7.279734741751849,-0.6269722411760856,-2.1362309199189933,0.002281763770963111,0.005092135667056729,0.006299672823129966,-48.6130757519464,-17.45321149389818,512.7799342532132,6879.623842059252,0.0005270371388422593,52.99390564221598,7.807853990780717,328.2531166028889,281.14420334894834
15 Jul 2026 22:01:00.000000000,-1431.0675887350096,-4196.953824753018,-5258.721772365875,7.4008023332360935,-0.32032566742242047,-1.7539144945474667,0.001743395078842917,0.005126254231633276,0.006441910198937304,-50.08671599007039,-12.3379474572446,513.1042152100778,6879.134541650302,0.0004495463873431979,52.9923564020053,7.802123723702324,335.1759504039593,278.02924683495695
15 Jul 2026 22:02:00.000000000,-984.2010974954154,-4206.935972449352,-5352.2899365334615,7.489333209383205,-0.012293612315782165,-1.3638958710460527,0.001197474041910594,0.00513793033060529,0.006555851405575853,-51.29770073355482,-6.915198934307978,513.3618053845292,6878.735526236264,0.0003704555242816421,52.99108968834584,7.7961601338044915,342.0715910113795,274.94172564142673
15 Jul 2026 22:03:00.000000000,-533.008849988509,-4198.428379120337,-5422.268751510147,7.544944100262318,0.2957758144794228,-0.9678875359661816,0.0006463728897622207,0.005127126956370232,0.00664101802781562,-52.22039614537891,-1.2239819872126885,513.5466336537854,6878.433827150417,0.0002898759921514516,52.99012772952764,7.790012147881933,348.8446442876508,271.9769920585914
15 Jul 2026 22:04:00.000000000,-79.4739572118146,-4171.469247867255,-5468.350865739511,7.567394632382401,0.602535051293504,-0.5676271125831055,9.248142586906596e-05,0.0050939008468818036,0.006697052745833045,-52.833058754059884,4.67512736094853,513.6541560292743,6878.234762084434,0.00020785916536087358,52.989487376407574,7.783731956874642,355.28160890357935,269.3485036372328
15 Jul 2026 22:05:00.000000000,374.4103575926929,-4126.177477272994,-5490.333754270462,7.556588123529006,0.9066426900459356,-0.16487007335211348,-0.0004618017481622061,0.0050384018079784095,0.006723720031794212,-53.12006172848975,10.702268327932986,513.6814386409861,6878.141841883902,0.00012446167375758388,52.98917980306174,7.7773740934967455,0.6514719124340569,267.78722810203465
15 Jul 2026 22:06:00.000000000,826.649390361356,-4062.7521250732543,-5488.120569726987,7.512571854862819,1.2067690363294996,0.2386175822413103,-0.0010140778862387152,0.0049608718740660855,0.006720906607625293,-53.073726207542,16.76452829169178,513.6272121663053,6878.156708939227,4.025580052622542e-05,52.98921030802854,7.770994468018103,358.2106938879997,274.0366587211397
15 Jul 2026 22:07:00.000000000,1275.2555882794659,-3981.4715399167617,-5461.720553460227,7.43553682633554,1.5016016146866276,0.6410666708717859,-0.0015619566735917802,0.0048616443200602145,0.006688621689167532,-52.695293381412064,22.765254566197246,513.4918968725087,6878.279108212872,4.8452549098270016e-05,52.989578219725935,7.764649379359218,211.08261700299653,64.97340674698164
15 Jul 2026 22:08:00.000000000,1718.2571518124807,-3882.6921647477257,-5411.2490060179825,7.3258169986474515,1.7898506103305214,1.0407121772810897,-0.002103064773900051,0.004741142526534547,0.0066269970281540675,-51.99476360907501,28.614304444301837,513.2775978837556,6878.506891398575,0.00013566762726197358,52.99027690776247,7.758394519114467,210.5449513824459,69.31971558702544
15 Jul 2026 22:09:00.000000000,2153.706575857209,-3766.847015901673,-5336.9268167735745,7.183888022049873,2.0702542381774722,1.4358006026008332,-0.002635054395650331,0.004599878687796171,0.0065362867471241886,-50.98964915634204,34.23667795037871,512.9880707266664,6878.836054154999,0.00022458742743998117,52.99129389996338,7.752283986235849,215.79954852880374,67.8736878985604
15 Jul 2026 22:10:00.000000000,2579.6890992844797,-3634.4438425469443,-5239.0795532885295,7.0103654494723875,2.341584029380587,1.8245972964007642,-0.0031556119227846083,0.004438452346524095,0.006416866953648895,-49.70298463370558,39.5776846197099,512.6286576523227,6879.260805803832,0.00031449395326002327,52.99261110303829,7.74636932992731,221.86729636296334,65.6143910560136
15 Jul 2026 22:11:00.000000000,2994.331031826941,-3486.0629717396178,-5118.13611176641,6.806002428983134,2.6026500241626,2.2053937583681,-0.0036624666468546615,0.004257548727797437,0.00626923510454565,-48.1610777002283,44.60416199665499,512.2061956743217,6879.773670337102,0.00040491705155257024,52.994205122958675,7.740698637817001,228.12682105932052,63.163155804663525
15 Jul 2026 22:12:00.000000000,3395.807926976108,-3322.3548450530748,-4974.6269308216415,6.571686868625112,2.852305857990882,2.5765148935546303,-0.004153399627491849,0.004057936839365236,0.006094009080940774,-46.3914324597913,49.30249914079626,511.7288977005839,6880.365617047925,0.0004952896684572512,52.996047679326566,7.735315685629889,234.39949246651128,60.6985713023501
15 Jul 2026 22:13:00.000000000,3782.352568890086,-3144.037253652112,-4809.18177187726,6.308438065570809,3.0894537258481094,2.936326202285205,-0.004626252692012958,0.0038404672976655348,0.005891925922422712,-44.42111180928886,53.674812389891514,511.2062085679265,6881.026218590327,0.0005849201847211655,52.99810610633247,7.73025916351151,240.61363305037798,58.29227660453999
15 Jul 2026 22:14:00.000000000,4152.262741066897,-2951.892279570934,-4622.527070646095,6.017402791106991,3.3130492070992386,3.2832408829194595,-0.0050789375738615385,0.0036060698411462377,0.005663840169281956,-42.27562413373892,57.734567340551294,510.6486382083833,6881.743833794928,0.0006729946930937078,53.0003439313529,7.72556199271691,246.73506150366114,55.97841744326565
15 Jul 2026 22:15:00.000000000,4503.908743796106,-2746.7629521630633,-4415.482865636211,5.6998508237683945,3.5221059307768714,3.61572682195242,-0.005509445167574693,0.00335575048596137,0.005410721749355389,-39.97829019963326,61.50253685274443,510.06757458058115,6882.50581212632,0.0007585895626452493,53.00272152085154,7.721250744841177,252.74603019168538,53.77470912421229
15 Jul 2026 22:16:00.000000000,4835.740627092184,-2529.5496299372066,-4188.959311228841,5.357169924657687,3.7157000586645292,3.9323134424134714,-0.00591585485991619,0.003090588282866095,0.005133653347763254,-37.54998360792363,65.00353235609685,509.47507938078843,6883.298716271362,0.0008406901610346732,53.005196782051705,7.7173451738312995,258.6370962182577,51.69056575324146
15 Jul 2026 22:17:00.000000000,5146.295105482066,-2301.206119438355,-3943.9527847563945,4.990860251881208,3.8929745611915876,4.231598377868635,-0.006296343884213492,0.00281173164114717,0.004833827204989246,-35.00912712091949,68.26400840892542,508.88366989907274,6884.108559005265,0.0009182138773023042,53.00772590785947,7.71385786905593,264.4033606032857,49.730861296815306
15 Jul 2026 22:18:00.000000000,5434.202120948714,-2062.7355443959245,-3681.5415990826623,4.602528214966509,4.05314325911972,4.512253935951449,-0.006649196619609856,0.0025203941861528427,0.0045125412852542466,-32.371843958796994,71.31045145562092,508.3060906978046,6884.921050200318,0.0009900361357765028,53.010264151756886,7.7107940354875435,270.0424461169822,47.89795192849991
15 Jul 2026 22:19:00.000000000,5698.191020518944,-1815.1859800343318,-3402.8813344642817,4.193879775069329,4.195494602404851,4.773033312358853,-0.006972813745900407,0.002217850129313892,0.0041711947714911345,-29.65218923038132,74.16838994202502,507.7550790518272,6885.72184962748,0.0010550183176793438,53.012766618865186,7.708151404829525,275.5532572017958,46.19291622837612
15 Jul 2026 22:20:00.000000000,5937.096315499652,-1559.6458692043664,-3109.199805910551,3.7667132026020256,4.319395156570484,5.012776513849526,-0.007265721152433919,0.001905429139226355,0.0038112828541587863,-26.862411596713745,76.86185724396692,507.24312829345195,6886.496821061712,0.0011120366585186821,53.015189059106994,7.70592027900104,280.9351217175241,44.61641349887962
15 Jul 2026 22:21:00.000000000,6149.862990269711,-1297.2392387797502,-2801.791684810564,3.3229113104359427,4.424292766549828,5.230415947128743,-0.007526578485051571,0.0015845107123354345,0.003434390791460589,-24.01321494744189,79.41316411708577,506.78225333939025,6887.232283141268,0.0011600113188455208,53.017488648381544,7.704083705114177,286.1871216283157,43.1693530784402
15 Jul 2026 22:22:00.000000000,6335.551329832576,-1029.120736578759,-2482.0127962319684,2.864433187902216,4.509719368279935,5.424981629707999,-0.007754187210032972,0.0012565180554258571,0.003042187236118098,-21.114003743340874,81.84287120837595,506.3837627332718,6887.915252454713,0.0011979349472578324,53.01962474390227,7.702617778642718,291.3075019630256,41.85348532245117
15 Jul 2026 22:23:00.000000000,6493.34123708754,-756.4705108143038,-2151.2741159330044,2.393305468154633,4.575293419449345,5.59560597901351,-0.007947498073876295,0.0009229115057929385,0.0026364168415999537,-18.173104692070055,84.16988372605951,506.05804150768995,6888.533674438839,0.0012249001746472282,53.02155960033116,7.701492069289978,296.293078156579,40.671994145977166
15 Jul 2026 22:24:00.000000000,6622.536012964348,-480.48895575023005,-1811.0354937270035,1.9116131688762314,4.620721922691082,5.741528137227255,-0.008105617834026083,0.0005851815264829263,0.002218892175452343,-15.197962887090052,86.41161574940939,505.81434904849266,6889.076637866522,0.001240125606387345,53.02325903406764,7.7006701618202,301.13856683552075,39.63016606801394
15 Jul 2026 22:25:00.000000000,6722.565575198088,-202.39134876581628,-1462.799132327251,1.4214901535286084,4.6458020171863925,5.862097791610507,-0.008227815142900434,0.00024484132780832544,0.0017914849868416111,-12.195313621029358,88.5841904608111,505.6606359281793,6889.534568983994,0.0012429800277626059,53.02469302399591,7.700110302142993,305.8357517150359,38.73622409387022
15 Jul 2026 22:26:00.000000000,6792.989094574476,76.59759462006446,-1108.1028531109062,0.9251092671213784,4.650422118043268,5.956778453369319,-0.008313525480416292,-9.658082215758694e-05,0.0013561168927277163,-9.17133267061196,90.70265578094703,505.60338336498296,6889.899401719432,0.0012330047299318136,53.02583623814875,7.699766137023444,310.3723627985066,38.00244824932366
15 Jul 2026 22:27:00.000000000,6833.49703091222,355.2492201007784,-748.5131823273416,0.4246722065788591,4.634562586874903,6.02515016241169,-0.008362355036760477,-0.00043754952581133856,0.0009147495609945837,-6.131768553028106,92.7812038040303,505.64746856216686,6890.164720820419,0.001209934138083722,53.02666847708232,7.699587534248249,314.73048378866713,37.446767862878055
15 Jul 2026 22:28:00.000000000,6843.912554824925,632.3364597798823,-385.6182930666552,-0.07760080901035481,4.598295921618017,6.066911590533933,-0.008374083469393116,-0.0007765303416947199,0.00046937448456893993,-3.0820604717193123,94.83338826921646,505.79605869667665,6890.325875282332,0.0011737153538353966,53.027175026254234,7.699521468588571,318.88418816096413,37.095125151578905
15 Jul 2026 22:29:00.000000000,6824.192345356493,906.6393541224136,-21.02083976725294,-0.5794814988485021,4.541786458689182,6.08188152152504,-0.00834866547556661,-0.0011119979404854697,2.2002451202191705e-05,-0.027445651033169746,96.87233801546355,506.0505357661663,6890.380059988195,0.0011245279547263337,53.02734691132613,7.699512957833588,322.79589547306995,36.985118542961914
15 Jul 2026 22:30:00.000000000,6774.426757844441,1176.950541311933,343.66927688007337,-1.078744039285169,4.465289585933708,6.069999693243857,-0.008286231141740848,-0.0014424442402402576,-0.00042534717760039405,3.0269403477388988,98.91096663500439,506.41045388428944,6890.3263640850955,0.0010628067260596476,53.02718105204275,7.6995060322768785,326.410548059176,37.17182559146871
15 Jul 2026 22:31:00.000000000,6694.839360754339,1442.0806847437555,706.8421760955445,-1.5731755672210936,4.369150470328669,6.031326993721462,-0.008187085057503487,-0.0017663864287479891,-0.0008706572590510053,6.075966846667241,100.96217982444149,506.87352995051174,6890.1657852568405,0.0009892725917770495,53.02668031214212,7.699444720531024,329.6459494536815,37.7374641519131
15 Jul 2026 22:32:00.000000000,6585.785844666772,1700.8638097863202,1066.8952554525686,-2.0605865940535244,4.2538023099017135,5.9660450105783145,-0.008051704203427172,-0.0020823747824627774,-0.0013119236116595754,9.114411393845785,103.03908251091823,507.4356679323431,6889.901209703121,0.0009049823753786177,53.02585344459043,7.699274034270971,332.3760810803557,38.80807528124078
15 Jul 2026 22:33:00.000000000,6447.752310999877,1952.1625216765424,1422.2404029961567,-2.538821257433192,4.119764124662301,5.874454940316777,-0.007880734644564428,-0.0023890001950431306,-0.0017471655875594893,12.136859821277103,105.15518783585549,508.0910163035561,6889.537358288278,0.0008114198310101107,53.02471493328316,7.698940934552161,334.40105172470595,40.58357335822206
15 Jul 2026 22:34:00.000000000,6281.3529523303605,2194.873077465295,1771.3111250397017,-3.0057673407551015,3.967638106358259,5.756975871149465,-0.007674987086436586,-0.0026849013357154116,-0.0021744363588308323,15.13759955595822,107.32462951386358,508.8320575016277,6889.0806999614215,0.0007106779731055891,53.023284734170424,7.698395262803537,335.390702902197,43.39414031563197
15 Jul 2026 22:35:00.000000000,6087.327140263218,2427.9302862458035,2112.569552665357,-3.4593659942476185,3.798106551434769,5.6141424597536576,-0.007435431369032154,-0.002968771365767655,-0.0025918328098672003,18.1105026246358,109.56237782562643,509.64972762070107,6888.539334160709,0.0006058503350279066,53.021587920526564,7.697590620116575,334.7758099737476,47.80902414045089
15 Jul 2026 22:36:00.000000000,5866.535940605925,2650.3122135047265,2444.513291360345,-3.897621096658049,3.6119284055450747,5.44660202851445,-0.007163189993943979,-0.0032393641529208533,-0.0029975049388358066,21.048894696706565,111.88445728260314,510.53356395972105,6887.9228444845585,0.0005019143275034229,53.01965423875221,7.696485179551895,331.5440584923392,54.840562164856834
15 Jul 2026 22:37:00.000000000,5619.958079079852,2861.044667229548,2765.6820799727957,-4.31860820264635,3.409935451257577,5.255111115271058,-0.006859530792022896,-0.003495499934014132,-0.003389664683588557,23.94540649797319,114.30816037369154,511.4718775151348,6887.242126428962,0.00040771605289724217,53.01751758265148,7.695042417298096,323.952776420073,66.23144851477299
15 Jul 2026 22:38:00.000000000,5348.685383885377,3059.205445391035,3074.66422722225,-4.720483027924322,3.1930281731324333,5.0405315121733585,-0.00652585885592327,-0.0037360703921505366,-0.00376659410465217,26.791804144481016,116.85224610594365,512.451947054841,6886.509192443676,0.00033945370062470385,53.01521539553144,7.693231750017793,309.80340590818076,84.18026202895935
15 Jul 2026 22:39:00.000000000,5053.917734088885,3243.9283265249574,3370.102796303962,-5.1014894316799655,2.9621713360568753,4.803825833877937,-0.0061637078626380955,-0.003960043125347426,-0.0041266528723724735,29.57879563080391,119.5371033630742,513.4602310448522,6885.736957941823,0.00032010696033009454,53.01278801071273,7.691029067335615,289.77689338668523,108.00607590681356
15 Jul 2026 22:40:00.000000000,4736.95754499094,3414.4067873289173,3650.7015106090666,-5.459966863659578,2.718389313604022,4.546052657900226,-0.0057747309195487215,-0.0041664654996078215,-0.004468285024535126,32.29581224651974,122.38484625730916,514.4825934268438,6884.939012202278,0.000360007778422709,53.01027794208787,7.688417150377035,271.0482309342726,130.53391611837003
15 Jul 2026 22:41:00.000000000,4399.203823362775,3569.8974333923265,3915.2303561946874,-5.794357251189032,2.462761203242359,4.268361281453609,-0.005360691066072918,-0.004354467893067548,-0.0047900249792330145,34.930766680542604,125.41929035932098,515.5045390656995,6884.129378327931,0.00044300271904412254,53.00772913720922,7.685385969183756,259.0323763824407,146.34884112565302
15 Jul 2026 22:42:00.000000000,4042.145826683554,3709.7231313752904,4162.530859316333,-6.103211309173676,2.1964157644848012,3.971986139546827,-0.004923451554618304,-0.004523266347967997,-0.005090502802511302,37.46979486217407,128.66573399224418,516.5114545995748,6883.322266564286,0.0005476760691368401,53.005186206011146,7.681932853999857,252.8856230100238,156.29457206168757
15 Jul 2026 22:43:00.000000000,3667.3563613211386,3833.2758330683264,4391.521019999507,-6.385194263451646,1.9205262146237883,3.6582409285385613,-0.004464966031763342,-0.0046721646624161605,-0.00536844875107041,39.89699731230855,132.15043803178392,517.4888504262427,6882.53182534252,0.0006605027988257911,53.00269363866771,7.6780625375973806,250.40323457350033,162.57585762315387
15 Jul 2026 22:44:00.000000000,3276.484754963522,3940.0190837911523,4601.19988524624,-6.639090984614429,1.6363049146029256,3.328512477816744,-0.003987268722438604,-0.004800555959101292,-0.0056226971203563025,42.19420921056988,135.89966455040056,518.4225996423797,6881.77189439175,0.0007739417044837583,53.000295026245595,7.673787068136738,250.0944571456639,166.68346220465506
15 Jul 2026 22:45:00.000000000,2871.249538617332,4029.4902094517456,4790.651747964861,-6.863810535316641,1.3449979749915315,2.9842544099175905,-0.00349246471051184,-0.004907923780035801,-0.005852189445874783,44.34084746494159,139.9381095205046,519.2991699074367,6881.055764170418,0.0008834212879678401,52.998032297736806,7.669125594198436,251.11225477945578,169.4644302573507
15 Jul 2026 22:46:00.000000000,2453.4308731504498,4101.302178300492,4959.049960050542,-7.058390139061226,1.0478798090282322,2.6269806263469824,-0.0029827203882268694,-0.004993842758776923,-0.006055977112660267,46.31390732116423,144.28656904842725,520.1058444218396,6880.395945701964,0.0009858217218662849,52.995944986744604,7.664104025920821,252.97550065080605,171.3998952167655
15 Jul 2026 22:47:00.000000000,2024.862754761286,4155.145134928082,5105.660350182407,-7.221998582326341,0.7462476564668108,2.2582586527881605,-0.0024602541292191135,-0.005057978924467451,-0.006233223434764933,48.08820660883558,148.95874792187666,520.8309284802799,6879.803954672088,0.001078810975982918,52.99406954055874,7.658754578256514,255.3994659955591,172.77459068246972
15 Jul 2026 22:48:00.000000000,1587.425032956187,4190.787605379399,5229.844238813736,-7.353939064639613,0.44141609860533904,1.8797028734557724,-0.00192732722221935,-0.005100089695374589,-0.006383205274362525,49.636992699576965,153.957299373419,521.463938373988,6879.290113359563,0.0011605527485269154,52.992438683599026,7.653115204478472,258.20720082362726,173.76546986336888
15 Jul 2026 22:49:00.000000000,1143.0352736870059,4208.07737337138,5331.06104450551,-7.4536515127793175,0.1347115815841812,1.4929676802623644,-0.001386235080842365,-0.005120023614381338,-0.006505314267135832,50.93301789773738,159.2695092765292,521.995769762684,6878.863373638302,0.0012295743033033523,52.99108084624842,7.647228929836409,261.28325385433465,174.48798584080828
15 Jul 2026 22:50:00.000000000,693.6404993120418,4206.942028534155,5408.87047717312,-7.520714375711921,-0.17253303809100776,1.0997405584163142,-0.0008392987278003284,-0.005117719877183877,-0.006599057721428286,51.950130367116934,164.86347796742248,522.4188430079203,6878.531163910806,0.0012847056841251575,52.990019668948484,7.641143097092127,264.54859984018185,175.02116447761432
15 Jul 2026 22:51:00.000000000,241.20883605386686,4187.389188342226,5462.934315003415,-7.55484591623933,-0.4789839146528789,0.7017351262197007,-0.0002888565339899765,-0.005093207695260371,-0.006664059250402118,52.665303915282394,170.68605548175583,522.7272233483498,6878.299262421449,0.0013250518964945022,52.989273590117485,7.634908537062673,267.94639093143326,175.42185331549732
15 Jul 2026 22:52:00.000000000,-212.27890129144387,4149.506395998785,5493.017762757619,-7.555905013728961,-0.7833115920522666,0.3006841433895132,0.0002627438208859633,-0.005046605531981134,-0.0067000591940227635,53.06085446610838,176.66386125250736,522.9167141976097,6878.171698956528,0.0013499804230571383,52.9888555249935,7.6285786786964485,271.4334087218815,175.73326981467727
15 Jul 2026 22:53:00.000000000,-664.8376584332037,4093.4606970012355,5498.990389943512,-7.523891489894807,-1.0841963339239444,-0.10166750068921919,0.0008131532127132051,-0.004978120234559902,-0.006706914869318943,53.12642573271787,-177.29182717901554,522.9849222527587,6878.150686474866,0.0013591155308345928,52.98877264092786,7.622208614128066,274.9745905653334,175.99047534001411
15 Jul 2026 22:54:00.000000000,-1114.486596118797,4019.4978974930473,5480.826647949684,-7.4589459665668345,-1.3803333989325604,-0.5035698096008678,0.0013600288167177539,-0.004888046081795478,-0.00668460068503308,52.86026943577216,-171.2767159542753,522.9312935127448,6878.236583733636,0.00135233507995071,52.98902623298485,7.615854135004104,278.5392020426073,176.22420300725028
15 Jul 2026 22:55:00.000000000,-1559.2575222658193,3927.9415078156744,5438.605965728975,-7.36134926092842,-1.6704382565661897,-0.903274705769534,0.0019010417905779154,-0.004776763749850344,-0.006633208134359602,52.2694704450603,-165.38341570504102,522.75711971935,6878.42788948344,0.001329767703764089,52.989611701970134,7.609570756794182,282.0978030734358,176.4638918885715
15 Jul 2026 22:56:00.000000000,-1997.2032739650917,3819.1913749860755,5372.512424050083,-7.231521320060937,-1.953251738386409,-1.2990430524640917,0.0024338849578530697,-0.0046447391918086126,-0.006552945670946008,51.369052053388685,-159.69213580946882,522.4655151468866,6878.721268311509,0.0012917894763722134,52.99051863524283,7.603412748064006,285.6194081597214,176.74052708372466
15 Jul 2026 22:57:00.000000000,-2426.406021743364,3693.722008126238,5282.8340087524175,-7.070019693003723,-2.2275451191764475,-1.6891516647406974,0.002956280551120218,-0.004492522416158811,-0.006444138458943635,50.180212954951216,-154.26430562639246,522.0613640804194,6879.111607715807,0.0012390200829998678,52.991730988891945,7.59743218153778,289.06829314183994,177.08983326874434
15 Jul 2026 22:58:00.000000000,-2844.9854681845277,3552.0806012529656,5169.961443892571,-6.877537535179273,-2.49212512113984,-2.0719003010011123,0.003465988066588071,-0.004320746136353136,-0.006307227969364037,48.72814469618631,-149.1400738458536,521.5512397347003,6879.592105502194,0.0011723194219179945,52.99322736811027,7.591678023451903,292.3997722547134,177.55649792880126
15 Jul 2026 22:59:00.000000000,-3251.1069125875533,3394.8847583166753,5034.386606231014,-6.6549011371717,-2.7458388325072964,-2.4456186249816443,0.003960812273245671,-0.004130124259351657,-0.006142771387733195,47.03988796186212,-144.3393056144959,520.9432957765736,6880.154386115582,0.00109278687764228,52.99498140090469,7.586195276974037,295.5538900970371,178.20047965514655
15 Jul 2026 23:00:00.000000000,-3642.9891529081724,3222.8199259185567,4876.70052315581,-6.403066967574821,-2.9875785297694697,-2.8086731255325224,0.004438611407691688,-0.003921450173292086,-0.00595144078566527,45.14255106442795,-139.86487653449933,520.2471320199514,6880.788644050163,0.0010017678855356075,52.99696219867048,7.5810241946254235,298.4451291108263,179.10730090381426
15 Jul 2026 23:01:00.000000000,-4018.9121953875688,3036.636539923092,4697.5909570392305,-6.12311821833324,-3.2162863900638383,-3.1594739782256864,0.004897305568293549,-0.0036955947876900932,-0.0057340219970115885,43.06203232698127,-135.70692037358256,519.4736362630839,6881.483812039433,0.0009008773701604426,52.999134895655494,7.57619957336929,300.94439561431847,180.40606216682417
15 Jul 2026 23:02:00.000000000,-4377.224741702645,2837.146893022828,4497.8395800512935,-5.81626084054365,-3.4309590775583527,-3.4964818293392392,0.005334885306294548,-0.003453504279274816,-0.005491413136024291,40.82223989970069,-131.8470010582068,518.6348046277461,6882.227751308858,0.0007920610287545679,53.00146125797451,7.571750144666086,302.84541616060267,182.3030457791892
15 Jul 2026 23:03:00.000000000,-4716.351422686177,2625.221731395819,4278.318744765547,-5.4838190593998695,-3.630652184755109,-3.8182144787810457,0.005749420394500395,-0.0031961974967704776,-0.005224622692310109,38.44471917381925,-128.26163149629318,517.7435431344252,6883.007460789173,0.0006777438778065062,53.003900351626164,7.567698070128019,303.7979953788165,185.14845820057462
15 Jul 2026 23:04:00.000000000,-5034.799747057978,2401.7865898135565,4039.9878574218137,-5.127230358763582,-3.8144845068485043,-4.123253434501835,0.006139068732626268,-0.00292476297803994,-0.004934767133842901,35.948572000621866,-124.9249405607376,516.8134536007249,6883.809301844774,0.000561192442395795,53.00640925793598,7.564058551634136,303.1675499277382,189.57689613843
15 Jul 2026 23:05:00.000000000,-5331.166733116577,2167.8178759495954,3783.889362485246,-4.748039928789154,-3.9816421246586926,-4.41025030698721,0.006502085329189293,-0.002640355538073155,-0.004623067952648579,33.3505611071657,-121.81052440343318,515.8586072725855,6884.619234773341,0.00044743713215950395,53.008943824018445,7.560839562737356,299.73190449512094,196.8105505767252
15 Jul 2026 23:06:00.000000000,-5604.145191062999,1924.3387161730802,3511.1443491519503,-4.347894574072884,-4.131382269395779,-4.677933008712324,0.006836831288129271,-0.0023441923959635308,-0.004290848098663541,30.665316895158373,-118.89262558561768,514.8933098825033,6885.423063089751,0.0003456843842444031,53.01145943522886,7.558041706172753,291.11614649876395,209.22435205258154
15 Jul 2026 23:07:00.000000000,-5852.529623631723,1672.4145767687587,3222.9477926608974,-3.9285360848428077,-4.263036940703649,-4.925111720193767,0.007141782703853875,-0.0020375488129164786,-0.0039395277481703884,27.905589311660304,-116.14680828979189,513.9318620642852,6886.2066814236805,0.00027451274917365923,53.01391179618016,7.555658200029674,273.82765112708285,230.31094554232516
15 Jul 2026 23:08:00.000000000,-6075.221713032309,1413.1486762711736,2920.5634456656085,-3.4917940796392997,-4.376016248206735,-5.15068458162325,0.007415539360317764,-0.0017217532272228533,-0.00357061937037455,25.082508785431788,-113.55028099154032,512.9883192314334,6886.956322744444,0.0002615146981204368,53.01625770672934,7.553674992989502,249.18190284979332,258.7548688265081
15 Jul 2026 23:09:00.000000000,-6271.23536291331,1147.6772064079335,2605.3183974439194,-3.039578334591741,-4.469811446218326,-5.353643067185271,0.007656833120348353,-0.0013981818834827324,-0.0031857220688480555,22.20583580896573,-111.08198625877382,512.0762551349832,6887.65880058146,0.00031197319515024606,53.01845581940601,7.552071006742571,228.86061724686783,282.8744304868311
15 Jul 2026 23:10:00.000000000,-6439.701265191506,877.1643809526464,2278.5973213256825,-2.5738706215576657,-4.543997631449828,-5.53307699816662,0.007864535880121705,-0.0010682529646251894,-0.002786515187868815,19.28418917155772,-108.72254495585923,511.20853334874425,6888.30174194164,0.00039894717321148696,53.020467365051836,7.5508185015292275,217.97579240002685,297.55765829279187
15 Jul 2026 23:11:00.000000000,-6579.870963146745,602.7973335828941,1941.8364333609704,-2.096716084878695,-4.598236074507235,-5.688179150938795,0.008037666963531538,-0.0007334202496702632,-0.0023747511923663373,16.32524933911472,-106.45411488614,510.3970908769772,6888.873806736333,0.0004993598649676163,53.022256833969664,7.5498835585436606,213.45587235143626,305.8761354762669
15 Jul 2026 23:12:00.000000000,-6691.120384205359,325.7808875242404,1596.5171878454832,-1.610214194023658,-4.632276157714549,-5.818249416914326,0.008175399832384666,-0.00039516633316095864,-0.0019522478476861988,13.335937248427097,-104.26020316986511,509.65273793707206,6889.3648897225185,0.0006018261189970308,53.02379260062814,7.549226670983409,212.44416810630477,310.68657942115993
15 Jul 2026 23:13:00.000000000,-6772.952818289439,47.33222135078466,1244.1597378319914,-1.1165093167553737,-4.645956894319663,-5.922698473645734,0.00827706799372066,-5.4995454527198436e-05,-0.0015208797426278144,10.322570806495202,-102.12545681726873,508.9849777342499,6889.76630123545,0.0007007618310170839,53.025047480926425,7.5488034335275325,213.42116387372758,313.508535078319
15 Jul 2026 23:14:00.000000000,-6825.001320499965,-231.32454329409558,886.3161911035801,-0.6177809643733768,-4.639208007398088,-6.001050929348244,0.008342169990127737,0.00028557400263400963,-0.0010825692152368965,7.291002349469344,-100.03544578442431,508.40184971820906,6890.070923339434,0.0007930379837735859,53.0259992121747,7.548565318355844,215.61048838548157,315.11840327132023
15 Jul 2026 23:15:00.000000000,-6847.03052018164,-508.96380509830897,524.5636942172591,-0.11623376685539566,-4.612050550685164,-6.0529479072229115,0.008370373380687798,0.0006250172707555822,-0.0006392767588145902,4.246740680167721,-97.97644605084993,507.90979939571133,6890.273338445389,0.0008766810728271871,53.02663084727308,7.548460524231677,218.5951669660885,315.9331882257341
15 Jul 2026 23:16:00.000000000,-6838.937822046734,-784.3639697115003,160.49737908996363,0.3859127588848427,-4.564597058051666,-6.078149040946149,0.008361517626441838,0.0009618111392274482,-0.00019299099717731913,1.1950613587628245,-95.93522590909019,507.51357727632814,6890.36992793023,0.0009503620318403053,53.02693105604991,7.548434883919527,222.1374284300525,316.19069025240736
15 Jul 2026 23:17:00.000000000,-6800.753988956117,-1056.3129310561503,-204.276791864688,0.8864345800672737,-4.497051213267008,-6.076533858454192,0.00831561582062068,0.0012944419908640667,0.0002542816685662883,-1.8588911550769753,-93.89883594635234,507.21616896217927,6890.358938837298,0.0010131780058498076,53.02689432832807,7.548432814109779,226.09438878166173,316.03382161627457
15 Jul 2026 23:18:00.000000000,-6732.643100099453,-1323.6135184162324,-568.1492448577151,1.3831135877445209,-4.40970703693872,-6.048102537531227,0.008232855221638418,0.0016214138446561408,0.0007005276312608788,-4.910006014918616,-91.85440160122091,507.018757768916,6890.240517324349,0.0010645495637308113,53.02652107499514,7.548398291240848,230.3765202169808,315.5521370982421
15 Jul 2026 23:19:00.000000000,-6634.901882609251,-1585.0888803782354,-929.5140401311678,1.8737480326179663,-4.302947592924834,-5.992976023537142,0.008113596568912144,0.001941256314068923,0.0011437367504572764,-7.953109737256308,-89.78891636120001,506.92072060271994,6890.016708146959,0.001104166138653854,53.02581762513327,7.548275836160448,234.92594734803504,314.8035373375349
15 Jul 2026 23:20:00.000000000,-6507.958419006167,-1839.5877769843044,-1286.776105302743,2.3561628840031292,-4.177243221937273,-5.911395506691758,0.007958372187429737,0.0022525323913897325,0.0015819130075949803,-10.982867789183896,-87.68903345107691,506.9196571334777,6889.691420104766,0.001131952115294213,53.02479611908307,7.548011490297795,239.70444850979877,313.8262671013248
15 Jul 2026 23:21:00.000000000,-6352.370237221896,-2085.9897520819463,-1638.3584183515168,2.8282200399247617,-4.033149315331631,-5.8037212634696616,0.007767882907635483,0.0025538459722313713,0.0020130850253167417,-13.993680570075535,-85.54085420131572,507.01145161771603,6889.270358022339,0.001148041375666249,53.02347429914671,7.547553766194993,244.68646918768727,312.6459014512797
15 Jul 2026 23:22:00.000000000,-6168.821794199741,-2323.210158778635,-1982.7091024250465,3.287828318628464,-3.8713036470630624,-5.670430873648336,0.007542993851463953,0.002843849040806374,0.0024353163372766245,-16.979570245758932,-83.32971225894929,507.1903660556209,6888.760922470824,0.0011527545973535817,53.02187520144028,7.546854555599055,249.8548488421008,311.2796185376797
15 Jul 2026 23:23:00.000000000,-5958.121368153528,-2550.2050121261627,-2318.308395523032,3.7329531653750347,-3.6924232863407,-5.5121168311996716,0.007284729150412814,0.003121248443148728,0.0028467153004252967,-19.934054777058087,-81.03995462688387,507.449162732967,6888.1720790461695,0.0011465765501862486,53.020026754157094,7.545869979067235,255.198074201021,309.7389459569058
15 Jul 2026 23:24:00.000000000,-5721.197378402208,-2765.9756446274196,-2643.6754593774413,4.161626013120411,-3.4973011175144335,-5.329483573335893,0.006994265689595986,0.00338481218888308,0.003245444554774387,-22.85000541565106,-78.65472357199069,507.7792536184583,6887.514199592448,0.001130132093821777,53.01796128916791,7.544561161963859,260.7084153653245,308.0316243340205
15 Jul 2026 23:25:00.000000000,-5459.094155215725,-2969.5731418655128,-2957.374993460478,4.571953241421819,-3.2868019970628954,-5.123343957452052,0.0066729259760248665,0.0036333752305369393,0.0036297299457166304,-25.71948403778893,-76.15574831530454,508.17087357388493,6886.798878279396,0.0011041603645062113,53.015714975433895,7.54289492308796,266.3805795432153,306.16295331986487
15 Jul 2026 23:26:00.000000000,-5172.967185270325,-3160.102537419404,-3258.0236219647477,4.962124684427234,-3.061858580164624,-4.894615220313734,0.006322170245972664,0.003865844683391483,0.00399786883953293,-28.53355715256268,-73.52316294739595,508.61327390123967,6886.038725905176,0.001069487113630312,53.01332718411083,7.540844363579988,272.2106665928997,304.1368358286907
15 Jul 2026 23:27:00.000000000,-4864.077861060636,-3336.7267482481825,-3544.29602376481,5.330421645906029,-2.823466851153593,-4.644314457514855,0.005943587935862223,0.004081204463697643,0.004348237780556407,-31.282084586139856,-70.73537830630163,509.0949324044933,6885.247146184551,0.001026995489073929,53.01083979645776,7.538389345568395,278.19529443945,301.95665245474163
15 Jul 2026 23:28:00.000000000,-4533.787764930091,-3498.670233820557,-3814.930777735482,5.67522438671274,-2.5726813931792276,-4.373553663901087,0.005538888638626914,0.004278519333390189,0.004679299452548823,-33.953483223987426,-67.76905191923481,509.6037758905353,6884.438098097103,0.0009775958137168527,53.00829646670409,7.535516851889217,284.3308118700476,299.6260485671499
15 Jul 2026 23:29:00.000000000,-4183.552520247459,-3645.222364403659,-4068.735898294049,5.995019057592565,-2.310610432611642,-4.0835343772968855,0.005109892672326567,0.004456938355276036,0.004989608926735971,-36.53447055832273,-64.5992227475331,510.1274108737526,6883.625848600995,0.0009221951526126763,53.005741852856104,7.532221220358058,290.6125465698629,297.1496862234871
15 Jul 2026 23:30:00.000000000,-3814.915243675335,-3775.7404860485535,-4304.594038604467,6.288404057599558,-2.0384106932015182,-3.775541968486506,0.004658521380620731,0.004615697773536249,0.005277819194783697,-39.00980019754802,-61.19970672556498,510.6533581811376,6882.824720165611,0.0008616676858547131,53.00322082902324,7.528504248246378,297.03405433826794,294.5339949639101
15 Jul 2026 23:31:00.000000000,-3429.499633456729,-3889.652671884796,-4521.467341464236,6.554095805374544,-1.7572820937781368,-3.4509396200289917,0.004186787275681586,0.004754123344216329,0.005542685999508444,-41.36201323457382,-57.543882809177866,511.1692871744987,6882.048837638424,0.0007968271144977672,53.00077769320232,7.5243751649230886,303.58634197710114,291.78794899484325
15 Jul 2026 23:32:00.000000000,-3029.002729226977,-3986.4601513164116,-4718.401920427311,6.790933916899402,-1.4684623214488273,-3.111162035222399,0.0036967841259988804,0.0048716321528289265,0.005783071994026864,-43.57124663183309,-53.60602994134366,511.6632454067675,6881.311878940647,0.0007284025019165521,52.998455384567016,7.51985047297836,310.2570252921166,288.92390932065405
15 Jul 2026 23:33:00.000000000,-2615.1873790673226,-4065.7394105680683,-4894.531956157897,6.997885788938191,-1.1732213099522353,-2.75770891647621,0.0031906770715818223,0.004967733957827916,0.005997950265940589,-45.61516281384095,-49.363385878761285,512.1238797019018,6880.626833984796,0.0006570190579573994,52.99629472416875,7.514953660483072,317.0293369299827,285.9586160995787
15 Jul 2026 23:34:00.000000000,-2189.87444942153,-4127.143959732858,-5049.083395303312,7.174050592033813,-0.8728556501564717,-2.392138249661069,0.0026706928386609585,0.00504203210953809,0.006186407279258001,-47.46909110684102,-44.79905818155609,512.54064488321,6880.0057760301315,0.0005831853644106864,52.994333692562236,7.509714789335465,323.88077036816264,282.91454490413287
15 Jul 2026 23:35:00.000000000,-1754.9348131393685,-4170.40576301066,-5181.377241294835,7.31866268056146,-0.5686829568064468,-2.016059427833662,0.002139110103588999,0.005094224092216583,0.006347645288289866,-49.106494010615734,-39.90578127517845,512.903996663113,6879.459649444937,0.0005072883798610963,52.9926067572333,7.504169966876382,330.7808118132794,279.82217512704096
15 Jul 2026 23:36:00.000000000,-1312.2811503676262,-4195.336330183519,-5290.832428401342,7.431094429879916,-0.26203621266825433,-1.6311262442710697,0.0015982500389375809,0.0051241017376616235,0.00648098428182122,-50.49987432280218,-34.690237873078274,513.205565538711,6878.998077533661,0.00042959725094148947,52.99114426183739,7.498360710042713,337.68628991375994,276.7246406226046
15 Jul 2026 23:37:00.000000000,-863.8595963461376,-4201.827468555383,-5376.968272060142,7.510858512062879,0.0457418916674729,-1.2390297811827158,0.001050467057674019,0.005131551159212421,0.006585863519394356,-51.622200406481305,-29.177246376796095,513.4383089029499,6878.629193719751,0.00035027662547671367,52.989971888169556,7.492333213265912,344.5299936096785,273.6891122554342
15 Jul 2026 23:38:00.000000000,-411.6412694340782,-4189.851695596001,-5439.406489994208,7.557609622077348,0.3533046067516791,-0.8414912169740846,0.000498139752130022,0.005116552445753001,0.006661842712815072,-52.44882515797288,-23.412662158212587,513.5966389728572,6878.3594989589365,0.00026941044292743066,52.98911020049931,7.486137533073542,351.1873033264292,270.8401671440658
15 Jul 2026 23:39:00.000000000,42.38628801265154,-4159.462313385865,-5477.872789897056,7.571145665681436,0.6593067487845218,-0.4402545717210345,-5.633798873758235e-05,0.005079179154448582,0.0067086029071272224,-52.95970934557815,-17.463602648455243,513.6765245468408,6878.1937478000145,0.00018704166613262444,52.9885742804421,7.479826703835401,357.3503547177858,268.4856253873023
15 Jul 2026 23:40:00.000000000,496.22772395556535,-4110.793146689862,-5492.198020556351,7.551408418879363,0.9624102883625462,-0.03707940770708094,-0.0006105657147918654,0.005019597627421637,0.006725947099933876,-53.14157663700786,-11.414912520288516,513.6755650272796,6878.134865018703,0.00010327755806163368,52.988373458924244,7.473455800345184,1.7742449519202135,267.87034427263706
15 Jul 2026 23:41:00.000000000,947.8885147881583,-4044.0579471113824,-5482.318884215739,7.498483666647232,1.261289893581987,0.36626650037334696,-0.0011621450424617646,0.004938066152314789,0.006713800632493528,-52.98951786328489,-5.361791612085173,513.593035577717,6878.183894232065,2.033456437397756e-05,52.98851115006684,7.467080963923115,342.24655457046856,291.2066969293323
15 Jul 2026 23:42:00.000000000,1395.3835961608374,-3959.549466351997,-5448.278208786306,7.412600826044747,1.554638418373856,0.7680145124110184,-0.0017086882212810608,0.004834933975689227,0.0066722113725561855,-52.507620199640506,0.6000877593860675,513.4299027230804,6878.339979364274,7.086845058264766e-05,52.98898478998882,7.460758409360243,210.9837163038388,66.27820403454064
15 Jul 2026 23:43:00.000000000,1836.7459558441728,-3857.6382021078643,-5390.224779258697,7.294132055934839,1.8411723272941123,1.1664024749069153,-0.002247826688159073,0.00471064016639935,0.006601349693731138,-51.708441153698935,6.384582572410933,513.1888101435364,6878.600379285604,0.00015890262116663692,52.989785881652274,7.454543430383093,212.97586555826263,68.09468384998006
15 Jul 2026 23:44:00.000000000,2270.035157779071,-3738.770820696484,-5308.412728376635,7.14359085262521,2.119637047456029,1.5596820656502868,-0.0027772196576577,0.0045657123194663635,0.006501508247145203,-50.61147852689919,11.922755475230588,512.8740348562156,6878.960515392989,0.00024846277714348647,52.99090014497147,7.448489421361181,218.39065760212577,66.48843555272374
15 Jul 2026 23:45:00.000000000,2693.34576649785,-3603.4682610641903,-5203.200487373874,6.961630127996415,2.3888122374379486,1.9461261180157545,-0.0032945627896364834,0.0044007650766515055,0.006373101501026304,-49.2410454084548,17.166775567845285,512.4914144224,6879.414051349487,0.00033894366871786057,52.99230776952076,7.442646932697024,224.44111512009337,64.24639218418281
15 Jul 2026 23:46:00.000000000,3104.8156407251204,-3452.323525490494,-5075.049298391395,6.749039764361213,2.647516961453738,2.324035910200775,-0.003797596970839419,0.00421649843949532,0.006216665022316744,-47.62403534319362,22.09000081577902,512.0482462587267,6879.953003658321,0.0004298310143457267,52.993983765335614,7.437062776708344,230.6475759425723,61.84817340186367
15 Jul 2026 23:47:00.000000000,3502.6340646595704,-3285.9991630237273,-4924.521291094249,6.506743638526694,2.894614755218505,2.6917484025623577,-0.0042841172309590735,0.004013695835244683,0.006032854451393101,-45.7879650322518,26.684262556800505,511.55316056720557,6880.567881223253,0.0005205063709251002,52.99589840554593,7.431779199942189,236.85693889101228,59.446840086866494
15 Jul 2026 23:48:00.000000000,3885.049684703362,-3105.224452651027,-4752.2771271673655,6.235796106713284,3.1290185675287088,3.0476434031596824,-0.00475198180146458,0.003793221897643519,0.005822444120839515,-43.759500966624316,30.955741378577766,511.0159688273102,6881.247851545996,0.0006102280484582943,52.998017752933194,7.426833136621443,243.004672570522,57.10688596748833
15 Jul 2026 23:49:00.000000000,4250.378219212472,-2910.7922941110655,-4559.073217552153,5.937377941811293,3.3496955593186044,3.390150638633139,-0.005199121310247328,0.0035560199211302763,0.005586325262114368,-41.563507170936155,34.920621930390766,510.44749020896865,6881.980930744294,0.0006981363147353447,53.000304261006775,7.4222555565254345,249.0592672705507,54.859786093684484
15 Jul 2026 23:50:00.000000000,4597.009908050173,-2703.5558155422123,-4345.758518859446,5.6127917156225,3.5556717392109696,3.7177567037283947,-0.005623548084484011,0.003303108944578784,0.005325503737278771,-39.222543231117456,38.60126751374209,509.85935866337326,6882.754194145953,0.0007832679321431767,53.00271743886277,7.4180709188197556,255.0041968838133,52.72203524582302
15 Jul 2026 23:51:00.000000000,4923.416668479831,-2484.4247084305275,-4113.270917066205,5.263456620767398,3.7460364122002363,4.029011859254285,-0.006023365517262638,0.0030355804248732186,0.005041097235579548,-36.75669803934449,42.023228838686656,509.2638138210334,6883.5540038336385,0.0008645763530481336,53.005214567957196,7.414296741564626,260.83063348429835,50.70243363269687
15 Jul 2026 23:52:00.000000000,5228.158923639891,-2254.3613018250962,-3862.6332085527138,4.890902730176929,3.919946415780468,4.322536644655814,-0.00639677743590736,0.0027545944652856416,0.004734331877978545,-34.18364491567183,45.21311186148222,508.6734791662803,6884.366249190966,0.0009409558018893853,53.00775145800668,7.410943294397686,266.53396816890535,48.80556627053523
15 Jul 2026 23:53:00.000000000,5509.892069848534,-2014.376389377061,-3594.948690679608,4.496764696336054,4.076630115917258,4.597028268106277,-0.006742097393650324,0.002461375570312113,0.004406538178849846,-31.51882510185006,48.197182112848886,508.1011312545022,6885.176596238846,0.0010112679813296143,53.01028322854397,7.408013419836964,272.1118987217949,47.03371548125093
15 Jul 2026 23:54:00.000000000,5767.372549255765,-1765.5248244764523,-3311.396376435947,4.082774897684801,4.215391133786603,4.851266734202698,-0.007057757785540494,0.002157207905448895,0.004059146319621735,-28.775693104171786,51.00053556689237,507.55946398346504,6885.970741359251,0.0010743703638519625,53.01276510221417,7.405502486216029,277.5632381559546,45.38805245371807
15 Jul 2026 23:55:00.000000000,5999.463494987456,-1508.9009005320722,-3013.225850172097,3.65075604564209,4.335611773335662,5.084120667166575,-0.007342318688014073,0.0018434300556798354,0.003693680709277318,-25.96598085790178,53.646673495168294,507.0608521127456,6886.73466488863,0.0011291451816408651,53.01515319570707,7.403398473001252,282.8870783662116,43.86947363314996
15 Jul 2026 23:56:00.000000000,6205.139916938592,-1245.6335352555182,-2701.7517840145624,3.202613272443535,4.436756119513693,5.2945527860587145,-0.007594476300225747,0.0015214292830533415,0.0033117538116129437,-23.09995548502098,56.15734849929554,506.6171183359232,6887.454880028327,0.0011745283555980278,53.01740529428421,7.401682186786104,288.0821267721485,42.47926406050045
15 Jul 2026 23:57:00.000000000,6383.493397807653,-976.8812796054976,-2378.348137203661,2.740325727164852,4.518372777566958,5.481624988022651,-0.007813070866039674,0.0011926352997445348,0.002915059240734494,-20.186657616451292,58.552582785653556,506.239308240154,6888.118672570126,0.0012095377240741942,53.019481596175766,7.400327604015781,293.14610752267265,41.21969609148072
15 Jul 2026 23:58:00.000000000,6533.736270839886,-703.8271737962955,-2044.4420632317672,2.265937714715637,4.580097225107713,5.644502996073442,-0.007997093955452386,0.0008585135858341235,0.002505364143041924,-17.234114998922394,60.85078954822831,505.93747742971425,6888.71432707167,0.0012333000521495166,53.02134541368254,7.39930233420865,298.075145596166,40.094645163589334
15 Jul 2026 23:59:00.000000000,6655.205253073592,-427.6734744125239,-1701.5075522242525,1.7815494199741395,4.621653750774975,5.782460529497859,-0.008145694979434154,0.0005205582924413114,0.002084500898335763,-14.249530701513407,63.06895157423185,505.72049493895423,6889.231335339113,0.001245076433436154,53.02296381861521,7.398568195293093,302.86305393570154,39.11030247498557
16 Jul 2026 00:00:00.000000000,6747.36451063973,-149.63627820718466,-1351.058838453597,1.2893072663963798,4.642856956168493,5.89488295752823,-0.008258186826766928,0.0001802847852199059,0.001654358193967978,-11.239447762954702,65.22282807744067,505.5958668144701,6889.660583381812,0.0012442858543620253,53.024308220715234,7.3980818903856,307.50042630003696,38.276081898586476
