UTCG,r_x,r_y,r_z,v_x,v_y,v_z,a_x,a_y,a_z,lla_Lat,lla_Lon,lla_Alt,coe_Semi-major_Axis,coe_Eccentricity,coe_Inclination,coe_RAAN,coe_Arg_of_Perigee,coe_True_Anomaly
15 Jul 2026 00:00:00.000000000,5807.510644587708,-1818.4020330326941,-3205.4645114240648,4.0290409923633925,4.164427404338768,4.937223559873523,-0.007115715045979797,0.0022247025213330517,0.003934082188913507,-27.78267711089843,50.11607647999135,504.6175152320617,6878.137027210737,6.845426023989343e-09,53.00000005112019,5.999999600337549,0.0,324.29999982729424
15 Jul 2026 00:01:00.000000000,6036.274580584828,-1564.7125997313576,-2902.364967788811,3.5936201714357674,4.288802970127867,5.162394922139057,-0.007397693267593619,0.0019144255635789274,0.003562636648127444,-24.951595461146386,52.71300217471566,503.772963826471,6878.887239920654,0.00011557585045034774,53.002351002133835,5.998025136537789,345.61078680205515,342.49534292667795
15 Jul 2026 00:02:00.000000000,6238.42461747245,-1304.124374921474,-2586.4333666741372,3.142234685923146,4.394300389652144,5.364799427402586,-0.00764712198974561,0.001595517619228466,0.003175197606161701,-22.06717755265496,55.18200314047924,502.9652894957503,6879.589389652634,0.00022782968049202916,53.00455130610224,5.996431327746813,350.5717424098103,341.3405073262505
15 Jul 2026 00:03:00.000000000,6413.062165678781,-1037.7847623753407,-2259.063522365782,2.6768725823433823,4.480443039458719,5.543527309206145,-0.007862836853292171,0.0012693837013782938,0.0027734676866048935,-19.13805785013936,57.54250582980513,502.2069330579686,6880.231061395102,0.0003352625174090648,53.00656200583406,5.9951898572765945,355.58829997537975,340.1300811060415
15 Jul 2026 00:04:00.000000000,6559.409927724089,-766.8672108616487,-1921.7007258070892,2.1995874008243277,4.546839785802594,5.697773149566915,-0.008043822786676556,0.0009374680140380583,0.0023592224773943005,-16.171932282040704,59.81239425753161,501.5093707473577,6880.800897575185,0.00043648466648676595,53.008347477329,5.994266192056413,0.6672543656285673,338.85729256708987
15 Jul 2026 00:05:00.000000000,6676.815554928361,-492.56601828952375,-1575.8353568974467,1.7124890124005756,4.593187138281309,5.826840022242496,-0.008189220839568077,0.0006012471733029772,0.0019343024632704118,-13.175737770457923,62.008200845533125,500.8829152222208,6881.288800962823,0.0005302412456220005,53.009876058525585,5.993620188748424,5.8155853068904255,337.5151867916346
15 Jul 2026 00:06:00.000000000,6764.754742526633,-216.09101905819833,-1222.9962632097695,1.2177340702025514,4.61927098452723,5.930143132413672,-0.008298334186216876,0.0002622230237749774,0.0015006043057689484,-10.155809319318552,64.14531847449707,500.3365371917282,6881.686115670164,0.0006154329126523513,53.0111206086612,5.993206798969974,11.041104093299941,336.09597860075013
15 Jul 2026 00:07:00.000000000,6822.833741608472,61.33781956534702,-864.743936483338,0.7175161276927002,4.624967883393288,6.007212915461132,-0.008370633187342671,-7.80848895259777e-05,0.001060071535363549,-7.11801798860102,66.23821962874851,499.8777111573677,6881.9857828635695,0.0006911338436056145,53.012058988350375,5.992976861284768,16.35267371755196,334.5908320560023
15 Jul 2026 00:08:00.000000000,6850.791269679083,338.495864981905,-502.66352034968963,0.21405548339166816,4.610245898002117,6.057697561864638,-0.00840575941293014,-0.00041814712295802306,0.0006146847362188444,-4.067893432182195,68.3006752419577,499.5122883312308,6882.182468248486,0.0007566066515599218,53.012674451864775,5.992877966123804,21.760398827616882,332.98967010762493
15 Jul 2026 00:09:00.000000000,6848.499805368086,614.1593226589948,-138.35768456255073,-0.2904111830784162,4.575164954539019,6.081364940493834,-0.008403528544938203,-0.0007564323303712345,0.0001664513176590203,-1.010734722692735,70.34597017239629,499.2443992789434,6882.2726588948235,0.0008113139867350736,53.01295594462992,5.992855378467366,27.275832738314563,331.28096716688316
15 Jul 2026 00:10:00.000000000,6815.966256829627,887.1107466426885,226.5605975192583,-0.7936413145199078,4.519876717642167,6.078103898557627,-0.00836393209875925,-0.001091415367474191,-0.00028260502211030914,2.0482868953035447,72.38711492032635,499.0763882510452,6882.254727533465,0.0008549266117187231,53.01289830060949,5.992853002104968,32.91221365292922,329.4515124544341
15 Jul 2026 00:11:00.000000000,6753.331997613167,1156.1445280363132,590.4753303450209,-1.2933970470964735,4.444623978538975,6.047924923074365,-0.008287137923732977,-0.0014215854143260396,-0.0007304550260570061,5.104029789802722,74.43705477236796,499.0087805274056,6882.128963059517,0.000887327798666195,53.01250233600135,5.992814368529435,38.68473514590349,327.486139080949
15 Jul 2026 00:12:00.000000000,6660.872268162445,1420.0723322281183,951.774797933307,-1.7874557748273372,4.349739557548244,5.990960155736554,-0.008173489466519438,-0.0017454540241413654,-0.0011750746828781517,8.151284805571125,76.50887834920907,499.04028342242395,6881.897566614848,0.000908613944557237,53.01177483749039,5.992683633058881,44.61085252044172,325.3674172536456
15 Jul 2026 00:13:00.000000000,6538.994945538006,1677.728455906852,1308.8588471599207,-2.273620633499785,4.235644728057345,5.907462760273908,-0.008023503804398781,-0.0020615630076874533,-0.001614455984889456,11.184675767860476,78.61602771815159,499.1678209027348,6881.564613273853,0.0009190913410644391,53.01072844515766,5.99240656061338,50.710622464863654,323.07531419241997
15 Jul 2026 00:14:00.000000000,6388.2386883713925,1927.9750754933966,1660.1461139089397,-2.749730830999431,4.102847174432729,5.797805648662424,-0.007837868479557492,-0.002368492066154482,-0.0020466175195349152,14.198554138690799,80.7725118513555,499.38660107384385,6881.135980009836,0.0009192690606793049,53.00938143200385,5.99193148376701,57.00706651472509,320.58683025600607
15 Jul 2026 00:15:00.000000000,6209.270468365186,2169.70735951082,2004.0811540070947,-3.213671753572641,3.95193850138099,5.66247957957918,-0.007617437187466622,-0.002664866091531142,-0.0024696147797872233,17.186884240340802,82.99312417662316,499.6902151173313,6880.619241259038,0.0009098479209864482,53.00775738387155,5.991210216122509,63.52653720428428,317.87563240181896
15 Jul 2026 00:16:00.000000000,6002.882503771637,2401.8584186067806,2339.141441855092,-3.663384781348803,3.7835913169030415,5.502090649164444,-0.007363224393182325,-0.002949362061745258,-0.0028815500867772465,20.14311534651377,85.29366305199265,500.0707656247732,6880.023534010978,0.0008917054517381086,53.00588478531696,5.990198904826581,70.29904691041781,314.91172498326824
15 Jul 2026 00:17:00.000000000,5769.9886141396755,2623.4040683963317,2663.8442010446406,-4.096876751426737,3.5985559150499826,5.317357200240955,-0.007076398967497874,-0.0032207154682073764,-0.0032805820289766776,23.06003688218879,87.69115080032697,500.51902169541506,6879.359394923681,0.0008658766985076401,53.00379651865169,5.988858807104624,77.35849008714167,311.6612271928136
15 Jul 2026 00:18:00.000000000,5511.620019151862,2833.367381971874,2976.753032969355,-4.512229012797486,3.397656588091982,5.109106181493479,-0.006758276949638569,-0.0034777262251464965,-0.0036649343357899686,25.92961309370827,90.20404185516155,501.0245976561276,6878.638572479227,0.0008335305345117632,53.001529284922675,5.987156977014878,84.74264667047105,308.0863693768773
15 Jul 2026 00:19:00.000000000,5228.92060752586,3030.823010786955,3276.4843114540217,-4.90760602412964,3.1817876003730516,4.878268992595614,-0.006410313554403656,-0.0037192640229675097,-0.004032904118761741,28.742794063416408,92.85240272758912,501.57615183576104,6877.873817646367,0.0007959409054204492,52.999122956993475,5.985066850172093,92.49279668988851,304.1458781915075
15 Jul 2026 00:20:00.000000000,4923.1417046862925,3214.9012546221147,3561.713313686622,-5.281263452758206,2.9519088579891846,4.625876854784817,-0.006034094549246413,-0.003944273101557316,-0.004382869430530655,31.4893011939047,95.65803476822151,502.16160148971295,6877.078656896898,0.0007544521091916748,52.99661987610825,5.98256871600296,100.65270896475252,299.7959877248455
15 Jul 2026 00:21:00.000000000,4595.63637019771,3384.7918634260673,3831.1800601815285,-5.631555740842154,2.709041309478467,4.353055748865799,-0.005631327129235318,-0.004151776432775411,-0.00471329610910448,34.15738781563998,98.64449374488491,502.7683497282596,6876.267151722389,0.0007104368784497897,52.99406410433886,5.979650069052582,109.26671137278585,294.9923691027862
15 Jul 2026 00:22:00.000000000,4247.853257773531,3539.747555953245,4083.69483906782,-5.9569431123414525,2.4542621129533355,4.061020964042033,-0.0052038304172921735,-0.004340879314906238,-0.005022743892810583,36.73358017739661,101.836936904486,503.38352015532496,6875.453649014751,0.000665245868657487,52.9915006461152,5.976305833007476,118.3765574440233,289.69326382705236
15 Jul 2026 00:23:00.000000000,3881.3300720418065,3679.0872422369016,4318.143392621234,-6.255998001960553,2.1886996045771605,3.75107130134868,-0.0047535257116776706,-0.004510772393962737,-0.005309871808296382,39.202411853982895,105.2616982253137,503.9941948698337,6874.65252680558,0.0006201475400330402,52.98897465260728,5.972538453356869,128.01696782082183,283.8639423067097
15 Jul 2026 00:24:00.000000000,3497.686657176376,3802.198939000262,4533.49174657973,-6.527410894274686,1.9135281020593589,3.424582974841934,-0.004282426593512877,-0.0046607341377917395,-0.005573442849781897,41.546176857478315,108.94545847269298,504.5876515151645,6873.877939905668,0.0005762589744717355,52.986530623050385,5.968357856926601,138.2101741909343,277.4821599767436
15 Jul 2026 00:25:00.000000000,3098.617753019971,3908.542369079956,4728.790665343196,-6.769995567686733,1.6299625750038576,3.0830032521791617,-0.003792628995180358,-0.004790132798234185,-0.005812327981935169,43.744744629577575,112.91384665547353,505.1515951756374,6873.143569949315,0.0005344716104073045,52.984211617176605,5.963781278879375,148.960621411519,270.54345528542575
15 Jul 2026 00:26:00.000000000,2685.885454474986,3997.651237783223,4903.179718606096,-6.982693743472511,1.3392532116039075,2.7278438739244737,-0.0032863013152282195,-0.004898427903789379,-0.00602550951049333,45.775503731810396,117.18930186169915,505.67438110377816,6872.462384231584,0.0004953814892723795,52.982058492737885,5.958832960166632,160.25208448208878,263.0640328910471
15 Jul 2026 00:27:00.000000000,2261.3114097791663,4069.1351807899255,5055.89094726345,-7.16457914481183,1.0426799084751714,2.360674287986098,-0.002765674648145526,-0.004985171330169643,-0.0062120838736965545,47.613527722845504,121.7880718298008,506.14522450853525,6871.846407536146,0.00045924026855391514,52.980109181673555,5.95354372068359,172.0503348025509,255.07809762945456
15 Jul 2026 00:28:00.000000000,1826.768792868697,4122.681379734023,5186.252118531385,-7.314860974275181,0.741546707481451,1.9831147322075198,-0.0022330331792765755,-0.005050007998832482,-0.006371263913954121,49.2320782439377,126.71637272777758,506.5543939324446,6871.30651089164,0.00042594778037472077,52.97839801780352,5.9479504156373,184.3143208044077,246.62667416094448
15 Jul 2026 00:29:00.000000000,1384.174084437715,4158.055842938079,5293.689562110228,-7.432886820681288,0.43717620040031036,1.596829194480023,-0.001690704775855362,-0.005092676253413052,-0.00650238069158705,50.60356064762082,131.96602568957067,506.8933850852428,6870.852220873904,0.0003951052061594824,52.97695512802366,5.942095284669965,197.01707577087763,237.73669947647988
15 Jul 2026 00:30:00.000000000,935.4786955844904,4175.104349938651,5377.730580878542,-7.518145007558232,0.13090391931622627,1.2035182760134036,-0.0011410517867935478,-0.00511300796201087,-0.006604884902606585,51.70100355683489,137.5103148372184,507.15507237365625,6870.491552695958,0.000366138705583256,52.97580589785891,5.936025205283266,210.17483257848872,228.39190852557357
15 Jul 2026 00:31:00.000000000,482.6604671790809,4173.753059424996,5438.005431041012,-7.5702663956677085,-0.17592727210690348,0.8049119797853296,-0.0005864620462070927,-0.005110928388544335,-0.0066783479586393696,52.50002504050841,143.3012612729557,507.33383576349155,6870.2308699052255,0.0003384915679582481,52.974970520913665,5.929790863742048,223.88066964594964,218.4991886741838
15 Jul 2026 00:32:00.000000000,27.715077342471783,4154.008781048224,5474.248867873162,-7.58902565128409,-0.4819727737425078,0.4027624428742435,-2.9340060177321436e-05,-0.005086455870064646,-0.006722462780908314,52.98107768743273,149.2697104806991,507.425661024688,6870.074773046005,0.0003118779273181973,52.97446364027063,5.923445858174947,238.33775205240246,207.85533902399368
15 Jul 2026 00:33:00.000000000,-427.35261127411127,4115.958912254232,5486.301254236371,-7.574341990286972,-0.7858918197702434,-0.0011633715062981515,0.0005279016569696163,-0.005039701328515972,-0.006737044350880186,53.1315826613488,155.32925854765145,507.4282118365169,6870.026019151859,0.0002865970011766574,52.97429408825304,5.917045749767369,253.88239826662544,196.12400414472424
15 Jul 2026 00:34:00.000000000,-880.5372331671376,4059.7710418961874,5474.109229900049,-7.526279405796673,-1.0863530157468797,-0.4050910086145246,0.0010828511402594357,-0.0049708676369204195,-0.006722030050178195,52.94746457541283,161.38397116168204,507.34087266479133,6870.085473413988,0.000263907029944481,52.974464729214915,5.910647078932471,270.96620336678603,182.85355133179567
15 Jul 2026 00:35:00.000000000,-1329.8415999548677,3985.6922228968347,5437.725940471824,-7.445046384265249,-1.3820398336163588,-0.8072458714872918,0.0016331054757388016,-0.004880248848331341,-0.006677479807829176,52.43367610743864,167.33843258626274,507.16476176266065,6870.252093836476,0.0002463878322186786,52.97497240818635,5.904306363907624,290.0139306745175,167.61917945883823
15 Jul 2026 00:36:00.000000000,-1773.2853479843398,3894.0479167341973,5377.310825400835,-7.3309951118331265,-1.6716560564061107,-1.2058605735686818,0.0021762792986280925,-0.004768229286935651,-0.0066035760612586595,51.60356141092685,173.10766375894656,506.9027140890025,6870.52294914279,0.000237960079812037,52.97580800631248,5.898079099624793,311.0362382133879,150.41019300631214
15 Jul 2026 00:37:00.000000000,-2208.913523059909,3785.240613015332,5293.128965188689,-7.184620169633381,-1.9539311640625712,-1.5991822833348581,0.0027100133393005753,-0.0046352824896293,-0.006500623522555973,50.47724089243677,178.6245069494721,506.5592343818832,6870.893269647992,0.00024289207755338603,52.97695660211807,5.892018774625854,333.1193570476018,132.14032420291235
15 Jul 2026 00:38:00.000000000,-2634.805071561091,3659.7481279420326,5185.549988625883,-7.006556713779975,-2.2276256508734162,-1.9854800486446604,0.0032319830630849287,-0.00448196997682585,-0.0063690487280676075,49.07944505900615,-176.1568498891676,506.1404210676196,6871.356530264164,0.00026373615550247123,52.97839773573954,5.886175923543581,354.52421592827955,114.54860884462352
15 Jul 2026 00:39:00.000000000,-3049.081206878805,3518.121586087293,5055.046541640668,-6.79757813325724,-2.491536263398312,-2.3630520868689486,0.003739907441239645,-0.0043089398230759576,-0.006209399337247925,47.43728256925372,-171.26112307686097,505.6538621266696,6871.9045642695855,0.0003000014460812726,52.98010577142757,5.880597231985477,13.732927527879701,99.15290050339796
15 Jul 2026 00:40:00.000000000,-3449.9136196228637,3360.9830906206566,4902.192320241919,-6.558593177034465,-2.7445011458463044,-2.7302330244635544,0.004231557878096512,-0.004116924990770437,-0.006022343135345252,45.57831629152705,-166.6948626925611,505.1085044738106,6872.527705952463,0.00034898303504566437,52.98205035186827,5.875324709763842,30.219965964574957,86.4786934165914
15 Jul 2026 00:41:00.000000000,-3835.5324994698494,3189.0230879790356,4727.659671102154,-6.290642540655407,-2.9854048774743305,-3.085401066663019,0.0047047673047094065,-0.003906741385471895,-0.005808666686157321,43.52913641498329,-162.4506634804609,504.51449883822016,6873.21495974382,0.0004073727455680546,52.984196936232,5.870394947132346,44.226581546935584,76.2847081201875
15 Jul 2026 00:42:00.000000000,-4204.2343359616825,3002.997433955972,4532.216764565367,-5.994894902391088,-3.213183384029129,-3.4269850745850836,0.0051574394325074,-0.0036792855884578545,-0.005569273574957996,41.31445404994895,-158.51150179850924,503.8830225453227,6873.954192990992,0.0004721399927080172,52.986507412366564,5.865838467296888,56.2496203299083,68.074072229295
15 Jul 2026 00:43:00.000000000,-4554.389464850247,2803.7241694042254,4316.72434639968,-5.672642400070927,-3.426828702469447,-3.753471523212548,0.005587558141394556,-0.003435532221119874,-0.005305182177876229,38.956636935722116,-154.85450056577469,503.2260830002873,6874.732349097811,0.0005407005581067202,52.9889407722294,5.861679186644506,66.7608021690635,61.375042672937305
15 Jul 2026 00:44:00.000000000,-4884.449326281724,2592.0800149825805,4082.1320762436417,-5.325295541633865,-3.6253935756761657,-4.063411310083923,0.005993196959098023,-0.0031765308986125016,-0.005017522895330374,36.475570400083676,-151.45384250893093,502.55630504614777,6875.535677381275,0.000610827739317063,52.99145383853121,5.857933992305052,76.12965166555055,55.81807498734231
15 Jul 2026 00:45:00.000000000,-5192.953400604069,2368.9965959380447,3829.4744627095365,-4.9543775457500185,-3.807995851266222,-4.355426380657646,0.0063725285686017695,-0.00290340273347226,-0.004707534788950289,33.88873008280269,-148.28282784281214,501.8867057094436,6876.349975671516,0.0006805404866079908,52.99400202965409,5.85461244444609,84.62767495952852,51.13164670584893
15 Jul 2026 00:46:00.000000000,-5478.535787576551,2135.4564094827956,3559.86640722557,-4.561518113075707,-3.9738226565536636,-4.62821613298176,0.00672383426386637,-0.002617336357302804,-0.004376561569043284,31.211375549312667,-145.31520843388103,501.23046014336416,6877.160841422554,0.000748027920228932,52.996540149233525,5.851716608609819,92.45117062615435,47.11944658909725
15 Jul 2026 00:47:00.000000000,-5739.9313949122825,1892.4885490803854,3274.498371061168,-4.148446634014776,-4.122134319984499,-4.880563561335267,0.007045513257656652,-0.0023195834367655665,-0.00402604688826072,28.45680054090276,-142.52597051556015,500.6006628229262,6877.953926911034,0.0008116100896045071,52.999023186362905,5.849241020958773,99.74260660896026,43.638997759141866
15 Jul 2026 00:48:00.000000000,-5975.981702626695,1641.1642017682002,2974.6311824854033,-3.7169848450092218,-4.252268008270733,-5.111341096222571,0.007336091732630233,-0.002011453670986397,-0.003657528910077357,25.636598730429274,-139.8917269745046,500.01008822826145,6878.7151939859505,0.0008697237543096883,53.00140711220076,5.847172786991345,106.60660769488626,40.58567023274558
15 Jul 2026 00:49:00.000000000,-6185.640070594431,1382.591936508764,2661.590503627019,-3.2690389522345265,-4.363641048010267,-5.319516096617461,0.00759423151670385,-0.0016943092691905721,-0.0032726341347287754,22.76092114997392,-137.3908491897427,499.4709553606046,6879.431163798426,0.0009209234502364023,53.00364965883792,5.845491811903165,113.12109235331553,37.881544032055196
15 Jul 2026 00:50:00.000000000,-6367.97655807633,1117.912803438155,2336.760979281403,-2.8065912489216607,-4.4557539008836295,-5.504155949792594,0.007818738257285286,-0.0013695589202909065,-0.0028730704816571253,19.838713204550295,-135.0034344808829,498.99470046273234,6880.089156992252,0.0009638911966206231,53.005711066610665,5.84417115837486,119.34485823049694,35.467823582833105
15 Jul 2026 00:51:00.000000000,-6522.182225793043,848.2952656962747,2001.5800925859965,-2.331691260119461,-4.528192762622899,-5.664432734523851,0.008008568967336574,-0.0010386512795592486,-0.0024606196450367847,16.877926590000516,-132.7111758683535,498.59176225317304,6880.677519973425,0.0009974505771882837,53.007554786621824,5.843177525412845,125.32272601931592,33.29969368281613
15 Jul 2026 00:52:00.000000000,-6647.572893388981,574.9299872748246,1657.5317550973184,-1.8464464563280143,-4.5806317578413385,-5.799627404977797,0.008162838817336765,-0.0007030680108002753,-0.002037128756725608,13.88570578897384,-130.49717816753156,498.27138382747177,6881.185833101318,0.0010205824657434962,53.00914812604385,5.842471839590762,131.08902643473886,31.342832313343248
15 Jul 2026 00:53:00.000000000,-6743.592327853349,299.02450190557846,1306.1396612874335,-1.3530125847855945,-4.612834705510137,-5.909133455185752,0.008280827054354546,-0.00036431643537594027,-0.0016045014089973175,10.868551190245027,-128.3457480632977,498.04143512722385,6881.605096953332,0.0010324406171697297,53.010462824807945,5.842009948175087,136.66994625970656,29.57106433379721
15 Jul 2026 00:54:00.000000000,-6809.814841609954,21.79778944097128,948.9604397701364,-0.8535836740626179,-4.624656433295983,-5.992460027652293,0.008361981939498744,-2.3921851185534068e-05,-0.0011646881063447749,7.832462034272797,-126.24217452050208,497.90825953008164,6881.927893203892,0.0010323659373912399,53.01147555351824,5.841743401689125,142.0850554824477,27.964834042996713
15 Jul 2026 00:55:00.000000000,-6845.947282524559,-255.525212652306,587.5766356086543,-0.3503817737261465,-4.616043623080662,-6.049234434270219,0.008405924608963736,0.0003165804048839231,-0.000719676231105807,4.783062849517469,-124.17250836501938,497.8765476761836,6882.1485171213135,0.001019898631773869,53.01216832384027,5.84162031206788,147.34819727583903,26.510314862703165
15 Jul 2026 00:56:00.000000000,-6851.83040194821,-531.719134121232,223.58955979254975,0.15435350397706474,-4.587035174646064,-6.07920406321362,0.008412451782059873,0.0006556530691864094,-0.000271479621382667,1.7257171395904787,-122.12334500745439,497.9492411262997,6882.2630792135205,0.0009947877045499115,53.01252880417807,5.841586271055731,152.46780874104599,25.199088227378493
15 Jul 2026 00:57:00.000000000,-6827.43959106155,-805.5637038978931,-141.38795664639227,0.6583755694508132,-4.537762079624379,-6.082237651717559,0.008381537259142757,0.00099176514997314,0.00017787212966859854,-1.334367987459399,-120.08161123751914,498.12746785701785,6882.269574134439,0.0009569975034262775,53.012550535142914,5.841585312592098,157.44662253293953,24.028441569536447
15 Jul 2026 00:58:00.000000000,-6772.884980130787,-1075.8492597105171,-505.7388654168304,1.159441494366291,-4.468446803227002,-6.058325911460341,0.008313332175426779,0.0013234001204996126,0.0006263445357054224,-4.392042670874452,-118.03435520470147,498.41051095267306,6882.167915584872,0.0009067112242132543,53.01223304110048,5.841560902063479,162.2805335441676,23.002501230980318
15 Jul 2026 00:59:00.000000000,-6688.410899752015,-1341.3822058640822,-867.8492216138849,1.6553226284863896,-4.379402176831676,-6.007581500455478,0.008208164000017556,0.0016490640135346623,0.0010719091184631033,-7.442117146977179,-115.96853774099813,498.7958111703997,6881.959936591436,0.000844331576689982,53.01158183592758,5.841456934972445,166.9561142965673,22.134716658630264
15 Jul 2026 01:00:00.000000000,-6574.394707664736,-1600.9903900590016,-1226.115483053622,2.1438151196829427,-4.2710298100638555,-5.9302383427319425,0.008066534293559018,0.001967293325537935,0.0015125542250417434,-10.479263154142938,-113.87082286147628,499.27900335266906,6881.649355208196,0.0007704793000951929,53.0106083229831,5.841218727311814,171.44562152492395,21.452853407395885
15 Jul 2026 01:01:00.000000000,-6431.344989169076,-1853.5283708090599,-1578.9517494207698,2.6227502636559556,-4.143818036396274,-5.826650304425223,0.007889115262063054,0.0022766626431268786,0.0019462956403685822,-13.49791042563874,-111.72736552425614,499.8539859609351,6881.24170634502,0.0006859912592420345,53.00932959116954,5.8407939801833395,175.696793838166,21.009195072415256
15 Jul 2026 01:02:00.000000000,-6259.899143501909,-2097.8825480146097,-1924.7969030844695,3.09000461277375,-3.9983394113560684,-5.69728924200808,0.0076767451665238325,0.00257579191096115,0.0023711868795391077,-16.492134722241037,-109.52359559749937,500.5130223246752,6880.7442410673175,0.0005919225386546722,53.007768110790494,5.840133701654932,179.6105675831265,20.902827032755223
15 Jul 2026 01:03:00.000000000,-6060.820372633865,-2332.9761305372263,-2262.121614577063,3.5435097776641507,-3.835247787028899,-5.5427424450611635,0.007430422668886802,0.0028633532689326686,0.0027853290535341914,-19.455533749185733,-107.2439986571389,501.24687156118364,6880.165795320521,0.0004895651923219021,53.00595133467564,5.839193069647159,182.98686317658456,21.333849747767687
15 Jul 2026 01:04:00.000000000,-5834.994092770144,-2557.7739161672216,-2589.435177251577,3.9812618605555516,-3.655274990562392,-5.363709502034853,0.0071513002127189555,0.003138077397585277,0.003186880213784824,-22.381087228715433,-104.87189707567161,502.04494653971904,6879.516630596054,0.00038052722251591013,53.00391121170313,5.837932220678908,185.3701141934446,22.757849324722894
15 Jul 2026 01:05:00.000000000,-5583.423792307338,-2771.286861146687,-2905.292137492337,4.401330465717637,-3.4592271376886217,-5.160998622725706,0.006840676551446477,0.0033987593226203427,0.0035740640949578793,-25.260997469534896,-102.38923940895512,502.89549575400724,6878.808249561025,0.00026706834729728986,53.001683621384416,5.836316950662702,185.49091945089106,26.444245123811022
15 Jul 2026 01:06:00.000000000,-5307.226363066849,-2972.576418351587,-3208.298689001174,4.8018672394667234,-3.2479806148365733,-4.935522455552407,0.006499988548197382,0.0036442636430378357,0.003945178191821603,-28.086507174424675,-99.7764131377888,503.7858055401628,6878.053190112918,0.0001540665468868739,52.99930773955196,5.834319315480414,178.29472135907156,37.447611135238205
15 Jul 2026 01:07:00.000000000,-5007.626934250469,-3160.7586253112913,-3497.118802062707,5.181113899851989,-3.022477765134455,-4.688293441068605,0.00613080237738413,0.0038735291608657492,0.004298601122893548,-30.847692263287318,-97.01210643547203,504.70241874146717,6877.264801684356,7.177743767602113e-05,52.99682534638682,5.831918120873276,131.30626262730956,88.24321904395885
15 Jul 2026 01:08:00.000000000,-4685.953240723086,-3335.0079253934514,-3770.4800612438794,5.537409724068893,-2.783722314494568,-4.420418745435119,0.005734804261762084,0.004085572905059956,0.004632799252480592,-33.5332296435972,-94.07326008807927,505.6313656802636,6876.457007906756,0.00013080127157067998,52.994280089020556,5.829099293138833,67.43008358842447,155.92654072318726
15 Jul 2026 01:09:00.000000000,-4343.62955891092,-3494.560707659809,-4027.1791876425013,5.869198469602677,-2.53277457404009,-4.1330948187684715,0.005313790875825202,0.004279493555012176,0.004946332560044561,-36.13014385688156,-90.93517223160035,506.5584031517571,6875.644059941843,0.00024381213388241355,52.9917167117261,5.825856124226092,56.285562861867994,170.878207438826
15 Jul 2026 01:10:00.000000000,-3982.170244816845,-3638.718553055276,-4266.087224501628,6.175034712834746,-2.2707464544160483,-3.8276016234068497,0.004869659541097289,0.004454474281803987,0.005237859763524628,-38.62354337784034,-87.5718467224541,507.46925710176663,6874.8402849058975,0.00036093812329529156,52.98918026726226,5.8221893870216865,55.3711206804819,175.59980644192507
15 Jul 2026 01:11:00.000000000,-3603.172909413679,-3766.851176687839,-4486.154367688764,6.4535895961135505,-1.998796326088545,-3.505296576245653,0.0044043983298643705,0.004609785037243914,0.005506142720144281,-40.99636829633099,-83.95670910268544,508.3498646848872,6874.05983384458,0.0004754875900490482,52.98671532324895,5.818107318944747,57.24231056872721,177.5357892622814
15 Jul 2026 01:12:00.000000000,-3208.3112670222804,-3878.3990579387596,-4686.414425143752,6.703655980878612,-1.718123757683961,-3.1676082474844907,0.00392007617930849,0.004744784328776946,0.0057500501410483905,-43.22918740182639,-80.06384582471736,509.18661151370895,6873.316433668027,0.0005847331140677277,52.98436517751883,5.813625474227101,60.23106915922838,178.35422191633836
15 Jul 2026 01:13:00.000000000,-2799.3276922521563,-3972.8757519917863,-4865.988891871916,6.9241530101539075,-1.4299641618528214,-2.81602985552587,0.0034188331043528294,0.0048589205274038585,0.005968560670020996,-45.300104781250646,-75.86993737636446,509.9665600941086,6872.623147332693,0.0006867328901085608,52.982171096216334,5.8087664476051435,63.773217389427735,178.61928378660912
15 Jul 2026 01:14:00.000000000,-2378.0255207411865,-4049.8698780465575,-5024.090629359473,7.114130088444915,-1.1355833752099171,-2.4521125945203734,0.0029028705779210974,0.004951732759385174,0.0061607653841204285,-47.18486211964394,-71.35702563610042,510.6776656866225,6871.992146362888,0.0007798553153006737,52.98017158800001,5.803559474331959,67.62767545985983,178.5720527892103
15 Jul 2026 01:15:00.000000000,-1946.261128329834,-4109.046780982051,-5160.02714037767,7.272770290683383,-0.8362721957197617,-2.0774588273434706,0.0023744421291991215,0.005022851435893534,0.006325869781135255,-48.85724644101729,-66.51613754917803,511.30897612846763,6871.434499547358,0.0008626763567178709,52.97840172705748,5.798039913668814,71.67507895135806,178.33188942936928
15 Jul 2026 01:16:00.000000000,-1505.9358225307242,-4150.149864532648,-5273.2034320000585,7.399393214302092,-0.5333408976474675,-1.6937151727992554,0.0018358441906395169,0.005071998474984105,0.006463195321789105,-50.28992019402668,-61.35153594687707,511.85081248553394,6870.959981332534,0.0009339593356058321,52.976892536774685,5.792248624954315,75.8501105448886,177.96410529753706
15 Jul 2026 01:17:00.000000000,-1058.98757925701,-4173.001595150676,-5363.124461270412,7.493457289788979,-0.2281137409891721,-1.3025655117728725,0.0012894072049383664,0.005098987267704556,0.00657218059401871,-51.45575990767769,-55.88497232214616,512.2949277689884,6870.576903071219,0.0009926575606604281,52.97567044482988,5.7862312472814095,80.11440486370802,177.50705848195358
15 Jul 2026 01:18:00.000000000,-607.3826568400677,-4177.504176649152,-5429.397159326921,7.554561565199237,0.07807651069551758,-0.9057239330889555,0.0007374869849729528,0.005103722436000707,0.006652382163579745,-52.329698886264396,-50.1588588164805,512.6346413389224,6870.291969880568,0.0010379232783548132,52.97475681922393,5.780037395440725,84.444253398802,176.9844489315424
15 Jul 2026 01:19:00.000000000,-153.1071184443592,-4163.6398964714235,-5471.732030923817,7.582446979186665,0.3838940528054867,-0.5049276361570786,0.00018245630312242796,0.005086199423134942,0.006703475168357532,-52.89091364848712,-44.23698648410312,512.8649470208285,6870.110165423903,0.0010691172663846646,52.97416759333817,5.773719786297721,88.82447602245327,176.41144725856046
15 Jul 2026 01:20:00.000000000,301.84170679749576,-4131.471145039906,-5489.94432721319,7.576997135275445,0.6880054735206115,-0.1019298043098806,-0.0003733033273964311,0.005046503949863185,0.006725253705665235,-53.12500952825599,-38.201620365706894,512.9825933746622,6870.034666464208,0.0010858167762272646,52.97391298654977,5.767333310902315,93.24513484400582,175.7979812203726
15 Jul 2026 01:21:00.000000000,755.4637944330891,-4081.140110119867,-5483.954790405014,7.538238587506364,0.9890851516589756,0.3015075399752631,-0.0009274097279240144,0.0049848113590316755,0.006717631049296908,-53.02573371724674,-32.14670052713763,512.9861349760231,6870.066788548653,0.0010878207741781972,52.97399732526259,5.76093406864839,97.69966658306195,175.15060369921105
15 Jul 2026 01:22:00.000000000,1205.7649979122,-4012.868148547812,-5453.789969513863,7.466340644432433,1.2858206122323217,0.7036206884601092,-0.0014774880421668112,0.004901385862072592,0.0066806397217933225,-52.59577205928602,-26.168252351999907,512.8759539924467,6870.205963681532,0.0010751519635644018,52.97441896745695,5.754578380374302,102.18376990265135,174.4736057292997
15 Jul 2026 01:23:00.000000000,1650.7655957436918,-3926.9548380246306,-5399.582106939693,7.36161469496121,1.576917833993861,1.1026514009175963,-0.002021178696474361,0.004796579689309554,0.006614431432548041,-51.84640339671111,-20.35427291561712,512.6542517627996,6870.449750330375,0.0010480553394871868,52.975170332053175,5.748321797728982,106.69471641446133,173.76970585309854
15 Jul 2026 01:24:00.000000000,2088.5087838830864,-3823.776712030336,-5321.568596092321,7.224513055933499,1.8611065029582317,1.4968540511530322,-0.0025561453919277473,0.0046708321349031865,0.006519276877524697,-50.79611102053234,-14.776592515601415,512.3250105128095,6870.793875595639,0.001006993187007148,52.97623803255553,5.742218126129792,111.23091007634552,173.0404910789104
15 Jul 2026 01:25:00.000000000,2517.069084594532,-3703.7856812988703,-5220.091010766809,7.055627337860366,2.137145205089406,1.8845027565474222,-0.0030800831837584845,0.004524668477913304,0.006395565383350809,-49.46852803446886,-9.48635698851976,511.89392576461137,6871.23230886141,0.0009526365445241092,52.97760311262349,5.736318478446861,115.79159729739067,172.28670711762675
15 Jul 2026 01:26:00.000000000,2934.560642702288,-3567.50714574446,-5095.593707532073,6.855686322126225,2.403826549919906,2.2638984809170286,-0.0035907266958131994,0.00435869875123957,0.006243804364566865,-47.89019997356108,-4.5133884124643355,511.368310420978,6871.757365739828,0.0008858532406034152,52.97924137944005,5.730670375944486,120.37667023262188,171.50845540974072
15 Jul 2026 01:27:00.000000000,3339.145379665843,-3415.5378012797255,-4948.622003065398,6.625553340418413,2.659982214942667,2.633376098248356,-0.004085858506290544,0.004173616321871608,0.006064618550199367,-46.08857345027543,0.13146562707568227,510.7569719246008,6872.359840630682,0.0008076926852759246,52.98112382904059,5.725316912279273,124.9865264470672,170.70533375646974
15 Jul 2026 01:28:00.000000000,3729.0409752924825,-3248.5431466469686,-4779.8199291914025,6.366223145359546,2.9044878982530378,2.991311401975725,-0.004563317727483049,0.003970196241011448,0.00585874892753559,-44.090445951541575,4.452361967762406,510.07006430713085,6873.029165745995,0.0007193676603783388,52.98321715616089,5.720295995164046,129.62195662573282,169.87654887251614
15 Jul 2026 01:29:00.000000000,4102.528646167699,-3067.254696229988,-4589.927569423602,6.078818260482451,3.1362681642400823,3.336128041007032,-0.005021008784609215,0.003749293316859011,0.005627051341003228,-41.92093725539572,8.46410884573901,509.3189173476837,6873.75359400355,0.0006222334096553256,52.985484339686856,5.71563967901594,134.284028086553,169.0210330976786
15 Jul 2026 01:30:00.000000000,4457.960689267488,-2872.466905766543,-4379.777982004406,5.764584797799994,3.3543011643487484,3.6663043600025444,-0.005456910382293134,0.00351183986312226,0.005370494682313777,-39.60292470011088,12.188241943259083,508.5158454520043,6874.520402779871,0.0005177643787054562,52.98788529346738,5.711373600281944,138.97390188015365,168.13762747945302
15 Jul 2026 01:31:00.000000000,4793.767758384723,-2665.033819114057,-4150.293715987775,5.424887732628094,3.5576232119619142,3.980380117271996,-0.005869084626387503,0.003258843074883921,0.005090158603294714,-37.15683183805267,15.64990302001636,507.6739392349747,6875.316115139044,0.00040752899748743135,52.99037757110512,5.707516525388004,143.69240052968232,167.22551416854785
15 Jul 2026 01:32:00.000000000,5108.465840587534,-2445.8654454989023,-3902.48292857227,5.061205627685051,3.745333187770695,4.276963049790983,-0.006255686250811293,0.002991381987841598,0.004787230686600609,-34.600654789881624,18.875582534478344,506.8068431333417,6876.12673482592,0.00029316293465097095,52.992917112394025,5.7040800192667165,148.43857671861642,166.28564781682098
15 Jul 2026 01:33:00.000000000,5400.662899472474,-2215.9238782090397,-3637.4351138847614,4.675124802137237,3.9165967494318554,4.554735250953097,-0.006614971880190352,0.0027106039819109274,0.004463003013383831,-31.950129695308462,21.89162036462273,505.9285226835286,6876.937991038103,0.00017634128951437376,52.995459018336554,5.701068240310121,153.20255743674184,165.3279114649765
15 Jul 2026 01:34:00.000000000,5669.065151879235,-1976.2191673099937,-3356.3164555824346,4.26833294591182,4.070650317200033,4.812459323263955,-0.006945309241731546,0.002417720797442392,0.004118868074765088,-29.21897086427669,24.72329865188992,505.0530253618577,6877.735588777535,5.8750376836876534e-05,52.99795834116517,5.69847786543786,157.872605028556,164.4640554744722
15 Jul 2026 01:35:00.000000000,5912.482944914838,-1727.8049607196344,-3060.3648180089504,3.84261218523992,4.206804805593074,5.048984265302937,-0.0072451862251844525,0.0021140040421966434,0.00375631398493679,-26.419133357216772,27.39436176943553,504.19423909096673,6878.505460435484,5.7943122186872474e-05,53.000370875521114,5.696298146627404,343.2614163403186,342.88139830703886
15 Jul 2026 01:36:00.000000000,6129.836200693062,-1471.7739297972855,-2750.8843931554375,3.3998316118381497,4.3244490701542455,5.263251050120437,-0.0075132196774904386,0.0018007801780968273,0.0033769189668714106,-23.561072384961314,29.92682586180659,503.36565265704377,6879.234014191191,0.00017211338191091096,53.00265393690965,5.694511098025871,348.022970179472,341.92597893868896
15 Jul 2026 01:37:00.000000000,6320.159397153658,-1209.2529974739716,-2429.240023293867,2.941939295218971,4.423053038072646,5.4542978509342195,-0.0077481638097857755,0.0014794249890752373,0.002982345096570201,-20.653984899121287,32.340974134780296,502.58012234760474,6879.908374807958,0.0002822124653287772,53.00476711376244,5.693091810422258,352.97385833809807,340.7812256581065
15 Jul 2026 01:38:00.000000000,6482.606054728022,-941.3983888077827,-2096.851221812601,2.4709538051066575,4.502170491894492,5.621264869646939,-0.00794891809024903,0.0011513575446643145,0.0025743313091432314,-17.70602709019921,34.65546463410031,501.8496491014691,6880.516612495762,0.0003867893436704359,53.00667297988291,5.69200888767242,358.0033280435747,339.5579133887553
15 Jul 2026 01:39:00.000000000,6616.45270047129,-669.3905256654705,-1755.1859174320919,1.988955278605657,4.561441476818643,5.763398724399749,-0.008114534494361012,0.0008180336871115849,0.002154685686906654,-14.724506520588495,36.88750147472837,501.18517035409644,6881.047955675994,0.0004845164198854382,53.00833775473334,5.691224997461604,3.1048648121387035,338.2625805623997
15 Jul 2026 01:40:00.000000000,6721.102283595668,-394.42878893308324,-1405.7539495504172,1.4980760743529187,4.600594304141241,5.880056354139748,-0.008244223988777104,0.00048093908318171054,0.001725277068313951,-11.716050414931054,39.05303826324422,500.5963705598341,6881.4929837352265,0.0005742113266576658,53.00973189991845,5.69069752687038,8.28220351879181,336.8915177348443
15 Jul 2026 01:41:00.000000000,6796.087019094792,-117.72617323292823,-1050.1003448986385,1.0004910631581068,4.619447126249359,5.970708401009059,-0.008337362131379563,0.0001415818942489675,0.0012880260334862214,-8.68675304722924,41.1669948652799,500.0915140759154,6881.843796184286,0.0006548563499074852,53.01083064132706,5.6903793312668824,13.542244957988219,335.4378506744757
15 Jul 2026 01:42:00.000000000,6841.070639324723,159.49613950881434,-689.7984079150867,0.4984076113279291,4.617909062126352,6.034942035216708,-0.008393493681907619,-0.00019851487033526073,0.0008448953389162581,-5.642305774897185,43.24347701701455,499.67730370509,6882.094155045669,0.0007256149605109788,53.01161440768313,5.690219563459463,18.8937717354025,333.89282408901806
15 Jul 2026 01:43:00.000000000,6855.850036956995,436.01426015265963,-326.4426592164247,-0.00594468122630645,4.595980856526175,6.072463191852405,-0.008412336133730738,-0.0005378212418586778,0.0003978798887803847,-2.588113444482078,45.295993727063376,499.3587677195848,6882.239597767487,0.0007858451579665159,53.0120691777138,5.690164568570046,24.347210379159918,332.2460391084185
15 Jul 2026 01:44:00.000000000,6840.356286592268,710.6070977365989,38.35834180073036,-0.5103244211051592,4.553755060700685,6.083098194727754,-0.008393782093258745,-0.0008748083402053114,-5.1003657231283156e-05,0.4705991389849373,47.33767086376457,499.13917763950064,6882.277518497611,0.000835109391362728,53.0121867297363,5.690158828969942,29.91469299353735,330.485391207651
15 Jul 2026 01:45:00.000000000,6794.655036452853,982.0618612212905,402.98925289239287,-1.0124889690319623,4.491415727691426,6.066794748640155,-0.008337900456898075,-0.0012079564932660207,-0.0004997275295558394,3.5286870907907795,49.38146141600314,499.0199984257272,6882.207216137046,0.0008731808781567385,53.011964789173426,5.6901459426441034,35.610243263493885,328.5968837682286
15 Jul 2026 01:46:00.000000000,6718.9462658866105,1249.1795283920048,765.8352451908468,-1.5102050218067014,4.40923762058586,6.023622288276325,-0.008244936355564092,-0.0015357633364342263,-0.000946263630837974,6.5809881824105725,51.440354079039054,499.0008720880708,6882.029908213641,0.0009000461937138352,53.01140707129683,5.690069617817713,41.450034744397435,326.56436935146803
15 Jul 2026 01:47:00.000000000,6613.563408833168,1510.7802527740143,1125.2893009817656,-2.0012591543982263,4.307584937633099,5.953771679116134,-0.00811530986178491,-0.0018567518007528202,-0.001388594333861338,9.62222499313728,53.52758230153704,499.0796350202427,6881.7487102626965,0.0009159040510759203,53.01052321833866,5.6898746662855055,47.452701646764986,324.36923848120523
15 Jul 2026 01:48:00.000000000,6478.971847842191,1765.708679821602,1479.7594742331278,-2.4834682483531756,4.186909563557792,5.8575542729613,-0.007949613477868307,-0.0021694779002574844,-0.001824723174413301,12.646903022320961,55.656835843942005,499.2523686754777,6881.368581056109,0.0009211602255070141,53.009328631973204,5.689507977955732,53.63968908422016,321.99006897526385
15 Jul 2026 01:49:00.000000000,6315.7667876097175,2012.8391443497228,1827.67607543965,-2.9546897344810907,4.047748861649243,5.735400327890791,-0.0077486084460783086,-0.002472538233761254,-0.002252685321281166,15.649201232462278,57.842476220438556,499.5134825085063,6880.896234669704,0.0009164185941123679,53.00784420401649,5.688919459367179,60.035625543071454,319.40225307463425
15 Jul 2026 01:50:00.000000000,6124.67052122883,2251.080722202851,2167.4987431314403,-3.412831580911347,3.8907230260848102,5.587856809333077,-0.007513219944449202,-0.002764577123650799,-0.0026705577123073304,18.62285138109733,60.09975597391383,499.8558274516483,6880.340021006692,0.0009024682464570671,53.00609594999487,5.688062919586081,66.66868766126505,316.57763228968815
15 Jul 2026 01:51:00.000000000,5906.529106359475,2479.3821104533513,2497.7233655785326,-3.855861961988661,3.716532018340631,5.415584595351872,-0.007244531250395084,-0.003044293323169066,-0.003076468754652998,21.56100240015956,62.445039259853935,500.27083758252365,6879.709776988058,0.0008802665630641476,53.004114551954856,5.68689688776475,73.57090492613335,313.4841923606933
15 Jul 2026 01:52:00.000000000,5662.30847223786,2696.7363119718175,2816.8888177701256,-4.281818548935947,3.5259521153284186,5.219355114994101,-0.0069437769714456934,-0.0033104462348274985,-0.00346860749990442,24.456066089116113,64.89601719596102,500.74869709428043,6879.016651166541,0.0008509180372834926,53.00193481850288,5.685385347848297,80.77831673136654,310.0859058983577
15 Jul 2026 01:53:00.000000000,5393.08998180941,2902.1851019672727,3123.5834806174057,-4.688817369575015,3.319832099982484,5.000046453496237,-0.006612335455798787,-0.0035618615950342067,-0.003845232219222592,27.299540665192076,67.47190513973857,501.2785292093626,6878.272905007156,0.0008156484144758197,52.99959507153973,5.683498377358015,88.33084370844833,306.3428607946914
15 Jul 2026 01:54:00.000000000,5100.065476233127,3094.8232560131983,3416.45151147075,-5.075061191439423,3.0990891273396093,4.75863896217035,-0.006251720504057577,-0.003797436592735554,-0.004204678319503254,30.081809530534517,70.19359948635216,501.8486032941791,6877.491694494869,0.0007757734330455902,52.99713647046698,5.681212678850026,96.27167008646525,302.21187765507614
15 Jul 2026 01:55:00.000000000,4784.531831534513,3273.802521109483,3694.1988373988384,-5.438847390102405,2.864704300666961,4.496210413810316,-0.005863572509847473,-0.004016144404199169,-0.0045453655594025815,32.79191440379764,73.08375748494704,502.4465561409956,6876.686836071929,0.0007326611005313643,52.99460228576705,5.678511994524045,104.64586486428085,297.64788847152596
15 Jul 2026 01:56:00.000000000,4447.88505925567,3438.3353134358663,3955.598845188812,-5.778575272228933,2.617717992886165,4.2139307464252616,-0.005449649157271007,-0.004217038138866629,-0.0048658045412377435,35.41730538032168,76.16674363456504,503.05962318741365,6875.872561167393,0.0006876861312655357,52.99203713477388,5.675387396552604,113.49792955255734,292.6063887827445
15 Jul 2026 01:57:00.000000000,4091.613984566496,3587.698128567256,4199.497744628854,-6.092752830483593,2.3592249484498566,3.913056439016491,-0.005011815800331084,-0.004399254204426638,-0.005164602472432384,37.94357647187193,79.46835958156167,503.6748753421296,6875.063263757082,0.0006421751715581555,52.989486193139875,5.6718374478416,122.86801969159703,287.0472161171417
15 Jul 2026 01:58:00.000000000,3717.2935364585805,3721.2346520194315,4424.819584265431,-6.380002914753683,2.0903691999808163,3.594924562998058,-0.0045520356429544235,-0.004562015111137856,-0.005440468207027794,40.35420495231297,83.0152419028988,504.2794570745545,6874.2732454820525,0.0005973422403388182,52.986994395955506,5.667868230304333,132.78686328472622,280.9396315802283
15 Jul 2026 01:59:00.000000000,3326.577685385136,3838.358560004444,4630.570901427084,-6.639068810936505,1.8123388324944152,3.2609465517922565,-0.00407235982649916,-0.004704631745137066,-0.0056922165921073345,42.63032770842024,86.83377850546944,504.860821499006,6873.516462859849,0.0005542161399274498,52.984605642679995,5.663493239950837,143.27002563489387,274.2680550988468
15 Jul 2026 02:00:00.000000000,2921.1920640441003,3938.5560022010272,4815.844990818853,-6.8688192246130395,1.5263606259421678,2.9126017292159823,-0.0035749175194148266,-0.004826505149725927,-0.005918772158061519,44.75060857780551,90.94837210510141,505.4069583334819,6872.806281046359,0.0005135660964216897,52.98236201999175,5.658733150638485,154.31318287645234,267.03679202937144
15 Jul 2026 02:01:00.000000000,2502.926307013334,4021.387760107101,4979.825778369464,-7.068252672093491,1.2336946043249544,2.551430634648669,-0.003061906086243429,-0.004927127858933296,-0.006119172201019269,46.691276371429424,95.37889323563468,505.90661082885833,6872.155238453235,0.0004758383789963549,52.98030305636558,5.653615450499988,165.89119758477253,259.27095774532455
15 Jul 2026 02:02:00.000000000,2073.626144656432,4086.49107616333,5121.791289216319,-7.236501285473709,0.935628516798171,2.1790281798006848,-0.002535581396394468,-0.005006084832477051,-0.006292569314497665,48.426438930129926,100.13725524824075,506.34947803709446,6871.574826301112,0.00044112305423231365,52.9784650216343,5.648173957466789,177.9643315347199,251.01026513049155
15 Jul 2026 02:03:00.000000000,1635.1852862223086,4133.581150267589,5241.116700713249,-7.3728340413848645,0.6334722732299617,1.7970366683609416,-0.001998248313471867,-0.005063054041704637,-0.0064382334306310315,49.928792353126845,105.22325736762808,506.72639910616886,6871.075286898239,0.0004091723233402225,52.976880284005546,5.642448222341854,190.4940324415234,242.29323814018812
15 Jul 2026 02:04:00.000000000,1189.5371263971615,4162.452301564024,5337.276973123926,-7.476659425035492,0.3285523536665002,1.4071387060865896,-0.001452251387833144,-0.005097806756226882,-0.006555553434001831,51.17082649426254,110.62020579531833,507.0295166459317,6870.665434086477,0.0003794865119722715,52.97557673599327,5.6364828300236445,203.46826322539155,233.13188288463388
15 Jul 2026 02:05:00.000000000,738.6463088357539,4172.978794464483,5409.849052214515,-7.54752754193842,0.022206208308157314,1.0110500251978092,-0.0008999657562921596,-0.005110207576757318,-0.006644038408027823,52.12655422738964,116.29128599316208,507.25241659408226,6870.352498896984,0.000351472019322428,52.97457729950497,5.630326611191228,216.93350439348524,223.4796856353461
15 Jul 2026 02:06:00.000000000,284.5001794426743,4165.115328777864,5458.513639287328,-7.585131689462418,-0.2842233380085896,0.6105122434508395,-0.0003437882364083846,-0.0051002142547363506,-0.006703318569560149,52.773650552508315,122.1780309003478,507.39024241731744,6870.142003016232,0.00032466517547288315,52.97389951892273,5.6240317784460325,231.0287804800637,213.19758680751698
15 Jul 2026 02:07:00.000000000,-170.89983857775556,4138.897194587869,5483.056525325072,-7.589309399155154,-0.589393665072811,0.20728557510725434,0.00021387141160325582,-0.00506787733200265,-0.00673314593952134,53.095701899380245,128.20219055239835,507.439781903714,6870.037662184073,0.0002990155671659934,52.97355524945294,5.617653002194273,246.01490244025268,202.02473901648492
15 Jul 2026 02:08:00.000000000,-625.5469163606432,4094.4400931742603,5483.369486849935,-7.560042958793427,-0.8919679102105423,-0.19685849143793746,0.0007705990941218178,-0.005013339625165219,-0.006733394787517689,53.08411098074214,134.27158802885847,507.3995252333588,6870.041321140286,0.00027522853466293174,52.973550446324275,5.611246442720268,262.281626586699,189.57134861091734
15 Jul 2026 02:09:00.000000000,-1077.4375068974973,4031.9396258236893,5459.4507419330075,-7.497459420545617,-1.1906204861083245,-0.6001445367605287,0.001323984911680814,-0.004936835569053002,-0.006704061875780346,52.73918120672634,140.28923066088973,507.269693451732,6870.152921207648,0.0002551435595983696,52.97388505861629,5.604868755627702,280.28125617281097,175.38507457273275
15 Jul 2026 02:10:00.000000000,-1524.5800176383436,3951.6704528898126,5411.404965471437,-7.40183009863102,-1.4840425552052987,-1.0008005625519087,0.0018716316563235319,-0.004838690424101012,-0.006645266515679014,52.070077000236424,146.1636276081872,507.05223691147313,6870.370501058152,0.00024197894691436978,52.974553029634976,5.598576088336361,300.2810074267719,159.19866297069603
15 Jul 2026 02:11:00.000000000,-1965.0034376847818,3853.9851259501843,5339.442863533907,-7.2735695567329826,-1.7709474523922664,-1.3970653416339145,0.002411163331473164,-0.004719319341479731,-0.006557250435438342,51.093671556600476,151.8177325369497,506.7508036915435,6870.690230660677,0.00023993572418547996,52.97554240385015,5.592423085467823,321.8832933035842,141.40966369304908
15 Jul 2026 02:12:00.000000000,-2396.7658889332342,3739.3125964192554,5243.880307232771,-7.113234082340669,-2.050076047055662,-1.7871957541376862,0.0029402337433978793,-0.004579226270021612,-0.006440377444255254,49.83260312552672,157.1945351181846,506.3706784459055,6871.106477857843,0.00025262358383159445,52.97683553850611,5.586461920832939,343.7231000271233,123.383054379294
15 Jul 2026 02:13:00.000000000,-2817.963070276868,3608.1564045458144,5125.137027303453,-6.9215196424237275,-2.320202034273832,-2.1694740968651716,0.003456535206818828,-0.00441900267973028,-0.006295132864731329,48.313020282915105,162.2586688120769,505.9186925763814,6871.61190647834,0.0002811308384292096,52.978409416148686,5.580741373247646,4.072453964468891,106.8467740012559
15 Jul 2026 02:14:00.000000000,-3226.7365635555693,3461.092553383895,4983.734871395308,-6.699259312593878,-2.5801371432214726,-2.5422153508149252,0.003957807396448286,-0.004239326068853207,-0.006122122693827942,46.56246342366042,166.99469151193858,505.40310706280053,6872.197604360033,0.0003237560398898239,52.98023605250771,5.575305962604767,21.894811956534042,92.837332962123
15 Jul 2026 02:15:00.000000000,-3621.2819694091036,3298.767073106107,4820.295627048921,-6.447420170376207,-2.8287362486674175,-2.903774389163496,0.004441846363070612,-0.0040409582155022826,-0.005922072442773488,44.60816939484099,171.4033669410606,504.8334697166422,6872.853239151265,0.0003774155460350706,52.982282992473785,5.570195161544482,37.095594579691365,81.44928023194089
15 Jul 2026 02:16:00.000000000,-3999.8568405821065,3121.8932819477386,4635.538414492956,-6.167099642567925,-3.0649023689747596,-3.2525531047686216,0.004906513716413085,-0.003824743130365853,-0.0056958255984398826,42.47590168928376,175.4972753618939,504.2204490472559,6873.567239275705,0.0004389376994887727,52.984513885334415,5.565442696794988,50.07483973060914,72.28255012101027
15 Jul 2026 02:17:00.000000000,-4360.788379669545,2931.2487511218237,4430.2766547275205,-5.859521296985734,-3.2875915313735273,-3.5870074327284334,0.005349745960288833,-0.003591604665816932,-0.005444341644854702,40.18927158944302,179.29669512854906,503.5756473376711,6874.326997001061,0.000505539734567444,52.98688912902419,5.561075952535605,61.322730341093354,64.84693487933747
15 Jul 2026 02:18:00.000000000,-4702.480867575442,2727.671982357324,4205.414620032544,-5.526030070483015,-3.4958174824792367,-3.905654239599211,0.00576956394493438,-0.0033425437360970513,-0.005168693580197127,37.769446462236274,-177.17376403131595,502.91139591441015,6875.11909014878,0.0005748375405563326,52.989366571912505,5.5571154863792955,71.25616927884467,58.7255100602992
15 Jul 2026 02:19:00.000000000,-5023.422788779255,2512.058807991605,3961.9435757412484,-5.168086927525441,-3.688656219589946,-4.207078047324057,0.006164082385033034,-0.00307863510781425,-0.004870064868541735,35.235126276901674,-173.88764918139378,502.24053595325853,6875.929518631232,0.0006447393891835061,52.99190225963502,5.55357466656324,80.19092039474025,53.602493685382356
15 Jul 2026 02:20:00.000000000,-5322.193619027,2285.358525206539,3700.937524276909,-4.7872629474972515,-3.8652503157905302,-4.489937556115951,0.006531519371506622,-0.002801023723906344,-0.004549745768346801,32.602684550170885,-170.8183508421578,501.5761884836607,6876.74395170929,0.0007133542678726392,52.99445121367467,5.5504594367131865,88.35738872926711,49.24746619343317
15 Jul 2026 02:21:00.000000000,-5597.470241218407,2048.569777611641,3423.5485646455186,-4.385232843584266,-4.024813010017683,-4.752971927450059,0.006870205789450044,-0.002510920532543783,-0.00420912898880649,29.8863958556936,-167.94014853963048,500.93151752718927,6877.5479816368315,0.000778937216657439,52.99696822784292,5.547768212333668,95.92277196192381,45.493219088936414
15 Jul 2026 02:22:00.000000000,-5848.032955557453,1802.7361991808746,3131.001883026468,-3.9637679218285036,-4.166632031757162,-4.995006785638383,0.007178594539739495,-0.00220959780176679,-0.003849704635723503,27.098697509975747,-165.2287860467024,500.3194905207461,6878.327379204562,0.0008398644720123118,52.99940866850249,5.545491910772326,103.009353291097,42.21746210076133
15 Jul 2026 02:23:00.000000000,-6072.771050752642,1548.9418373933418,2824.590392667556,-3.524728495453789,-4.290073129222594,-5.214959894548872,0.007455269450020136,-0.0018983839118228223,-0.0034730544219370315,24.250453427764736,-162.66172346158353,499.75264032262197,6879.068346619553,0.0008946280104100687,53.00172926431767,5.5436141140707464,109.70771663760786,39.3296079582041
15 Jul 2026 02:24:00.000000000,-6270.6879041759175,1288.3063743134535,2505.66904394427,-3.0700557766821857,-4.394583269738455,-5.411846464979945,0.007698953752628614,-0.0015786576295541022,-0.0030808451327829405,21.35120262963165,-160.21817940539995,499.2428331696147,6879.757763164435,0.0009418415825629485,53.00388887151797,5.5421113616859605,116.08587578283743,36.761643174457234
15 Jul 2026 02:25:00.000000000,-6440.905580459539,1021.9801662003924,2175.648828126625,-2.6017632757536946,-4.479693481702765,-5.584784048123219,0.007908518002539845,-0.0012518418822846595,-0.0026748213539765702,18.409384360402797,-157.87904439463853,498.8010469378731,6880.383419172714,0.0009802529900718394,53.00584920111118,5.540953567847569,122.19549856718578,34.46190371378937
15 Jul 2026 02:26:00.000000000,-6582.668900031714,751.13912404631,1835.990501049602,-2.121927744509949,-4.545021308944609,-5.732996971511819,0.008082987308222342,-0.0009193970622303138,-0.002256797487070471,15.432537553970068,-155.62672026316244,498.43716395302795,6880.934234037155,0.001008759227970812,53.00757549517263,5.540104556015431,128.07614171347285,32.39083998081997
15 Jul 2026 02:27:00.000000000,-6695.348951574478,476.9794591263451,1488.1980554410322,-1.6326797094292715,-4.590272850542983,-5.855820275892246,0.008221547752351411,-0.0005828139054635851,-0.0018286490956421662,12.427475660301512,-153.4449210054417,498.1597823922322,6881.400454233295,0.0010264223045880906,53.00903714025814,5.539522700887877,133.75812396059166,30.518143450466884
15 Jul 2026 02:28:00.000000000,-6778.446025309145,200.71231917852327,1133.8119730590838,-1.1361936461671716,-4.615244362190843,-5.9527031145665905,0.00832355188711342,-0.000243606002041592,-0.0013923036427792438,9.400439554906155,-151.31845666866775,497.97605002201567,6881.773827689047,0.0010324842899191835,53.010208207119526,5.539161666469883,139.26444303079452,28.82082941990545
15 Jul 2026 02:29:00.000000000,-6831.591947347989,-76.44165784580643,774.40228997048,-0.6346778542053207,-4.619823398922476,-6.023211580880155,0.008388523202290903,9.669799488932419e-05,-0.0009497306970474266,6.357232020081541,-149.23301261124845,497.89152362393105,6882.047751257267,0.001026380615289373,53.011067907224444,5.538971227070248,144.611981692113,27.282030626482488
15 Jul 2026 02:30:00.000000000,-6854.5517990493,-353.2578444295709,411.56151019880303,-0.13036409592477458,-4.603989483379288,-6.067030934592356,0.008416159478285945,0.0004365623837035752,-0.0005029316983623367,3.3033375395526825,-147.1749303338497,497.910056980732,6882.2173885425,0.0010077509661659207,53.0116009580703,5.538898156575062,149.81212652127846,25.890378132312318
15 Jul 2026 02:31:00.000000000,-6847.22500932153,-628.5131497067341,46.897404543064184,0.3745029309204982,-4.567814288665486,-6.0839672037430494,0.008406334957008502,0.0007744525677078882,-5.392938788684848e-05,0.24403114491449543,-145.13099219550978,498.0337197407824,6882.279755888849,0.00097644734994146,53.01179785091184,5.538887170230623,154.8708129077622,24.639955941544038
15 Jul 2026 02:32:00.000000000,-6809.6458120704865,-900.9915419100444,-317.97426743627705,0.8776762148944466,-4.511461330102226,-6.0739481451606,0.008359101283517419,0.001108843257281656,0.0003952429846464692,-2.8155200496168336,-143.08820993911291,498.2627488589575,6882.233774937505,0.0009325391332723599,53.011655016258864,5.5388819021838716,159.7878770718768,23.530948584375807
15 Jul 2026 02:33:00.000000000,-6741.983065396951,-1169.48953754355,-681.437073474734,1.3769170721879809,-4.435185165685604,-6.037023553774603,0.0082746871953738,0.0014382266279946777,0.0008425525561220548,-5.870159098038023,-141.0336155871852,498.59553364652896,6882.0802908001015,0.0008763150826169914,53.01117488431827,5.538825901489497,164.55538169089832,22.571315081152278
15 Jul 2026 02:34:00.000000000,-6644.539433647446,-1432.8216279244025,-1041.881223550678,1.8700057322954824,-4.339330110630237,-5.9733649181991035,0.008153496960270052,0.001761120342070645,0.0012859777249425934,-8.914641803302265,-138.9540526365064,499.0286347676065,6881.822055550801,0.0008082827948128889,53.01036583941772,5.538663628941719,169.15415762846422,21.780246798728463
15 Jul 2026 02:35:00.000000000,-6517.749937912839,-1689.825614233214,-1397.710844641793,2.3547517935581483,-4.224328476877934,-5.883264427435197,0.007996107586194847,0.002076075342973329,0.00172351888289684,-11.943536181296842,-136.8359654352769,499.55683681581013,6881.463677402273,0.0007291665788979197,53.00924206932384,5.538341437131013,173.54684177226366,21.195129201543562
15 Jul 2026 02:36:00.000000000,-6362.179884973516,-1939.367823023717,-1747.3511767197153,2.829004476243576,-4.090698353712641,-5.767133340795404,0.007803264852782727,0.0023816833385448067,0.002153208885630952,-14.951115307430694,-134.66518515789332,500.1732334121894,6881.011536582891,0.0006399064343880893,53.00782331222307,5.537808516429022,177.66324012479208,20.886178359964237
15 Jul 2026 02:37:00.000000000,-6178.522188921588,-2180.348175264598,-2089.2556523442,3.2906626043625944,-3.939040950497492,-5.625499740070509,0.007575878232560401,0.0026765838951930705,0.0025731231500900837,-17.931239946247985,-132.42671201776304,500.8693431032713,6880.47366955884,0.0005416652127237077,53.00613450593656,5.537017790247172,181.3667684296002,20.989999940561614
15 Jul 2026 02:38:00.000000000,-5967.594103674487,-2411.7050833833237,-2421.9128235457456,3.7376842521912783,-3.770037526904461,-5.4590056893515015,0.0073150147925607955,0.0029594710760039162,0.0029813892781751263,-20.877227263552296,-130.10449554155898,501.6352537250569,6879.859623833874,0.00043586601245769,53.00420534565636,5.535926743838733,184.36677860194092,21.79726241612984
15 Jul 2026 02:39:00.000000000,-5730.333388260782,-2632.420152420681,-2743.8531013759302,4.168095997313895,-3.5844459397252164,-5.268403833610466,0.007021892180354852,0.0032290995664377,0.0033761961183121996,-23.781701899027183,-127.68121831012192,502.4597923503155,6879.180286095378,0.0003243454394326347,53.00206975809473,5.534498172096538,185.94089975646935,24.030355709019293
15 Jul 2026 02:40:00.000000000,-5467.79393004963,-2841.522663245746,-3053.6552755098432,4.5800017287345645,-3.3830968383424516,-5.054553471988904,0.006697870814171589,0.0034842902445835237,0.0037558021922431332,-26.636425877572844,-125.13809421422388,503.3307174657784,6878.447686950268,0.00021008932006842736,52.99976530139644,5.532700833241948,183.7469047474403,30.031524357970223
15 Jul 2026 02:41:00.000000000,-5181.140853962116,-3038.0938177810453,-3349.9527835521653,4.971590965999436,-3.1668895431347024,-4.818416145624732,0.006344445403836409,0.0037239351662609298,0.004118543430905683,-29.432104497809032,-122.45470090046419,504.23492964239654,6877.674785897374,0.00010312686164444044,52.9973325014575,5.530509997011312,165.475365948993,52.11021148578718
15 Jul 2026 02:42:00.000000000,-4871.645148116898,-3221.2707282873967,-3631.4397021700584,5.341146653078665,-2.9367876424560433,-4.561050782689349,0.005963235935077933,0.00394700194930628,0.004462840181224754,-32.15816684017158,-119.60887887425815,505.1586966716631,6876.875240508795,8.398789183787724e-05,52.99481413639586,5.527907877782405,88.04339340538557,133.34932044214725
15 Jul 2026 02:43:00.000000000,-4540.677838302526,-3390.2501349186978,-3896.876434787643,5.687052398729257,-2.6938143443631186,-4.283608445062967,0.005555978249695805,0.004152537555084079,0.004787203463666458,-34.80252247603849,-116.57674799308334,506.08788894623586,6876.063164036007,0.0001846776662457239,52.99225448181279,5.5248839451294804,59.108566098684435,166.09128337734725
15 Jul 2026 02:44:00.000000000,-4189.703745134537,-3544.2918379231273,-4145.09507326352,6.007799142937609,-2.4390476189831123,-3.9873267217487167,0.005124514351341485,0.004339671478804026,0.005090240478764902,-37.351301192562055,-113.33291684398804,507.0082207631336,6875.2528758160515,0.00030130157292709804,52.98969853015501,5.521435106464916,54.99649933027378,174.01049375301682
15 Jul 2026 02:45:00.000000000,-3820.2748587552205,-3682.7218329939437,-4375.004413673971,6.301991236581164,-2.1736151663790158,-3.6735238137488473,0.004670782556994643,0.004507618371104217,0.005370659376534384,-39.78859121816644,-109.85099148987209,507.90549321789285,6874.458648928698,0.0004175975460481294,52.98719119792299,5.517565758682119,55.86588097768022,176.94827002977556
15 Jul 2026 02:46:00.000000000,-3434.0233665028336,-3804.9351403120263,-4585.594608973747,6.56835192841681,-1.8986892430608464,-3.343592353779757,0.004196807606336913,0.004655680125890571,0.005627273320326193,-42.09620483932784,-106.10452375778479,508.765834432289,6873.694459548375,0.0005297821379957686,52.984776534665585,5.513287707992214,58.42749915626364,178.19382800276566
15 Jul 2026 02:47:00.000000000,-3032.654369140969,-3910.3983197466514,-4775.941443854637,6.8057282597106505,-1.6154813780026362,-2.9989930019900606,0.003704690822658371,0.004783247475024156,0.005859003886656746,-44.25351943395323,-102.06856548506633,509.5759330074374,6872.973742350216,0.000635647360420095,52.98249694765217,5.5086199594884135,61.75227373686201,178.67624933351004
15 Jul 2026 02:48:00.000000000,-2617.938321064405,-3998.651666446783,-4945.210219514733,7.0130953720883875,-1.3252370062963441,-2.641247855913976,0.0031966004063545307,0.0048898011401429615,0.006064883857042649,-46.237466419838746,-97.7219926955532,510.32326080926464,6872.309156171154,0.0007334344650309668,52.98039245582153,5.503588380212242,65.48262292606857,178.75311506998256
15 Jul 2026 02:49:00.000000000,-2191.7032294276337,-4069.31108265373,-5092.65923825301,7.189560238394692,-1.0292300455188115,-2.271933709399597,0.0026747619202795656,0.00497491259294891,0.0062440594622129916,-48.022766684427374,-93.05069677214837,510.9962814632663,6871.712363901571,0.0008216222896640271,52.97849998607868,5.498225241764014,69.45305399522415,178.58991506644992
15 Jul 2026 02:50:00.000000000,-1755.826646460785,-4122.069622967674,-5217.642879783721,7.334364829410772,-0.7287574366801681,-1.8926751913823443,0.0021414490086682524,0.0050382444789423535,0.0063957921462484205,-49.58252892830578,-88.05156180338959,511.5846412510027,6871.193830297946,0.0008988807700661409,52.97685272425545,5.492568650523197,73.57712600177841,178.27308545619613
15 Jul 2026 02:51:00.000000000,-1312.2274883959299,-4156.698711516552,-5319.61426290419,7.44688873116714,-0.4251336683751376,-1.5051378113209426,0.001598974370893732,0.005079550757429373,0.006519459918061971,-50.88931920797651,-82.73682316357782,512.0793394511628,6870.7626410679795,0.0009640662107809171,52.97547953208266,5.486661875586959,77.80572707389989,177.85173160218247
15 Jul 2026 02:52:00.000000000,-862.8577135148303,-4173.049030492962,-5398.127487643661,7.5266512283110565,-0.11968529965462542,-1.1110209340687005,0.001049680992793981,0.005098676608367738,0.006614558357083471,-51.916752461559064,-77.13795775430815,512.4728755451764,6870.426346195926,0.001016228489335936,52.974404440357084,5.480552586227917,82.10922509998284,177.3554776791868
15 Jul 2026 02:53:00.000000000,-409.69389089598195,-4171.051080369617,-5452.83945427364,7.573312868613139,0.18625450572891583,-0.7120507031091546,0.0004959336205933738,0.00509555815466783,0.006680701339689866,-52.64153315539973,-71.3078421880024,512.759371103444,6870.1908300534715,0.0010546209295925104,52.97364622714602,5.474292012319885,86.4689592804927,176.80297542451137
15 Jul 2026 02:54:00.000000000,45.271309435560006,-4150.715412783538,-5483.511256589851,7.58667652232707,0.4913514235167924,-0.30997292761552453,-5.988955574169648e-05,0.005070222005905697,0.006717621498891228,-53.04569479190843,-65.3198237664123,512.934664577355,6870.060210387829,0.0010787093768723985,52.973218088382296,5.467934042457316,90.872834380732,176.20631021267099
15 Jul 2026 02:55:00.000000000,500.0376749966401,-4112.132537630588,-5490.009147708048,7.566687947901804,0.7942753833715577,0.09345405411658961,-0.0006154050437880897,0.005022784747499465,0.006725170585855627,-53.11861844689967,-59.26288405420256,512.9963776393082,6870.0367678012335,0.0010881789735488353,52.9731274065815,5.461534275611469,95.3128855223887,175.57343660953106
15 Jul 2026 02:56:00.000000000,952.6060287065553,-4055.4725063529118,-5472.305077293762,7.513435872664641,1.0937059468037895,0.49646652465299507,-0.0011682320824586635,0.004953452234390454,0.006703319555873509,-52.85834826199307,-53.23326432688241,512.9439521349325,6870.120906839665,0.0010829379151826369,52.973375621700264,5.455149042937071,99.78385936380549,174.9095975496499
15 Jul 2026 02:57:00.000000000,1400.9867971236313,-3980.984173791378,-5430.4767996962355,7.427151593754388,1.3883376425692762,0.897302541972886,-0.0017160006110480907,0.004862518856739407,0.006652158605691672,-52.27184409062618,-47.324297278166995,512.7786571359825,6870.3111493012775,0.0010631178304082453,52.97395820636817,5.4488344168812475,104.28235079036784,174.218188007619
15 Jul 2026 02:58:00.000000000,1843.2085404431332,-3888.9941413179713,-5364.707552958686,7.308208101015717,1.6768852537778598,1.294209090555758,-0.002256359243112714,0.004750366679307553,0.006571897041097883,-51.37409835929018,-41.61696852384538,512.5035660076152,6870.6041598606,0.0010290706271563945,52.97486474590479,5.442645224954752,108.80625783129831,173.5013004406409
15 Jul 2026 02:59:00.000000000,2277.326415521778,-3779.9053843306974,-5275.285309146917,7.157118719994187,1.9580890503893775,1.685449220672424,-0.002786983299937814,0.004617464472168092,0.006462863004895133,-50.186366673472506,-36.17340846515185,512.1235038287846,6870.994803590254,0.0009813617767252748,52.976079121704494,5.436634085436374,113.35442547344871,172.7600813243701
15 Jul 2026 03:00:00.000000000,2701.4305430173677,-3654.195567603595,-5162.601596958197,6.974535269841605,2.230719959693017,2.0693091665365086,-0.003305582956642218,0.004464366605875579,0.006325503036227326,-48.73396538428569,-31.034304281489096,511.64496592843255,6871.476234452149,0.0009207601031333235,52.97757979476957,5.4308504818817465,117.92640349499145,171.99497365224155
15 Jul 2026 03:01:00.000000000,3113.6542493234842,-3512.4150524774145,-5027.149898177504,6.761245728066783,2.4935846657043053,2.4441054321157676,-0.0038099115433095493,0.004291711778111034,0.006160381422702426,-47.04410224923929,-26.219865199391588,511.0760087218976,6872.040013331355,0.0008482242235041281,52.97934018442452,5.425339892670089,122.52227083307537,171.20589287759003
15 Jul 2026 03:02:00.000000000,3512.1821534144324,-3355.1846004857375,-4869.523620290422,6.518171391859267,2.745530626268108,2.808191830830463,-0.004297774031656841,0.004100221533414058,0.005968179298035785,-45.14407067946628,-21.733130272362928,510.4261144492467,6872.676253702915,0.0007648858529054665,52.98132913558429,5.420142990826518,127.14248999312646,170.39237278464387
15 Jul 2026 03:03:00.000000000,3895.2580680556525,-3183.192778756039,-4690.413648476323,6.246363524340746,2.9854509941493124,3.1599664622023775,-0.004767035721760316,0.0038906985310837292,0.005749693427278598,-43.05995345371686,-17.564255155192853,509.70603182769963,6873.373792562404,0.0006720302466800951,52.983511466403215,5.4152949281313605,131.7877503263157,169.553722456247
15 Jul 2026 03:04:00.000000000,4261.192684061346,-2997.19307345345,-4490.605481358252,5.946999473752897,3.212289425601392,3.497878604840467,-0.005215631126073578,0.003664024514013574,0.005505834616469175,-40.815830570875086,-13.694729654844386,508.9275950295235,6874.120383819114,0.0005710741062351068,52.98584858672608,5.4108247161086265,136.45872445270152,168.6892700552552
15 Jul 2026 03:05:00.000000000,4608.371005712163,-2798.000718548072,-4270.975956174416,5.621378254192588,3.425044757107549,3.820435501368841,-0.005641573030146422,0.003421157930639244,0.0052376256805634226,-38.43340055379,-10.100936874870893,508.1035237792634,6874.902910956443,0.00046354132065896264,52.988299176525366,5.406754714724795,141.15553446091832,167.79889678536784
15 Jul 2026 03:06:00.000000000,4935.259504591178,-2586.489248529124,-4032.4895707380706,5.270915578505184,3.6227755280036025,4.126209006676159,-0.006042961688855428,0.0031631311630712275,0.004946198902225221,-35.931897781005894,-6.756850539825374,507.24720772388565,6875.707615410528,0.0003510369579876539,52.99081991245489,5.403100237828988,145.87620205851238,166.88458685249054
15 Jul 2026 03:07:00.000000000,5240.412958815716,-2363.5867850149907,-3776.194411298797,4.89713833680692,3.8046043241346723,4.413842067124631,-0.006417994098011427,0.0028910473187465347,0.004632792917418187,-33.32819762142242,-3.6359064642246546,506.3724785567797,6876.52033681569,0.00023521996485061718,52.99336622980444,5.399869282273358,150.61047584157657,165.95660025608666
15 Jul 2026 03:08:00.000000000,5522.480944257973,-2130.2720688212376,-3503.2176975393595,4.501678518299971,3.969721915258337,4.682054994597564,-0.006764973265587428,0.00260607655060228,0.004298748972022985,-30.63702530556328,-0.7121935358603374,505.49337366426516,6877.326761019681,0.00011777519055604217,52.995893106513535,5.397062385534696,155.29668918635372,165.0766149057121
15 Jul 2026 03:09:00.000000000,5780.213944395802,-1887.5702507275378,-3214.760958198286,4.086266579163476,4.11739115700263,4.929651496114365,-0.007082317386149319,0.0023094518766459513,0.003945506499087322,-27.871210389159838,2.038865151751625,504.6238952995327,6878.11267158924,6.551966087861779e-07,52.9983558555062,5.394672614386985,106.08774611162082,218.09174071311517
15 Jul 2026 03:10:00.000000000,6012.469045778894,-1636.5484559788797,-2912.0948532566754,3.6527242653532577,4.246950626819992,5.155524417187192,-0.0073685688137790336,0.0020024644829046683,0.0035745979827076606,-25.041950315755116,4.640187555110111,503.77776946513296,6878.86420041436,0.00011530716625034659,53.00071091145326,5.392685684907617,345.58131257723255,342.4043281946076
15 Jul 2026 03:11:00.000000000,6218.215186833403,-1378.3111394121522,-2596.5536611980187,3.202956905919498,4.357817962672649,5.358661155334796,-0.007622402713065277,0.0016864585030052241,0.0031876430849244043,-22.159062412174727,7.112943097633659,502.9682087903698,6879.568072983275,0.00022769948126733988,53.00291659815247,5.391080211788503,350.4052220419923,341.3865627616066
15 Jul 2026 03:12:00.000000000,6396.537928889655,-1113.9952499721246,-2269.529452496203,2.73894519975707,4.449492873215045,5.5381486993195255,-0.00784263526476849,0.0013628252820402358,0.002786342030847514,-19.23121422590189,9.476609916109311,502.2076837156331,6880.21184394207,0.00033529165506958585,53.00493386304287,5.389828082688546,355.3727275739234,340.22521240829394
15 Jul 2026 03:13:00.000000000,6546.643719925057,-844.7652252421407,-1932.4659731510892,2.2627365263213295,4.521559789045562,5.693178249825906,-0.008028231297264384,0.0010329971446998523,0.002372468262865143,-16.266128688155153,11.749118244704306,501.50770623474,6880.784118678554,0.00043668894894070864,53.00672696593035,5.388894951085232,0.42408072848235984,338.9800485837904
15 Jul 2026 03:14:00.000000000,6667.863623586194,-571.8078383802183,-1586.8522647099408,1.776435818502398,4.573690126221763,5.823049378509027,-0.008178311217121722,0.000698440701519566,0.0019478603933825085,-13.27076440129177,13.947040258278234,500.87863029275974,6881.274756876446,0.0005306310594780908,53.008264109790076,5.388240839129221,5.552947085180061,337.65743036219396
15 Jul 2026 03:15:00.000000000,6759.656488572913,-296.32692152425307,-1234.2160497245973,1.2821960433393924,4.6056441356334,5.927173684623646,-0.008292157117316314,0.00036064973983103134,0.0015144135032063584,-10.251473390285971,16.085801714753057,500.32947268929485,6881.6750542765285,0.0006160127264089601,53.00951800251069,5.387820839945983,10.762666613673115,336.2540437440538
15 Jul 2026 03:16:00.000000000,6821.611536424935,-19.537991214625517,-876.1169139354688,0.7822083432877078,4.617272314992466,6.005077911779031,-0.008369217950717326,2.113775815833802e-05,0.0010740698495968085,-7.214139627258453,18.179901019573958,499.86775799555113,6881.977899248413,0.0006919017775766203,53.010466339644346,5.38758590715445,16.060150669938196,334.7630042940256
15 Jul 2026 03:17:00.000000000,6853.450349107199,257.3371973252235,-514.139318582803,0.2786918971167073,4.6085163640440205,6.056406491688339,-0.00840911366971436,-0.0003185697865821026,0.0006288090640085192,-4.164302001436077,20.243128148697156,499.4993905629238,6882.177901217593,0.0007575541471197318,53.01109219959848,5.387483717749853,21.454493724646934,333.17524501860555
15 Jul 2026 03:18:00.000000000,6855.028241499687,533.0761391838278,-149.88547807012006,-0.22611643502868464,4.579409668043294,6.080923486997853,-0.008411638250277758,-0.000656943440518866,0.00018063793341896632,-1.1072654591945943,22.288780250362755,499.2285561884453,6882.271488498116,0.0008124255901295273,53.01138434423375,5.387459593277395,26.956655836390365,331.47983347784185
15 Jul 2026 03:19:00.000000000,6826.335007899679,806.4610834027773,215.03186030636326,-0.7299726134855673,4.53007729945799,6.0785139112595115,-0.00837676153705472,-0.0009924578379504837,-0.00026842012971439245,1.9517960410536825,24.329873472491897,499.05765542057105,6882.256973642534,0.0008561798844395645,53.01133741948328,5.387457463107273,32.57949106573683,329.6639429420231
15 Jul 2026 03:20:00.000000000,6767.495035871657,1076.284522188273,578.9966967339573,-1.2306359957938013,4.460735533112714,6.049184410691728,-0.00830462986823225,-0.0013235998201962115,-0.0007163358149376839,5.007741221928237,26.37935216402744,498.98726985089075,6882.134585025261,0.0008886933665750008,53.01095205236182,5.3874208528878125,38.337926511545966,327.71267291921504
15 Jul 2026 03:21:00.000000000,6678.766785155145,1341.3546364867843,940.3970808259662,-1.725879914425062,4.371690875443811,5.993063299376799,-0.008195565462729674,-0.0016488764968392697,-0.0011610847196159117,8.055364368473715,28.450297411328876,499.0161620611426,6881.9064640109555,0.0009100557000952954,53.01023484255021,5.38729388076566,44.24922747011555,325.60878356054064
15 Jul 2026 03:22:00.000000000,6560.541633781308,1600.5006689242127,1297.632396305574,-2.2135021812823137,4.263338614021434,5.910399946772037,-0.008050064574212977,-0.001966823158126287,-0.0016006581117239634,11.089295958035555,30.55613707372421,499.1413091994053,6881.576627711982,0.0009205668173972841,53.009198248597535,5.387022243828315,50.333321597308675,323.3323710705899
15 Jul 2026 03:23:00.000000000,6413.342097970976,1852.578195633689,1649.1205897490386,-2.6913354457641216,4.136160898865278,5.801563523660536,-0.00786879444276358,-0.0022760109513189743,-0.002033073530041473,14.103897553988798,32.710859120166674,499.35796946317265,6881.150897991422,0.0009207300040643706,53.00786037063984,5.386554177360466,56.61316323928342,320.86050296478055
15 Jul 2026 03:24:00.000000000,6237.819436708237,2096.4742693396815,1993.3053052789214,-3.157257335612055,3.9907243721780894,5.667041119730614,-0.007652589093863062,-0.002575054238739486,-0.0024563851064444077,17.093147381519053,34.92922905817728,499.6597800915826,6880.6367980099185,0.0009112410992397914,53.00624463336512,5.385841369937396,63.11511397717704,318.166837135568
15 Jul 2026 03:25:00.000000000,6034.750656022813,2331.112407203898,2328.6628880775006,-3.609200313483275,3.827677367804553,5.5074352526522645,-0.007402444059339175,-0.0028626175642543304,-0.0028686935036832334,20.050512889129728,37.227010363473916,500.03888483177565,6880.043418226455,0.0008929737533903785,53.004379374720784,5.384839818135353,69.8692998250097,315.22126429513264
15 Jul 2026 03:26:00.000000000,5805.034931895302,2555.4573983496052,2653.7092209564366,-4.045161187096112,3.6477467058590745,5.323460794629276,-0.007119510108711806,-0.003137422163781548,-0.0032681553720323,22.968806536850792,39.62118367191158,500.4860882631714,6879.381254335194,0.0008669606000164969,53.002297347535034,5.383510605726623,76.90987802454194,311.9896408572617
15 Jul 2026 03:27:00.000000000,5549.689474262127,2768.5199076100585,2967.006359927334,-4.463210216696743,3.451734111457172,5.115941347786174,-0.006805086099232924,-0.003398251968558692,-0.0036529922429224993,25.84002116434221,42.13015548162091,500.9910338524786,6878.662020139102,0.0008343700412948021,53.00003514277514,5.381820593494145,84.2751041130408,308.43372158833046
15 Jul 2026 03:28:00.000000000,5269.844857782307,2969.360853871527,3267.1689367274244,-4.861499770304054,3.2405122892421536,4.885805104262874,-0.006460611059449076,-0.003643959060816098,-0.0040214987913653865,28.655141788122062,44.77393937441137,501.54240218318125,6877.898438814729,0.0007964781029555178,52.9976325445655,5.379743007359896,92.00703106400772,304.5114602325213
15 Jul 2026 03:29:00.000000000,4966.739847795504,3157.095543349612,3552.870298507775,-5.238272484471661,3.0150206873680405,4.6340802304368856,-0.006087655633304017,-0.0038734685568457836,-0.004372050417601362,31.40393189766569,47.57428117192053,502.1281254638664,6877.104016404952,0.0007546344827644642,52.995131828313006,5.377257914316151,100.15060067170111,300.1779179448527
15 Jul 2026 03:30:00.000000000,4641.715752218349,3330.897540203348,3822.848357332079,-5.591868895919492,2.7762609857509633,4.36188981720546,-0.005687913011327215,-0.0040857829042543516,-0.004703110114274367,34.074694798017596,50.55468267290804,502.73561417459143,6876.292801678425,0.0007102215522625917,52.99257701431296,5.374352577666467,108.75182168849754,295.387085026532
15 Jul 2026 03:31:00.000000000,4296.210331993255,3490.0022589889713,4075.911124696972,-5.920734517067235,2.525292343758536,4.070446439713735,-0.0052631894772567234,-0.004279985594915337,-0.005013234604413414,36.654015071775795,53.740255478759316,503.35199156065,6875.479136714863,0.000664604837810847,52.99001309001504,5.371021685113906,117.85471783614385,290.09493284420614
15 Jul 2026 03:32:00.000000000,3931.7513041006896,3633.7102655704048,4310.941908910222,-6.223426336022118,2.2632264420724417,3.7610463703199195,-0.004815394691917006,-0.004455244306497444,-0.005301079751729258,39.12649288941368,57.15730664275191,503.9643316256656,6874.677402708369,0.0006190737668104947,52.98748521470524,5.367267445586466,127.49686574800596,284.26387587766845
15 Jul 2026 03:33:00.000000000,3549.9494721151914,3761.390275151708,4526.904155785322,-6.498618728668881,1.991222352336214,3.435063488001287,-0.0043465318284981866,-0.004610813497484312,-0.005565405261515687,41.47449598773139,60.83252383063138,504.55989630699935,6873.901765531092,0.0005747728426604261,52.985037920689166,5.363099552911806,137.70376587347553,277.8684008655028
15 Jul 2026 03:34:00.000000000,3152.4915198251556,3872.481838078053,4722.8459156766885,-6.7451087769934315,1.710481266429818,3.0939429259081446,-0.0038586876597828733,-0.004746036488739238,-0.005805078703037387,43.67797183947204,64.79159732334406,505.12636762712594,6873.165925564092,0.0005326266901613824,52.982714325143554,5.358535016950602,148.48311699021517,270.90079240262924
15 Jul 2026 03:35:00.000000000,2741.1325036306425,3966.4977058871345,4897.9039223311165,-6.961820993425896,1.422241114966181,2.7391944964972064,-0.003354022685414603,-0.004860347074324699,-0.006019078898854438,45.714386015810526,69.05710745485975,505.6520707977603,6872.482876188939,0.000493268026886193,52.98055536662973,5.353597864995026,159.82122831741148,263.37472099517805
15 Jul 2026 03:36:00.000000000,2317.6880792857505,4043.025871804586,5051.307271330737,-7.147811455701222,1.1277711019378192,2.3723859307613115,-0.002834761367100392,-0.00495327070650365,-0.006206498732002842,47.558879408474716,73.64555107914228,506.12618449817063,6871.864675144843,0.00045698464855190653,52.978599079841075,5.348318718708535,171.68482331145574,255.32343948889917
15 Jul 2026 03:37:00.000000000,1884.026498173928,4101.731281398769,5182.3806880092825,-7.302271360366915,0.8283661795690113,1.9951359647001619,-0.0023031825245673244,-0.005024425306070621,-0.006366547432211044,49.18475887118461,78.56352486695097,506.53893484537303,6871.322232698341,0.0004237068289369955,52.97687992148946,5.342734253957516,184.03147842989594,246.78934458190983
15 Jul 2026 03:38:00.000000000,1442.0604077145247,4142.357210472514,5290.54737661849,-7.424530005588196,0.5253414844219708,1.6091073025259073,-0.0017616099232831749,-0.005073521746319366,-0.0064985524014514375,50.56443714801392,83.8033694816197,506.8817699126806,6870.865120253749,0.00039305566531657257,52.97542815933914,5.33688655312856,196.8302007626731,237.80339951851886
15 Jul 2026 03:39:00.000000000,993.7384898095382,4164.726308436204,5375.3314441893235,-7.514057215280379,0.22002675288188026,1.2159994823643123,-0.0012124030684107715,-0.005100364059453249,-0.006601960641843537,51.67089576830264,89.33900454620279,507.14751202397014,6870.501402658304,0.00036446381577105583,52.97426933528169,5.330822361309625,210.09064253192807,228.35591995776295
15 Jul 2026 03:40:00.000000000,541.0369704820201,4168.741306413372,5436.359893974537,-7.5704652168919875,-0.08623926861913399,0.817541666588816,-0.0006579482005725598,-0.0051048494083917855,-0.006676339843636161,52.47963806804539,95.12313674751519,507.3304854474304,6870.237497035365,0.0003373672276882446,52.97342381203455,5.324592259539657,223.89680759853917,218.36286787266252
15 Jul 2026 03:41:00.000000000,85.95103312658966,4154.385390172295,5473.364184585989,-7.5935099844482234,-0.3921144057071139,0.4154853755949083,-0.00010064947402655801,-0.005086967861803398,-0.006721379186028079,52.970930561130764,101.08723933384842,507.42661752615396,6870.078060517899,0.00031145934986916986,52.97290641156259,5.318249769762932,238.43943513043882,207.6334683186434
15 Jul 2026 03:42:00.000000000,-369.5138329085865,4121.722238686918,5486.181351976396,-7.583092056878636,-0.6962586196035654,0.011597180918404764,0.0004570797160361525,-0.005046802000816593,-0.006736889892903379,53.13194776660229,107.14535114555856,507.4335117095362,6870.025908762378,0.00028700281943131974,52.97272615169028,5.311850407377779,254.03647940521597,195.849730091841
15 Jul 2026 03:43:00.000000000,-823.350517135393,4070.895729738825,5474.754692283191,-7.5392568393574715,-0.9973395426247899,-0.39234862858631675,0.0010128252997290384,-0.004984526379102976,-0.006722805577689412,52.9583330964503,113.2016913422852,507.3504913837388,6870.081966605066,0.0002651918202220424,52.972886085623976,5.3054506982153855,271.11164905638105,182.5879069598651
15 Jul 2026 03:44:00.000000000,-1273.5589754393447,4002.129314495542,5439.134004319003,-7.4621943925909875,-1.2940379772119823,-0.7945773955251674,0.0015641810423899912,-0.004900406844312525,-0.006679182394223942,52.454759243006926,119.16066962180619,507.17861383925646,6870.24525168815,0.0002484905015169329,52.97338324726889,5.29910717741557,290.0544494750582,167.4584557464953
15 Jul 2026 03:45:00.000000000,-1718.1548896003806,3915.725063503677,5379.475391159295,-7.352238711891094,-1.585053350219542,-1.19332144631605,0.0021087570505044172,-0.004794799722713069,-0.006606199002581695,51.634326999810305,124.93684835682281,506.9206541558285,6870.512891336221,0.0002406349466715618,52.974208703337915,5.2928753879915575,310.85821040102905,150.46800922774725
15 Jul 2026 03:46:00.000000000,-2155.1782682850107,3812.062387026719,5296.040620946637,-7.2098664947394875,-1.8691091139599474,-1.5868274358054328,0.00264418832518547,-0.0046681508546358675,-0.006504156339717342,50.5169751463652,130.46243449405264,506.5810592285365,6870.880172414797,0.000245697484883583,52.975347711342636,5.286808896918798,332.6588614891791,132.4806010457653
15 Jul 2026 03:47:00.000000000,-2582.7019587469727,3691.5964331929595,5189.196047712547,-7.03569539258147,-2.144958084535486,-1.9733636719241139,0.0031681434097187732,-0.0045209944614754555,-0.006373477175013789,49.12732402932298,135.69093095208348,506.1658726018853,6871.340623354347,0.00026617661249209385,52.97677998066658,5.280958346241829,353.8278630037229,115.12473548036381
15 Jul 2026 03:48:00.000000000,-2998.840038138879,3554.856168027169,5059.411093783318,-6.830481740036432,-2.4113877065126874,-2.351227406506196,0.003678333169096011,-0.004353951814835408,-0.0062147054161954375,47.492439113525506,140.59699219354673,505.6826312194608,6871.886126986843,0.00030172879771141723,52.978480032079,5.275370556067707,12.91786511935799,99.84772859160137
15 Jul 2026 03:49:00.000000000,-3401.756052857619,3402.442142149214,4907.256296225901,-6.59511775277326,-2.667225231045967,-2.718752076028832,0.004172519727446003,-0.004167729671832596,-0.006028505120870334,45.63989349053571,145.17355759126093,505.1402356331611,6872.507062321033,0.0003498588837016601,52.98041764929007,5.270087695432502,29.389270955967792,87.18914559969663
15 Jul 2026 03:50:00.000000000,-3789.6710737555964,3235.0239497702682,4733.400920848327,-6.330628184171449,-2.9113427922141595,-3.0743144730605416,0.004648525574546555,-0.0039631184352903305,-0.005815659160110549,43.59632428741992,149.4276610874776,504.5487956443683,6873.192472885992,0.00040740397526458575,52.98255841450575,5.265146535743317,43.43741708718973,76.95362075533528
15 Jul 2026 03:51:00.000000000,-4160.871534482696,3053.337386583065,4538.610148499547,-6.038166430666711,-3.1426623637890847,-3.416341825833691,0.005104242836184275,-0.003740989994452667,-0.0055770674743981,41.38651074454229,153.37608512308478,503.9194537659766,6873.930258808154,0.0004714026255957421,52.98486431844317,5.260577800093249,55.5240074951278,68.67942372255887
15 Jul 2026 03:52:00.000000000,-4513.716819491813,2858.1813143509758,4323.741839943592,-5.719010076642365,-3.3601605758629707,-3.7433187595353035,0.00553764268359802,-0.0035022952004756685,-0.0053137448581085465,39.03289773499952,157.0415715976772,503.2641892930649,6874.707389360703,0.0005392954371650642,52.98729443393948,5.2564056199767455,66.1023600346571,61.91321340471615
15 Jul 2026 03:53:00.000000000,-4846.646567928324,2650.4142412282326,4089.7428871999277,-5.374555871587478,-3.562873368208293,-4.053794109285023,0.00594678484013722,-0.0032480609337203763,-0.005026818210360455,36.5554483130961,160.4498807417403,502.5956061435395,6875.510132346032,0.0006088609829675922,52.989805641159506,5.252647109044523,75.53422655660549,56.2932180608646
15 Jul 2026 03:54:00.000000000,-5158.187659087901,2430.9506283897863,3837.645161251902,-5.006314135486705,-3.7499004546142554,-4.346387550889654,0.006329827122972632,-0.002979386722647567,-0.0047175231913961875,33.9717113030211,163.62770813214624,501.92670797148406,6876.32429634784,0.0006781160762636639,52.992353391490646,5.249312061421457,84.08857232986396,51.55045606839301
15 Jul 2026 03:55:00.000000000,-5446.960845096332,2200.756935120142,3568.561068134598,-4.6159025925655195,-3.9204095703055404,-4.619796012123563,0.006685034940821663,-0.002697440881310293,-0.004387200231225082,31.29701222434536,166.6013303587021,501.27066435414855,6877.135481627595,0.0007452452008103235,52.9948924965331,5.246402779899434,91.96142206686447,47.48889002515756
15 Jul 2026 03:56:00.000000000,-5711.686996593828,1960.847416254162,3283.678727769445,-4.205039638767242,-4.073640472772272,-4.872799824300568,0.0070107906523328625,-0.0024034561404084804,-0.004037289845988826,28.544702494162767,169.39580755083034,500.640572100011,6877.929335248183,0.0008085630157565556,52.997377928154336,5.243914036999564,99.29584243403181,43.965444307968035
15 Jul 2026 03:57:00.000000000,-5951.192927712818,1712.279687684226,2984.256792414053,-3.7755370544535607,-4.208908665146003,-5.104268571595004,0.007305602677228621,-0.0020987247576452045,-0.0036693272303479994,25.726425133358664,172.03458097143093,500.04921590882947,6878.691805890551,0.0008665006476663896,52.99976561539156,5.241833169517108,106.19732152987567,40.87462560424631
15 Jul 2026 03:58:00.000000000,-6164.4167675364515,1456.150077522222,2671.618924209581,-3.3292921806452322,-4.325608810724569,-5.313166594058153,0.00756811424049666,-0.0017845931041639083,-0.0032849361075273998,22.852372689125005,174.53933461692947,499.508832725595,6879.409393792919,0.0009176068313449386,53.00201322405425,5.240140304775955,112.74465797495557,38.137633773150505
15 Jul 2026 03:59:00.000000000,-6350.412846551561,1193.5887823862524,2347.147953984054,-2.8682795844493345,-4.4232178074559085,-5.498558099683825,0.0077971116260116815,-0.0014624557376090883,-0.0028858218364038344,19.931524991635744,176.9300237489149,499.03088416008814,6880.069391291148,0.0009605575636455157,53.00408090520009,5.238808714511245,118.99745726061128,35.69486539079333
15 Jul 2026 04:00:00.000000000,-6508.356068386985,925.7548501326929,2012.2797461449468,-2.3945422469236597,-4.501297492179496,-5.659611841297769,0.007991531810118607,-0.0011337489845142511,-0.002473763790587386,16.971861882927712,179.2250028306573,498.62584128417546,6880.660109573429,0.0009941701159357087,53.00593199922638,5.237805289995738,125.00125439210026,33.50079094642566
15 Jul 2026 04:01:00.000000000,-6637.545739365214,653.8310121183621,1668.4967971090769,-1.9101823142575487,-4.559496946219934,-5.795605315528543,0.008150469351109845,-0.0007999440692732639,-0.002050607044253207,13.980550489899167,-178.55879176532193,498.3029859659884,6881.171087484577,0.0010174187121696119,53.00753368312262,5.2370911298859095,130.79100781620104,31.52046070296234
15 Jul 2026 04:02:00.000000000,-6737.408831084112,379.01838970935415,1317.3215972064202,-1.4173514605455007,-4.597554376514706,-5.90592844367817,0.008273182413002803,-0.0004625398389083123,-0.00161825341570339,10.964109033877817,-176.40563235563704,498.07023265061304,6881.593278521178,0.0010294501014830523,53.00885754945538,5.236622230278267,136.3934638031382,29.72714005629187
15 Jul 2026 04:03:00.000000000,-6807.502654363464,102.53110120629638,960.3097882927202,-0.9182409173429876,-4.6152985497949075,-5.99008669792131,0.008359097815528533,-0.00012305514551216737,-0.0011786519379794495,7.928550355968,-174.3007804970838,497.9339741524536,6881.919212545944,0.0010295978363491947,53.00988010688264,5.236350264666188,141.82870698299138,28.10075869829665
15 Jul 2026 04:04:00.000000000,-6847.516926400167,-174.40920340854117,599.0431513561722,-0.4150712313876812,-4.6126497613516095,-6.047703640854176,0.008407815012821314,0.0002169790416657104,-0.0007337888403678229,4.8795088150544474,-172.2302665160043,497.89895458934427,6882.143129209693,0.0010173944493057732,53.010583193402105,5.236223439887651,147.11107760570462,26.626993020236913
15 Jul 2026 04:05:00.000000000,-6857.275216827228,-450.57885152690085,235.12246014853423,0.08991818288287004,-4.589620324517134,-6.078522851886438,0.008419108924368871,0.0005560277135763567,-0.00028567713912167444,1.8223543187813163,-170.18067210961723,497.9681720710208,6882.261080594708,0.0009925809923467754,53.01095429509629,5.236187412851367,152.24952546325537,25.296911824297045
15 Jul 2026 04:06:00.000000000,-6836.735762500952,-724.7576717122221,-129.8397617350564,0.5944796252611694,-4.546314572045083,-6.082409220182766,0.00839293155744222,0.0008925600007570977,0.0001636540540472379,-1.2377028179262217,-168.1389170218699,498.14281316655837,6882.271001172839,0.0009551136221437451,53.0109867648242,5.236186251747475,157.2473558207642,24.10723000334029
15 Jul 2026 04:07:00.000000000,-6785.991645176635,-995.734502811914,-494.22654189801005,1.0963677525443358,-4.48292836595023,-6.059349590650425,0.008329412388152291,0.0012250573633515213,0.0006121703883656903,-4.295512606479786,-166.09204895195072,498.4222205314462,6882.172743792134,0.0009051671299268935,53.01067993708843,5.2361634247029905,162.1011618695123,23.061375683067926
15 Jul 2026 04:08:00.000000000,-6705.270330695527,-1262.3126589186452,-856.42377929066,1.5933502070852898,-4.399748117915449,-6.009452756648659,0.008228857485324021,0.0015520216986763295,0.0010578431737199234,-7.345888225262942,-164.0270348709255,498.80389439259733,6881.96808105469,0.0008431355900873071,53.010039137150045,5.236062798382345,166.7984479458251,22.171866590013906
15 Jul 2026 04:09:00.000000000,-6594.932572811651,-1523.315321007799,-1214.827544295244,2.083218156019822,-4.297149327930523,-5.932948800462208,0.008091747392278678,0.0018719832746205275,0.0014986602003732653,-10.383507524193258,-161.93055158358214,499.2835278880569,6881.66067210946,0.0007696307629050602,53.0090755843374,5.235829628872227,171.3128297253998,21.46510944325549
15 Jul 2026 04:10:00.000000000,-6455.470689249706,-1777.590826704515,-1567.851319864683,2.5637966674847124,-4.175594654237597,-5.83018778992635,0.007918733799314969,0.0021835084007721496,0.001932636357662892,-13.40280972769854,-159.78877360034411,499.8550755571486,6881.255995543241,0.0006854798647247623,53.00780619136402,5.23541152734821,175.59421227349472,20.9912214968457
15 Jul 2026 04:11:00.000000000,-6287.5062219199035,-2024.0178305785828,-1913.9331455469066,3.032954852956136,-4.035631532763297,-5.701637846705944,0.007710635067476234,0.0024852067557358795,0.002357823936350219,-16.397883791253967,-157.58715722832792,500.51085359658674,6880.761249693973,0.0005917268262337226,53.006253263305666,5.234759383526258,179.5473318770763,20.84548831409823
15 Jul 2026 04:12:00.000000000,-6091.786997343478,-2261.5103085972887,-2251.542627354952,3.4886157089566594,-3.877889368879003,-5.5478826084161765,0.0074684306807089,0.0027757382971949724,0.002772322507557276,-19.362344759372874,-155.31022143665172,501.24166985768625,6880.185222320808,0.0004896488315228552,53.00444410164994,5.233828230631076,182.97957018276998,21.220549256806354
15 Jul 2026 04:13:00.000000000,-5869.183607187095,-2489.0223818700615,-2579.1877779510296,3.928765596672694,-3.7030763284158117,-5.3696181128445,0.007193254725292904,0.003053819692553419,0.0031742882837702277,-22.28919439719311,-152.9413288436428,502.0369809762199,6879.538132130059,0.0003808286726612689,53.00241052049874,5.232578036712813,185.45233981783898,22.555011518667385
15 Jul 2026 04:14:00.000000000,-5620.685332306259,-2705.552936535838,-2895.4216534605125,4.351463304302583,-3.5119757582726283,-5.167649137830412,0.00688638850688712,0.003318230219058589,0.0035619428804087388,-25.17066243092099,-150.4624746552273,502.88507351411954,6878.831445163425,0.00026746557023617863,53.000188283539735,5.230974408401492,185.74394546235249,26.070588740697232
15 Jul 2026 04:15:00.000000000,-5347.39553679484,-2910.1500185604905,-3198.848755371362,4.754848644029009,-3.305442269599004,-4.942885034750029,0.006549252429735942,0.0035678170965658526,0.003933581413613073,-27.998025117926367,-147.8540983393918,503.7732655630786,6878.0776694964825,0.00015420306851069273,52.99781647178465,5.228989194843516,178.9800524782499,36.64163210823756
15 Jul 2026 04:16:00.000000000,-5050.526561202729,-3101.9149842416136,-3488.131168347248,5.1371505431168245,-3.084397518376901,-4.6963350969377196,0.00618339726705748,0.0038015002289360244,0.004287579886323379,-30.761398876806894,-145.0949433042428,504.6881249209183,6877.290132061198,6.994302072162037e-05,52.99533679327597,5.226600981248226,132.59074836284154,86.83806866657739
15 Jul 2026 04:17:00.000000000,-4731.394146277656,-3280.0063893497536,-3761.9944073298707,5.4966945965554785,-2.8498257192242713,-4.429103506694906,0.005790494956163338,0.004018276344662937,0.004622401833468261,-33.44950881729388,-142.16200512894554,505.6156997079336,6876.4827416930075,0.00012823500256801287,52.992792846965756,5.223795463489621,66.76549114320056,156.47045274249263
15 Jul 2026 04:18:00.000000000,-4391.411420310767,-3443.643601989732,-4019.2329499612224,5.831910056617035,-2.6027689284233935,-4.1423839057657394,0.005372329049869853,0.004217222540650037,0.0049366042150242795,-36.04943593417742,-139.03063022691498,506.54175714160465,6875.669742705618,0.00024146818692553264,52.990229353759084,5.220565697265121,55.676438383585996,171.36663680243285
15 Jul 2026 04:19:00.000000000,-4032.082484412046,-3592.110126416455,-4258.715433057737,6.141336242450095,-2.3443221315592804,-3.8374536343164833,0.0049307849496291155,0.004397499245479919,0.005228842562867683,-38.546353468717406,-135.67485477158834,507.45202613251365,6874.865463415586,0.00035865891455416925,52.987691368271065,5.216912217581334,54.855832751780866,175.994385803425
15 Jul 2026 04:20:00.000000000,-3654.995630842998,-3724.7566271186643,-4479.389494551346,6.423628360123277,-2.075628169824456,-3.5156676825970585,0.004467840037382076,0.004558352630230231,0.0054978754040440675,-40.92327374425031,-132.06810676613918,508.3324393959741,6874.08406407385,0.00047323816168250165,52.9852234851681,5.212843026541408,56.78726290030368,177.87011628173292
15 Jul 2026 04:21:00.000000000,-3261.81622990805,-3841.0036444761345,-4680.2862449184695,6.677562730167227,-1.7978725370714879,-3.178452397682732,0.00398555380975961,0.00469911650435168,0.005742567997246546,-43.16084288887513,-128.184426063785,509.1693708856808,6873.339288616528,0.0005825203604947232,52.98286905403886,5.208373449803328,59.81596562857772,178.64859421321185
15 Jul 2026 04:22:00.000000000,-2854.279320913445,-3940.3439951402047,-4860.524354596398,6.902041425442229,-1.5122780772150033,-2.827298985114018,0.0034860581029656345,0.004819213741827611,0.005961895431538407,-45.23724277609312,-124.00037301081106,509.9498645378434,6872.6442245261605,0.0006845785776508255,52.980669416575424,5.203525864295018,63.38610674660337,178.88565422387762
15 Jul 2026 04:23:00.000000000,-2434.1819423819124,-4022.3448519814083,-5019.313746190674,7.096096326942555,-1.2200996086991645,-2.463756842028101,0.0029715474785955275,0.0049181572877999525,0.006154945145185985,-47.1282855345324,-119.49776810061223,510.6618505573245,6872.0110749030655,0.0007777864349954785,52.97866317943602,5.198329302098935,67.26105020062671,178.81793058831465
15 Jul 2026 04:24:00.000000000,-2003.3752361427514,-4086.649499951346,-5155.958882373819,7.258892608822238,-0.9226184996252019,-2.089426754678004,0.002444269822401785,0.004995550799636072,0.006320918929862665,-48.8078097750342,-114.66729031585082,511.2943457706674,6871.450946591603,0.0008607208167166251,52.97688553552326,5.192818937520845,71.32391202338636,178.5623034505479
15 Jul 2026 04:25:00.000000000,-1563.7563591520052,-4132.978765524707,-5269.861642240506,7.389731666439664,-0.6211372138961294,-1.7059539892527784,0.0019065171871580427,0.005051088975414044,0.006459134486764322,-50.24849566690768,-109.51271527856272,511.8376349041029,6870.9736578935945,0.0009321436495647081,52.97536764555052,5.18703546644135,75.51084498519873,178.18261438747754
15 Jul 2026 04:26:00.000000000,-1117.2602360255687,-4161.13211850747,-5360.523780504146,7.488053502551311,-0.31697384555716235,-1.3150213008411444,0.0013606168929499885,0.005084557623259929,0.006569026604038121,-51.423186887243105,-104.05518230745227,512.2834300091824,6870.587569040161,0.000991005427939531,52.974136090703375,5.18102438885919,79.78440091909194,177.71630433722325
15 Jul 2026 04:27:00.000000000,-665.8511843336239,-4170.988445938089,-5427.548965296155,7.5534385869835345,-0.011456655494054713,-0.9183418814094162,0.000808922877914836,0.005095833517253719,0.006650148017220281,-52.30671884595952,-98.33642116191446,512.6250056458729,6870.29943818967,0.0010364546361834365,52.97321240595258,5.174835207308436,84.121466773678,177.18647783356
15 Jul 2026 04:28:00.000000000,-211.51444380394068,-4162.506498570819,-5470.64439147024,7.585609204249661,0.294081378026072,-0.517652263981248,0.0002538072776554748,0.005084884083170128,0.006702170012862803,-52.87809859728208,-92.4195688743157,512.8573078356945,6870.114305281076,0.0010678476364689407,52.97261270215643,5.168520555200052,88.50725957542548,176.6079083590552
15 Jul 2026 04:29:00.000000000,243.7523602148892,-4135.725011052233,-5489.621967242771,7.584430301792212,0.5983079857315232,-0.11470519701108992,-0.00030234780381040757,0.00505176694683453,0.00672488282358273,-53.12269736942292,-86.38639031435794,512.9770352112841,6870.035405606398,0.0010847568242615794,52.97234738353621,5.162135270415068,92.9321093380631,175.99025577265758
15 Jul 2026 04:30:00.000000000,697.9477894860047,-4090.762497395672,-5484.399072759472,7.549909848981503,0.8998970032096687,0.28873749978271246,-0.0008571583796211217,0.0049966293685891755,0.006718195851623018,-53.033986076570045,-80.33059328743326,512.9826912082506,6870.064114477956,0.0010869760419531822,52.972420965437934,5.1557354303783764,97.38963119895953,175.33989452594878
15 Jul 2026 04:31:00.000000000,1149.0751725787495,-4027.8167237778093,-5454.998889773671,7.482198713867746,1.1975337298339848,0.6909120885742767,-0.0014082465774950318,0.004919707578480741,0.0066821377471059,-52.614366219102386,-74.34829674226684,512.8746065686352,6870.199923864373,0.0010745227519715268,52.97283199554171,5.149377365553218,101.87563555225883,174.6610038902688
15 Jul 2026 04:32:00.000000000,1595.1511628417225,-3947.163861039098,-5401.550302161441,7.381590061220937,1.4899202449927131,1.0900600673311764,-0.001953248609079723,0.004821326015287953,0.006616856352358387,-51.87486069105774,-68.52789348832638,512.6549318501819,6870.440451357306,0.001047636729121354,52.97357307987301,5.143116668621047,106.38745097617225,173.95624539110977
15 Jul 2026 04:33:00.000000000,2034.214245922583,-3849.1573196257314,-5324.287367462457,7.248518271782077,1.7757806756175174,1.4844353163271644,-0.002489822770468343,0.00470189646040312,0.006522618507482039,-50.833753602018874,-62.94181707414447,512.3276000607902,6870.7814813161185,0.001006775186675442,52.97463101314175,5.137007216706786,110.92348731283997,173.2272000838436
15 Jul 2026 04:34:00.000000000,2464.333168046387,-3734.2262700905753,-5223.548360131626,7.083557379166961,2.053866408274106,1.872311228568556,-0.003015657530133499,0.00456191704994979,0.006399809701744182,-49.5145493694921,-57.64189793407504,511.898259962339,6871.217037524825,0.0009526043591351334,52.97598701111424,5.131100223786023,115.4829414109871,172.47466315360316
15 Jul 2026 04:35:00.000000000,2883.6152559381494,-3602.87385271731,-5099.774387738946,6.8874190177203545,2.322961237696897,2.251987813982248,-0.0035284797521065773,0.004401971136488256,0.006248933538343117,-47.943734082890394,-52.65861033639893,511.3741810108582,6871.739486190115,0.0008859876498861417,52.977617040945105,5.125443339833065,120.06558555195886,171.69885581193614
15 Jul 2026 04:36:00.000000000,3290.214598789943,-3455.675080373804,-4953.507582022069,6.660949872031996,2.5818864417659824,2.6217987649983083,-0.004026063092173687,0.004222725965853541,0.006070610971124882,-46.14875235871868,-48.00334726468517,510.76413132032263,6872.339667617987,0.0008079705240901632,52.97949224368488,5.120079812531442,124.67159483478876,170.899598208112
15 Jul 2026 04:37:00.000000000,3682.3400620536177,-3293.274439368552,-4785.38886751538,6.405128616988767,2.8295057705965103,2.980118468289187,-0.004506236589427316,0.0040249311259817604,0.0058655792584986245,-44.1564407773054,-43.672359955180106,510.0782304513246,6873.007054433533,0.0007197623905592869,52.98157944157306,5.115047726214285,129.30136857879694,170.07648829067028
15 Jul 2026 04:38:00.000000000,4058.263102090579,-3116.383193921101,-4596.155311515284,6.121062336346499,3.064730334740814,3.3253689439733525,-0.004966893460926899,0.0038094167231686694,0.0056346905761077235,-41.99198320360659,-39.651113779564,509.3277792320177,6873.729933761726,0.0006227157726320523,52.9838417212431,5.1103793313922425,133.95527186441393,169.22916049273195
15 Jul 2026 04:39:00.000000000,4416.3253500921255,-2925.7764007963574,-4386.637060328453,5.809982407851159,3.2865233747334055,3.656026689907326,-0.005406000087541554,0.0035770912363562333,0.005378910221196429,-39.678332916554595,-35.91823360279833,508.5250692100605,6874.49561037239,0.0005183031181263701,52.98623908264025,5.106100476597324,138.6331187928311,168.35780265647912
15 Jul 2026 04:40:00.000000000,4754.945932827661,-2722.2896418719465,-4157.753868296089,5.473239844282288,3.493904891219228,3.9706294045419055,-0.005821605161078664,0.0033289390025090983,0.0050993143427224994,-37.23599189354138,-32.4486527909196,507.6831747073758,6875.290627416792,0.0004080916437538162,52.988729142301196,5.1022301525903755,143.33283266064672,167.4644959957273
15 Jul 2026 04:41:00.000000000,5072.628497351473,-2506.815483676668,-3910.511227739212,5.112300082090924,3.685956112193009,4.267782557959946,-0.00621184894197547,0.0030660172870098368,0.004797087130129831,-34.683031244972646,-29.215896907761145,506.81573079409696,6876.101001053915,0.00029371665746283533,52.99126787868928,5.098780156923078,148.04593227647004,166.55772886705836
15 Jul 2026 04:42:00.000000000,5367.967906316973,-2280.2996744571255,-3645.996109959208,4.72873721289126,3.8618237712611756,4.546165776812864,-0.006574972561180693,0.00278945290041872,0.004473517401730865,-32.035255411724066,-26.193604590808135,505.936700807946,6876.912464988269,0.0001768539189587232,52.99381040653826,5.095754884799014,152.7350154148756,165.6749133515992
15 Jul 2026 04:43:00.000000000,5639.6565704242985,-2043.7370909513847,-3365.372329587549,4.324227657666117,4.020724168657316,4.804539005450452,-0.006909327278402463,0.0025004383275250134,0.0041299945373034766,-29.306438899917715,-23.356450839438306,505.0601373090973,6877.710720725192,5.919329193137472e-05,52.99631176664078,5.093151249934142,157.0435333164402,165.17261073739937
15 Jul 2026 04:44:00.000000000,5886.490384684282,-1798.1674487903529,-3069.8755469435414,3.900543289136826,4.161946985048707,5.0417484026359665,-0.007213383597764627,0.0022002273461849474,0.0037680037137200464,-26.50858859356332,-20.680638295658518,504.1999405692567,6878.481689200662,5.761279681422737e-05,52.998727717237664,5.090958736935502,343.52365842867545,342.49866370717626
15 Jul 2026 04:45:00.000000000,6107.374235701015,-1544.67079228754,-2760.807925569686,3.459544014171546,4.284858817071876,5.256731931056535,-0.0074857401269905035,0.0018901301230773212,0.0033891204134028903,-23.65220353487609,-18.144095110920077,503.36961883661684,6879.211759366323,0.00017190824984230605,53.001015513124244,5.089159584302566,347.90997147274766,341.9185091471111
15 Jul 2026 04:46:00.000000000,6301.327048106312,-1284.3627812476457,-2439.5324647304697,3.0031698351628395,4.388906403147253,5.44852459550502,-0.007725132059037097,0.0015715077862782764,0.0029950041916600974,-20.746517209604658,-15.726484270519917,502.58205468616535,6879.88802931153,0.00028215798030779187,53.00313465879103,5.087729094955508,352.78279455065655,340.8518448635417
15 Jul 2026 04:47:00.000000000,6467.4863396453575,-1018.389794306502,-2107.4670293214895,2.5334324167942985,4.473619508483417,5.6162632852378644,-0.007930439147371822,0.0012457664869984606,0.002587391704582576,-17.799715847913518,-13.409098514506224,501.8492817494691,6880.498535586566,0.0003869041747551905,53.00504762235715,5.086636068898999,357.775646059384,339.6651744435238
15 Jul 2026 04:48:00.000000000,6605.112256235049,-747.9238701410735,-1766.0781022884971,2.0524061922918557,4.538613439344624,5.759191176671989,-0.008100693049377982,0.0009143509772964988,0.0021680890186470815,-14.819131348389845,-11.174690558548656,501.18227601240267,6881.0324665556145,0.000484813916435162,53.00672049772722,5.085843350564636,2.8538791015025,338.3931685731246
15 Jul 2026 04:49:00.000000000,6713.591060596368,-474.15750963800895,-1416.8742872290202,1.562219050881236,4.583591158611372,5.876661654315475,-0.008235083910015269,0.0005787377424920281,0.001738963238801496,-11.811410283885001,-9.007270346359492,500.59076567082155,6881.480355856334,0.0005746991267214687,53.008123603294116,5.085308481247556,8.013540883223623,337.0398053267035
15 Jul 2026 04:50:00.000000000,6792.43805079058,-198.2983636991746,-1061.399591288245,1.0650426554796892,4.608344977409685,5.968141710623197,-0.008332966070059709,0.00024042774072878447,0.0013019335113704249,-8.782661898518917,-6.891888505972035,500.08306324027967,6881.834252369983,0.0006555359309821304,53.009232006609615,5.084984445303248,13.258542407233193,335.60120012481553
15 Jul 2026 04:51:00.000000000,6841.29988813642,78.43616721368733,-701.2265206960377,0.5630824464125752,4.612757801049299,6.033214789293507,-0.00839386279082623,-9.906118692695848e-05,0.000858961473272589,-5.738588634931382,-4.814416725355313,499.66592323065686,6882.087863510702,0.0007264812617412741,53.010025965729845,5.0848204970147375,18.596236214541676,334.0700276122048
15 Jul 2026 04:52:00.000000000,6859.956317514285,354.8243945167227,-337.9490232710386,0.058567392911713756,4.596803911630468,6.071583041292738,-0.00841746990471358,-0.0004382021622507395,0.000412041234905329,-2.6846029151343935,-2.7613302389048617,499.34442822511045,6882.236669115544,0.0007868863050121658,53.01049127939344,5.084763053704999,24.03625801875374,332.4366796187656
15 Jul 2026 04:53:00.000000000,6848.321266917598,629.6458357114258,26.82468611496083,-0.44626044085660477,4.56054927433668,6.08306896849911,-0.008403658317592818,-0.0007754672899900196,-3.681100396002741e-05,0.3740661303487034,-0.7194941154803868,499.1219056548462,6882.27800375079,0.0008363065396354692,53.01061953978161,5.084756639394479,29.590251066756213,330.6895403762462
15 Jul 2026 04:54:00.000000000,6806.443317230092,901.6867125249819,391.4793798070577,-0.9491564446683508,4.50415135951186,6.067616436150299,-0.008352475309319377,-0.0011093357647894422,-0.00048556759531741327,3.4322723933025285,1.3240470898634622,498.9998769504967,6882.211105834374,0.0008745081870128736,53.01040828331358,5.084744862454826,35.27191002068823,328.8149422029814
15 Jul 2026 04:55:00.000000000,6734.505537515062,1169.74542382255,754.4001131436171,-1.4478840529232921,4.427858477977823,6.025291042089439,-0.008264144602869507,-0.0014383019741976953,-0.0009322002242559035,6.484855484940137,3.382277946383614,498.9780400918681,6882.037132595078,0.0009014709447005863,53.00986103671963,5.08467141004161,41.097174896967715,326.7969711282743
15 Jul 2026 04:56:00.000000000,6632.824685520487,1432.6379641444107,1113.9795230043203,-1.9402253028878969,4.332008632532081,5.956279837943567,-0.008139065194450814,-0.0017608835062666963,-0.0013746907099870225,9.526542957306564,5.468421150159718,499.05428588990105,6881.759140534898,0.0009173869263072157,53.008987257472945,5.08448104181612,47.08451378989206,324.61718373642367
15 Jul 2026 04:57:00.000000000,6501.849777548901,1689.2032590529675,1468.6250903182618,-2.4239912865283713,4.217027894019201,5.86089040463352,-0.007977808960515106,-0.0020756289717338556,-0.0018110417054065786,12.551848595177598,7.596148979990192,499.2247476363061,6881.382031715512,0.0009226557678686018,53.00780216952399,5.084120565403743,53.25526547714044,322.2542641405872
15 Jul 2026 04:58:00.000000000,6342.160036228061,1938.3083891382348,1816.766328070411,-2.897032423650406,4.08342831563521,5.739549291800278,-0.007781117083000663,-0.002381125555798489,-0.0022392871774372237,15.554963251733678,9.779798610379437,499.4838830676869,6880.912466838576,0.0009178758802126388,53.00632649712897,5.083539776378484,59.6340189018256,319.6836440991825
15 Jul 2026 04:59:00.000000000,6154.462228967652,2178.8536754925613,2156.861857120163,-3.3572484871032495,3.9318054040564787,5.5927998376345105,-0.007549895353106109,-0.0026760062207068385,-0.00265750255652219,18.529634589610524,12.034591289737442,499.8245869317148,6880.358746719249,0.000903831817130538,53.00458610136672,5.082692346098856,66.24899854855325,316.8771172644744
15 Jul 2026 05:00:00.000000000,5939.587413915898,2409.7776007246666,2487.40633331446,-3.802598315100153,3.7628351704387426,5.421299392023121,-0.007285208435707536,-0.0029589564897584027,-0.003063814453313548,21.469031988112615,14.376852957882384,500.23833183078295,6879.730664346033,0.0008814776759030542,53.00261152566674,5.081536641707501,73.13240479457883,313.802498488943
15 Jul 2026 05:01:00.000000000,5698.487113974875,2630.061541075809,2806.9371909168726,-4.2311091510938725,3.5772707882005177,5.2258159717026045,-0.0069882731919224984,-0.0032287207536783966,-0.0034564098525134445,24.365592879632906,16.824229916180254,500.7153344695501,6879.039330267909,0.0008519163316613668,53.00043745828785,5.08003646369174,80.3206245097319,310.4234129219469
15 Jul 2026 05:02:00.000000000,5432.228942826927,2838.7342869219,3114.041169234105,-4.640885557954579,3.3759388876796717,5.007224381085648,-0.006660451172317302,-0.0034841080530025386,-0.0038335447086541305,27.21084704344774,19.395886954434012,501.2447439605908,6878.296974538301,0.0008163741104822252,52.99810212116997,5.0781616879016624,87.85417668399593,306.6993501233374
15 Jul 2026 05:03:00.000000000,5141.991709923086,3034.876330824603,3407.3605914568634,-5.030117860199329,3.159735520172145,4.766501836484068,-0.006303240401298944,-0.003723997302651643,-0.004193551884461152,29.99521617909055,22.11266588964974,501.814848455447,6877.516728865034,0.00077617021567811,52.995646595899466,5.075888800548029,95.77719035109381,302.58618593049556
15 Jul 2026 05:04:00.000000000,4829.0600339464545,3217.6239043060946,3685.5993670842317,-5.397090075490884,2.9296218254739066,4.504723134503022,-0.005918266579808169,-0.003947341938583118,-0.004534848389492473,32.70778782996029,24.997168540567905,502.41329607472574,6876.712392960052,0.0007326798545910167,52.9931140986585,5.073201316638486,104.1361363047154,298.0374505861627
15 Jul 2026 05:05:00.000000000,4494.818496377761,3386.1727465933855,3947.528691807925,-5.740187304294353,2.686619437856732,4.22305540738312,-0.005507273835031157,-0.004153173980365507,-0.004855941895255403,35.33606608053609,28.07370842629217,503.0273259117078,6875.8981893452365,0.0006872896609773256,52.99054921695151,5.070090074290779,112.97747997789523,293.00667575966156
15 Jul 2026 05:06:00.000000000,4140.745368434458,3539.781590690368,4191.992421335815,-6.057902554221167,2.4318056654087536,3.9227525090076885,-0.005072115141977406,-0.004340607515562616,-0.005155436519418964,37.865707339253426,31.36804905005556,503.6440047794829,6875.088511048909,0.0006413439133203245,52.98799712159768,5.066553399634714,122.34395883795708,287.4511171112651
15 Jul 2026 05:07:00.000000000,3768.405945858199,3677.775354208794,4417.912098264235,-6.348842982931553,2.1663084769398857,3.6051490752091047,-0.004614742536011429,-0.004508841624506524,-0.005432037889192047,40.2802591549251,34.90681423346109,504.2504653577849,6874.297666720402,0.0005960806969530506,52.98550276793658,5.062597139223965,132.2694338028844,281.3369028950179
15 Jul 2026 05:08:00.000000000,3379.44552678821,3799.548024412993,4624.291613712153,-6.61173555030475,1.891301329232627,3.2716543009659755,-0.004137197224507534,-0.00465716277397152,-0.005684557508571975,42.560934709667336,38.71642220959561,504.8341414663092,6873.539627698098,0.0005525592946632497,52.98311010040369,5.058234559302717,142.77287026611646,274.64505301317666
15 Jul 2026 05:09:00.000000000,2975.582068338552,3904.5652288410497,4810.221487945934,-6.8454320766972785,1.607997865439946,2.9237454751927014,-0.0036415996926565364,-0.0047849467172918535,-0.005911916467759253,44.686476228830216,42.82137225671831,505.3829963384523,6872.827781492911,0.0005115844744598006,52.980861274590985,5.053486113581751,153.85303994171738,267.37677730944716
15 Jul 2026 05:10:00.000000000,2558.5985575227865,3992.3664846486076,4974.882756607891,-7.0489137093415755,1.3176465129856114,2.5629613112156906,-0.0031301398819114008,-0.0048916599443263155,-0.006113148542868795,46.63318615646248,47.24172497114338,505.8857399834381,6872.174695998517,0.00047363997738638123,52.97879591061296,5.048379083565846,165.48676859707052,259.5552280319997
15 Jul 2026 05:11:00.000000000,2130.335131917156,4062.567121438928,5117.550451370647,-7.2212948031474244,1.021525006568682,2.190895107872985,-0.0026050675024618694,-0.004976860729578359,-0.006287402742694992,48.375230735748296,51.98970416888212,506.3320319958012,6871.591898516131,0.0004388505019444572,52.97695039105708,5.042947097685719,177.63426808642612,251.22016805006885
15 Jul 2026 05:12:00.000000000,1692.6809849632793,4114.859873797324,5237.596665847277,-7.361826225287816,0.7209348589216077,1.809187772640625,-0.0020686825219458243,-0.005040199827888279,-0.006433945363142538,49.88533505867813,57.06555748969919,506.7126664893527,6871.089673394134,0.0004069946898635574,52.975357216017656,5.037229537741371,190.25431616988777,242.4127913357658
15 Jul 2026 05:13:00.000000000,1247.56609017963,4149.016141012733,5334.4931993720975,-7.4698980949286025,0.41719579900959025,1.4195207344755059,-0.001523325854003426,-0.0050814208672440905,-0.006552161612380014,51.13597197518619,62.45317216082325,507.019736188095,6870.676881735421,0.0003775868885086834,52.97404442670726,5.031270843092143,203.32946917139057,233.1505106528787
15 Jul 2026 05:14:00.000000000,796.9527778172207,4164.886912565936,5407.813772826067,-7.545041970326547,0.11164019448731226,1.0236087703577115,-0.0009713702513950785,-0.005100360483491817,-0.006641556865736249,52.101075709600565,68.11640446587622,507.24677309083444,6870.3608062282065,0.0003500333082568248,52.9730351079274,5.025119724920286,216.89824489609782,223.3947750267906
15 Jul 2026 05:15:00.000000000,342.82719675858493,4162.403358889532,5457.235812015055,-7.586932495323519,-0.1943925273763431,0.6231927660174329,-0.0004152113927477968,-0.005096948239567454,-0.006701757608370153,52.75817163010171,73.99746039963425,507.3888635317439,6870.1470237144085,0.00032385617290026325,52.97234697828235,5.018828304466287,231.088925806146,213.01726699036962
15 Jul 2026 05:16:00.000000000,-112.80930629735157,4141.577087685545,5482.541795244319,-7.595388516126056,-0.4995614483819614,0.2200324281593929,0.0001427408640535794,-0.005071206361021146,-0.006732512111226535,53.09062841907346,80.01864374661697,507.44273587971344,6870.0393076329,0.000298976698344737,52.97199207546116,5.012451190545251,246.14724007853627,201.77222197560752
15 Jul 2026 05:17:00.000000000,-567.9488587925546,4102.500066746057,5483.620162672014,-7.570373677307193,-0.8025297074513943,-0.18410103698248104,0.0007000710994003128,-0.00502324931518867,-0.006733690881158061,53.08958135829138,86.08809002843114,507.4068195499788,6870.039561969265,0.0002760515368535362,52.97197654222159,5.006044512712295,262.44030700153667,189.29248338657246
15 Jul 2026 05:18:00.000000000,-1020.5857545606221,4045.3442147863984,5460.465785859217,-7.511996503428123,-1.101970019209893,-0.5874322660942797,0.0012543668675377676,-0.004953283247482294,-0.00670528690872262,52.755048539794934,92.1088008756794,507.2812744390183,6870.1477878163205,0.0002568337017868745,52.972300516914174,4.999664927242425,280.3882989744772,175.1578410824652
15 Jul 2026 05:19:00.000000000,-1468.725135557855,3970.3606623136466,5413.179996619148,-7.420509969690291,-1.396570154719494,-0.9881890905253672,0.001803227201480231,-0.0048616052818919895,-0.006647415729099504,52.09592816216961,97.98896308555473,507.06799033471174,6870.362083108864,0.0002443924907689761,52.97295813052162,4.99336861363023,300.227929355518,159.13154401737935
15 Jul 2026 05:20:00.000000000,-1910.3916325484893,3877.878685044381,5341.970174951296,-7.296310561902848,-1.6850383761070824,-1.3846098861563458,0.002344271139991486,-0.004748602679670188,-0.006560315294273725,51.12887773152872,103.65097042355143,506.77055629699515,6870.67867554717,0.00024272745569524134,52.97393761028629,4.987210279418229,321.5723289417277,141.60042424502006
15 Jul 2026 05:21:00.000000000,-2343.637934080073,3768.3043128940667,5247.148896503058,-7.13993682295502,-1.9661088161909996,-1.774950909718221,0.0028751463260802326,-0.0046147518411144,-0.0064443456421247845,49.87638823762517,109.03713784832465,506.39420044752086,6871.091988173782,0.00025530542088060846,52.975221488096345,4.981242191092363,343.1421249179816,123.84381844397797
15 Jul 2026 05:22:00.000000000,-2766.5532528293074,3642.118618125827,5129.132640721088,-6.952067380187214,-2.238546793020205,-2.157493608638533,0.0033935377201395316,-0.004460617126376399,-0.006299988335331807,48.364531795558364,114.11143006389779,505.9457010492331,6871.594736526179,0.00028326398571331643,52.976786909929274,4.975513248260621,3.3107090194297433,107.48830021118582
15 Jul 2026 05:23:00.000000000,-3177.2716579835233,3499.8756868967666,4988.440061673973,-6.733518445764032,-2.5011540475377054,-2.5305518894779757,0.003897176460407886,-0.004286849462739724,-0.006127845630492868,46.620833491395295,118.85782818975838,505.43327019548406,6872.178055756563,0.0003250962138294162,52.97860604084794,4.970068117608887,21.06823220483974,93.54368581895979
15 Jul 2026 05:24:00.000000000,-3573.980241781014,3342.2002792110693,4825.689824492458,-6.485240780572629,-2.752773890431414,-2.8924793273516216,0.00438384888971515,-0.0040941846991874985,-0.005928639327438547,44.67256026627076,123.27665245893967,504.86641186144993,6872.831655601282,0.0003779018382478479,52.9806465583374,4.964946441994167,36.28444148962441,82.14019777998747
15 Jul 2026 05:25:00.000000000,-3954.92708771778,3169.785183197905,4641.598011525676,-6.2083161114691965,-2.99229624177544,-3.24167629551735,0.0048514057525206695,-0.003883441665746569,-0.005703209242607887,42.54553457497008,127.38017721666763,504.255756493793,6873.544000599827,0.00043861450643388315,52.982872225195386,4.9601821387830975,49.317278178733,72.91986697370889
15 Jul 2026 05:26:00.000000000,-4318.429007363448,2983.388270669687,4436.975103636542,-5.90395299195287,-3.2186625444333514,-3.576596990796583,0.005297771548233925,-0.0036555198923398204,-0.0054525112446217085,40.263441476282956,131.18849440854262,503.6128747231583,6874.30251251684,0.0005044962570685973,52.98524353177202,4.955802799856362,60.630667776110386,65.41874305234037
15 Jul 2026 05:27:00.000000000,-4662.879011988138,2783.8292622176873,4212.722543726303,-5.573482097865018,-3.4308705293751136,-3.8957563265579624,0.005720954007172737,-0.003411396941513657,-0.005177614787522285,37.84752658923932,134.7261198436188,502.95007317182757,6875.093791516301,0.0005731771359241077,52.987718396118815,4.95182920394343,70.6289998232845,59.23241486797615
15 Jul 2026 05:28:00.000000000,-4986.753485014867,2571.9862113733548,3969.8288912668595,-5.2183509520513445,-3.627978808590834,-4.197736661453049,0.006119053638359242,-0.0031521253135099537,-0.004879699880765379,35.31656588075546,138.0194778726651,502.2801756876772,6875.903852284784,0.00064256681885569,52.99025290958123,4.948274949895436,79.62316208371917,54.04997650163608
15 Jul 2026 05:29:00.000000000,-5288.619020805375,2348.7917190074863,3709.3655787746666,-4.840118075744875,-3.809111268735156,-4.481194328266416,0.006490273278753317,-0.0028788288861997064,-0.004560053438185434,32.687002768403374,141.09519176093482,501.61629365733336,6876.718371005085,0.0007107709849877925,52.992802114563915,4.9451462173988965,87.84224908502857,49.64231887815157
15 Jul 2026 05:30:00.000000000,-5567.1388954150525,2115.228890758475,3432.482283344536,-4.440446569051264,-3.9734612366880584,-4.744865924145484,0.006832927556690373,-0.0025926988598272286,-0.004220064956298934,29.97317382802022,143.97902064366033,500.97158932591503,6877.522938853453,0.0007760397813899506,52.995320800633436,4.942441659284273,95.45363976578595,45.842052218483545
15 Jul 2026 05:31:00.000000000,-5821.0791352231445,1872.3270520739627,3140.401928806143,-4.021097128613486,-4.120295386669084,-4.987574320771969,0.00714545216780661,-0.002294989186107346,-0.0038612214834044937,27.187569983444728,146.69527190075726,500.3590362677546,6878.303317536872,0.0008367440351895644,52.99776430480681,4.940152427311957,102.58034095062185,42.52616260468934
15 Jul 2026 05:32:00.000000000,-6049.314150025918,1621.1572373096806,2834.4153366258993,-3.583920517011556,-4.248957357619199,-5.208234351100692,0.007426412849788937,-0.0019870114720412775,-0.0034851018540990736,24.3411006220857,149.266540818334,499.79118130229404,6879.045692308725,0.0008913700803886441,53.000089301811194,4.93826233086189,109.31379501177634,39.60320429936459
15 Jul 2026 05:33:00.000000000,-6250.8318982751125,1362.8274712126158,2515.875546327161,-3.1308495055431647,-4.358871049350012,-5.405858128211743,0.007674513933795921,-0.001670129361167604,-0.0030933701792611743,21.44334274636741,151.71366317720282,499.27991222187177,6879.736917905849,0.000938525807188181,53.00225457029215,4.936748125655305,115.72284727183128,37.00433226584788
15 Jul 2026 05:34:00.000000000,-6424.738553674467,1098.4778630008504,2186.191828884282,-2.6638903195291443,-4.449543566497418,-5.579559951711032,0.007888606344934483,-0.0013457524077420207,-0.0026877685979327048,18.502766884952457,154.0557987811787,498.8362356854055,6880.3647529400305,0.0009769528840834624,53.004221721389555,4.935579927274275,121.85991657413838,34.67713146468149
15 Jul 2026 05:35:00.000000000,-6570.262644338503,829.2755350734986,1846.8234191999863,-2.1851136229388994,-4.520567780658127,-5.728560758044507,0.008067694925417779,-0.0010153294733013353,-0.0022701093162420458,15.526937361229251,156.31059033120056,498.4700695277986,6880.918078454548,0.0010055418476216972,53.00595587678463,4.934721742062123,127.7652227918802,32.58138915835411
15 Jul 2026 05:36:00.000000000,-6686.758638165364,556.4094101054761,1499.2729963358695,-1.6966450866907512,-4.571624483227845,-5.85219207309695,0.008210944955467115,-0.0006803416877407569,-0.0018422659753998412,12.5226878597436,158.49436175461742,498.19005353504195,6881.387096618961,0.0010233478931738372,53.00742628423445,4.934132105885946,133.469671941874,30.68620956208432
15 Jul 2026 05:37:00.000000000,-6773.709950967346,281.0848818474287,1145.0799425704286,-1.2006555921906268,-4.602484104379457,-5.949899428520111,0.008317687757705935,-0.00034229503004431193,-0.0014061644092911265,9.49627497415487,160.62233400420575,498.00338243934465,6881.763505881856,0.0010296059210274681,53.00860685973583,4.933764819353878,138.99679325855612,28.96807648989436
15 Jul 2026 05:38:00.000000000,-6830.731357208315,4.518396319394131,785.813414543104,-0.6993511282821548,-4.613007977259411,-6.0212452073308,0.008387425278882924,-2.71259481526599e-06,-0.0009637728675966731,6.453513211399126,162.7088457711685,497.9156644994291,6882.040649323915,0.0010237438564978398,53.009476646776506,4.933569766382995,144.36396978704502,27.40962244251694
15 Jul 2026 05:39:00.000000000,-6857.570786871911,-272.06802877967095,423.065261653015,-0.1949624455675226,-4.603149130758419,-6.0659108893518665,0.008419833564070762,0.00033687337899566716,-0.0005170917963650438,3.399895190642638,164.76757275186915,497.93080855492536,6882.213633447154,0.0010053935789780504,53.01002018461623,4.933493801539685,149.58308641125504,25.998980227220763
15 Jul 2026 05:40:00.000000000,-6854.110495974504,-547.4523177682069,58.44282845976153,0.3102654631930087,-4.572952599021798,-6.083698672918245,0.008414765050867268,0.0006749296335239583,-6.814327884446954e-05,0.34070077759520917,166.81174305928934,498.05094189064164,6882.279415188942,0.0009743990325236674,53.01022777916382,4.9334816903707495,154.66061222077275,24.72970021245298
15 Jul 2026 05:41:00.000000000,-6820.367602471738,-820.4178545538908,-306.4383209559748,0.8140839843478641,-4.522555241074484,-6.074532455783137,0.00837224963699133,0.001009930081950777,0.0003810397496781131,-2.718901205692163,168.85434879737514,498.276360629268,6882.23685555005,0.0009308212998763792,53.010095671751415,4.933477086058534,159.59700524463972,23.601345196159755
15 Jul 2026 05:42:00.000000000,-6756.4939837132215,-1089.7589746131687,-669.9617179090417,1.3142515318113261,-4.452185069401222,-6.038458165161403,0.008292494495960884,0.0013403639707153026,0.0008284243935776149,-5.773755166466806,170.90835520667693,498.6055137065077,6882.086738862635,0.0008749406536357752,53.00962610292235,4.933423525082404,164.38512045638493,22.621081990727895
15 Jul 2026 05:43:00.000000000,-6662.77553609435,-1354.286402010695,-1030.5173041630644,1.8085441474321469,-4.362160091889792,-5.975643434141428,0.008175882639641596,0.0016647439212061068,0.0012719886720835645,-8.818621365417009,172.98690944228997,499.03502078839887,6881.831757380071,0.0008072559350371663,53.008827270209906,4.933265424264652,169.00689291751306,21.806997864785245
15 Jul 2026 05:44:00.000000000,-6539.630802050972,-1612.8326025248477,-1386.50870803899,2.294765978637751,-4.252886677053229,-5.88637662907805,0.008022970250044958,0.001981613760507315,0.0017097322555057937,-11.848075533433473,175.10355110757328,499.5597237868257,6881.476461532701,0.0007284822457835568,53.00771318076095,4.9329490615940825,173.4266409738524,21.194796934915583
15 Jul 2026 05:45:00.000000000,-6387.6089739575755,-1864.2570247022668,-1736.3604429924515,2.770759560788806,-4.124857457738499,-5.771065239837185,0.007834482827811452,0.002289556055824074,0.0021396869437456884,-14.85640198297467,177.27242615513225,500.17277093606765,6881.027176846197,0.0006395494192318384,53.00630340151368,4.932423523530857,177.57697609839963,20.851889920991418
15 Jul 2026 05:46:00.000000000,-6207.387288738705,-2107.451201728587,-2078.5249909928075,3.234415835113709,-3.978648793454182,-5.63023365169262,0.007611310224021951,0.002587199274146985,0.002559926775312376,-17.837476617970683,179.50850456637613,500.8657317297713,6880.491889146655,0.0005416078747454935,53.00462271144392,4.931641602099966,181.32650063789683,20.909696014996534
15 Jul 2026 05:47:00.000000000,-5999.76783100987,-2341.343688350443,-2411.4897343510083,3.6836838377748573,-3.8149178158710235,-5.464520324084636,0.007354500645364433,0.002873224498968746,0.0029685776659507316,-20.78463614430755,-178.1721999259454,501.62874040324095,6879.880100266462,0.00043606237207905737,53.00270066211394,4.930560626016131,184.3954599278574,21.647990405342483
15 Jul 2026 05:48:00.000000000,-5765.673766257409,-2564.9048086751527,-2733.7837013238595,4.116580001393893,-3.6343990858499926,-5.274674407163648,0.00706525373398052,0.0031463716456705784,0.0033638264875591422,-23.690529757126946,-175.75241333638942,502.4506650948848,6879.202657003013,0.0003247132280775991,53.000571054364684,4.9291432112365925,186.0887391445834,23.761907094396797
15 Jul 2026 05:49:00.000000000,-5506.145028887797,-2777.1511924785227,-3043.9840928146746,4.531197017035917,-3.4379008934344237,-5.061551831914958,0.006744912843238664,0.0034054451318480086,0.0037439295151859356,-26.5469497712996,-173.21339897579168,503.31929934774274,6878.471556559078,0.00021043828856002887,52.998271340457066,4.9273579178333105,184.15238002064768,29.50542188838476
15 Jul 2026 05:50:00.000000000,-5222.333492880734,-2977.150079606002,-3340.722559752294,4.92571221199967,-3.2263012345457764,-4.8261109135727756,0.006394956632784829,0.003649318969930679,0.004107220184306786,-29.3446383021163,-170.53478839525695,504.22157222545377,6877.699732099202,0.00010269820938198381,52.99584196226571,4.925179801664222,166.63142047536473,50.83351251311208
15 Jul 2026 05:51:00.000000000,-4915.497655226183,-3164.0233741368406,-3622.6912031929687,5.298395406547051,-3.000543499590731,-4.569407510906069,0.0060169901176570055,0.003876941265755702,0.004452116120752461,-32.073068572620066,-167.6944777095086,505.14377302394956,6876.900822384751,8.132003717673292e-05,52.99332563723691,4.922590851303967,87.83957449100969,133.43247852892284
15 Jul 2026 05:52:00.000000000,-4586.996864309196,-3336.9514321041693,-3888.6482717983436,5.647616220658917,-2.761631909839472,-4.292589785748936,0.005612735301772531,0.004087338118178882,0.004777125421441873,-34.72020230587168,-164.66863935768805,506.07178636235636,6876.088929696107,0.00018228068694157095,52.99076660472413,4.919580302574903,58.439525164692284,166.63964811832903
15 Jul 2026 05:53:00.000000000,-4238.285126902889,-3495.176568728937,-4137.423534026392,5.971850809796584,-2.510626737253033,-3.9968926078548033,0.005184021527611618,0.00427961693061664,0.005080852184756685,-37.27222980479363,-161.431923908214,506.99133333368405,6875.278370413298,0.0002990237724093046,52.98820984599116,4.916144825340892,54.43784128360816,174.44846140101336
15 Jul 2026 05:54:00.000000000,-3870.904528473679,-3638.0062732297247,-4367.923305073006,6.269688016203057,-2.2486393425152484,-3.6836316498089627,0.0047327756614649625,0.004452969154547974,0.005362001303046309,-39.71330786377071,-157.95795733738828,507.8882143830779,6874.483422703808,0.0004153572677153942,52.98570029161737,4.912288579338142,55.383402697982596,177.31004500339253
15 Jul 2026 05:55:00.000000000,-3486.478302099174,-3764.816121317559,-4579.135111252942,6.539834929289893,-1.976827064399104,-3.3541972154168875,0.004261012227340614,0.004606672498622026,0.005619382548521126,-42.02532389295932,-154.22027292480672,508.7485496531099,6873.718075762771,0.000527571210296615,52.98328203024168,4.908023138228119,57.99397617838247,178.50663619658476
15 Jul 2026 05:56:00.000000000,-3086.703581504618,-3875.052377399403,-4770.131977059951,6.781121854903479,-1.6963879914061613,-3.0100478427999247,0.0037708235846627977,0.004740092643037917,0.005851913994105784,-44.18773358408444,-150.1938436429847,509.5590126824794,6872.995784967928,0.0006334821388249572,52.980997532541195,4.903367283255641,61.35207120602347,178.95572715372205
15 Jul 2026 05:57:00.000000000,-2673.3438735701134,-3968.2342802972594,-4940.076322543188,6.992506698594232,-1.4085556439434173,-2.6527037205196327,0.0032643702313102955,0.00485268450826034,0.006058624824684418,-46.177543783858134,-145.8573798545054,510.30705355757004,6872.329237156634,0.0007313401915257454,52.97888690405558,4.898346670282509,65.10628447360376,179.008720547668
15 Jul 2026 05:58:00.000000000,-2248.2212852215575,-4043.956007890728,-5088.223460845525,7.1730787722823495,-1.1145935923108232,-2.283739951574309,0.0027438712922305385,0.004943993128147814,0.006238657598313485,-47.96953836988683,-141.19649295605382,510.9811078847472,6871.730130007988,0.0008196268512269428,52.97698717994915,4.892993376128508,69.09445398354784,178.82777559994213
15 Jul 2026 05:59:00.000000000,-1813.2085389564204,-4101.888317509098,-5213.924687734314,7.322062036845022,-0.8157900325961911,-1.9047796962546055,0.0022115952373503276,0.00501365418314762,0.006391270026226777,-49.53686328071134,-136.2076519361089,511.5707882652199,6871.208969230779,0.0008970116297626486,52.975331674053315,4.887345332249269,73.2320490077204,178.4974183135696
15 Jul 2026 06:00:00.000000000,-1370.220810434851,-4141.779860126548,-5316.6299567029855,7.438817795107344,-0.5134523393561551,-1.5174872207945556,0.001669850850284298,0.00506139424501331,0.0065158363375705285,-50.85207987754488,-130.90254042623468,512.0670553038567,6870.774886920286,0.0009623486340541443,52.973949393571665,4.881445655741491,77.47111819381435,178.0655936006197
15 Jul 2026 06:01:00.000000000,-921.2074206594914,-4163.4581674516185,-5395.890134722261,7.522846850511892,-0.20890161084524386,-1.1235608747088368,0.0011209784520886264,0.005087030784264312,0.0066118482965049925,-51.8887402203712,-125.3119794974012,512.4623655594884,6870.435484064812,0.0010146843996096152,52.972864529670865,4.87534188949747,81.78276783475853,177.56118728330298
15 Jul 2026 06:02:00.000000000,-468.1434143462948,-4166.830311856379,-5451.358834980441,7.573791146427214,0.09653278031018277,-0.7247260158509233,0.0005673413658043193,0.005090471984894067,0.0066789159325775505,-52.62341632259552,-119.48816245780273,512.7507942399394,6870.19669976149,0.0010532681259206899,52.97209603284694,4.8690851648647255,86.1488230638673,177.0023652005019
15 Jul 2026 06:03:00.000000000,-13.021055266941305,-4151.883239787866,-5482.793823983516,7.591434899738764,0.4015186205618796,-0.3227278987879988,1.1317592239432007e-05,0.005071716404439851,0.006716768038519189,-53.03793908801478,-113.50384101570636,512.9281308535749,6870.062709248598,0.0010775609958331763,52.97165728046852,4.862729301489025,90.55751473671839,176.40088665239085
15 Jul 2026 06:04:00.000000000,442.15873158103864,-4118.683779864847,-5490.058001240486,7.5757052402086895,0.7047262647252353,0.08067546099664462,-0.0005447083456435053,0.0050308525086160145,0.006725252479234615,-53.12143137743935,-107.44761454051307,512.9919464461366,6870.035852384337,0.001087243139402314,52.97155584228504,4.856329860194987,95.00109681930037,175.76448735807878
15 Jul 2026 06:05:00.000000000,895.3949414434815,-4067.3783273180766,-5473.11995040703,7.526672364217328,1.0048340140787444,0.48372043660421116,-0.001098353441452153,0.00496805809962109,0.0067043363433891496,-52.87165248637465,-101.41564738936104,512.941631473286,6870.1165937067135,0.0010822175495302968,52.97179334797394,4.849943165440834,99.4744578876381,175.09826831286267
15 Jul 2026 06:06:00.000000000,1344.6950661222845,-3998.192206820389,-5432.054061356973,7.444549208212062,1.3005334573379805,0.8846449442426574,-0.0016472441855250803,0.004883599648127154,0.006654105957543683,-52.295287396347504,-95.50152013100927,512.7784037837291,6870.303514701708,0.0010626106049916267,52.972365459019414,4.843625314556695,103.97427464068247,174.40554263742123
15 Jul 2026 06:07:00.000000000,1788.0836363416333,-3911.4287161055563,-5367.040223119369,7.329690643602515,1.590534768625992,1.2816955946058932,-0.002189024546562236,0.0047778315255183005,0.0065747667650765205,-51.407097345464756,-89.78672945939296,512.5052866127597,6870.593338392916,0.0010287690489018046,52.9732619453924,4.837431191054811,108.49847431014932,173.688373527631
15 Jul 2026 06:08:00.000000000,2223.6107014532545,-3807.4678531374752,-5278.3630881063555,7.1825921912730255,1.8735719561934538,1.6731348328362152,-0.00272136401309846,0.004651195124877871,0.006466643061160973,-50.22817215825437,-84.3340643007874,512.1270569113036,6870.980985851143,0.0009812533963014175,52.97446686567488,4.831413499342123,113.04587798339038,172.94793128192234
15 Jul 2026 06:09:00.000000000,2649.3602175321844,-3686.7647299993428,-5166.410908569809,7.003888250529382,2.148408054569391,2.0572480577622083,-0.00324196574753851,0.004504217847700748,0.006330177559026108,-48.7837339651449,-79.18489287181902,511.6501647595618,6871.459663712815,0.0009208278386775836,52.97595884746531,4.825621837690888,117.61594885873612,172.18474537979958
15 Jul 2026 06:10:00.000000000,3063.458314515442,-3549.847677156767,-5031.67394682751,6.794349834387187,2.413840251219165,2.432350709275243,-0.00374857489633837,0.0043375119254407965,0.006165930751239517,-47.10096077966476,-74.36003134506382,511.08262503609654,6872.0209812960475,0.0008484467908352267,52.97771146315421,4.820101825756721,122.20859346789472,171.39890357029208
15 Jul 2026 06:11:00.000000000,3464.0814124658887,-3397.316042350105,-4874.742461536898,6.554881800857794,2.668704936670488,2.7967953101566767,-0.004238987086950426,0.0041517730365638415,0.00597458001700658,-45.207166023786286,-69.86299909775015,510.4338829308922,6872.655095420552,0.0007652382927311682,52.97969369449424,4.814894301888791,126.82396829089056,170.5902455386082
15 Jul 2026 06:12:00.000000000,3849.4641563804,-3229.8376891022094,-4696.304273203374,6.28651956845851,2.911882664592737,3.1489784455183014,-0.004711057127895296,0.003947778675934314,0.005756918419837875,-43.12848553349085,-65.68429291835689,509.71465530157076,6873.350880575997,0.0006724845386833706,52.981870477838456,4.810034604327027,131.46222372160366,169.75861918727853
15 Jul 2026 06:13:00.000000000,4217.90713817261,-3048.146200748113,-4497.141913256803,5.990425303771607,3.142303005521069,3.4873476593520913,-0.005162707909298326,0.003726386227971501,0.005513853130643771,-40.88907054185724,-61.80561819378884,508.9367502717782,6874.096121651692,0.0005715998597701997,52.98420332051178,4.805551948871531,136.12303913792272,168.90434577220176
15 Jul 2026 06:14:00.000000000,4567.784373890396,-2853.0377968865264,-4278.129362309771,5.667883569406638,3.358949275133926,3.81040824391312,-0.005591939485637564,0.003488530696854506,0.005246403412049155,-38.5106976551677,-58.20347372887148,508.1128678538798,6874.877726043566,0.0004641065338540969,52.98665097753489,4.801468913989572,140.80453388969025,168.02930907704578
15 Jul 2026 06:15:00.000000000,4897.550503340486,-2645.367970492695,-4040.228384908291,5.320296422664789,3.5608631149613226,4.116729893426859,-0.005996838298405088,0.003235222044571529,0.004955698093929654,-36.01267856697056,-54.85187672499036,507.25638473872675,6875.681951600113,0.00035160884728537966,52.98917017686158,4.797801042378754,145.50005307441307,167.14016975117033
15 Jul 2026 06:16:00.000000000,5205.74767900432,-2426.0478552401837,-3784.4844698240963,4.949177957993911,3.747148900824793,4.40495318986845,-0.006375586483113344,0.002967542095848604,0.004642972479570949,-33.4119606713125,-51.72425850569605,506.38112672396153,6876.494646564193,0.00023576592192972194,52.99171638043687,4.794556566059089,150.18535955168375,166.2611733582106
15 Jul 2026 06:17:00.000000000,5491.012110713398,-2196.040334191659,-3512.022387051188,4.556148290462003,3.9169779518017385,4.673795884790393,-0.006726471181141002,0.002686640970891608,0.004309564622023692,-30.72333366713702,-48.79467443606189,505.50113254132515,6877.301497420321,0.00011826442005888314,52.994244567749135,4.79173625983043,154.72943490024892,165.52334942923693
15 Jul 2026 06:18:00.000000000,5752.080232574701,-1956.355902689369,-3224.0413749230947,4.142926982545722,4.069592510540567,4.9220589380034205,-0.007047893765848183,0.002393733018537592,0.003956910924348933,-27.95968323598475,-46.03849870750081,504.63041308180567,6878.088280371891,1.355823090340956e-06,52.996710028146666,4.789333425766354,105.14432578454041,218.91466505281159
15 Jul 2026 06:19:00.000000000,5987.794458950125,-1708.0483000760535,-2921.8099732086766,3.7113259225418447,4.204309464297714,5.148632271341686,-0.007338378873474075,0.002090092229613741,0.003586541025236649,-25.13225470202982,-43.43275833349147,503.78271019556786,6878.841112058934,0.00011503246620200723,52.99906914802462,4.787334009069049,345.57339430920297,342.29177442347924
15 Jul 2026 06:20:00.000000000,6197.108496998831,-1452.2099267369665,-2606.6605206146437,3.263241669660568,4.320523775271404,5.352500193954864,-0.007596583124175453,0.001777047124515787,0.0032000719496509135,-22.25090559303688,-40.95622866476021,502.97125935136836,6879.546695087361,0.00022756463896115043,53.00128017906498,4.785716843350981,350.24940353638016,341.4219331749513
15 Jul 2026 06:21:00.000000000,6379.092184419772,-1189.9670648439496,-2279.9833377665773,2.800647288155155,4.417711588733626,5.532746454692156,-0.007821303404589287,0.00145597511891213,0.0027992015159208315,-19.32433674445861,-38.58937973376649,502.2085604685887,6880.192553980582,0.00033531871846558545,53.00330397403026,4.784454021111025,355.16446855615044,340.3130471095928
15 Jul 2026 06:22:00.000000000,6532.935822606605,-922.4749230530136,-1943.220619407758,2.325583700460068,4.495432988168959,5.688558877261852,-0.008011484587348234,0.0011282963873394827,0.0023857010121246824,-16.360298270443916,-36.31423489502429,501.50616117663026,6880.767257286761,0.00043689420296973147,53.005104677165924,4.78351138299823,0.1865776386771648,339.09715079854175
15 Jul 2026 06:23:00.000000000,6657.953977464318,-650.912527209965,-1597.860062174869,1.8401505969975023,4.553334368137949,5.819233535028329,-0.00816622655687489,0.0007954672557348838,0.001961407168964868,-13.365770611131731,-34.11418200763039,500.87445660617806,6881.260621779663,0.0005310252270516192,53.00665035704604,4.782849117363573,5.295014697254566,337.7949848270852
15 Jul 2026 06:24:00.000000000,6753.58872262588,-376.47748081305974,-1245.428256829049,1.3464969478328184,4.591150397885769,5.924178424557148,-0.008284790422137374,0.0004589731685149645,0.001528213476767718,-10.34712295080274,-31.973762216504387,500.3225095720143,6881.663894978388,0.0006166005635261096,53.00791357069224,4.782422459648336,10.488302517024659,336.408052235101
15 Jul 2026 06:25:00.000000000,6819.412302736341,-100.38062051162413,-887.4838761657076,0.8468111684463615,4.608705551782259,6.002916600323161,-0.008366603799756945,0.00012032128690067186,0.0010880609093037636,-7.310252296413415,-29.878450975720842,499.85789466829414,6881.969912576079,0.0006926816655683777,53.00887184898692,4.782182479384104,15.771254342447621,334.93156656484535
15 Jul 2026 06:26:00.000000000,6855.129197802665,176.15940675504447,-525.6106919483616,0.34331099831641576,4.605915186440466,6.055088737291,-0.00841126507138042,-0.00021896721300032753,0.0006429281349668399,-4.260706883413068,-27.81443905133205,499.48656936936914,6882.173227807053,0.0007585177661850528,53.00950809477077,4.782076941058704,21.151881007396014,333.35754433818335
15 Jul 2026 06:27:00.000000000,6860.577573296613,451.9216172894621,-161.41045604273927,-0.16176684345195957,4.582786148725611,6.08045509327023,-0.008418546527293945,-0.0005573650654100063,0.0001948213077490705,-1.203797634619951,-25.768416793463288,499.21277471930387,6882.27021028533,0.0008135577006160645,53.009810886536265,4.7820512237534984,26.640507476023785,331.67568810166654
15 Jul 2026 06:28:00.000000000,6835.730104684772,725.6881863410134,203.50431756912866,-0.6661771567467221,4.539416903724294,6.078896848905372,-0.008388396335637429,-0.0008933469787901296,-0.00025423645624258275,1.8552986796482382,-23.72736219770817,499.0389676127571,6882.259112407061,0.000857458230965415,53.009774682279314,4.782049283407929,32.24957697532631,329.8735818654958
15 Jul 2026 06:29:00.000000000,6780.69416927784,996.2499369855998,567.5176320898764,-1.167676841376914,4.475997176960743,6.050416809728679,-0.008320939291405621,-0.0012253977493918075,-0.0007022158037127698,4.911441039767306,-21.678331644807542,498.965786034053,6882.140102013609,0.0008900887179483877,53.00939991981976,4.782014640805683,37.993730992252196,327.9366106708025
15 Jul 2026 06:30:00.000000000,6695.711402661706,1262.4117929956494,929.0173099929256,-1.6640354864691287,4.392807110575905,5.995139461698647,-0.008216476327525242,-0.001552020332955537,-0.001147091950980519,7.9594270719594755,-19.608251373352555,498.992047945523,6881.915260646465,0.000911532039271876,53.00869301171848,4.781891377898545,43.89002924646667,325.8477401816132
15 Jul 2026 06:31:00.000000000,6581.156621415994,1522.9981666588988,1286.4022790646416,-2.153045894002574,4.2902159386728265,5.913310378874457,-0.00807548279077089,-0.0018717437836116907,-0.0015868554517788204,10.993893800858103,-17.503707519353902,499.1147838207559,6881.588547376984,0.000922081699642429,53.007666234774405,4.781625124893579,49.958255961583106,323.5872099862112
15 Jul 2026 06:32:00.000000000,6437.536118256345,1776.8582529786872,1638.0898037042452,-2.6325344630895646,4.168680192419502,5.8052949891299575,-0.007898605510173896,-0.0021831309717404578,-0.002019522805806241,14.009212777123437,-15.350732900269897,499.329302122307,6881.165728848084,0.0009222351086571727,53.00633751594305,4.781164020689884,56.221283402544046,321.13216964767065
15 Jul 2026 06:33:00.000000000,6265.485340072051,2022.8712024729716,1982.522623340861,-3.1003713639324832,4.028741450636337,5.671576710885178,-0.007686658708631456,-0.002484785998346169,-0.0024431467930044973,16.999376001828676,-13.13458970883075,499.6292863463909,6880.654276805793,0.00091268301122706,53.004730118349634,4.7804596296616575,62.70546551398589,318.45628467597436
15 Jul 2026 06:34:00.000000000,6065.76596348809,2259.95114588183,2318.175960796297,-3.554480434030833,3.871023656330979,5.512754480529514,-0.007440618828756655,-0.0027753612311845087,-0.0028558264262327194,19.95786895455386,-10.839549132351204,500.006921618629,6880.063235013188,0.0008942950284871211,53.00287223283988,4.779467798582572,69.44102241383955,315.5293516743757
15 Jul 2026 06:35:00.000000000,5839.26238648904,2487.0520454422235,2643.564364776689,-3.99284873403178,3.6962300238562285,5.329539696343268,-0.0071616183611903275,-0.0030535638971562317,-0.0032557164255726787,22.877526966289093,-8.448672012294157,500.453048241411,6879.403058012098,0.0008681011886790993,53.000796482189735,4.7781494384480006,76.46235100935165,312.3169873992878
15 Jul 2026 06:36:00.000000000,5586.977658231366,2703.172348987517,2957.2483523741184,-4.413535706461671,3.505139564937878,5.122752610131686,-0.006850938782470567,-0.003318162177934347,-0.0036410361315543606,25.750371282345895,-5.943599602250019,500.9573390801168,6878.6854247181745,0.0008352691771715069,52.998539346652045,4.776471217336011,83.80815563153098,308.7804978435673
15 Jul 2026 06:37:00.000000000,5310.028872389243,2907.359424908282,3257.8408194627777,-4.814681887232926,3.298603264674644,4.893318202329228,-0.0065100027175194865,-0.0035679907674397845,-0.004010077789337776,28.56742164012418,-3.304371119762717,501.5084972435781,6877.923030291853,0.0007970767937007305,52.996140520922324,4.774406151923546,91.52123290229898,304.877093134133
15 Jul 2026 06:38:00.000000000,5009.64205217968,3098.713757951248,3544.0131891198143,-5.19451712707068,3.077539940680624,4.642261579911695,-0.006140365451185613,-0.003801955863256303,-0.0043612141524804965,31.318483377387803,-0.509296240215404,502.0944701718116,6877.1293601112,0.0007548787680622684,52.99364221383804,4.77193408712144,99.64766939441408,300.5606896882754
15 Jul 2026 06:39:00.000000000,4687.146557570583,3276.392887864488,3814.5012706387133,-5.551368287596377,2.8429318198058176,4.370702938999834,-0.005743705917885359,-0.004019039578349869,-0.0046929053734035865,33.99190951455344,2.4650727329964828,502.7026759960256,6876.318449978598,0.0007100666941938884,52.99108840315561,4.769042055207666,108.23513510332943,295.7836166130844
15 Jul 2026 06:40:00.000000000,4343.969047073153,3439.6150749866038,4068.1108042634596,-5.883666384492155,2.595819867323082,4.079852135525252,-0.005321817295740635,-0.004218303771672904,-0.005003705164143869,36.57434270036807,5.6438013609172994,503.32023788293327,6875.504636914755,0.0006640205433447865,52.9885240585656,4.765724507996769,117.32992565570034,290.49957342593376
15 Jul 2026 06:41:00.000000000,3981.627027960735,3587.6626789670463,4303.72266939639,-6.189953157697878,2.337298903150153,3.771002907767904,-0.00487659732901918,-0.004398893309999912,-0.005292266229533179,39.050449448794076,9.053168984233047,503.934222015331,6874.702305030551,0.0006180503535542355,52.98599434668765,4.761983417804263,126.97251480160584,284.6680775506419
15 Jul 2026 06:42:00.000000000,3601.722029750935,3719.8852388571295,4520.297736658823,-6.468887055727208,2.0685125386344994,3.445526794014143,-0.004410038491691275,-0.004560038782761467,-0.005557344988778917,41.40267102612308,12.719868826209359,504.5318748891705,6873.925631018689,0.0005733278877754516,52.98354383212579,4.757828245306847,137.19177159753772,278.26024718294957
15 Jul 2026 06:43:00.000000000,3205.932436372972,3835.702244777833,4716.881346749462,-6.719248627705559,1.7906479657612155,3.104866787118082,-0.003924218096222637,-0.004701058704027901,-0.005797805618810535,43.61103286270678,16.66965036762505,505.1008557159049,6873.188333775328,0.0005308111451944587,52.98121568875285,4.753275774761576,147.9988169716082,271.26494483351104
15 Jul 2026 06:44:00.000000000,2796.0060126521103,3934.6055932221357,4892.607401505318,-6.939945322451486,1.5049306284516242,2.750530765490616,-0.003421288433487376,-0.0048213612403146,-0.00601262346102978,45.653077679599896,20.925232253051245,505.62945989983706,6872.503432549846,0.000491170187983171,52.9790509352276,4.74834981939955,159.3827141195054,263.6930870985192
15 Jul 2026 06:45:00.000000000,2373.752160636294,4016.161719755118,5046.702054873168,-7.130015698687449,1.2126188030335965,2.3840847371457508,-0.00290346701556879,-0.004920445510946213,-0.006200887845291224,47.50401417041718,25.503356658148995,506.10682980306257,6871.883017834772,0.00045473011391039433,52.977087708334004,4.74308080211233,171.31135331519633,255.57676007160558
15 Jul 2026 06:46:00.000000000,1941.0339409204278,4080.0134044189417,5178.486993614696,-7.288633054172031,0.9149981121125931,2.007145930070365,-0.0023730269736218774,-0.004997902509856687,-0.006361804390253626,49.137195317114966,30.41099639075429,506.5231493058011,6871.338038952105,0.00042145311829724555,52.97536058707247,4.73750521881156,183.74106091818837,246.959610611884
15 Jul 2026 06:47:00.000000000,1499.7598935646536,4125.881246513378,5287.382299470437,-7.415108484128841,0.6133759931137681,1.6213757585371016,-0.0018322876436624514,-0.005053415697399031,-0.006494696840949009,50.5250426968351,35.64100742236045,506.86981900707167,6870.878111974795,0.0003909816472258977,52.97389997954274,4.731664993905556,196.63676656310403,237.87667947816396
15 Jul 2026 06:48:00.000000000,1051.875692520139,4153.56480661038,5372.908886182946,-7.5088933807979386,0.30907613983673243,1.2284726912468282,-0.0012836053557789765,-0.005086761311044214,-0.006599008506874987,51.64049268648904,41.16794198662425,507.1396092813349,6870.511351249701,0.0003627558281862671,52.97273158354955,4.725606739267495,210.00129543127883,228.32510942455792
15 Jul 2026 06:49:00.000000000,599.3556667306325,4162.943414677817,5434.690506229473,-7.569581386291666,0.0034329325993959375,0.8301650435538664,-0.0007293644232148046,-0.005097808437883784,-0.006674303358144902,52.458936133079604,46.945192226404295,507.32678880194544,6870.244227368809,0.0003362044858355967,52.97187593055714,4.719380929842225,223.90919864510207,218.2303152109605
15 Jul 2026 06:50:00.000000000,144.19422035560194,4153.976644042625,5472.455323347613,-7.596909810278752,-0.30221412989874746,0.4282037126849498,-0.0001719683129285226,-0.00508651888733109,-0.006720266832911953,52.96045563600938,52.90486288911184,507.4272265558965,6870.081453975452,0.0003109997920412854,52.97134802114019,4.713041010469713,238.53842977368484,207.41430753332816
15 Jul 2026 06:51:00.000000000,-311.6028161372084,4126.704451645842,5486.0370479795365,-7.5907605224826575,-0.6065259859349814,0.024354871943104903,0.00038616903501029274,-0.005052946893596025,-0.006736706399076602,53.131980649932956,58.96144320105982,507.43846580035296,6870.025905300901,0.00028736662062724865,52.971157058450366,4.706642449806659,254.18850753543379,195.57753078139353
15 Jul 2026 06:52:00.000000000,-766.0268727131789,4081.246985656762,5475.375633633466,-7.551160327719529,-0.9081695437536573,-0.3796073623306888,0.0009426317815055329,-0.004997238668563907,-0.006723551902504159,52.968873957346936,65.01931589046626,507.35976884578935,6870.078565809514,0.0002664340620608835,52.97130628447386,4.700241758132,271.2559476781685,182.32343163520264
15 Jul 2026 06:53:00.000000000,-1217.0753336134592,4017.8040620462107,5440.517532930107,-7.478280828430754,-1.2058231836811226,-0.7819082790082208,0.001495010705560563,-0.0049196318172320865,-0.0066808557234033835,52.475527661201575,70.9827261422979,507.1921319901211,6870.238512795771,0.00025055159001134307,52.971792922021166,4.693895486505497,290.09689729663023,167.29582523378102
15 Jul 2026 06:54:00.000000000,-1662.760207588582,3936.6543122214016,5381.615512770374,-7.372437776577912,-1.4981822210808642,-1.1807799242503274,0.002040911717116324,-0.004820454614882958,-0.006608792745588974,51.66479759304187,76.7657852862093,506.9382703703597,6870.502932230881,0.0002432762190557078,52.97260822350551,4.687659225065471,310.6891419183362,150.5168885764159
15 Jul 2026 06:55:00.000000000,-2101.116743957186,3838.1540043182254,5298.928028728681,-7.2340899136282415,-1.7839643216781846,-1.5744684461141334,0.0025779644170213956,-0.004700125136907191,-0.006507660132115915,50.556438738885824,82.3000685503074,506.60257294201875,6870.86716760674,0.0002484913849889974,52.97373762565831,4.681586618289565,332.2155562832546,132.80371022354905
15 Jul 2026 06:56:00.000000000,-2530.211963705301,3722.7355412774937,5192.818159455983,-7.063837294374241,-2.0619148598743253,-1.9612414195106003,0.003103830751297558,-0.004559150221713084,-0.006377876886381806,49.174959049161394,87.53839358555217,506.19102823925726,6871.324800977525,0.00026863880567965393,52.97516100743953,4.675728414743497,353.1514278658293,115.68096724094868
15 Jul 2026 06:57:00.000000000,-2948.1530745056325,3590.9056394326076,5063.752102638657,-6.862419087745732,-2.3308122092384593,-2.339395137706637,0.0036162137982554644,-0.004398124238582605,-0.006219983165322989,47.547378870148975,92.45478268936323,505.7111220098371,6871.867764862076,0.00030350892344375605,52.976853046557046,4.670131568216873,12.118677539478204,100.52670497956585
15 Jul 2026 06:58:00.000000000,-3353.0957380491373,3443.243192039305,4912.2972349440815,-6.630710845792796,-2.589472952445104,-2.7072618542206945,0.004112866715115297,-0.004217727624553481,-0.006034639299755331,45.70128009344033,97.04166045283353,505.1717082553102,6872.486483148579,0.0003508074395041028,52.97878366824899,4.664838406222936,28.56810649940392,87.89009056814635
15 Jul 2026 06:59:00.000000000,-3743.252157493063,3280.3968230099526,4739.119739435677,-6.369721230833087,-2.8367569956186984,-3.063216956010694,0.004591601856083081,-0.004018725149238847,-0.005822624468367087,43.663345884147766,101.30568515665985,504.5828556355878,6873.170038646402,0.0004075168021439238,52.98091857833612,4.659885880665349,42.652491829643,77.61831772602825
15 Jul 2026 07:00:00.000000000,-4116.898952245542,3103.0821370735935,4544.981805163383,-6.080588190478331,-3.0715725694984877,-3.405686045493385,0.005050300058205292,-0.003801963863927716,-0.005584834966840219,41.4584231554043,105.26339427786728,503.9556716139521,6873.906364463745,0.0004707482234827963,52.983219871049265,4.655304913973047,54.799146810817206,69.28404679411142
15 Jul 2026 07:01:00.000000000,-4472.384786562695,2912.0786737766607,4330.738405159222,-5.7645745711521235,-3.2928810970434683,-3.733151905118097,0.005486920070953782,-0.003568370688321572,-0.005322282007452986,39.10903378098247,108.93739163210147,503.3021071179726,6874.682455962952,0.0005379703023640015,52.98564670080399,4.651119852303313,65.44262559014929,62.45270035631806
15 Jul 2026 07:02:00.000000000,-4808.137718111462,2708.2265739558957,4097.333660673168,-5.4230631625016095,-3.49970190452433,-4.044161314600875,0.005899508088668633,-0.0033189495914792435,-0.005036088987012266,36.63521861863452,112.35337836275677,502.6347448662281,6875.484599665271,0.0006069689311207281,52.98815600596017,4.64734803550698,74.93640119478421,56.77078546719586
15 Jul 2026 07:03:00.000000000,-5122.672232085766,2492.4229688516702,3845.796801490457,-5.057551168288914,-3.6911167504757656,-4.337331687032325,0.006286207324988368,-0.0030547783262862625,-0.00472748816261207,34.05459987312902,115.53804451671611,501.966574853105,6876.298615150974,0.0006757599560875617,52.9907032716811,4.643999491463691,83.54651948277362,51.97223988706196
15 Jul 2026 07:04:00.000000000,-5414.5959264124185,2265.6181035967506,3577.2377342712084,-4.6696441034468625,-3.8662741446884743,-4.611357486727069,0.006645267551306681,-0.0027770046832508092,-0.004397816681558402,31.382569269675795,118.51769436713333,501.31076078382773,6877.110105737707,0.0007425238679596711,52.993243318318136,4.6410767601431075,91.46849134638613,47.86154000774312
15 Jul 2026 07:05:00.000000000,-5682.615813684772,2028.811208551809,3292.842233203053,-4.2610491221816265,-4.024393427577135,-4.865016388680284,0.0069750545043528326,-0.0024868422371879416,-0.00404851192040254,28.632536167296983,121.31743402078489,500.6804014997177,6877.904713524617,0.000805570287460495,52.99573110130179,4.638574850493299,98.84583914032213,44.295154494748985
15 Jul 2026 07:06:00.000000000,-5925.544205933735,1783.0461337907684,2993.86676975363,-3.8335677880853343,-4.164768578975,-5.097175137166166,0.00727405905526659,-0.0021855655709668463,-0.0036811061008213204,25.816193192159613,123.96075876246324,500.08829161946704,6878.668374271429,0.0008633249034281716,52.998122508325594,4.636481330789999,105.7848309991982,41.16680998096869
15 Jul 2026 07:07:00.000000000,-6142.304149216165,1529.4067639100747,2681.63300092016,-3.389088304010846,-4.28677172478974,-5.306795059474619,0.00754090602193004,-0.0018745049718648498,-0.0032972201641905396,22.943774643109276,126.46940799876235,499.5466857357328,6879.387567542902,0.0009143307616932527,53.000375139670076,4.634776550812308,112.36509759246562,38.39687426422016
15 Jul 2026 07:08:00.000000000,-6331.934376288253,1269.0122322413952,2357.5219380468006,-2.929577226783921,-4.389856310050706,-5.49293719015963,0.007774362499878293,-0.001555040608899109,-0.0028985569029509784,20.024294986787346,128.86338970345074,499.0670705383189,6880.049557594473,0.0009572579047932539,53.00244905782856,4.633433991781741,118.64702448858176,35.92496383832682
15 Jul 2026 07:09:00.000000000,-6493.593747378217,1003.0119554079694,2022.9678209551437,-2.457070699427501,-4.473559907767891,-5.654766961560061,0.007973345582488673,-0.001228596212176902,-0.0024868933634374633,17.065762397254122,131.16110600721552,498.65994917910365,6880.642620608115,0.000990917336620217,53.0043074931558,4.632420737796894,124.67684488535699,33.70485100329064
15 Jul 2026 07:10:00.000000000,-6626.5651512714385,732.5805109670912,1679.4517247514377,-1.9736652412297633,-4.537506634704558,-5.791558417800979,0.0081369293465669,-0.0008966322899484589,-0.0020640725545520515,14.075366808095326,133.37953467964078,498.3346420434018,6881.156254105543,0.0010142766640779013,53.005917493058675,4.631698060248353,130.49013542274707,31.70096784168836
15 Jul 2026 07:11:00.000000000,-6730.258841582511,458.91238253164545,1328.4949291647017,-1.481508143408748,-4.581409147656732,-5.902697912010343,0.008264350980010311,-0.0005606389305784971,-0.001631994512275079,11.05964441545017,135.53443799088575,498.0991078463578,6881.581364670358,0.0010264756572705728,53.00725050326555,4.631222104823377,136.11419590154216,29.886026242125784
15 Jul 2026 07:12:00.000000000,-6804.215186173332,183.21659826639535,971.6520825761658,-0.9827875251001794,-4.605070197065872,-5.987687250061425,0.008355015942627095,-0.00022212824996978016,-0.001192606788966874,8.024621786806948,137.64058201138502,497.95978863124395,6881.9104304944785,0.0010268405391986961,53.008282870931616,4.630944668814106,141.5696213723529,28.239445510408622
15 Jul 2026 07:13:00.000000000,-6848.1068111612785,-93.28871006966533,610.5041949578319,-0.47972211065126097,-4.608383718720431,-6.046146248712814,0.008408502063057715,0.00011737344495434404,-0.0007478944511009274,4.975943224436866,139.71195713030485,497.92148181443355,6882.137635722374,0.0010148961929164618,53.008996260738556,4.630814054868874,146.87124543704442,26.746408732034624
15 Jul 2026 07:14:00.000000000,-6861.740124791017,-369.3817993435129,246.65149569282178,0.025449205468914927,-4.591335448824063,-6.077814681461807,0.008424562490482505,0.0004563336970056309,-0.000299869682635968,1.9189851438715433,141.76199557572258,497.9872419067617,6882.258974089929,0.0009903757426418826,53.00937797670148,4.63077598600501,152.02852636626423,25.39747628870776
15 Jul 2026 07:15:00.000000000,-6845.056210556043,-643.8428296045763,-118.2938063431862,0.5304779356176623,-4.554003052704725,-6.082553591616668,0.008403127443063532,0.000793222057067659,0.0001494388969920266,-1.1410388347817413,143.80378485821984,498.1583139551973,6882.272319932496,0.0009532271816726351,53.00942118407844,4.630774565648395,157.04533632650055,24.188796242243797
15 Jul 2026 07:16:00.000000000,-6798.131083280952,-915.4593716247804,-482.71482204442185,1.0331166443152486,-4.496555762774746,-6.060345958865548,0.008344304714062042,0.0011265182690700587,0.0005979970837779515,-4.1989784988876035,145.85027793639748,498.43410010631044,6882.177465256287,0.0009036169307540141,53.00912502755442,4.630753265663865,161.91895825069545,23.12310705901074
15 Jul 2026 07:17:00.000000000,-6721.175306333471,-1183.031877973533,-844.9973016852268,1.5311295869292503,-4.41925352687782,-6.0112967127868195,0.008248378922717382,0.001454720388875272,0.0010437759871666642,-7.249649871337724,147.91450190852373,498.81216001184526,6881.9761222147445,0.000841930475123757,53.00849464371364,4.630655924884139,166.63781468330959,22.212008351385023
15 Jul 2026 07:18:00.000000000,-6614.532972642813,-1445.379088413401,-1203.536935714818,2.0223032665299754,-4.322445673716691,-5.935632094107122,0.008115809519243778,0.0017763527450542181,0.001484762852081831,-10.287736811254252,150.00976739136448,499.2882450954705,6881.671890993013,0.0007687706653082336,53.007541067686354,4.6304277404636,171.17685750801928,21.480570735507726
15 Jul 2026 07:19:00.000000000,-6478.680056669776,-1701.3433409780882,-1556.7465978457783,2.5044568350570318,-4.206569107482703,-5.833698371859615,0.007947227576776024,0.0020899736528021988,0.00191897168369678,-13.307687923568022,152.14988053745347,499.8563659985509,6881.270193762331,0.0006849551833951323,53.00628103572657,4.630016234598441,175.48811804854827,20.976785322267773
15 Jul 2026 07:20:00.000000000,-6314.222148824561,-1949.7957609695798,-1903.0634922457255,2.975452267643152,-4.072146048955937,-5.705959931718176,0.007743431430113633,0.0023941827990825535,0.002344453559625597,-16.303605235825536,154.34935881944833,500.5088918417754,6880.778176008607,0.0005915170146090031,53.00473668731242,4.629372179538125,179.48005604929705,20.79221434207851
15 Jul 2026 07:21:00.000000000,-6121.891587973173,-2189.6413013039896,-2240.956167758363,3.43320424298001,-3.9197813450605294,-5.552996757482591,0.007505381235522799,0.0026876282241134115,0.002759306522165927,-19.269120993488816,156.6236500939582,501.23667929772233,6880.204577150483,0.0004897188993722829,53.00293517212744,4.62845046464297,182.96735398595243,21.112196460215788
15 Jul 2026 07:22:00.000000000,-5902.544011545757,-2419.8236090756054,-2568.93136357446,3.8756896678133006,-3.7501593730245104,-5.375501333781725,0.007234192549384721,0.0029690128355801706,0.003161684955419031,-22.197258846877645,158.989351708188,502.02922888357017,6879.559572927915,0.0003811194315535651,53.00090816895086,4.627210890212316,185.52802113136818,22.358742363931942
15 Jul 2026 07:23:00.000000000,-5657.154346284854,-2639.3296949023547,-2885.5406526116794,4.300956789880087,-3.5640405687833763,-5.174275003383557,0.006931129035484453,0.0032371004031336702,0.0035498083655499126,-25.080275759292128,161.4644219953173,502.87486536892885,6878.854592552535,0.00026786032231242076,52.99869132502503,4.625618874237967,185.98701492047377,25.706913083564523
15 Jul 2026 07:24:00.000000000,-5386.812265809772,-2847.1943834671542,-3189.386850990488,4.707133850603602,-3.362257612021718,-4.950223816921036,0.006597594425252576,0.0034907209947206367,0.003921969499550771,-27.90948133725473,164.0683696420805,503.76093876134104,6878.10211405346,0.00015436283131015,52.99632362585588,4.623646059655512,179.64819893926162,35.852861727907936
15 Jul 2026 07:25:00.000000000,-5092.717143864441,-3042.5045256921812,-3479.130164361279,5.09243723645014,-3.1457113021822023,-4.7043539162589125,0.006235123858305682,0.0037287758286297726,0.004276541753614438,-30.675032267335556,166.8223960598821,504.67404199045,6877.315441621906,6.817865082169212e-05,52.99384670661062,4.621270811560198,133.9226144869999,85.38556168930478
15 Jul 2026 07:26:00.000000000,-4776.172534355988,-3224.402955067484,-3753.4940443775313,5.455179095735646,-2.915366160893931,-4.4377664950790905,0.005845374737298824,0.003950241530094979,0.0046119858415053375,-33.3657016091271,169.7494507814999,505.6002411646205,6876.508469046099,0.00012571883474523895,52.991304117286596,4.618478595669602,66.08450683984555,157.0307801940611
15 Jul 2026 07:27:00.000000000,-4438.580211041853,-3392.0921728120966,-4011.2707312624984,5.793774395633138,-2.672245796544458,-4.15165238152537,0.005430117228564859,0.004154173794521797,0.004926855711055966,-35.96862654690744,172.87413878198478,506.52531412230337,6875.69543353402,0.00023917502280424628,52.98874055462113,4.615262231587186,55.062591966677225,171.8598114502688
15 Jul 2026 07:28:00.000000000,-4081.433801019581,-3544.837748660685,-4251.326461116208,6.106747401880033,-2.417428066229019,-3.8472862879394807,0.004991224535205781,0.004339710472557205,0.005219803714849789,-38.46904483439409,176.2223908741273,507.434992941858,6874.890664342953,0.00035642747886015274,52.98620107427576,4.611622016443212,54.33881992552547,176.3907131666364
15 Jul 2026 07:29:00.000000000,-3706.3120469979085,-3681.971426161702,-4472.606319294221,6.392737571020179,-2.152040069060707,-3.5260207718919276,0.0045306630582372005,0.0045060741020914,0.005489585055638156,-40.850040821160086,179.82077537754907,508.3152061024802,6874.1083306724895,0.00047103419170273187,52.98373029715785,4.607565716913805,56.33137175610835,178.20530962786324
15 Jul 2026 07:30:00.000000000,-3314.8717337492567,-3802.8939233464257,-4674.13872379616,6.650504851680295,-1.8772530029605226,-3.189279950960907,0.0040504825528628035,0.004652573925316431,0.005735061545187717,-43.09233787287025,-176.30470287193933,509.15231609819386,6873.36219323571,0.0005803513115101659,52.98137162382566,4.6031084298137985,59.40031871005769,178.9435324850118
15 Jul 2026 07:31:00.000000000,-2908.8403141669505,-3907.0774214935805,-4855.039525086308,6.878934397223618,-1.5942769146200348,-2.838553011154284,0.003552806366163504,0.0047786074323292165,0.005955204722148276,-45.174195740657055,-172.13048683311206,509.93334848694917,6872.6653638041425,0.0006824665348501864,52.97916647076539,4.598272313885084,62.99855172540936,179.15249135341747
15 Jul 2026 07:32:00.000000000,-2490.0082700731914,-3994.06773640046,-5014.515711076142,7.077040696958011,-1.3043553695290684,-2.4753875456667607,0.0030398218308400763,0.00488366148366812,0.00614909839031416,-47.07149739079216,-167.63817925047044,510.6462085980801,6872.030076833368,0.0007757585627694573,52.977153541928544,4.593086197531833,66.89399793781519,179.06425742380904
15 Jul 2026 07:33:00.000000000,-2060.221242367024,-4063.4861680970453,-5151.8687081035205,7.243971136825056,-1.0087600658695763,-2.1013827569771673,0.0025137708649496777,0.004967313061839613,0.006315940638319034,-48.75813383862207,-162.81811545452376,511.2798824129739,6871.467477022685,0.0008588051156840439,52.97536814828593,4.587585069485882,70.97229789752672,178.79318641484556
15 Jul 2026 07:34:00.000000000,-1621.3719643629927,-4115.031026267828,-5266.497270613233,7.379009003074706,-0.7087854128749698,-1.7181825513193545,0.0019769408126730993,0.005029229707625716,0.006455045411176766,-50.20680430863641,-157.67358823485188,511.8246184662152,6870.987426352268,0.0009303666811946189,52.973841587302616,4.581809461438335,75.1710923957758,178.4016319598124
15 Jul 2026 07:35:00.000000000,-1175.392031310376,-4148.478829781873,-5357.899953872245,7.481575943834517,-0.40574309108504736,-1.3274685504869572,0.0014316555384382983,0.005069169691465321,0.006565843699183519,-51.390321482131014,-152.22512809171198,512.2720879778045,6870.598333781219,0.0009893909147139469,52.972600593178,4.575804733488426,79.45385803063877,177.9261102929878
15 Jul 2026 07:36:00.000000000,-724.2435381651003,-4163.685179686916,-5425.677165435125,7.551233903745448,-0.10095660891100967,-0.9309530419595962,0.0008802667700893209,0.005086981968739388,0.0066478844096962125,-52.28342509939109,-146.51378331904021,512.6155208135093,6870.307010387982,0.0010350225246798749,52.97166686744947,4.569620275025008,83.79808014987259,177.3891275930686
15 Jul 2026 07:37:00.000000000,-269.91061678724355,-4160.585305801633,-5469.532792224283,7.587686546035927,0.20424413277840017,-0.530371884641651,0.0003251456692737494,0.005082605960567084,0.006700834979569284,-52.86495499768014,-140.60203415056245,512.8498152731255,6870.118552297497,0.0010666134496759828,52.97105669814719,4.563308635063936,88.1893735674132,176.80505958126827
15 Jul 2026 07:38:00.000000000,185.60909705254048,-4139.194287673318,-5489.275401023229,7.590780174667622,0.5085282586120402,-0.12747738429462313,-0.0002313254069837091,0.005056071194612946,0.00672448177807525,-53.12005008371292,-134.5711384592318,512.9716201191898,6870.036253273939,0.0010837312237482973,52.97078067413488,4.556924597325862,92.61833548102855,176.1832989400941
15 Jul 2026 07:39:00.000000000,640.3130372760611,-4099.606951174657,-5484.81901094577,7.560504166679053,0.8105693116263181,0.27596884999701154,-0.0007867610010532618,0.00500749682907227,0.006718730336338874,-53.04190584770384,-128.51456199681257,512.9793876788048,6870.061548371651,0.0010861645607712742,52.97084349960599,4.550524216264504,97.07875773052758,175.53004340743462
15 Jul 2026 07:40:00.000000000,1092.2022924479945,-4041.997442437599,-5456.183437042799,7.496990921745189,1.1090506146057564,0.6782030587334537,-0.0013387805608168668,0.004937091077656468,0.006683605432875212,-52.632639122696176,-122.52850685565865,512.8733972738668,6870.193989534621,0.0010739256773136248,52.97124391195442,4.544163830951089,101.56655977639842,174.84936315813215
15 Jul 2026 07:41:00.000000000,1539.2901733569884,-3966.618481187319,-5403.494204750057,7.400515332522727,1.4026705940464044,1.077466486009753,-0.0018850164169373956,0.0048451505364071916,0.006619251042757669,-51.903015447557436,-116.70175315379572,512.6557486603905,6870.431253523612,0.0010472491219127927,52.97197470443294,4.537899074097739,106.07912337423832,174.14386649144194
15 Jul 2026 07:42:00.000000000,1979.6107344659333,-3873.800295894067,-5326.9820353448395,7.2714937757391995,1.6901480607499935,1.4720125264987869,-0.0024231217911972716,0.004732059407612383,0.006525930150432268,-50.87111764920171,-111.10733300361248,512.3303255823712,6870.7691820349055,0.0010065870287601184,52.97302285318519,4.531783893572298,110.61485893415059,173.41513382768034
15 Jul 2026 07:43:00.000000000,2411.2272204163846,-3763.9492435399407,-5226.98190307449,7.11048262048808,1.970227440375332,1.860113856739529,-0.002950778891497925,0.004598288601854141,0.006404024406798231,-49.56031916599406,-105.79776076688532,511.90272997088033,6871.201853362148,0.0009526008197807377,52.974369746414325,4.525869603528845,115.17290617575767,172.66401739646778
15 Jul 2026 07:44:00.000000000,2832.2404084478444,-3637.5461172364303,-5103.931665169767,6.918176247019275,2.241683945951667,2.2400695406292686,-0.00346570714323893,0.0044443946937016985,0.006254033603080053,-47.997044581647906,-100.80416531733367,511.38018774166505,6871.721684446095,0.0008861494633007114,52.9759915116718,4.520203981794577,119.75290641528404,171.89086927328447
15 Jul 2026 07:45:00.000000000,3240.7968171025304,-3495.1441454642504,-4958.370266618676,6.695404566690089,2.5033286825050864,2.6102120968292626,-0.003965671594255491,0.00427101869404965,0.00607657491613378,-46.20873493178786,-96.13848911135874,510.77142756519777,6872.3195616657995,0.0008082744690360294,52.977859435536594,4.514830429310771,124.35479537777809,171.0957488648108
15 Jul 2026 07:46:00.000000000,3635.096750964048,-3337.3666873636557,-4790.935522391139,6.4431300318545155,2.754013671658998,2.9689145129365913,-0.00444849151774757,0.004078884598790545,0.005872381873950017,-44.222264840806915,-91.79739591286994,510.0865343973547,6872.984998250643,0.0007201818624739688,52.97994046834357,4.509787206355098,128.97855390500098,170.27867246657655
15 Jul 2026 07:47:00.000000000,4013.402150420945,-3164.9046293284805,-4602.361480834395,6.162444123520468,2.9926367814147703,3.3145971878357314,-0.004912049220758692,0.00386879766751478,0.005642302980549881,-42.06288168557437,-87.76662870296005,509.336779965273,6873.706315745022,0.0006232214384116451,52.98219780513263,4.505106758942517,133.623798447,169.44002299909585
15 Jul 2026 07:48:00.000000000,4374.044214822341,-2978.5134890802324,-4393.475373138964,5.8545633045844845,3.2181465435585785,3.645734779969243,-0.005354299048938222,0.0036416423847528212,0.005387299935983464,-39.75361447059504,-84.02497606727245,508.53443279525777,6874.470846541645,0.0005188636450538264,52.984591532660495,4.500815147235427,138.28890961560987,168.5814216402439
15 Jul 2026 07:49:00.000000000,4715.430766509736,-2779.010234612683,-4165.194155314871,5.520824427738374,3.429546838119676,3.960862935117519,-0.005773276556704144,0.0033983800541698005,0.0051084453823850105,-37.31504362438267,-80.54744878651233,507.6925507429433,6875.265154121757,0.000408674501013246,52.9870793311553,4.4969315859979755,142.9687293910628,167.70803075773955
15 Jul 2026 07:50:00.000000000,5036.053322775005,-2567.2698266488596,-3918.520650762833,5.162679589371023,3.625901421579556,4.258584863418546,-0.006167107795304624,0.003140045981118033,0.004806920111820321,-34.76531541583559,-77.3075899635789,506.8247593321867,6876.075267310305,0.00029428902097399385,52.98961721853624,4.4934681052029495,147.6467832344812,166.83633188636986
15 Jul 2026 07:51:00.000000000,5334.49384228413,-2344.2214947664347,-3654.5393035070333,4.781690424317706,3.8063382728585218,4.53757773144819,-0.006534018651727846,0.002867746202503799,0.004484009674609754,-32.12030282693386,-74.27901766732613,505.9450195197301,6876.886924574847,0.00017738391840062994,52.9921603240699,4.490429336780375,152.2565552374126,166.03285061624453
15 Jul 2026 07:52:00.000000000,5609.431112359962,-2110.844758959944,-3374.411554310935,4.379521840853267,3.970053728868929,4.796598831743275,-0.006872344152410772,0.002582653729476377,0.004141100333492393,-29.393840824326706,-71.43636452169112,505.0673887687803,6877.685824180123,5.965531836474605e-05,52.994663677911106,4.487812431317042,156.18570144734838,165.90994325178892
15 Jul 2026 07:53:00.000000000,5859.646743641402,-1868.165210156607,-3079.370854257138,3.9579352008761943,4.116316379646537,5.034491489227354,-0.007180537632829479,0.00228600427867993,0.003779674321531631,-26.597988376539217,-68.75578037528118,504.20577952479664,6878.457875858157,5.727836549399384e-05,52.99708300268871,4.4856071062430045,343.8325283851416,342.06931822511393
15 Jul 2026 07:54:00.000000000,6084.030739128332,-1617.250065037433,-2770.7173328806457,3.5187809566152217,4.244470691892949,5.250190661791136,-0.007457179660005466,0.0019790914779013453,0.0034013043734685473,-23.743288600007546,-66.21513767986978,503.3737193322696,6879.1894495750075,0.00017169737443912094,52.999375493248486,4.483795824737204,347.8112052625385,341.8968237560822
15 Jul 2026 07:55:00.000000000,6281.586605516583,-1359.2035124027286,-2449.8121405587026,3.063990762232426,4.353940329269362,5.442728190918451,-0.007700986586818944,0.0016632615442282853,0.0030076475159142775,-20.83901173308289,-63.79404550306794,502.5841169016309,6879.867616974391,0.00028209982566847116,53.001500570859456,4.48235410228418,352.60038741818613,340.9138242422015
15 Jul 2026 07:56:00.000000000,6451.435976061913,-1095.161870209708,-2118.0714875222598,2.595569086175965,4.444231138045641,5.611237657844436,-0.007910818609395815,0.0013399074452870774,0.0026004381175742776,-17.89337423844955,-61.47374719834243,501.8490384226038,6880.480381157342,0.00038701813156665355,53.00342059862198,4.481250935614619,357.5543344224802,339.7660819304276
15 Jul 2026 07:57:00.000000000,6592.822715997802,-826.2885742705848,-1776.960404508399,2.115584357831349,4.514933767758224,5.754958801359502,-0.008085687201516152,0.0010104625686417014,0.0021814802199522595,-14.913732519696225,-59.2369521074907,501.1794983180813,6881.016890619734,0.0004851137361291201,53.00510154548329,4.480449346564344,2.60802681722175,338.51863990823927
15 Jul 2026 07:58:00.000000000,6705.116483782488,-553.7690213617909,-1427.9862526512125,1.6261596896641575,4.565725898390517,5.87324145507029,-0.008224761797460947,0.0006763939362657608,0.0017526391849134904,-11.90675264562207,-57.06763350685704,500.58526843638583,6881.467633414053,0.0005751927629203569,53.006513587148866,4.479907031410753,7.749240280379419,337.18374762788517
15 Jul 2026 07:59:00.000000000,6787.815724146449,-278.80529113679034,-1072.6920126525015,1.1294632234090307,4.596374048226672,5.965548964694251,-0.008327375607474125,0.00033919501518342194,0.0013158327149722358,-8.8785589607111,-54.95081229788329,500.0747093895699,6881.824607927772,0.0006562251399347758,53.007631633273085,4.479577104318851,12.978676105075357,335.76073007965414
15 Jul 2026 08:00:00.000000000,6840.5500720343425,-2.610772678392383,-712.6493855174741,0.6276981556679382,4.6067349399096065,6.031461049758864,-0.008393030455633659,3.781858720875349e-07,0.0008730213171900518,-5.8348651093288515,-52.87233737491556,499.6546273623892,6882.08146707198,0.0007273612371194149,53.0084357715915,4.479408921953023,18.302154754422588,334.2437938582086
15 Jul 2026 08:01:00.000000000,6863.082150038779,273.59527723053486,-349.45173912920154,0.12309250433455111,4.596756406265705,6.070676078820928,-0.00842140054925833,-0.0003385330589704941,0.00042619829764587797,-2.781091195412016,-50.818668001687634,499.3301592478934,6882.233633145637,0.0007879454037664996,53.00891162110343,4.479348974779767,23.728466495371727,332.62417612508716
15 Jul 2026 08:02:00.000000000,6855.308745761189,548.5932160730139,15.293063386990216,-0.38211131767646406,4.566477822054607,6.083012732903941,-0.008412335102342213,-0.0006760121048067339,-2.262061446211303e-05,0.2775292250172105,-48.77665997418458,499.10468841981475,6882.278381172918,0.0008375261210822599,53.0090505880009,4.479341829453266,29.26873281105698,330.89078277465023
15 Jul 2026 08:03:00.000000000,6817.261359639633,821.1685090645253,379.96991623189496,-0.8856670509943845,4.516030052830857,6.068411038126963,-0.00836585976160446,-0.00101053730804961,-0.0004714079032679115,3.335848723192892,-46.73335518326078,498.9797928427365,6882.2148890940225,0.0008758625795637921,53.00885001974215,4.479331105711568,34.93629714202706,329.03029726021117
15 Jul 2026 08:04:00.000000000,6749.10611808345,1090.1172050190185,742.9637662240953,-1.3853351876301874,4.44563491743011,6.026932755298006,-0.008282176799008969,-0.0013406001007015584,-0.0009181350467730054,6.388708652551767,-44.675772977273226,498.95522656328575,6882.044253809927,0.0009029275536807838,53.008313254453675,4.479260470634488,40.74684905362422,327.027055990496
15 Jul 2026 08:05:00.000000000,6651.143051171913,1354.251365452517,1102.6669120814765,-1.8788935438046832,4.35560416606478,5.958761121378696,-0.008161664065309835,-0.001664713015596265,-0.0013607833208412164,9.430841436474072,-42.590701201967185,499.0289349380908,6881.769472727233,0.0009189064985635391,53.00744956468374,4.479074632710112,46.71867585709045,324.8627962763486
15 Jul 2026 08:06:00.000000000,6523.804738622903,1612.4044180549004,1457.4862688712603,-2.364147733668562,4.246337981473536,5.864199944993844,-0.008004872716647005,-0.0019814175417181747,-0.0017973545053011008,12.456769036328504,-40.46448484557141,499.1971032558541,6881.395391103125,0.0009241928340470737,53.006273996393105,4.478720318215089,52.87299560653373,322.51632291307124
15 Jul 2026 08:07:00.000000000,6367.65433213743,1863.4364062524314,1805.8505591434591,-2.838941471394226,4.1183230158647826,5.743672065353155,-0.007812523755821645,-0.002289291724369688,-0.0022258813746405454,15.460694076107899,-38.28281085463865,499.454237721404,6880.928616140732,0.0009193794044645221,53.00480710591642,4.478147212617897,59.23434212991006,319.9631227476043
15 Jul 2026 08:08:00.000000000,6183.382966488711,2106.239107507704,2146.217393025398,-3.3011666320785085,3.972129981368048,5.597717190868106,-0.007585503444327138,-0.002586957429899749,-0.002644437860727318,18.436379988915604,-36.030489054828415,499.7932771091825,6880.377399414983,0.0009052460975769987,53.003074599434974,4.477308850378284,65.83096980547255,317.1749595262095
15 Jul 2026 08:09:00.000000000,5971.806575778808,2339.740994195199,2477.080200711778,-3.7487730060951874,3.808410816229849,5.426989140193736,-0.0073248576692045465,-0.002873087205088031,-0.003051148785957652,21.377016448291013,-33.69123150586306,500.2057327795216,6879.751489804865,0.0008827435587839987,53.001106881230356,4.476163437347704,72.69522860858979,314.11949850444864
15 Jul 2026 08:10:00.000000000,5733.862135053736,2562.9120123523276,2796.974982313581,-4.179777686861989,3.6278954529317957,5.232252514225804,-0.00703178535850894,-0.003146410670214949,-0.003444199075724186,24.275066344404017,-31.24743652298524,500.6818541998862,6879.061959657119,0.0008529728284643948,52.998938518611524,4.474674591186452,79.86382771742801,310.7600425371649
15 Jul 2026 08:11:00.000000000,5470.603350895156,2774.7681552724507,3104.486841881201,-4.592274038230431,3.431388217678996,5.014378832588461,-0.006707631058432023,-0.0034057203980476336,-0.0038218423748757942,27.122090818662414,-28.679989722109113,501.21081663827687,6878.321007397188,0.0008171605396200002,52.99660763289476,4.47281198658297,87.37785578772315,307.05551154381135
15 Jul 2026 08:12:00.000000000,5183.195827634828,2974.375810763038,3398.256274544248,-4.984440194673614,3.219763893218804,4.774342172236377,-0.006353876791691356,-0.0036498772432611323,-0.004182409008024002,29.908549642200562,-25.968103775150084,501.7809273064989,6877.541740225498,0.0007766290234053681,52.9941552271394,4.47055189381393,95.28235654132476,302.9608667092817
15 Jul 2026 08:13:00.000000000,4872.911738440556,3160.8558628596684,3676.9851780584804,-5.3545470548818885,2.99396347867595,4.513214348880196,-0.005972133324258967,-0.0038778151005005525,-0.004524313241205143,32.62357593363863,-23.08923233171336,502.3798459340378,6876.737940883624,0.0007327602900546078,52.9916244624789,4.467877600969561,103.62517621336912,298.4282628794192
15 Jul 2026 08:14:00.000000000,4541.124032666863,3333.387530848284,3939.442562555104,-5.700965737046793,2.754989680996058,4.232159683978974,-0.0055641309683246145,-0.004088545082632816,-0.004846059819806348,35.25472750117677,-20.019113098355568,502.9948155513735,6875.923822740653,0.0006869524589585716,52.9890598958162,4.4647797122782045,112.45473147990353,293.4092805325251
15 Jul 2026 08:15:00.000000000,4189.300212552772,3491.2119305301826,4184.469934887323,-6.022174471751805,2.5039021727069852,3.9324294010189895,-0.0051317100479069105,-0.0042811591242392566,-0.005146249775846814,37.78772288583881,-16.732021281495804,503.6128991541392,6875.1137776306305,0.0006405670261854026,52.986506692354986,4.461256317108626,121.81635846986244,287.85857672514715
15 Jul 2026 08:16:00.000000000,3818.9957135778322,3633.6353447400993,4410.986336603418,-6.316764915763712,2.2418126500624806,3.6153556947432883,-0.004676811145410912,-0.00445483302642513,-0.005423585513191723,40.206179680319536,-13.201346849643889,504.2212179028237,6874.322120967229,0.0005948658495811329,52.98400982690498,4.45731302656414,131.74711731198485,281.7390805627802
15 Jul 2026 08:17:00.000000000,3431.846923594821,3760.0321921342406,4617.993017178132,-6.583447876882321,1.9698797243177932,3.282345515985868,-0.004201465239021732,-0.004608828970804543,-0.005676875195866318,42.49138721610914,-9.4006429187119,504.8071865811784,6873.562838672763,0.0005509386653182016,52.98161328811583,4.452962876895233,142.2695068494703,275.0282785628492
15 Jul 2026 08:18:00.000000000,3029.563876262171,3869.847685180342,4804.577726657613,-6.821058446172804,1.6893036769813892,2.9348741128944034,-0.0037077838257325913,-0.004742497537927513,-0.005905036476156405,44.62216612323163,-5.305316127171014,505.35874218109797,6872.849340387417,0.0005096261810179274,52.979359299760716,4.448226101315404,153.38559498923428,267.72408444229717
15 Jul 2026 08:19:00.000000000,2613.922654356236,3962.6001700691304,4969.918614259821,-7.028560539190815,1.4013211075072658,2.574478366741854,-0.003197949111116252,-0.004855279274189537,-0.006107099612315821,46.574892762946256,-0.8951191815120978,505.86456169408154,6872.194223275667,0.0004714505257777724,52.977287572903904,4.443129774225467,165.07440354216737,259.8474544715077
15 Jul 2026 08:20:00.000000000,2186.7575383149833,4037.8831428896124,5113.287721691152,-7.205050852086449,1.1071994991952205,2.2027499573784524,-0.0026742043265873955,-0.004946705852901954,-0.006282210030159339,48.32379245242934,3.842478069018702,506.31426545885824,6871.609050526346,0.00043657239644464223,52.975434602251816,4.437707333988597,177.29628315889335,251.43801278725832
15 Jul 2026 08:21:00.000000000,1749.9529348962599,4095.366937878925,5234.054061952295,-7.349762241658953,0.8082317261458577,1.8213283898544828,-0.0021388442188419064,-0.005016400880117815,-0.006429630391098867,49.84162044176168,8.908167263791388,506.69860273148856,6871.104148356106,0.00040479841198370377,52.97383301921502,4.431997992726699,190.00739199272257,242.53957302922444
15 Jul 2026 08:22:00.000000000,1305.4351202170901,4134.800084833429,5331.686276201275,-7.462066540481434,0.5057305211764526,1.431893910028107,-0.0015942057353139458,-0.005064080393060393,-0.006548742227735888,51.10083427298752,14.286412906524804,507.0096164988759,6870.688424981062,0.0003756582270186782,52.97251101320924,4.4260460434950915,203.18473066919188,233.175103716014
15 Jul 2026 08:23:00.000000000,855.1638307195384,4156.010333878946,5405.754862806453,-7.541476819144837,0.20102292173107603,1.0361603332648037,-0.0010426589123187346,-0.005089553098180444,-0.006639047208995532,52.07529164546571,19.94174037444514,507.2407849399923,6870.369214624838,0.00034855850955995625,52.97149183151814,4.419900077145616,216.85852377173077,223.31434714575332
15 Jul 2026 08:24:00.000000000,401.1237348829215,4158.905346734398,5455.933974065295,-7.587649107534483,-0.10455529179072266,0.6358678068220315,-0.00048659795480535134,-0.005092720388854998,-0.0067001680892125005,52.74237055723727,25.81703037254149,507.38713734418377,6870.152149191408,0.00032300719280277466,52.97079336664673,4.413612122668812,231.14590927055121,212.84013038795464
15 Jul 2026 08:25:00.000000000,-54.68418225033243,4143.473054399559,5482.0027772046915,-7.600383585966485,-0.409665153186162,0.23277552333167287,7.1567517469672e-05,-0.005073576177930738,-0.006731849390753081,53.085223885472004,31.83514614184011,507.44534271622973,6870.041059754959,0.00029889617960480227,52.97042783854163,4.407236726349495,246.27726468990335,201.52203956507208
15 Jul 2026 08:26:00.000000000,-510.25129014184665,4109.781681862713,5483.846377224799,-7.579625255100144,-0.7129700526989894,-0.17134559971906246,0.0006294210949565597,-0.005032206571057666,-0.006733957858659237,53.094720613899746,37.904544737268765,507.41376972814857,6870.037909513736,0.0002768321686744302,52.97040157736445,4.400829986038639,262.59730336420307,189.01532406524944
15 Jul 2026 08:27:00.000000000,-963.5700085339621,4057.9794409996584,5461.456299985504,-7.525464091033778,-1.0131412554279238,-0.5747202617825152,0.0011845481209426766,-0.00496878939659947,-0.006706482713206244,52.770593518245484,43.92823250603261,507.29251711522716,6870.142759328762,0.00025848134160335234,52.970714910714065,4.39444855771417,280.49532946877537,174.93064199411262
15 Jul 2026 08:28:00.000000000,-1412.642497100994,3988.2938933502287,5414.930534623489,-7.4381346890208215,-1.3088633874668385,-0.9755761305934412,0.0017345442030632025,-0.004883593598753159,-0.006649535714482707,52.12147344353862,49.81408297156409,507.0834140545674,6870.353766427136,0.00024676696950491715,52.97136215732987,4.388148651971232,300.17972680086024,159.05957188121008
15 Jul 2026 08:29:00.000000000,-1855.4893084271457,3901.0309849520686,5344.473135070591,-7.318015396118565,-1.598839881535712,-1.3721511918904337,0.002277023746425598,-0.004776978490010868,-0.006563351039263857,51.16380026837427,55.48393570358557,506.78999050764054,6870.6672163008125,0.0002454943037097728,52.97233172740853,4.381985038324261,321.2744435847264,141.77812835982115
15 Jul 2026 08:30:00.000000000,-2290.1579736215067,3796.573755917665,5250.393381100822,-7.165626929976115,-1.8817983732609949,-1.7627010858730043,0.002809628558308371,-0.0046493928480629025,-0.006448284955421051,49.91991546462227,60.87943260319678,506.4174179518264,6871.077587282684,0.00025799078592335487,52.97360632776204,4.376010075020797,342.58037357019646,124.28538154292899
15 Jul 2026 08:31:00.000000000,-2714.7314896304056,3675.3807280003743,5133.1045000496,-6.981630478145834,-2.156496038130794,-2.1455064175278618,0.003330036567718355,-0.004501373833589114,-0.006304815266840517,48.41581256516413,65.96386789417853,505.9724213679726,6871.577646738079,0.0002854341743293184,52.975163268173816,4.370272781612893,2.567357903933281,108.11145560839125
15 Jul 2026 08:32:00.000000000,-3127.336676887046,3537.9839740393622,4993.121951164386,-6.766825269975711,-2.4217248574838064,-2.5188800259682393,0.0038359706934781735,-0.004333545697498022,-0.006133540490337416,46.67899965332451,70.72064218005544,505.46316379015985,6872.15857727943,0.0003264994963188583,52.97697486350139,4.364817970787939,20.25445401720772,94.23726034227478
15 Jul 2026 08:33:00.000000000,-3526.1523753914894,3384.986873932961,4831.061275507701,-6.522145611512954,-2.6763167997782866,-2.8811741952758285,0.0043252078809142384,-0.004146618238945877,-0.005935178715055345,44.736772599924564,75.1496277962099,504.89910515702167,6872.810130901668,0.0003784656540206644,52.97900892436557,4.359685454913737,35.480123332049985,82.82430383154639
15 Jul 2026 08:34:00.000000000,-3909.4174467326443,3217.0615626720055,4647.635515457172,-6.24865737306282,-2.9191489009606384,-3.2307877861845324,0.004795588311665939,-0.003941384971056947,-0.005710566087384298,42.61501214982425,79.26278904814147,504.2908376273826,6873.520808452623,0.00043837387495125965,52.98122932768647,4.354909341386426,48.56216568346651,73.55475840246564
15 Jul 2026 08:35:00.000000000,-4275.43854882646,3034.946077055471,4443.652209238656,-5.947553919348769,-3.14914822503018,-3.5661732642846893,0.0052450247735877885,-0.0037187209493520766,-0.005460654860155083,40.33747685318897,83.08002811308472,503.6498999323878,6874.278061405208,0.0005035344966267613,52.98359665690178,4.350517429297154,59.938319480885596,65.99086077522519
15 Jul 2026 08:36:00.000000000,-4622.597649714652,2839.4412088670224,4220.009967441048,-5.620151473455531,-3.3652966832627977,-3.8858435967987424,0.00567151215930311,-0.00347958021743994,-0.00518651094250247,37.92549056278528,86.62576440601586,502.9885737243006,6875.068512492859,0.0005715943229417884,52.9860689004657,4.346530718095662,69.99998904777858,59.74118499187216
15 Jul 2026 08:37:00.000000000,-4949.359246158441,2631.407073716357,3977.694640323569,-5.267883908279305,-3.566635687809569,-4.188378986062274,0.006073137042633978,-0.0032249928270166412,-0.004889310888205265,35.39790538754428,89.92639201882305,502.31966524226533,6875.878191414876,0.0006404660138635274,52.98860219619027,4.3429630369908,79.05274207885161,54.500145173599854
15 Jul 2026 08:38:00.000000000,-5254.277252551424,2411.7594062570706,3717.775086728474,-4.8922969627549815,-3.7522706129816954,-4.4724334043081155,0.006448087263037261,-0.002956061393598182,-0.004570338264318557,32.77123487527419,93.00854696825266,501.6562759382618,6876.692781522301,0.0007082528310940206,52.991151608181696,4.339820801585065,87.32405829981099,50.04024701956848
15 Jul 2026 08:39:00.000000000,-5536.001525619617,2181.4655941664864,3441.3985576635123,-4.495041884801261,-3.9213750354327805,-4.736740891089547,0.0067946614336163585,-0.002673957157949915,-0.004230979351918734,30.059877866476825,95.89802648390526,501.0115659822815,6877.497873163547,0.0007732005200724584,52.99367192255093,4.337102902039739,94.98131028862791,46.19410708621048
15 Jul 2026 08:40:00.000000000,-5793.283990659929,1941.5404650571816,3149.7857100343067,-4.077868508548126,-4.073194722840232,-4.980121572000928,0.0071112782695596875,-0.0023799155300440154,-0.0038727181381184054,27.27637915626212,98.61918885190784,500.39851478504886,6878.279219210902,0.00083367477067083,52.99611844775419,4.334800724639543,102.14811746887689,42.83809883540222
15 Jul 2026 08:41:00.000000000,-6024.984335718333,1693.0418423402614,2844.225268565955,-3.6426177798475536,-4.2070513396878795,-5.201487355385618,0.0073964856257070066,-0.002075231105341606,-0.0034971305749812863,24.43169385287816,101.194684703634,499.8296828282884,6879.022988207828,0.0008881564285467793,52.99844780534862,4.332898306364511,108.91671596811285,39.87998275849197
15 Jul 2026 08:42:00.000000000,-6230.075241161693,1437.0658879726807,2526.0683566002126,-3.191213751149769,-4.322345838422061,-5.39984726261303,0.007648969118998022,-0.0017612521534507034,-0.0031058780934016365,21.5354371651781,103.64540430988792,499.3169791677471,6879.716010579496,0.0009352476144483386,53.00061869713116,4.331372619571732,115.35674511231022,37.25011980614354
15 Jul 2026 08:43:00.000000000,-6407.647113600468,1174.74225190547,2196.722519136119,-2.7256550743066197,-4.418561504700535,-5.574312347363304,0.007867560211200124,-0.0014393745939981486,-0.002700700379596535,18.59611110448986,105.9905579556198,498.8714389643414,6880.34601343628,0.0009736839212218732,53.00259263506465,4.330193981703195,121.52135292254528,34.89536575979684
15 Jul 2026 08:44:00.000000000,-6556.91229507051,907.2290499108132,1857.645464136831,-2.2480060275367166,-4.495266626676638,-5.72410016025398,0.008051243622264262,-0.0011110354863685039,-0.0022834074371122144,15.62130555785843,108.24783307523697,498.5030152971639,6880.901839674174,0.001002349466562404,53.00433462107013,4.32932658258175,127.45140959529489,32.77485756630584
15 Jul 2026 08:45:00.000000000,-6677.208720802684,635.7076931944962,1510.3385506881748,-1.7603871203574153,-4.5521167603072765,-5.848538717114046,0.008199163950933919,-0.0007777060743435585,-0.001855870976863985,12.617874596641029,110.4335917330847,498.22038931588673,6881.373647337264,0.0010202926632363197,53.005813764671665,4.328729119950246,133.17840064300128,30.85711996295529
15 Jul 2026 08:46:00.000000000,-6768.003001763141,361.37759482442266,1156.3400550058946,-1.2649653275575954,-4.588856565479183,-5.9470699322486364,0.008310631386027698,-0.0004408844388764035,-0.0014200151946622628,9.592090666444903,112.56308610148342,498.03080249696404,6881.753085549891,0.0010267412675418128,53.00700382759815,4.3283555318130205,138.72638168808405,29.118110404326586
15 Jul 2026 08:47:00.000000000,-6828.892911429325,85.45077939896271,797.2182474773774,-0.7639440099398025,-4.605321191303181,-6.019252482102315,0.008385126402808946,-0.00010208782378672323,-0.000977807011939078,6.549780117938824,114.65067913914223,497.93991438201346,6882.033443747388,0.001021115722619365,53.00788368575738,4.328155812570069,144.11323206520836,27.53996514163683
15 Jul 2026 08:48:00.000000000,-6859.609259915114,-190.85357643215974,434.56431584449285,-0.25955258542662996,-4.601437193118524,-6.064764069729945,0.008422303355958163,0.00023715529058541005,-0.0005312458707040006,3.4964438138380065,116.71006395344158,497.9516887032596,6882.209771425206,0.0010030401256568222,53.00843770047665,4.328076898384468,149.35133101936424,26.110322673033632
15 Jul 2026 08:49:00.000000000,-6860.017142529679,-466.31464408317316,69.98517122287733,0.24596398104703643,-4.577222968492976,-6.083403066307907,0.00842199289725019,0.0005753132829420393,-8.23531856938138e-05,0.4373665547032947,118.75447933958573,498.06831024997695,6882.278966177032,0.0009723503831200022,53.00865599252354,4.328063606079808,154.4476764607999,24.82220461039839
15 Jul 2026 08:50:00.000000000,-6830.116554075147,-739.7154546534233,-294.9038251242764,0.7503557967841451,-4.5327887046620745,-6.075089512410742,0.008384203169400677,0.0009108595670350753,0.00036683843330840356,-2.6222810327061796,120.79692145623584,498.29013421462577,6882.239828392089,0.0009290993240187998,53.008534614153064,4.328059608867039,159.40334127655424,23.674558969907213
15 Jul 2026 08:51:00.000000000,-6770.0423645860365,-1009.8483926439221,-658.4861755228443,1.2513786953354318,-4.468335835286286,-6.039865468764701,0.00830911974744929,0.0012422807560609045,0.0008142960694337551,-5.677344612446145,122.85035301468392,498.6156690942053,6882.093081617067,0.0008735587658985847,53.00807561623874,4.328008431651661,164.21196202550084,22.673771066727152
15 Jul 2026 08:52:00.000000000,-6680.063656705297,-1275.5206423890183,-1019.1515610066308,1.7468048499697553,-4.3841560099597565,-5.97789471347558,0.008197104326486711,0.0015680847227748178,0.0012579973742120917,-8.722588803499367,124.92791203149248,499.04159352865236,6881.841358243595,0.0008062188494849901,53.00728700940679,4.327854448271496,168.85656055453924,21.836841483644623
15 Jul 2026 08:53:00.000000000,-6560.582429392936,-1535.559558206875,-1375.303118736736,2.2344332718505315,-4.280629585421034,-5.889461790107021,0.00804869217592042,0.001886808464597654,0.0016959413079269494,-11.75259694583459,127.04312227473007,499.5628067547403,6881.489150844465,0.000727785555548808,53.00618261996639,4.327543863081419,173.30310683019837,21.197822826829107
15 Jul 2026 08:54:00.000000000,-6412.1316770885815,-1788.817929965686,-1725.3646431206216,2.712100120128738,-4.158223652737041,-5.7749704182483645,0.007864588405377333,0.002197025687555938,0.0021261586260777825,-14.76166447296236,129.21010704115602,500.1725116600013,6881.042730134466,0.0006391787008776771,53.00478184328834,4.327025659548135,177.48696325914884,20.82137500258534
15 Jul 2026 08:55:00.000000000,-6235.37285771412,-2034.179116778498,-2067.7876729348354,3.1776887545056542,-4.017489619703552,-5.6349412851519265,0.007645663108194504,0.0024973540298610605,0.0025467219998796206,-17.74368229842769,131.4438067264592,500.8623287568924,6880.510031160387,0.0005415365606134394,53.00310929908812,4.326252499173615,181.28181029404288,20.83383922578719
15 Jul 2026 08:56:00.000000000,-6031.092766932047,-2270.5620228274242,-2401.0584280587955,3.6291394654105082,-3.8590603721947683,-5.470009243445664,0.00739294547076858,0.002786461855533211,0.002955755669574239,-20.692006520926586,133.76019853940647,501.6224387808312,6879.900509915596,0.00043624618565822496,53.00119439479413,4.325181554905738,184.41854505791017,21.50433903351312
15 Jul 2026 08:57:00.000000000,-5800.199839792645,-2496.9258908743527,-2723.704561093248,4.06445882264424,-3.6836470420716707,-5.280919945664061,0.007107616948527748,0.0030630745585288116,0.0033514445410248706,-23.59931072271816,136.17651323473135,502.44175106289566,6879.22497311446,0.00032507325164835536,52.99907080479219,4.323775264462645,186.22868693715876,23.50137436009529
15 Jul 2026 08:58:00.000000000,-5543.719904257337,-2712.2748907641535,-3034.3016911229684,4.481728589947338,-3.492035412439313,-5.068525951238591,0.006791003627042188,0.0033259803312808427,0.003732042652223655,-26.457417316304376,138.7114382517852,503.3080943522542,6878.495384340877,0.00021079327614669397,52.996775874805905,4.322001990341561,184.54478125352858,28.992417568915247
15 Jul 2026 08:59:00.000000000,-5262.791414020226,-2915.662482157822,-3331.479689132877,4.879114160255528,-3.285081993442438,-4.8337823455335105,0.006444567894073956,0.0035740353643400912,0.004095880952423454,-29.257105015801912,141.3852882406755,504.2084263740449,6877.724650192555,0.00010232350923359487,52.99434996197677,4.3198365750063346,167.773989268486,49.57032319243242
15 Jul 2026 09:00:00.000000000,-4958.6601905366715,-3106.195532773716,-3613.928687046063,5.254872474158964,-3.0637098033743877,-4.577741913418694,0.006069899554109769,0.003806168457918269,0.0044413743547521535,-31.98789094484748,144.22011146871816,505.1290581124157,6876.9263903741,7.869312844931415e-05,52.9918357223226,4.317260781562414,87.62799541332795,133.52342049139182
15 Jul 2026 09:01:00.000000000,-4632.673706180371,-3283.0381755337694,-3880.40478495466,5.60735939203192,-2.828903890622563,-4.301549911695942,0.005668706517487869,0.0040213850392891975,0.004767028040551585,-34.63778871842564,147.23968271759153,506.0558886075297,6876.11469593988,0.0001799356592698323,52.98927735816026,4.3142636123026135,57.761798782405606,167.19672179917137
15 Jul 2026 09:02:00.000000000,-4286.274941993997,-3445.4153901405534,-4129.735433796009,5.935036498185123,-2.581706631915723,-4.0064384854359725,0.005242805194795597,0.004218770594502814,0.005071443012997073,-37.19304889263263,150.46930894544084,506.9746459494644,6875.3038800537415,0.00029679510487721903,52.98671983876431,4.31084149962342,53.876532103401864,174.88910343978546
15 Jul 2026 09:03:00.000000000,-3920.995854571879,-3592.6162967188793,-4360.824473427171,6.236477322977023,-2.323212841508667,-3.6937207729703907,0.004794110718027726,0.004397493533732589,0.005353320913085783,-39.63789659050611,153.9353433356846,507.87113013631733,6874.508225712212,0.00041316341477592045,52.984208107983406,4.3069983660593625,54.89982691081744,177.67294049492966
15 Jul 2026 09:04:00.000000000,-3538.4504872487505,-3723.997151191951,-4572.656808702932,6.510372975862146,-2.0545647244151453,-3.3647847429966107,0.004324627100627237,0.004556807521411663,0.005611468127674895,-41.954294181036566,157.66426962578697,508.73145353294444,6873.741734877566,0.0005254047210935689,52.981786292748595,4.302745552525312,57.55984773722951,178.8200726060488
15 Jul 2026 09:05:00.000000000,-3140.327761002853,-3838.984033981882,-4764.302708717291,6.755537188652979,-1.7769467046876004,-3.0210868050927555,0.003836437433162661,0.004696053309999303,0.005844799231111869,-44.12177564926763,161.68119140375435,509.5422748112809,6873.017883386455,0.0006313598045193145,52.97949692637252,4.298101616097071,60.95142821156163,179.23566792180003
15 Jul 2026 09:06:00.000000000,-2728.3839803617025,-3937.075225409878,-4934.921716769221,6.970910773655131,-1.4915801571429856,-2.664145232052894,0.003331694197416057,0.004814660125368524,0.006052339815745827,-46.11742349353401,166.00756078032978,510.29102246430296,6872.349385846908,0.0007292874924291013,52.97738020026348,4.293092001016194,64.72954843358403,179.26474582030175
15 Jul 2026 09:07:00.000000000,-2304.4350891842064,-4017.8432627832403,-5083.766160828887,7.155565505672406,-1.199718067997769,-2.295533428989944,0.0028126097600165694,0.004912146653365007,0.006233228770834323,-47.91608516619898,170.65804233505406,510.9661042523903,6871.747974515259,0.0008176718020185694,52.97547325716589,4.2877485887612,68.73544695077285,179.06606507776368
15 Jul 2026 09:08:00.000000000,-1870.348710549934,-4080.936675589574,-5210.184256271691,7.30870744007865,-0.9026396467309001,-1.9168730803082281,0.0022814470903272173,0.004988121682153316,0.006386720077945165,-49.49094490381678,175.63657773133784,511.55709925353307,6871.224195862923,0.0008951817604274949,52.97380953829712,4.2821091351843865,72.88653027042221,178.72221454740944
15 Jul 2026 09:09:00.000000000,-1428.0360041874044,-4126.0813964568315,-5313.622794402281,7.429679681179186,-0.6016449083038925,-1.5298272016015622,0.0017405107253245953,0.005042284451789414,0.006512184188953721,-50.8145609670342,-179.06796896575142,512.0549295371469,6870.787228208275,0.0009606692434993547,52.972418195796294,4.276216604617218,77.13601872976605,178.27996752192863
15 Jul 2026 09:10:00.000000000,-979.4433739771409,-4153.081846592877,-5393.629411798625,7.517964615946087,-0.2980492417501851,-1.1360931194861381,0.0011921379872289351,0.005074424762799765,0.006609109055030777,-51.86042460329184,-173.48576535432164,512.4520088567924,6870.444723407135,0.0010131774262377912,52.97132358074914,4.270118412728565,81.45576156658116,177.76746693222248
15 Jul 2026 09:11:00.000000000,-526.5440571563776,-4161.821695286048,-5449.854436773861,7.573185627960177,0.006822021725293803,-0.7373953985134041,0.000638690439948273,0.005084422887695405,0.006677100866503737,-52.604977663268755,-167.66832068596295,512.7423661520914,6870.202675175964,0.0010519513733098255,52.970544815723805,4.263865591414578,85.8280712852606,177.20239128207263
15 Jul 2026 09:12:00.000000000,-71.32962602882284,-4152.264293760498,-5482.052310291414,7.595108305131546,0.31163903049867536,-0.3354787308552892,8.254555621777733e-05,0.005072249325266889,0.006715884559585502,-53.02985053975609,-161.68778630016496,512.9217420583708,6870.065316170066,0.0010764475986647676,52.97009545926914,4.25751189041462,90.24150460833145,176.59617402243222
15 Jul 2026 09:13:00.000000000,384.1985679219414,-4124.452784251658,-5490.082579528608,7.583641152659512,0.6150728156521398,0.0678991986423525,-0.00047391144693528954,0.005037964425518917,0.006725304131344546,-53.12390926140018,-155.6323708813822,512.9876570392848,6870.035045463023,0.0010863412152340253,52.969983268217945,4.251112831393905,94.68853303907238,175.9563333341284
15 Jul 2026 09:14:00.000000000,838.0379779650411,-4078.5098856307895,-5473.910462936967,7.538835819852462,0.9158006683386652,0.4709748615148792,-0.0010282956553107102,0.004981717908486877,0.006705322799006621,-52.88462857194849,-149.59815143189363,512.9394501791335,6870.112387578221,0.001081530008630312,52.97021006192643,4.244724731114574,99.164184850423,175.28783049564586
15 Jul 2026 09:15:00.000000000,1288.1934452615203,-4014.6373573038904,-5433.606986245606,7.460886846163828,1.2125114853524028,0.8719860401217808,-0.0015782304456038322,0.004903748284049613,0.006656023018915071,-52.31841769979439,-143.67894664331334,512.7782880960475,6870.295983716944,0.001062135102421528,52.970771690799594,4.23840371077369,103.66521534445945,174.59389998579888
15 Jul 2026 09:16:00.000000000,1732.6857524007137,-3933.1151434638095,-5369.348689324624,7.350130928218728,1.503911077022918,1.2691789793033554,-0.0021213554743706323,0.004804382173586094,0.006577606372223865,-51.43980489108059,-137.9567575415146,512.50714386215,6870.582615312883,0.0010284980683784618,52.9716581096337,4.232204708903176,108.18957647015225,173.87658022595252
15 Jul 2026 09:17:00.000000000,2169.5601185871774,-3834.3002001381788,-5281.416904312205,7.207045706032987,1.7887274312134247,1.6608155269935638,-0.0026553347263889165,0.004684033520616741,0.006470393305946238,-50.2697119336375,-132.49502888935962,512.1307462420378,6870.967259528648,0.0009811744573801808,52.972853554476146,4.2261805150811345,112.73605911085369,173.1370716433447
15 Jul 2026 09:18:00.000000000,2596.8946075100093,-3718.6250078773196,-5170.196605920397,7.032248063248961,2.0657159262057507,2.0451802545216506,-0.003177864675818776,0.004543202669608769,0.00633482270685512,-48.833264514171375,-127.33581092895838,511.6554999850279,6871.443175799502,0.0009209238192073615,52.97433681989853,4.220380841408986,117.3040308085005,172.375999281576
15 Jul 2026 09:19:00.000000000,3012.808418516992,-3586.595773407,-5036.17483543383,6.826491933272657,2.3336644836778344,2.420587545529771,-0.003686682603952982,0.004382475281735065,0.006171451270885644,-47.1576090541553,-122.50053017806083,511.0893783285934,6872.0020220297365,0.0008486963562280906,52.976081631826275,4.214851447997051,121.89321215709006,171.59363671905004
15 Jul 2026 09:20:00.000000000,3415.470031150741,-3438.7903241594477,-4879.938700648752,6.590665600897758,2.591398650916455,2.7853886399016465,-0.004179575106004387,0.004202521050304604,0.005980952621503251,-45.270077662442844,-117.99319073089806,510.4417892881541,6872.63399856265,0.0007656164230114388,52.97805710940199,4.2096333377939485,126.50343250466426,170.79015064986328
15 Jul 2026 09:21:00.000000000,3803.105172431734,-3275.8557003179244,-4702.172954902106,6.325788487520939,2.8377865989473814,3.1379786159658716,-0.0046543868025785105,0.004004092170614717,0.005764116118250043,-43.196858424902324,-113.80463481782736,509.72341771955337,6873.328017583911,0.0006729631438276881,52.98022830780323,4.204762034861094,131.13426842883828,169.9659626564502
15 Jul 2026 09:22:00.000000000,4174.004575473304,-3098.5054499164307,-4503.657159482832,6.033007407590295,3.0717440204863458,3.47680329057658,-0.005109029256066792,0.0037880215182844205,0.005521845294306566,-40.96217342342272,-109.91678702977258,508.94604554076096,6874.071895183988,0.0005721484746466457,52.982556832522604,4.20026695876168,135.7843440440479,169.12244911017655
15 Jul 2026 09:23:00.000000000,4526.531497438415,-2907.5166335176486,-4285.2624349861335,5.713592284391668,3.2922389088268846,3.800366012917349,-0.0055414900732610635,0.0035552204871971186,0.005255155856157473,-38.5878772632738,-106.30626461151533,508.1223528831557,6874.852562907882,0.0004646930885768823,52.98500151436615,4.196170906056392,140.44965390178106,168.26361843528412
15 Jul 2026 09:24:00.000000000,4859.128963931135,-2703.72654631916,-4047.9478088679207,5.368931315160992,3.4982961957247163,4.107234323627283,-0.005949842154899017,0.0033066764389417867,0.004965173177641812,-36.09335905879526,-102.94713013675698,507.265703304413,6875.6562952641225,0.00035220052832245295,52.98751913336093,4.192489648027321,145.1185886391892,167.401085575824
15 Jul 2026 09:25:00.000000000,5170.326706617864,-2488.0291668387285,-3792.7561681813972,5.000525578233615,3.6890022237248075,4.396046447112241,-0.006332253033990518,0.0030434497196190824,0.004653129224093193,-33.49563843965477,-99.81281164178506,506.3899165247935,6876.468949358667,0.00023633024011565867,52.99006517890263,4.189231651714345,149.75212808691126,166.5738789528699
15 Jul 2026 09:26:00.000000000,5458.747760426919,-2261.3713429297463,-3520.809828591062,4.609983079023852,3.863509025818824,4.665517581109663,-0.0066869942294061355,0.002766670207217339,0.004320358850741125,-30.809569829481635,-96.87733165606238,505.5090324392037,6877.2762125694435,0.00011877150475726423,52.99259463283209,4.186397929237004,154.1463477016182,165.98593404427297
15 Jul 2026 09:27:00.000000000,5723.114686671743,-2024.7487275502763,-3233.3057330035235,4.199012236646587,4.021038383278768,4.914445944393272,-0.007012450519882786,0.002477533357729099,0.0039682954241335505,-28.04809530084266,-94.11601579583632,504.6370703975904,6878.063853990913,2.095723353751933e-06,52.99506276171909,4.1839820180982334,104.30522977444825,219.63328213492264
15 Jul 2026 09:28:00.000000000,5962.25538872512,-1779.2014785073313,-2931.5102955946777,3.7694148189642758,4.160885630979103,5.14171854090336,-0.007307129034080922,0.002177295730769175,0.0035984657312304667,-25.222508311925374,-91.50583613436113,503.78778792639156,6878.817975260522,0.00011475169406639104,52.997425904459774,4.181970092888295,345.58718867690146,342.15752497596816
15 Jul 2026 09:29:00.000000000,6175.108487545171,-1525.8097382657838,-2616.753909578914,3.323078340566222,4.28242317862922,5.346316596775169,-0.007569668037162928,0.0018672699849166911,0.00321248415197201,-22.34270682286615,-89.02551273853491,502.97444317410555,6879.525256337832,0.00022742476153635874,52.999642241362565,4.180341206515589,350.1043036823772,341.4466018158154
15 Jul 2026 09:30:00.000000000,6360.728225447966,-1265.6889118115837,-2290.4251397109174,2.861967945469995,4.385103716165518,5.527320625828512,-0.007798845291723208,0.0015488193472446904,0.00281204608994828,-19.417425163085678,-86.65546366559803,502.2095653949061,6880.173191843769,0.00033534319600958323,53.00167253120855,4.179067656827042,354.9635249427367,340.39358322547145
15 Jul 2026 09:31:00.000000000,6518.288868063291,-999.9847624507961,-1953.9646231767933,2.3881178039551716,4.468463072152456,5.683915079170291,-0.007993585862217415,0.0012233515730060167,0.002398920670073074,-16.45444081056074,-84.37766566778203,501.5047377289252,6880.750313687366,0.0004370998514743521,53.003480803318034,4.178115472255302,359.95474615329454,339.2085981877139
15 Jul 2026 09:32:00.000000000,6647.088576413554,-729.8683472516486,-1608.858705155956,1.9036220606469825,4.532122695446645,5.815392535705179,-0.008152969236160885,0.0008923124260897606,0.001974942732121048,-13.460756201389534,-82.17546642551008,500.8703963904104,6881.246395909631,0.0005314231291528073,53.00503499242889,4.17744500806865,5.041791130616881,337.9278472294746
15 Jul 2026 09:33:00.000000000,6746.552723513184,-456.5308155651351,-1256.6328378590447,1.4106253785244374,4.575791732576744,5.921157392566462,-0.0082762356386664,0.0005571787234226146,0.0015420041659691135,-10.442757817953737,-80.0333737667085,500.31565013304373,6881.652637958485,0.0006171957764996474,53.00630750518011,4.177011642811364,10.218017565942015,336.55799833918525
15 Jul 2026 09:34:00.000000000,6816.236632787122,-181.17809561984265,-898.8447741998494,0.9113131306619183,4.599268676262321,6.000729017751911,-0.00836279142661673,0.00021945099909281905,0.0011020446518673432,-7.406355825163427,-77.93683678554562,499.84812352610345,6881.961822971901,0.00069347284186855,53.00727570818025,4.176766562806304,15.48599365409382,335.0965099745422
15 Jul 2026 09:35:00.000000000,6855.82771891126,94.9745044349756,-537.0775893873355,0.40790129801088215,4.602442564164874,6.053744331516372,-0.00841221346082459,-0.00011935414523277776,0.0006570418846135211,-4.357107915864471,-75.872026774255,499.47382714962845,6882.168448082972,0.0007594968335716578,53.007922329003506,4.176657620956996,20.852573064759966,333.5365556997872
15 Jul 2026 09:36:00.000000000,6865.147015346258,370.7077535423001,-172.93256556850977,-0.09737386285772448,4.585293711257592,6.079959788239955,-0.008424252370573404,-0.0004577119274018965,0.0002090013746840582,-1.300331092205902,-73.8256213695566,499.1970573092588,6882.268824262514,0.0008147096420216659,53.008235762974216,4.176630254841921,26.327403886262577,331.8685148288932
15 Jul 2026 09:37:00.000000000,6844.150076807015,644.8039844429251,191.9780238349337,-0.602266313567609,4.547893963996537,6.07925273642967,-0.008398834645611133,-0.0007940974257845473,-0.00024005406884639147,1.7587949654515207,-71.78459250168156,499.02032729318535,6882.261143773245,0.0008587609830578577,53.00821028024771,4.176628447949934,31.92249192695996,330.0804086964727
15 Jul 2026 09:38:00.000000000,6792.927249116997,916.0525811609366,556.0381923141921,-1.1045308174971067,4.490406469651845,6.051622141065283,-0.008336063509535125,-0.0011269936856147878,-0.0006880950603362385,4.81512939840158,-69.73599707307906,498.9443315586127,6882.145513912314,0.000891513202388594,53.0078461294405,4.17659571719663,37.65217405754928,328.1579268804186
15 Jul 2026 09:39:00.000000000,6711.703303262983,1183.255438107485,917.6355424648431,-1.6019335392690377,4.413084959562993,5.99718865948719,-0.008236218555340772,-0.0014548997994879907,-0.001133096445480297,7.863473075076783,-67.66676843800089,498.96794356081017,6881.923956352958,0.0009130423408863826,53.007149535880735,4.176476109317006,43.53328900107029,326.0842559769343
15 Jul 2026 09:40:00.000000000,6600.836434909768,1445.2323617345305,1275.1685533508212,-2.092262585768541,4.316272550566364,5.9161940692490305,-0.00809975414265862,-0.0017763388707874978,-0.0015730480737665975,10.898469462843517,-65.56350651529478,499.08824724224684,6881.60037204767,0.0009236354091214943,53.00613259440226,4.176215188585556,49.58546330777757,323.83979319832713
15 Jul 2026 09:41:00.000000000,6460.816635073486,1700.826386079325,1627.0538143240753,-2.573338415114617,4.200400074248534,5.809000053616458,-0.007927296584867986,-0.0020898657716017384,-0.002005965415514275,13.914499985937374,-63.41226469218039,499.300601502976,6881.180472310039,0.0009237838540992677,53.00481305846701,4.175760998412782,55.83147242310435,321.4017848927841
15 Jul 2026 09:42:00.000000000,6292.263441999485,1948.9089742784406,1971.7331671311526,-3.0430240422479042,4.065983948848853,5.6760863574779385,-0.00771964017284958,-0.0023940746115713347,-0.0024298999078127877,16.905570294778904,-61.19833264168815,499.5987362953033,6880.671677333238,0.0009141732137096343,53.003214029232105,4.175064979822327,62.29764609124098,318.7439207508769
15 Jul 2026 09:43:00.000000000,6095.923088469053,2188.3850791609616,2307.6807190926224,-3.4992349733432357,3.913623613427136,5.51804833314697,-0.007477742107584346,-0.002687605842376233,-0.0028429489222275635,19.865183756901462,-58.9060159947702,499.9748783458833,6880.0829840198785,0.0008956689331952509,53.00136354995105,4.174082830538109,69.01427903015352,315.8359227698872
15 Jul 2026 09:44:00.000000000,5872.66506268873,2418.1980373418664,2633.4096914854736,-3.9399488060052885,3.743998548190726,5.33559390168964,-0.007202716426341741,-0.002969152930556205,-0.003243265256564984,22.786198410874388,-56.51841686004023,500.41990392268343,6879.42480557148,0.0008692982460378001,52.99929411278104,4.172775289460848,76.0159845385391,312.6431913219375
15 Jul 2026 09:45:00.000000000,5623.478104538096,2637.334272774317,2947.4790689476667,-4.36321443797436,3.5578649085386114,5.129539960845339,-0.0068958270296966846,-0.003237468544378811,-0.003629066067793853,25.660663720796883,-54.01722405798361,500.92351554853815,6878.708785808755,0.0008362278784353826,52.997042086627324,4.171108832532078,83.34188844598158,309.1266109205589
15 Jul 2026 09:46:00.000000000,5349.465662196126,2844.827787480683,3248.5000177183188,-4.767160833688006,3.3560518033191276,4.900808275182538,-0.006558479923768431,-0.0034913702117210935,-0.003998641177556189,28.479633932498295,-51.38252947334007,501.4744391284389,6877.947591652303,0.0007977371001341886,52.994647076068674,4.169056267655034,91.03550068711448,305.2426784101253
15 Jul 2026 09:47:00.000000000,5051.840837006725,3039.7644190706624,3535.142042767782,-5.1500053052485635,3.139457249978504,4.650420887743665,-0.0061922148019321974,-0.0037297454195906635,-0.0043503606987536775,31.232955994214812,-48.592698242632366,502.0606376123668,6877.154687579889,0.0007551853041919935,52.992151222641795,4.166597217999793,99.14402254288102,300.94419553951633
15 Jul 2026 09:48:00.000000000,4731.920846834521,3221.285846670507,3806.1388563046953,-5.510061271927709,2.9090438406420587,4.379495095012707,-0.005798696093135698,-0.003951556138914027,-0.004682681948599405,33.909032383073004,-45.624336898049,502.6695370644904,6876.344096184275,0.0007099728837745702,52.989598460802796,4.163718485041374,107.71676266588894,296.18185280662783
15 Jul 2026 09:49:00.000000000,4391.121040097786,3388.593328952726,4060.2939327050335,-5.845745470021199,2.665834153731439,4.089238028561024,-0.005379703605911314,-0.004155842772683472,-0.004994155632652639,36.49456354630118,-42.45242630371224,503.2882608536134,6875.530149180453,0.0006634938135834518,52.98703374170448,4.160414284801503,116.80228625495906,290.9070802113029
15 Jul 2026 09:50:00.000000000,4030.948494142841,3540.9511600292526,4296.485727534312,-6.15558459240955,2.4109059455068858,3.780940887195767,-0.0049371228903594844,-0.004341727537223088,-0.0052834313003833466,38.97428208820682,-39.050715604452115,503.90386761686415,6874.7272333500305,0.0006170783589361405,52.98450223851777,4.156686352947328,126.44400080066697,285.0764614966147
15 Jul 2026 09:51:00.000000000,3652.9952326511116,3677.689831021813,4513.672540959744,-6.438221344345818,2.1453871549716172,3.4559728629075033,-0.004472935432558723,-0.004508417297538426,-0.00554926208867446,41.33070260674292,-35.39250734227056,504.50358867429696,6873.949535965308,0.0005719253426638559,52.98204854737282,4.152543916838956,136.67424058676156,278.6576496943225
15 Jul 2026 09:52:00.000000000,3258.9310973927168,3798.2088870779644,4710.89700842079,-6.692419908546173,1.8704507540056805,3.1157748024709275,-0.003989208784798613,-0.004655205888071449,-0.005790508784369692,43.543928411393914,-31.451994883435646,505.07506067819565,6873.210794205522,0.0005290262844598546,52.97971589808915,4.148003534845649,147.5077178836207,271.63591603803724
15 Jul 2026 09:53:00.000000000,2850.4963098764865,3901.9794714635364,4887.290203889315,-6.917070818433829,1.587309472468656,2.761852644318861,-0.0034880867210436445,-0.0047814759587894535,-0.006006143250119505,45.591579504998904,-27.206324179929492,505.60654945994713,6872.5240529686935,0.000489089228213213,52.97754538870971,4.143088805725808,158.936477688283,264.01919538821846
15 Jul 2026 09:54:00.000000000,2429.4937583688375,3988.546550068863,5042.07534336147,-7.111195243210005,1.2972104254914167,2.395770667429252,-0.0029717794879890766,-0.00488670039036642,-0.00619525126458148,47.44893283972894,-22.63851150359289,506.087161278263,6871.901435297911,0.0004524777352604509,52.97557525744406,4.137829953084297,170.9298072552037,255.83817692253822
15 Jul 2026 09:55:00.000000000,1997.7810454041205,4057.5308112233497,5174.5710783449385,-7.273948692199668,1.0014296673630805,2.019144585612996,-0.0024425542062416973,-0.004970443327586919,-0.006357034836966199,49.08938842596437,-17.74121226536846,506.50703796654324,6871.353929387538,0.00041918743961599173,52.97384020497593,4.132263292250659,183.4429224373467,247.1376180687048
15 Jul 2026 09:56:00.000000000,1557.2623303734695,4108.630237084936,5284.194371014344,-7.404624148568728,0.7012666934962671,1.6336345169495867,-0.0019027254553525806,-0.0050323608790763105,-0.00649081405662586,50.4853780985673,-12.52105942690016,506.85753281309564,6870.891195818621,0.00038888363644918683,52.972370779205335,4.126430588930967,196.4366350840423,237.95667742911527
15 Jul 2026 09:57:00.000000000,1109.8800011044482,4141.621344075505,5370.4629443914155,-7.502654644030374,0.3980389090261592,1.2409378543811536,-0.001354646059556864,-0.00507220153270982,-0.006596028541699394,51.6097950094108,-7.002871097441582,507.1313643778311,6870.521398302289,0.0003610149625573952,52.9711928333942,4.120378320995287,209.90669408336123,228.29957410455208
15 Jul 2026 09:58:00.000000000,657.606207619054,4156.360090858739,5432.997302363136,-7.567615286574927,0.09307607984574419,0.8427820598358037,-0.000800698071223925,-0.0050898063289681805,-0.006672238543489731,52.437919755800046,-1.2325699134913533,507.3227458435908,6870.2510607910235,0.00033500337985467983,52.970327067384865,4.114156856418831,223.9178044131085,218.1015690470331
15 Jul 2026 09:59:00.000000000,202.43429052689214,4152.7824532305485,5471.522315591538,-7.599224752659662,-0.21228522061147814,0.44091740089444736,-0.00024328393471651204,-0.005085108831461098,-0.006719125760498003,52.949653192903355,4.7225839772740565,507.4274879135373,6870.084953359357,0.0003104991944469902,52.969788660086515,4.107819562027192,238.63475635680342,207.19783627898855
15 Jul 2026 10:00:00.000000000,-253.62986416361156,4130.904666019419,5485.868370416265,-7.597346253801682,-0.5167071576010855,0.037109646080727345,0.00031518220114320556,-0.0050581349245194356,-0.006736493905109287,53.131681316772266,10.777537711751382,507.44307369184145,6870.0260087644365,0.00028768831554390614,52.969586999800995,4.1014218587782265,254.33854890014197,195.30733995647273
15 Jul 2026 10:01:00.000000000,-708.5765125046769,4090.8231327213525,5475.972078729442,-7.561987985294976,-0.8188561646115706,-0.3668672673930124,0.000872283063896202,-0.005009002460643875,-0.006724269057360716,52.97908688788967,16.836847640928724,507.3687044188241,6870.075271080715,0.00026763368552895346,52.96972551721865,4.09502024042899,271.39917623234214,182.06004834408319
15 Jul 2026 10:02:00.000000000,-1160.40075157251,4032.714004132451,5441.8765475739965,-7.493303062025836,-1.1174084476303259,-0.7692385813507426,0.0014256067810577368,-0.004937920768550255,-0.006682499824915735,52.495980851751526,22.804604532191423,507.205315371472,6870.23187726838,0.00025257102923861846,52.97020162408247,4.088671272981166,290.141243671975,167.13131837510127
15 Jul 2026 10:03:00.000000000,-1607.1111992087112,3956.8324277459283,5383.731207887132,-7.391588943282492,-1.411055455836123,-1.168236068454035,0.001972755398748105,-0.004845190023420601,-0.006611357316387938,51.694972501411584,28.5944763018954,506.9555616820465,6870.493071989763,0.0002458835218803869,52.97100675863563,4.082430592731467,310.5286777612984,150.55718604431777
15 Jul 2026 10:04:00.000000000,-2046.7386239479267,3863.511470174785,5301.791202478382,-7.257286345311913,-1.698509310275721,-1.562105376798873,0.002511353447330752,-0.004731200471212583,-0.006511134922107937,50.59563087289032,34.13741019269518,506.6237742714182,6870.854255438175,0.00025127246830168235,52.972126537059175,4.076351920727553,331.7887941623965,133.11029899268382
15 Jul 2026 10:05:00.000000000,-2477.3444943294026,3753.1607153877785,5196.4163340096875,-7.0909776373734745,-1.9785081812317107,-1.9491133551722777,0.0030390566013810344,-0.004596431487390606,-0.006382247880621824,49.22234928001172,39.385538461464364,506.21588653636314,6871.309063396044,0.00027112039984883,52.97354100821583,4.070486111176288,352.4944556209603,116.21775901015917
15 Jul 2026 10:06:00.000000000,-2897.0294164497054,3626.2645421413317,5068.069574503507,-6.8933847144230445,-2.249821603598589,-2.3275553452307665,0.0035535604733153373,-0.00444145044342871,-0.006225232599094146,47.60210101203558,44.31224835579509,505.7393328712791,6871.849478201406,0.0003053392711270091,52.975225007169506,4.064880250719769,11.335369841480214,101.18982460549682
15 Jul 2026 10:07:00.000000000,-3303.9414281280947,3483.3800846827285,4917.315138784511,-6.66536633753685,-2.511255717703773,-2.695762424541932,0.004052609568002587,-0.004266911345079342,-0.006040745682136292,45.762475320610406,48.90944547173986,505.20292054122893,6872.465968780058,0.00035182669615409315,52.97714860118766,4.059576824604521,27.75676342715122,88.58123748256838
15 Jul 2026 10:08:00.000000000,-3696.284117457093,3325.134881622795,4744.816125306873,-6.40791493194891,-2.7616584207227755,-3.052108581495947,0.0045340064114567855,-0.004073553202154939,-0.0058295626166397704,43.73020049351733,53.18340807077896,504.61667685226047,6873.147657403191,0.000407709988319522,52.9792776202826,4.054612964572382,41.872155343567776,78.27844945747866
15 Jul 2026 10:09:00.000000000,-4072.324532924532,3152.22421882095,4551.33172903368,-6.1221528322341845,-2.9999244113060914,-3.395017799752076,0.004995620850627251,-0.0038621980856158615,-0.005592576053415426,41.5301906472768,57.150424878908375,503.99167398210426,6873.882510362857,0.0004701762123708008,52.981574262841185,4.050019791830638,54.075337892215586,69.88764182492007
15 Jul 2026 10:10:00.000000000,-4430.4008515266305,2965.4081733094486,4337.71403255365,-5.809327965006293,-3.2250001072286993,-3.7229710260695743,0.005435399501940695,-0.0036337488258942918,-0.005330793622132174,39.18504451490863,60.83295869719388,503.33983423443476,6874.657549329858,0.0005367250604740602,52.983997765554435,4.045821866748299,64.78182402101936,62.99327834032096
15 Jul 2026 10:11:00.000000000,-4768.929770964743,2765.5083664857857,4104.904383214308,-5.470808961217612,-3.4358884132895393,-4.034512991766364,0.005851375308400526,-0.00338918630775567,-0.005045335216471109,36.7148808295099,64.25664951241824,502.67371885514933,6875.459079777214,0.0006051518122374088,52.98650512571696,4.042036755051239,74.3363347063241,57.250618080126735
15 Jul 2026 10:12:00.000000000,-5086.413591420696,2553.4044363326143,3853.929366051653,-5.108079693272779,-3.631653313965694,-4.328258854144054,0.0062416771448523195,-0.003129566320285454,-0.004737429688682969,34.13739536999253,67.44818049973655,502.0063038925305,6876.272932524712,0.0006734725610767298,52.98905186303727,4.038674718171479,83.00162514694016,52.39688943528292
15 Jul 2026 10:13:00.000000000,-5381.446952336183,2330.0302399819684,3585.8963843872466,-4.722733236202168,-3.8114242630845045,-4.602900620865235,0.006604539395898892,-0.0028560159275528934,-0.004408410901003202,31.46804631772976,70.43388282812671,501.35074688426465,6877.0847141946015,0.0007398644852512189,52.991592807403954,4.035738533193288,90.97245098455153,48.23732402131804
15 Jul 2026 10:14:00.000000000,-5652.723189692055,2096.3697996785954,3301.988862307675,-4.316465257291301,-3.974400340858667,-4.857213317248658,0.006938311411023925,-0.0025697293313632135,-0.004059713087154658,28.72030123979866,73.2389081862563,500.7201484043006,6877.880062172182,0.0008026325452515133,52.994082898599366,4.033223445536105,98.3926438521226,44.628081201773455
15 Jul 2026 10:15:00.000000000,-5899.040279728989,1853.4530070209714,3003.461085731107,-3.891066844592221,-4.119854147270029,-5.090060854096059,0.007241466730604625,-0.0022719632092288613,-0.0036928654919741034,25.90590262543647,75.88680574670771,500.1273126899022,6878.644899543026,0.0008601972049496738,52.9964779837511,4.031117255145484,105.36916554765857,41.46219392705893
15 Jul 2026 10:16:00.000000000,-6119.306335881558,1602.3511022491848,2691.6327013734162,-3.4484167915126593,-4.247135400065847,-5.300401552097379,0.0075126119639537334,-0.001964031521134729,-0.003309486269951206,23.03512676245909,78.39937035703178,499.58451168533117,6879.3656854379615,0.0009110959445470351,52.99873559836405,4.029400534566933,111.98242832914589,38.65924839336264
15 Jul 2026 10:17:00.000000000,-6312.544626956913,1344.171947256826,2367.88289559703,-2.990473361978333,-4.355674205635495,-5.487293278208721,0.007750495196830796,-0.0016472997923765915,-0.0029112756413047537,20.117022966114803,80.79666283192982,499.10325687338195,6880.029656259979,0.0009539929275283801,53.000815717082425,4.028046974956236,118.29356840121494,36.15811045254323
15 Jul 2026 10:18:00.000000000,-6477.898086297046,1080.0551128940347,2033.644277800546,-2.519265568271196,-4.44498397181227,-5.6498981497506815,0.007954013797080411,-0.001323178891018749,-0.002500008318554663,17.159627929114826,83.09713315207584,498.69408321232953,6880.625053396781,0.0009876929397521614,53.00268146088301,4.027023853774118,124.34949988113367,33.91187148785438
15 Jul 2026 10:19:00.000000000,-6614.633283833051,811.1668029407327,1690.396495626825,-2.036884001309025,-4.514663933228389,-5.787486763387633,0.008122221494250206,-0.0009931183341034783,-0.0020775252377318917,14.170154554877282,85.31780069279654,498.3663493488401,6881.141333239099,0.0010111570067621247,53.00429974819218,4.026292615807691,130.18640727783549,31.88435572517614
15 Jul 2026 10:20:00.000000000,-6722.143835562639,538.6946388329699,1339.6596117626887,-1.5454712606023089,-4.564401262226607,-5.899441908639657,0.008254334610356502,-0.0006585991683989427,-0.001645724644083966,11.155157157207764,87.47446252941849,498.1280580340744,6881.569355626164,0.0010235179481581198,53.00564187842889,4.025809557088643,135.8321374328619,30.04772803512801
15 Jul 2026 10:21:00.000000000,-6799.953228041569,263.84233074839426,982.9872744153972,-1.047212038135452,-4.593972741476645,-5.985261729120746,0.008349737331407337,-0.00032112648439424393,-0.0012065526002738142,8.120676156195735,89.58191257885484,497.9857003315313,6881.9015472208175,0.0010240946825295686,53.006684037691414,4.025526599539114,141.30779123525903,28.380901919061653
15 Jul 2026 10:22:00.000000000,-6847.717038936149,-12.175738015074169,621.9597156152794,-0.544322916745487,-4.603245978280732,-6.044562299227066,0.008407985920195565,1.7778367244777176e-05,-0.0007619930000961582,5.072365910818426,91.65416216189634,497.9441267760605,6882.132036773255,0.0010124044673733234,53.007407717700204,4.025392142505549,146.6286916734497,26.868571121659855
15 Jul 2026 10:23:00.000000000,-6865.224538490928,-288.13998536879035,258.17661326117155,-0.03904194897696843,-4.592180145000611,-6.077079589414151,0.0084288117899258,0.0003565857780254678,-0.0003140571849148294,2.0156094485974587,93.70465764395726,498.00644813073313,6882.2567597532225,0.0009881725237888405,53.0078000406601,4.0253519760662755,151.80480113137017,25.500791969168354
15 Jul 2026 10:24:00.000000000,-6852.399660861585,-562.8311346798353,-106.75014576002117,0.4663819133045407,-4.56082623497395,-6.082670799368711,0.008412123376395603,0.000693766017062395,0.00013522672897288573,-1.0443762067391045,95.74649399899825,498.1739678046789,6882.273530406245,0.0009513387091985014,53.00785398438284,4.025350239871536,156.84055288488463,24.273151484058783
15 Jul 2026 10:25:00.000000000,-6809.301338576312,-835.0357196656075,-471.2037630166665,0.9696994652148498,-4.5093268285835295,-6.061315045134552,0.008358006771672886,0.0010277974092966703,0.0005838246954787865,-4.102440522263212,97.79262505091405,498.4461473542904,6882.182079908701,0.0009020611073930295,53.00756850378475,4.025330410526241,161.7339110359883,23.18770704575497
15 Jul 2026 10:26:00.000000000,-6736.123197841379,-1103.5515605127334,-833.5698475650555,1.4686718960735936,-4.437915369644667,-6.013113393407143,0.008266725099398724,0.0013571744636939175,0.0010297076349922616,-7.153402267904446,99.85607217566091,498.8206058099475,6881.984059942471,0.0008407166595526593,53.00694854671538,4.025236300020849,166.4742027985298,22.255153691088047
15 Jul 2026 10:27:00.000000000,-6633.192616914202,-1367.1931819740785,-1192.2437174128247,1.9610813623073007,-4.34691495783192,-5.938288243567177,0.008138716644520217,0.0016804158595560004,0.00147086225852999,-10.191951209844271,101.95013362273127,499.29315286969694,6881.683011671202,0.0007678993735640147,53.006004963943,4.0250130475639105,171.03769373076648,21.49924846661374
15 Jul 2026 10:28:00.000000000,-6500.969154243937,-1624.797144710571,-1545.6376445156527,2.44474141200589,-4.236736668312047,-5.837182065370962,0.00797459176567069,0.00199607220165073,0.0019053016985238129,-13.212545223162024,104.08859642276094,499.85785529980427,6881.284300759208,0.0006844175076171746,53.00475431499475,4.024608087314604,175.37850166582797,20.96589608915924
15 Jul 2026 10:29:00.000000000,-6340.042357442023,-1875.227261970951,-1892.1880050954408,2.9175071897163862,-4.107877414934425,-5.710255507346399,0.0077751286492562625,0.0023027334613819183,0.0023310758307615626,-16.209299285268425,106.28595204684892,500.5071352004496,6880.795019716963,0.0005912933023295237,53.00321857338478,4.023972074954678,179.40873429733614,20.74301096459092
15 Jul 2026 10:30:00.000000000,-6151.128968310054,-2117.379674833498,-2230.362298172053,3.377285353999455,-3.9609173781043876,-5.558084897656449,0.00754126797706185,0.002599036027893588,0.0027462811795475298,-19.17586270478455,108.55761539634827,501.23189815141404,6880.2238594692335,0.000489775464481052,53.00142473653361,4.02305975678511,182.9502166850256,21.008789306925593
15 Jul 2026 10:31:00.000000000,-5935.069543046209,-2350.187760636067,-2558.665996681602,3.8220436454019753,-3.796517022698081,-5.381359165304383,0.00727410660652493,0.002883669304779616,0.0031490703111620106,-22.105280860151208,110.92014399580341,502.02168866503365,6879.580952609378,0.00038139936163597695,52.999404347353995,4.02183076610622,185.59717693744707,22.169023107215033
15 Jul 2026 10:32:00.000000000,-5692.824510307949,-2572.6268508541775,-2875.649197383935,4.249820048647929,-3.6154137349601756,-5.180876214900992,0.006974890368930521,0.0031553817974353886,0.0035376606325994383,-24.989837772095566,113.39144990772233,502.8648698568944,6878.87769131489,0.00026825206322772673,52.99719293602428,4.020250332909203,186.2201741671237,25.353171862842103
15 Jul 2026 10:33:00.000000000,-5425.469692975914,-2783.7187365129776,-3179.9130378790437,4.658731499805235,-3.418418110173359,-4.957538792663789,0.006645006112143287,0.003412986651873579,0.003910342531258959,-27.82087619164598,115.99099011752206,503.7488238097107,6878.1265233446575,0.00015454431135187758,52.99482939186154,4.018289894454534,180.29898848602056,35.08147230470176
15 Jul 2026 10:34:00.000000000,-5134.191322191299,-2982.5359412005014,-3470.115851414122,5.0469820967341095,-3.2064099249318656,-4.712349884765255,0.006285973112444205,0.0036553666162158424,0.004265486805319809,-30.58859284337113,118.73991091406698,504.6601687612905,6877.340729909544,6.64855615220564e-05,52.992355276422614,4.0159275961180665,135.30210827692738,83.8854508913067
15 Jul 2026 10:35:00.000000000,-4820.280574514153,-3168.205743812458,-3744.979032695489,5.412870778985718,-2.9803338290800068,-4.4464076915344615,0.00589943399117569,0.00388147841269391,0.004601551355550316,-33.28180848487459,121.66110685309961,505.5849889973637,6876.534189499684,0.0001232530860763521,52.9898140899763,4.013148673759926,65.38690753262098,157.60774628174727
15 Jul 2026 10:36:00.000000000,-4485.127664841965,-3339.913935287032,-4003.292590570049,5.754798451274918,-2.7411947927665157,-4.160900222312995,0.005487145266097483,0.004090356519683239,0.004917087125180168,-35.88771622621947,124.77913397335713,506.50907317536763,6875.721131959839,0.00023693253864375883,52.98725050429321,4.009945711036946,54.444243143905915,172.3575119093458
15 Jul 2026 10:37:00.000000000,-4130.215529054549,-3496.908295701409,-4243.920366138868,6.071274532418273,-2.4900533436702807,-3.85709955598999,0.005050967665556646,0.004281116377663423,0.005210743293983648,-38.391618078665765,128.1198893908886,507.4181567438884,6874.915887228442,0.00035424361177421713,52.984709575271744,4.006318767226722,53.82024281846958,176.78862797608764
15 Jul 2026 10:38:00.000000000,-3757.1131312196194,-3638.501780176457,-4465.804897548726,6.3609229189827605,-2.2280206283142623,-3.5363558114461684,0.004592856321649045,0.004452957043016672,0.005481271746956234,-40.77667020847225,131.70993655118602,508.29816414869845,6874.132633197061,0.00046887548003687185,52.98223594925448,4.002275373446227,55.87475174820077,178.54125475123706
15 Jul 2026 10:39:00.000000000,-3367.4684306402805,-3764.075404016532,-4667.97191531912,6.622487359603955,-1.9562533295986158,-3.2000908704116453,0.004114850948217163,0.004605163324399195,0.005727530853568173,-43.02367311322516,135.57532309352698,509.1354466230258,6873.385147106363,0.0005782258006319245,52.97987307698205,3.997830397429349,58.984215330317305,179.23894986888735
15 Jul 2026 10:40:00.000000000,-2963.0010440913793,-3873.0808193707253,-4849.534454547311,6.854836241818957,-1.6759484703503424,-2.8497918927119796,0.0036190660950537125,0.004737107445705892,0.005948488607256618,-45.110964505010536,139.73972072082108,509.91701153781275,6872.6865647794175,0.0006803966378563331,52.97766244898044,3.993005779348059,62.61062192144519,179.41972564442256
15 Jul 2026 10:41:00.000000000,-2545.494638329288,-3965.0425774065066,-5009.6965726497665,7.056966798163797,-1.3883381299328894,-2.4870046606890557,0.003107681549222419,0.004848250282761745,0.006143225180999087,-47.01449857028154,144.22174082766736,510.63073952683004,6872.049151805654,0.0007737716201921329,52.97564286578618,3.987830143418052,66.52657681426845,179.3109752184572
15 Jul 2026 10:42:00.000000000,-2116.7890874362347,-4039.5600715155033,-5147.756663407067,7.228008742093704,-1.0946840979261625,-2.113326785913565,0.002582932938314423,0.004938142226811039,0.006310934964344142,-48.70821953139178,149.03138743960002,511.2655858917967,6871.484090537901,0.0008569292212024441,52.97384975578941,3.9823382921857475,70.62028680948956,179.0244881527836
15 Jul 2026 10:43:00.000000000,-1678.7724288403433,-4096.30915841426,-5263.110359957704,7.367227346934762,-0.7962724857173036,-1.7304008073396062,0.0020471025693752755,0.005006423727140381,0.006450928148310002,-50.164846985423324,154.16584621032035,511.8117631237707,6871.00128645681,0.0009286284438607392,52.97231455262906,3.9765705924314774,74.83089738038805,178.62111347744167
15 Jul 2026 10:44:00.000000000,-1233.372651002524,-4135.043455157151,-5355.253021021261,7.474025982550481,-0.4944083136755928,-1.3399072059820387,0.0015025105190550488,0.005052825566507857,0.006562631928157169,-51.35716445885481,159.60519204855922,512.2609017393349,6870.6091970981415,0.000987814079610992,52.97106414302154,3.970572263544832,79.12281671470089,178.13643589980367
15 Jul 2026 10:45:00.000000000,-782.5493448605853,-4155.595311044175,-5423.781796021676,7.547948124733899,-0.19041008857837435,-0.9435573572181899,0.0009515059697435851,0.005077168914817075,0.006645591385083538,-52.2598182397905,165.3090571095383,512.6061870162728,6870.314686338422,0.0010336270471104736,52.970120394664875,3.964392580887065,83.47413106131874,177.5923607430892
15 Jul 2026 10:46:00.000000000,-328.2852502276204,-4157.876454201985,-5468.397265936125,7.588678851596397,0.1143956167731532,-0.5430864381114128,0.0003964587721200622,0.005079365205524211,0.006699470107946862,-52.8514832024987,171.21562060538852,512.8424696150602,6870.122906397642,0.0010654148533173681,52.96949977245267,3.9580840081390676,87.8708533816703,177.00286560874758
15 Jul 2026 10:47:00.000000000,127.42227244577911,-4141.878313261505,-5488.904657635706,7.596045839537707,0.41867957211397205,-0.14024630392512724,-0.00016024880163748907,0.005059415868410973,0.006724050603245095,-53.11706773908261,177.2441383656135,512.966348485694,6870.037209454182,0.0010827401655015086,52.96921304968585,3.951701273875321,92.30384716564866,176.37707689639197
15 Jul 2026 10:48:00.000000000,582.5698153281757,-4107.672015073856,-5485.214630252683,7.5700198689149465,0.7211152787073675,0.26320165475578616,-0.0007162301607559397,0.005017411944801559,0.006719234532491384,-53.0494928044235,-176.69860357769767,512.9762248785165,6870.059090280138,0.0010853865644878974,52.96926511930702,3.9453004085659447,96.76707913523109,175.72101745211717
15 Jul 2026 10:49:00.000000000,1035.1565122008428,-4055.408059835807,-5457.3436327128975,7.510714846448101,1.0203843321458221,0.6654936646647885,-0.0012691024097568975,0.0049535336007415385,0.00668504280278801,-52.65059027827561,-170.70888001666336,512.8723267009901,6870.188160804765,0.0010733610161302132,52.969654908434,3.938937758877841,101.25657509549349,175.03865107764713
15 Jul 2026 10:50:00.000000000,1483.1926144339727,-3985.315675368545,-5405.413832114267,7.418387347966449,1.3151817530981929,1.0648707239513147,-0.0018164943328767757,0.004868049542906765,0.006621615522461924,-51.93086696715182,-164.87584985478978,512.6567028870513,6870.4221570016725,0.0010468928368742348,52.97037539766565,3.9326689965560417,105.76976617264948,174.332536654363
15 Jul 2026 10:51:00.000000000,1924.708025164324,-3897.701852647888,-5329.652613098615,7.29343568148898,1.6042212800234577,1.45958574961454,-0.0023560544087338395,0.004761316331266639,0.006529211819296006,-50.908202328488386,-159.27313895016002,512.3331878710302,6870.756977981051,0.0010064290747047713,52.9714137448039,3.9265481392339128,110.30505804919655,173.60425926465655
15 Jul 2026 10:52:00.000000000,2357.7607628327814,-3792.9500650613927,-5230.391648857881,7.136398467122779,1.8862406172418988,1.8479107096301708,-0.0028854589122478225,0.0046337775731945495,0.006408209506124963,-49.605836527370144,-153.95394480346812,511.90733668289795,6871.1867566548535,0.0009526263305244728,52.972751510815186,3.920626600327492,114.86152581293719,172.85473568685615
15 Jul 2026 10:53:00.000000000,2780.4453249226985,-3671.5186743007735,-5108.0655449627,6.947952727062827,2.160006630484468,2.228143729725179,-0.0034024201523195244,0.004485962970992036,0.006259104560850024,-48.05013056956687,-148.9500532322303,511.3863316047758,6871.7039608364175,0.0008863391280628028,52.97436498407022,3.914952284658623,119.43866885281554,172.08445982398257
15 Jul 2026 10:54:00.000000000,3190.900922241622,-3533.939026326211,-4963.21005786105,6.728911476315175,2.4243204802279337,2.598616162580071,-0.0039046948850191324,0.004318487191098053,0.0060825103821068385,-46.26852030803351,-144.27396020923376,510.7788617490339,6872.299523143847,0.0008086050115204707,52.97622559718681,3.9095687456455295,124.03616684305601,171.29374701833987
15 Jul 2026 10:55:00.000000000,3587.319553468556,-3380.813241484777,-4796.45989070337,6.480220802827534,2.678022680867357,2.9576996044057506,-0.004390092926184251,0.0041320485117883055,0.005879156765197932,-44.28791734534117,-139.92274648307767,510.0949773332115,6872.962997601296,0.0007206266135814669,52.97830042918404,3.9045144188193777,128.65355545165167,170.48305860994992
15 Jul 2026 10:56:00.000000000,3967.953888920135,-3212.811703677565,-4608.54607017538,6.202956424707137,2.919998071140451,3.303812840411427,-0.004856485973369919,0.003927427205440431,0.005649888540567052,-42.133631981800015,-135.88243666807062,509.34592083346274,6873.682740384261,0.0006237509937970634,52.98055278416576,3.8998219451309843,133.28965689239467,169.65357161378526
15 Jul 2026 10:57:00.000000000,4331.1249318605705,-3030.670254381444,-4400.292909189646,5.898319712120394,3.149180678462572,3.6354286970216867,-0.005301816626970809,0.003705483605508204,0.00539566380756465,-39.8287687228141,-132.13198627241084,508.54393759132665,6874.446111737414,0.0005194466016477779,52.98294283641301,3.8955175959056536,137.94133339101595,168.80842544126196
15 Jul 2026 10:58:00.000000000,4675.229424771799,-2835.1870985320834,-4172.61456182544,5.567633162692725,3.364558456794833,3.951080774542065,-0.005724107583493921,0.0034671558110202995,0.005117551698195653,-37.39398646806829,-128.64648580733322,507.70206882271543,6875.239695714548,0.00040927827862662075,52.98542833060171,3.891620809577216,142.60016749891716,167.95604172745325
15 Jul 2026 10:59:00.000000000,4998.746967557307,-2627.2194305177654,-3926.5111785384493,5.212335321387565,3.565177874913604,4.249370030122692,-0.006121470951429261,0.003213456980650117,0.0048167296026993605,-34.84750681037193,-125.39949745358057,506.8339303252044,6876.049534058037,0.00029488082865379876,52.98796532489286,3.8881438483244093,147.24124406747828,167.12134244848147
15 Jul 2026 11:00:00.000000000,5300.246814116702,-2407.6797900329343,-3663.064671641548,4.833975139310704,3.7501483292362607,4.528971176941156,-0.006492117626423106,0.002945472176560035,0.004494479798458098,-32.20527151128846,-122.36461964368823,505.95348049197634,6876.861370254769,0.0001779322657933887,52.99050896388701,3.8850915807337385,151.76740713248105,166.40149307693247
15 Jul 2026 11:01:00.000000000,5578.394313553397,-2177.5321591545076,-3383.4341032045463,4.43420577037826,3.918646353049713,4.7886388620767315,-0.006834366638488435,0.002664354720969769,0.00415218542532249,-29.48117626204533,-119.51644312131677,505.0747815079507,6877.6608995850875,6.013810731815855e-05,52.9930142679034,3.8824613943136037,155.30047351332482,166.67468896924828
15 Jul 2026 11:02:00.000000000,5831.9569623766465,-1937.7878137438051,-3088.850709877139,4.0147778102874225,4.069919592143902,5.027213582603365,-0.007146654374584384,0.002371322040746327,0.0037913257661648047,-26.687332376981317,-116.83106514063296,504.2117578164515,6878.434020828613,5.694052591855807e-05,52.99543692474789,3.8802432395175877,344.1889086956275,341.59247941601643
15 Jul 2026 11:03:00.000000000,6059.810034515583,-1689.5009441243128,-2780.612581643078,3.5775319885847194,4.203290515577539,5.243627297197643,-0.007427543562543365,0.0020676509835596654,0.0034134708008375066,-23.834327290271297,-114.2863024627411,503.3779560919024,6879.167085208283,0.0001714804928269374,52.997734070078565,3.878419804517398,347.7267201806184,341.86087417226
15 Jul 2026 11:04:00.000000000,6260.941756829695,-1433.764061868905,-2460.079014126916,3.124391331639793,4.318159829724871,5.436908689166768,-0.007675731896953207,0.001754672602675111,0.0030202750194565464,-20.93146821212493,-111.86171013155491,502.586311027335,6879.8471381510335,0.00028203754853261994,52.999865042663714,3.8769668178129204,352.42664272023796,340.96715805026736
15 Jul 2026 11:05:00.000000000,6434.457999095708,-1171.7032114478104,-2128.664556736077,2.657352821815415,4.414009563901422,5.606188036367432,-0.007890060177450347,0.001433766418821424,0.0026134704949060538,-17.987002031381476,-109.53848194306649,501.84892123528175,6880.4621495199335,0.0003871306725943825,53.00179210125284,3.8758534734112158,357.3393935912616,339.8606354240617
15 Jul 2026 11:06:00.000000000,6579.586449207007,-904.4730073586459,-1787.8327815772734,2.1784785858219093,4.490405796818977,5.750701644079941,-0.00806951983219571,0.001106354182352489,0.002194859234574426,-15.00830982614487,-107.29928366139494,501.17683946127045,6881.001228132128,0.0004854152838391525,53.0034810904382,3.8750429712266197,2.367309300794094,338.6389932564692
15 Jul 2026 11:07:00.000000000,6695.680246536606,-633.2515191619367,-1439.0898006690447,1.6898866529237202,4.547000994868224,5.869795798566743,-0.008213259699719401,0.0007738931714407914,0.0017663048477070556,-12.002077309497459,-105.12805167809296,500.57988111611314,6881.454816619669,0.0005756916043507831,53.00490204376496,3.8744931632601776,7.489305483019541,337.3233408930663
15 Jul 2026 11:08:00.000000000,6782.221049082915,-359.23502850540905,-1083.9775614219823,1.1937413310593619,4.5835359357709695,5.962930201777828,-0.008320591950043836,0.0004378690751057641,0.00132972358302061,-8.974444057015376,-103.00977694775227,500.06645484552126,6881.814863012939,0.0006569233218077364,53.00602971343255,3.8741572943273144,12.702652796755723,335.91643381839924
15 Jul 2026 11:09:00.000000000,6838.821513110254,-83.63268371967894,-724.0669526089857,0.6922432558124497,4.599841194423313,6.0296808514301,-0.008390997035387125,9.978852166147663e-05,0.0008870748073959355,-5.931135031654123,-100.9302853532205,499.6434184758323,6882.074965826324,0.0007282542169494462,53.00684401720635,3.8739848243665085,18.01153739775205,334.41411280619184
15 Jul 2026 11:10:00.000000000,6865.22716747717,192.33892115676727,-360.9507550470459,0.18761917328900932,4.595838171705711,6.069742335405301,-0.008424127576784674,-0.00023882867630672878,0.0004403510120212807,-2.877578125981511,-98.87601997377709,499.3159632079703,6882.2304898947905,0.0007890217783287465,53.00733039459858,3.8739223179433417,23.42384948053668,332.808514974973
15 Jul 2026 11:11:00.000000000,6861.317668664208,467.4612150376889,3.7635271000294197,-0.31788847689057226,4.571539651560797,6.082929514971286,-0.008419811110384113,-0.0005764574808138413,-8.432555049138975e-06,0.1809885783331399,-96.83382712238155,499.0875283886027,6882.278650740953,0.0008387674622114983,53.00748006596246,3.873914385313099,28.95015594322229,331.08910070246645
15 Jul 2026 11:12:00.000000000,6827.107426603712,740.5191375221666,368.4609171510502,-0.8220321082746862,4.527049876618814,6.069178577589792,-0.008378051636388995,-0.0009115757052813243,-0.0004572485207174263,3.239416234901378,-94.79074581752603,498.95974857952666,6882.218565833631,0.0008772433940305261,53.00729018984098,3.8739046585756416,34.60342692682065,329.2429266543133
15 Jul 2026 11:13:00.000000000,6762.7455957061065,1010.3066166479725,731.526260675388,-1.3225695909942352,4.462564137940342,6.028547446861688,-0.008299029936582304,-0.0012426721190626413,-0.0009040681664003585,6.292547841949894,-92.73379911684529,498.9324339901104,6882.0512717183765,0.0009044153810910639,53.0067639156977,3.873836785713275,40.39908477656537,327.2545963870186
15 Jul 2026 11:14:00.000000000,6668.515429892044,1275.63200751204,1091.3515254706342,-1.8172748376127232,4.378367879904988,5.961215544289427,-0.008183102650804382,-0.0015682544884165035,-0.0013468722347720773,9.335120592964854,-90.64978519726384,499.0035846503438,6881.779706645223,0.0009204621626791556,53.00591033099337,3.8736554250187867,46.35522151239873,325.1060424454701
15 Jul 2026 11:15:00.000000000,6544.833004894448,1535.3234628225755,1446.3430679177354,-2.3039482971867504,4.274835326741859,5.867482904804519,-0.008030800124788705,-0.0018868574634764385,-0.0017836616425592063,12.361664517376639,-88.52506609956565,499.16943800373167,6881.408658973576,0.0009257708676628083,53.00474430343591,3.8733072223347267,52.492920240273776,322.7762045308925
15 Jul 2026 11:16:00.000000000,6392.24531550108,1788.2342070065818,1794.928827206379,-2.780427284807416,4.152427642514565,5.747768655208899,-0.007842823066373447,-0.002197050224793697,-0.0022124679811474325,15.366393890543016,-86.34535267286044,499.42454890912074,6880.944682284491,0.0009209286764101204,53.00328622107989,3.872741753905734,58.83664424963777,320.2406400012473
15 Jul 2026 11:17:00.000000000,6211.427759691023,2033.24768634073,2135.5654096711137,-3.2445960767401036,4.01169064139655,5.602608871609036,-0.007620038068445355,-0.002497443808987243,-0.002631363692770265,18.343087781940763,-84.09548559647665,499.7619003787086,6880.395978761264,0.0009067106836666611,53.001561634761494,3.871912418098305,65.41465995446272,317.4711005538224
15 Jul 2026 11:18:00.000000000,6003.181025691167,2269.282568731777,2466.745026626623,-3.694395705410223,3.853252069653979,5.432653838387499,-0.0073634720780034356,-0.0027866980418262965,-0.00303847181977023,21.284956006861137,-81.75921471329336,500.1730427636653,6879.77225299704,0.0008840639179927653,52.99960080908571,3.8707772601975687,72.25944560646317,314.43512316809523
15 Jul 2026 11:19:00.000000000,5768.42740177356,2495.297568181283,2787.0022506068667,-4.12783339372968,3.6778184847718456,5.238664737082042,-0.007074305906603773,-0.0030635280168479617,-0.0034319752358745476,24.184486738862777,-79.31898275467677,500.6482585453711,6879.084538938271,0.0008540873722110211,52.9974381898116,3.8692997156556883,79.40800725119757,311.09571384437936
15 Jul 2026 11:20:00.000000000,5508.2065320713,2710.2960705947153,3094.920556757237,-4.542991574445148,3.4861717605185607,5.021509798575316,-0.006753866892247537,-0.0033267100697311363,-0.0038101252831161127,27.033272282393767,-76.75572557867135,501.17674941261953,6878.345003166528,0.0008180077155324845,52.99511179697067,3.8674492585273392,86.90197381458152,307.41125225632385
15 Jul 2026 11:21:00.000000000,5223.670644752393,2913.3305394136105,3389.1386182484252,-4.938036447110936,3.279165249355978,4.78215995611871,-0.006403620833480336,-0.0035750872116626273,-0.004171249754245088,29.82181025522936,-74.04871025391485,501.7468419127884,6877.566728144809,0.000777150070952737,52.992662554384694,3.8652019435602627,94.78727219999662,303.3358164419383
15 Jul 2026 11:22:00.000000000,4916.079281527688,3103.506681490005,3668.3563269238334,-5.31122603269899,3.057719635430227,4.521684039831759,-0.006025163321276112,-0.0038075739977813834,-0.004513760177131066,32.539279102382494,-71.17544593126401,502.34620766514786,6876.763479404492,0.0007329028516135323,52.990133567390984,3.8625408322173205,103.11309536038348,298.8202145728154
15 Jul 2026 11:23:00.000000000,4586.793559650691,3279.9873556575976,3931.340512893582,-5.660917693516004,2.822818512392983,4.2412435553877765,-0.005620210597441706,-0.004023160820866663,-0.004836158376004437,35.173290090682215,-68.11172178063241,502.96209391942784,6875.949460916331,0.0006866752185446358,52.98756936151942,3.8594562949912254,111.92979499294685,293.8140921570903
15 Jul 2026 11:24:00.000000000,4237.269999291154,3441.9962085205707,4176.930339387626,-5.9855750937437815,2.575503720523386,3.9420870906041454,-0.005190590065005775,-0.004220917632889768,-0.0051370423011907265,37.70962362926539,-64.83185227249749,503.58156013256473,6875.139063073097,0.0006398454502517461,52.98501509557619,3.8559461845278302,121.28531812485366,288.2694954099757
15 Jul 2026 11:25:00.000000000,3869.053950432413,3588.8210240423064,4404.042351813822,-6.283774583310994,2.3168704770806916,3.6255443936342022,-0.004738230571114317,-0.004399997110081262,-0.005415111136907258,40.13196712197229,-61.30924218300542,504.19171621707477,6874.346607808711,0.0005936988506273968,52.982515763061954,3.852015876382742,131.2199860373795,282.1460923456506
15 Jul 2026 11:26:00.000000000,3483.772654278581,3719.8167755218033,4611.675162574636,-6.554210994709139,2.048062332589355,3.2930201654722655,-0.004265152570898307,-0.004559637286338564,-0.005669169709877313,42.421685900033744,-57.517417629456055,504.77995818040006,6873.586095392331,0.0005493555404273311,52.98011539607768,3.8476781765800983,141.7599625557754,275.4177045634509
15 Jul 2026 11:27:00.000000000,3083.1279745979073,3834.4083704578056,4798.913755720714,-6.7957028485740105,1.7702659839369683,2.9459876076416665,-0.0037734582701232557,-0.004699163690768462,-0.0058981322372888036,44.55767900854595,-53.43169361898002,505.3341970170666,6872.870957367086,0.0005076925243678365,52.97785628584441,3.8429530975016006,152.91081637796415,268.0787450544438
15 Jul 2026 11:28:00.000000000,2668.8888345152186,3932.0930805894764,4964.933397914947,-7.007196969198126,1.4847059728601635,2.5859817633670725,-0.0032653218267788484,-0.004817991030581869,-0.0061010254614166605,46.51639699994717,-49.03163949860383,505.843076925998,6872.213819956639,0.0004692712150656582,52.97577823368477,3.8378675059716696,164.65401019598212,260.14772927265483
15 Jul 2026 11:29:00.000000000,2242.88339405631,4012.442651042047,5109.003144403231,-7.187772515481117,1.1926392957338356,2.214592687401773,-0.002742979675044011,-0.004915624465824394,-0.006276991226921666,48.27212492309483,-44.30442289375745,506.29617919298255,6871.626282043802,0.00043428969008338483,52.97391784578692,3.8324546497143137,176.9502401106042,251.66393596770934
15 Jul 2026 11:30:00.000000000,1806.9910033076565,4075.105083974816,5230.488930710127,-7.336644436074653,0.8953499477135558,1.8334584761633044,-0.0022087210164139204,-0.004991660525003059,-0.006425288561937692,49.79764933487097,-39.24891258360097,506.68420839411056,6871.118711541067,0.00040258413738332937,52.972307884305124,3.8267535705009235,189.75311121375734,242.6737319005432
15 Jul 2026 11:31:00.000000000,1363.1339654499595,4119.80609342432,5328.856242578359,-7.453166359596386,0.5941434213478393,1.4442581861199404,-0.001664878503615001,-0.005045787710155434,-0.006545295325346679,51.06541414938745,-33.880070576899016,506.9991579293894,6870.700063629111,0.00037370087829595276,52.970976686360665,3.820808414336743,203.03392431709452,233.205785459192
15 Jul 2026 11:32:00.000000000,913.2691432188842,4146.350229156512,5403.672358244947,-7.536832931783001,0.29034117691740857,1.0487046646548495,-0.0011138191243529863,-0.005077786837135194,-0.0066365094805094765,52.049202655446926,-28.232704216408045,507.2344522784844,6870.377723944606,0.00034704774460096586,52.96994766130457,3.8146676508941946,216.81427033033805,223.2384726656459
15 Jul 2026 11:33:00.000000000,459.3794416229487,4154.621668294285,5454.60815849591,-7.58728161137719,-0.014724900877128378,0.6485373141144527,-0.0005579352755301094,-0.0050875311530696405,-0.006698550052288317,52.72624774450618,-22.36325655411199,507.3850637751373,6870.15737935935,0.00032211821697328643,52.96923887521869,3.8083832160248776,231.19972166032107,212.66618619667855
15 Jul 2026 11:34:00.000000000,3.4651990144686753,4144.58467429077,5481.439501088357,-7.6042939355096255,-0.3197180475833333,0.2455148065502994,3.639970144914129e-07,-0.005074986265328454,-0.006731157815389716,53.07948844833326,-16.348299309966514,507.4476021166521,6870.04291851817,0.00029877393161576116,52.96886273007898,3.802009592549174,246.40502103944328,201.2741470034904
15 Jul 2026 11:35:00.000000000,-452.464481878593,4116.28372349707,5484.048157080535,-7.587796263469199,-0.6233021545023205,-0.15859223587288204,0.0005586616299011423,-0.005040209909811396,-0.006734195754440424,53.09952861706657,-10.279044885505819,507.42037525507004,6870.036363798068,0.00027757034788978733,52.96882574332292,3.7956028456547672,262.75269360529285,188.73979270047394
15 Jul 2026 11:36:00.000000000,-906.4004320447438,4069.8433001564163,5462.422307450612,-7.5378600052772695,-0.9241472859855261,-0.5620085820194066,0.0011145410910814106,-0.004983351573889394,-0.006707649320415981,52.785815749139545,-4.252471801245977,507.30342075386085,6870.137835825508,0.00026008642419332774,52.969128431771786,3.7892196300338883,280.6023936764972,174.70343127158839
15 Jul 2026 11:37:00.000000000,-1356.3421125545617,4005.4673611738554,5416.656599077334,-7.454701338527225,-1.220935170054413,-0.9629617427258362,0.0016655948969506935,-0.004904651982749565,-0.00665162649960763,52.14671223869375,1.6389893599217658,507.0985071348766,6870.345551148395,0.0002491022322192472,52.969765301998656,3.7829161864141847,300.1362372427553,158.9829090676862
15 Jul 2026 11:38:00.000000000,-1800.306278627629,3923.4384725069644,5346.951759838486,-7.338680413830523,-1.512364654102989,-1.3596893203760074,0.002209433150717326,-0.00480444244537824,-0.0065663576948188996,51.19843841672066,7.316629801007746,506.8091051832676,6870.655853109888,0.0002482355194816929,52.970724947332975,3.776747345336974,320.9891114097359,141.94330184665895
15 Jul 2026 11:39:00.000000000,-2236.335580693124,3824.1166195273377,5253.613773238921,-7.190300046093612,-1.7971571169018818,-1.7504463454945745,0.002743692152218413,-0.004683144046475222,-0.006452195404901926,49.963183981709456,12.72142014273381,506.4403296216622,6871.063275422665,0.00026067784186809966,52.97199024978793,3.770765555899546,342.0372373420301,124.70835230531178
15 Jul 2026 11:40:00.000000000,-2662.5070714863114,3707.9376942569943,5137.052613693694,-7.010203886003228,-2.07406182703761,-2.133512587548642,0.0032660431229941216,-0.004541266661411663,-0.006309613675945851,48.46686175315378,17.81598249134659,505.99885200703795,6871.560637398186,0.00028763887149280343,52.973538683323966,3.765019956728643,1.84216777837568,108.71647302112265
15 Jul 2026 11:41:00.000000000,-3076.940587802304,3575.4116630191206,4997.780544403102,-6.799174063732918,-2.3418612362971998,-2.507199825181381,0.0037742010809979514,-0.004379407763439916,-0.006139207286015352,46.73696110185759,22.58313323344584,505.4927861428046,6872.139169254263,0.0003279635483988283,52.97534271305225,3.7595555057323007,19.45364432077102,94.91788959494684
15 Jul 2026 11:42:00.000000000,-3477.8069749740366,3427.120418794506,4836.409980712637,-6.558128295210803,-2.5993761944197193,-2.8698590584678643,0.004265933885770124,-0.004198250984718031,-0.005941690613953155,44.800805647320566,27.02229240328325,504.9315477321028,6872.788665414222,0.00037910534978038003,52.97737028326851,3.7544121840832503,34.682972944293795,83.50126554092847
15 Jul 2026 11:43:00.000000000,-3863.336121558621,3263.7153234427683,4653.65092296776,-6.288116440442976,-2.8454710692378193,-3.2198876426496463,0.004739071460075494,-0.003998564388838055,-0.005717896136377708,42.68433373876925,31.14511012517501,504.32569042200026,6873.497663226061,0.00043821489263976227,52.979585385624745,3.7496242886043007,47.809830951401835,74.1868956938578
15 Jul 2026 11:44:00.000000000,-4231.824770959645,3085.9144460297775,4450.307964258175,-5.990316503630559,-3.079058753500298,-3.5557363191523823,0.005191515175205468,-0.003781198408760091,-0.005468772490298524,40.411377122357706,34.97129542126106,503.686720798107,6874.2536440818585,0.0005026541160008174,52.981948697316625,3.7452198250778,59.24594845562444,66.56302504273414
15 Jul 2026 11:45:00.000000000,-4581.644076281469,2894.499504639736,4227.276879949107,-5.66603006598078,-3.2991055370385696,-3.8759161160726077,0.005621247370521264,-0.0035470834054641357,-0.005195382039308889,38.00333785965609,38.5251688096263,503.0268952778414,6875.043253510862,0.0005700891655113602,52.984418277919964,3.7412200132926197,69.36932896535379,60.2516284158079
15 Jul 2026 11:46:00.000000000,-4911.246864067793,2690.3125204752537,3985.5408077529705,-5.316677144598222,-3.504635820141022,-4.179005086397039,0.00602634095676909,-0.0032972268028830564,-0.0048988978799065315,35.47914434220104,41.83309242706988,502.35900221166474,6875.8525364633415,0.00063843730221663,52.9869503124691,3.7376389125439036,78.47979427303163,54.95286580724754
15 Jul 2026 11:47:00.000000000,-5219.174572355364,2474.252194538692,3726.1660290887344,-4.94379047431743,-3.6947366415681557,-4.463654848675708,0.006404969035225348,-0.003032709760343843,-0.004580600230621029,32.855380475715734,44.92171399024546,501.6961328257355,6876.667183704614,0.0007058003022387722,52.98949988755078,3.7344831742198585,86.80290718196314,50.4411598103323
15 Jul 2026 11:48:00.000000000,-5504.063828385409,2247.2700188645654,3450.297364719689,-4.549009213956866,-3.868561992466347,-4.728596891595858,0.006755414447819536,-0.0027546833505234978,-0.004241872154255489,30.14650762741068,47.81686824400599,501.0514449167913,6877.4727850049785,0.0007704200323019617,52.992021786609186,3.731751925784604,94.5058436818048,46.54932354398872
15 Jul 2026 11:49:00.000000000,-5764.652631573574,2010.3661360457058,3159.1532000717184,-4.134072084043294,-4.025336885764744,-4.9726486012041,0.007076079157370186,-0.00246436421925492,-0.0038841945733446136,27.365124727911173,50.542964125972006,500.4379234312495,6878.255084650975,0.0008306573388081255,52.994471290324945,3.729436788182657,101.7127215217913,43.15323212251977
15 Jul 2026 11:50:00.000000000,-5999.786107950597,1764.5849626665224,2854.020158187533,-3.700809949465749,-4.164361149536046,-5.194718967532923,0.0073654933452645685,-0.002163029714502299,-0.0035091405527140546,24.52223285516103,53.12270756862439,499.86814221442035,6879.000234720105,0.0008849877474321619,52.99680496785247,3.727522026236828,108.51650318817633,40.159919661982066
15 Jul 2026 11:51:00.000000000,-6208.421803313305,1511.0105941588226,2536.247440916692,-3.251137867562508,-4.2850129123925,-5.393813926250107,0.007622324105064142,-0.0018520124839275216,-0.003118368838155868,21.627485649837293,55.57704341779664,499.35403129337914,6879.69504156037,0.0009320077097021944,52.998981444876534,3.725984829324159,114.98758248234671,37.49899262770634
15 Jul 2026 11:52:00.000000000,-6389.634483785878,1250.7620105163312,2207.2408616220937,-2.7870466296302077,-4.38675174931503,-5.5690412907738605,0.00784538360487462,-0.0015326945530389317,-0.0027136166568231465,18.689416805588525,57.925232598763515,498.90665405003347,6880.327201001305,0.0009704468061234416,53.000962134874946,3.724795717218149,121.17981338109777,35.116600843420876
15 Jul 2026 11:53:00.000000000,-6542.620414415508,984.988104164699,1868.456595338042,-2.310593831508451,-4.469121457444254,-5.719615231159027,0.00803363659002875,-0.001206500909473609,-0.0022966918025738164,15.715641948031084,60.18500747728784,498.53599854227053,6880.885517994471,0.0009991827789172802,53.002711920644266,3.723919063838579,127.13470261763328,32.97124472633348
15 Jul 2026 11:54:00.000000000,-6666.701088805007,714.8625530680558,1521.3946748832475,-1.8238945165093494,-4.531752433286689,-5.844860257993955,0.008186207102159105,-0.0008748926325522189,-0.0018694640481159673,12.713035688225144,62.37276846961033,498.2507870377781,6881.3601066396295,0.0010172572909528008,53.004199774043244,3.723313729503167,132.88430676247768,31.030877972790325
15 Jul 2026 11:55:00.000000000,-6761.326385615626,441.57856378371844,1167.5922638448526,-1.3291114412485827,-4.574363625507689,-5.944214672553087,0.008302384296457884,-0.0005393596195546082,-0.001433855942470841,9.687886458062325,64.50379918716577,498.0583075351314,6881.742566892753,0.001023890981720112,53.00539930302261,3.7229337904090136,138.45320225691822,29.270937246547817
15 Jul 2026 11:56:00.000000000,-6826.077131020457,166.34351063602816,808.6167395497152,-0.828445021667298,-4.596764040932824,-6.017233448479817,0.00838162725132376,-0.00020141297218865962,-0.0009918330693227235,6.6460325714574795,66.59248707418377,497.96427066373525,6882.026134671558,0.001018496836879421,53.006289216312865,3.7227293522961538,143.85976043754894,27.673066836474266
15 Jul 2026 11:57:00.000000000,-6860.6670498165995,-109.6265016068319,446.0586210651174,-0.3241230224532896,-4.598853785496339,-6.063590515246789,0.008423568680121476,0.00013742288307088375,-0.0005453938566315703,3.5929832430862763,68.65254286319134,497.9726948831714,6882.205802561789,0.0010006911956765721,53.00685369761692,3.7226474338559803,149.11685076606693,26.224415075570306
15 Jul 2026 11:58:00.000000000,-6864.94409185262,-385.11212320116215,81.52437887276636,0.18160994200507463,-4.580624626545172,-6.083080419437844,0.008428017471825769,0.0004756182589507383,-9.655904002000121e-05,0.5340283092903672,70.6972162419294,498.0858223541256,6882.278408877603,0.000970301952787788,53.007082682769166,3.7226329041488393,154.2319949739971,24.91747981820509
15 Jul 2026 11:59:00.000000000,-6838.891124634947,-658.8962640315774,-283.37083590643095,0.6865030232666914,-4.542160068016074,-6.075619346367033,0.008394960010108251,0.0008116463675589064,0.0003526391072074151,-2.5256597015090625,72.73950763171341,498.30406723967354,6882.242693426673,0.0009273737133323203,53.00697203505109,3.722629457414133,159.20687380215676,23.750601302744588
15 Jul 2026 12:00:00.000000000,-6782.625987365182,-929.7695879898417,-647.0105040292747,1.1883097968013727,-4.483634935403926,-6.041245491521769,0.008324560240858656,0.0011439914851035019,0.0008001676582234484,-5.580927613759242,74.79237742222573,498.6259975337277,6882.09931896533,0.000872169877803097,53.00652361566395,3.7225806079802695,164.03589470294094,22.729394038776217
15 Jul 2026 12:01:00.000000000,-6696.400906149187,-1196.5359677549125,-1007.7840532742686,1.6847988869719777,-4.405314472981305,-5.980118778593509,0.008217158485767208,0.0014711570286608496,0.0012440039082845776,-8.626544305430242,76.86895470100822,499.0483508208195,6881.850857983643,0.0008051719399890958,53.00574524821734,3.7224306876951405,168.70314901694522,21.869789214844456
15 Jul 2026 12:02:00.000000000,-6580.601274623515,-1458.0178709134248,-1364.0941371308988,2.1737644841699684,-4.307552961252634,-5.8925199282362986,0.008073269018644956,0.001791673453702058,0.0016821461190825895,-11.657100619889931,78.98274761387545,499.56608366791795,6881.501745122724,0.0007270768433446671,53.00465057796863,3.7221258282464165,173.17622879091712,21.204217467177763
15 Jul 2026 12:03:00.000000000,-6435.7438086797,-1713.061649002006,-1714.3638384190178,2.6530366811060313,-4.190791867975105,-5.77884888896045,0.007893576449919013,0.0021041058859385072,0.0021126240130492527,-14.666902996062692,81.14785701879153,500.17245365459263,6881.058196179358,0.0006387945324126573,53.003258828405286,3.7216149110304224,177.39319348039777,20.794641773401874
15 Jul 2026 12:04:00.000000000,-6262.474088246906,-1960.5427020142608,-2057.043760114798,3.120491558504564,-4.05555755109583,-5.639622648520443,0.007678930982519995,0.002407061407104986,0.0025335089052121035,-17.649857227818185,83.37919394519234,500.85913238250464,6880.528095282893,0.000541451415239222,53.00159445957034,3.720850467876918,181.2326945796585,20.76243243575963
15 Jul 2026 12:05:00.000000000,-6061.563503143789,-2199.3704921495664,-2390.6189669498685,3.574060954953794,-3.9024585365083047,-5.475472450599106,0.007430342626657902,0.0026991959240350817,0.002942923371138244,-20.599338659979463,85.69269929469328,501.61634718680534,6879.920852420889,0.0004364174392008209,52.99968673425746,3.7197895167559922,184.43604256502658,21.366299774502547
15 Jul 2026 12:06:00.000000000,-5833.905623754362,-2428.493382088883,-2713.6157430061658,4.011741861294144,-3.73218239748869,-5.287140447349147,0.0071489744721881885,0.0029792205598634922,0.0033390503608451637,-23.508045094286434,88.10556079502587,502.4330487171238,6879.247234032555,0.00032542521979967153,52.99756919981611,3.718394317835861,186.36077503904983,23.248725650294855
15 Jul 2026 12:07:00.000000000,-5580.512020666617,-2646.9032747917513,-3024.608132502565,4.431605386471287,-3.545492265944037,-5.07547582327915,0.006836135137809165,0.003245907519972717,0.003720141685137647,-26.36782884930404,90.6364168074543,503.29710107750185,6878.519169868836,0.00021115337737216106,52.99527909478138,3.716633036631931,184.9241466397825,28.49247325703308
15 Jul 2026 12:08:00.000000000,-5302.507560379774,-2853.640033702986,-3322.224233213428,4.831805249041619,-3.343223008105275,-4.84143042994517,0.006493270520301667,0.003498095397149782,0.004084525816134219,-29.16950502091487,93.30552829174923,504.1954908224222,6877.749539728699,0.00010200084707988514,52.99285669085207,3.7144803026809146,168.9015611609543,48.32215474433731
15 Jul 2026 12:09:00.000000000,-5001.125206710309,-3047.795664266053,-3605.152214409512,5.210585756235458,-3.1262770989926336,-4.586053973848565,0.0061219549768761605,0.0037346938955221975,0.004430614962864601,-31.902634392011304,96.13488789327364,505.11455080716604,6876.951944014347,7.610728115359176e-05,52.99034458186204,3.7119176539768604,87.40823416816586,133.62256838880106
15 Jul 2026 12:10:00.000000000,-4677.700359574225,-3228.518239739138,-3872.146033811051,5.5662892404249655,-2.8956202308366525,-4.310488801799082,0.005723882070796116,0.003954687964696159,0.004756911398813923,-34.55528221010142,99.14821742447984,506.0401946867539,6876.140462299555,0.00017764263054816337,52.987786932304054,3.7089338595054167,57.07558088695119,167.7623105415648
15 Jul 2026 12:11:00.000000000,-4333.6647644066725,-3395.015556416557,-4122.030830720971,5.897362930727681,-2.652276690693079,-4.015964328776928,0.005300855012725407,0.004157141351362684,0.005062013039157435,-37.11375902156591,102.37078088936354,506.9581577487566,6875.329404272851,0.00029461538070570174,52.98522869865742,3.705525114274301,53.3127672931964,175.33222442420467
15 Jul 2026 12:12:00.000000000,-3970.5400265857015,-3546.558505463205,-4353.707975206612,6.202365245084787,-2.3973245417558102,-3.7037911530476246,0.004854776918867477,0.004341199585780353,0.005344618279917008,-39.56235803933637,105.82890972048166,507.85423974707624,6874.533057501129,0.00041101576881198416,52.98271483723088,3.7016951035743055,54.41528968512055,178.03682049529922
15 Jul 2026 12:13:00.000000000,-3589.930765904943,-3682.4841505889194,-4566.159755852128,6.479971495221119,-2.1318906414577445,-3.3753549020257894,0.004387640998863048,0.0045060924327216395,0.005603530128184305,-41.883116423090435,109.54910316384337,508.71454546993107,6873.7654364600785,0.0005232824768288078,52.98028951244911,3.6974549353879165,57.12521359208855,179.13403753299235
15 Jul 2026 12:14:00.000000000,-3193.5174463978738,-3802.1985027258215,-4758.453691160452,6.728979003246412,-1.8571455274030007,-3.0321098502517163,0.003901520771135747,0.004651135844551869,0.005837659664708702,-44.05564642468674,113.5565390904351,509.52571891788614,6873.040037201133,0.0006292802043118318,52.97799531948712,3.692822942310855,60.55042250518566,179.51599394825112
15 Jul 2026 12:15:00.000000000,-2783.0489167340647,-3905.178984648717,-4929.746452090652,6.948311634089871,-1.5742981996630665,-2.6755723479771594,0.0033985603894290074,0.0047757334632688156,0.0060460288937493395,-46.05710640727276,117.8728289246721,510.2751671764429,6872.369601872796,0.0007272762596635311,52.97587253488837,3.6878243565167517,64.35247843764381,179.52112731938323
15 Jul 2026 12:16:00.000000000,-2360.3346960133767,-3990.9765801092276,-5079.287385436475,7.1370237523649465,-1.2845908250767524,-2.3073140954122966,0.002880965142709733,0.004879377720331086,0.006227773039468849,-47.862407969180204,122.51290923448285,510.9512703330886,6871.765897096404,0.0008157570803166229,52.973958408296504,3.6824908635918643,68.37608699540877,179.3047294652718
15 Jul 2026 12:17:00.000000000,-1927.2370391699183,-4059.2176634929365,-5206.421629750094,7.294303615526323,-0.9892933861013836,-1.9289552938504007,0.0023509921744605156,0.004961650588353273,0.006382142356892839,-49.44477468857966,127.48112789038545,511.5435740997393,6871.239509915592,0.0008933911466660221,52.9722865076987,3.6768600431108336,72.54061720223632,178.94742680977365
15 Jul 2026 12:18:00.000000000,-1485.6628154060616,-4109.6055072686395,-5310.59281727734,7.419476217281041,-0.689698293578011,-1.5421577008448106,0.0018109414450400093,0.005022224035741119,0.006508503523324006,-50.77676330347957,132.76689257709532,512.0429621488378,6870.7996647064465,0.0009590280695705506,52.97088612962989,3.6709747058766404,76.80047128523657,178.49481082738947
15 Jul 2026 12:19:00.000000000,-1037.55523220788,-4141.921465560814,-5391.345356884829,7.512005596139971,-0.3871149796825575,-1.14861761256725,0.001263146944240232,0.005060860236556693,0.006606340679221448,-51.83180630222575,138.34068673519613,512.4418055461441,6870.4540640548175,0.001011707644894582,52.969781784641086,3.664882139482484,81.12824539737191,177.97427758894173
15 Jul 2026 12:20:00.000000000,-584.8854365819318,-4156.025833065223,-5448.326294235688,7.571496623812677,-0.08286448443637098,-0.7500587926015124,0.0007099681407816231,0.005077411578938111,0.006675256177519322,-52.58621766174379,144.1516858044541,512.734087057702,6870.208756189276,0.0010506707920207071,52.96899276701279,3.6586332754693407,85.5067405040636,177.40301717476584
15 Jul 2026 12:21:00.000000000,-129.6440243441675,-4151.858379249477,-5481.286746513206,7.597696286940598,0.22172595336656395,-0.3482253629633121,0.00015378164183653365,0.0050718205134765845,0.006714971098886219,-53.02142936574763,150.12834345821355,512.9154985160387,6870.068031107036,0.0010753693496231946,52.96853281621493,3.652281792697586,89.92483875323617,176.79213762977233
15 Jul 2026 12:22:00.000000000,326.1675126104443,-4129.438558368029,-5490.082909857714,7.590494473601668,0.5253282921598476,0.055125329972022984,-0.00040302697934593466,0.00504411926969366,0.006725325574131217,-53.12605202318931,156.18285008909135,512.9835098475826,6870.034347055202,0.0010854734088021642,52.96840987600998,3.6458831726823235,94.37522774294342,176.14894104065124
15 Jul 2026 12:23:00.000000000,780.5453714867062,-4088.8653962891917,-5474.676638339884,7.549924273212301,0.8266190632716457,0.4582298640592633,-0.0009580712381119397,0.004994429464047068,0.006706278949334023,-52.89727615832079,162.2192264630933,512.9374087841652,6870.108288534797,0.0010808755433394277,52.96862595538674,3.6394937234649287,98.85307314284123,175.4782512709032
15 Jul 2026 12:24:00.000000000,1231.4920273430628,-4030.3170555381184,-5435.135593893561,7.476161795210969,1.1242847201437192,0.8593258957257284,-0.0015089717333572248,0.0049229616088310585,0.0066579098111841616,-52.34123440036217,168.14342558036424,512.7783107061604,6870.28855648876,0.0010616916163779697,52.969177093734004,3.633169589110447,103.35520561142599,174.78322740579327
15 Jul 2026 12:25:00.000000000,1677.024796586805,-3954.0500803150094,-5371.632967104089,7.3695255083351405,1.4170269551962746,1.2566593118853686,-0.0020533641428459306,0.00483001452263133,0.006580415878515549,-51.47222022268929,173.872948949252,512.5091384895167,6870.571990820799,0.0010282580219750203,52.970053430843556,3.6269657621728126,107.87959733192362,174.0658875767558
15 Jul 2026 12:26:00.000000000,2115.1843464446897,-3860.3983236106055,-5284.446769234698,7.230475098722818,1.703567978163446,1.6484913711804623,-0.002588907277576443,0.0047159746310229764,0.0064741137499228826,-50.31098512721882,179.34369878863305,512.1345726544482,6870.953624877777,0.000981125339157242,52.971239380502716,3.620935116456158,112.42500272267415,173.32746860238512
15 Jul 2026 12:27:00.000000000,2544.043121417207,-3749.7715589391582,-5173.958696382569,7.0596098416740105,1.9826557487664729,2.0331058253249066,-0.003113291248828482,0.0045813151371001,0.0063394384847218635,-48.882556126612926,-175.48705805719004,511.6609725374964,6871.426771017225,0.0009210484671013846,52.972713904629806,3.615127476992617,116.99068469004075,172.56870007103984
15 Jul 2026 12:28:00.000000000,2961.7136573179932,-3622.653779682305,-5040.652567252814,6.857666478934299,2.253069155070963,2.408816009538312,-0.0036242457929313806,0.004426595032239157,0.006176942981545018,-47.21404618702047,-170.64136179620056,511.0962696309089,6871.983135881713,0.0008489733860574005,52.974450883151235,3.6095887435371576,121.57616453549446,171.79005474672772
15 Jul 2026 12:29:00.000000000,3366.3567529286543,-3479.6011896192517,-4885.112336766734,6.625516591022074,2.5136231268398657,2.77397188854987,-0.004119548785883281,0.004252457908609252,0.0059872971058935204,-45.33280476300939,-166.1237056202941,510.4498346511932,6872.612963516405,0.0007660207555759452,52.976419573149066,3.6043600828927302,126.18092368508619,170.99204712378122
15 Jul 2026 12:30:00.000000000,3756.189468630097,-3321.239888922469,-4708.019688617867,6.364163452581507,2.7631736707773937,3.126967041534307,-0.004597034966015152,0.004059630530945019,0.005771286511511133,-43.26507136772785,-161.9252815242097,509.7323203102938,6873.305204004113,0.0006734666219699577,52.97858514924883,3.599477204308994,130.80393062113546,170.1757067448168
15 Jul 2026 12:31:00.000000000,4129.4929205500775,-3148.263260799628,-4510.151211025374,6.074738358226977,3.0006228117683893,3.466245565692196,-0.005054604864282085,0.003848921119174253,0.005529811090996809,-41.0351385348901,-158.02823695345606,508.95548216339944,6874.047704857065,0.0005727205633168014,52.98090931579654,3.5949697305858215,135.44269332083974,169.34352597160745
15 Jul 2026 12:32:00.000000000,4484.619838192276,-2961.429064925024,-4292.375161194523,5.758496406737066,3.224923421447322,3.790308874438876,-0.005490233926250054,0.0036212172949806505,0.005263882991853564,-38.66493877652679,-154.4093103598131,508.1319802919872,6874.827422005469,0.0004653016584504249,52.98335098011925,3.5908606759855215,140.09096203675813,168.50175737058785
15 Jul 2026 12:33:00.000000000,4820.001852564299,-2761.5562451248416,-4055.64782568597,5.416811733280724,3.4350839123358763,4.097722361912952,-0.005901981785343437,0.0033774836415988324,0.004974624127134192,-36.17393872892865,-151.0426116095348,507.27516494327017,6875.630646865387,0.00035281275377086613,52.98586697508962,3.587166040083949,144.73190197048376,167.6672411566466
15 Jul 2026 12:34:00.000000000,5134.156481517973,-2549.521460061343,-3801.0094856120136,5.051172182008984,3.6301727731581215,4.387121901777884,-0.006288001633637788,0.0031187588345802483,0.004663263120125853,-33.57923046553835,-147.90156667463435,506.39884957818805,6876.443245660214,0.0002369137963704419,52.988412818349104,3.5838945248055007,149.3109379271306,166.89456060568386
15 Jul 2026 12:35:00.000000000,5425.693778533098,-2326.2553472666827,-3529.5799976838825,4.6631734153772335,3.8093229183084123,4.6572201444835315,-0.006646549613356561,0.0028461523027295435,0.004331131622531883,-30.895733390113755,-144.96016594994285,505.51707507213473,6877.250906918198,0.00011929761937574505,52.990943494894424,3.5810473795761655,153.54786623660203,166.4639301477247
15 Jul 2026 12:36:00.000000000,5693.32261115184,-2092.738532532962,-3242.5540043758983,4.254512461523405,3.9717358223555186,4.906812573951192,-0.006975994139415003,0.0025608403888853918,0.003979659958728757,-28.136446231540063,-142.19368681287318,504.6438690546303,6878.039392879343,2.875281623656231e-06,52.99341424931455,3.5786183774559737,103.5252107551365,220.29283932616764
15 Jul 2026 12:37:00.000000000,5935.8565355186365,-1849.9973984751823,-2941.1957889055266,3.8269807069638793,4.116685408838041,5.134783282026253,-0.007274825044624654,0.0022640619874389344,0.00361037205665956,-25.31271083594575,-139.57904649227416,503.793004556457,6878.79479042635,0.00011446484333575445,52.995781373784055,3.576593922667929,345.62285976521844,342.00141580509074
15 Jul 2026 12:38:00.000000000,6152.2192341250375,-1599.0996279452781,-2626.83379329439,3.3824563485569086,4.243521661634846,5.3401104171997735,-0.007541662433320459,0.0019571136494079206,0.0032248796441277988,-22.434465828028472,-137.0949097168945,502.97776224538484,6879.503757108879,0.00022727948089466254,52.99800297798152,3.5749532878036665,349.9699396635042,341.4605515359161
15 Jul 2026 12:39:00.000000000,6341.449484915252,-1341.1495399013781,-2300.8548204173358,2.922896325960451,4.351673926909899,5.521871263163199,-0.007775265116821393,0.001641344155989399,0.0028248757016728003,-19.510479237970394,-134.72164242635367,502.21070056540134,6880.153757866213,0.0003353645921317438,53.00003972740335,3.5736689765562013,354.76989808125126,340.46681944088016
15 Jul 2026 12:40:00.000000000,6502.7056314199035,-1077.2832372316886,-1964.6979436151632,2.4503277634239247,4.440653874136793,5.679246902815276,-0.007974538503068835,0.0013181485759601965,0.002412127182355916,-16.54855608922042,-132.4411745806869,501.5034380416415,6880.733288169586,0.00043730532917678785,53.001855537082314,3.572707205758802,359.7285863786753,339.3143906747303
15 Jul 2026 12:41:00.000000000,6635.269525551187,-808.6635878974191,-1619.8481500745604,1.9668389574887917,4.510058085997367,5.8115264244511975,-0.008138541810564956,0.000988961835079957,0.0019884670255227513,-13.555720972666583,-130.23681346945352,500.866451868855,6881.232079505188,0.0005318241555365924,53.003418208487226,3.57202849829701,4.793278328123491,338.05601565349514
15 Jul 2026 12:42:00.000000000,6738.549917122801,-536.4750625007371,-1267.8297467067612,1.474569954751328,4.559570249052659,5.9181106290485355,-0.008266494485690487,0.0006552518396177551,0.0015557855109889958,-10.53837780813343,-128.09303338385547,500.30889666241643,6881.641283401324,0.0006177977244868194,53.00469999836166,3.5715883766209804,9.951816435550583,336.703877405382
15 Jul 2026 12:43:00.000000000,6812.085267025623,-261.9184529979429,-910.1995596159707,0.9757027710367481,4.588962919948712,5.998515200805748,-0.008357781705080529,0.0003185122075443193,0.0011160210152315283,-7.502450042022837,-125.99525683866007,499.8384469178968,6881.9536305631145,0.0006942746454112614,53.005678109439046,3.5713381447040065,15.204376406143703,335.25782674326575
15 Jul 2026 12:44:00.000000000,6855.545964271073,13.794501316382044,-548.5399603869837,0.4724513098869333,4.598098845507232,6.05237330732711,-0.008411958863373016,-1.9745326911116482e-05,0.0006711502490697664,-4.4535049360614725,-123.92963543633799,499.4611663026442,6882.1635621133355,0.000760490676821228,53.00633509433057,3.57122574479409,20.556581138041423,333.71226788075927
15 Jul 2026 12:45:00.000000000,6868.7359307597535,289.44655324688677,-184.45175427364526,-0.03294895603866727,4.586931819264495,6.07943760099109,-0.00842875495690743,-0.0003579987605133382,0.00022317806882508732,-1.3968656748099164,-121.8828338883264,499.1814063974741,6882.26733043754,0.0008158807389801022,53.00665916539594,3.571196673924405,26.01736011444032,332.0582986280884
15 Jul 2026 12:46:00.000000000,6851.593601587545,563.8204243430355,180.45303310345625,-0.5382514724053327,4.555507061759813,6.079581598957378,-0.008408074799127356,-0.0006947238373373404,-0.00022587303406749305,1.6622850531068096,-119.84181785056266,499.00173693043354,6882.263067689134,0.0008600874713074736,53.006644405049535,3.57119494412148,31.59825524486716,330.284404123919
15 Jul 2026 12:47:00.000000000,6804.192272896649,835.7042899248801,544.5584327928589,-1.0412091878166991,4.50396111700475,6.052800425806799,-0.008350000018281489,-0.0010284021461013186,-0.0006739736522193462,4.718806453084517,-117.7936445392462,498.9229089108177,6882.150820610891,0.0008929661662240039,53.00629087269958,3.571164069424604,37.31327991338874,328.376597352649
15 Jul 2026 12:48:00.000000000,6726.739813640191,1103.897243361441,906.2518347717454,-1.539585161824521,4.432521262946489,5.999210909786404,-0.008254788816946476,-0.0013575292076178117,-0.0011190982710506284,7.767502536935418,-115.72525421508166,498.94385139835,6881.9325509636765,0.0009145859781978191,53.005604606331914,3.571048062330231,43.17903658026227,326.31830110811217
15 Jul 2026 12:49:00.000000000,6619.577742073531,1367.2147105104139,1263.9312765936168,-2.0311631218701125,4.341504439217118,5.919051030855294,-0.008122874491605037,-0.0016806224610125644,-0.0015592360458807908,10.803023110443732,-113.62326036738945,499.0617019470044,6881.612101504323,0.0009252273591465879,53.00459751860349,3.570792422128957,49.21498004694873,324.0900843013023
15 Jul 2026 12:50:00.000000000,6483.179672231372,1624.4937855762946,1616.0126796921816,-2.5137578954189483,4.231315700880996,5.812678725989272,-0.007954862738478924,-0.0019962290599296485,-0.0019924014272671804,13.81975935806959,-111.47373673664401,499.27187006610393,6881.195128108758,0.0009253757093394891,53.00328718917262,3.570345097644955,55.44377436644628,321.6693046376192
15 Jul 2026 12:51:00.000000000,6318.149140009485,1874.5984603319152,1960.9369951425208,-2.9852256456915773,4.102446212096245,5.6805700642981325,-0.007751527791185243,-0.002302933394424832,-0.0024166445186822984,16.81173045351774,-109.26200025630615,499.5681323625643,6880.6889992799415,0.0009157112498859332,53.00169655682568,3.569657407391449,61.891708655352275,319.0296924144974
15 Jul 2026 12:52:00.000000000,6125.216822666783,2116.42471962083,2297.1772216241366,-3.443473842848079,3.9554707984520596,5.52331681123917,-0.007513807459914482,-0.002599364262030911,-0.002830061058959332,19.772457509745458,-106.97239078147352,499.94275738627533,6880.1026648961115,0.0008970951070923423,52.99985351673617,3.5686849008197816,68.5891327863217,316.14091446768117
15 Jul 2026 12:53:00.000000000,5905.237169516476,2348.9054773227817,2623.2452596633375,-3.88647090715543,3.79104508109096,5.341623407387167,-0.007242797157189587,-0.002884201619786334,-0.003230801931551601,22.694821110229714,-104.58805147727753,500.3866576131509,6879.446496631137,0.0008705515340250098,52.99779042987776,3.567388145403929,75.57085306170376,312.96817817185814
15 Jul 2026 12:54:00.000000000,5659.184465223861,2571.0153284592716,2937.698567911924,-4.312255466370684,3.6099022194697863,5.136303392681546,-0.006939743015412702,-0.0031561828611212446,-0.0036170821171472465,25.570898751790864,-102.09071854516043,500.8895654822294,6878.732103003599,0.0008372460589992172,52.99554355317729,3.5657334255314157,82.87638908189012,309.4719742880352
15 Jul 2026 12:55:00.000000000,5388.148350404935,2781.775094833746,3239.1465892054043,-4.718945176136588,3.4128492926481764,4.908275311675439,-0.006606034210137369,-0.0034141085731020358,-0.003987189020504762,28.391778977075862,-99.4605364027126,501.44022996557436,6877.972122470971,0.0007984591202735818,52.99315240041008,3.5636933407978377,90.5499327786714,305.6081176926147
15 Jul 2026 12:56:00.000000000,5093.328827094057,2980.256143458712,3526.2569163785315,-5.104745059356216,3.2007633512741696,4.6585581389561534,-0.006243194612973803,-0.0036568477429001407,-0.0043394901195737265,31.147350107760538,-96.67592560785313,502.0266298019286,6877.1799983753535,0.0007555544050336431,52.990659045082076,3.5612472929808856,98.63976825673987,301.32832734951097
15 Jul 2026 12:57:00.000000000,4776.030779074367,3165.5844590101747,3797.761170244875,-5.467955328074178,2.9745871739067145,4.388266266519808,-0.0058528739008571655,-0.003883342395266331,-0.004672439901556631,33.82606381956966,-93.71354704184824,502.63619927066566,6876.369739856749,0.0007099406766908704,52.98810737758836,3.5583818529845304,107.19681730078007,296.5816806715082
15 Jul 2026 12:58:00.000000000,4437.658039039481,3336.944453590565,4052.460564702463,-5.806978659068294,2.735324761986581,4.098604096438417,-0.005436838250986264,-0.004092611657422752,-0.00498458607001374,36.41467809058132,-90.54842836893894,503.25606222391815,6875.555673077596,0.0006630254573809311,52.98554232976557,3.5550910011231243,116.2719082178149,291.31734460389185
15 Jul 2026 12:59:00.000000000,4079.7070360631037,3493.5824991490326,4289.231136553963,-6.120326901916336,2.484036607646993,3.790860282659288,-0.004996960744064517,-0.004283755259413219,-0.005274575022966236,38.89799136136944,-87.15434797791292,503.87327002908626,6874.7521872441675,0.0006161588300676831,52.98300908055373,3.551376236394368,125.91141408858216,285.4889373583383
15 Jul 2026 13:00:00.000000000,3703.7600579228297,3634.810169937297,4507.028620256742,-6.406627205487384,2.221834767714111,3.466401665278547,-0.004535211590726842,-0.004455956489331931,-0.005541156617924196,41.25859136118557,-83.50460547888235,504.4750390966707,6873.973479967072,0.0005705664396536136,52.980552256836006,3.5472465526806074,136.15122733031265,279.0605538954284
15 Jul 2026 13:01:00.000000000,3311.478163472856,3760.0071843429423,4704.892950393722,-6.664627555409782,1.949877775752423,3.1266669392146706,-0.004053648285518265,-0.004608484633401968,-0.005783188254615204,43.47665919522169,-79.57333910680977,505.0489837726791,6873.233306476309,0.0005272734286959435,52.97821514362867,3.5427182821841563,147.00982111130273,272.0137046151156
15 Jul 2026 13:02:00.000000000,2904.5937805321014,3868.6240372979555,4881.95237712301,-6.893201720889162,1.6693654219678935,2.773160096996058,-0.0035544057784928675,-0.004740696939562104,-0.005999638319095903,45.52989227179156,-75.33756228923353,505.5833405511733,6872.544737098831,0.00048702642532352927,52.97603891764427,3.5378148087769494,158.48245777656652,264.3531070945584
15 Jul 2026 13:03:00.000000000,2484.903024697746,3960.1843161797133,5037.4271821820585,-7.091353614137205,1.3815334283129304,2.4074436825130388,-0.0030396867364176827,-0.0048520401479111245,-0.006189589040756606,47.39363624625725,-70.78005348980173,506.0671798024955,6871.919927225044,0.0004502286103061579,52.974061917851486,3.5325661562633033,170.5400674858397,256.1078076697537
15 Jul 2026 13:04:00.000000000,2054.2577741750997,4034.286694680455,5170.632985149943,-7.258221069506595,1.0876480433829616,2.031131889243723,-0.002511751948333436,-0.00494205163560016,-0.0063522388208925055,49.04133904211284,-65.8931006835905,506.49060150452925,6871.369903737878,0.000416910609371278,52.97231896601017,3.5270084587664465,183.13691406999945,247.32351585164136
15 Jul 2026 13:05:00.000000000,1614.5575351906527,4090.6066005123394,5280.983631588537,-7.393079052149414,0.7890005787867016,1.6458835328272536,-0.0019729109112221594,-0.0050103602249259825,-0.0064869040947553806,50.44544415970553,-60.68283002557271,506.8449117998631,6870.904371565361,0.00038676213623503505,52.970840749283205,3.5211833225836937,196.22966354213006,238.0435361362756
15 Jul 2026 13:06:00.000000000,1167.7411319018881,4128.897554027166,5367.993656374519,-7.495342307600919,0.4869019057689976,1.2533949241203484,-0.00142551261324965,-0.005056686703236393,-0.0065930207903676374,51.578803439296784,-55.17343298307096,507.12277757017495,6870.5315436466735,0.00035924144978362506,52.96965327593143,3.5151370907718573,209.8067368825415,228.27941558473864
15 Jul 2026 13:07:00.000000000,715.7782540023381,4148.992175872597,5431.280316997875,-7.564567464173596,0.1826769280999078,0.8553926652308095,-0.0008719365127303222,-0.005080844097452763,-0.006670145441340168,52.41658946275456,-49.41014731311031,507.3183566136036,6870.257997185906,0.00033376395333172974,52.96877741380392,3.50892002348702,223.9225835261327,217.97667073859583
15 Jul 2026 13:08:00.000000000,260.6608944554402,4150.8028626897285,5470.5651928551215,-7.600454599508608,-0.12234095528294141,0.4536263876075267,-0.00031458369630334415,-0.005082737742400027,-0.006717956007354486,52.93852352062811,-43.45959458121273,507.4274014233382,6870.0885586087015,0.00030995750207042763,52.96822851986612,3.502585408613813,238.72843339492113,206.98403602200008
15 Jul 2026 13:09:00.000000000,-195.60529070713628,4134.3221305954075,5485.67534759879,-7.602848281168713,-0.42681538639066635,0.0498614484753535,0.00024413181444473398,-0.005062365174487263,-0.006736252446937573,53.131049781154886,-37.40636232512159,507.4473349913252,6870.026219148307,0.0002879678192753238,52.96801616739019,3.496188618466452,254.486667832593,195.03909326564997
15 Jul 2026 13:10:00.000000000,-651.0096694174791,4099.622626833231,5476.544052529081,-7.571738089012121,-0.7294125733819623,-0.3541284006936202,0.0008017916498094064,-0.00501981587264973,-0.006724957075270348,52.98897162591941,-31.3457105619311,507.37729749487977,6870.0720824704085,0.0002687906241566957,52.96814397569185,3.489786129299231,271.54140937912575,181.7976824085962
15 Jul 2026 13:11:00.000000000,-1103.545336414623,4046.8568105147187,5443.21106973611,-7.507258624313148,-1.028806796027873,-0.7565683613512003,0.001355981620956687,-0.004955270859584464,-0.006684114728408489,52.51611831088746,-25.373692806822447,507.218163163251,6870.2253452133355,0.0002545487534614977,52.9686095454707,3.4834345210828075,290.1874608745981,166.96496287991968
15 Jul 2026 13:12:00.000000000,-1551.2178012927225,3976.2563038846843,5385.82249441575,-7.4096890075695505,-1.3236858832132123,-1.155689939405828,0.0019043002435287547,-0.004869002165521928,-0.006613892741228723,51.72485104009221,-19.577076820491538,506.9725270635106,6870.483310774198,0.0002484564995485707,52.969404500926224,3.477189475307741,310.3764841132765,150.58923543187814
15 Jul 2026 13:13:00.000000000,-1992.053631099301,3888.130916035707,5304.630156428161,-7.27945186376919,-1.6127566540371465,-1.5497382898087668,0.0024443673079192103,-0.004761372146320697,-0.006514580732345879,50.63455075346757,-14.025539483750135,506.64466198834276,6870.841436121955,0.000254039493228968,52.97051463791605,3.4711047886644066,331.37795669827574,133.40098576626093
15 Jul 2026 13:14:00.000000000,-2424.1090166676145,3782.8673415220055,5199.990581850825,-7.1171117908754535,-1.89475031330087,-1.9369795421063989,0.0029738325440226364,-0.004632832638525817,-0.006386590176704233,49.26949388369352,-8.767633952359423,506.2404460715645,6871.293410870866,0.00027361914652026544,52.971920175529014,3.465231420107078,351.856489107565,116.73556793543855
15 Jul 2026 13:15:00.000000000,-2845.4782315288603,3660.927536908398,5072.363516031883,-6.923373304640939,-2.1684277908371645,-2.315708093289449,0.0034903844202059087,-0.00448392392399547,-0.006230453732459061,47.656604711061256,-3.830610848596208,505.76726219809893,6871.831267309681,0.0003072173248377303,52.97359610659972,3.4596165883041663,10.567919376532073,101.83711010540148
15 Jul 2026 13:16:00.000000000,-3254.301951751655,3522.8467789767374,4922.310010524692,-6.699078250795344,-2.4325850122773343,-2.684253851969645,0.003991759104899175,-0.004315273469884787,-0.006046824278753145,45.82347839053937,0.7769122365875634,505.2338707117383,6872.445519559281,0.0003529146235779435,52.975512640923725,3.4543029354854293,26.955508649169435,89.26231942160636
15 Jul 2026 13:17:00.000000000,-3648.7754044583576,3369.231409122466,4750.490077324755,-6.445202674363923,-2.6860580865985435,-3.0409894150000754,0.004475749604704515,-0.004127594403179599,-0.005836473611061025,43.79688740160027,5.060829178830261,504.65025735352157,6873.12532953353,0.00040798224331599586,52.97763573327924,3.4493277725736546,41.09674627979472,78.93367728902793
15 Jul 2026 13:18:00.000000000,-4027.1563121724002,3200.7562694075873,4557.659915036328,-6.162853135471761,-2.9277283932713756,-3.384337154328994,0.004940215077053472,-0.0039216836760494166,-0.005600290735602253,41.60181258253734,9.037176141731376,504.0274587808188,6873.858696909749,0.00046968596270956654,52.97992768684963,3.4447224189877765,53.35287858214176,70.48991096404201
15 Jul 2026 13:19:00.000000000,-4387.772599366835,3018.1618369056937,4344.668713110276,-5.853262461761843,-3.1565275490181968,-3.7127761880621013,0.005383090296112658,-0.003698419875392945,-0.005339279699013731,39.26092937577122,12.728271953109617,503.377368418082,6874.632669886015,0.0005355595710499326,52.982347821296514,3.4405116488647627,64.1201829458579,63.53471973184068
15 Jul 2026 13:20:00.000000000,-4729.029827247692,2822.251064169483,4112.4550418757935,-5.517784929206738,-3.371442231586219,-4.0248492061152605,0.0058023952329164154,-0.003458760631825324,-0.005054556890613081,36.794434456520854,16.159693348210297,502.7125257661391,6875.4335731197525,0.0006034098184036859,52.98485319358752,3.4367132534736724,73.73418994172295,57.73255304481898
15 Jul 2026 13:21:00.000000000,-5049.418322181692,2613.8859351672513,3862.0428380862168,-5.157890866152095,-3.5715188351833556,-4.319169116919994,0.006196244690841087,-0.0032037395858740946,-0.004747347756405032,34.22009736874546,19.35811526850406,502.0458926414291,6876.247248912669,0.0006712542996524554,52.987399358744874,3.4333377275937065,82.45400175875474,52.824292274392555
15 Jul 2026 13:22:00.000000000,-5347.519963087353,2393.9837475886047,3594.53699777932,-4.775160679404585,-3.755867929926544,-4.594425478287824,0.006562857920732559,-0.0029344628753665064,-0.0044189828711586835,31.553442999491285,22.34989497650407,501.3906201192421,6877.059307440004,0.0007372675975603172,52.98994115697976,3.4303880853373245,90.47337673042196,48.61616631672215
15 Jul 2026 13:23:00.000000000,-5622.014593149931,2163.5131341516717,3311.11859059195,-4.3712783062724645,-3.9236684956685677,-4.849390672498756,0.0069005681225347455,-0.00265210511502948,-0.004070893322735166,28.80799738999865,25.160229337204264,500.7598102064024,6877.855381623066,0.0007997504170062702,52.99243351321497,3.427859808656003,97.93630635344411,44.96417464720184
15 Jul 2026 13:24:00.000000000,-5871.6860216352825,1923.4898373722676,3013.03971215192,-3.948024102454755,-4.074171899124587,-5.082925783307453,0.0072078317259256335,-0.00235790484900179,-0.0037046053749255118,25.995553150885534,27.812721270343424,500.1662764586016,6878.621382120298,0.0008571182274449123,52.994832234790316,3.425740929346918,104.9503567558673,41.76074586643733
15 Jul 2026 13:25:00.000000000,-6095.427582376147,1674.9722541490426,2701.617993775239,-3.507267182412024,-4.206705582408533,-5.293986130965257,0.007483237333971317,-0.002053159469316243,-0.0033217343907111143,23.12642879702398,30.329221091227335,499.6223078758076,6879.3437478684655,0.0009079030784291775,52.99709479318891,3.424012243035873,111.59666900570797,38.92473734683648
15 Jul 2026 13:26:00.000000000,-6292.247216728634,1419.0567684424511,2378.2307913635946,-3.0509572361357082,-4.320676430989276,-5.481626420674842,0.007725514204518186,-0.0017392196047203528,-0.0029239780122991034,20.209708705244346,32.729842581966885,499.1394404466564,6880.009687646375,0.0009507633371315839,52.99918107592206,3.4226476512360153,117.93709883029346,36.394295411137556
15 Jul 2026 13:27:00.000000000,-6461.272050469641,1156.8728922305277,2044.3090780738405,-2.5811158538385324,-4.415573789749939,-5.64500546021248,0.007933540140460311,-0.001417482997570134,-0.0025131086117525267,17.253458274333614,35.03308375462198,498.7282406619483,6880.607408259883,0.0009844976256142316,53.001054095254894,3.421614625327322,124.01922282776869,34.12184896382374
15 Jul 2026 13:28:00.000000000,-6601.752436240996,889.5782367653572,1701.3310679506917,-2.099827397767696,-4.490972097307593,-5.783390403832595,0.008106348661821562,-0.0010893879003996438,-0.0020909650446864847,14.264913541397553,37.25600579844092,498.39810517346524,6881.126325161551,0.0010080604268180124,53.002680641237234,3.420874784138547,129.87982225128687,32.07062549826837
15 Jul 2026 13:29:00.000000000,-6713.065435735846,618.3533378844157,1350.8156002153328,-1.6092294678434984,-4.546533111023152,-5.89616048202409,0.008243135339138027,-0.0007564060369636916,-0.001659443757355993,11.250647081365104,39.414440812189085,498.1570805337059,6881.55725161543,0.0010205776402765043,53.00403186750975,3.4203845747969543,135.54728394611877,30.212249903595424
15 Jul 2026 13:30:00.000000000,-6794.717718851845,344.39636069972346,994.3153162181492,-1.1115030148888825,-4.582007698174426,-5.982810180197184,0.008343263173989274,-0.00042003518422523373,-0.001220489313651096,8.216713293622893,41.52321077857688,498.0117066170474,6881.8925628979205,0.0010213609064117356,53.00508379956213,3.4200960446776505,141.04320968630478,28.525134829662644
15 Jul 2026 13:31:00.000000000,-6846.347860465207,68.91771034741527,633.4096631386208,-0.6088621615994227,-4.597237172515785,-6.042951833876666,0.00840626692759109,-8.179144351548525e-05,-0.0007760844249790423,5.168776707540158,43.59634816627247,497.9668868958698,6882.126332478057,0.001009919881744765,53.00581775651129,3.4199576907263904,146.38340763207114,26.993488894661755
15 Jul 2026 13:32:00.000000000,-6867.728019263286,-206.86542339550314,269.69776029021165,-0.10354379689153184,-4.592154159815365,-6.0763176133652275,0.00843185631454388,0.00025679872170718797,-0.00032823957972393035,2.1122270669770904,45.64731369020351,498.02578823556985,6882.254437640567,0.0009859719091450379,53.00622067901202,3.41991537103225,151.57833975433846,25.606868895317596
15 Jul 2026 13:33:00.000000000,-6858.764987151768,-481.734558979882,-95.2088346838846,0.40220298634265655,-4.566782980837674,-6.08276087698339,0.008419918000515624,0.0005942065965763763,0.00012101761968919942,-0.9477151021353087,47.68920999664187,498.1897722906129,6882.274632588901,0.0009494487375439362,53.006285357587544,3.419913262445429,156.63299455676497,24.36030669603353
15 Jul 2026 13:34:00.000000000,-6819.500602053292,-754.4754242654282,-459.69342139759607,0.9061275369132215,-4.5212395454903085,-6.062256878727952,0.008370516360389912,0.0009289093843476205,0.0005696532962421458,-4.005898850305566,49.734991982304756,498.4583599447602,6882.18658768277,0.0009005001467710948,53.00601055743806,3.4198948473133335,161.54600871548357,23.255187183979956
15 Jul 2026 13:35:00.000000000,-6750.111521360369,-1023.8834366113032,-822.1414751358417,1.4059882994942472,-4.455730757331438,-6.014902823333732,0.008283892980917085,0.0012593983421913958,0.0010156381926228995,-7.057145597107418,51.79767550913967,498.82922955962226,6881.991894110703,0.0008394945779549054,53.005401037624004,3.4198039117843924,166.30760063586888,22.301314298155866
15 Jul 2026 13:36:00.000000000,-6650.908357812531,-1288.7691326130027,-1180.947948946482,1.8995634019905134,-4.3705534331858455,-5.940917269073391,0.008160464913503565,0.001584186791097056,0.0014569584973532505,-10.096150913823735,53.890546670438106,499.2982490950499,6881.6940339583,0.0007670172614240762,53.00446746439133,3.4195855381004003,170.89532720767636,21.521153858554538
15 Jul 2026 13:37:00.000000000,-6522.334184051336,-1547.963518661081,-1534.5245205035737,2.3846611019234047,-4.266092748080117,-5.840638885978626,0.008000821709028196,0.0019018179105689912,0.0018916264815930482,-13.117381835627366,56.027373589965336,499.8595414638091,6881.298316292664,0.0006838671380794459,53.00322622027624,3.4191870733289,175.26535345903866,20.958563502373455
15 Jul 2026 13:38:00.000000000,-6364.962416479684,-1800.3233142778324,-1881.3067455118926,2.8591300201729952,-4.142820220926535,-5.714524584304042,0.007805721286193162,0.0022108722338437304,0.002317690830407036,-16.114966168006365,58.22262195586721,500.5055817997864,6880.81178052645,0.0005910558974563809,53.00169911246587,3.4185590574769273,179.33336047725186,20.697884366611536
15 Jul 2026 13:39:00.000000000,-6179.494093237486,-2044.7360612559983,-2219.761080508025,3.3208690942515897,-4.001291261216837,-5.563147034782771,0.007576084710265777,0.0025099747675221577,0.0027332465612108676,-19.082570145483885,60.49167393335176,501.227324674696,6880.243068938246,0.0004898186069727793,52.99991298566179,3.4176560946168597,182.92815979133937,20.910326329015763
15 Jul 2026 13:40:00.000000000,-5966.754565019311,-2280.1250729874546,-2548.3917393873417,3.7678371883415807,-3.8421423012876947,-5.387191608353994,0.007312989973418959,0.0027978016686020747,0.003136444432842055,-22.013260718208905,62.85104743653978,502.0143587086092,6879.602270795409,0.0003816683408015897,52.9978992463694,3.416437651785416,185.6598251976965,21.98583583262956
15 Jul 2026 13:41:00.000000000,-5727.689621047232,-2505.4541999470316,-2865.74734980039,4.198062303398102,-3.6660875423917307,-5.1874527684142775,0.007017664887474766,0.00307308642409267,0.003525499763349636,-24.89934878540827,65.31860844851353,502.85508550028226,6878.900741038101,0.00026864027701112514,52.99569330708669,3.4148687716110633,186.44346989944145,25.009318429323688
15 Jul 2026 13:42:00.000000000,-5463.3610757066335,-2719.732389092505,-3170.427377674463,4.609650337527249,-3.473915345747843,-4.9648299531213835,0.006691479208608795,0.0033346254904566886,0.0038987005898410486,-27.73221003876231,67.91376239935249,503.7369193658468,6878.150896931685,0.0001547460150834641,52.993333960261175,3.412920686221594,180.93227732138845,34.32760768577742
15 Jul 2026 13:43:00.000000000,-5174.941844121681,-2922.018016876531,-3461.0882904655773,5.000793354345709,-3.266484301901749,-4.720322988760606,0.006335936123441001,0.00358128336416711,0.004254415121533874,-30.502081011613612,70.65760051689672,504.6465040267558,6877.365996467718,6.486494790819646e-05,52.99086269310595,3.410571321687253,136.7291760644305,82.3377899927589
15 Jul 2026 13:44:00.000000000,-4863.710537247697,-3111.4229776224615,-3736.4494322775854,5.369777324885442,-3.044719013050355,-4.4550270776018195,0.00595266322775252,0.0038119970676552964,0.004591098454173591,-33.197829908280404,73.57296229677061,505.5699421345767,6876.559902587707,0.00012083806390339329,52.988322955388625,3.4078056842960227,64.67249315764919,158.20155112323584
15 Jul 2026 13:45:00.000000000,-4531.04560889805,-3287.11651110116,-3995.2985866290906,5.714989316538629,-2.8096056234997335,-4.170127405008056,0.005543403131230864,0.004025780050013018,0.004907298533998635,-35.80670550100568,76.68435452583114,506.4930333630534,6875.74683751579,0.0002347406032262175,52.98575939311512,3.404616121916158,53.82162378294092,172.85950636748416
15 Jul 2026 13:46:00.000000000,-4178.41908847868,-3448.3287552611864,-4236.497205346271,6.03492411032741,-2.562187133125848,-3.866893410812719,0.005110003813620565,0.004221725513059845,0.005201661374809129,-38.314073802896296,80.01763995404022,507.40151673287613,6874.94113161219,0.00035210708642955453,52.98321706161134,3.4010024559997225,53.300266139196204,177.1879655802118
15 Jul 2026 13:47:00.000000000,-3807.3899341134265,-3594.3540121218434,-4458.985284743274,6.3281902351558905,-2.303558527677825,-3.546672769219447,0.004654408851279354,0.004399009186189589,0.005472935549513971,-40.703162585100074,83.59937597481523,508.2813128586295,6874.156971203502,0.0004667618083474325,52.98074063184936,3.3969719819893927,55.41751933823192,178.87783524858693
15 Jul 2026 13:48:00.000000000,-3419.59704131775,-3724.5537168261085,-4661.785872865546,6.5935154144606205,-2.034861758057828,-3.2108851197817048,0.004178647619576082,0.004556891582877638,0.0057199759910540994,-42.95484936697686,87.45565116979013,509.118761911311,6873.408149808392,0.0005761436456166815,52.97837360396433,3.392539338284234,58.56774347620475,179.53475843756968
15 Jul 2026 13:49:00.000000000,-3016.7519424831953,-3838.3591017022154,-4844.009194060398,6.829751426605906,-1.7572805984697748,-2.861015589513383,0.003684825563792157,0.0046947197817153495,0.0059417471521360085,-45.04754989727233,91.61024920588046,509.9008532658386,6872.707827063564,0.0006783687486685241,52.97615754176639,3.387726246109466,62.222387651615165,179.6872868405879
15 Jul 2026 13:50:00.000000000,-2600.63123219354,-3935.2735489035117,-5004.856379460481,7.035878385340612,-1.472035410628117,-2.498608143012368,0.003175114610213802,0.004811928777934413,0.006137325579009219,-46.95728995376307,96.08199203357267,510.61544304029064,6872.068299470298,0.0007718255157987013,52.974131341667466,3.3825611250030447,66.15884552759597,179.55802533608735
15 Jul 2026 13:51:00.000000000,-2173.0687529017678,-4014.874626729128,-5143.622794079732,7.2110084505029315,-1.1803778382445138,-2.12525879382478,0.002651743773986327,0.004908042458507269,0.006305901965342994,-48.65806775323875,100.8812187532613,511.2514560221887,6871.500786832851,0.0008550930886445392,52.97233054882606,3.377078590701767,70.2679294610762,179.25615802465074
15 Jul 2026 13:52:00.000000000,-1735.9475747871327,-4076.8158060912974,-5259.700953108056,7.354388981883956,-0.88358545285662,-1.7426087063167757,0.00211698999782896,0.0049826742519411445,0.006446782751500848,-50.12262456567879,106.00558906145605,511.7990688071994,6871.015237953608,0.0009269289393828269,52.970786732474494,3.3713188443644024,74.49030496014966,178.84101398180084
15 Jul 2026 13:53:00.000000000,-1291.1918027889985,-4120.827854756171,-5352.583021631989,7.465405150699679,-0.5829563689284084,-1.3523372132551295,0.0015731692389663024,0.00503552750699474,0.006559391340055406,-51.32371658843313,111.43577981423178,512.2498713368234,6870.620158792781,0.000986274970267011,52.96952693134707,3.3653269638647454,78.79131787940527,178.34724031235953
15 Jul 2026 13:54:00.000000000,-840.7582429159153,-4146.719907971594,-5421.862893407002,7.543582023518514,-0.27980384312932105,-0.9561547703122498,0.001022627799565395,0.0050663956452730915,0.006643268987883033,-52.23589886723819,117.1321025013493,512.5970044071867,6870.32246590179,0.001032268296272496,52.9685731788931,3.359152109654793,83.14965742295844,177.7961394315667
15 Jul 2026 13:55:00.000000000,-386.6279590499835,-4154.380214902128,-5467.237845467851,7.588586132810078,0.024549130036944023,-0.5557958650001814,0.0004677338826133794,0.005075162133538613,0.006698075437380651,-52.837683573281474,123.03339829888986,512.8352711221853,6870.127367503885,0.0010642519847096554,52.967942116557765,3.3528466591347375,87.55173478265688,177.20129073979695
15 Jul 2026 13:56:00.000000000,69.20224932394538,-4143.776560950608,-5488.509766310947,7.600226546647404,0.32877521642642216,-0.15301189428987133,-8.913066231882305e-05,0.0050618003087773145,0.006723589333759339,-53.113750413129495,129.05944332338947,512.9612206770335,6870.038274132371,0.0010817838308122799,52.9676447018706,3.3464652847531746,91.98867867517076,176.5715554207447
15 Jul 2026 13:57:00.000000000,524.7284188132463,-4114.9563665749565,-5485.585956155392,7.578455447669412,0.6315481263648294,0.25043597759127406,-0.0006455784491221232,0.005026373084213414,0.006719708469632089,-53.056746729828234,135.1172850556576,512.9732032774281,6870.056740251759,0.0010846422779162029,52.96768601642143,3.340063991988063,96.4546287789236,175.91278335606935
15 Jul 2026 13:58:00.000000000,977.9480139379067,-4068.046463644684,-5458.479498397735,7.523368228358308,0.9315479779531787,0.652783971509434,-0.001199224575844619,0.0049690325511822005,0.0066864498811462034,-52.668219201914376,141.11058646725414,512.8713954223614,6870.182437785243,0.0010728290364295948,52.96806517705877,3.333699134093729,100.94571446533192,175.22883475424433
15 Jul 2026 13:59:00.000000000,1426.8685102891204,-4003.252550761275,-5407.309201919332,7.435203106270892,1.2274666336463118,1.0522728475900602,-0.0017476946152299585,0.004890019484115509,0.006623949809961693,-51.95841455645179,146.94981848791343,512.6577952037048,6870.413161961962,0.0010465681850254285,52.96877535184243,3.3274264208395725,105.45941240828985,174.5222229033127
15 Jul 2026 14:00:00.000000000,1869.5159402288082,-3920.858329320282,-5332.299114372674,7.3143402592514395,1.5180130041408813,1.4471550530807213,-0.002288632635086213,0.0047896627426136425,0.006532463527729436,-50.94500680955313,152.56076646279195,512.3361877006066,6870.744869381845,0.001006301678546744,52.96980388045381,3.3212999386522646,109.99411829047757,173.79454282151153
15 Jul 2026 14:01:00.000000000,2303.9433722661342,-3821.224322468749,-5233.777607065584,7.161300477132831,1.8019183130214556,1.835701855296299,-0.002819709305467292,0.004668378555964913,0.006412365007919534,-49.651100558115054,157.88955065992903,511.9120809719379,6871.171747682776,0.0009526812886821324,52.97113249694575,3.3153711992848396,114.5488351352913,173.04678326998186
15 Jul 2026 14:02:00.000000000,2728.239294931627,-3704.7863795395674,-5112.176032607138,6.976743323206848,2.0779413144007,2.2162104496512502,-0.0033386301422957325,0.00452666966436691,0.006264146414444821,-48.10299114580264,162.9037260580286,511.39261357303366,6871.6863156883055,0.0008865570853745831,52.972737650927485,3.309688233697028,119.12290957859877,172.27959080653275
15 Jul 2026 14:03:00.000000000,3140.5358754716535,-3572.053869064371,-4968.026957134336,6.761464796044325,2.3448734540177587,2.58701103063386,-0.003843143927287266,0.004365124283939577,0.006088417366240025,-46.32810762430333,167.59023915689858,510.78643494373364,6872.279552420669,0.0008089626377909768,52.97459092156311,3.3042947469963595,123.71574880930152,171.49355314497188
15 Jul 2026 14:04:00.000000000,3539.017063062577,-3423.60756409933,-4801.961969742724,6.516394480258504,2.6015439620414207,2.9464738107597617,-0.00433105132947631,0.004184414854085685,0.005885903924369987,-44.35339749186921,171.95158776379978,510.1035604297131,6872.941052888541,0.0007210971771961799,52.97665951714277,3.2992293492857323,128.32641706051558,170.68960293221843
15 Jul 2026 14:05:00.000000000,3921.926505461849,-3260.0972244030395,-4614.7090727629275,6.242592173746947,2.8468248631941573,3.293015969126118,-0.004800213738586663,0.003985296522436636,0.005657447242800588,-42.20423337018633,176.00146158559275,509.35520310617073,6873.659208109625,0.0006243050226956873,52.97890685148902,3.2945248758659194,132.95289752981668,169.86975605887508
15 Jul 2026 14:06:00.000000000,4287.575247385113,-3082.238880898393,-4407.089657687014,5.9412439787944615,3.079635887079374,3.6251085075404297,-0.005248562302454449,0.0037686053189231357,0.005404001817598599,-39.90379503118395,179.76073496128544,508.55358496641844,6874.421406409132,0.0005200526287889804,52.98129318711887,3.2902078087658624,137.5904508822132,169.03875334562153
15 Jul 2026 14:07:00.000000000,4634.3491779615315,-2890.8118290451057,-4180.015073082246,5.613657845584734,3.2989492585274354,3.941282988036443,-0.0056741071407836905,0.003535255969622046,0.005126633266745405,-37.47281985961629,-176.74576469377845,507.71173041300716,6875.214252655577,0.0004099036869370486,52.98377633391111,3.286297809733599,142.2272262997294,168.20844963643302
15 Jul 2026 14:08:00.000000000,4960.716194171915,-2686.6553389725955,-3934.4827924527503,5.261258558755601,3.5037943450130045,4.240138121742118,-0.006074946688524954,0.0032862393033914693,0.004826515574543561,-34.92960493422167,-173.49162019915423,506.8432453370263,6876.023801760252,0.00029549288842054076,52.9863123910535,3.2828073729473912,146.82943359102072,167.41264178263236
15 Jul 2026 14:09:00.000000000,5265.23304660475,-2470.6650917225647,-3671.572191983297,4.885582161045488,3.6932621354202144,4.520346175124763,-0.006449277104911113,0.0030226192095316293,0.0045049277402995375,-32.29016103311577,-170.45041129994877,505.9620853850645,6876.835802485448,0.00017849994991361604,52.988856519281555,3.279741603567397,151.26781147212822,166.78060040402494
15 Jul 2026 14:10:00.000000000,5546.551833670804,-2243.789352550125,-3392.43995024143,4.488269812509362,3.866509522077293,4.780659156173431,-0.006795401663556153,0.00274552910916287,0.004163249775400947,-29.56844483583356,-167.59668736627938,505.0823172820194,6877.635947383531,6.064332890266002e-05,52.991363729881364,3.27709812608864,154.38928103570473,167.46541640836656
15 Jul 2026 14:11:00.000000000,5803.426110483459,-2007.0248939783976,-3098.31508426356,4.07106108924038,4.0227633560526055,5.019914740116543,-0.007111740025662962,0.002456167913407608,0.003802958005952146,-26.776620264169843,-164.90649326445427,504.21787729260075,6878.410124533591,5.660009474493741e-05,52.99378967662553,3.2748671241629728,344.59370944472687,341.06723723264906
15 Jul 2026 14:12:00.000000000,6034.716579040053,-1761.412683142046,-2790.493638953675,3.635786731848444,4.161324244352616,5.237041892013875,-0.00739683728492689,0.002155795451216095,0.0034256196499420333,-23.925319314230375,-162.35759007868182,503.3823310541158,6879.144666658303,0.0001712573742723581,52.99609143674714,3.273031511276905,347.65656711825727,341.81060953909895
15 Jul 2026 14:13:00.000000000,6239.396327169812,-1508.0333498570062,-2470.3330493323815,3.1843608609427507,4.281570056977369,5.431066142144995,-0.0076493726627647595,0.001845727361428215,0.0030328866531204183,-21.023886388127632,-159.9294787259624,502.5886390886182,6879.826593197343,0.0002819707152602151,52.99822826723657,3.2715672293838383,352.26156597620405,341.01184080038036
15 Jul 2026 14:14:00.000000000,6416.555584977311,-1248.0024537787262,-2139.24619783782,2.7187726843376265,4.382959111842226,5.601114469648674,-0.007868167726253691,0.0015273294564587291,0.00262648878403719,-18.08059899527128,-157.60330327543397,501.84893229519554,6880.44384098768,0.0003872412700455953,53.000162323161796,3.270443670329322,357.13082321716644,339.94883530228617
15 Jul 2026 14:15:00.000000000,6565.40596923182,-982.4655709076856,-1798.6951915364646,2.241077728409528,4.465033006416833,5.7464197504302845,-0.008052193999816914,0.001202011578550341,0.0022082260069174243,-15.102863058498825,-155.36168571044465,501.174301626777,6880.985479358243,0.00048571797478333704,53.0018593253651,3.269624212751901,2.1317269170311377,338.7542282795384
15 Jul 2026 14:16:00.000000000,6685.284188335769,-712.593221521837,-1450.1848866904859,1.753388633733343,4.527419066579073,5.86632472698465,-0.008200579844960428,0.0008712209830022267,0.0017799601688924833,-12.097384084116564,-153.18852532058477,500.5746059656578,6881.441905686207,0.0005761950279499163,53.003289165760876,3.2690668651346244,7.233739219271749,337.458582417872
15 Jul 2026 14:17:00.000000000,6775.655183141631,-439.57566331791395,-1095.256190581023,1.257865562564397,4.569832385618445,5.960285460484363,-0.00831261648552081,0.0005364352950627134,0.0013436060548424951,-9.070317010004782,-151.06878289333753,500.0583019273938,6881.805017782602,0.0006576298273753581,53.004426439539046,3.268725003780545,12.430478144044221,336.0683057002459
15 Jul 2026 14:18:00.000000000,6836.114681951098,-164.61757507939407,-735.4791727495316,0.7567062726672066,4.592077429511883,6.027874229216453,-0.008387763070978504,0.00019915510009100809,0.000901121881180647,-6.0273982349405495,-148.9882610820745,499.63229894557116,6882.068359872479,0.0007291595353353935,53.00525089484807,3.2685481928007625,17.724393071024153,334.58097554784445
15 Jul 2026 14:19:00.000000000,6866.391151488987,111.06734249663607,-372.4460198236605,0.2521359181723724,4.594049188466577,6.068781842142587,-0.008425650679430892,-0.00013910376356893937,0.0004544993136608967,-2.9740635470808945,-146.9333865677088,499.30184252595467,6882.227239401948,0.0007901147547019378,53.00574779196881,3.2684830717901217,23.122419495046714,332.9896836630484
15 Jul 2026 14:20:00.000000000,6866.347129441226,386.26182109961366,-7.763869796578076,-0.2536033566150327,4.5757338591780705,6.082819341894467,-0.008426085186491012,-0.00047681813019361246,5.7531085698796396e-06,0.08444434597020961,-144.89099596993893,499.07042801751805,6882.278812433673,0.0008400298895064649,53.005908165569004,3.2684742955872412,28.63453699005303,331.28447764558985
15 Jul 2026 14:21:00.000000000,6835.979928223849,659.7505057386405,356.9524370258019,-0.7582629604417892,4.537209047177829,6.069919077757835,-0.008389048936576063,-0.0008124655656670228,-0.00044308951439860696,3.142975083096697,-142.84812522671382,498.93974664160766,6882.222135972643,0.0008786499665914962,53.005728985325646,3.268465509646376,34.27332044047657,329.4528093298911
15 Jul 2026 14:22:00.000000000,6775.421703932723,930.3254333203724,720.0876522305433,-1.2595984625180037,4.478643483900146,6.030135135973871,-0.008314701186180771,-0.0011445324701246484,-0.0008899996505493636,6.196373209958108,-140.7918008966588,498.9096648653613,6882.058186182285,0.0009059337831537939,53.005213211983424,3.268400343842707,40.0539083485532,327.47956604245996
15 Jul 2026 14:23:00.000000000,6684.938888835854,1196.7914797288554,1080.0334199340537,-1.7553801898190118,4.400296258540347,5.963643121810819,-0.00820337730277108,-0.0014715221328298765,-0.0013329575196231402,9.239380589104318,-138.70883127734587,498.9782375189797,6881.7898420959355,0.0009220533069230116,53.004369747756165,3.268223407228822,45.99418309781167,325.3468899066085
15 Jul 2026 14:24:00.000000000,6564.930990228007,1457.9717464202001,1435.1955450053126,-2.243403739941733,4.302515570247643,5.870739295127397,-0.008055586734768385,-0.0017919626490365283,-0.0017699631851102438,12.266535209795702,-136.58559524778588,499.1417543578895,6881.421835082888,0.0009273893032119908,53.003213281838875,3.2678812661540175,52.11507879366577,323.03386958107404
15 Jul 2026 14:25:00.000000000,6415.928762883747,1712.7128580488265,1784.0011903476868,-2.7215003365803687,4.185737011537366,5.75183906835802,-0.007872009783339285,-0.002104414611271304,-0.0021990470647165203,15.272062879720197,-134.40782734127276,499.3948190801819,6880.9606649794105,0.0009225231936867463,53.00176403365043,3.2673233885135633,58.44097292690788,320.5161481941387
15 Jul 2026 14:26:00.000000000,6238.59176664233,1959.8901434344427,2124.9059654429025,-3.187546957438364,4.050481398872718,5.607474882793898,-0.00765349323712004,-0.0024074784943533337,-0.0026182801199653417,18.24975817116837,-132.160398870416,499.730459146332,6880.414484426567,0.0009082251563983502,53.00004739823676,3.266503037382115,65.00012620599072,317.76548313446676
15 Jul 2026 14:27:00.000000000,6033.705324750961,2198.412673284672,2456.400869499388,-3.63947616844008,3.897352171006996,5.438293485518798,-0.007401044944547373,-0.002699801660665267,-0.0030257836214413274,21.192850889352147,-129.82709724462018,500.14026413095246,6879.792953555894,0.0008854384418674521,52.99809350000026,3.2653780982091467,71.82512384121695,314.74930442228487
15 Jul 2026 14:28:00.000000000,5802.176902414889,2427.2281294440263,2777.019054051881,-4.075285603274513,3.7270323797749616,5.245052635208239,-0.0071158274202142175,-0.002980084922994367,-0.003419738398793136,24.093854317585894,-127.39040941015512,500.61454978032583,6879.107067716135,0.0008552597864862668,52.99593666255188,3.263911824867774,78.95324307753913,311.4303468704244
15 Jul 2026 14:29:00.000000000,5545.031928485418,2645.3274820341826,3085.342371695113,-4.49304703343719,3.540281301464036,5.028617270062206,-0.006799150593203684,-0.0032470886132186234,-0.00379839349817852,26.944391725094054,-124.83132130203741,501.142544469416,6878.368961429471,0.0008189156283559812,52.99361480397898,3.2620734913035343,86.42662307224647,307.7664799445658
15 Jul 2026 14:30:00.000000000,5263.4090863147885,2851.749452620333,3380.0076797468137,-4.890914980805101,3.3379306996112525,4.789955175293124,-0.006452463818223241,-0.003499638118571326,-0.004160074186727627,29.73499835216191,-122.12915429051804,501.71259435667207,6877.591692191805,0.0007777335479152701,52.99116876815659,3.259838937147327,94.29204107896923,303.7109313661346
15 Jul 2026 14:31:00.000000000,4958.555102476195,3045.584743455451,3659.71286997313,-5.2671348321651426,3.120880772000976,4.530132190742391,-0.006077347274007891,-0.0037366288596056116,-0.00450318925965251,32.45489772206455,-119.26147305565893,502.3123832323773,6876.789008084544,0.0007331079588740435,52.98864160387929,3.2571909975273026,102.60000572256938,299.2131936773658
15 Jul 2026 14:32:00.000000000,4631.819064266023,3225.980014861984,3923.2225980076805,-5.620050422759498,2.890095815760934,4.250307001301444,-0.0056755028785728835,-0.003957030698515164,-0.004826237624655581,35.09175429551664,-116.20411846050419,502.92916284807944,6875.975103434667,0.0006864586105944821,52.986077804533025,3.254119809363057,111.40278393873686,294.22099719791146
15 Jul 2026 14:33:00.000000000,4284.646298664181,3392.141594861543,4169.373688693561,-5.948111063563002,2.646599644777484,3.9517255538547924,-0.005248744846565036,-0.004159891778657914,-0.005127814154697496,37.631410084921626,-112.93144478202723,503.5499894014604,6875.164366946661,0.000639180109123481,52.9835225217445,3.250622988609722,120.75094122821226,288.68376972532076
15 Jul 2026 14:34:00.000000000,3918.5718467345823,3543.338907208686,4397.080196211873,-6.249877994416805,2.3914707932155173,3.6357151444720954,-0.004798990009305906,-0.004344341809008507,-0.00540661481778916,40.05762207091505,-109.41687260446759,504.16196182912626,6874.371126830406,0.0005925808455620921,52.98102076692595,3.246705675181755,130.68811723320155,282.5578609730866
15 Jul 2026 14:35:00.000000000,3535.213568316065,3678.907605987588,4605.338100470577,-6.524030252082521,2.1258375377903915,3.3036782186196643,-0.004328248007048313,-0.004509594817073853,-0.005661441106376195,42.35183143123732,-105.63390267628138,504.75245762276455,6873.609397464408,0.0005478112136843887,52.978616614866134,3.2423804446644344,141.2442698847556,275.81329849774164
15 Jul 2026 14:36:00.000000000,3136.264912327775,3798.2524068397656,4793.229623756354,-6.769369948534492,1.8508727697026848,2.9570859253443498,-0.003838611452504527,-0.00465495140517188,-0.005891203804920093,44.49301563002773,-101.55776079804227,505.3093620247781,6872.892632068138,0.0005057848299543633,52.97635242349952,3.2376670882539917,152.4286766924496,268.44078654288376
15 Jul 2026 14:37:00.000000000,2723.4873881257286,3900.8496066864295,4959.92715405293,-6.984826960208714,1.5677887449065704,2.597471463833928,-0.0033322461459175546,-0.004779800549594742,-0.006094926141861821,46.45769967483544,-97.1678362674132,505.82128666778107,6872.233485712231,0.0004671032616246689,52.974268083714556,3.2325922647454535,164.22549797945294,260.45614299525937
15 Jul 2026 14:38:00.000000000,2298.7027731651456,3986.2492854531006,5104.69676365882,-7.169463033329958,1.2778317387817553,2.2264232576411604,-0.0028113814068668743,-0.004883620988886719,-0.006271746382495343,48.220228990046614,-92.45099857731249,506.2777739887864,6871.643592779319,0.0004320033625128127,52.972400312541964,3.227189030653452,176.59600067576307,251.89807583735816
15 Jul 2026 14:39:00.000000000,1863.7850918038175,4054.0771847854808,5226.901313766116,-7.322475313755503,0.9822766284490548,1.8455779883504821,-0.0022783005683790778,-0.004965982249346473,-0.006420919923178449,49.75342257149137,-87.40568134534304,506.66948406304806,6871.133362704529,0.00040035253648833176,52.970782002305256,3.2214962567308545,189.49132098325893,242.8154207791458
15 Jul 2026 14:40:00.000000000,1420.6523994933004,4104.036260052861,5326.003137471296,-7.44319931196082,0.6824214230584426,1.4566135167554506,-0.0017353316604803316,-0.005026545356852517,-0.006541820950272166,51.02971236916305,-82.04627692011596,506.98836085528916,6870.711797483819,0.0003717152081694165,52.96944163733102,3.2155579411669484,202.87692186442922,233.2426841124919
15 Jul 2026 14:41:00.000000000,971.2584059126335,4135.907903069798,5401.566295269671,-7.531111314852994,0.3795817595225572,1.0612417158965883,-0.001184838290766434,-0.005065063279882262,-0.006633943723001315,52.022809365298784,-76.40692726197327,507.2277752679134,6870.386334043697,0.00034550114307232163,52.968402788620885,3.2094224316351228,216.76541004986404,223.16722608782217
15 Jul 2026 14:42:00.000000000,517.5839698878069,4149.552833931016,5453.258398441608,-7.585830256083761,0.07508537852726452,0.6612012367786877,-0.0006292107139422764,-0.0050813811461547275,-0.006696903537498587,52.70980360974891,-70.54339776809833,507.38264276980055,6870.162714128728,0.00032118923210064566,52.96768369550648,3.203141569952641,231.25035142188943,212.49544594946454
15 Jul 2026 14:43:00.000000000,61.62849820855552,4144.911661172719,5480.85199689232,-7.607119055554596,-0.22973340670529627,0.2582502243745968,-7.085706638130973e-05,-0.00507543626934931,-0.006730437422463197,53.073422265839156,-64.53168966251755,507.4495138089786,6870.0448838888915,0.00029860987927985235,52.96729694176221,3.1967697745436974,246.5305521935534,201.02850120404727
15 Jul 2026 14:44:00.000000000,-394.59872003244374,4122.005110158749,5484.225528964123,-7.5948854369807925,-0.5335392382339924,-0.1458410010401764,0.00048780527097795807,-0.005047258011153663,-0.006734404602972794,53.10400524577184,-58.462675876085385,507.4266356423073,6870.034924845033,0.00027826599633031093,52.96724923197024,3.1903630769623637,262.9065534575753,188.4658135394535
15 Jul 2026 14:45:00.000000000,-849.0872126375024,4080.93392018491,5463.363831583393,-7.549182229936747,-0.8350012286496705,-0.5492972843771843,0.0010443582265760773,-0.0049969674980499725,-0.006708786761746899,52.800714846942206,-52.43330938556427,507.31398465241296,6870.13301738546,0.0002616488972606564,52.967541272145304,3.1839781296405643,280.7095365076579,174.4761639854145
15 Jul 2026 14:46:00.000000000,-1299.834026174918,4021.8784113125457,5418.358209800694,-7.470207159867553,-1.132798455241373,-0.9503459862801767,0.001596391560152109,-0.004924777201009703,-0.006653688112614538,52.17164394749849,-46.53631563616305,507.1132686630069,6870.337437406496,0.0002513981348521744,52.96816775676807,3.1776712024661466,300.0973083637609,158.90170787551097
15 Jul 2026 14:47:00.000000000,-1744.8523999309693,3945.097722442906,5349.406065465068,-7.358302126437023,-1.42562542484037,-1.347224332553945,0.0021415114053435166,-0.004830990374626705,-0.0065693352854935775,51.23279142945448,-40.85094583908477,506.82789920658166,6870.644586161087,0.00025095039453226087,52.96911746247625,3.1714971860573584,320.71583525632536,142.09644184811174
15 Jul 2026 14:48:00.000000000,-2182.1803812192143,3850.928722645887,5256.81008542898,-7.213951967455801,-1.7121975006158314,-1.7381867508925763,0.0026773488837336513,-0.004716000344304931,-0.006456077011415271,50.00619296531245,-35.43689875374755,506.46293414206247,6871.049052830375,0.00026336483614780674,52.97037344675835,3.1655086194421433,341.5121243717058,125.11332257609324
15 Jul 2026 14:49:00.000000000,-2609.889351078224,3739.7845983043503,5140.976990391297,-7.037782702761367,-1.9912562810680818,-2.121512182152223,0.0032015688343589002,-0.004580289618198336,-0.0063143835797359734,48.51767852054793,-30.33222594055479,506.0249914622322,6871.543708789286,0.0002898756122696853,52.971913348120346,3.1597547594726536,1.134888189123836,109.30360288739797
15 Jul 2026 14:50:00.000000000,-3026.092428957949,3612.1531192662687,5002.415846292917,-6.830559250023785,-2.2615749198684783,-2.495511351471257,0.0037118786938054524,-0.00442442879412854,-0.006144846030325026,46.7947170278969,-25.554698888237105,505.52213556980666,6872.1198320054245,0.00032948603680496867,52.97370978238327,3.1542807084786553,18.665942131797465,95.58543454644003
15 Jul 2026 14:51:00.000000000,-3428.9527244463657,3468.59458793381,4841.735941131028,-6.5931826027274045,-2.521963373157658,-2.858533981926597,0.004206037549249876,-0.004249075224252725,-0.005948175032685292,44.86465865794698,-21.105354262507273,504.96373773481315,6872.7672594996,0.0003798192415689075,52.97573082805431,3.1491266157385764,33.89330559683547,84.17076762481788
15 Jul 2026 14:52:00.000000000,-3816.691403491519,3309.7394760813672,4659.644231166027,-6.326686459680936,-2.771273558514253,-3.20897593030299,0.004681865370141482,-0.00405497139359798,-0.005725199393834703,42.75349866437423,-16.972860279564063,504.36031286984297,6873.4745653112295,0.00043813659170085514,52.977940592125,3.144326966873828,47.06059667973594,74.81595613953432
15 Jul 2026 14:53:00.000000000,-4187.595535810447,3136.285755255618,4456.942361876065,-6.032233295585276,-3.0084044070988707,-3.5452862209008993,0.005137252407578279,-0.0038429429676996927,-0.005476864134481114,40.485141683658874,-13.137704486455428,503.7233351700431,6874.229260961791,0.000501854725996329,52.980299846217115,3.139909973862476,58.55381825782038,67.13497228797958
15 Jul 2026 14:54:00.000000000,-4540.025689727822,2948.9959277465828,4234.523270505722,-5.711109863290579,-3.2323067878189446,-3.86597394970599,0.005570168734448917,-0.0036138964650122172,-0.005204228072480789,38.08106795448725,-9.575667792030176,503.06503555413303,6875.018015002244,0.0005686616854841455,52.98276672174583,3.1358970764293725,68.73721476146598,60.76354994681938
15 Jul 2026 14:55:00.000000000,-4872.42324003163,2748.6937665192568,3993.3673789041,-5.364722120784388,-3.4419882795534424,-4.169615027313854,0.005978673872881618,-0.0033688165058731916,-0.00490846084552405,35.56028228777596,-6.260421733827113,502.39818420476746,6875.826887871708,0.0006364809802834897,52.985297451722026,3.132302563697218,77.90445630285764,55.40800076047433
15 Jul 2026 14:56:00.000000000,-5183.317354176305,2536.2607739936734,3734.538387335505,-4.994589579377696,-3.636517764976562,-4.454858725453439,0.006360926447374637,-0.003108762602623154,-0.004590839321606727,32.93943917306858,-3.1653079643886097,501.7358618318179,6876.641577995603,0.0007034138716852834,52.98784714599122,3.12913332268516,86.27889001422608,50.84496296430883
15 Jul 2026 14:57:00.000000000,-5471.331622066038,2312.6323712126723,3459.178682179714,-4.602339074100244,-3.8150298173109656,-4.720433988668318,0.006715193775802378,-0.0028348654545210365,-0.004252743342769392,30.23306276586422,-0.2644548151020307,501.09122356116274,6877.447674815657,0.0007676989018438654,52.99037058611945,3.1263887181549084,94.0273030427127,46.90763849324537
15 Jul 2026 14:58:00.000000000,-5735.190294865993,2078.7938307253776,3168.5043728458363,-4.18969796285012,-3.976728849569421,-4.965155469993281,0.0070398612987829295,-0.0025483227234170433,-0.0038956507631707745,27.453806396838264,2.466597040192286,500.47725957461273,6878.230914281764,0.0008276923894128669,52.992823025796696,3.124060605815444,101.27419418605267,43.47152139048751
15 Jul 2026 14:59:00.000000000,-5973.724098876821,1835.7759683763863,2863.799975771848,-3.7584867672048494,-4.120892994667502,-5.187929247449223,0.007333441737556404,-0.002250394276837014,-0.003521131756241726,24.61271736315759,5.0506087857406055,499.9065567825306,6878.977432249448,0.0008818647230314704,52.995160982542664,3.1221334785887134,108.1131822754101,40.4429894099196
15 Jul 2026 15:00:00.000000000,-6185.875591496575,1584.6506111131334,2546.412766023373,-3.310611274829013,-4.246877684273224,-5.387758177012406,0.007594583855918814,-0.001942396894751911,-0.003130842377350764,21.719487963536647,7.508579924372505,499.39106589124447,6879.674011224264,0.0009288067947370113,52.99734300666703,3.1205847432314058,114.6153740880706,37.75093603040343
15 Jul 2026 15:01:00.000000000,-6370.704027724522,1326.5258598461364,2217.74681968456,-2.8480541308791705,-4.354118894492874,-5.5637468375069705,0.007822080701132824,-0.0016256984512142483,-0.0027265173883000765,18.78268377442262,9.859822179204444,498.94187822250734,6880.308315976007,0.0009672422421311461,52.99933041385619,3.1193851223453706,120.8353049322382,35.3408297416461
15 Jul 2026 15:02:00.000000000,-6527.389707545819,1062.5411682913964,1879.2567728905408,-2.3728659534874126,-4.4421360275064155,-5.715106023696807,0.008014877195604252,-0.001301711594557159,-0.0023099623664214735,15.809946335684627,12.12211304443226,498.5690165472718,6880.869113715205,0.000996042479274093,53.001087968419384,3.1184991745436785,126.81510331751291,33.17054919094324
15 Jul 2026 15:03:00.000000000,-6655.237776883687,793.8622605309847,1532.4413259186806,-1.8871560160369245,-4.5105344000883685,-5.841156745754254,0.00817207695110879,-0.0009718869627817987,-0.0018830451380790923,12.808170951629894,14.31189150280854,498.28124400502486,6881.346474778963,0.001014242454340385,53.002584505120005,3.1178859234210945,132.58738776587793,31.20748613977571
15 Jul 2026 15:04:00.000000000,-6753.681457602602,521.6759116921639,1178.8365231793623,-1.393082546274674,-4.5590073125660595,-5.941333696250623,0.008292948193702796,-0.0006377059852979353,-0.0014476865970304105,9.783662175317842,16.444472824441576,498.0858948937216,6881.731950111711,0.0010210557187715777,53.00379347862261,3.1174995841516195,138.17724951166664,29.426562486380462
15 Jul 2026 15:05:00.000000000,-6822.284685265316,247.18461764728485,820.0088421468226,-0.8928426990893557,-4.587337675120202,-6.015188149813663,0.008376928683803499,-0.00030067333139657934,-0.0010058509798100148,6.742270403846505,18.534269157208286,497.98873073459293,6882.018722242046,0.0010158878263577097,53.00469343088577,3.117290374679343,143.60354729489637,27.808935155320658
15 Jul 2026 15:06:00.000000000,-6860.744136947812,-28.398819108148828,457.5481262116712,-0.38866226577503177,-4.595399172367679,-6.062390265536632,0.00842362954587239,3.769092093041883e-05,-0.0005595356902012845,3.68951331256934,20.59500907305771,497.9938245484129,6882.201726943935,0.000998347383144079,53.0052683682992,3.117205397146397,148.87963644398573,26.341266664032144
15 Jul 2026 15:07:00.000000000,-6868.890635343933,-303.8567592168318,93.0603980463172,0.1172148123895279,-4.583156951764304,-6.082730767996024,0.008432837933018654,0.0003758593154936873,-0.00011076077423248278,0.6306858747354781,22.63995336269392,498.10347573318757,6882.27774331712,0.0009682542978848456,53.0055080419752,3.117189573818081,154.013557384591,25.015536236171943
15 Jul 2026 15:08:00.000000000,-6846.689919583887,-577.972222977117,-271.83940868231525,0.6225370546007136,-4.550667826423057,-6.076121989185073,0.008404518470051503,0.0007123051605394543,0.00033844184225080164,-2.429037382532679,24.68210691808151,498.3181573222638,6882.245450618869,0.000925644981367952,53.00540812632888,3.1171866209524173,159.00759164777625,23.82948339555699
15 Jul 2026 15:09:00.000000000,-6794.242777568092,-849.5343843133295,-635.5347605699728,1.1250561008508357,-4.498079988307265,-6.0425982606253825,0.008338813447172081,0.0010455106919010433,0.0007860392337099636,-5.484504347678769,26.73442801492697,498.6364967408835,6882.105450811335,0.0008707744542647917,53.004970292889865,3.1171400433046252,163.85690690005168,22.787962525406233
15 Jul 2026 15:10:00.000000000,-6711.784539103889,-1117.3440328364568,-996.4148396040626,1.6225373468291038,-4.425632233285818,-5.982315652187277,0.008236041759823896,0.0013739751645492485,0.0012300083505286552,-8.530488058484371,28.81003702118771,499.0552904876129,6881.860256444375,0.0008041156155246262,53.00420217814544,3.1169941317271834,168.5466467965292,21.90585259909082
15 Jul 2026 15:11:00.000000000,-6599.683933639624,-1380.2189748771398,-1352.8818230817628,2.112770478439928,-4.333652705065942,-5.8955510615230455,0.008096696607049973,0.0016962227807414765,0.0016683467672210515,-11.561586756278937,30.922426673345146,499.5695524636508,6881.51424415443,0.0007263564521976636,53.00311724609015,3.1166949461997526,173.045996209962,21.213991537089644
15 Jul 2026 15:12:00.000000000,-6458.441320833603,-1636.9993449674369,-1703.3580896887245,2.593579832747688,-4.2225571703921645,-5.782700665288786,0.007921441995695885,0.0020108103680372517,0.0020990831844469467,-14.572117770119991,33.08567560751864,500.17259497809414,6881.0735747142635,0.0006383971757808906,53.00173454801554,3.1161912669758327,177.29565839431925,20.77169863886599
15 Jul 2026 15:13:00.000000000,-6288.686306491922,-1886.5528001420296,-2046.2933139873874,3.062834515299154,-4.09284684296481,-5.644277750292818,0.007711108109614859,0.0023163347257004196,0.002520287572224926,-17.556001645384068,35.31466570635297,500.8561407909516,6880.54608119855,0.0005413525938926128,53.000078383883555,3.1154354970730043,181.17915022722062,20.695478952475757
15 Jul 2026 15:14:00.000000000,-6091.1747604769325,-2127.7795706268084,-2380.1714128420012,3.5184582081999163,-3.945105778143466,-5.48090994916821,0.007466685629689151,0.0026114395673981798,0.002930080852069996,-20.50663282693381,37.62530178137818,501.6104639355075,6879.941127423329,0.0004365761318108086,52.998177871355004,3.1143845002678203,184.44796029132914,21.233864828587365
15 Jul 2026 15:15:00.000000000,-5866.785256960499,-2359.6173419284573,-2703.517308950148,3.958438608863884,-3.77999786454065,-5.293335910948777,0.0071893191056275636,0.002894821998527879,0.003326644028581873,-23.416733169043884,40.03472873770486,502.4245565046909,6879.269439361295,0.000325768861105999,52.99606643016457,3.1130003598753984,186.48503459953656,23.003929860375315
15 Jul 2026 15:16:00.000000000,-5616.514960806382,-2581.0459450151466,-3014.9034786171856,4.380836445844843,-3.5982634419703534,-5.082401441879391,0.006880299492957443,0.0031652384778712377,0.0037082266951200785,-26.278184705548153,42.56153603168066,503.2863181050872,6878.5429127171155,0.000211517718269758,52.99378119100987,3.111251045024912,185.2905196216006,28.00554555735912
15 Jul 2026 15:17:00.000000000,-5341.4749868691115,-2791.0918331293615,-3312.956253141604,4.78379402536414,-3.4007155778205136,-4.849055155797399,0.006541055981668557,0.0034215102274150907,0.004073154855887511,-29.081838697821816,45.225931043877964,504.182764287394,6877.774400259577,0.00010172824888488548,52.9913623394394,3.10911097279647,170.01269651122476,47.09044685921812
15 Jul 2026 15:18:00.000000000,-5042.885261552999,-2988.8323257582138,-3596.361845625406,5.165543269840189,-3.1882360357161432,-4.594343676393525,0.006173147247552049,0.003662528067609432,0.004419838024307892,-31.817299347355334,48.04985079829741,505.1002499600896,6876.977482843421,7.356260939747981e-05,52.988852406349295,3.106561456430627,87.17983718854067,133.73037583888376
15 Jul 2026 15:19:00.000000000,-4722.068918061701,-3173.3996023530103,-3863.8720776190917,5.524413217647204,-2.9617709713109672,-4.319406435551857,0.005778252256059376,0.0038872566675267,0.004746775573827121,-34.472683275154104,51.0569639554887,506.02470358610674,6876.16622830741,0.00017540161937468747,52.986295517621436,3.1035910318266455,56.38108858612699,168.33619729022706
15 Jul 2026 15:20:00.000000000,-4380.4462583875165,-3343.984430486949,-4114.309782683378,5.858836961218297,-2.722326390203158,-4.025470112779656,0.005358160752001674,0.004094738215659085,0.0050525623386303686,-37.03436075472803,54.27249109579375,506.9418678503443,6875.354942605897,0.0002924843847569984,52.983736616134955,3.1001956567095554,52.74674908453734,175.7776221768571
15 Jul 2026 15:21:00.000000000,-4019.5283162346072,-3499.8396152258483,-4346.573866652602,6.167358008231166,-2.47096340234859,-3.7138427604877715,0.004914763556912021,0.004284095527565471,0.00533589347653107,-39.486692848741995,57.722741006458264,507.8375424648025,6874.557917617298,0.00040891409130789746,52.981220669849186,3.0963787790684116,53.92992967851085,178.40154640247403
15 Jul 2026 15:22:00.000000000,-3640.910055777557,-3640.2831585106064,-4559.644007038453,6.448636057719414,-2.2087933060154015,-3.385907658656119,0.004450042784962563,0.0044545346162513525,0.005595568620088159,-41.81179133618086,61.43422695522044,508.69782484177557,6873.789180076882,0.0005212042670844395,52.97879187988368,3.092151273781023,56.69017482404513,179.44842995321648
15 Jul 2026 15:23:00.000000000,-3246.2632414566096,-3764.701119274706,-4752.584976571572,6.701452189341327,-1.9369725323775098,-3.043116940314051,0.003966062081135392,0.004605346765642666,0.005830495361793579,-43.98934670330889,65.43219884514394,509.5093445055358,6873.062246006264,0.0006272431701366968,52.976492902502116,3.087531248649675,60.14913266733169,179.79662671064588
15 Jul 2026 15:24:00.000000000,-2837.329013947269,-3872.5501668130178,-4924.550578293032,6.924713469535274,-1.6566974793915525,-2.6869850264157913,0.003464956960534876,0.004735910148332031,0.006039692122132364,-45.9965933818824,69.73842428298852,510.2594873198931,6872.389884863795,0.000725306371599977,52.97436409864789,3.082543723350602,63.97513872010153,179.77780086954257
15 Jul 2026 15:25:00.000000000,-2415.9102070869667,-3963.359821548341,-5074.7871818289605,7.1174569827484895,-1.3691992607813095,-2.3190819052699156,0.002948925316397802,0.004845691038959576,0.006222290463910023,-47.80850767414702,74.36810785975028,510.9366058724766,6871.783897422954,0.0008138826117818631,52.972442824181144,3.0772201870074767,68.01642870279917,179.54371423682827
15 Jul 2026 15:26:00.000000000,-1983.8634399342857,-4036.734378802238,-5202.636852490832,7.278853299268844,-1.0757383928832733,-1.9410262878504547,0.0024202181420020594,0.00493424467524291,0.006377536918663527,-49.39835352710482,79.3259992125022,511.530212666265,6871.254911108373,0.0008916397611881115,52.97076277324081,3.0715980422608395,72.19435763995207,179.17300732414884
15 Jul 2026 15:27:00.000000000,-1543.0910173787045,-4092.3545124404586,-5307.540066610035,7.408209393349382,-0.7775994389670716,-1.5544786662858625,0.001881130491986767,0.005001215818237644,0.006504794392081994,-50.73868771719888,84.60204553905126,512.0311531152914,6870.81219618752,0.0009574251314219472,52.969353386215225,3.0657199456233735,76.46451885451452,178.71008058336537
15 Jul 2026 15:28:00.000000000,-1095.5326718502718,-4129.978556348051,-5389.038008038891,7.504971026314693,-0.47608562754195877,-1.1611342987707065,0.00133399269063171,0.005046339062794821,0.006603543215761331,-51.80288601474124,90.16737880959941,512.4317557151971,6870.463505837851,0.0010102751204829233,52.968239332663885,3.059633055776373,80.80025880403072,178.18157983739673
15 Jul 2026 15:29:00.000000000,-643.1571777905222,-4149.443462587445,-5446.774442031813,7.568724609213999,-0.17251345827018422,-0.7627161402682812,0.0007811617759164026,0.0050694389442982705,0.006673381907602717,-52.56713681018564,95.97185967330621,512.7259571532367,6870.21494269176,0.0010494264920297577,52.96744007821666,3.053388202981335,85.18486765075473,177.60420600892596
15 Jul 2026 15:30:00.000000000,-187.95386972462336,-4150.665435832582,-5480.497163771396,7.599198558438419,0.13179269345438543,-0.36096773488807504,0.00022501315206011389,0.005070429879649212,0.0067140276935163164,-53.012675793917985,101.94455132919057,512.9094005296794,6870.070854012118,0.001074326403163857,52.966969543002165,3.0470389942563103,89.60755230595636,176.9887424004996
15 Jul 2026 15:31:00.000000000,268.0759060973714,-4133.640244268398,-5490.059019673241,7.596264155701845,0.43550596441242023,0.04235391728902108,-0.00033206758932998473,0.0050493159771106775,0.006725316839486054,-53.127859596858734,107.99805153943925,512.9795052788696,6870.0337571766195,0.0010846399185249684,52.96683585755508,3.0406408699729544,94.06121488324871,176.34227658551907
15 Jul 2026 15:32:00.000000000,722.9273769098055,-4098.443207623599,-5475.4185002686,7.5599359210160495,0.7373023765688944,0.44548550831428263,-0.0008876927307542009,0.005006190732663635,0.006707204821295608,-52.90959489383964,114.0364892260261,512.9355077994015,6870.10429665498,0.0010802543956561278,52.96704122044731,3.0342501284461263,98.54115606945979,175.66949739367448
15 Jul 2026 15:33:00.000000000,1174.6009365835293,-4045.228863418684,-5436.639904063936,7.4903715040710415,1.0358661889840448,0.8466645765930094,-0.0014394804295553463,0.004941236627887565,0.006659766355982917,-52.36373690430924,119.96559895543383,512.7784722269702,6870.281233156931,0.0010612804321965318,52.96758186011052,3.027922935583026,103.04427859759264,174.9734918002122
15 Jul 2026 15:34:00.000000000,1621.1107178716322,-3974.230312867767,-5373.893072253007,7.387871095868014,1.3298952227046372,1.2441366590344747,-0.001985062718749879,0.004854724630048956,0.00658319530025832,-51.50434257134467,125.70239175520162,512.5112712086634,6870.561465115025,0.0010280492382880484,52.968448101498744,3.021714336976792,107.56857040628562,174.25626212705868
15 Jul 2026 15:35:00.000000000,2060.493114961262,-3885.758248236101,-5287.452694642175,7.252876358867624,1.6181061524872107,1.636162432902817,-0.00252209356634723,0.004747013582398822,0.0064778044040141435,-50.35199086876316,131.1821197745485,512.1385369625524,6870.940082151798,0.0009811064136395716,52.9696245364103,3.0156772897081687,112.11274323496579,173.51908779961002
15 Jul 2026 15:36:00.000000000,2490.8152273217443,-3780.199663849414,-5177.6971876580365,7.085968870500988,1.8992397583139022,2.0210248381785423,-0.0030482570472802296,0.0046185494664233735,0.006344024898330599,-48.931607897936985,136.36136615756874,511.6665833307458,6871.410449669439,0.0009212021982339581,52.971090294480604,3.0098617308507696,116.67594647733817,172.76281182955512
15 Jul 2026 15:37:00.000000000,2910.1831954323334,-3658.0162534183573,-5045.107145899134,6.887868071886948,2.1720661281798446,2.397036169485052,-0.0035612756741120067,0.004469864507724064,0.00618240588335342,-47.27027129138087,141.21747371654564,511.1032999562862,6871.964323200019,0.0008492783409629097,52.97281941009999,3.0043136989603094,121.25748897475752,171.98811933551713
15 Jul 2026 15:38:00.000000000,3316.7503984033724,-3519.742496910197,-4890.263369417557,6.65942871121207,2.43538980164755,2.7625451241410484,-0.004058918918402916,0.004301576085619785,0.0059936134650358935,-45.39534649099768,145.74545579498474,510.45802013256764,6872.591990667954,0.000766451797435626,52.97478127883713,2.999074523969883,125.85648377196992,171.19589307272324
15 Jul 2026 15:39:00.000000000,3708.7254828194714,-3365.98344089941,-4713.844469807675,6.401637769643906,2.688054841252817,3.115943789799754,-0.004539011943413468,0.004114385406847705,0.005778429589235508,-43.333123599244,149.9537662975713,509.74136428555346,6873.282440253758,0.0006739955292469104,52.9769411953865,2.9941800996756696,130.47125758453183,170.3878042166964
15 Jul 2026 15:40:00.000000000,4084.380191315968,-3197.4121772085236,-4516.624059309086,6.115610857064101,2.9289498160931093,3.4556745514968976,-0.004999444547109714,0.003909075892622362,0.005537750505468387,-41.107965192952584,153.86003124735564,508.9650614505358,6874.023551111458,0.0005733167358937865,52.97926096363143,2.9896602515951183,135.0981425806431,169.56752079253934
15 Jul 2026 15:41:00.000000000,4442.056958804414,-3014.7670256102665,-4299.467528382908,5.802588065243176,3.15701267913645,3.780236894189633,-0.005438180301292885,0.0036865112332618104,0.005272584798281003,-38.74188159078544,157.4873881901281,508.1417514900435,6874.802303792165,0.0004659329166014929,52.981699568154205,2.985538211268149,139.72852789509218,168.74365632878298
15 Jul 2026 15:42:00.000000000,4780.176243302255,-2818.848427659096,-4063.3284189082765,5.463929267830914,3.3712355166904175,4.088194072608976,-0.005853265849303711,0.0034476330601470274,0.00498405091678469,-36.254417047442324,160.86167802191477,507.2847711633254,6875.605006866722,0.00035344627847753264,52.98421389544438,2.9818302062989956,144.34008953141512,167.93854007459507
15 Jul 2026 15:43:00.000000000,5097.243557995074,-2610.51556000373,-3809.2444018515857,5.10110885912913,3.5706691457884343,4.378179616513049,-0.006242840305417302,0.003193458188958107,0.004673374137218886,-33.66273628590571,164.00947559253706,506.4079274897434,6876.41753593032,0.00023751747422636987,52.98675949218362,2.9785451733373915,148.86195184535697,167.22305558538028
15 Jul 2026 15:44:00.000000000,5391.856170657369,-2390.6826771162396,-3538.3328703641664,4.715709927578511,3.7544275325821053,4.6489036356028395,-0.006605144684411787,0.002925075395734781,0.00434188290257815,-30.98182394464595,166.95682192678373,505.5252621420782,6877.225580918288,0.00011984395370144148,52.989291347328184,2.9756845991099983,152.93444970216026,166.95687858194364
15 Jul 2026 15:45:00.000000000,5662.7094364996965,-2160.315195039515,-3251.786161499043,4.309417864808481,3.9216920026516155,4.899158885144711,-0.006938531270152038,0.0026436416923216995,0.003991004488822572,-28.2247356742115,169.7284875402264,504.65081084953846,6878.01489747112,3.6948374295380547e-06,52.991764684284085,2.9732424923396015,102.79268046298296,220.90492492696114
15 Jul 2026 15:46:00.000000000,5908.60273073715,-1920.4255295476714,-2950.866422165668,3.8840134169798395,4.07171521245556,5.12782655070224,-0.007241472815446488,0.002350378076905339,0.0036222599582563923,-25.402861963140484,172.34760994648818,503.7983619746498,6878.771557964784,0.00011417195788180444,52.994135749282854,2.9712054871438087,345.6805792514294,341.8232752677661
15 Jul 2026 15:47:00.000000000,6128.444947775345,-1672.0687039999389,-2636.9001375068874,3.441365191823338,4.203824850060096,5.333881708508572,-0.0075125714603854745,0.002046564749353872,0.003237258378995763,-22.52618233362826,174.83557980557862,502.9812185432814,6879.482197776023,0.00022712845297559185,52.99636258211832,2.96955307617178,349.84632923560184,341.46376461094667
15 Jul 2026 15:48:00.000000000,6321.259534940993,-1416.3377440902555,-2311.272342522337,2.983421642026562,4.317427032917457,5.516398417044885,-0.007750567242041963,0.0017335357900679748,0.0028376903006018576,-19.60349872420672,177.2120834358003,502.2119680434543,6880.134252384051,0.0003353824273639261,52.998405755700595,2.9682579694631763,354.58358875281647,340.53275500352015
15 Jul 2026 15:49:00.000000000,6486.189030157585,-1154.3588786156085,-1975.4205404319407,2.512202553239586,4.412009370857219,5.674554395413106,-0.007954346065712294,0.0014126733157402227,0.0024253204951297843,-16.642643886191124,179.4952378581501,501.50226425867237,6880.716181024274,0.00043751008273074966,53.00022907141448,2.9672865728490296,359.50809754399893,339.414529056489
15 Jul 2026 15:50:00.000000000,6622.49907489923,-887.286567271731,-1630.8283539062024,2.0297900727208913,4.487143663639144,5.807635245168043,-0.008122947013883804,0.0010854011398079323,0.00200197999250328,-13.650664724752565,-178.29822361433608,500.86262526021704,6881.217672806988,0.0005322277050628704,53.00180019802959,2.9665995775455243,4.549477242466199,338.17948916975774
15 Jul 2026 15:51:00.000000000,6729.581876154867,-616.2983782577228,-1279.0189378179616,1.5383193222524911,4.542488204414737,5.915038174427998,-0.008255568862521882,0.0007531779758873992,0.0015695574526364033,-10.633982737042842,-176.15274151651062,500.30225144690775,6881.629831493306,0.0006184057734968126,53.00309124288388,2.9661526506979974,9.68970275640449,336.8456858236538
15 Jul 2026 15:52:00.000000000,6806.9590939706395,-342.5897401205562,-921.5481845431008,1.0399686462019444,4.577789663211087,5.996275186290048,-0.008351575691340252,0.00041749023779201347,0.0011299899380232995,-7.59853477492268,-174.0537115641832,499.8288671907676,6881.945335478847,0.0006950864199897404,53.00407924523736,2.9658972147977436,14.926409317677086,335.4155101696669
15 Jul 2026 15:53:00.000000000,6854.284134394393,-67.36859371778826,-559.9977549804191,0.5369495522214137,4.592884528048089,6.0509756977875595,-0.008410501487133246,7.98445000022023e-05,0.0006852531650827107,-4.549897780793797,-171.98726545399703,499.44858922705754,6882.158569968023,0.0007614986264472431,53.00474658304495,2.965781302356644,20.263915350481902,333.88467077281683
15 Jul 2026 15:54:00.000000000,6871.343831269081,208.150028594113,-195.9679703228609,0.031496407847103884,4.587700085435921,6.078888560745587,-0.008432053645495362,-0.00025824030815198534,0.00023735132539383716,-1.4934012249066793,-169.94005476012273,499.16582442434736,6882.265728820219,0.0008170703172186472,53.00508128590811,2.9657504708267615,25.71039005011569,332.24502562190594
15 Jul 2026 15:55:00.000000000,6858.059504258443,482.7494684829278,168.92939884506282,-0.47414403900394075,4.562254926675639,6.079883461786889,-0.008416115309881133,-0.0005952408922559658,-0.000211693417884721,1.5657690975381173,-167.89903865521967,498.983198995862,6882.264884104629,0.0008614370254444648,53.005077248603584,2.9657487617584923,31.27688505131068,330.48555003507255
15 Jul 2026 15:56:00.000000000,6814.487384672328,755.216923142337,533.0784083941455,-0.9777232441241439,4.5166589714697585,6.05395168526662,-0.008362746493146358,-0.000929637679374967,-0.0006598516462049399,4.622472359246833,-165.85127446129073,498.90152058126796,6882.156022000533,0.0008944469528398527,53.004734341329524,2.9657196872991123,36.97707151619092,328.5925991379124
15 Jul 2026 15:57:00.000000000,6740.818405013002,1024.3489136861103,894.866242939391,-1.4770014819695554,4.451113005705475,6.0012062298823965,-0.008272183960202035,-0.0012599229105208568,-0.0011050974950529706,7.671515616709095,-163.78370913636817,498.91977395542466,6881.941044313547,0.0009161623192891587,53.00405841462307,2.965607226693159,42.82730053235173,326.5498470310748
15 Jul 2026 15:58:00.000000000,6637.377352609713,1288.9567113193914,1252.6905057337956,-1.9697584169607751,4.365907735745659,5.921881276927987,-0.008144839872604847,-0.0015846086480999168,-0.001545419435689163,10.707554910051071,-161.68296952801583,499.0351504256272,6881.6237355287385,0.0009268569554108006,53.00306119875568,2.965356815192095,48.84684125032011,324.338048225618
15 Jul 2026 15:59:00.000000000,6504.621392158427,1547.8716924790988,1604.9664574209494,-2.4538035572495107,4.261422366994377,5.816331015424962,-0.007981299212407467,-0.0019022346086326326,-0.0019788309086919225,13.724991070960966,-159.53514951360043,499.2431102816361,6881.209695977105,0.0009270101330447785,53.00176009927501,2.9649163079428993,55.05823193371022,321.934686180288
15 Jul 2026 16:00:00.000000000,6343.137966357552,1799.950594749286,1950.1341654158118,-2.926986519097644,4.138122719742628,5.685027836473401,-0.007782316033109276,-0.0022113757357464904,-0.002403380692954425,16.717856670838124,-157.32559306722794,499.53747698298173,6880.706242334835,0.0009172966497847048,53.00017789219666,2.964236901794094,61.48770479926188,319.3135480707858
15 Jul 2026 16:01:00.000000000,6153.642088043731,2044.0806462889877,2286.665526617872,-3.3872070333910025,3.9965589001951054,5.528559915909027,-0.0075488086088746605,-0.00251064943677806,-0.0028171629032384847,19.679690426124832,-155.03867404856015,499.9105611245674,6880.122277292487,0.0008985731735325058,52.99834232412879,2.963273998695447,68.16564551380561,316.4442649309268
15 Jul 2026 16:02:00.000000000,5936.973041207949,2279.1845427194667,2613.0711274830173,-3.8324246303984855,3.837362548995392,5.347628210551924,-0.007281853559555272,-0.002798722412342578,-0.0032183265166455225,22.603395303237757,-152.65757646816542,500.3533116324583,6879.468130809666,0.000871860795254024,52.99628562429938,2.961987995370122,75.12702992200774,313.29187459836487
15 Jul 2026 16:03:00.000000000,5694.090511946188,2504.225246873735,2927.906907147758,-4.260667944524776,3.6612436933896113,5.1430428988196315,-0.00698267906003926,-0.0030743170219587326,-0.0036050843447656294,25.48107664645076,-150.16408372141407,500.85549112052524,6878.755375896028,0.000838323610558357,52.99404393702742,2.96034498523617,82.41174328737677,309.8165021883182
15 Jul 2026 16:04:00.000000000,5426.070173711445,2718.2105884759276,3229.7805912785093,-4.6700435873075445,3.46898723230425,4.915719301111837,-0.006652657246694512,-0.0033362171398608797,-0.003975721382235189,28.30385708445348,-147.53839262225938,501.4058718989554,6877.996622323041,0.0007992429276421377,52.99165668459983,2.9583173600480377,90.0646273109991,305.9733128361021
15 Jul 2026 16:05:00.000000000,5134.098754133042,2920.1976426596584,3517.357866549841,-5.0587445440559815,3.2614490859848444,4.666673319048785,-0.0062932959416644955,-0.003583273466927405,-0.004328602477670169,31.061666076117948,-144.75897910647362,501.99244877431227,6877.205292062043,0.0007559863589491728,52.989165871763,2.9558843005512956,98.13501528444384,301.712976356557
15 Jul 2026 16:06:00.000000000,4819.468613141106,3109.2968681747725,3789.368268074411,-5.425058057049115,3.039552043431519,4.397016435296504,-0.0059062298259241,-0.003814408280696561,-0.004662179293510941,33.74300423821751,-141.80255851842418,502.602664523817,6876.395380557163,0.0007099706041686145,52.986615344090865,2.953032147300969,106.67541369006416,296.9829855107734
15 Jul 2026 16:07:00.000000000,4483.571864132903,3284.67598817041,4044.6107546673484,-5.767372965902076,2.8042813416308365,4.10795031729658,-0.005493211186271337,-0.004028619616296743,-0.004974996536102474,36.33468681210302,-138.64420568768278,503.2236437647843,6875.581208171531,0.0006626162631965751,52.98405001332603,2.9497546450144356,115.73890327444967,291.73025485712833
15 Jul 2026 16:08:00.000000000,4127.894071472301,3445.56359847906,4281.958949448132,-6.084186483264974,2.556680010579795,3.8007610687561866,-0.005056100360279236,-0.004224984884630924,-0.0052656974554131,38.821577819644766,-135.25772899110615,503.8424308714919,6874.777166289795,0.0006152928013573938,52.98151506339523,2.946053055986269,125.37484952849623,285.9054102549295
15 Jul 2026 16:09:00.000000000,3754.0075587123315,3591.2524903563776,4500.3660259143235,-6.374110391238798,2.2978440173455157,3.4768131722850595,-0.004596855997908148,-0.004402663948232318,-0.005533028632937398,41.18633791855562,-131.61642639000092,504.44622761218216,6873.997462619414,0.0005692524094277103,52.97905515116131,2.9419361404702427,135.62279169703785,279.46889989848654
15 Jul 2026 16:10:00.000000000,3363.5643626145566,3721.102676585348,4698.869222201202,-6.63587665053133,2.0289172410042533,3.1375431651747165,-0.004117525239930832,-0.004560901680074261,-0.005775844084165303,43.409225921451004,-127.69438298458502,505.0226262803926,6873.255870208361,0.0005255539096362353,52.97671361608625,2.9374200042149536,146.50513313162742,272.39830406780095
15 Jul 2026 16:11:00.000000000,2958.2888683390916,3834.54411171664,4876.593968711322,-6.8683424202495384,1.7510863083303212,2.784453088128391,-0.0036202339069232076,-0.004699030044255453,-0.005993108720635886,45.468016757711034,-123.46848252882675,505.55983426964536,6872.565484592559,0.00048498307897512714,52.974531712836594,2.9325278158096464,158.02059637124424,264.694880209803
15 Jul 2026 16:12:00.000000000,2539.9701611538617,3931.0790989362768,5032.757616622156,-7.070494491168413,1.465575317707145,2.4191037439033565,-0.003107176772518097,-0.004816469742309903,-0.006183901224574712,47.338125218608624,-118.92126939735996,506.04688627810054,6871.93849330575,0.000447983864234521,52.97254788047207,2.9272893987388757,170.14201647953027,256.38576981926457
15 Jul 2026 16:13:00.000000000,2110.454129708737,4010.2843776244604,5166.672756917058,-7.241453139220611,1.1736404760169137,2.043107799493748,-0.0025806079740351598,-0.004912731468896704,-0.006347416390580031,48.99304801003558,-114.0446684635785,506.4738406207771,6871.385961735142,0.00041462347007814886,52.970797061219606,2.9217407053107016,182.82288384273005,247.51745591200415
15 Jul 2026 16:14:00.000000000,1671.6353554276986,4071.8128870663495,5277.750121505862,-7.380475408734253,0.8765646704017435,1.6581227618578953,-0.0020428316007684282,-0.004987416829420489,-0.006482967001547035,50.40524168869271,-108.84430335372222,506.8319564608897,6870.9176389937475,0.00038461766916691797,52.96931008096545,2.9159231816934295,196.01570433467313,238.1374031798541
15 Jul 2026 16:15:00.000000000,1225.4488219162115,4115.395203008177,5365.501059704186,-7.486957836606776,0.5756519938785694,1.265843853446932,-0.0014961924752606665,-0.005040218963901274,-0.006589985296845934,51.54751868251923,-103.34374196852568,507.1138491396898,6870.541787111983,0.0003574355322862715,52.96811310250861,2.9098830353376934,209.70131764648892,228.26474002475476
15 Jul 2026 16:16:00.000000000,773.8614775941082,4140.840644799904,5429.539584808281,-7.560438629141353,0.27222224104288767,0.8679968101499227,-0.0009430671288873524,-0.005070922922310879,-0.006668024092966974,52.394945786829176,-97.58753763101453,507.31362117793134,6870.265036435723,0.0003324862560660242,52.96722716133068,2.9036704177133847,223.92349150824884,217.85566473895616
15 Jul 2026 16:17:00.000000000,318.8636840009802,4148.038051765943,5469.583986763622,-7.600599302797639,-0.03239461245493883,0.4663306208417225,-0.00038585495582765176,-0.005079405832133343,-0.006716757612150626,52.927066915942426,-91.64166997650962,507.4269669342113,6870.092269660939,0.00030937466420768187,52.96666779217259,2.8973385368618105,238.8194775460131,206.77289008178568
15 Jul 2026 16:18:00.000000000,-137.53941828041823,4136.95622819297,5485.458007965145,-7.607265798693377,-0.3368639350091534,0.06261022490221121,0.00017303048557719538,-0.005065636887653402,-0.006735982060521291,53.130086065716476,-85.59025391298425,507.4512493306366,6870.026536446205,0.00028820505113049836,52.96644475309377,2.8909427154902656,254.63292684993368,194.77272816947422
15 Jul 2026 16:19:00.000000000,-593.3365949533819,4107.64405697606,5477.091580153823,-7.580409078586527,-0.6398519589328364,-0.3413908185268185,0.0007311700646030138,-0.005029677183779768,-0.006725615988987685,52.99852791736344,-79.528355864301,507.385547490182,6870.069000028667,0.00026990481488469223,52.96656185195363,2.8845394113835616,271.6827196006709,181.5362613247522
15 Jul 2026 16:20:00.000000000,-1046.5192235519985,4060.2302825044994,5444.521121102667,-7.520145207319897,-0.940031286206755,-0.7438976771897802,0.0012861476115651007,-0.0049716794119971505,-0.0066857004636726326,52.53593954139935,-73.55216345599025,507.23067456920364,6870.21891673642,0.00025648469964780163,52.967016878429284,2.8781852175002984,290.23552377005245,166.7967838614755
15 Jul 2026 16:21:00.000000000,-1495.0899885844133,3994.9229638866764,5387.889390499934,-7.426734923696038,-1.236086371857729,-1.1431415969769505,0.0018355584454348814,-0.004891887416245741,-0.006616399046552523,51.75443252870648,-67.74887228453127,506.9891655106448,6870.473648744045,0.0002509948147166385,52.96780164280004,2.871935859572617,310.23224691899156,150.61335077396095
15 Jul 2026 16:22:00.000000000,-1937.0715355966943,3912.008600104789,5307.444905083989,-7.300582698582107,-1.5267189765460174,-1.537367246499218,0.0023770179478743987,-0.004790635605769734,-0.006517997585812451,50.67319758796665,-62.18877936336108,506.6652348869998,6870.828709869442,0.0002567912821474645,52.96890212082373,2.865845208981969,330.98245322370997,133.67636119199926
15 Jul 2026 16:23:00.000000000,-2370.5150533381143,3811.850929208664,5203.540913765131,-7.142235276011646,-1.8106535792473668,-1.9248400429335952,0.0029081702317326906,-0.004668348206014954,-0.006390903793876661,49.316392022403036,-56.92112317037995,506.2647054450656,6871.277843661525,0.0002761328818880557,52.970298702135985,2.859964328549311,351.23707084777806,117.23485147629766
15 Jul 2026 16:24:00.000000000,-2793.508752850971,3694.889404241937,5076.633934220291,-6.952379690375276,-2.0866427395955003,-2.3038534455369506,0.0034266969441427665,-0.004525538321202585,-0.00623564658054701,47.710889138097635,-51.973794951753646,505.79490840557315,6871.813132490481,0.000309140608119783,52.97196653775383,2.8543405681398726,9.816277810671629,102.46860979614937
15 Jul 2026 16:25:00.000000000,-3204.1862118223585,3561.637349266922,4927.28185331733,-6.731840750683329,-2.3534723976573924,-2.672736200947231,0.00393032623441552,-0.004362806776542907,-0.006052875100445204,45.88428851986005,-47.35593965486135,505.2645570076237,6872.4251358289175,0.00035406917255213457,52.97387598049709,2.8490167262203507,26.164585346683406,89.93309318834903
15 Jul 2026 16:26:00.000000000,-3600.7345519241658,3412.6797996578784,4756.14159475859,-6.481577981544998,-2.6099670966681043,-3.0298595214990196,0.004416841900212844,-0.004180840697163687,-0.005843357458350839,43.86340589219335,-43.06205216478418,504.6835952173653,6873.10305541358,0.00040833222695694897,52.97599311048208,2.8440302922217677,40.326591698522606,79.58367414633882
15 Jul 2026 16:27:00.000000000,-3981.402416270162,3248.6710317490924,4563.966358533225,-6.20268201004448,-2.854995111758003,-3.373644174464353,0.004884092711274297,-0.003980411781134969,-0.005607979015515239,41.67328832119559,-39.07635271561349,504.063023938177,6873.834924507879,0.0004692767903682942,52.978280336326826,2.8394127832186897,52.632064290470076,71.0905587891493
15 Jul 2026 16:28:00.000000000,-4344.507713310204,3070.331788088027,4351.602438276133,-5.8963703884100465,-3.0874734648726188,-3.7025674563208852,0.005330001892283884,-0.00376237422131924,-0.005347740235368425,39.33668780030787,-35.37666943948234,503.4147074609967,6874.6078180554705,0.0005344736462562977,52.98069706135728,2.8351891866544467,63.457932000894054,64.0767948840095
15 Jul 2026 16:29:00.000000000,-4688.445093149166,2878.4462057174155,4119.985624199475,-5.563982843945624,-3.3063728034848485,-4.0151700225684275,0.005752576724021713,-0.0035276622279035116,-0.005063754001865621,36.87387900843997,-31.937490973161133,502.75116327005964,6875.408080130296,0.0006017431046466629,52.98320040295076,2.831377519016036,73.13013326419038,58.21642398936007
15 Jul 2026 16:30:00.000000000,-5011.6931216108405,2673.8584564287216,3870.1372012580387,-5.206975950701546,-3.5107221178804617,-4.3100625396790715,0.006149918207746549,-0.00327728711123064,-0.004757242353130594,34.30270544277748,-28.732151991211545,502.0853386650676,6876.221564758241,0.0006691055528672028,52.9857459522108,2.827988508211436,81.90376537840959,53.25433233754674
15 Jul 2026 16:31:00.000000000,-5312.821117272177,2457.4691094603672,3603.159554278622,-4.826917221259235,-3.6996132694738315,-4.5859321224074865,0.0065202307165105325,-0.0030123338864711077,-0.0044295325744242815,31.63875894449242,-25.73426995480049,501.43037796464375,6877.033885915658,0.0007347337303138888,52.98828856045584,2.825025405303295,89.97134754668804,48.99798792677129
15 Jul 2026 16:32:00.000000000,-5590.4956166932825,2230.2312288567296,3320.2313941178763,-4.425478622057288,-3.872205300537684,-4.841548516627972,0.006861831540247519,-0.0027339573697960813,-0.004082052604158158,28.89562429505334,-22.918603238402444,500.7993843091873,6877.830672309665,0.0007969245172755724,52.9907831385377,2.822483928825842,97.47687910355751,45.30338236952941
15 Jul 2026 16:33:00.000000000,-5843.486433458822,1993.1462195256686,3022.6026213913765,-4.004429521624925,-4.027728494216792,-5.075769985470561,0.007173160221803321,-0.0024433777471242705,-0.0037163257214914507,26.085144485284754,-20.26149532238924,500.2051802729859,6878.597822418703,0.0008540886374494422,52.99318545478657,2.8203523426062582,104.5284383694879,42.062432053553685
15 Jul 2026 16:34:00.000000000,-6070.672277413098,1747.2594379297134,2711.5888469152956,-3.565629087789342,-4.165488152791593,-5.2875488549093115,0.0074527875633543135,-0.0021418756043935063,-0.0033339644932206865,23.217680495963595,-17.741040400955324,499.66007161588306,6879.321755225527,0.0009047528566833363,52.99545291741841,2.8186116656559137,111.20784017405701,39.193320575277404
15 Jul 2026 16:35:00.000000000,-6271.045901655708,1493.655585289353,2388.565590670046,-3.1110181571974906,-4.28486806195091,-5.47593667424033,0.007699424179475274,-0.0018307864231609803,-0.002936663977554685,20.30235197931021,-15.337071600419705,499.1756185451375,6879.989652113292,0.0009475698363511649,52.99754532752915,2.817236010272194,117.5776269861087,36.63350750886005
15 Jul 2026 16:36:00.000000000,-6443.718746507048,1233.4539030925891,2054.9621837705045,-2.6426106080893157,-4.385333609406932,-5.640088947174364,0.007911928472156007,-0.0015114945585289695,-0.0025261941995698757,17.347253228413805,-13.031042697138016,498.76241881001147,6880.589685519099,0.0009813320939943493,52.99942558933977,2.8161930422979267,123.68601827106615,34.33477889299901
15 Jul 2026 16:37:00.000000000,-6587.92505175162,967.803192575433,1712.2554005468246,-2.1624842749543176,-4.466434527547886,-5.779269390614118,0.008089313893585342,-0.0011854267271029474,-0.002104391927080621,14.35964357864,-10.805850480281117,498.42990681067926,6881.111230150532,0.0010049876119179388,53.00106036512946,2.815444555255315,129.57038008700962,32.25977742727198
15 Jul 2026 16:38:00.000000000,-6703.025411023591,697.8766815954655,1361.962850348354,-1.672771451234954,-4.527807231993782,-5.8928536806045235,0.008230755380767217,-0.0008540450496681039,-0.0016731517990939628,11.346114010098855,-8.645627609500682,498.1861726657819,6881.545052866576,0.0010176554020973553,53.0024206632938,2.814947148108341,135.25963168686252,30.37959561484533
15 Jul 2026 16:39:00.000000000,-6788.509745196668,424.86676393067137,1005.6361610026037,-1.175649033351173,-4.569176730861874,-5.980332648420497,0.008335594844307863,-0.0005188397027818648,-0.0012344168717081333,8.312733028656277,-6.535523816904258,498.0378048504356,6881.883477700549,0.0010186398542798964,53.003482349165004,2.814652994514644,140.77587039300772,28.672150590241735
15 Jul 2026 16:40:00.000000000,-6843.9996750432765,149.97963743324152,644.8539879448391,-0.6733283657638667,-4.590358083210943,-6.041314894222033,0.008403345611104951,-0.0001813212461894502,-0.0007901686641551429,5.265175448125388,-4.4614852695563085,497.98975959273935,6882.120522954286,0.0010074430493041198,53.004226569616904,2.814510689913127,146.13538506406726,27.121170318128875
15 Jul 2026 16:41:00.000000000,-6869.250277187083,-125.57013135525015,281.2148848175408,-0.16804485236151828,-4.5912573894211315,-6.075528791065906,0.008433695739653515,0.00015698729742463167,-0.000342416801654782,2.208837833310634,-2.4100366907071553,498.04525970952756,6882.252007809783,0.0009837744770059787,53.00464008401761,2.814466161341255,151.3491325638488,25.715716759424563
15 Jul 2026 16:42:00.000000000,-6864.151211433235,-400.5650876348385,-83.66992722157916,0.3379525960721227,-4.571872301081474,-6.082823858182066,0.00842651014086897,0.0004945585267847132,0.00010681163803326749,-0.8510556889353594,-0.36806755274965275,498.20572498267086,6882.275626477211,0.0009475578051193165,53.00471549576298,2.8144636238436442,156.4226506457342,24.450272598222607
15 Jul 2026 16:43:00.000000000,-6828.727211847939,-673.7903847377652,-448.18385319063196,0.8424122053142205,-4.532292043162093,-6.063171489139866,0.008381831460875809,0.0008298688209157277,0.0005554829580655543,-3.909353656251233,1.6773783214042506,498.4707355396808,6882.190988513877,0.0008989345420227953,53.004451380392744,2.814446566496684,161.35523993676387,23.325558852431204
15 Jul 2026 16:44:00.000000000,-6763.137938398142,-944.0392671253084,-810.7122420387371,1.343089997210744,-4.47269694670096,-6.016665027659721,0.008299879711683408,0.0011614064807105732,0.0010015677347178292,-6.960880040536158,3.739311487950687,498.8380290246673,6881.999624594203,0.000838264671729342,53.00385230812749,2.8143587506087973,166.1379966090821,22.350501787812963
15 Jul 2026 16:45:00.000000000,-6667.6771904680145,-1210.1185106993664,-1169.6496893256674,1.8377603899185977,-4.393357495779145,-5.943519191169737,0.0081810506477677,0.0014876797607137418,0.0014430516454941335,-10.000336116396916,5.8310060949494975,499.3035316455475,6881.70495767043,0.0007661247101330115,53.00292876053368,2.814145202441853,170.74974672232784,21.546298159336366
15 Jul 2026 16:46:00.000000000,-6542.771488057542,-1470.8537915285715,-1523.4072859117273,2.324226664558481,-4.29463289803659,-5.844068849555813,0.008025912921755737,0.0018072247013091606,0.001877946111579573,-13.022197969347834,7.966211574211482,499.8614224818691,6881.312240123306,0.0006833043838053183,53.00169694289617,2.813753182923801,175.1486636063341,20.954797417896156
15 Jul 2026 16:47:00.000000000,-6388.978030854139,-1725.0949548084845,-1870.4197744062317,2.8003312263741664,-4.176969193234568,-5.718767173699562,0.007835204070274947,0.0021186126766523008,0.0023042986386439504,-16.02060611157719,10.15936804946417,500.5042297541505,6880.828458146228,0.0005908050175789612,53.000178495715254,2.8131331172676446,179.25392811652074,20.656841057289785
15 Jul 2026 16:48:00.000000000,-6206.982049567695,-1971.7211568981684,-2209.1525761984926,3.263965592247728,-4.040896919251961,-5.5681831751393105,0.007609825402394737,0.0024204575807714214,0.002720202748018659,-18.98924356678648,12.425825168972297,501.2229571095597,6880.262205220324,0.0004898484184804721,52.99840011052057,2.812239468147734,182.90118423851067,20.816806631904367
15 Jul 2026 16:49:00.000000000,-5997.59356785987,-2209.6458545724854,-2538.108653353587,3.713080041380315,-3.887028359278851,-5.392998664340212,0.007350835883285954,0.002711422583961293,0.0031238074017834955,-21.921198701060867,14.78206144908071,502.00723738725503,6879.623527108362,0.00038192626233784344,52.996393056872314,2.8110315370824326,185.71598302021198,21.80916347343093
15 Jul 2026 16:50:00.000000000,-5761.743596809354,-2437.8216171779013,-2855.8351714603627,4.145692871957325,-3.7160543977222082,-5.194004660455637,0.007059445121027861,0.00299022640282756,0.0035133258390525252,-24.80880911394205,17.245896985698078,502.8455108052788,6878.923741310807,0.0002690244718755877,52.99419262897426,2.8094741799915375,186.6569489815028,24.675305962501213
15 Jul 2026 16:51:00.000000000,-5500.479787082977,-2655.2447391241717,-3160.929931621275,4.559899213462142,-3.528741015377997,-4.972097289967457,0.006737005575301146,0.0032556490393539045,0.0038870437560620448,-27.64348323469568,19.83668580151752,503.72522407046864,6878.175234377034,0.000154966481472875,52.99183752172558,2.80753842439248,181.54794853996717,33.591384822204525
15 Jul 2026 16:52:00.000000000,-5214.961566782626,-2860.9596320535557,-3452.0475421151,4.953879351761756,-3.3259254566805607,-4.728273215106342,0.0063850041194071575,0.003506536959527827,0.004243326781870686,-30.415497176968106,22.57546412838112,504.63304656238785,6877.391240840607,6.331794887212073e-05,52.98936914726427,2.8052019774822297,138.20342111356067,80.74297577726128
15 Jul 2026 16:53:00.000000000,-4906.454795277841,-3054.062978046913,-3727.905302791605,5.325906531915808,-3.108512103278629,-4.463624635403262,0.006005053082635189,0.0037418076925379742,0.004580627215612826,-33.11376634106104,25.485016324521254,505.555099486161,6876.585607844335,0.00011847406316229848,52.98683090408546,2.8024496162664994,63.94108995402917,158.81236852892556
15 Jul 2026 16:54:00.000000000,-4576.32596520749,-3233.7076273013076,-3987.2887778941877,5.674354211588698,-2.8774680888051054,-4.179333907092171,0.005598880909256425,0.003960453849018813,0.004897490013929346,-35.72559489790613,28.589799618435944,506.47719372844557,6875.77254973461,0.00023259905626600097,52.984267411633,2.79927345298903,53.194977988380266,173.3655507712854
15 Jul 2026 16:55:00.000000000,-4226.03598623018,-3399.106225804618,-4229.057035705033,5.997702745738294,-2.6338186895220628,-3.876667825372104,0.005168322558869975,0.004161546566959139,0.005192558031432668,-38.236412606020615,31.915641738125544,507.38507208337177,6874.966397034001,0.0003500176534094373,52.981723723851616,2.7956730712898765,52.779058515670556,177.58855740379315
15 Jul 2026 16:56:00.000000000,-3857.133585044014,-3549.5345605902467,-4452.147536089831,6.294545490656583,-2.378642524584837,-3.5569716138057563,0.004715309767552382,0.0043442384070710915,0.005464576534881042,-40.62951862745336,35.48909286578611,508.26465153609206,6874.181344247159,0.00046469294002401403,52.97924453553683,2.7916555308385003,54.95979272682322,179.21493297342943
15 Jul 2026 16:57:00.000000000,-3471.248356711751,-3684.3346121297436,-4655.580649635538,6.563594322227597,-2.113066598066831,-3.221662663463369,0.004241861276721432,0.004507765729490997,0.005712397026238602,-42.88586738877414,39.33628068859527,509.10226139358116,6873.431200920858,0.0005741046484704236,52.9768733954299,2.787235240455873,58.15099212163193,179.83086927250406
15 Jul 2026 16:58:00.000000000,-3070.0835024554262,-3802.917305285679,-4838.463794567494,6.803684569254825,-1.8382612127117968,-2.8722240619381454,0.003750073121533892,0.004651450592160981,0.0059349804219210375,-44.983952743589235,43.48109816788978,509.88487322552294,6872.729150267064,0.000676382715129956,52.97465193986847,2.7824337020531464,61.833919902290496,179.95510401194568
15 Jul 2026 16:59:00.000000000,-2655.4082888803973,-3904.764951966131,-4999.995179957448,7.013779367732627,-1.555434782757149,-2.510197949212275,0.0032421090539530915,0.004774702217937508,0.006131399645826751,-46.89987242086569,47.94257425358765,510.60031881402523,6872.087519476328,0.0007699201450608452,52.9726191604286,2.7772791299817254,65.79086329147042,179.8053486202933
15 Jul 2026 17:00:00.000000000,-2229.050263110161,-3989.4333801736598,-5139.467145856495,7.192973445878168,-1.2658285702334424,-2.137178733708302,0.0027201911557341047,0.00487701808038724,0.00630084169887041,-48.607679404286166,52.73137885527117,511.2374925978726,6871.517565601579,0.0008532966611361161,52.97081071838416,2.771805952566841,69.9152769898079,179.4881449508692
15 Jul 2026 17:01:00.000000000,-1792.8872576375636,-4056.5537455085628,-5256.269092877636,7.340496352525724,-0.9707113660427085,-1.754806197912611,0.0021865906791748617,0.0049579846621783455,0.006442609274382561,-50.08013791994201,57.845641301569216,511.7865354255323,6871.029280587309,0.0009252681579785655,52.96925831797813,2.766054204630265,74.14936054859504,179.06128811778362
15 Jul 2026 17:02:00.000000000,-1348.839217877498,-4105.834022370312,-5349.889995403821,7.455715143100525,-0.671374133981047,-1.3647585188886313,0.0016436191308648502,0.005017277935255148,0.006556121983879169,-51.28997864631235,63.26663688353949,512.2389967918712,6870.631218665034,0.0009847736232699588,52.967989149460585,2.7600688217302927,78.45940280335051,178.55848231078005
15 Jul 2026 17:03:00.000000000,-898.859884534781,-4137.060173095869,-5419.920493999863,7.538136537846751,-0.3691246328652133,-0.9687452250149555,0.001093619598763415,0.005054663614812632,0.006640917262572978,-52.21166758859228,68.95535521389586,512.5879731179099,6870.33034893695,0.001030946354395131,52.967025411619744,2.753898848524494,82.82469751214144,178.00042543997253
15 Jul 2026 17:04:00.000000000,-444.9283620137911,-4150.096994099929,-5466.054563777485,7.587408566369512,-0.06528202915148545,-0.5685001065536197,0.0005389583016107719,0.005069997225672138,0.0066966510075297395,-52.82355648025044,74.85130182212168,512.8282200338879,6870.1319355364485,0.0010631249710835568,52.96638392213746,2.747596575198933,87.23205389933787,177.40029890417327
15 Jul 2026 17:05:00.000000000,10.959396672187735,-4144.888638749073,-5488.090756413395,7.603321710964322,0.2388284899173042,-0.165774094398699,-1.7983671238897365e-05,0.005063224021349693,0.006723098004333617,-53.11009819308184,80.8747795742266,512.9562370383568,6870.039447291624,0.0010808623913407657,52.96607582255961,2.7412166170912093,91.67286466812335,176.76669991305138
15 Jul 2026 17:06:00.000000000,466.7991588207701,-4121.458817246576,-5485.933014299624,7.585809558828487,0.5418810945789255,0.23767188142862636,-0.0005748184762863671,0.005034378779816515,0.006720152177370173,-53.06366741637176,86.93310699682841,512.9703233247103,6870.0544983327,0.0010839319167072002,52.96610638301779,2.734814953686729,96.14144042174956,176.1053074170832
15 Jul 2026 17:07:00.000000000,920.587005469722,-4079.9106742447652,-5459.591055917454,7.534948970224533,0.8425546754018398,0.6400740438198915,-0.0011291595422885934,0.004983585494804248,0.006687826692365811,-52.68552541761407,92.9298953054176,512.8706039898083,6870.176820584432,0.001072329997544558,52.966474910094185,2.7284479438006937,100.63401126380553,175.41988086728665
15 Jul 2026 17:08:00.000000000,1370.3279205260628,-4020.4263452887362,-5409.180332071611,7.450959766267474,1.1395381847477066,1.0396729227918504,-0.0016786295660302707,0.004911056969865281,0.006626253924629652,-51.98565752781763,98.77525397541498,512.6590262637253,6870.404268572983,0.0010462754692288766,52.9671747594209,2.722171334229949,105.1480955782815,174.71289179755038
15 Jul 2026 17:09:00.000000000,1814.044346779346,-3943.2661935491033,-5334.921553090259,7.334203936399087,1.4315359508824657,1.4347205037587902,-0.0022208685374516383,0.0048170943098024555,0.006535685289655389,-50.98153026541342,104.39438463459054,512.3393258252272,6870.732856462706,0.0010062051867378247,52.96819345277649,2.716039279220892,109.68207380180102,173.9859504097638
15 Jul 2026 17:10:00.000000000,2249.7846799191843,-3848.767728675345,-5237.139787587622,7.185184362079414,1.7172729582507806,1.823487361274012,-0.0027535418508587164,0.004702086295275388,0.006416490920693356,-49.69611036388707,109.73272634744289,511.91696369231954,6871.156826724077,0.0009527660846099583,52.969512897620135,2.710103387939901,114.2348695353867,173.24012480736857
15 Jul 2026 17:11:00.000000000,2675.6316713589804,-3737.344210025122,-5116.263133929067,7.004543049976483,1.9955000862579024,2.2042697682960575,-0.0032743485538491712,0.00456650861845251,0.006269159166985958,-48.15562540898011,114.75717270878488,511.3990346006335,6871.66874932749,0.0008868037701967563,52.97110970521546,2.704411816615283,118.80566597873636,172.4762248875138
15 Jul 2026 17:12:00.000000000,3089.710710176573,-3609.482937034143,-4972.8209661890605,6.793058865195065,2.264999297186203,2.5753967689096755,-0.0037810297725927753,0.004410922943240907,0.006094295866397583,-46.387496015775184,119.45410871388106,510.7941482031825,6872.259649863548,0.0008093478286729517,52.97295560177776,2.699008421266812,123.3935816553708,171.69512691695522
15 Jul 2026 17:13:00.000000000,3490.1979538464166,-3465.743230116762,-4807.441757191899,6.5516447530529565,2.524588761677737,2.935237199628522,-0.004271377341119123,0.0042359757523715595,0.0058926233437683415,-44.41870447903163,123.82560626486459,510.11228484035587,6872.919164514478,0.0007215940821844416,52.975017925452306,2.693931985869946,127.99718355798491,170.89826065636282
15 Jul 2026 17:14:00.000000000,3875.328276653884,-3306.754106276364,-4620.850482238866,6.28134443679688,2.773127907613853,3.2822066410040796,-0.004743242645274343,0.004042396935469746,0.005664979074475441,-42.274685126044176,127.88506532271934,509.3646280364193,6873.63571935055,0.0006248841057710281,52.97726020043326,2.689215539497037,132.6135719506085,170.08852479051276
15 Jul 2026 17:15:00.000000000,4243.403004044846,-3133.211654488979,-4413.865608277716,5.983328578435743,3.0095223754877924,3.614774277633202,-0.005194545674594058,0.0038309980697169427,0.005412313948198844,-39.978692751065,131.65318681512875,508.56337627295125,6874.396731005781,0.0005206823656577578,52.97964277818343,2.68488577440083,137.23632456693002,169.27234292106235
15 Jul 2026 17:16:00.000000000,4592.797400208203,-2945.8761170995563,-4187.395674800977,5.658890390967695,3.2327288602957065,3.9314696404877836,-0.00562328425543347,0.003602670343497945,0.0051356900651917765,-37.55154323156624,135.1547137139737,507.7215369653078,6875.188825405179,0.00041055143670004195,52.98212353453829,2.6809625753032287,141.84998765111155,168.4651726703828
15 Jul 2026 17:17:00.000000000,4921.967875726405,-2745.568684687445,-3942.4354743725557,5.309440692300755,3.441759817174998,4.2308892016481945,-0.006027543420719617,0.0033583820760572877,0.00483627799974067,-35.011609290756454,138.41604097755504,506.85270591761736,6875.9980708802095,0.00029612601185390015,52.98465861049672,2.6774586681658334,146.41147499200275,167.71010674297528
15 Jul 2026 17:18:00.000000000,5229.458881536071,-2533.1680133452205,-3680.0618426497995,4.9365023945152116,3.635688005202804,4.51170278756976,-0.006405504850708222,0.0030991757887944573,0.004515353467828263,-32.37497095871574,141.4636065825522,505.9708358465175,6876.810221724758,0.00017908796891624422,52.98720318372977,2.6743793946354857,150.7580189047945,167.16992198775282
15 Jul 2026 17:19:00.000000000,5513.909455221794,-2309.60647490519,-3401.4290699060557,4.541704426489395,3.81365084135568,4.772659773530703,-0.006755456305377351,0.002826164792574398,0.004174293346886177,-29.65564616666238,144.32290201394767,505.0899978346116,6877.610968019643,6.117266508729794e-05,52.98971225729313,2.6717226162426875,153.4536219524559,168.28062766737727
15 Jul 2026 17:20:00.000000000,5774.059385701449,-2075.8661523993187,-3107.7639484002834,4.126775093322892,3.9748545346197384,5.012595018931348,-0.007075800946319685,0.002540529259718045,0.0038145709999133455,-26.865851705822205,147.01793457897327,504.22413979097166,6878.386187395619,5.625801147277941e-05,52.9921414517163,2.6694787500216792,345.04786264272354,340.49265969837444
15 Jul 2026 17:21:00.000000000,6008.754962761177,-1832.9745948709597,-2800.360472443143,3.693534882264706,4.1185779688137245,5.2304345008272275,-0.007365066440949661,0.0022435117642741653,0.0034377508758722955,-24.016264379089172,149.57099885170965,503.3868461480655,6879.122194318456,0.00017102782039949685,52.994447786571484,2.667630935088651,347.6007994477736,341.7459765153019
15 Jul 2026 17:22:00.000000000,6216.954278691556,-1582.0003475776684,-2480.5742106141915,3.2438887318319276,4.244176301895952,5.425200601635576,-0.0076219137259364855,0.0019364122823829963,0.003045482368340198,-21.116266001309576,152.00264814243465,502.5911031026137,6879.8059824705915,0.0002818989115210275,52.996590437795184,2.666155327282262,352.10516257722026,341.04786712974345
15 Jul 2026 17:23:00.000000000,6397.732050509526,-1324.048275551826,-2149.816372249596,2.7798177882605892,4.3510842494860755,5.596017006455372,-0.007845145303190764,0.001620582658764876,0.0026394929330073843,-18.17416489766018,154.3317882767004,501.8490737031635,6880.425455875505,0.00038734940993347003,52.9985314574453,2.665021516836507,356.92862223027726,340.03068266063076
15 Jul 2026 17:24:00.000000000,6550.283932933869,-1060.254700414281,-1809.547592978244,2.3033706811540524,4.43881902106002,5.742113165970574,-0.00803371293921765,0.001297420558458531,0.0022215804820256073,-15.197392006643925,156.57584125428303,501.17188699387094,6880.969644565218,0.0004860212346530597,53.000236443221375,2.664193061777863,1.9012791162985507,338.86434554993116
15 Jul 2026 17:25:00.000000000,6673.930294435231,-791.7823721727863,-1461.2714666754396,1.8166543579093066,4.506982878824579,5.86282828250454,-0.008186724640616325,0.0009683629362439875,0.0017936050908163507,-12.19267277733188,158.75094510447087,500.5694452365634,6881.428900828514,0.0005767024186589299,53.001675145939274,2.6636281278230305,6.982543220692658,337.58947049081695
15 Jul 2026 17:26:00.000000000,6768.119431283225,-519.8152994811203,-1106.5278536645724,1.321824523987797,4.555265291607371,5.957614779462361,-0.008303450782907866,0.0006348790689822468,0.001357480070413792,-9.166177641611533,160.87216942713704,500.05025295180485,6881.79507239577,0.0006583440133419425,53.002822004227376,2.66328022357908,12.16215676426143,336.2163411251599
15 Jul 2026 17:27:00.000000000,6832.430197551691,-245.5534633985919,-746.8859972651147,0.8210757430773605,4.5834446591952185,6.02604121810218,-0.008383329285651669,0.00029846320914084305,0.0009151624764484024,-6.123654551684549,162.95373501646375,499.6212711450358,6882.061649311104,0.0007300765304061316,53.00365659697395,2.663099018232809,17.440729617014703,334.7443742548978
15 Jul 2026 17:28:00.000000000,6866.574032474527,29.79255893457247,-383.9374827997518,0.31663125745356246,4.59138958633664,6.0677946302409325,-0.008425969732028119,-3.9373072785006935e-05,0.0004686431388070983,-3.0705472985135747,165.00923180393417,499.28779962280294,6882.223881707955,0.0007912236610574025,53.004164005487,2.6630312273532684,22.82418793586928,333.16767080408846
15 Jul 2026 17:29:00.000000000,6870.396370323243,305.00703318169826,-19.28907488739154,-0.1892674058424818,4.579059690012269,6.0826822410140515,-0.008431156357533238,-0.00037710877888170037,1.9936311269277006e-05,-0.012103316063538415,167.05183307343512,499.05338976477583,6882.2788662318035,0.0008413127297296198,53.004335078905726,2.6630215513338165,28.32189130993199,331.4768982546482
15 Jul 2026 17:30:00.000000000,6843.877422038122,578.874540879534,345.44452979340275,-0.6943709731992201,4.546505928443583,6.070632562032513,-0.008398849846211814,-0.0007132215231310702,-0.0004289309504677615,3.046525422679466,169.0945061757629,498.91978951318816,6882.225599432315,0.0008800816317061719,53.004166598093434,2.6630136499718158,33.94599753136448,329.6599254448953
15 Jul 2026 17:31:00.000000000,6787.132322118964,850.1854577785465,708.6479961107552,-1.1964330342665779,4.493870445531327,6.031695842044693,-0.008329187897149032,-0.001046195630299669,-0.0008759295660758776,6.100184913525437,171.15022125954084,498.8869216870822,6882.06499706523,0.0009074821122358101,53.003661335023516,2.6629511360306,39.71134478379855,327.70193994629346
15 Jul 2026 17:32:00.000000000,6700.41063869006,1117.741408321469,1068.7126517361212,-1.6932206491351371,4.421385929839597,5.966043869328276,-0.008222484548725399,-0.001374530203133441,-0.0013190392426531798,9.143621587225635,173.23216011697076,498.95289604289667,6881.799878888022,0.0009236793133810739,53.0028280065065,2.662778570285969,45.63559163738246,325.58530763682086
15 Jul 2026 17:33:00.000000000,6584.0952491132575,1380.3606672377205,1424.0437571996104,-2.1825248784392004,4.329374492713757,5.873969127307381,-0.008079228268399392,-0.0016967470670589805,-0.0017562592003112405,12.171381284935693,175.35392724499695,499.114054804437,6881.434919188531,0.0009290475664608006,53.00168112296753,2.6624424405213953,51.73950932519455,323.28928000374265
15 Jul 2026 17:34:00.000000000,6438.700587949569,1636.883479661908,1773.0677061918173,-2.662171163247702,4.218246075485876,5.755883312105841,-0.007900078843008789,-0.002011398504836915,-0.002185618692593835,15.177701228049928,177.52976464438805,499.36505069361175,6880.97656393634,0.0009241624424264127,53.000240734836964,2.661892107160647,58.04737445551949,320.78960102867796
15 Jul 2026 17:35:00.000000000,6264.870278380098,1886.1772719367173,2114.239118282099,-3.130029484276629,4.088496400826409,5.612315227704811,-0.007685863124584541,-0.00231707469907144,-0.0026051872091574575,18.156391358642928,179.77477058962205,499.69895582927245,6880.432916080379,0.0009097890822702617,52.99853208092819,2.6610806988063067,64.58742442933554,318.05805139274327
15 Jul 2026 17:36:00.000000000,6063.37416231163,2127.1417263037915,2446.047787347765,-3.584024233907855,3.940704488003152,5.443908080877204,-0.007437569707902938,-0.0026124108084615493,-0.003013084257202594,21.100701320663372,-177.89487967836362,500.10739924176113,6879.813591115574,0.0008868668011245269,52.99658514491712,2.6599659417908774,71.3923301334463,315.06197543808645
15 Jul 2026 17:37:00.000000000,5835.104748236052,2358.7136940061555,2767.0254505044236,-4.022143739602533,3.7755297559761054,5.251416203945015,-0.00715634263338277,-0.002896093613339389,-0.0034074886299000507,24.003169334301766,-175.4617171188061,500.58073019314133,6879.129545596115,0.0008564898741753079,52.99443412767056,2.6585109090472714,78.49961416367475,311.7638626376388
15 Jul 2026 17:38:00.000000000,5581.0730994276955,2579.8719228632276,3075.752344153491,-4.442449383359148,3.593708741791837,5.035701238496002,-0.00684347422353155,-0.0031668676775716835,-0.0037866470844739705,26.855449436121198,-172.906777576998,501.1082040098759,6878.392881769554,0.0008198842448018282,52.992116844673966,2.65668467493936,85.95189528873162,308.12110286810224
15 Jul 2026 17:39:00.000000000,5302.404188189731,2789.6415771234224,3370.863515869179,-4.843084268696991,3.3960514645485174,4.797727817378545,-0.006500397172309273,-0.0034235409867053256,-0.004148882368643726,29.648114265614538,-170.2094366268372,501.67818673719694,6877.616631935427,0.0007783796186018809,52.989674059147866,2.6544628643998562,93.79676702579145,304.08610762004463
15 Jul 2026 17:40:00.000000000,5000.331744566463,2987.098529276417,3651.0548631798256,-5.2222813939948685,3.1834374672400436,4.538558785478087,-0.0061286760116905006,-0.0036649900346027633,-0.0044926005505028805,32.37043217689553,-167.34731450066727,502.27837461799413,6876.814526485647,0.000733376005923217,52.98714876259844,2.6518280865069097,102.08602035928105,299.60708711771787
15 Jul 2026 17:41:00.000000000,4676.192630190519,3171.3734054989527,3915.088872791777,-5.578371298648692,2.956811570009932,4.259350001916445,-0.005729998085265499,-0.0038901643457326216,-0.004816297626126278,35.01012056018178,-164.29630397662623,502.89602418863706,6876.000749857877,0.0006863032827407088,52.98458541549738,2.648770244779113,110.87381411493233,294.6298798397503
15 Jul 2026 17:42:00.000000000,4331.420769732592,3341.655368429509,4161.800036402987,-5.909789156160003,2.7171793687834582,3.961344767388574,-0.00530616415385445,-0.004098090431985888,-0.0051185653952507655,37.55308276595967,-161.03079966879324,503.51818866768946,6875.189688821332,0.0006385719088760908,52.98202916151012,2.6452867185212185,120.21333503591009,289.10129239619556
15 Jul 2026 17:43:00.000000000,3967.540673758818,3497.195623009805,4390.099921887051,-6.21508129569973,2.465602512903963,3.6458679203932727,-0.004859078754331148,-0.00428787519608373,-0.005398096613056001,39.98314511574145,-157.52423895306927,504.13195628867703,6874.39567761729,0.0005915129717407827,52.97952502918085,2.641382411924384,130.1515932280128,282.9743040962277
15 Jul 2026 17:44:00.000000000,3586.1605877089073,3637.310633119466,4598.981881241313,-6.492911140658892,2.203193794363932,3.3143196451865693,-0.00439074042211623,-0.00445870880404985,-0.005653689440769121,42.28182447702717,-153.75009881638152,504.7246862890505,6873.6327444959015,0.00054630698292708,52.977117135221945,2.6370696699084766,140.72246683849366,276.21502234221214
15 Jul 2026 17:45:00.000000000,3188.965302205091,3761.385038647728,4787.525379226311,-6.742064559002085,1.931112079554914,2.9681690324926966,-0.0039032318767176213,-0.004609867059853534,-0.005884251232610321,44.42817673064119,-149.68351825049442,505.2842384053462,6872.914364125866,0.0005039044398595723,52.97484790354596,2.6323680621466874,151.9391530161567,268.8102318017551
15 Jul 2026 17:46:00.000000000,2777.708660053602,3868.8742644335493,4954.899929029388,-6.96145462568778,1.65055711230664,2.6089474314794443,-0.0033987102517718877,-0.004740713320815381,-0.006088801705243805,46.39880159326401,-145.3037097860877,505.79919193135675,6872.2532202121765,0.00046494790742256537,52.97275731391309,2.627304038946975,163.78877822405843,260.7727842846414
15 Jul 2026 17:47:00.000000000,2354.2057951361307,3959.306814165962,5100.36862352171,-7.150125801890179,1.3627642144278296,2.238241628401675,-0.00287939743602929,-0.00485069999948129,-0.006266475546283446,48.16810549492605,-140.59724885483425,506.2590506607286,6871.6609824424395,0.0004297144213062848,52.970882193555816,2.6219104650519958,176.23342509677428,252.1405721299568
15 Jul 2026 17:48:00.000000000,1920.325137995099,4032.2862438228804,5223.291252714115,-7.307257539138064,1.0689989071787434,1.8576868838162244,-0.0023475705718966487,-0.004939369699438436,-0.006416524522147944,49.70894098604365,-135.5621383335553,506.654430348355,6871.148101600663,0.0003981043032144521,52.969255564390465,2.6162260395243297,189.22186424269066,242.96479669924946
15 Jul 2026 17:49:00.000000000,1477.9802223407269,4087.492810550008,5323.126999833786,-7.432167318742458,0.7705514742077687,1.4689598565633957,-0.0018055527393476445,-0.005006356033250916,-0.006538319147727594,50.99372970007971,-130.2122047751185,506.97722567675004,6870.723626347982,0.00036970159802790926,52.9679060574465,2.6102946119896724,202.7135900489152,233.28593291356998
15 Jul 2026 17:50:00.000000000,1029.1213260375328,4124.684794023625,5399.436710032069,-7.524313138008994,0.46873148364917244,1.0737714389881265,-0.0012557038348454054,-0.005051384168808077,-0.006631349979017062,51.996112406001444,-124.58092673765046,507.2207540945472,6870.395044776761,0.00034391884319674753,52.96685740495648,2.6041644072901913,216.71186443235314,223.1006858854765
15 Jul 2026 17:51:00.000000000,575.7269794143094,4143.699488323943,5451.884727098195,-7.583295454781823,0.1648622844110434,0.6738595243308504,-0.0007004116373162907,-0.005074271146125629,-0.006695228585311153,52.69303857800338,-118.7233906720117,507.37987429805986,6870.168153408454,0.0003202202297640379,52.966128019172416,2.5978871723261947,231.2977846116844,212.32792356515506
15 Jul 2026 17:52:00.000000000,119.79537302972761,4144.453863171397,5480.240294712563,-7.608858600937344,-0.13972451067801178,0.27098172399544546,-0.00014208303809410628,-0.005074925999823538,-0.006729688249433333,53.067025504575724,-112.71502197551274,507.45107754579027,6870.0469558317745,0.0002984039516605546,52.96573066543314,2.5915172601793337,246.65389956849594,200.78506072595474
15 Jul 2026 17:53:00.000000000,-336.6643034755255,4126.944894076005,5484.378519737213,-7.600891673666923,-0.4436945440606857,-0.13309195018857348,0.00041686460046338434,-0.005053349717552455,-0.006734584438602943,53.108150386491516,-106.64634526628916,507.4325504257954,6870.03359267573,0.0002789190398124453,52.96567223533136,2.5851106678113736,263.05895659050395,188.19331288857822
15 Jul 2026 17:54:00.000000000,-791.6405604720854,4091.249561551911,5464.280895886974,-7.559428910974421,-0.745716225718266,-0.5365864258053044,0.0009740120033803337,-0.005009635049207209,-0.0067098950685917005,52.81529043356874,-100.61427757277707,507.32420813240975,6870.128304085874,0.00026316871107084135,52.96595362404335,2.5787240444178976,280.81680186447676,174.24879620975136
15 Jul 2026 17:55:00.000000000,-1243.1283145085947,4037.5245200714385,5420.035386824894,-7.484649554897215,-1.0444662299512306,-0.9377289200001026,0.0015269465086898066,-0.0049439661800146344,-0.006655720581681428,52.19626797539369,-94.71182988408745,507.12769774989016,6870.329425333727,0.00025365453989220226,52.966569714028054,2.5724136880763977,300.06279737262327,158.81611107301813
15 Jul 2026 17:56:00.000000000,-1689.1375709427139,3966.0054379356534,5351.8360684082445,-7.376877202849752,-1.3386349684324041,-1.3347562887626505,0.002073270613434139,-0.004856618263415736,-0.006572283836210421,51.266858562832525,-89.01878975044629,506.84637148326294,6870.633415639628,0.00025363825804227243,52.9675094654039,2.5662345485257863,320.45414492901693,142.23801853759676
15 Jul 2026 17:57:00.000000000,-2127.7020523026495,3877.006009738138,5259.982330466132,-7.236578644353097,-1.6269320308643702,-1.7259223637889614,0.002610610590819244,-0.0047479568029779335,-0.006459929796348721,50.04894159314901,-83.59552328745531,506.4852302203367,6871.034919741023,0.00026605009684223046,52.96875611140597,2.5602392538159378,341.00445997173006,125.50086702172588
15 Jul 2026 17:58:00.000000000,-2556.8877413962573,3770.916643642316,5144.877639198394,-7.064362177520497,-1.908091583587829,-2.109505264220496,0.003136625223166257,-0.004618436861434737,-0.0063191249955097525,48.568262028005776,-78.48075718172787,506.05083825081505,6871.526861192858,0.0002921420001631367,52.97028745545126,2.5544771781531215,0.4452534748333465,109.87311084869691
15 Jul 2026 17:59:00.000000000,-2974.801307759478,3648.2028263140214,5007.027862088385,-6.860975397233871,-2.1808777149428322,-2.4838146686426934,0.0036490146867698284,-0.004468602067857138,-0.0061504567367881785,46.852266620864235,-73.69285441181287,505.55121040809655,6872.1005658560925,0.0003310646383519183,52.97207626452432,2.548993567511456,17.891459676395392,96.23978295210189
15 Jul 2026 18:00:00.000000000,-3379.5983854746996,3509.40316908219,4847.039158168021,-6.6273024451794065,-2.4440897141648055,-2.847199030131057,0.004145529610824764,-0.004299083384645236,-0.0059546319805403635,44.928330879152774,-69.23331273652616,504.9956733327848,6872.745913517463,0.0003806056089783387,52.974090751877824,2.5438287385470937,33.11141865212728,84.83251270368609
15 Jul 2026 18:01:00.000000000,-3769.4916697988274,3355.1271397447244,4665.615437574904,-6.364360710951476,-2.696567268241053,-3.1980527140370274,0.004623980318310194,-0.004110597592786662,-0.005732475864141369,42.82250624685347,-65.09112288950622,504.3947029814797,6873.451515098272,0.0004381379508554193,52.97629514044827,2.5390173650726604,46.31477884663575,75.44162374586276
15 Jul 2026 18:02:00.000000000,-4142.758799249982,3186.052485493881,4463.555395716754,-6.073296973557311,-2.937195558424313,-3.5348230345630935,0.005082246239408129,-0.0039039454501122372,-0.005484929792897245,40.558769934629495,-61.24697242814404,503.7597409150491,6874.20491245921,0.0005011358858170493,52.978650296949986,2.534587864747882,57.86219245761442,67.70643892709317
15 Jul 2026 18:03:00.000000000,-4497.749989360144,3002.922353550667,4241.749128836763,-5.755382973679894,-3.164910235455975,-3.856017162589331,0.005518285467926569,-0.00368000947505533,-0.0052130490371692095,38.15868031976189,-57.67674624563071,503.10299229066607,6874.992797398369,0.0005673118622031712,52.98111442535337,2.530561896848038,68.10384448354625,61.276751525615545
15 Jul 2026 18:04:00.000000000,-4832.895383605507,2806.5421174958165,4001.17433962158,-5.412010409413093,-3.378702249697861,-4.160208873268485,0.005930144414802216,-0.003439751312564919,-0.0049179997752385836,35.64131876542634,-54.35415129630154,502.4372088448949,6875.801246081204,0.0006345973120443684,52.98364380739906,2.5269539800305543,77.32686940496652,55.86540878677062
15 Jul 2026 18:05:00.000000000,-5146.712086766406,2597.775918763435,3742.892143467235,-5.044685351530256,-3.5776225098460546,-4.446045098362461,0.006315967491553669,-0.0031842086403873126,-0.004601055522521656,33.02341056906944,-51.25251968869136,501.7754604815456,6876.615964838795,0.0007010939891373061,52.98619357696881,2.5237712368050786,85.75210450568346,51.251558764641274
15 Jul 2026 18:06:00.000000000,-5437.810845830292,2377.5429344212007,3468.0424882492034,-4.655022078845611,-3.7607863416147618,-4.712252244987514,0.00667400674108873,-0.0029144915818253834,-0.00426359289739201,30.319542935563916,-48.3459434344467,501.13089935858727,6877.422543033766,0.0007650376959458411,52.988718514538526,2.521013269214411,93.54575441556467,47.268985884196766
15 Jul 2026 18:07:00.000000000,-5704.902343747081,2146.813384138194,3177.8392028411936,-4.2447363397015945,-3.9273777159461116,-4.957642239698822,0.007002631315684773,-0.002631778598214082,-0.00390708668244455,27.542423860442643,-45.609913090171084,500.5165205932586,6878.206708528363,0.0008247805611648474,52.99117384759279,2.518672167848433,100.83257896154747,43.792923136146115
15 Jul 2026 18:08:00.000000000,-5946.803071896337,1906.6042911117183,2873.5646921727325,-3.815638051943795,-4.07665321503198,-5.181118254803385,0.007300336692026195,-0.00233731184612985,-0.003533104155217479,24.703147110286164,-43.02161227445917,499.9449238627065,6878.954581200371,0.0008787880342793537,52.99351604278486,2.516732653957542,107.70678078651076,40.72916444471929
15 Jul 2026 18:09:00.000000000,-6162.440748084003,1657.9750136515843,2556.564299252308,-3.369623460742089,-4.207945703824098,-5.381680072597045,0.007565753501025259,-0.0020323919946352337,-0.0031432986754133686,21.811443868874356,-40.55998674864091,499.428080260405,6879.652919947842,0.0009256455673744105,52.99570357578744,2.5151723520506035,114.2401361974852,38.0059337478052
15 Jul 2026 18:10:00.000000000,-6350.859248278938,1402.0225660631318,2228.2403572617127,-2.90866678107597,-4.320667674834303,-5.558429042980893,0.007797655846074071,-0.0017183725113958787,-0.0027394025335779402,18.87591179676289,-38.20567383595688,498.97710876670544,6880.2893587023855,0.0009640709309806798,52.99769766519005,2.5139621880478256,120.48783580432612,35.56804423021181
15 Jul 2026 18:11:00.000000000,-6511.223022151395,1139.8767493801704,1890.0459574839383,-2.4348113593825813,-4.414314234938487,-5.710572590706235,0.007994968979921607,-0.0013966534394604802,-0.0023232190830269847,15.904218524510743,-35.940850717517456,498.60206659951376,6880.852627137335,0.0009929292624278453,52.99946295745386,2.5130669058426545,126.49261414761234,33.37276851414327
15 Jul 2026 18:12:00.000000000,-6642.820964787517,872.6951143335812,1543.4784613996817,-1.9501603965217105,-4.488465704611992,-5.837428230362391,0.00815677621811318,-0.001068674700830948,-0.001896614196571344,12.9032802038884,-33.749039629749014,498.3117575234597,6881.332752009657,0.0010112488330637154,53.000968150818714,2.5124456930116312,132.2876419128492,31.386946213578355
15 Jul 2026 18:13:00.000000000,-6745.0697197188065,601.6577806462852,1190.0727877105583,-1.4568672815815489,-4.542789802533954,-5.9384270501569905,0.00828232496353641,-0.000735908973854365,-0.0014615071035796096,9.8794176445443,-31.614893424321302,498.11356191241833,6881.721235409621,0.0010182361366976632,53.00218654715748,2.5120529044809694,137.89851863183253,29.584990956302665
15 Jul 2026 18:14:00.000000000,-6817.516391594695,327.9621382746905,831.3945072627758,-0.9571255928853895,-4.577043391761159,-6.013116629501683,0.008371031741474202,-0.00039985420626978846,-0.0010198606842373946,6.83849344712695,-29.52397503147007,498.0132919827485,6882.011206606222,0.001013289321876348,53.00309652206475,2.511838871267355,143.3445855296791,27.947577220421824
15 Jul 2026 18:15:00.000000000,-6859.840650402311,52.8174575312776,469.03278078428065,-0.4531588286206525,-4.591073767615603,-6.061163360329706,0.008422486145354265,-6.202583379317654e-05,-0.0005736713082820286,3.7860338567014513,-27.462537825411946,498.0150751492788,6882.19754466049,0.0009960092867029153,53.0036819049312,2.5117507798816296,148.63967923714603,26.460886271768548
15 Jul 2026 18:16:00.000000000,-6871.856213043088,-222.56056391565144,104.59317597647313,0.05279006539990638,-4.584819471961493,-6.082354147814535,0.008436453622416382,0.00027605121520467816,-0.0001249583215246938,0.7273390847434534,-25.417309701930975,498.1212679122085,6882.2769695239995,0.0009662079800162552,53.003932262361374,2.5117336067650005,153.7923536128359,25.11638396412371
15 Jul 2026 18:17:00.000000000,-6853.5116922520965,-496.9552884014496,-260.30959824581817,0.5584692994216264,-4.558310623547359,-6.076597472589297,0.008412877042421997,0.0006128506427771896,0.0003242467085530568,-2.332414245791873,-23.37528109036461,498.33240207366146,6882.2480999357,0.0009239136475616246,53.00384308001447,2.5117310911762822,158.80548384808205,23.911216236446695
15 Jul 2026 18:18:00.000000000,-6804.890807212968,-769.1546307600698,-624.0590017134987,1.0616289008335755,-4.511668759417621,-6.043923803505878,0.008351877018036765,0.0009468529412848634,0.0007719108689236999,-5.388074990968865,-21.32349562135905,498.6471644234246,6882.111477061004,0.000869372966704364,53.003415839752634,2.5116867293033853,163.67498715027065,22.849488018620548
15 Jul 2026 18:19:00.000000000,-6726.211954702413,-1037.9565265943581,-985.0439780766759,1.5600313573923588,-4.445106187907846,-5.984485357231263,0.008253750968666129,0.0012765534976963784,0.0012160107764119595,-8.434420249332602,-19.24884143718185,499.0624103422888,6881.869553471969,0.0008030502922206984,53.00265799083841,2.511544771993087,168.38704241458683,21.945043143163723
15 Jul 2026 18:20:00.000000000,-6617.827144107182,-1302.1743471648415,-1341.6662359104748,2.0514621675458633,-4.358924859270433,-5.898555208349853,0.008118970944304858,0.0016004705508608,0.001654543329825374,-11.46605555497411,-17.137840997877184,499.5732110684263,6881.526647728493,0.0007256247330330065,53.001582815796006,2.511251208490934,172.91239836011772,21.227155794442176
15 Jul 2026 18:21:00.000000000,-6480.2203041073835,-1560.6422322658868,-1692.3474572124437,2.533740224481444,-4.253514765374039,-5.786525760915372,0.007948180247444368,0.0019171529136078479,0.002085536219379459,-14.477309012156848,-14.976437672323527,500.1729336766639,6881.088865474359,0.0006379869017995637,53.000209193412026,2.510754718824519,177.19434940535103,20.75255422772878
15 Jul 2026 18:22:00.000000000,-6314.004973130106,-1812.2203133037274,-2035.536395512385,3.004727963570023,-4.129351885027519,-5.6489065993693535,0.007742188917230179,0.0022251873781831263,0.002507058081077579,-17.46211578941838,-12.749778505212316,500.85335215326353,6880.563988593444,0.0005412402622256292,52.99856126316153,2.510007578067129,181.12117353292587,20.63298251538438
15 Jul 2026 18:23:00.000000000,-6119.921389765059,-2055.79979993103,-2369.7158270830064,3.4623412072125004,-3.9869956961528543,-5.486321743218869,0.0075019681567232615,0.002523205731283401,0.0029172281932800894,-20.41388928615568,-10.441994557816784,501.6047873268477,6879.961334565402,0.00043672227566586693,52.996667997077516,2.5089664965892435,184.45430535202647,21.107027118572542
15 Jul 2026 18:24:00.000000000,-5898.833003130031,-2290.3079049939006,-2693.409320370391,3.904558646561389,-3.8270862801472822,-5.2995063356696885,0.007228643803460265,0.002809891315563921,0.0033142256253524656,-23.325375242931706,-8.03598354260291,502.41627285723615,6879.291588705927,0.0003261039229475664,52.99456268670394,2.507593381550778,186.60149595812064,22.76695669112486
15 Jul 2026 18:25:00.000000000,-5651.722426614586,-2514.7125841764414,-3005.187790718003,4.329430906011384,-3.6503410472261364,-5.089302801390313,0.0069234889567628055,0.0030839850861068456,0.003696297762940334,-26.188485218824738,-5.513204733552364,503.2757440001591,6878.56661246079,0.0002118854564477671,52.99228235425458,2.505856006284844,185.64394830048133,27.531586410856626
15 Jul 2026 18:26:00.000000000,-5379.686861463449,-2728.027068546787,-3303.6758096837298,4.735089143513482,-3.457551114239164,-4.856656512616928,0.006587915887563003,0.003344291123948402,0.004061768151773797,-28.994106425211783,-2.8535042155245263,504.17024546844584,6877.799231337832,0.00010150369018784578,52.9898670984219,2.5037285759025267,171.10603387315916,45.876561027725174
15 Jul 2026 18:27:00.000000000,-5083.933019253465,-2929.3141701562217,-3587.5576406876876,5.119753147420731,-3.2495773683603444,-4.60261100581408,0.006223467358277967,0.0035896815808332525,0.004409043617761966,-31.73188624221672,-0.03500058076880247,505.08615440498636,6877.003006399682,7.105922595434276e-05,52.98735938641195,2.501192179246311,86.94231629980554,133.84733106272492
15 Jul 2026 18:28:00.000000000,-4765.771574442417,-3117.69034288753,-3855.5829753165826,5.4817388984775155,-3.02734625113046,-4.328302793033306,0.005831807489196369,0.0038191010459417193,0.0047366206426100385,-34.389992405698834,2.9659215039412183,506.0094142729049,6876.191993495942,0.0001732126141228507,52.98480330471041,2.4982351193672576,55.67856275657541,168.91814121673838
15 Jul 2026 18:29:00.000000000,-4426.611179820238,-3292.329482826241,-4106.572347287221,5.819465573457289,-2.791845297599163,-4.034955812951355,0.005414712295926072,0.0040315703342241925,0.005043090986749773,-36.95485465290614,6.174438736865321,506.92577535361687,6875.380494588014,0.00029040187608207177,52.982243781791574,2.494853116794061,52.178686231944866,176.22508799308193
15 Jul 2026 18:30:00.000000000,-4067.9520788779932,-3452.4664545050136,-4339.422203765053,6.131461974585677,-2.544118464793265,-3.723875566359706,0.0049740600275376716,0.004226189714389608,0.005327146575544022,-39.41090165471972,9.616836381449833,507.82103751902736,6874.582805607065,0.0004068581236094993,52.9797257964563,2.4910493821784367,53.44388799478414,178.76697716399946
15 Jul 2026 18:31:00.000000000,-3691.379349850427,-3597.400331385959,-4553.109616395903,6.416372376025524,-2.285261282508514,-3.396442979674732,0.004511821414267144,0.004402141600133172,0.005587583673485498,-41.74031963488724,13.319640261866246,508.68129100580364,6873.812965293773,0.0005191698646042037,52.9772935857198,2.4868345571180295,56.254833744923886,179.76314760755136
15 Jul 2026 18:32:00.000000000,-3298.55581652041,-3726.497340872566,-4746.69661696747,6.672961785131319,-2.016415857559748,-3.0541080379621697,0.004030049927307805,0.004558692741653122,0.005823306389269937,-43.92287727586816,17.30817008888391,509.493151056741,6873.084509395165,0.0006252485190719293,52.97498986615963,2.4822265243205557,59.74763804548343,180.07748691530375
15 Jul 2026 18:33:00.000000000,-2891.2146608444586,-3839.193505937739,-4919.334145035507,6.900120621729033,-1.7387657602494102,-2.698383226144147,0.0035308721343103784,0.004695195960607236,0.006033329564183899,-45.93588527254325,21.604346548630733,510.24398249955567,6872.410234448162,0.0007233776930508986,52.97285508238294,2.4772500905209776,63.59759407282566,180.03470173368183
15 Jul 2026 18:34:00.000000000,-2471.1517721188557,-3934.9969770993366,-5070.26559707992,7.096868823204255,-1.4535308190398888,-2.330836813646822,0.0030164782161362595,0.004811091476484316,0.00621678110364932,-47.75438517587259,26.223638312732668,510.9221105949506,6871.8019751649335,0.000812048309447437,52.97092669578175,2.471936547839706,67.65652711067551,179.7829644102568
15 Jul 2026 18:35:00.000000000,-2040.217866837654,-4013.490049936212,-5198.829968767356,7.262359386580975,-1.1619618464064196,-1.9530860139339878,0.002489112692556304,0.004905907876674531,0.006372903818693855,-49.35168231258192,31.171192349302636,511.5170147941481,6871.270399159064,0.0008899275647919345,52.969238526026416,2.4663231213166346,71.84779981701772,179.39890791323623
15 Jul 2026 18:36:00.000000000,-1600.3104126387552,-4074.330864625758,-5304.4645836736945,7.395881361012427,-0.8653353157109946,-1.5667900463399018,0.0019510653842522367,0.0049792627832031585,0.00650105684636795,-50.70033504171859,36.437491234425956,512.019502391437,6870.824822422291,0.0009558604368767538,52.96782015681364,2.4604523124224005,76.12820479958769,178.9257334844216
15 Jul 2026 18:37:00.000000000,-1153.365388891642,-4117.254785074836,-5386.707403349221,7.4968623051664425,-0.5649480058624488,-1.1736431235636557,0.0014046626176149244,0.00503086326342058,0.00660071671175174,-51.77366444399273,41.99431288542507,512.4218594301528,6870.473048584197,0.0010088799070795094,52.96669641625183,2.454371150070156,80.47184161831049,178.38933390259362
15 Jul 2026 18:38:00.000000000,-701.3489155945364,-4142.075456135377,-5445.198914897188,7.564870223930754,-0.26211162761132395,-0.7753673843068513,0.0008522586644999471,0.0050605060345632995,0.006671478098638915,-52.54773560854647,47.79220356323254,512.7179766138121,6870.221234571646,0.0010482185729565803,52.965886940954086,2.4481303623422193,84.86249000921642,177.80592055744438
15 Jul 2026 18:39:00.000000000,-246.24878144066435,-4148.685538143387,-5479.683593295569,7.599614997771586,0.041852557238375276,-0.3737057870346227,0.0002962273893117484,0.005068077500021139,0.006713054381021339,-53.00359006147831,53.760840373953656,512.9034483811848,6870.073784835832,0.0010733189038226517,52.96540583144177,2.4417834834501733,89.28968076181667,177.18595289587748
15 Jul 2026 18:40:00.000000000,209.934098959862,-4137.057118634112,-5490.010936565006,7.600949316110684,0.3456191146784489,0.02958502228157129,-0.0002610459360147963,0.005053553649059797,0.006725277960087451,-53.12933192611542,59.81323664046134,512.9756437200078,6870.033275840915,0.0010838409333599477,52.965261404860755,2.435385911629704,93.74652878856602,176.5363056963625
15 Jul 2026 18:41:00.000000000,665.1942691004906,-4107.241801568945,-5476.136072556627,7.568869123352178,0.6478638078855207,0.4327418577585927,-0.0008171726988082077,0.0050169998442669015,0.006708100442009907,-52.921584435642416,65.85363979989314,512.933747715123,6870.100412015183,0.0010796667985878067,52.96545604931303,2.4289939344472704,98.22846733482643,175.86153521504974
15 Jul 2026 18:42:00.000000000,1117.5303269152375,-4059.3704748343907,-5438.1199367358895,7.503513582996081,0.9472689508740083,0.8340021476823534,-0.0013697689516461399,0.004958570508420282,0.0066615926754569855,-52.38592462483037,71.78757591709508,512.7787732509885,6870.274013859188,0.0010609018267150098,52.96598618232867,2.422663738652158,102.73246789190296,175.16465963498203
15 Jul 2026 18:43:00.000000000,1564.9535045623152,-3993.6527571305837,-5376.129020816743,7.405164561721388,1.242528740459075,1.231611086875007,-0.0019164634173301166,0.0048785087123814136,0.006585944654379407,-51.536171172682856,77.53157264142862,512.5135427134284,6870.55103839204,0.0010278720379474412,52.9668423141869,2.416450421874945,107.25652968149247,174.4476699425258
15 Jul 2026 18:44:00.000000000,2005.4962028533928,-3910.3761257303954,-5290.434692585838,7.27424563173271,1.532354560422632,1.6238287791319064,-0.0024549055524183644,0.0047771456566853025,0.0064814652796458035,-50.39272829027597,83.02023513167401,512.1426399608695,6870.926631602229,0.0009811180454542912,52.96800921496485,2.410407023527917,111.79931560028866,173.71189433524356
15 Jul 2026 18:45:00.000000000,2437.2204513008924,-3809.9047269826597,-5181.41208776264,7.111320586233081,1.815480250919439,2.008937360580012,-0.002982773723237229,0.004654900025403131,0.006348581953927139,-48.98041892388776,88.20946214789767,511.6723332595512,6871.394212058026,0.0009213854217522975,52.969466182382206,2.404583591818937,116.35985276064174,172.95829801834472
15 Jul 2026 18:46:00.000000000,2858.2262643575536,-3692.677871889679,-5049.538575331294,6.917091459847572,2.090667334750007,2.385248093072511,-0.003497783540587278,0.004512277185666133,0.006187839976846627,-47.326283479209216,93.07597629019524,511.1104702995688,6871.945584331281,0.0008496116756134688,52.97118740575306,2.399026303287898,120.93722457111876,172.18779143916953
15 Jul 2026 18:47:00.000000000,3266.659863846118,-3559.2082196505694,-4895.391798497342,6.692396043393357,2.356710190165141,2.7511084142676663,-0.003997696388450811,0.004349868196965147,0.005999901694435996,-45.45770200985309,97.61429308547045,510.46634682707986,6872.571080402351,0.0007669100504954468,52.973142419677195,2.3937766502517737,125.5301555827749,171.40164572763106
15 Jul 2026 18:48:00.000000000,3660.7217368494744,-3410.079652763567,-4719.647294326495,6.438204880777644,2.6124411574681448,3.1049089279167377,-0.004480328163164183,0.004168348583598379,0.005785545341535711,-43.401014354238484,101.83250798837689,509.7505508400935,6873.259726749191,0.0006745504177430604,52.97529663953675,2.388870710414117,130.13629770741235,170.60220673025134
15 Jul 2026 18:49:00.000000000,4038.674497661492,-3245.9448480908354,-4523.075696180712,6.155617735067003,2.8567355640395298,3.4450903143994425,-0.0049435582300086205,0.003968476828841166,0.005545663522256549,-41.18065271167713,105.7480167877967,508.9747846967939,6873.999434387129,0.000573937599761096,52.97761196943435,2.384338511473001,134.75074888956846,169.79437655146666
15 Jul 2026 18:50:00.000000000,4398.850521470803,-3067.522549352465,-4306.539524444079,5.845859511236004,3.0885166494058516,3.770150137525155,-0.005385338577706324,0.0037510925368814734,0.005281261255464053,-38.818705099351774,109.3838302031493,508.15166787162406,6874.777208723546,0.00046658753516688403,52.98004747194019,2.380203501839969,139.36242313448113,168.9892436946943
15 Jul 2026 18:51:00.000000000,4739.659316876755,-2875.594547652824,-4070.989572545662,5.5102756245444455,3.306760369122546,4.078649519718747,-0.005803703137610108,0.003517114216133342,0.004993453521704325,-36.33479348202736,112.76573792250883,507.2945234581585,6875.579375731027,0.00035410185879838457,52.98256008793106,2.376482136858022,143.9432510407751,168.21488265119766
15 Jul 2026 18:52:00.000000000,5059.594603664071,-2671.002378036414,-3817.460897118756,5.15032680621907,3.5105000533081108,4.369219653679269,-0.006196777212165294,0.00326753663667049,0.0046834622456693,-33.74615543554606,115.92031435545255,506.4171518515922,6876.391820630725,0.0002381421627657666,52.985105393922886,2.3731835877510488,148.40533895967582,167.55919481187965
15 Jul 2026 18:53:00.000000000,5357.2410619028515,-2454.643741581281,-3547.0684231656173,4.767583341917179,3.6988308930603315,4.640568114908296,-0.006562786940839507,0.003003427721420742,0.004352612656677016,-31.067841086781474,118.87363121717883,505.5335953385792,6877.200235022078,0.00012041171001186423,52.98763838363475,2.370309578527424,152.30657804775026,167.4642994330585
15 Jul 2026 18:54:00.000000000,5631.280718303513,-2227.468664224243,-3261.0021773449675,4.363718743346827,3.8709142257022973,4.891484936227846,-0.0069000687116071375,0.002725924936063296,0.004002328975739474,-28.31296327331796,121.65050656075488,504.6578975675831,6877.990368200952,4.554690490325753e-06,52.99011426008831,2.367854353689839,102.10185044404581,221.47532742432284
15 Jul 2026 18:55:00.000000000,5880.498935962932,-1990.4754052931441,-2960.5221649243135,3.940502859248022,4.025981588050437,5.120848402746927,-0.007207078416831939,0.002436231154598184,0.0036341293933439722,-25.492961381100322,124.27413253413411,503.80386205966397,6878.748278285152,0.00011387313262070253,52.99248922435131,2.3658047774953,345.7605265122665,341.622924017754
15 Jul 2026 18:56:00.000000000,6103.789974205235,-1744.7061306214605,-2646.9529084962014,3.499794438582994,4.16333850571338,5.32763052384277,-0.00748240043200795,0.0021356099844529117,0.0032496203102223165,-22.61785606350186,126.76595523292195,502.98481403691784,6879.460578716034,0.000226971357839733,52.99472124707904,2.364140563017987,349.7334908964135,341.4562225710061
15 Jul 2026 18:57:00.000000000,6300.162086217309,-1491.2423670441456,-2321.6776692033377,3.0435331660152496,4.282367985969775,5.510902137721261,-0.007724756199034431,0.0018253805522222453,0.0028504898365483778,-19.69648337578842,129.14571337149636,502.21336988477174,6880.114675734821,0.000335396238398818,52.99677080929565,2.3628346271450638,354.40459727724095,340.5913896187253
15 Jul 2026 18:58:00.000000000,6468.742123617758,-1231.2002570230486,-1986.132373882537,2.5737311973769867,4.382533682053284,5.669837604116531,-0.007933012280459598,0.0015069117594380403,0.002438500555205543,-16.736703980294813,131.43157113961573,501.5012185175794,6880.698992543904,0.00043771357082242514,52.99860159937974,2.36185356530499,359.2932780738034,339.5090149308486
15 Jul 2026 18:59:00.000000000,6608.779619000119,-965.7256340402566,-1641.799274175128,2.0924642305783294,4.463382697762658,5.803719041731441,-0.008106187757645114,0.0011816160342222267,0.002015481577024272,-13.745587256620864,133.64030266417737,500.8589187782369,6881.203176057387,0.0005326331858237447,53.00018115397381,2.361158237746806,4.310387891378036,338.29826778015826
15 Jul 2026 19:00:00.000000000,6719.65031985092,-695.9889412220192,-1290.2003661872727,1.601862155067626,4.524548003196124,5.911940069140932,-0.008243460848011442,0.0008509426169209791,0.0015833199322463055,-10.729572419683022,135.78750138618722,500.295716769777,6881.61828242265,0.000619019296554428,53.00148143150287,2.360704457103826,9.431679158534317,336.9834209808181
15 Jul 2026 19:01:00.000000000,6800.859150055151,-423.18001732379514,-932.8906016573569,1.1040993302305218,4.56575043508552,5.9940090110585995,-0.008344174622850274,0.0005163704303429705,0.0011439513594175149,-7.694609851203136,137.88779860840435,499.81938668978387,6881.936937850126,0.0006959075144646207,53.00247930815805,2.360443765252758,14.65209806147729,335.5695545950247
15 Jul 2026 19:02:00.000000000,6852.042578426472,-148.50277570503147,-571.4509237436745,0.6013845498001035,4.586800258607923,6.049551536047035,-0.00840784172208203,0.0001794005974678657,0.000699350569951818,-4.646286286361585,139.95508275619994,499.4360983209984,6882.153471718864,0.00076252001618073,53.00315698754781,2.3603242858805644,19.974584736806815,334.0537553525254
15 Jul 2026 19:03:00.000000000,6872.970377300984,126.83019680877992,-207.48116241819517,0.09595075519424151,4.587598271611697,6.078312696846368,-0.008434147978238653,-0.00015845132084363152,0.00025152108020841537,-1.589937584586101,142.0027156047557,499.1503138312845,6882.264019422256,0.0008182777038283509,53.00350231672527,2.3602916378232917,25.40650644988414,332.42868306228627
15 Jul 2026 19:04:00.000000000,6863.546758151526,401.6030932669036,157.40717400136649,-0.40995543448673094,4.5681364368039805,6.080158350373008,-0.008422954873907028,-0.0004956632874950336,-0.00019751528568046683,1.4692472539557275,144.04374467373927,498.96471596339114,6882.266592971446,0.0008628089746398101,53.003509002935914,2.3602898931369833,30.958398286593564,330.6838294954525
15 Jul 2026 19:05:00.000000000,6823.810875350192,674.6023635064756,521.5981734681634,-0.9140843044463015,4.528498032485736,6.05507594094934,-0.008374300789247585,-0.000830714862946841,-0.000645729108524682,4.526127272502309,146.0911127432776,498.88016906469204,6882.161117974274,0.0008959549030282744,53.00317672716935,2.360262563075291,36.64357058688353,328.8059105184369
15 Jul 2026 19:06:00.000000000,6753.936693554681,944.6221855983891,883.4788224875073,-1.414193664511763,4.468857317747,6.003174637286519,-0.00828840101085387,-0.0011620953012319909,-0.0010910941843385476,7.575512473639421,148.15786636705047,498.89571373498217,6881.949436239046,0.0009177707274219984,53.002511152411024,2.360153594603975,42.47810811654811,326.77886648715537
15 Jul 2026 19:07:00.000000000,6654.232218637857,1210.4699027009674,1241.446297220614,-1.9080594332335057,4.389478713499011,5.9246848209603025,-0.008165646496045682,-0.0014883115764295417,-0.0015315983104013371,10.61206502800272,150.25736555135404,499.0085951759602,6881.635273904173,0.0009285235963631514,53.001523826341305,2.3599083598922053,48.48108065091556,324.5836512362516
15 Jul 2026 19:08:00.000000000,6525.138096535957,1470.9713964412804,1593.9152046480137,-2.39348611174125,4.290715506163593,5.819956931390775,-0.00800660141809853,-0.0018078962502530622,-0.001965253926813966,13.630195301861836,152.4034964981443,499.2143246283329,6881.224175649296,0.0009286865739853055,53.00023198009294,2.3594746213159747,54.67488645364572,322.1978881875826
15 Jul 2026 19:09:00.000000000,6367.225588774924,1724.9763685088683,1939.324735535315,-2.868317075272355,4.1730080861093946,5.689459679453503,-0.007811999533606306,-0.002119415095107916,-0.0023901084974419,16.62394913918464,154.6108884123643,499.50677260166435,6880.7234061879235,0.0009189289306448857,52.99865822651397,2.35880345490787,61.085684741792996,319.5954374940855
15 Jul 2026 19:10:00.000000000,6181.1939376649825,1971.3635030192188,2276.1456918645977,-3.330444613566055,4.036881737870303,5.533777648611902,-0.007582739437465711,-0.0024214743936289062,-0.002804254521304303,19.586882718552186,156.8951336494548,499.8782919573454,6880.1418208605555,0.0009001027400035956,52.99683016316409,2.3578501158807077,67.7438777265372,316.7459136365848
15 Jul 2026 19:11:00.000000000,5967.867138151781,2209.0454833678345,2602.887352703225,-3.777819655825277,3.8829440036630682,5.35360830868154,-0.007319878792774691,-0.0027127278453561985,-0.003205839077301481,22.511921228052746,159.2730075649252,500.3198683135004,6879.489707726375,0.0008732257533037422,52.99477988696541,2.356574830899346,74.6845872996246,313.61420841001046
15 Jul 2026 19:12:00.000000000,5728.190137012511,2436.9738387019797,2918.1041441455263,-4.208461121518816,3.7118816456261188,5.149758472848697,-0.007024627630893133,-0.002991883019317443,-0.0035930728152754523,25.39119767493687,161.76267975756565,500.8212947174426,6878.778604079931,0.0008394604027713348,52.99254342900197,2.354943502988903,81.94803595393539,310.16010971658653
15 Jul 2026 19:13:00.000000000,5463.224483427916,2654.14359676715,3220.402080927108,-4.620464844742068,3.524457235426311,4.9231402332322425,-0.006698340842729718,-0.0032577073072512113,-0.003964238326171618,28.21586856400576,164.38390115565494,501.3713670885859,6878.021090784067,0.0008000885712676073,52.99016011938872,2.3529283165522243,89.5796820872072,306.33816602222225
15 Jul 2026 19:14:00.000000000,5174.14345789673,2859.597721681025,3508.4449495411277,-5.012012026957856,3.321505402359399,4.674766413983603,-0.0063425099769168995,-0.0035090333405727522,-0.0043176978354402306,30.97590425586995,167.1581404928413,501.95809658060836,6877.230568204506,0.0007564814285179664,52.987671893384686,2.350508231645887,97.6298728607284,302.09803330886155
15 Jul 2026 19:15:00.000000000,4862.226708958521,3052.431317117829,3780.960205098526,-5.381377180447571,3.1039287727513516,4.405745583604807,-0.0059587544766074646,-0.003744763851419126,-0.0046519001857875985,33.65985405138092,170.10862785380817,502.5689347516845,6876.421017846583,0.0007100631724023563,52.98512255098347,2.347669358711536,106.15266814824945,297.3856509911957
15 Jul 2026 19:16:00.000000000,4528.8544292351335,3231.7955773816097,4036.744556731483,-5.726935532471885,2.8726936343525753,4.117276669783628,-0.005548812480576683,-0.003963875969036471,-0.004965387090317182,36.25459018766208,173.2602408880585,503.191007266687,6875.6067540272625,0.0006622669981902103,52.98255698305612,2.344405206973656,115.20338620825349,292.14569616738737
15 Jul 2026 19:17:00.000000000,4175.501103883997,3396.901470883165,4274.669218960839,-6.047169867717752,2.6288253595062296,3.8106432206144634,-0.005114531313322845,-0.0041654249568175905,-0.005256798655713098,38.74504201204902,176.63914050071068,503.8113517841708,6874.802170063245,0.0006144812933667797,52.9800203777335,2.340716802011139,124.83440648676795,286.325780798422
15 Jul 2026 19:18:00.000000000,3803.7288656949195,3547.0231425461925,4493.684809080559,-6.340676793845721,2.373403620226398,3.4872073556345238,-0.004657857779803032,-0.0043485474058623345,-0.0055248781899273494,41.113942905471326,-179.72797088422928,504.4171556981815,6874.021483517014,0.0005679844798639127,52.977557421084576,2.336612670284584,135.08899904186342,279.88262232574556
15 Jul 2026 19:19:00.000000000,3415.180491775069,3681.5010236273524,4692.82587319338,-6.60617242163252,2.107557427000274,3.148403448743565,-0.004180828372895698,-0.004512463914531108,-0.0057684763271605355,43.34162929491329,-175.81512720385987,504.9959895046783,6873.278485021543,0.0005238690691691867,52.97521150626515,2.332108690817396,145.9936657450221,272.7897025717818
15 Jul 2026 19:20:00.000000000,3011.5720771008287,3799.7446392880306,4871.215026010736,-6.842497457123498,1.8324600212464262,2.795731582905051,-0.003685559480072364,-0.004656481285494168,-0.005986554507170816,45.405953738424344,-171.59908536136177,505.5360317344721,6872.586295101104,0.0004829605104922467,52.97302396517894,2.3272278165208298,157.5508389867442,265.0445691947387
15 Jul 2026 19:21:00.000000000,2594.685420214817,3901.235105989596,5028.066691856081,-7.048621708213206,1.5493236490150846,2.4307508137027063,-0.0031742376692047557,-0.0047799942866367405,-0.006178187865991158,47.282400584121014,-167.06215933616414,506.02628163098433,6871.957133228379,0.00044574465010526046,52.9710333363071,2.3219996700554226,169.735537047981,256.67218053384704
15 Jul 2026 19:22:00.000000000,2166.360156071592,3985.5273123589523,5162.690436456654,-7.223648012039175,1.2593942408590988,2.0550722755025435,-0.0026491101077024243,-0.0048824870203806915,-0.006342567594355534,48.944516174255746,-162.19591522236385,506.45675604032596,6871.402103109927,0.0004123268910398023,52.96927468173267,2.3164600212804665,182.50067677264386,247.71959320659494
15 Jul 2026 19:23:00.000000000,1728.4856705493696,4052.25177858622,5274.493881038993,-7.366815592429599,0.9639460199551232,1.6703521603465878,-0.002112475152259739,-0.004963533947663094,-0.006479002823368591,50.364771495858434,-157.0054784119911,506.8186673140733,6870.93099788108,0.00038245077785095373,52.967778965523664,2.3106501555316394,195.7946049166645,238.23843107836345
15 Jul 2026 19:24:00.000000000,1282.9928305274166,4101.116190651678,5362.985191949425,-7.477502858364049,0.664276057685744,1.2782845959673133,-0.001566673130872797,-0.005022800617861078,-0.006586922104599921,51.515941449525585,-151.51379637327756,507.10457939229605,6870.552128525797,0.00035559746438359666,52.966572504554065,2.3046161438654003,209.59032544495508,228.25565832812373
15 Jul 2026 19:25:00.000000000,831.8455627292263,4131.906606749751,5427.775140501217,-7.555229655019196,0.36169879311792613,0.8805944456508721,-0.0010140773160420126,-0.0050600441458801895,-0.0066658745396826515,52.372989267125604,-145.764738544097,507.3085396272199,6870.27217842124,0.0003311703441520653,52.96567650156134,2.2984080282118393,223.92048067873205,217.7385987019883
15 Jul 2026 19:26:00.000000000,377.03231379504757,4144.488334184523,5468.578729014603,-7.599658978548613,0.057540530267616095,0.4790300492450826,-0.0004570850747459618,-0.005075113476589604,-0.006715530613875573,52.915283683510225,-139.82363940966374,507.42618431975706,6870.0960864519275,0.00030875063440815274,52.965106668778084,2.292078935841188,238.90790360969174,206.56438363204413
15 Jul 2026 19:27:00.000000000,-79.44257646696096,4138.80647577243,5485.216380063406,-7.610598164382778,-0.24686607504291402,0.07535592176582538,0.00010189083378951077,-0.005067949471497683,-0.0067356827817438274,53.12879020169003,-133.77413405625117,507.4548163661164,6870.02696065016,0.00028839993453748717,52.964872948865,2.285684138911444,254.7773867430064,194.50818385068933
15 Jul 2026 19:28:00.000000000,-535.5675574959891,4114.886145448231,5477.614686872797,-7.587999556766959,-0.5501875287919994,-0.32865457656115155,0.0006604308541201244,-0.005038584836075803,-0.0067262458318956666,53.00775551626768,-127.71108540324212,507.3934538452285,6870.066023803979,0.00027097619800676764,52.96497933814059,2.2792800757616876,271.823177354318,181.27571460923582
15 Jul 2026 19:29:00.000000000,-989.3325750177603,4072.8323533167472,5445.806723544872,-7.531960664533385,-0.8510950038618432,-0.7312265864277384,0.0012161171713926783,-0.004987143908259038,-0.006687257060675539,52.55544405269419,-121.73080497967514,507.24284881692273,6870.212591941803,0.00025837880747697707,52.9654238152773,2.272923351370667,290.2854096790866,166.626803973652
15 Jul 2026 19:30:00.000000000,-1438.7377720697982,4012.8295609151664,5389.9319145051795,-7.442723805104118,-1.1482698283554025,-1.130591100429321,0.0017665422423132175,-0.004913842309180523,-0.006618876259118084,51.78371629139445,-115.92090827306339,507.0054760426674,6870.464086057567,0.0002534981471930293,52.9661983767544,2.2666697347296902,310.09567056654697,150.6298276578634
15 Jul 2026 19:31:00.000000000,-1881.8021533338099,3935.140907939965,5310.235463209708,-7.320675235549058,-1.4404089487474203,-1.524992307629273,0.0023093173716024753,-0.004818986448562753,-0.006521385505787581,50.71157058605849,-110.352308309775,506.6854917843009,6870.816076890511,0.00025952671765493065,52.967289178450955,2.260573170990967,330.6017197470481,133.93698923788108
15 Jul 2026 19:32:00.000000000,-2316.572181934727,3840.107112210807,5207.067340831411,-7.1663437664795016,-1.7262303588189314,-1.9126949196940968,0.0028420813833366365,-0.004702972872147802,-0.006395188751199527,49.363042858760906,-105.074928689214,506.2886632790012,6871.262362026171,0.00027865952460982775,52.96867678086683,2.2546848259480807,350.6357447721808,117.71606567957481
15 Jul 2026 19:33:00.000000000,-2741.130277527192,3728.1450452188496,5080.880836392755,-6.980398851850751,-2.004478484077583,-2.2919914650653426,0.0033625094279256655,-0.004566287423454486,-0.006240811158928578,47.76495346304564,-100.11730396798976,505.8222699300496,6871.7950740460765,0.0003111066868127929,52.97033649361054,2.249052179835992,9.080373116139,103.08439568415363
15 Jul 2026 19:34:00.000000000,-3153.603183994909,3599.7459862717637,4932.2306706756035,-6.763648145598271,-2.273929509598483,-2.6612095353779144,0.0038683219535573903,-0.004409504185340459,-0.006058898158817217,45.94490492336165,-95.48911059556207,505.2949776897776,6872.404817930503,0.0003552882791873439,52.97223881301983,2.2437181865947093,25.384213276502923,90.59333900602704
15 Jul 2026 19:35:00.000000000,-3552.1701744665925,3455.4735590415657,4761.770677269638,-6.517034514645118,-2.5333966370014736,-3.0187189654535787,0.004357293860654347,-0.004233284165648289,-0.005850214165457893,43.92975524682196,-91.18523660014938,504.71668854081315,6873.0808354185165,0.0004087585523463561,52.974349945118846,2.238720513503098,39.56200646692908,80.22812514380404
15 Jul 2026 19:36:00.000000000,-3935.0710607609785,3295.96135522373,4570.251055308409,-6.241632497289944,-2.7817352538075166,-3.3629389249107895,0.004827263835452263,-0.004038373677463041,-0.005615640895790349,41.74461722089024,-87.19016247247261,504.0983674001006,6873.811193559901,0.0004689479577388668,52.97663240459665,2.2340908747221704,51.91318734787083,71.68929295280559
15 Jul 2026 19:37:00.000000000,-4300.613973534472,3121.910251169352,4358.515199948713,-5.938644196642531,-3.0178479955733972,-3.692344895614087,0.005276143847039279,-0.0038256023720185167,-0.005356175228952833,39.4123192229947,-83.48186631935287,503.4518491718125,6874.582994261614,0.0005334670507841382,52.97904567913506,2.229854470549883,62.79530241299652,64.61927255498888
15 Jul 2026 19:38:00.000000000,-4647.182879073131,2934.0854245129,4127.496118204075,-5.609394600275297,-3.2406896785952393,-4.005475505622982,0.005701928770332584,-0.003595880876761426,-0.005072926543250399,36.95321399200526,-80.03490429574202,502.78962905301887,6875.382601245909,0.0006001517883318246,52.98154694725682,2.226029542343329,72.52433432734185,58.702061247083506
15 Jul 2026 19:39:00.000000000,-4973.2447979743765,2733.3130793248533,3878.2124397320945,-5.2553263202010925,-3.4492720781124957,-4.3009391863524105,0.006102706075909665,-0.0033501979934028752,-0.004767113467091007,34.38521916372268,-76.82262209515089,502.1246395425301,6876.195880504673,0.0006670266736412132,52.984091836912995,2.2226270509345776,81.35103559603809,53.68689002359776
15 Jul 2026 19:40:00.000000000,-5277.356690843602,2520.476889846219,3611.7640342393643,-4.877993751128409,-3.6426685245672896,-4.577420616287471,0.00647666551646369,-0.0030896174207532033,-0.004440059993503586,31.723993780800118,-73.8186127347313,501.4700179086693,6877.008450063365,0.0007322633887463391,52.986635211313654,2.219650484250982,89.46644558617109,49.38270668977598
15 Jul 2026 19:41:00.000000000,-5558.171976110717,2296.514174595066,3329.32724949066,-4.479056649934736,-3.820018288340417,-4.833686911524317,0.006822108716224084,-0.0028152739689542173,-0.004093190909368079,28.983181630938635,-70.99759025459154,500.83886812659057,6877.80593466467,0.0007941554466383462,52.98913196802774,2.2170957974466323,97.01441724903326,45.645649215557945
15 Jul 2026 19:42:00.000000000,-5814.446645426405,2062.4118144579666,3032.1497863851646,-4.060273145194442,-3.9805307217887353,-5.068593520988728,0.007137458556471913,-0.002528369242967092,-0.0037280265045903107,26.174676344487555,-68.33584468919537,500.2440214896138,6878.574220854207,0.0008511090922748247,52.99153783715448,2.2149514865615383,104.10344632692282,42.36721654571446
15 Jul 2026 19:43:00.000000000,-6045.0449428287375,1819.2019302905799,2721.5452301579303,-3.6234921922712,-4.123489126406837,-5.281089782538112,0.007421268246147096,-0.002230166786951473,-0.003346176544907938,23.308881607738186,-65.81141472361831,499.69780022177633,6879.299707900957,0.0009016459670231722,52.99381016439776,2.21319879428871,110.81596414972636,39.46497576128299
15 Jul 2026 19:44:00.000000000,-6248.9445750299665,1567.957337490499,2398.887259426748,-3.1706454967244975,-4.248254312642345,-5.470224095410531,0.007672229946322372,-0.0019219866876018057,-0.002949333499481663,20.394952562948777,-63.40408027081554,499.21178846168635,6879.969550021409,0.0009444131250516622,52.99590866515675,2.2118120441372255,117.21516549049822,36.87573412449427
15 Jul 2026 19:45:00.000000000,-6425.24142177179,1309.7867969532404,2065.603557482192,-2.7037389363846773,-4.354267820349487,-5.635148664734938,0.007889182824161184,-0.00160519965294778,-0.0025392650393242676,17.44101258653647,-61.095246716583,498.7966149427194,6880.571885497246,0.0009781970438927235,52.99779613627726,2.210759096952573,123.34989188517307,34.55065560440793
15 Jul 2026 19:46:00.000000000,-6573.153717264164,1045.8300837103518,1723.1694528415078,-2.2248435201548546,-4.441054769127095,-5.775123775127907,0.008071120410224697,-0.0012812205942974962,-0.0021178058374322806,14.454344477416928,-58.86776862138478,498.4617515563637,6881.096048485091,0.0010019392505969031,52.9994391128757,2.210001921601775,129.25808143189067,32.45181087108091
15 Jul 2026 19:47:00.000000000,-6692.025676247548,777.2528963365766,1373.1013185933332,-1.7360859291536266,-4.508226309850481,-5.889521552787633,0.008217197129196292,-0.0009515017510017101,-0.0016868487171972592,11.441557765545184,-56.70574318528262,498.21533175160937,6881.53275960956,0.0010147519042522097,53.000808458638026,2.2094972696175397,134.9691776226243,30.549768209776747
15 Jul 2026 19:48:00.000000000,-6781.330541181478,505.2416318574355,1016.9497623932663,-1.2396386929735166,-4.55548165154789,-5.977829178934838,0.008326733896967151,-0.000617525413480668,-0.001248335217794391,8.408735190938916,-54.594291635757735,498.0639923934505,6881.874291805107,0.001015932172789241,53.001879879192536,2.209197441767045,140.50576759848627,28.821954968790326
15 Jul 2026 19:49:00.000000000,-6840.673030438613,230.99805233679626,656.2926410552202,-0.7377100603344708,-4.582609641340755,-6.039651521886574,0.00839922267931069,-0.00028079630874603193,-0.0008042456568669074,5.361561966280321,-52.519338559080126,498.0127422830192,6882.114608321311,0.001004974587438314,53.00263434953335,2.2090511328722418,145.88461617558127,27.25162319972375
15 Jul 2026 19:50:00.000000000,-6869.791171118479,-44.266129463681004,292.72793547941575,-0.23253362904668942,-4.589489879379246,-6.074713160378337,0.008434329923715737,5.716627653340984e-05,-0.00035658878610468625,2.3054415821747236,-50.467393904232466,498.0648600367382,6882.249470320687,0.0009815808105397808,53.00305844800822,2.2090043398693306,151.11717024063447,25.827344897268645
15 Jul 2026 19:51:00.000000000,-6868.557504134931,-319.3347170122887,-72.13347688959271,0.2736421952337767,-4.576093355453073,-6.0828597768450186,0.008431898805066538,0.0003948365519133963,9.260885211094457e-05,-0.7543981347373546,-48.4253390531579,498.2218234448202,6882.276512069933,0.0009456664558870259,53.00314459105002,2.209001316968403,156.20951071580973,24.543059645825277
15 Jul 2026 19:52:00.000000000,-6836.979653506346,-592.9925205413834,-436.67511381952346,0.7785648386506246,-4.54248259911724,-6.064058906070057,0.00839195023495333,0.0007306903697984596,0.0005413137521668249,-3.8128051128761884,-46.38021634083038,498.48327179374417,6882.195282339367,0.0008973647924606645,53.00289116459723,2.2089855609798987,161.16159352090497,23.398833251932
15 Jul 2026 19:53:00.000000000,-6775.200256207081,-864.0308418783693,-799.2822053485813,1.2799882224049048,-4.488811340596503,-6.018400031729457,0.008314682615800057,0.0010632133707048628,0.000987496335210959,-6.864605779223139,-44.31902030858845,498.84700196022857,6882.007251269774,0.0008370273890914603,53.00230254998305,2.208900809372361,165.96537921672567,22.402727686056355
15 Jul 2026 19:54:00.000000000,-6683.496253444103,-1131.2529242661183,-1158.3489970106593,1.7756833742819633,-4.4153236852696,-5.946094030695424,0.008200470345499315,0.0013909090353091298,0.001429141779167481,-9.90450701011451,-42.22848854273162,499.30899838514404,6881.715782625712,0.000765222108443821,53.0013890439411,2.20869203340748,170.60094104267975,21.5746926281703
15 Jul 2026 19:55:00.000000000,-6562.277548714855,-1393.4793382043028,-1512.2860003115477,2.263448914005029,-4.322352810024356,-5.847471972313297,0.008049861092345635,0.0017123065521917745,0.0018642606665966027,-12.926993831943967,-40.09489008860676,499.8634963338662,6881.326072013504,0.0006827295621589939,53.00016667424752,2.2083064088154614,175.02842214376622,20.95460782940791
15 Jul 2026 19:56:00.000000000,-6412.08504239905,-1649.5532750013585,-1859.5271521804323,2.741121340280501,-4.2103191950619205,-5.7229832870192885,0.007863571899254697,0.0020259684166994687,0.0022908993348527452,-15.9262193426348,-37.903810168438746,500.50307716524645,6880.845052287076,0.0005905408898153397,52.998656914359316,2.207694246922965,179.17043042658332,20.619887857416405
15 Jul 2026 19:57:00.000000000,-6233.588056853383,-1898.3457206952107,-2198.536846190121,3.2065850510657197,-4.079728409661753,-5.573193325419941,0.007642484184432245,0.002330497682294014,0.002707149820323159,-18.895883218868082,-35.63993143162586,501.2187936841393,6880.2812679796725,0.0004898650021198106,52.99688630218443,2.206809869825994,182.86929039097978,20.728229885802133
15 Jul 2026 19:58:00.000000000,-6027.581169937691,-2138.7604842557953,-2527.816799783074,3.657782033468975,-3.9311684748599207,-5.398780335124399,0.007387637727039462,0.0026245447942794893,0.0031111592988119054,-21.829095087537823,-33.28681454654552,502.00032305901686,6879.644721171891,0.0003821730348482021,52.99488596980256,2.2056124142806692,185.76566664807112,21.638989823526604
15 Jul 2026 19:59:00.000000000,-5794.980478544493,-2369.7390554657236,-2845.9127235322335,4.092721165613542,-3.765306829836553,-5.20053188804211,0.007100223749932993,0.002906813948900919,0.003501138940219738,-24.7182190710494,-30.82668511123852,502.8361442622012,6878.946691722831,0.0002694041800855486,52.992691092512075,2.204066550138522,186.86065827011552,24.351087644786006
15 Jul 2026 20:00:00.000000000,-5536.81931695401,-2590.2652696062264,-3151.420760562826,4.509487079606137,-3.582886931930216,-4.979340795391085,0.006781577216218834,0.0031760689318763315,0.0038753721100354362,-27.554696133972676,-28.240240360510093,503.7137365474574,6878.199535243999,0.0001552042839154299,52.990340266987324,2.202143100855177,182.14591051354094,32.872895383536076
15 Jul 2026 20:01:00.000000000,-5254.243457677109,-2799.3697579253867,-3442.9936665927285,4.906248542148228,-3.3847245225681903,-4.73620055120689,0.006433168464146123,0.003431138402269693,0.004232221865537617,-30.32884174255052,-25.50649899003827,504.6197951260808,6877.416462572958,6.184562728911708e-05,52.987874829561456,2.19981955516844,139.72406198564434,79.10178972682287
15 Jul 2026 20:02:00.000000000,-4948.5058248213245,-2996.1341648702905,-3719.346703569134,5.281266317138524,-3.1717035929412445,-4.472200347628655,0.006056594318614782,0.0036709206056890526,0.004570137717755791,-33.02961824290864,-22.602731850534713,505.5404599436376,6876.611304804073,0.00011616136443161356,52.98533812668711,2.197080461108886,63.192553881942196,159.44034258383545
15 Jul 2026 20:03:00.000000000,-4620.96075192548,-3179.6951151086746,-3979.2632225185175,5.632900482532759,-2.944772083984884,-4.188519706636237,0.005653568803588554,0.003894387508254054,0.004887661641079335,-35.644384941312715,-19.504531569370222,506.4615532956236,6875.7982681490275,0.000230507707760261,52.982774750449884,2.1939176954533375,52.564561955539425,173.8753889723585
15 Jul 2026 20:04:00.000000000,-4273.05781764076,-3349.24791545149,-4221.599913916335,5.959617181527926,-2.7049373551421305,-3.886422773240243,0.0052259135890601535,0.004100588362195312,0.005183433337517651,-38.158635084546496,-16.186106083064796,507.3688219503059,6874.991683033381,0.00034797504065841575,52.980229752604714,2.1903306040687793,52.25679230963283,177.99023113358905
15 Jul 2026 20:05:00.000000000,-3906.3352936149763,-3504.049978824961,-4445.291706571762,6.259994795560013,-2.453261455556699,-3.5672523144221846,0.004775548289165535,0.004288652721886691,0.005456194774292672,-40.555739009435975,-12.620913561172674,508.2481794647828,6874.205751882788,0.00046266862020739093,52.977747850964604,2.1863260107412303,54.501691738138035,179.5524281515087
15 Jul 2026 20:06:00.000000000,-3522.4132394822163,-3643.423959421801,-4649.35629863847,6.532729533434929,-2.190856229825948,-3.232423466483953,0.004304480717152446,0.0044577929391396215,0.005704794027337683,-42.81672793086935,-8.782789023639406,509.08594447985695,6873.454300021896,0.0005721085954902539,52.975372642087926,2.1819180944790886,57.73405115302211,180.1271925384204
15 Jul 2026 20:07:00.000000000,-3122.9862800273463,-3766.7605900196163,-4832.898306857982,6.776640436940812,-1.9188782883592235,-2.883417271010233,0.0038147971944379813,0.004607306179996047,0.005928188481652582,-44.92017386811347,-4.647732856270761,509.86907095050054,6872.7505339991785,0.0006744383709605383,52.97314583408196,2.1771281375042055,61.445290277147905,180.22310560703963
15 Jul 2026 20:08:00.000000000,-2709.8160994078894,-3873.5212141885577,-4995.1130224760955,6.99067380837896,-1.6385238698176747,-2.5217740365145285,0.0033086529864044785,0.004736576006897721,0.0061254474430060615,-46.84224685004668,-0.19651263923345194,510.5853665025011,6872.106811471402,0.0007680553903967201,52.97110651297409,2.171984148495181,65.42268979640495,180.05288543366981
15 Jul 2026 20:09:00.000000000,-2284.7236868723776,-3963.2400076639497,-5135.289764397647,7.173907069448862,-1.3510236202358044,-2.1490865592144965,0.0027882629218134946,0.004845073574982498,0.006295754222913837,-48.5570553848304,4.5818680966429,511.22369539128505,6871.534426536497,0.0008515398695423764,52.9692904554987,2.166520367755933,69.56238093770784,179.72039744322618
15 Jul 2026 20:10:00.000000000,-1849.5813677542774,-4035.525884543627,-5252.814822044375,7.325552063780823,-1.0576373103502876,-1.7669932324408,0.002255892237004409,0.004932358499211544,0.006438407770266331,-50.03738792081271,9.686003892273396,511.77416286639635,6871.043414100771,0.0009236460782294434,52.96772950032423,2.160776663067058,73.80810992597534,179.28189015946515
15 Jul 2026 20:11:00.000000000,-1406.3046527160711,-4090.064085166389,-5347.1739820396015,7.444957817093318,-0.7596485095439885,-1.3771710701139546,0.0017138476582144937,0.004998079437398182,0.006552823909044906,-51.25595141228765,15.097764912054902,512.2282781046425,6870.642376512878,0.0009833100641025133,52.96645098871164,2.154797826866656,78.1271131137324,178.7701203225121
15 Jul 2026 20:12:00.000000000,-956.8439373542963,-4126.617443538829,-5417.954634252068,7.531612769476354,-0.4583592318006808,-0.9813286657361842,0.0011644687251614627,0.005041974442758211,0.006638536253461415,-52.18712501742824,20.778817584584772,512.5790932586793,6870.338335300631,0.0010296612930892444,52.96547728437277,2.1486327871437707,82.4992899495515,178.2051802024466
15 Jul 2026 20:13:00.000000000,-503.1760834518154,-4145.02733301391,-5464.8474539035005,7.585146493740348,-0.15508456631939554,-0.5811991046507821,0.0006101193365630324,0.005063871128475453,0.0066951968582827604,-52.809102302257344,26.66933405380643,512.8213165682859,6870.13661041352,0.0010620339294819836,52.96482538090779,2.1423337459267695,86.91184720814796,177.59985368013585
15 Jul 2026 20:14:00.000000000,-47.29591220625922,-4145.214289616544,-5487.647657425523,7.605330912266561,0.14885269707620463,-0.17853284388284654,5.3179483862868094e-05,0.005063686677144221,0.006722576649969463,-53.10611117578695,32.69015027481169,512.9513978936774,6870.040728912895,0.0010799760090087513,52.96450660366325,2.1359552604713348,91.3564401626496,176.96247540959496
15 Jul 2026 20:15:00.000000000,408.79236062944165,-4127.178312944157,-5486.255830485931,7.592081022399852,0.45212743934876687,0.22490942858680396,-0.000503962869980407,0.005041427728436468,0.00672056568534784,-53.070254665891085,38.74886534688916,512.9675854486627,6870.05236456704,0.0010832556872218014,52.96452641120337,2.129553283252089,95.82754820348302,176.29855554935043
15 Jul 2026 20:16:00.000000000,863.0837186042885,-4090.998845047025,-5460.678327282874,7.545455137505035,0.7534175737120462,0.6273639455592341,-0.0010589198219613384,0.004997190160481521,0.0066891732613232405,-52.702508457365745,44.74904922370069,512.8699529345603,6870.171309308618,0.0010718641499857583,52.964884299843504,2.123184177637296,100.32149927698774,175.61175568400654
15 Jul 2026 20:17:00.000000000,1313.580938448752,-4036.8344280616325,-5411.027240702829,7.465654647367882,1.0514093910190487,1.027071014853036,-0.0016093115288339942,0.004931158770625163,0.0066285278861499385,-52.012595199435516,50.60045873060527,512.6603967002546,6870.3954770012215,0.0010460149840307625,52.96557381289585,2.116903726448068,104.83584962663349,174.90450944552762
15 Jul 2026 20:18:00.000000000,1758.3031551897873,-3964.9220417384477,-5337.5199434334645,7.353023298047715,1.3448028831446677,1.4222821679626327,-0.00215277423612807,0.004843606858442596,0.006538877119055574,-51.01777187250725,56.22771698738083,512.3426029792179,6870.720939447255,0.0010061399379494216,52.96658265445018,2.1107661507758193,109.36895922541063,174.17844743860007
15 Jul 2026 20:19:00.000000000,2195.2943696100756,-3875.576122372264,-5240.478200605032,7.208045987734796,1.6323170379395573,1.8112672945755843,-0.0026869683928250525,0.00473489569029285,0.006420587253406782,-49.74086505157389,61.57558300370163,511.9219856790597,6871.141994055295,0.0009528811014888508,52.96789290568838,2.104823156269338,113.91966497272962,173.43472438972614
15 Jul 2026 20:20:00.000000000,2622.6318688342935,-3769.187265064139,-5120.326855076149,7.031347071895201,1.9126950982046715,2.192321753050195,-0.003209586903526959,0.0046054738275519164,0.006274142822009418,-48.20803245724288,66.61028689174664,511.40559562301877,6871.651262078297,0.0008870796109959492,52.96948133994165,2.0991230235603737,118.48697609917448,172.67432406980825
15 Jul 2026 20:21:00.000000000,3038.4345303419536,-3646.2206117437668,-4977.592087126376,6.823688168208682,2.1847097754729132,2.5637734448564897,-0.0037183635592005406,0.00445587628435977,0.006100145880907486,-46.44668461598719,71.31764820033486,510.8020025631433,6872.239815838585,0.0008097610592914316,52.971319830978274,2.0937097587918307,123.06970654824107,171.8984272145879
15 Jul 2026 20:22:00.000000000,3440.8709790670096,-3507.213927996366,-4812.899251111606,6.585965449724236,2.4471684072203543,2.923989838201134,-0.004211081672195684,0.004286723472743981,0.0058993150166683755,-44.483837503168395,75.69930846483248,510.1211517011877,6872.8973328802185,0.0007221178526499223,52.97337584738028,2.0886223191212507,127.66590074246066,171.1089860295445
15 Jul 2026 20:23:00.000000000,3828.1675664458467,-3352.7753725157872,-4626.9702926484715,6.319206413488814,2.6989180435471267,3.271384922659908,-0.004685582929717392,0.00409871989441666,0.005672484023462676,-42.34498652210045,79.7683738122886,509.3741968605562,6873.612274535867,0.0006254888200602103,52.975613024364314,2.083893926798642,132.27173299737674,170.30982500979258
15 Jul 2026 20:24:00.000000000,4198.6161396406615,-3183.580963875394,-4420.620751035406,6.024566111623674,2.938850446647674,3.6044260730303845,-0.005139776459613168,0.003892652528656292,0.005420600182130602,-40.05346123520801,83.54536847230598,508.57331284745663,6874.372085975953,0.0005213364492786174,52.977991803047026,2.079551483829998,136.87901862889944,169.50913002554927
15 Jul 2026 20:25:00.000000000,4550.581568182708,-3000.371750471767,-4194.75635314578,5.703322832859463,3.1659069833023112,3.921640796439558,-0.005571648080298376,0.0036693888647601537,0.005144722071287835,-37.630156013975224,87.05494857600509,507.7314899161027,6875.163414423536,0.0004112222385290259,52.98047012597317,2.0756150975601555,141.4685359503438,168.7261264715884
15 Jul 2026 20:26:00.000000000,4882.5089948057475,-2803.9506907032346,-3950.36920663256,5.356873224498534,3.379083387803322,4.22162333290329,-0.00597926969618303,0.0034298745357060315,0.004846016850833758,-35.09351938107263,90.32348525367168,506.8623136028937,6875.972341881353,0.0002967810133837273,52.98300417673619,2.0720977255034456,145.9874958463976,168.01360979085186
15 Jul 2026 20:27:00.000000000,5192.930776627529,-2595.1792519174433,-3688.53360224414,4.986726848053217,3.57743436987406,4.503041075572991,-0.006360808769756784,0.0031751305038854732,0.004525756949280517,-32.45970085235465,93.37743322120069,505.9797335107824,6876.7846284309635,0.000179697328835926,52.98554915074317,2.0690049457191155,150.2382904415223,167.56919685202388
15 Jul 2026 20:28:00.000000000,5480.4730825845645,-2374.9737382559565,-3410.4014371839135,4.594500166132514,3.7600780396581004,4.764640773407906,-0.00671453779161676,0.002906249763036066,0.004185316103574964,-29.742779873710777,96.24232428838269,505.0978248973679,6877.585961938279,6.172780243785976e-05,52.988060043622056,2.066334856805909,152.4950584535843,169.11876058876626
15 Jul 2026 20:29:00.000000000,5743.862113039384,-2144.3013592588272,-3117.1972737853375,4.181909963505477,3.9262001197863197,5.005254476010932,-0.007038843653375471,0.0026243935267363638,0.003826164707725377,-26.955026368089754,98.9422177138262,504.23054713844135,6878.362209838184,5.5915342401539016e-05,52.9904924434503,2.0640781093644502,345.5523150102498,339.8678001225091
15 Jul 2026 20:30:00.000000000,5981.929907845083,-1904.1760529383262,-2810.2130502671394,3.7507662115071763,4.075057913003799,5.223805178060843,-0.007332236806897982,0.0023307868804423263,0.0034498644343810454,-24.107162190689284,101.4994637063784,503.3915032932513,6879.099668583276,0.0001707916653814733,52.99280331290432,2.0622180684458438,347.55947322900545,341.66691906836616
15 Jul 2026 20:31:00.000000000,6193.6197099098,-1655.6540789532748,-2490.802462944939,3.302964391908786,4.20598399295893,5.419312119294059,-0.007593360095586154,0.0020267138915994877,0.003058062117069205,-21.208606790706547,103.9346699010631,502.5937050780474,6879.785306329436,0.0002818217423589919,52.99495174759223,2.0607311042178504,351.9574379154533,341.075231670853
15 Jul 2026 20:32:00.000000000,6377.990852505697,-1399.8293994606233,-2160.375041933784,2.8404773038162934,4.318389585610898,5.590895695465047,-0.007820997128067775,0.0017135121802350664,0.0026524828905648353,-18.26769950506874,106.26679218437307,501.8493475529106,6880.40699449992,0.0003874545921606504,52.9968996972354,2.059587005840387,356.73278892389123,340.10617922773844
15 Jul 2026 20:33:00.000000000,6534.22314021615,-1137.8288671585826,-1820.3899450389385,2.3653463848864376,4.411767609339104,5.737781936208684,-0.008014080061239333,0.0013925669666326613,0.0022349226056067053,-15.291896459582045,108.51329674081458,501.1695977360999,6880.953724021921,0.00048632449972628206,52.99861263699989,2.0587495113810577,1.6759644962281506,338.96934648920353
15 Jul 2026 20:34:00.000000000,6661.620695529214,-870.8072419153716,-1472.3494971298421,1.879672585898842,4.485695343269639,5.859306507291969,-0.008171696672489603,0.0010653046289415345,0.0018072395563521327,-12.287943196237057,110.69035913519346,500.56440117605615,6881.415802263248,0.0005772131695755066,53.000060177137904,2.0581769445340328,6.7357182705295156,337.7160043450663
15 Jul 2026 20:35:00.000000000,6759.6152456619275,-599.94205913647,-1117.7925047538233,1.3856068452310182,4.539836695570317,5.954918197382228,-0.008293096592092795,0.0007331858124172135,0.001371345570313119,-9.262025773126082,112.81307957497327,500.04231023246615,6881.785027013313,0.0006590652425247616,53.00121660016743,2.057822947052461,11.897692269746022,336.3605364944268
15 Jul 2026 20:36:00.000000000,6827.768827204204,-326.4283746399697,-758.2873780257001,0.8853402168296042,4.57394404646023,6.024181853130026,-0.008377696585321632,0.00039769814740955124,0.0009291965317727528,-6.219903813847295,114.8957025200711,499.61033744625365,6882.054834244726,0.0007310045445268671,53.00206131607577,2.0576372940777294,17.160553827900493,334.9043021460187
15 Jul 2026 20:37:00.000000000,6865.775889579602,-51.473412216491816,-395.425093854998,0.3810937115936544,4.587859644381563,6.066780731003224,-0.008425084792096159,6.0348643557135987e-05,0.0004827824242926185,-3.1670292196452565,116.95183472851457,499.27383691960307,6882.220416855558,0.000792347827982251,53.002579227460174,2.0575667780984097,22.529165103692574,333.34246610548604
15 Jul 2026 20:38:00.000000000,6873.464782077577,223.70885878447314,-30.812036289245953,-0.12489208252681581,4.581516538093859,6.082518239801001,-0.008435023833097098,-0.000277344164320149,3.411698852570567e-05,-0.10865425142259609,118.99465959818468,499.03641609024805,6882.278812117861,0.0008426153101917687,53.002760998091375,2.057556146042818,28.01223311612282,331.6663483217228
15 Jul 2026 20:39:00.000000000,6850.798613255522,497.90318759754575,333.93724886780257,-0.6303675321211527,4.554939032262733,6.071319053980724,-0.008407452729915974,-0.0006138582340094096,-0.0004147728944671512,2.9500674087865315,121.03714797685258,498.8998796817018,6882.228956135684,0.0008815377224274991,53.00260322007464,2.0575490730418,33.6214768487932,329.8642563526673
15 Jul 2026 20:40:00.000000000,6797.875475774224,769.8985190790389,697.2073470245789,-1.133084568989424,4.508242659297644,6.033229584684184,-0.008342487598130664,-0.0009476761093376177,-0.0008618579792614317,6.003983109726918,123.09226692858111,498.8642069581029,6882.071704232445,0.0009090597171859694,53.00210847656282,2.05748915572329,39.37141784074426,327.9216943400808
15 Jul 2026 20:41:00.000000000,6714.928034133293,1038.4934545293609,1057.389276641812,-1.630807305628294,4.441633665597601,5.968417802460697,-0.00824042109255175,-0.0012772929976374915,-0.0013051174705734285,9.047843749672932,125.17318854566085,498.92756272739285,6881.809816831741,0.0009253395583264964,53.00128529881006,2.05732090756136,45.27947684341524,325.8212659212278
15 Jul 2026 20:42:00.000000000,6602.322477234846,1302.5016672362299,1412.8877610819522,-2.1213225810224454,4.355408015837384,5.877172412955665,-0.008101720620347705,-0.0016012247407119044,-0.0017425497549972975,12.07620291402896,127.29350091502779,499.0863418374005,6881.447911049378,0.0009307450748314173,53.000148018217835,2.0569907387110242,51.36624853422237,323.54239909445374
15 Jul 2026 20:43:00.000000000,6460.556842138317,1560.7572440556376,1762.1284318957821,-2.602450363427812,4.249949924313258,5.759901394055903,-0.007927025350240301,-0.0019180155912332916,-0.0021721829315029134,15.08330911967827,129.46742278962847,499.33524621790144,6880.992378867339,0.0009258458976437988,52.998716515877845,2.056447903007487,57.65589374450439,321.06095358832545
15 Jul 2026 20:44:00.000000000,6290.258719692182,1812.119925043458,2103.5649256814927,-3.0720539394048094,4.1257299275108625,5.617129909953079,-0.007717142068429602,-0.0022262457108327784,-0.002592085026684525,18.06298754597854,131.71002225137738,499.66739285573453,6880.4512733932925,0.0009114020136704851,52.997015873931396,2.0556453953825202,64.1766091251321,318.34875081817836
15 Jul 2026 20:45:00.000000000,6092.182356863243,2055.480214140754,2435.6858377615736,-3.528049822220871,3.983302516818184,5.449497624111407,-0.007473039964596749,-0.0025245383162140604,-0.003000373792742278,21.00850752507348,134.03743740864292,500.07445046897374,6879.834165311184,0.000888348649212625,52.99507593480632,2.054540783789142,70.96113002564248,315.37307066094075
15 Jul 2026 20:46:00.000000000,5867.205174450952,2289.7643351855418,2757.0214974148253,-3.9684173177734605,3.8233033545480968,5.257755439020951,-0.007195844431226897,-0.0028115664058708124,-0.0033952259941059182,23.912432041900765,136.46709349185548,500.54680208609767,6879.151972184242,0.0008577774177197125,52.992930776031415,2.053096960855667,78.04719841078584,312.0961832306547
15 Jul 2026 20:47:00.000000000,5616.323722418733,2513.9390090217116,3066.150531209544,-4.391207692178809,3.6464461000553263,5.042761695739357,-0.006886829989293313,-0.003086059013839997,-0.0037748861058572837,26.766445703747788,139.01790491364684,501.07373025051106,6878.41676377084,0.0008209135082764887,52.99061810983421,2.051282801902408,85.47788152036524,308.47502995441744
15 Jul 2026 20:48:00.000000000,5340.649098232398,2727.01602917721,3361.706183089486,-4.7945528919570854,3.4535188756389905,4.805477870436193,-0.006547412458512214,-0.003346806949182265,-0.004137674362810485,29.561158326844733,141.71044199724665,501.64362117003213,6877.641546944938,0.0007790884219443865,52.98817861807408,2.0490737175683886,93.30155386790463,304.46124135816535
15 Jul 2026 20:49:00.000000000,5041.4018563318305,2928.0566154389617,3642.3823621888155,-5.176673775065615,3.245380404054584,4.546963808372316,-0.006179140491955936,-0.0035926679897706265,-0.004481994111332986,32.285882849433364,144.56702893975452,502.24418382206676,6876.840034169629,0.000733707360927367,52.98565523422441,2.0464520911935717,101.57125328410828,300.0017808604798
15 Jul 2026 20:50:00.000000000,4719.906439159269,3116.175526598856,3906.939391840524,-5.535887818635835,3.022955850802896,4.268372537920367,-0.005783686610265216,-0.0038225715180923484,-0.004806338440507416,34.92838932722819,147.6117208336767,502.86267981138184,6876.026399747984,0.0006862098586551516,52.98309238507273,2.0434075930634052,110.34300357784021,295.0406220048973
15 Jul 2026 20:51:00.000000000,4377.585161990136,3290.544915670153,4154.209435844143,-5.870616276936853,2.7872324048887576,3.9709447083365093,-0.005362837857858557,-0.004035522595298928,-0.005109296081374762,37.47464218330462,150.87008220890195,503.486159658122,6875.215028266637,0.0006380217369951953,52.980535205541685,2.0399373658786017,119.6726105692846,289.52195237840454
15 Jul 2026 20:52:00.000000000,4015.951785194546,3450.3979128853207,4383.101580690687,-6.179390770523849,2.5392546315166675,3.6560026950679405,-0.004918486200319197,-0.004230605482140367,-0.005389556579478553,39.90853684261491,154.3686579310161,504.10170116641024,6874.420259753693,0.0005904963572004258,52.978028740527385,2.036046078008136,129.61050146082096,283.3953342519029
15 Jul 2026 20:53:00.000000000,3636.60470849525,3595.031923778554,4592.6065550565645,-6.460859294532763,2.2801196292388926,3.324944415484412,-0.004452618780336136,-0.004406986631773196,-0.005645914768074232,42.211665702221865,158.1339931895865,504.69664558186616,6873.656136092849,0.0005448441490582243,52.97561714790126,2.0317458435059357,140.19459709372828,276.6228323948087
15 Jul 2026 20:54:00.000000000,3241.2198223184478,3723.811631564112,4781.801070420419,-6.713791640430104,2.0109720224987493,2.9792368961469324,-0.003967308125642689,-0.004563917181878021,-0.005877274573619572,44.36316305105179,162.1910334308395,505.258827382494,6872.936153174554,0.00050205271219981,52.97334291681749,2.0270560101824295,151.44222721145093,269.18709894238526
15 Jul 2026 20:55:00.000000000,2831.5430515136172,3836.1716948195813,4949.851769062556,-6.9370842310276055,1.7329988184195826,2.620409630225942,-0.003464702395639004,-0.00470073498630688,-0.006082652202806571,46.33970355914481,166.5607396364921,505.7767937518976,6872.273023125034,0.0004628064200826249,52.9712461152126,2.022002819408367,163.3437644558098,261.0977395876518
15 Jul 2026 20:56:00.000000000,2409.3826265811895,3931.61913314409,5096.018767953818,-7.129764373103804,1.4474241541981274,2.25004776058668,-0.0029470157335562074,-0.004816866231339958,-0.006261178767788087,48.115755278675664,171.2568263853088,506.24001004703666,6871.6784507414695,0.0004274239025739073,52.96936367987836,2.0166189435852897,175.86237227109262,252.3915659202465
15 Jul 2026 20:57:00.000000000,1976.6011171710297,4009.7353949631693,5219.658789082404,-7.290993935422674,1.1555039587095264,1.8697851205695828,-0.0024165187696201826,-0.0049118266806043665,-0.006412102406070892,49.66420541383017,176.28171712049937,506.63904788429426,6871.162927982246,0.0003958401557401864,52.967728761745335,2.0109429094295366,188.94457967804922,243.12202094655677
15 Jul 2026 20:58:00.000000000,1535.1072620645155,4070.178102982082,5320.227868590692,-7.4200724622598795,0.8585205490689981,1.4812971607900016,-0.0018755293074044902,-0.004985222600266346,-0.006534789962320428,50.95746691282491,-178.37785281519177,506.96575281843764,6870.73555002289,0.0003676604453792616,52.96637013804131,2.005018417243495,202.5437904285646,233.33567027578317
15 Jul 2026 20:59:00.000000000,1086.847629185631,4112.682473949575,5397.283638691958,-7.516439733742236,0.557777180053871,1.0862937865512807,-0.0013264032020387836,-0.005036751409144976,-0.0066287282912114755,51.9691124136935,-172.75470063903958,507.2133889693266,6870.403855996894,0.0003423009919509189,52.96531170180769,1.9988935682191467,216.65355085321164,223.03893465440922
15 Jul 2026 21:00:00.000000000,633.7981384919985,4137.062410384881,5450.487177707364,-7.579677784414501,0.25459256162844235,0.6865121269140239,-0.0007715254231190851,-0.005066202093764281,-0.006693525235156093,52.67595308145399,-166.90323268347424,507.37675835450176,6870.173697105768,0.0003192112064422913,52.96457203788436,1.9926200134437957,231.34200484330677,212.16363540136533
15 Jul 2026 21:01:00.000000000,177.95547988840104,4143.211262762731,5479.604424728561,-7.609512390576172,-0.049704642580721076,0.28370925323216073,-0.00021330128190915785,-0.00507345543008556,-0.006728910333560062,53.060298339510425,-160.89829331494545,507.4522931042943,6870.049134309871,0.000298156081888725,52.964164092937956,1.9862520397285952,246.77510297377754,200.54378573109616
15 Jul 2026 21:02:00.000000000,-278.6715422026381,4131.102261355477,5484.50715638257,-7.605814035196044,-0.35378132490939795,-0.12034513765902072,0.0003458522141275729,-0.005058484034936963,-0.006734735296205891,53.111963934211815,-154.83005008387855,507.43811916590147,6870.032367309637,0.00027952940805147866,52.96409494543458,1.9798456084804072,263.2099747379753,187.92221898568562
15 Jul 2026 21:03:00.000000000,-734.0707066183778,4100.788617543982,5465.173524022998,-7.568598356832034,-0.6563054420030001,-0.5238760626313037,0.0009035149227528755,-0.005021352269482316,-0.006710974272624972,52.82954213843059,-148.79537367542628,507.33409053947844,6870.123696002412,0.00026464581845356966,52.964365679676895,1.9734573646806768,280.9242327382149,174.0212849255842
15 Jul 2026 21:04:00.000000000,-1186.235084708403,4052.4032949343805,5421.688150376839,-7.498026086087814,-0.9559515132791457,-0.9251106020148581,0.001457272095643057,-0.004962216006360407,-0.006657723935388295,52.22058373346196,-142.8875512319728,507.1417935300905,6870.321515060715,0.0002558713161162012,52.96497136616989,1.9671436336236576,300.032570380611,158.72625252186035
15 Jul 2026 21:05:00.000000000,-1633.1717304388771,3986.1584511228066,5354.241785357938,-7.394402470034003,-1.2514061012580857,-1.3222852487371046,0.0020047229266980738,-0.004881322254763369,-0.006575203372142703,51.30063907654712,-137.18690044566995,506.8645209420787,6870.622341729184,0.00025629847446460825,52.96590114868208,1.9609594232138263,320.2035955996829,142.36847671700295
15 Jul 2026 21:06:00.000000000,-2072.910320605286,3902.344551448128,5263.130521413253,-7.258176181878482,-1.541373265148094,-1.7136532453159714,0.0025434891712057222,-0.004779008637617481,-0.006463753780872763,50.09142904428355,-131.75445264002116,506.50721658617493,6871.02087638836,0.00026873202892188056,52.96713843646332,1.954957449608551,340.5136868694358,125.8715428896353
15 Jul 2026 21:07:00.000000000,-2503.5117141633314,3801.3291566122466,5148.754569473745,-7.089937710256094,-1.8245799781321406,-2.0974918960617406,0.0030712238819614593,-0.004655702698837304,-0.0063238379410635,48.618611435867464,-126.62961099649114,506.0763909116193,6871.510094889003,0.00029443570735748303,52.96866119820427,1.949187203509522,359.7729850126884,110.42527550374189
15 Jul 2026 21:08:00.000000000,-2923.076399262994,3683.5553866599507,5011.616597380393,-6.890417220036874,-2.099781497307671,-2.4721098399472243,0.003585620296461071,-0.004511921008154949,-0.006156039418887682,46.90960906872172,-121.83133355260752,505.5800090152622,6872.081371128227,0.0003326970440083996,52.97044235250405,1.9436940737299093,17.130283576721446,96.88084816698748
15 Jul 2026 21:09:00.000000000,-3329.7527960003636,3549.5400645331183,4852.319633597431,-6.660481874741919,-2.3657666732375984,-2.8358542670299953,0.004084420901921088,-0.0043482680327889996,-0.005961061466510894,44.99182155618309,-117.36158354677231,505.0273527132792,6872.724627826322,0.0003814626990607942,52.972450247892326,1.9385185436004844,32.33759131696122,85.48622154940271
15 Jul 2026 21:10:00.000000000,-3721.745382313535,3399.871543245508,4671.564540117483,-6.4011326096389825,-2.6213631837416638,-3.187118058238857,0.004565426684091353,-0.00416543472870643,-0.0057397255526793495,42.89135580406897,-113.20967842409547,504.42885878599543,6873.428512976499,0.00043821789738531793,52.974649223853795,1.9336954745055537,45.57268604285734,76.06358990233052
15 Jul 2026 21:11:00.000000000,-4097.32260963784,3235.2072217698665,4470.147059833939,-6.113500344654166,-2.8654426738294836,-3.524346824695562,0.005026506551268971,-0.003964196807629666,-0.0054929694657524595,40.632261270465136,-109.35650922036812,503.79593591729616,6874.180598987692,0.0005004971035502307,52.977000242859766,1.9292534892627793,57.17133409595625,68.27716190109389
15 Jul 2026 21:12:00.000000000,-4454.8245744904125,3056.2707558293737,4248.954445124978,-5.798841627192336,-3.0969257810327733,-3.8460458191681655,0.005465606909364829,-0.0037454126356035434,-0.005221844929076182,38.236174425797955,-105.7780673980059,503.1407632409344,6874.9676011301235,0.0005660396321439549,52.97946158215034,1.9252144663029176,67.46941871911581,61.79103254849331
15 Jul 2026 21:13:00.000000000,-4792.670411431551,2863.8489711788347,4008.9616762326295,-5.458533697251846,-3.3147870224995257,-4.1507866883057645,0.005880761336868661,-0.0035100207131341927,-0.004927514659973609,35.722253314404384,-102.44809709396361,502.47607376996706,6875.775611532735,0.0006327865283897353,52.981989572947896,1.9215931535416377,76.74717825962972,56.32494519165261
15 Jul 2026 21:14:00.000000000,-5109.365372576507,2658.788488419479,3751.22727998861,-5.094068970496665,-3.5180595176650096,-4.437214030749426,0.006270100298173574,-0.0032590366989256204,-0.004611248819086211,33.107294263841005,-99.33992197743567,501.81492631308663,6876.590344677585,0.0006988410799775551,52.98453937394689,1.918396908825836,85.22265173418155,51.66084612135375
15 Jul 2026 21:15:00.000000000,-5403.507558659453,2441.9920700544735,3476.8887616613442,-4.707048939394189,-3.7058395179520898,-4.704051722898394,0.006631860813863213,-0.00299354994143488,-0.00427442079902373,30.40594778891137,-96.42759835701817,501.1704697638581,6877.397390097557,0.0007624369646175805,52.98706576532094,1.9156255714531376,93.06126678592474,47.6332967213371
15 Jul 2026 21:16:00.000000000,-5673.794266826923,2214.4147022563457,3187.1576650886964,-4.2991774979401916,-3.877290713062775,-4.950108971356502,0.006964395983281085,-0.0027147194873149757,-0.003918502306827001,27.630976815067726,-93.68656695184335,500.55570387536216,6878.182467816213,0.0008219224810041359,52.98952394913429,1.9132714670076922,100.38792179128502,44.11739140883097
15 Jul 2026 21:17:00.000000000,-5919.027920846169,1977.0594257020703,2883.314278806759,-3.8722537017923684,-4.031648282054742,-5.174286049012599,0.007266184257754911,-0.0024237695547231863,-0.0035450577200936352,24.793521829152557,-91.09395624329997,499.98324079344945,6878.931681977958,0.0008757583525546231,52.991870341942544,1.9113195453078033,107.29732826135398,41.01841522122332
15 Jul 2026 21:18:00.000000000,-6138.121550349208,1730.9729317535464,2566.7020085122517,-3.4281639825886057,-4.1682226567035565,-5.375579670493841,0.00753583833557387,-0.00212198446116011,-0.0031557376977816055,21.903353127852835,-88.62865718121225,499.4650717067036,6879.631768108618,0.00092252472106951,52.99406334552029,1.909747648969543,113.86188667288745,38.26396791478289
15 Jul 2026 21:19:00.000000000,-6330.103787082391,1477.2409422277767,2238.7214388789153,-2.968873842683616,-4.286402964663873,-5.5530879624527865,0.0077721135549950774,-0.0018107030148936977,-0.0027522720526984047,18.969100657966568,-86.27125598111797,499.0123429726511,6880.270329523481,0.000960933572475263,52.99606408205625,1.9085269077107343,120.13741550352096,35.798234802650555
15 Jul 2026 21:20:00.000000000,-6494.123347950742,1216.983392929559,1900.8241104037352,-2.4964190642182746,-4.38566012075091,-5.706014984911887,0.007973915658784848,-0.0014913123903550313,-0.0023364619077759574,15.998458317954327,-84.00388430402647,498.6351459897633,6880.836058563137,0.000989843823133954,52.997837080804096,1.9076222513078387,126.16723858485541,33.57789922127788
15 Jul 2026 21:21:00.000000000,-6629.452976925385,951.3494429787673,1554.5060395320168,-2.012896474107931,-4.465549536271637,-5.8336747617194575,0.0081403078002224,-0.0011652415199649984,-0.0019101711740087703,12.99836326192222,-81.81002539153768,498.3423249006308,6881.318938587482,0.0010082771082260355,52.999350904054104,1.9069930320047144,131.98506828374235,31.5692591187463
15 Jul 2026 21:22:00.000000000,-6735.492820611729,681.5123337023286,1201.3010127428904,-1.520454313945725,-4.525713418740841,-5.9354947810697425,0.008270516671070866,-0.0008339540496388187,-0.0014753174080289028,9.975152692089216,-79.67429999757928,498.1413059309818,6881.710422990951,0.0010154328961416669,53.00057870138431,1.9065937452682058,137.6170054543874,29.746226826903545
15 Jul 2026 21:23:00.000000000,-6811.773215436582,408.66412243149085,842.773687495118,-1.0212822707033884,-4.5658826374823045,-6.011018930971841,0.008363937648142588,-0.0004989409174594537,-0.0010338621243340168,6.934701533449689,-77.5822459121489,498.037951794764,6882.003587913235,0.001010701957886097,53.001498682436115,1.906374836040889,143.08286855818963,28.08899962573182
15 Jul 2026 21:24:00.000000000,-6857.956867960959,134.01031790336347,480.51253488272175,-0.517601230240978,-4.585878134473848,-6.059909839434767,0.008420138853575168,-0.00016171262375204226,-0.0005878006485429847,3.8825447101229438,-75.52009824106567,498.0364441328379,6882.193255802205,0.0009936775094590061,53.002094499918215,1.9062835761263996,148.39697074137172,26.583282315908644
15 Jul 2026 21:25:00.000000000,-6873.840413708922,-141.2355549203599,116.12266048975845,-0.011652820808731541,-4.585611864253443,-6.081950594851839,0.008438864063986463,0.000176208727090922,-0.00013915161588140903,0.8239877733403813,-73.47457335594456,498.1391964113999,6882.276087528558,0.0009641635659692329,53.00235553614479,1.90626499709726,153.56837389317835,25.220032783272465
15 Jul 2026 21:26:00.000000000,-6859.355344062728,-415.8574319933183,-248.7814588061986,0.49431118228199145,-4.565087251648386,-6.077045828477661,0.008420034402725889,0.0005132975285320475,0.00031005377544706677,-2.2357904608882726,-71.4326567993125,498.34679909875524,6882.250641346173,0.0009221802371962174,53.0022770881328,1.9062628622093292,158.60053966290513,23.995810583936876
15 Jul 2026 21:27:00.000000000,-6814.568295128729,-688.6422001305871,-612.5832834557433,0.9980395169119023,-4.524399161377932,-6.045222147813182,0.008363748785233417,0.000848032826489463,0.0007577826360814249,-5.291639719889821,-69.38139390055578,498.6579982812261,6882.117397622198,0.0008679658930218034,53.001860448084685,1.906220660081879,163.49012412474843,22.91398186829911
15 Jul 2026 21:28:00.000000000,-6739.680696955496,-958.3851704210103,-973.6715262143523,1.4972920841056594,-4.463733379072586,-5.986627916964325,0.008270283111048231,0.0011789064347866348,0.0012020112607045211,-8.338341064043693,-67.30768110288302,499.0697081887854,6881.878748914507,0.0008019763933473021,53.00111287793922,1.9060826025580042,168.22432443626627,21.98737230558423
15 Jul 2026 21:29:00.000000000,-6635.027785994991,-1223.8955059089408,-1330.4474343968336,1.9898505125803512,-4.383365608787239,-5.901532387407101,0.008140088209421343,0.0015044309193962989,0.0016407358838037172,-11.370507215241625,-65.19805585016793,499.5770573980385,6881.538955635645,0.0007248820446736758,53.00004747854631,1.9057946091074616,172.7754244466197,21.243721060263418
15 Jul 2026 21:30:00.000000000,-6501.076988155262,-1484.0015748216595,-1681.332000751349,2.473528564344311,-4.283659997502682,-5.790324189871418,0.007973786581244173,0.0018231473629943323,0.002071983196296393,-14.382476938375872,-63.038483299543216,500.17346778450207,6881.10406819657,0.0006375639901729386,52.99868295588159,1.9053052604584744,177.08925770394907,20.737217378335973
15 Jul 2026 21:31:00.000000000,-6338.425684117553,-1737.556201397877,-2024.7730651499214,2.946182310748069,-4.16506720226072,-5.653509205039062,0.007772168000307902,0.002133632828048041,0.002493820511459317,-17.36819989726246,-60.81413920359878,500.8507646273232,6880.581817155222,0.0005411145962602741,52.99704328853096,1.904566704604058,181.0587603684444,20.574947284082484
15 Jul 2026 21:32:00.000000000,-6147.7983726949005,-1983.4417874733308,-2359.2522705460074,3.405720012641717,-4.02812202030876,-5.491707837242573,0.007536184045767848,0.002434507442014994,0.002904365475079668,-20.32110830091627,-58.50919027891359,501.59931564645655,6879.98147349097,0.00043685589597199337,52.995157302407435,1.9035354993074154,184.45508413968804,20.985780285543356
15 Jul 2026 21:33:00.000000000,-5930.043251833735,-2220.5752793168854,-2683.2918382640178,3.8501116436659473,-3.873440606826189,-5.305651721178919,0.0072669416746460195,0.0027244410420022348,0.003301795231495836,-23.23397161062732,-56.10657664984933,502.40819619105906,6879.313681672873,0.00032643017139215145,52.99305816029112,1.9021733762638073,186.71018859545262,22.537776697839536
15 Jul 2026 21:34:00.000000000,-5686.128240321937,-2447.9129558171485,-2995.461129636253,4.277398002077776,-3.701717308335669,-5.096179896655628,0.0069656959415000325,0.0030021593251221457,0.003684354968884514,-26.098730721461475,-53.587806144749095,503.2653773115922,6878.590268675946,0.0002122557811468323,52.99078277526782,1.900447913616036,185.9844848781503,27.070543653929175
15 Jul 2026 21:35:00.000000000,-5417.136466338659,-2664.455015875822,-3294.38296321697,4.685699363602568,-3.513721142714434,-4.8642344904522785,0.006633841987214683,0.0032664494632014436,0.004050365783068079,-28.906308580102113,-50.932778197538866,504.15793304793664,6877.82403251689,0.00010132510574662325,52.988371158470294,1.8983331049879641,172.18029546800702,44.681775068810445
15 Jul 2026 21:36:00.000000000,-5124.261251603643,-2869.249944800449,-3578.7396592327464,5.073223635433589,-3.3102919587237665,-4.6108559474194655,0.0062729064338083165,0.003516165158139303,0.00439823182175425,-31.64639550602579,-48.119667007177874,505.0722629576866,6877.028514221862,6.859724232857043e-05,52.985865712663845,1.89580981519709,86.69514532311787,133.9739602813071
15 Jul 2026 21:37:00.000000000,-4808.800622046197,-3061.398641493736,-3847.278785517587,5.438273979381361,-3.0923363091721034,-4.337177854894461,0.005884538310087054,0.0037502311221237154,0.004726446682202552,-34.30721009171301,-45.12491073600974,505.9943256957957,6876.217757397725,0.0001710755714861877,52.98331048415351,1.8928661146653418,54.96826855735712,169.50787720598544
15 Jul 2026 21:38:00.000000000,-4472.151377600216,-3240.058290308818,-4098.818581847903,5.7792558800679075,-2.8608230721927246,-4.044421405391368,0.005470499641579628,0.003967646984351439,0.00503359905815748,-36.87524127454338,-41.92337701535651,506.90987933867683,6875.4060597541575,0.00028836758769522504,52.98075038620486,1.8894974868320646,51.608793782199406,176.67440687170802
15 Jul 2026 21:39:00.000000000,-4115.802754957997,-3404.445963488854,-4332.253042291255,6.094683641703028,-2.61677885471534,-3.733889542341875,0.0050326558305944045,0.004167490638874885,0.005318377649439323,-39.33498509078196,-38.488804968269484,507.80472411947056,6874.607721016292,0.00040484758694441035,52.97823040765131,1.8857069049782038,52.95730803371575,179.13296942721212
15 Jul 2026 21:40:00.000000000,-3741.3297178842704,-3553.8419421309786,-4546.556637843157,6.383186304154265,-2.3612832110662936,-3.4069608324920013,0.004572965935988993,0.0043489210553558965,0.005579575357967199,-41.66870203130778,-34.79465765808409,508.66494329908,6873.836791675865,0.0005171790253321743,52.975794820604264,1.8815047772531288,55.81929380406642,180.07808709511025
15 Jul 2026 21:41:00.000000000,-3350.385910064715,-3687.592745531667,-4740.788664187051,6.643512975488419,-2.0954637078666014,-3.0650831065133017,0.004093472957076435,0.004511180589072203,0.005816092813642276,-43.85623893084999,-30.81554776431176,509.4771380333606,6873.106826960121,0.0006232960533757591,52.973486401179564,1.8769087609629915,59.34601869112153,180.35849456036505
15 Jul 2026 21:42:00.000000000,-2944.6963054574508,-3805.1138605752453,-4914.097201837554,6.874537583769945,-1.8204908640889494,-2.709766906580414,0.0035962942069148835,0.004653596833216862,0.0060269412833787615,-45.87498293277786,-26.529404596029565,510.2286522993651,6872.430650252883,0.000721490075293987,52.97134567691047,1.8719434494791143,63.21990979951046,180.29176465871845
15 Jul 2026 21:43:00.000000000,-2526.0495908066837,-3905.892164476556,-5065.722678161903,7.075263055486086,-1.5375729924249002,-2.3425787762747197,0.003083611838130464,0.004775584056936977,0.006211245018229019,-47.70004136853817,-21.92049932020271,510.9077842037289,6871.820129990854,0.0008102540737147634,52.9694102140346,1.8666399373622327,67.29643767390016,180.02242458211555
15 Jul 2026 21:44:00.000000000,-2096.290314432924,-3989.4880356638196,-5195.0010227909415,7.244824931434311,-1.247950965144662,-1.9651344243760518,0.0025576635754147115,0.004876644286757832,0.006368243112902653,-49.30476193922051,-16.983292067346785,511.5039803030988,6871.28597378384,0.0008882545063265408,52.967713957131146,1.861035271402585,71.50099233509994,179.62508002740864
15 Jul 2026 21:45:00.000000000,-1657.3108346749934,-4055.53714888709,-5301.366409718394,7.38249443321776,-0.9528929245259151,-1.5790917900700943,0.002020733677750181,0.004956368077291622,0.006497290937848978,-50.6617061136965,-11.726769044881998,512.0080099107973,6870.83754317974,0.0009543339823715771,52.966286632657756,1.85517179726332,75.79157282627071,179.1417258772137
15 Jul 2026 21:46:00.000000000,-1211.043100533164,-4103.751951745951,-5384.3535809197865,7.4876809946213525,-0.6536889548552351,-1.1861440330562378,0.0014751441420458205,0.005014435024080173,0.006597861213890475,-51.74414229864439,-6.178509042777682,512.4121167358053,6870.4826921198355,0.0010075220478677907,52.96515322680899,1.8490964132580536,80.14303400628533,178.59749967116664
15 Jul 2026 21:47:00.000000000,-759.4502961874907,-4133.922820760759,-5443.599747620573,7.559934272149474,-0.3516457300904757,-0.7880124681465985,0.0009232461394383518,0.0050506140661363335,0.006669544793252889,-52.528014564502044,-0.3872799005727058,512.7101455931809,6870.227631715112,0.001047047123972334,52.9643335468121,1.842859744380028,84.53964519840692,178.0081232541072
15 Jul 2026 21:48:00.000000000,-304.5183802603241,-4145.918895874741,-5478.846066406995,7.5989456479715285,-0.0480811486770747,-0.3864394604336716,0.0003674116575984968,0.005064763616055025,0.006712051198800096,-52.994172414890585,5.577213644792729,512.897642331228,6870.076823526536,0.0010723469861343975,52.96384187331178,1.8365152510775615,88.97125996035327,177.38373332895938
15 Jul 2026 21:49:00.000000000,151.75245016581397,-4139.6885929004175,-5489.938688251629,7.6045492366018665,0.2556810352742074,0.016818706025136534,-0.00018997468900832057,0.005056831551374437,0.0067252089681382144,-53.13046896432942,11.628408564874478,512.9719255368087,6870.032903059554,0.0010830766326951392,52.96368670990071,1.830118288445205,93.43120414837078,176.7309937359437
15 Jul 2026 21:50:00.000000000,607.3563411669846,-4115.259793914609,-5476.829379202622,7.576722403944824,0.5583165768003204,0.41999897527281377,-0.0007465237304891776,0.005026855093050819,0.006708965839283729,-52.9332444497027,17.670681139938587,512.9321290008512,6870.0966346897385,0.0010791129760142567,52.96387063415412,1.8237251322948396,97.91504102898362,176.05433069667288
15 Jul 2026 21:51:00.000000000,1060.2903802828587,-4072.7397160391247,-5439.575712088932,7.515585804165534,0.8585060945233705,0.8213386733729904,-0.0012998497515399636,0.004974960579480246,0.006663388791704079,-52.40779698212709,23.609358920175545,512.779214350291,6870.26689873128,0.0010605560681129285,52.96439025275238,1.817391989201476,102.41980750260258,175.35669695280777
15 Jul 2026 21:52:00.000000000,1508.5631826248593,-4012.3144594040573,-5378.340829075175,7.421402936304722,1.154940408735531,1.2190826609718415,-0.001847578500048641,0.004901363145392181,0.0065886639576907425,-51.567705267001486,29.360493395795014,512.5159536775825,6870.540710846397,0.0010277267334428805,52.965236261459566,1.8111740078518885,106.94350960984771,174.6400766208765
15 Jul 2026 21:53:00.000000000,1950.2034359757988,-3934.248235454364,-5293.392775384284,7.29457921896399,1.4463258570534199,1.6114904763018105,-0.0023873552535111737,0.004806366292226473,0.006485096388738385,-50.433196526076536,34.85804594530013,512.1468824242953,6870.913273478848,0.0009811605916439628,52.966393608895615,1.805124309021735,111.48475529497298,173.90585278186674
15 Jul 2026 21:54:00.000000000,2383.268375843082,-3838.882277148065,-5185.10340501102,7.135660577938707,1.7313895807693493,1.9968434595142577,-0.0029168529977676634,0.004690361333756812,0.006353109657493812,-49.02898830054279,40.057230365007904,511.67822319961846,6871.378058483322,0.0009215985398495067,52.967841761228584,1.7992930511613212,116.0424407332558,173.15512149172898
15 Jul 2026 21:55:00.000000000,2805.85216102397,-3726.633433047291,-5053.946859836731,6.945331538610822,2.0088847736522917,2.3734518475165127,-0.003433780766150947,0.004553826691717198,0.006193245263531108,-47.38208186137124,44.93414586889759,511.11778163710477,6871.926919620854,0.0008499738384331057,52.969555063153436,1.7937265479634852,120.61541113293544,172.3890312954885
15 Jul 2026 21:56:00.000000000,3216.094119677009,-3597.9924478509856,-4900.497624266571,6.724412812437726,2.2775958830482494,2.7396618260481858,-0.003935892171883415,0.0043973270007127575,0.006006161789921985,-45.51987048109341,49.48280583116574,510.4748158117178,6872.550233103503,0.0007673960112689354,52.97150318884251,1.788466453382452,125.2019827995286,171.6092614509063
15 Jul 2026 21:57:00.000000000,3612.186835141907,-3453.5219326124425,-4725.428158413005,6.473858365214359,2.536343750741324,3.0938625226112064,-0.004420994155146994,0.004221511983203857,0.005792633759118394,-43.46874286502282,53.710942894959175,509.75988115151085,6873.237063905844,0.0006751318351606981,52.97365167498215,1.7835490283900977,129.79910046794075,170.81886485007982
15 Jul 2026 21:58:00.000000000,3992.3840400906683,-3293.854028681075,-4529.506113895554,6.194751953982612,2.7839906784221475,3.434492920411012,-0.004886955950575897,0.004027115048841,0.005553550127304687,-41.253200402511816,57.63571888601043,508.98465318041787,6873.975355123464,0.0005745837591681129,52.975962526574314,1.7790045023196972,134.40057075625558,170.0240347805865
15 Jul 2026 21:59:00.000000000,4355.008286642102,-3119.68777045338,-4313.591137701838,5.888303119863452,3.0194453996072674,3.7600486694364395,-0.005331718255442843,0.003814951563735636,0.00528991234389143,-38.89540869296482,61.28001484509872,508.1617308155115,6874.752137254913,0.00046726618479950175,52.97839488490839,1.7748565400456453,138.99272146131278,169.23844580071375
15 Jul 2026 22:00:00.000000000,4698.458359481064,-2931.7861531517347,-4078.6312710608286,5.55584262546772,3.2416679369713597,4.06908876691459,-0.005753302570283795,0.003585916746364051,0.005002831917242506,-36.41506749798704,64.66956725687909,507.30442330672497,6875.553753921144,0.00035478025194133174,52.98090574601769,1.7711218243588167,143.54148947342242,168.49616594818949
15 Jul 2026 22:01:00.000000000,5021.216398341892,-2730.9729132208936,-3825.6589521032156,5.1988173281934,3.4496743211065217,4.360242075341135,-0.006149820654628399,0.0033409831389914035,0.00469352741636337,-33.82948744709263,67.8309488087921,506.42652424221905,6876.366100223495,0.00023878875555010564,52.9834507170458,1.7678097609074697,147.9412747653338,167.90280282422506
15 Jul 2026 22:02:00.000000000,5321.854695819723,-2518.1290304449644,-3555.786633109367,4.818784484466982,3.6425411440497077,4.632213642579314,-0.006519484025935227,0.0030811976134307085,0.004363320850830577,-31.153784408306795,70.79026116288875,505.54207633856686,6877.174869682423,0.0001210021004349312,52.985984797277936,1.7649223109409582,151.66475202321996,167.98569198311012
15 Jul 2026 22:03:00.000000000,5599.042136318946,-2294.1889625569356,-3270.202025387816,4.417405484820805,3.8194099185861727,4.8837907852291575,-0.0068606134162923224,0.0028076778779223526,0.004013633381595747,-28.401128671639533,73.57236954446212,504.6651309825283,6877.9658055044165,5.455105238830255e-06,52.98846317015024,1.7624539548644196,101.44876409500733,222.00800345096158
15 Jul 2026 22:04:00.000000000,5851.550242117202,-2060.1366249076978,-2970.162987245038,3.996439025491189,3.9794912124855246,5.113848893787026,-0.007171648078253454,0.002521608456147392,0.003645980319908268,-25.5830087759494,76.20052062136322,503.8095066798793,6878.724951797969,0.00011356851425624507,52.99084199234689,1.7603917873107047,345.86288862546576,341.4001750041366
15 Jul 2026 22:05:00.000000000,6078.258793062508,-1817.0011296512755,-2656.9920730667395,3.557733728827263,4.122068525569041,5.321356916191425,-0.007451154825867766,0.0022242361245496675,0.003261965391782733,-22.709486740212757,78.69621596778757,502.9885506862962,6879.438900306995,0.00022680789976310057,52.993079166132354,1.7587157421572965,349.6314440439959,341.4379060422155
15 Jul 2026 22:06:00.000000000,6278.160987381635,-1565.85230084863,-2332.0707641708455,3.1032202320173385,4.246501876935131,5.505382475324612,-0.00769783669003566,0.0019168648055865726,0.0028632742603068527,-19.789432945611168,81.07924683015537,502.21490813721704,6880.095028257572,0.00033540557816175495,52.99513508134656,1.7573989436149613,354.2329236127126,340.64272334978773
15 Jul 2026 22:07:00.000000000,6450.3681124841405,-1307.7959838465347,-1996.8334047606152,2.6349027712500925,4.352231069854121,5.665096576000229,-0.007910541051485823,0.0016008499238691423,0.0024516673100349043,-16.830736149399815,83.36782475359054,501.50030294942655,6880.68172302259,0.00043791526425733453,52.99697331400588,1.756408177319975,359.08412565784124,339.5978506268031
15 Jul 2026 22:08:00.000000000,6594.113696509989,-1043.96916921365,-1652.7608689476724,2.15485029620412,4.4387786028179494,5.799777857975991,-0.00808826713034206,0.0012775922512920095,0.0020289717236217698,-13.840488366426278,85.57876488962715,500.8553346315481,6881.188589500566,0.0005330400152757217,52.998561269200195,1.7557044732537987,4.076009410457323,338.4123523650784
15 Jul 2026 22:09:00.000000000,6708.757113699997,-775.5349533570368,-1301.3739873532534,1.6651871574340684,4.505752197013769,5.908816353619036,-0.008230172701814526,0.0009485312757330712,0.0015970728919546002,-10.825146670359638,87.72769487451342,500.28929491058454,6881.606636379459,0.0006196376738704693,52.99987075693687,1.7552437903240548,9.177747314015253,337.1170812179962
15 Jul 2026 22:10:00.000000000,6793.786619446715,-503.6773596528095,-944.226764177558,1.1680834165513105,4.552846913061905,5.991716711997527,-0.00833557991879644,0.0006151381429575096,0.0011579052192287626,-7.790675097614834,89.82927324925008,499.81000775775925,6881.928437809831,0.0006967372829571302,53.00087849074584,1.7549777906488175,14.381447299718568,335.7199553675807
15 Jul 2026 22:11:00.000000000,6848.821794080954,-229.59604546064392,-582.8994177930444,0.6657448358409159,4.579846833171119,6.048100855323406,-0.0084039801420255,0.0002789082336853934,0.0007134424016836676,-4.742670288583081,91.89740877751825,499.42369598185115,6882.148267439581,0.0007635541831951306,53.00156650020198,1.7548546900160287,19.688597273668456,334.2195136508699
15 Jul 2026 22:12:00.000000000,6873.615378027807,45.49907829290202,-218.99127979568098,0.1604026098704843,4.586626288842762,6.0777100387408,-0.00843503767963533,-5.864655393733802e-05,0.0002656872696726704,-1.6864745955469749,93.94547679605726,499.13487706048244,6882.262202257196,0.0008195022275196378,53.00192245002309,1.7548201696006034,25.105720963071573,332.6092593047944
15 Jul 2026 22:13:00.000000000,6868.054484864059,320.39328721522526,145.88641098725574,-0.34569709344631766,4.573150618800535,6.080406290310252,-0.008428592367662663,-0.00039600573577838624,-0.00018333870223881233,1.372719677860214,95.98653172596104,498.94629030929826,6882.268194243171,0.0008642026478045675,53.00193986003302,1.7548183329570273,30.642810729687657,330.87922672825937
15 Jul 2026 22:14:00.000000000,6832.16118296703,593.8725147065021,510.1177818473114,-0.850303711154759,4.539476446812883,6.056173214533947,-0.008384660942509172,-0.0007316483011614777,-0.0006316061048664226,4.429771348647251,98.03351665741098,498.8588568597402,6882.166108426857,0.0008974893553020198,53.00161822201789,1.7547926914300185,36.312797627326454,329.0165109918588
15 Jul 2026 22:15:00.000000000,6766.092440784667,864.7288253968545,872.0896284301903,-1.3511729093667184,4.48575147437229,6.005116149718425,-0.008303437172285924,-0.001064060810305638,-0.0010770884051266554,7.479493267043895,100.0994718647659,498.8716732454922,6881.957726578387,0.0009194105614049372,53.0009630113115,1.7546871606877787,42.131485312721274,327.00533349336513
15 Jul 2026 22:16:00.000000000,6670.139435198338,1131.7658616255976,1230.198707011198,-1.8460771785886794,4.412213788648635,5.9274616766869395,-0.008185290745921878,-0.0013917454383417579,-0.0015177727364173073,10.516553630589165,102.1977444201483,498.9820387029362,6881.646716415471,0.0009302266736024453,52.999985592800755,1.754447050770356,48.117730645875326,324.8268609303938
15 Jul 2026 22:17:00.000000000,6544.7262269109915,1393.8042340233762,1582.8589780338275,-2.332816326125943,4.319190691588043,5.823556483628016,-0.008030764938695822,-0.0017132278760468753,-0.0019516705482680295,13.535372227834342,104.34220082090803,499.1855155935573,6881.23856686083,0.0009304044714307641,52.99870302290244,1.7540200321970043,54.29377787648123,322.45887070112957
15 Jul 2026 22:18:00.000000000,6390.407811187398,1649.6868277613562,1928.5087626259342,-2.8092277932533882,4.207097061327838,5.693865598993621,-0.00784057309390416,-0.0020270650007002348,-0.0023768279983509156,16.53000805066164,106.54744367064264,499.4760216738987,6880.740490530427,0.0009206075973214404,52.99713775090251,1.753357061025893,60.685697309173044,319.87531184764174
15 Jul 2026 22:19:00.000000000,6207.8675565194735,1898.2839968575768,2265.617774714656,-3.273196728033315,4.076433262089807,5.538970011139267,-0.007615593990244914,-0.0023318522381951673,-0.0027913359790446538,19.494034599019837,108.82903175963257,499.84595229285407,6880.161295252852,0.0009016833984989629,52.9953172248319,1.7524132465158997,67.32388858691361,317.0458014094402
15 Jul 2026 22:20:00.000000000,5997.914047810135,2138.498620032838,2592.6939926630994,-3.72266574908331,3.9277826232642647,5.359563699639469,-0.007356866171867832,-0.002626230544069811,-0.0031933396787845766,22.420399122103703,111.20370002140116,500.28633000229877,6879.5112270013815,0.0008746461130451058,52.993273408749076,1.7511486459551895,74.24359615713534,313.93510862921295
15 Jul 2026 22:21:00.000000000,5761.477354394163,2369.270992980436,2908.2903359990773,-4.155644341099488,3.761808512377754,5.156450108751975,-0.007065581343844617,-0.002908892942603813,-0.0035810475929765793,25.301262106455766,113.68957123802737,500.78697854150164,6878.801787149701,0.0008406562834600612,52.991042219877585,1.7495289725738397,81.4853510381162,310.50271289922244
15 Jul 2026 22:22:00.000000000,5499.604746588763,2589.583533490811,3211.0111147685157,-4.570217829327018,3.579251029958963,4.930538098198633,-0.006743076948944413,-0.003178590576195352,-0.0039527399156147345,28.127813723893183,116.30634422067686,501.3367177102953,6878.045527429893,0.000800996075705006,52.98866289547841,1.7475262038839376,89.09519447715753,306.7025798620991
15 Jul 2026 22:23:00.000000000,5213.4558874302775,2798.4652776476605,3499.518221266105,-4.964555887238812,3.380923356887702,4.682837410169828,-0.006390828040487655,-0.0034341382261853792,-0.004306776254835085,30.89006500210471,119.07543242336786,501.92357528904313,6877.255826367427,0.0007570398503163627,52.98617730059671,1.7451190796240075,97.12445058263424,302.4833885885544
15 Jul 2026 22:24:00.000000000,4904.297528794327,2994.9961471955858,3772.53703630436,-5.336920539155947,3.1677077866091956,4.414453694178533,-0.006010438584729169,-0.0036744192841430172,-0.004641602638680298,33.57661366963114,122.02001125806362,502.5350119003273,6876.446651285943,0.000710218861996625,52.983629188887306,1.742293480357034,105.62869849370134,297.78955927190026
15 Jul 2026 22:25:00.000000000,4573.497743171017,3178.3109701674325,4028.8620247371387,-5.685673627214035,2.940551475577219,4.126583133043301,-0.005603632318261038,-0.0038983901636030346,-0.004955757791930302,36.17438869196402,125.16491050723249,503.15815453956554,6875.632310209485,0.0006619784073281475,52.981063429572465,1.7390426799318701,114.66547475286755,292.5635507769751
15 Jul 2026 22:26:00.000000000,4222.519723988454,3347.603238868515,4267.361997577208,-6.009283719660266,2.7004619454912717,3.8205067138791287,-0.005172243282751006,-0.004105084153986939,-0.005247878681025661,38.668384485262706,128.53625964202976,503.7800344276521,6874.82719814029,0.0006137253116548023,52.97852521420484,1.7353674671801729,124.29018880614834,286.7499451206231
15 Jul 2026 22:27:00.000000000,3852.9151885503547,3502.128591324119,4486.98502067614,-6.306332444726968,2.4485023703382436,3.4975841875717735,-0.004718206157739458,-0.004293614734057425,-0.005516705344686278,41.04140694606965,132.16076022767422,504.38782485342773,6874.045542253914,0.0005667638748399862,52.976059257285186,1.7312761346328662,134.5499203010942,280.30165021421686
15 Jul 2026 22:28:00.000000000,3466.317418399394,3641.2080042431635,4686.76295252567,-6.575520241046023,2.1857866800256525,3.159247758869685,-0.004243546494938607,-0.004463178369112958,-0.005761085037944717,43.273870018005375,136.06442754335376,504.96907477108294,6873.301150534817,0.0005222202584319158,52.97370900491066,1.7267843343077414,145.47543630858257,273.1878827421943
15 Jul 2026 22:29:00.000000000,3064.4339722836557,3764.230687411061,4865.815596217039,-6.8156715215346875,1.9134745105826167,2.8069955470873387,-0.003750370946133736,-0.004613056825845851,-0.005979975730672442,45.34370398751899,140.27062874195312,505.51193408768773,6872.607168274669,0.000480960062562265,52.97151586550406,1.7219148030484024,157.07313496743353,265.4022246763099
15 Jul 2026 22:30:00.000000000,2649.039106930976,3870.6566711580213,5023.354452931878,-7.025739252745327,1.6327660286314944,2.4423848546010536,-0.003240857563408913,-0.0047426190487479866,-0.006172449015689851,47.22646316882932,144.79727657100506,506.005366810586,6871.975846680198,0.00044351214921629505,52.96951847629678,1.7166969621750567,169.32051257909686,256.9671563961425
15 Jul 2026 22:31:00.000000000,2221.965940580039,3960.019080139053,5158.686066488704,-7.204808955704055,1.344896655213641,2.0670252770086566,-0.0027172462259543086,-0.004851322640345825,-0.006337692480445469,48.89574437929867,149.65315940579265,506.4393485122064,6871.41832759155,0.0004100217691000897,52.96775201861544,1.7111663984937504,182.1701349201972,247.9300856449138
15 Jul 2026 22:32:00.000000000,1785.0983937595493,4031.9260880808806,5271.214950406413,-7.352102137181407,1.0511317112494707,1.6825716852077939,-0.0021818292345198898,-0.004938714994307763,-0.006475011605938107,50.32403439335714,154.8336457784764,506.8050449016575,6870.944448003222,0.0003802620256261471,52.96624759416579,1.7053642358015546,195.56620767563794,238.34677741379946
15 Jul 2026 22:33:00.000000000,1340.3629411978961,4086.0625494028714,5360.446090661704,-7.466979162127774,0.7527610040535113,1.2907171059058424,-0.001636942094574991,-0.005004434130667443,-0.006583831257681974,51.484072454767485,160.3164054619516,507.0949686585129,6870.562567714227,0.0003537275126874915,52.96503167343127,1.699336407967437,209.47364441975995,228.25228632229263
15 Jul 2026 22:34:00.000000000,889.7202080567725,4122.19130470295,5425.987018804068,-7.54894157868309,0.45109337154582796,0.8931855234079917,-0.0010849544877645852,-0.005048209273488116,-0.006663696822586977,52.35072044894079,166.05825225263402,507.30311207680836,6870.2794230216,0.0003298162800843157,52.96412562602585,1.6931328465183124,223.91350004394084,217.62552359051443
15 Jul 2026 22:35:00.000000000,435.15644296565176,4140.154158015437,5467.549451362761,-7.597633906803249,0.147451198255257,0.49172462209121515,-0.0005282614198804718,-0.005069861215073936,-0.006714275051126342,52.90317413586181,171.99449990712787,507.4250534782576,6870.1000089158915,0.0003080853704266985,52.96354534138721,1.686806597050266,238.99372452376983,206.3585037042219
15 Jul 2026 22:36:00.000000000,-21.325100197253295,4139.872524522733,5484.950492536317,-7.612844900237042,-0.1568350849209967,0.08809848609667514,3.072548482202392e-05,-0.005069302497304477,-0.006735354646892171,53.127162228901256,178.04200023934837,507.45803577866815,6870.027491750631,0.0002885523969501234,52.96330094658866,1.6804128802165594,254.92010666245383,194.24540112815953
15 Jul 2026 22:37:00.000000000,-477.71284059759427,4121.3477480722095,5478.1133980872,-7.5945082895558516,-0.46043250712067574,-0.3159197298423883,0.0005895865824663473,-0.005046537433763692,-0.006726846636773607,53.01665418482703,-175.89389630696584,507.40101602479274,6870.063153843142,0.00027200471713687425,52.96339662631978,1.6740081139395337,271.9628512177153,181.01597365432474
15 Jul 2026 22:38:00.000000000,-931.9955777674819,4084.6610884008055,5447.067899103177,-7.54270301124614,-0.7620110610390943,-0.7185551460087755,0.0011459027491053358,-0.00500166199210242,-0.006688784549619966,52.57463136085239,-169.90961492553822,507.2546851579005,6870.206370932016,0.00026023101933469393,52.96383054826315,1.6676489142398732,290.3370982531036,166.45504353555168
15 Jul 2026 22:39:00.000000000,-1382.1711973062697,4029.9733784972477,5391.950085002978,-7.457652924888155,-1.060249195254825,-1.1180385084160618,0.0016972639137619475,-0.004934863536850089,-0.00662132440578996,51.81270165688036,-164.09318294823325,507.0214577022063,6870.454622871432,0.0002559661929208193,52.96459489521541,1.6613910924108124,309.96647667383314,150.63894443694727
15 Jul 2026 22:40:00.000000000,-1826.2553442729306,3957.524353020659,5313.001845811317,-7.339726017272746,-1.3538392870066025,-1.5126135333605828,0.002241277636695077,-0.004846420429573959,-0.0065247445154592515,50.74966895979895,-158.51612516587969,506.7054315199374,6870.803537393532,0.00026224473904915707,52.96567600339436,1.655288666432031,330.23521787425165,134.18340827010323
15 Jul 2026 22:41:00.000000000,-2262.2900334244687,3867.631649209165,5210.569874406223,-7.189433089249351,-1.641493086447293,-1.9005442338445528,0.0027755777826557492,-0.004736701472452161,-0.0063994450689313495,49.40944555586527,-153.2290499875289,506.31231821755097,6871.246966221538,0.0002811970734876101,52.967054604478896,1.6493929041737947,350.0520577301072,118.17966366915272
15 Jul 2026 22:42:00.000000000,-2688.3521651160127,3760.689482280566,5085.104230185145,-7.007425918363188,-1.9219471222040154,-2.2801222144016857,0.003297833329824909,-0.004606165167360673,-0.006245947483281185,47.81879685486535,-148.26113789783795,505.84934522906144,6871.777092277469,0.0003131131715026666,52.968706167075396,1.6437514154173565,8.360111525565229,103.68456151122143
15 Jul 2026 22:43:00.000000000,-3102.5619151730975,3637.1669979868457,4937.156466457919,-6.794494888154217,-2.1939680563342745,-2.649673918620222,0.003805757345504456,-0.00445535875989783,-0.006064893465580058,46.00532681400669,-143.6226009690559,505.32513103929546,6872.384566204399,0.0003565698692536283,52.970601331530375,1.6384073088137951,24.614589179100342,91.24286010996849
15 Jul 2026 22:44:00.000000000,-3503.0909664379024,3497.6063057594847,4767.377324896441,-6.551566073546278,-2.456357974600695,-3.0075678108033306,0.0042971161457266704,-0.004284917028516137,-0.005857043740139806,43.99593474474727,-139.30872476173644,504.74953544004,6873.058669922524,0.00040925978892676634,52.97270643034335,1.6333984288204684,38.80329272824098,80.86672811550464
15 Jul 2026 22:45:00.000000000,-3888.170549072542,3342.6201967819134,4576.514001553384,-6.279697771175593,-2.7079595955015354,-3.3522214699267305,0.004769738638208909,-0.004095560773408685,-0.005623276379249269,41.81579863688407,-135.30425390551008,504.13348713049527,6873.787504467618,0.00046869867497220533,52.97498408490849,1.6287566861151166,51.196536375691764,72.28582481261981
15 Jul 2026 22:46:00.000000000,-4256.099255861565,3172.889552458973,4365.4069904619055,-5.980076464096672,-2.9476613786673904,-3.6821085702448637,0.005221525833483706,-0.00388809496137328,-0.005364584678327317,39.48782307603813,-131.58731952466064,503.4887913758944,6874.558198927207,0.0005325395018807783,52.97739386795372,1.6245074933979637,62.132526566219774,65.16192034145597
15 Jul 2026 22:47:00.000000000,-4605.250598410674,2989.1604499073323,4134.986512371437,-5.654012211739032,-3.174402510603633,-3.9957657193434493,0.00565046048579544,-0.003663406477328433,-0.005082074508409075,37.032438911908024,-128.13254746429783,502.8279208164944,6875.357136903176,0.0005986359486052447,52.9798930198811,1.62066931654475,71.91696583789094,59.18929209391148
15 Jul 2026 22:48:00.000000000,-4934.0802694170725,2792.240972578998,3886.2685381614847,-5.3029334588625305,-3.38717774287213,-4.291799120473268,0.006054616808901573,-0.0034224614395020653,-0.004776961086669006,34.467638101449076,-124.91329586054931,502.1637928668582,6876.170196595002,0.0006650179860141535,52.9824372062548,1.6172533490964498,80.79593542732941,54.12184230151135
15 Jul 2026 22:49:00.000000000,-5241.1330760426035,2582.997735661912,3620.3504185269326,-4.928381261041733,-3.5850420553645868,-4.568891022630081,0.006432170196475318,-0.0031663020406027453,-0.004450565112327839,31.809147135010676,-121.90313413411262,501.50953745200303,6876.983000324964,0.0007298570571652451,52.984981302959966,1.6142633157515809,88.95875616200661,49.770237279382684
15 Jul 2026 22:50:00.000000000,-5525.049509380279,2362.3521376158233,3338.4061338463985,-4.532002929133872,-3.7671151151402986,-4.825805918755005,0.00678140685112985,-0.002896042878947608,-0.004104308216651886,29.070669072434043,-119.0767324273801,500.87825908348094,6877.781169121043,0.0007914437910464217,52.9874801950707,1.611695408337227,96.54897863172833,45.99091733244933
15 Jul 2026 22:51:00.000000000,-5784.571915318129,2131.2763510400882,3041.6811806178366,-4.1155451010468775,-3.9325854996060343,-5.061396449985967,0.007100733222932617,-0.0026128667597537696,-0.0037397076973025283,26.26414844340842,-116.41032748972482,500.2827974744008,6878.550577843281,0.0008481802394522966,52.98988957523408,1.6095383552648885,103.67541878353578,42.67506117889964
15 Jul 2026 22:52:00.000000000,-6018.550232815818,1890.7890679677475,2731.487113432362,-3.680846255744898,-4.080714651742592,-5.274608972223835,0.007388685138665119,-0.0023180199523391972,-0.0033583705141019865,23.400031880103857,-113.8819024826713,499.735491017422,6879.277606287326,0.0008985830910833307,52.992166727397695,1.6077736232141788,110.42106504293463,39.73967878838306
15 Jul 2026 22:53:00.000000000,-6225.9472667210075,1641.951016648502,2409.195764121383,-3.229828691664131,-4.210840534670902,-5.464488740499432,0.007643936496284811,-0.0020128069025267983,-0.002961986541026323,20.48751023029034,-111.47118398641668,499.24794749520163,6879.949381732269,0.0009412938998367688,52.99427128198345,1.6063757473258238,116.84972840837167,37.12096118936459
15 Jul 2026 22:54:00.000000000,-6405.843463823654,1385.8602688350777,2076.233162388057,-2.764489999300376,-4.322380953213278,-5.630184666847538,0.007865307400668582,-0.0016985844144482994,-0.0025523210892271797,17.534736143552507,-109.15952881848426,498.8308263506445,6880.554008518303,0.0009750931732315144,52.996165929132744,1.6053127839846963,123.01085050336037,34.769472263558924
15 Jul 2026 22:55:00.000000000,-6557.441162876316,1123.6473585039894,1734.073184855582,-2.2868940654451433,-4.414836511253885,-5.770953608671526,0.00805177160809983,-0.0013767553261053282,-0.0021312067290637075,14.549016048360592,-106.92974910405032,498.4936367090824,6881.080780445573,0.0009989160320105338,52.997817077408634,1.6045468780383778,128.94292786358827,32.6467242534193
15 Jul 2026 22:56:00.000000000,-6680.068291797166,856.4702347581425,1384.2309619809043,-1.7991616541340774,-4.487793175661098,-5.886164146929691,0.008202463156176152,-0.0010487617186458365,-0.001700534460175446,11.536978169793533,-104.76590636572918,498.2445551134747,6881.520372075798,0.0010118678193522784,52.99919544632525,1.6040349343348725,134.6759194687709,30.722769977050003
15 Jul 2026 22:57:00.000000000,-6773.181488205799,585.509073341717,1028.2560746155705,-1.3034606165731288,-4.540924420273705,-5.975299816882046,0.008316682068303225,-0.0007160777121846883,-0.0012622442961603521,8.504719610187106,-102.65309310687432,498.09026660716233,6881.865005389677,0.001013238511680999,53.000276582263,1.6037293815661822,140.23289614514815,28.974553129601755
15 Jul 2026 22:58:00.000000000,-6836.3686227889675,311.9609726807324,667.7255740901643,-0.801995788868089,-4.573992926931454,-6.037961758539617,0.008393899023091832,-0.00038020191054466667,-0.000818315343152478,5.457936095885857,-100.57721211629465,498.0358323807388,6882.108588700263,0.0010025151175343855,53.00104128870246,1.6035790148343045,145.63109364877437,27.38485486668666
15 Jul 2026 22:59:00.000000000,-6869.350708702046,37.03456163562737,304.23686150717975,-0.2969986421032383,-4.586851824658881,-6.0738707592585435,0.008433758907510781,-4.264956992338618e-05,-0.0003707554692334893,2.4020381484196216,-98.52475835612601,498.0845866973676,6882.2468252349045,0.0009793914977031942,53.001475963240445,1.6035299019110258,150.88244383654916,25.941762269104007
15 Jul 2026 23:00:00.000000000,-6871.983184234599,-238.05545286680862,-60.599536615859314,0.209283246050005,-4.579445452798693,-6.082868666993822,0.008436083184300305,0.0002950554270349415,7.840932925817903e-05,-0.6577426067685985,-96.48260490865829,498.2380652355284,6882.277289367769,0.0009437752393024056,53.00157283551452,1.6035263371493087,155.99356460898068,24.638678011661348
15 Jul 2026 23:01:00.000000000,-6844.256560225979,-512.0937694421926,-425.1672581298345,0.7145968255781505,-4.5518096389983445,-6.064919159406169,0.008400871026145194,0.0006313887036368537,0.0005271457489883363,-3.7162533924982304,-94.43779241332614,498.495966354651,6882.199469098592,0.0008957914035496772,53.00133010192443,1.6035118260931893,160.96505847911516,23.475021388774767
15 Jul 2026 23:02:00.000000000,-6786.296428139477,-783.869977842097,-787.8514215747809,1.2166942395350115,-4.504071488350457,-6.020107861120639,0.008328299197351344,0.0009648335364472906,0.0009734240673139682,-6.7683229936500595,-92.37732030083691,498.85614611294505,6882.014774016148,0.000835783185058702,53.00075195487199,1.6034300833731994,165.7897370575377,22.458003414310113
15 Jul 2026 23:03:00.000000000,-6698.362829205442,-1052.1840172171437,-1147.0459299116515,1.7133434452646616,-4.436448685515181,-5.948641808767047,0.00821872068210712,0.0012938889254160812,0.0014152289738645447,-9.8086637868774,-90.28793768106911,499.3146471679091,6881.726508644132,0.0007643098526126245,52.999848506107774,1.603226026228692,170.44889893573082,21.606348520844602
15 Jul 2026 23:04:00.000000000,-6580.848989539733,-1315.8515780193281,-1501.160722742442,2.202338716884775,-4.349248317152906,-5.850848270781648,0.008072662082237982,0.0016170774956319317,0.0018505702238826708,-12.831769630279133,-88.15593186185025,499.86576098850804,6881.339811727546,0.0006821429988707019,52.9986356056456,1.6028467461467037,174.9046189803339,20.958004853270047
15 Jul 2026 23:05:00.000000000,-6434.279430550598,-1573.7094191059953,-1848.628938724548,2.6815109566798445,-4.2428652273152485,-5.727172936109988,0.007890819840667414,0.0019329531456102628,0.0022774929978554175,-15.831806086951886,-85.96691319296612,500.5021221223206,6880.861562661506,0.0005902637508328405,52.99713455954584,1.6022424414604282,179.08286031672196,20.587031885575737
15 Jul 2026 23:06:00.000000000,-6259.307468177455,-1824.6205725347927,-2187.9139509407905,3.148737746633046,-4.117779923422656,-5.578177492717237,0.007674055351545262,0.002240108361418931,0.0026940878577850855,-18.802489350888234,-83.705596402118,501.2148326129677,6880.300256882121,0.0004898684724998328,52.995371751648065,1.6013672945333548,182.83247805591157,20.644596313847256
15 Jul 2026 23:07:00.000000000,-6056.712118489698,-2067.4794097244726,-2517.5162394145755,3.6019530761035643,-3.974556054971071,-5.404536623002791,0.007423389053441162,0.002537181127190973,0.0030985002038446145,-21.73695015529462,-81.35558112897193,501.99361406722466,6879.665852610971,0.00038240858218312803,52.99337817601904,1.6001802780873642,185.80889145190093,21.475299544938714
15 Jul 2026 23:08:00.000000000,-5827.394430835516,-2301.2165441195584,-2835.980066747158,4.0391566875280445,-3.8138374910247674,-5.207034448659484,0.007139993607345478,0.002822861371698908,0.003488939147156763,-24.627578968723228,-78.89913847133744,502.82698434561746,6878.969591865068,0.00026977895778975276,52.99118888844306,1.5986458765685605,187.05464445054403,24.036616825808043
15 Jul 2026 23:09:00.000000000,-5572.373273019747,-2524.803547155971,-3141.899924934713,4.458422988746807,-3.6363450257814933,-4.9865604620807655,0.006825186280226514,0.003095896904062258,0.003863685731351347,-27.465849089560642,-76.31701676972943,503.70245540404136,6878.223799096742,0.00015545803192543395,52.98884238669532,1.596734709911184,182.7260952586514,32.172207390264994
15 Jul 2026 23:10:00.000000000,-5292.780595854802,-2737.2574561664355,-3433.9267237513936,4.8579094879315505,-3.4428727439572095,-4.744104984994418,0.006480420658804129,0.0033550988036931176,0.004221100451433198,-30.242115109692367,-73.58828957548155,504.606748458249,6877.441661210143,6.044894824457368e-05,52.9863799305762,1.5944240488360284,141.28989295667176,77.4154376045025
15 Jul 2026 23:11:00.000000000,-4989.856206843892,-2937.6450548182056,-3710.7736935972475,5.235864714857062,-3.2342840793978413,-4.480754197520742,0.006107277827169914,0.003599346244596868,0.004559630038092259,-32.94538607149861,-70.69028301416036,505.5260223802708,6876.636993001685,0.00011390023184562046,52.98384481372733,1.591698212682893,62.42677422560355,160.0855840446862
15 Jul 2026 23:12:00.000000000,-4664.94208469467,-3125.086908718539,-3971.221978344529,5.590635600179424,-3.0115076011530486,-4.197684782286362,0.0057074571369740154,0.003827590745630132,0.004877813490949134,-35.56307615337462,-67.5986398576694,506.44611106970683,6875.823992291774,0.0002284663373778108,52.98128160008049,1.5885488429400416,51.93064376998818,174.38875292781393
15 Jul 2026 23:13:00.000000000,-4319.47626783847,-3298.7611408717353,-4214.125896405481,5.920674292176802,-2.7755325612841943,-3.8961582285840373,0.00528276670255095,0.004038859855325554,0.005174287366851935,-38.08074183255391,-64.28760433645013,507.3527654691125,6875.016989149568,0.0003459789534315602,52.978735338392816,1.5849750477330955,51.73364341769238,178.392810917261
15 Jul 2026 23:14:00.000000000,-3954.986351136971,-3457.9069337168066,-4438.417850932951,6.22454439786307,-2.527404237939316,-3.5775148408964257,0.004835113735022487,0.00423226028649624,0.005447790338760406,-40.48182440244421,-60.73064409387949,508.2318959083916,6874.230193664535,0.0004606885758377308,52.97625076868872,1.580983414871935,54.04333770076714,179.89019949994193
15 Jul 2026 23:15:00.000000000,-3573.0826255474485,-3601.8277464383805,-4643.112872681044,6.500926642238812,-2.2682191058159327,-3.2431674944947355,0.004366494828162494,0.00440698053197936,0.0056971670624290415,-42.747431743105125,-56.90155864572799,509.06981055970675,6873.4774466888,0.0005701552573038831,52.973871534554036,1.5765878933072834,57.317011291874195,180.42363756079322
15 Jul 2026 23:16:00.000000000,-3175.4508957033145,-3729.8942381169845,-4827.312781556372,6.748623945532889,-1.9991198641125607,-2.8945951783873443,0.0038789862877366458,0.004562292998514378,0.005921371396450928,-44.85621409298095,-52.776244338536536,509.8534459536415,6872.77197786814,0.0006725355357681567,52.971639415106885,1.5718095452100358,61.05657094277953,180.4912195073442
15 Jul 2026 23:17:00.000000000,-2763.845010221647,-3841.546889011616,-4990.209955225292,6.966565923421151,-1.7212903495854595,-2.5333363627850907,0.003374734581169622,0.004697555703152788,0.006119469031701156,-46.78441411855686,-48.335268784976634,510.57058573912735,6872.126175101776,0.0007662311211817208,52.969593590111614,1.5666761731048022,65.05438516920826,180.30057569839067
15 Jul 2026 23:18:00.000000000,-2340.0791391251955,-3936.298313838241,-5131.09069527535,7.153812819277505,-1.4359503594953682,-2.1609822246378165,0.0028559469666368724,0.004812213582520448,0.006290639594971748,-48.50619659528739,-43.567313189273804,511.2100641536164,6871.551369328472,0.0008498226324520988,52.967769951106206,1.5612218286714095,69.20929321944529,179.9528636367607
15 Jul 2026 23:19:00.000000000,-1906.019832121732,-4013.7352623051343,-5249.338183336612,7.309558880439744,-1.1443504061838459,-1.7791697608601444,0.002324882339727374,0.004905799465648616,0.00643417829287507,-49.994375442878614,-38.47332222614744,511.76195099606105,6871.057638235059,0.0009220626670561546,52.966200470597066,1.5554862119374442,73.46659921323595,179.50277403614638
15 Jul 2026 23:20:00.000000000,-1463.5778907084532,-4073.5203033710172,-5344.435021231318,7.433135192218784,-0.8477664219324833,-1.3895748148046987,0.001783842317110196,0.004977934762129672,0.006549497164329559,-51.221635670425876,-33.0708344673253,512.2177152539012,6870.653632132367,0.0009818843070946975,52.9649126403484,1.5495139714206594,77.7944907642199,178.98211244448112
15 Jul 2026 23:21:00.000000000,-1014.7000862045466,-4115.393190722492,-5415.965350640207,7.524011983976828,-0.5474944297347677,-0.9939050375409889,0.0012351625575262061,0.005028329913616536,0.006636126005720614,-52.16227177391939,-27.397508069788607,512.5703649183422,6870.346424847557,0.0010284131732645066,52.96392898857744,1.543353917573361,82.17347367948027,178.4103648253239
15 Jul 2026 23:22:00.000000000,-561.3607550093226,-4139.171907813399,-5463.616548949747,7.581800421095092,-0.24484519286106393,-0.5938928017994568,0.0006812043036516911,0.005056784653950933,0.006693713029797554,-52.79432142673437,-21.512502141069582,512.8145609221572,6870.141392051091,0.0010609789666885697,52.963266684480764,1.5370581633315947,86.59115151535849,177.79991831211174
15 Jul 2026 23:23:00.000000000,-105.55330143045448,-4144.7533915177555,-5487.180498932565,7.60625389520486,0.05886114645091327,-0.19128808299134792,0.00012434611183913865,0.005063188112388752,0.006722025305619001,-53.101789467698254,-15.494441421961575,512.9467035458564,6870.042118974993,0.0010791248358963867,52.96293723698668,1.5306812068810205,91.03944052039289,177.15884659918908
15 Jul 2026 23:24:00.000000000,350.7183619744184,-4132.113933987331,-5486.554430654285,7.597268822702958,0.36230043063964007,0.21214868077961993,-0.00043302427350065865,0.005047518792234801,0.006720949024281308,-53.07650828963481,-9.435436785944848,512.9649900566401,6870.05033899674,0.0010826137864032627,52.9629462929794,1.524278972687529,95.51298662850476,176.4924932985049
15 Jul 2026 23:25:00.000000000,805.4484074311142,-4101.309262792755,-5461.741334679949,7.554884958684755,0.6641498459164547,0.6146537401023514,-0.0009885179552138112,0.005009844440170319,0.006690489612881005,-52.719167861210444,-3.431949035711856,512.8694427672027,6870.165904062077,0.001071431735294792,52.96329353850308,1.5179078276584939,100.00821268490712,175.80442507376415
15 Jul 2026 23:26:00.000000000,1256.6376893671033,-4052.47429979961,-5412.8499461546035,7.479285230007226,0.9630932706284115,1.014467188499905,-0.0015397528865789423,0.004950321817966758,0.006630771714408275,-52.03922689539617,2.4254348980523113,512.661907126157,6870.386787411258,0.0010457870154861667,52.963972704654225,1.5116235896275523,104.52270893043618,175.09704151871932
15 Jul 2026 23:27:00.000000000,1702.3023174228858,-3985.822599599889,-5340.094299827858,7.370795087623613,1.2578266069663304,1.4098401114565509,-0.0020843619028139003,0.004869196372997922,0.006542039030936974,-51.05373081077335,8.060764966114975,512.3460198770148,6870.709118557234,0.0010061062628970773,52.9649716780446,1.5054805455611522,109.05480968832993,174.37199882855376
15 Jul 2026 23:28:00.000000000,2140.4821761460935,-3901.645468686369,-5243.792856574459,7.229881374770441,1.5470630896418653,1.799041721687135,-0.002620000838357299,0.00476680179486701,0.0064246540151913605,-49.78536372935927,13.418121393932362,511.92714774779205,6871.127249951279,0.0009530267151251863,52.96627271389175,1.499530496655781,113.60325796030244,173.63054555044394
15 Jul 2026 23:29:00.000000000,2569.2493621503613,-3800.3107669703363,-5124.367202502444,7.057150704291338,1.8295385641040844,2.180366470802943,-0.0031443567819031413,0.004643559436787227,0.006279097383704327,-48.260211388302054,18.463068795130482,511.41229755678665,6871.633854263523,0.0008873850295236133,52.96785274800434,1.493821847079734,118.16687863193006,172.87384970640645
15 Jul 2026 23:30:00.000000000,2986.7165090259023,-3682.261393736898,-4982.340322383008,6.853347335570826,2.1040167252320416,2.552141125448898,-0.0036551565102398344,0.004499977568449977,0.006105967408555461,-46.50567255686895,23.180857366803252,510.8099990411352,6872.220050710629,0.0008102027988070305,52.96968380220271,1.4883987523108877,122.74416542929626,172.10341213996398
15 Jul 2026 23:31:00.000000000,3391.0449696477503,-3548.0134607365926,-4818.334449925641,6.619350539424406,2.3692943053167217,2.9127317932209076,-0.0041501751287939875,0.004336650421183779,0.005905978936268769,-44.54879575833374,27.572693816158296,510.13016213070415,6872.875558385893,0.0007226690076260389,52.97173347608481,1.4833003419938253,127.3326153710141,171.3217323364803
15 Jul 2026 23:32:00.000000000,3780.452824724399,-3398.154155877191,-4633.068498426046,6.356171438065864,2.6242061975854836,3.2605508802920746,-0.004627244933814897,0.004154256983373835,0.005679962078220797,-42.41513682850502,31.65138632766346,509.38391079808713,6873.588874093603,0.0006261197386281689,52.97396551653835,1.4785600309559623,131.9274347503987,170.53360267638098
15 Jul 2026 23:33:00.000000000,4153.2226857914175,-3233.339301833404,-4427.355076446648,6.064949306925876,2.867630498817216,3.5940639590777326,-0.005084264488781468,0.003953559493787324,0.005428860502459983,-40.12809983375293,35.43727911794524,508.5833960104512,6874.347471767787,0.0005220155140869155,52.97634045504026,1.4742049304794278,136.51859894672364,169.74904881844196
15 Jul 2026 23:34:00.000000000,4507.7092598394565,-3054.2906150494696,-4202.097094715991,5.746947326076865,3.0984934514816436,3.9117965200828966,-0.005519207892680221,0.003735401585647303,0.00515372926329656,-37.70865763441671,38.95493905269534,507.7415906867307,6875.138020170739,0.0004119168023088,52.97881630159593,1.4702553701757615,141.08295812700206,168.99122414631776
15 Jul 2026 23:35:00.000000000,4842.34664229739,-2861.792671795865,-3958.2839720230536,5.403547770897632,3.3157742630151246,4.212340578250678,-0.005930134197126598,0.0035007060322503696,0.004855732101710081,-35.17533470399284,42.23071180560554,506.8720699145546,6875.946615227258,0.0002974587094655726,52.98134928317614,1.4667245388926948,145.55762812562537,168.32301898844673
15 Jul 2026 23:36:00.000000000,5155.655304438709,-2656.6895894109352,-3696.9874498424842,5.036246634838614,3.5185097769328952,4.494361100147317,-0.006315196908983495,0.0032504720482300093,0.004536138153346884,-32.54435027625803,45.291067832123304,505.9887799991047,6876.759023062781,0.00018032904203316592,52.98389461372382,1.4636182509992366,149.7088974974116,167.97815361300155
15 Jul 2026 23:37:00.000000000,5446.248741012212,-2439.881432439087,-3419.3570275496118,4.646647681406075,3.705798967948276,4.756602214815559,-0.00667265349873426,0.00298577210764029,0.00419631800997978,-29.829845574358597,48.161578724542224,505.1058001897564,6877.560929584999,6.23104247086645e-05,52.986407282242325,1.460934842210689,151.51521364509554,169.97819209534492
15 Jul 2026 23:38:00.000000000,5712.839743878858,-2212.320355111738,-3126.615032419502,4.236455927791917,3.8768072311242276,4.997893168105537,-0.007000874818982626,0.0027077482474412167,0.0038377390896481016,-27.044143915549107,50.86635546274044,504.237101150854,6878.338192285705,5.55732845588659e-05,52.98884284514855,1.4586651968676527,346.10801902992114,339.19170604872585
15 Jul 2026 23:39:00.000000000,5954.246267769775,-1975.0064934655938,-2820.0513410957956,3.8074705687759987,4.0307704334714245,5.217153977961185,-0.007298354320130352,0.002417607833591338,0.003461960281633795,-24.198012453503207,53.42780386181314,503.39630439932284,6879.077089848517,0.00017054877617230562,52.991158208989255,1.4567929062619187,347.53264738547125,341.57337829845767
15 Jul 2026 23:40:00.000000000,6169.3968550084355,-1728.9836223200573,-2501.0177718215405,3.3615773564527163,4.166998695434859,5.413400746635609,-0.007563716948237381,0.0021166187816201642,0.0030706258521189726,-21.300908494170535,55.86658597604263,502.59644701504953,6879.764565133887,0.00028173883224195164,52.99331238977137,1.4552945553092862,351.8183975054798,341.09392893014865
15 Jul 2026 23:41:00.000000000,6357.335587205706,-1475.3345942925155,-2170.922169383897,2.900740458765024,4.284879869462206,5.585750585251815,-0.007795727591668459,0.0018061042313252502,0.0026654586059176506,-18.361202582989687,58.20170791750916,501.8497559308496,6880.388457178919,0.00038755633058082893,52.99526723555499,1.4541401326472354,356.5433210367339,340.1753272831896
15 Jul 2026 23:42:00.000000000,6517.226533548697,-1215.176579992378,-1831.2222073914868,2.426993827562479,4.383882683365295,5.733426106585684,-0.007993298951483986,0.0014874366930583852,0.002248252323830852,-15.386376205431716,60.45068025626929,501.16743602106675,6880.9377179988705,0.0004866272169648853,52.99698809958435,1.4532935570352459,1.4557808621123889,339.0692333076175
15 Jul 2026 23:43:00.000000000,6648.357667389216,-949.6561304327931,-1483.418935099409,1.942432114661057,4.46355951751528,5.85575944348234,-0.008155498705660479,0.001162031693767241,0.001820863509195771,-12.383195147170177,62.629716309007776,500.5594760268231,6881.402610208878,0.0005777266820870253,52.9984444520854,1.452713310894237,6.493264251260882,337.83818411092125
15 Jul 2026 23:44:00.000000000,6750.144225377574,-679.9440844962057,-1129.0500984696214,1.4492011819354835,4.52354878704148,5.952195752920927,-0.008281555843213108,0.0008313409647599662,0.0013852024956739965,-9.357861225189927,64.75394711099642,500.0344760800367,6881.774881797996,0.0006597928840292775,52.99961041991948,1.45235316993892,11.637087306643974,336.5008891719031
15 Jul 2026 23:45:00.000000000,6822.131486364697,-407.2303459384231,-769.6832674395364,0.9494882585679284,4.563576903104143,6.022296169385529,-0.00837086605770723,0.0004968452263643423,0.0009432239862898725,-6.316145852847411,66.83764100615652,499.5995002196547,6882.047914777828,0.0007319429245233082,53.000465244535555,1.4521630161605876,16.883871477520714,335.060753454588
15 Jul 2026 23:46:00.000000000,6863.996950677155,-132.7185558697521,-406.9088034037612,0.4455118049656388,4.583459790924435,6.065740175810972,-0.008422996099795231,0.00016004663482582435,0.0004969171075550378,-3.2635091494002446,68.89442179333476,499.2599568373592,6882.216844889416,0.0007934865887251933,53.00099365008521,1.4520897199085947,22.23736023078205,333.5140603394311
15 Jul 2026 23:47:00.000000000,6875.551904104589,142.37931213455124,-42.33270264776287,-0.060488851667779994,4.583103946494661,6.0823273658403,-0.008437687004296352,-0.0001775390331338946,4.829507638959518e-05,-0.2052083034186494,70.93748319490166,499.0195094552864,6882.278650076298,0.0008439369590409821,53.00118611513395,1.4520780756214586,27.705575499611943,331.852814757545
15 Jul 2026 23:48:00.000000000,6856.742354967552,416.8484061886347,322.4306471417588,-0.5662640407470014,4.562507018645902,6.071978577318241,-0.008414856134540342,-0.0005143903749260037,-0.0004006154114152827,2.853601196793324,72.97979976385778,498.88001963761326,6882.2322060075985,0.0008830175707158179,53.00103904308811,1.452071774747313,33.29977586165523,330.0657845833297
15 Jul 2026 23:49:00.000000000,6807.649336886657,689.4764707700753,685.7657591698212,-1.0695643582381071,4.521757908292329,6.034736383685449,-0.008354597997295312,-0.0008489884480935144,-0.0008477849558408655,5.907767955772844,75.03433568785825,498.84152318590066,6882.078307550974,0.0009106659436896994,53.00055482823403,1.4520143987776197,39.034150035205336,328.13880670437453
15 Jul 2026 23:50:00.000000000,6728.488574272726,959.0593128205006,1046.0633499171931,-1.5681512888698463,4.4610363820550045,5.970764937043611,-0.00825718381483453,-0.0011798248564610985,-0.0012911922694949104,8.95204723880791,77.11425356948541,498.90224008393227,6881.819655738913,0.0009270334125845119,52.999741816119624,1.4518504148499571,44.92586712377773,326.0547363457395
15 Jul 2026 23:51:00.000000000,6619.60951201911,1224.4062301907716,1401.7276127484392,-2.0598077660581784,4.380612202939847,5.880349163932943,-0.008123059859174185,-0.0015054097455952705,-0.0017288349155289275,11.981000268193759,79.23312529955814,499.0586179585586,6881.460810425752,0.0009324812377953727,52.99861415887178,1.4515261564254742,50.995331760404156,323.79319150481035
15 Jul 2026 23:52:00.000000000,6481.493715320364,1484.3453736494046,1751.1834241476051,-2.5423485960524417,4.280843786151429,5.763893322093139,-0.007952844578816958,-0.0018242796187725393,-0.002158739847548388,14.988886738494346,81.40514660119267,499.30540813084275,6881.008109485746,0.0009275730236436491,52.997191567896515,1.450990771628345,57.26657430699931,321.3301623487695
15 Jul 2026 23:53:00.000000000,6314.752649876221,1737.7290143325972,2092.8834446824476,-3.0136306753025743,4.1621763933042155,5.621918933462592,-0.00774732457060908,-0.002135004889927492,-0.002578973638352102,17.969546934364388,83.64535558405115,499.6357726647544,6880.469556036964,0.0009130634892653075,52.99549896822595,1.450197122541767,63.76773340104199,318.637528289589
15 Jul 2026 23:54:00.000000000,6120.124856893167,1983.4386894401166,2425.3150778990534,-3.4715629338143863,4.0251398831106115,5.455062115212758,-0.007507449469977602,-0.0024361970971937593,-0.00298765229330444,20.91626972624849,85.96985344124566,500.04142019773417,6879.854675778631,0.0008898836226555198,52.9935660605208,1.4491026194672845,70.53158774048936,315.68252585240117
15 Jul 2026 23:55:00.000000000,5898.472541186916,2220.3902002088666,2747.0072518233455,-3.914115942212758,3.870346040937509,5.264070336536376,-0.007234325850874677,-0.0027265157099441517,-0.0033829505556903206,23.821642692444872,88.3960217961804,500.5127677752176,6879.174347087257,0.0008591221793990563,52.99142679837984,1.447669975375208,77.59607258928384,312.4272318611647
15 Jul 2026 23:56:00.000000000,5650.777594260876,2447.5384376438774,3056.536989553364,-4.3393311261651935,3.6984855133313084,5.0497986340547865,-0.006929210242237356,-0.003004674473550367,-0.003763110625936087,26.67738081517194,90.94272548908513,501.03912542292085,6878.440607017757,0.0008220033390064844,52.98911879011842,1.4458678670726313,85.00467206287408,308.8281708878701
15 Jul 2026 23:57:00.000000000,5378.137077423322,2663.8820131581697,3352.5357375196463,-4.745329538555109,3.5103243766089545,4.813205322953813,-0.006593501377153779,-0.0032694472477068593,-0.00412645023152419,29.47413086576547,93.63048084385468,501.608899787239,6877.666436789774,0.0007798600714166637,52.986682635529796,1.4436714913343667,92.80650529928405,304.83622886471784
15 Jul 2026 23:58:00.000000000,5081.758192780205,2868.4676730860065,3633.695422309306,-5.130320147074319,3.306700370853516,4.555347244210676,-0.0062287318013007995,-0.003519673308288413,-0.004471370002975041,32.20125012059813,96.48155647347566,502.2098128623506,6876.865530698422,0.0007341023657818551,52.98416120931065,1.4410630060516827,101.0558193336186,300.397160045521
15 Jul 2026 23:59:00.000000000,4762.95277226525,3060.394477964473,3898.774209440516,-5.492607602502481,3.0885188320951187,4.2773745904774385,-0.005836558967090744,-0.0037542620950586055,-0.004796360127572155,34.84656103726709,99.5199551344321,502.8291316054068,6876.052052666761,0.0006861789373311019,52.981598903795486,1.4380318484634977,109.8104725182336,295.45310347739314
16 Jul 2026 00:00:00.000000000,4423.13131675541,3238.8177294467437,4146.6019400666155,-5.830599460577363,2.8567483561330893,3.980525354328895,-0.005418755940776792,-0.003972197401484996,-0.005100006271059734,37.39608884566655,102.77119999288435,503.4539041195393,6875.24038485173,0.0006375304613540719,52.97904084438235,1.4345749243906771,119.12888253725454,289.9456349363679
