UTCG,r_x,r_y,r_z,v_x,v_y,v_z,a_x,a_y,a_z,lla_Lat,lla_Lon,lla_Alt,coe_Semi-major_Axis,coe_Eccentricity,coe_Inclination,coe_RAAN,coe_Arg_of_Perigee,coe_True_Anomaly
15 Jul 2026 00:00:00.000000000,5256.765245591346,3016.5659886633225,3252.002059609983,-4.868022642366198,3.2009535186909224,4.899801534225153,-0.006435263878224209,-0.003696489864424186,-0.003997074571255663,28.495431479456595,97.36608613499182,504.8378046809832,6878.136977992674,3.4753297730439575e-09,52.99999998732555,6.000000078335419,0.0,36.29999989283673
15 Jul 2026 00:01:00.000000000,4953.315029966695,3201.8346904608534,3538.58735760778,-5.243253912076891,2.972422764256618,4.6495415356755325,-0.00606165852828752,-0.003922139940150845,-0.004347658097722038,31.24564480532411,100.15367960306581,505.7138034134138,6877.345230744732,0.00011756167361563168,52.997506403494214,5.9975386077592185,206.26028218545636,193.8459310732043
15 Jul 2026 00:02:00.000000000,4628.039211009016,3372.9954386537206,3809.5371670374334,-5.59527844396786,2.730861993720897,4.378811766766289,-0.005661557011713438,-0.0041303793409138406,-0.004678831270756657,33.918496189529456,103.1192855635574,506.59711807849715,6876.536127044083,0.0002349904452345722,52.9949564462558,5.9946582984021655,211.06222442954828,192.85024695241958
15 Jul 2026 00:03:00.000000000,4282.376842714899,3529.2983042521287,4063.659085086939,-5.922559317475949,2.477342343590689,4.088819379794201,-0.00523676844140218,-0.004320324035193309,-0.004989168703934796,36.50075466903232,106.28781787518601,507.4737022962403,6875.723928676255,0.00035060004710607117,52.992394916959064,5.991353518795581,215.82941679160504,191.88937013288495
15 Jul 2026 00:04:00.000000000,3917.8558787348984,3670.059168364097,4299.835646856843,-6.223671128819931,2.2129855056254253,3.78085415767133,-0.0047892009490585145,-0.0044911747018988755,-0.005277343853243771,38.97723501721505,109.68540818898487,508.3295249951667,6874.922938676377,0.0004627034925691882,52.989866813212636,5.9876261154394586,220.56499699450893,190.9601729117673
15 Jul 2026 00:05:00.000000000,3536.086308757091,3794.662601570323,4517.02910292245,-6.497305642780033,1.9389585766702897,3.4562824527941176,-0.0043208518725528,-0.004642218931578372,-0.005542133326704444,41.33054965530293,113.33862510746191,509.1508107085532,6874.147250139631,0.0005696450641931749,52.98741653693161,5.983485378397607,225.27174099880054,190.0598866736323
15 Jul 2026 00:06:00.000000000,3138.752973406625,3902.564430648294,4714.285825801778,-6.7422768559021184,1.6564687913895115,3.1165408872991205,-0.0038337979648866605,-0.004772832927360732,-0.005782420524768268,43.54091708374757,117.27314585777802,509.9242744944465,6873.410499503474,0.0006698283525950984,52.98508711314483,5.9789478761179105,229.95208680947258,189.18607810390796
15 Jul 2026 00:07:00.000000000,2727.6080929052637,3993.293986494626,4890.740332171076,-6.957525474959821,1.3667581665681474,2.7631298534331723,-0.003330185708036398,-0.004882482752490936,-0.005997198661679826,45.58609052686157,121.51171054170604,510.6373475199386,6872.725628549747,0.0007617433416375683,52.98291943325376,5.974037162419831,234.60815160489753,188.33663213269833
15 Jul 2026 00:08:00.000000000,2304.463544362372,4066.456028728636,5045.618909909247,-7.142122818982875,1.071098082690614,2.397606849483521,-0.002812221796725075,-0.004970725175522632,-0.006185573226297162,47.441496749169325,126.07122905515453,511.2783895994361,6872.104659177334,0.0008439920779041681,52.98095153599662,5.968783360860544,239.24173869682969,187.50974509806142
15 Jul 2026 00:09:00.000000000,1871.1829219941685,4121.732343900715,5178.242841071177,-7.295274156507952,0.7707838253682978,2.0215796830253407,-0.002282163838787144,-0.005037208167281289,-0.0063467639475596055,49.08069725320626,130.9590455699192,511.8368852742439,6871.55848473609,0.0009153124875542271,52.97921793870399,5.963222633800172,243.85433249498044,186.70392995216025
15 Jul 2026 00:10:00.000000000,1429.6734137034582,4158.883015499145,5288.03121371721,-7.416321491945615,0.46712910590646045,1.6366995692092754,-0.0017423112982031265,-0.005081671101897974,-0.006480106330285314,50.47628727539497,136.16863824590672,512.303620357044,6871.096681397192,0.000974599936396046,52.97774903054681,5.957396545517136,248.44707871669658,185.918036266609
15 Jul 2026 00:11:00.000000000,981.8775267410819,4177.74736498643,5374.503317024164,-7.504745815928867,0.16146057728350505,1.2446541479421294,-0.0011949966893790393,-0.0051039447138192225,-0.006585052829060773,51.60130992329013,141.67544486758968,512.6708362302984,6870.727342670956,0.0010209261687489318,52.9765705383893,5.951351330565161,253.0207453828998,185.15128949048324
15 Jul 2026 00:12:00.000000000,529.7646940893328,4178.244564008236,5437.280615481331,-7.560168834509765,-0.144887641214102,0.8471604397897896,-0.000642577011730352,-0.005103950855577764,-0.006661173721232899,52.43116231592521,147.43395625376476,512.9323595754269,6870.456939778828,0.0010535553067181403,52.97570307458846,5.94513708020856,257.57565746095634,184.40335659584244
15 Jul 2026 00:13:00.000000000,75.32279245676311,4160.373918616364,5476.088299019582,-7.58235419092364,-0.4505794199301441,0.4459577569821129,-8.742539873149393e-05,-0.00508170209571497,-0.00670815773500229,52.945807271864616,153.37745905088045,513.0837056119174,6870.290210146324,0.0010719566436551758,52.975161774647994,5.938806861185463,262.11159370012774,183.67444955897017
15 Jul 2026 00:14:00.000000000,-379.45039804824387,4124.214826935225,5490.756406823194,-7.571208191677957,-0.7542820467118407,0.042800582796379286,0.00046807705829709546,-0.005037301187486248,-0.006725812478893381,53.13192177964806,159.42151180906473,513.1221533383936,6870.230075817761,0.0010758140231240437,52.97495603106621,5.9324157822652595,266.62762702946685,182.96548530121666
15 Jul 2026 00:15:00.000000000,-832.5557631228205,4069.926412169178,5481.2205232869055,-7.52678004601991,-1.0546716196225083,-0.36054856983971756,0.0010215493615954847,-0.0049709404290043694,-0.006714064707032716,52.98450313548479,165.47124539667337,513.0467916866828,6870.277593105756,0.001065031658028568,52.97508932803593,5.926020024940042,271.12187751905225,182.2783330818471
15 Jul 2026 00:16:00.000000000,-1282.0014233660709,3997.746833244018,5447.522045168888,-7.449261624620217,-1.3504383983439916,-0.7623263113888409,0.0015706185903847675,-0.004882900925251008,-0.00667296044201626,52.50750915825386,171.4311851177733,512.8585359224357,6870.431934285786,0.001039736314473498,52.97555917989716,5.919675855224398,275.5911247530949,181.61620248739317
15 Jul 2026 00:17:00.000000000,-1725.8112745361443,3907.992275732892,5389.8080194969725,-7.33898673979402,-1.6402921084280202,-1.1607755321488435,0.0021129278760541217,-0.004773551751632471,-0.006602664963202644,51.71334956368305,177.2152251869581,512.560114050468,6870.690401634475,0.0010002758644292102,52.97635717443003,5.9134386338790215,280.03018505044764,180.9842665749245
15 Jul 2026 00:18:00.000000000,-2162.0334702236623,3801.055626086401,5308.330552271661,-7.196429946012186,-1.9229671921793663,-1.554152553854676,0.002646144427845687,-0.00464334900746831,-0.006503462653087648,50.621374493377175,-177.24568142926512,512.1560234084028,6871.0484735951995,0.0009472143080214186,52.97746912024756,5.907361842406311,284.43087766656197,180.39069602772923
15 Jul 2026 00:19:00.000000000,-2588.7488181418953,3677.4048325611943,5203.445788496154,-7.022204856014351,-2.1972279990617163,-1.940734267480265,0.0031679676635402165,-0.00449283473896716,-0.006375756682060411,49.25576430613821,-171.9995783229898,511.65245805705285,6871.499882340665,0.0008813234992343066,52.97887529572938,5.901496141876824,288.78023510344127,179.8484491905817
15 Jul 2026 00:20:00.000000000,-3004.079060667042,3537.580956754243,5075.612464666523,-6.817061964866892,-2.4618739068459377,-2.3188252464644354,0.003676137490244088,-0.004322635700389058,-0.0062200684960747946,47.64330315448034,-167.07336871777648,511.057208000171,6872.0367214973585,0.0008035720267318252,52.980550795163346,5.895888481103931,293.0572365737181,179.3785389307929
15 Jul 2026 00:21:00.000000000,-3406.1950098933785,3382.195920200758,4925.390035538711,-6.58188597186498,-2.7157443627834903,-2.6867648223454226,0.004168442769462403,-0.004133461916275277,-0.0060370370625265745,45.811423826101304,-162.47548351770595,510.3795316867501,6872.649582303955,0.0007151121399504457,52.982465966062115,5.890581269807767,297.2264345902492,179.01640634782132
15 Jul 2026 00:22:00.000000000,-3793.3245067083362,3211.9299512300995,4753.436377870172,-6.317692588590046,-2.957723831576015,-3.0429341066629374,0.004642729985498049,-0.003926105000932033,-0.005827417818689385,43.786732096904394,-158.19997399339547,509.63000366459113,6873.327716003762,0.000617266685151802,52.98458693002512,5.885611631296908,301.22440822163986,178.82546778485994
15 Jul 2026 00:23:00.000000000,-4163.760172688693,3027.5287381420276,4560.505074903063,-6.025624820768555,-3.1867466341982054,-3.3857629394681616,0.005096912119261919,-0.0037014361877960537,-0.005592081260002998,41.59405000927218,-154.23084204159736,508.8203396598804,6874.059219824612,0.0005115211957138597,52.98687617805058,5.88101074782171,304.927516900718,178.92936125003322
15 Jul 2026 00:24:00.000000000,-4515.866922873147,2829.800295809703,4347.442286656142,-5.7069487119865485,-3.401801658741725,-3.7137367408897726,0.0055289777113926,-0.0034604040203212384,-0.005332011101807104,39.255909005092214,-150.54586301618522,507.9632017494498,6874.831243486218,0.0003995378409641514,52.989293229894145,5.876803310127753,308.062090474016,179.60175655444314
15 Jul 2026 00:25:00.000000000,-4848.089206785121,2619.6115540324877,4115.183212633823,-5.363048538860161,-3.6019369215534716,-4.025403238151149,0.0059370000790661985,-0.0032040316569000383,-0.00504830194663048,36.792379366713305,-147.1195815849007,507.071986663623,6875.630212801695,0.00028326319157455116,52.99179534594049,5.873007080919823,309.8881767047623,181.5826079506251
15 Jul 2026 00:26:00.000000000,-5158.957944529408,2397.8846773443256,3864.7481553480443,-4.995421449967443,-3.7862639541869987,-4.31937903640854,0.006319146631320605,-0.0029334137455636774,-0.004742156390944826,34.22112202869679,-143.92545153404396,506.16060060007567,6876.442066613337,0.0001656124823845572,52.994338279125756,5.869632579996129,307.5417535684287,187.73594192926222
15 Jul 2026 00:27:00.000000000,-5447.0971244310385,2165.593127529513,3597.2381950723698,-4.605671544696168,-3.953961989202974,-4.594355997975831,0.006673688209922132,-0.0026497128306919456,-0.00441488151145642,31.557569778376603,-140.93723947870058,505.2432242347248,6877.25250303216,6.001644716885304e-05,52.996877053733556,5.866682896646733,276.5211287513008,222.56345776147532
15 Jul 2026 00:28:00.000000000,-5711.230028599777,1923.7574817733744,3313.830488487787,-4.195503393073624,-4.1042819157958474,-4.849107391110107,0.006999008364976398,-0.0023541552612759285,-0.00406788467852103,28.815171166588907,-138.12986109152132,504.33407187331096,6878.047230740271,9.748474113543261e-05,52.99936675740313,5.864153632725447,182.85108773181483,320.04037940567105
15 Jul 2026 00:29:00.000000000,-5950.18505304022,1673.4410211679954,3015.7732063054027,-3.7667150035134522,-4.236549974694562,-5.08249376673055,0.0072936124607437015,-0.0020480265807712697,-0.0037026686562333815,26.005653896205526,-135.4798119207625,503.44714888784125,6878.812220974563,0.0002102355952508732,53.0017633324412,5.862032977461513,171.48131537682306,335.2170338464666
15 Jul 2026 00:30:00.000000000,-6162.901089548335,1415.7451061452916,2704.380127520276,-3.321190252066119,-4.35017116091121,-5.2934685193922935,0.007556136494700508,-0.0017326663895484518,-0.003320825961918931,23.139282270197498,-132.96532558345316,502.596011714704,6879.533955743688,0.00032429856440915775,53.00402435252359,5.860301912850785,171.62658123825656,338.87866568087736
15 Jul 2026 00:31:00.000000000,-6348.432437668943,1151.8043573093773,2381.024910613797,-2.860890794021395,-4.444632302748148,-5.481083087669297,0.007785355505220653,-0.0014094626840945974,-0.0029240324738921946,20.22509551882531,-130.56635845317214,501.7935347465246,6880.199667842194,0.0004341518902496841,53.00610977111301,5.858934546087484,174.30509215958733,340.0070843439812
15 Jul 2026 00:32:00.000000000,-6505.9532164755365,882.7816620136034,2047.1350647224897,-2.387847486340402,-4.51950478610487,-5.644491748920426,0.007980191438942363,-0.0010798456900600328,-0.0025140402931714467,17.271121615678886,-128.2644702159443,501.05168841990957,6880.797568321145,0.0005376607324929695,53.007982628397784,5.857898563319389,177.9530207734899,340.1661353952147
15 Jul 2026 00:33:00.000000000,-6634.761247880625,609.8630288496441,1704.1856464670907,-1.9041513571655055,-4.574446894558578,-5.782955964287867,0.008139720348488038,-0.0007452812200224953,-0.0020926698829666947,14.28456582256342,-126.0426464046571,500.3813326798241,6881.317057253265,0.0006332790864828784,53.009609704267156,5.857155796825932,182.09199044154218,339.83421531791134
15 Jul 2026 00:34:00.000000000,-6734.281385595759,334.2523139183919,1353.6927107237968,-1.4119441663018146,-4.6092057379385505,-5.895848231737305,0.00826317879521725,-0.0004072636000198666,-0.0016618015276403913,11.271975756804247,-123.88509208978401,499.7920297851582,6881.748913893086,0.0007197318679422624,53.010962105771696,5.8566628957661635,186.53045945593144,339.202887016408
15 Jul 2026 00:35:00.000000000,-6804.068266716263,57.16584431169069,997.2065460553579,-0.9134086078482202,-4.62361874513047,-5.9826554079850975,0.00834996934134735,-6.730822157867171e-05,-0.0012233661710186546,8.239386046715582,-121.7770141568786,499.2918801087041,6882.085462676408,0.0007959564739820487,53.012015778653485,5.856372088735454,191.17966238618084,338.3609381327587
15 Jul 2026 00:36:00.000000000,-6843.808466180873,-220.17303442622313,636.3047277403607,-0.4107582128100906,-4.617614700584266,-6.042981464220323,0.008399665025253491,0.00027305621318798293,-0.0007793357094510591,5.192446170909331,-119.70440173573968,498.8873841811596,6882.320711922689,0.0008610944625695416,53.012751933853615,5.8562320248141555,195.9955489181218,337.3524418415712
15 Jul 2026 00:37:00.000000000,-6853.32203800252,-496.53945897250406,272.5850232885221,0.09377298464950594,-4.591214308357146,-6.076549645531723,0.008412012733159547,0.0006122956757470491,-0.0003317128308405299,2.136535210977388,-117.65380923456559,498.5833337405813,6882.4504625929685,0.0009144950123079385,53.013157381389966,5.8561886783105415,200.95656042431133,336.19897989008075
15 Jul 2026 00:38:00.000000000,-6832.563431130244,-770.712568328711,-92.34181304630887,0.5979409488966209,-4.544530272400747,-6.083204009770502,0.008386935395923837,0.0009488789399085506,0.00011747949758631702,-0.923132802126934,-115.61214321233807,498.3827339848089,6882.472385004224,0.000955720190758576,53.01322476562113,5.856186301323094,206.05397796524753,334.9092941909039
15 Jul 2026 00:39:00.000000000,-6781.621772014099,-1041.4810141151813,-456.85931898566326,1.0995022404589532,-4.477766887057864,-6.062910328066899,0.008324532963837518,0.0012812857650364446,0.0005662087798062723,-3.981409373794775,-113.56645238509145,498.2867586000112,6882.386061997979,0.000984548783753829,53.01295269764463,5.856168407328724,211.28740313670968,333.483805559284
15 Jul 2026 00:40:00.000000000,-6700.720510330255,-1307.648431622201,-819.3526375532746,1.5962246353861658,-4.391219137227773,-6.015756336195524,0.008225082133195715,0.0016080150410589741,0.001012443860568781,-7.033114381161719,-111.50371900855134,498.29473846881115,6882.192997693583,0.0010009774746818716,53.01234578238885,5.856078768472587,216.66261334114327,331.91675802428057
15 Jul 2026 00:41:00.000000000,-6590.216428801189,-1568.0388423072702,-1178.2158259527625,2.0858976912985425,-4.285271313232339,-5.9419513332560046,0.008089034823488717,0.0019275928026249811,0.0014541657914345536,-10.072937816723659,-109.41064948202413,498.40418426564077,6881.896591610642,0.0010052189248207647,53.01141453981583,5.8558624089063365,222.1906589612836,330.1971212431794
15 Jul 2026 00:42:00.000000000,-6450.598022528004,-1821.5019589026228,-1531.859120943558,2.566343185716076,-4.160395150905751,-5.841825131496455,0.00791701542819121,0.002238580022514345,0.0018893785710482295,-13.095336975374485,-107.27346218795088,498.61084244462006,6881.50207860583,0.0009976966645694175,53.01017522152599,5.8554665766584355,227.88771261246143,328.30874085011027
15 Jul 2026 00:43:00.000000000,-6282.483257658643,-2066.918365073814,-1878.7161221028418,3.0354253542990075,-4.017147512687037,-5.715826368347924,0.007709816884319149,0.0025395800995345157,0.002316119641188267,-16.094425538199438,-105.0776713581686,498.90878343633426,6881.016435721607,0.0009790369264902822,53.008649525908694,5.854841676773121,233.77546775616958,326.22993946356047
15 Jul 2026 00:44:00.000000000,-6086.616723457234,-2303.2045426754275,-2217.250855223748,3.491060860035428,-3.8561676303603822,-5.5645201986542805,0.007468395628536678,0.002829245963802615,0.0027324700271096655,-19.063850892491047,-102.8078673157927,499.29052021404294,6880.44825767348,0.0009500577305759429,53.00686421678524,5.853942149215861,239.88203276954525,323.9326222651009
15 Jul 2026 00:45:00.000000000,-5863.86619584873,-2529.31772100837,-2545.9646793607944,3.931228429032598,-3.678173934442208,-5.388585391481883,0.007193865526900999,0.003106286732193165,0.0031365640210857452,-21.996655937663043,-100.44749611228815,499.74715478476674,6879.8076032934505,0.0009117557140417917,53.00485065220944,5.8527272758824695,246.24336164675606,321.38084597987745
15 Jul 2026 00:46:00.000000000,-5615.218634206124,-2744.2605241151346,-2863.4030026590663,4.353978094284279,-3.483960498922124,-5.188810861603825,0.006887490880471188,0.003369473857597754,0.003526598320359293,-24.88512166332685,-97.97864589008252,500.26854962226525,6879.105815788599,0.0008652914124131123,53.00264423169301,5.851161902424949,252.90534057052386,318.5287320266442
15 Jul 2026 00:47:00.000000000,-5341.775636482773,-2947.085393953606,-3168.161774047123,4.757439995359164,-3.274393133061073,-4.966091670629365,0.0065506786238432166,0.0036176467292058597,0.003900840546494302,-27.72058712472095,-95.38185402092317,500.84352059944763,6878.355320152903,0.0008119739748704222,53.00028377158318,5.849217061979967,259.9267269382344,315.31752725823884
15 Jul 2026 00:48:00.000000000,-5044.7483807080625,-3136.8987692733785,-3458.8937200853325,5.139832689197935,-3.0504051541488586,-4.721424536673869,0.006184969840229347,0.0038497176934895205,0.004257637088761867,-30.493244372717996,-92.63595924020805,501.46004760673077,6877.569401478585,0.0007532466674477506,52.997810819607764,5.846870489679139,267.38321523725716,311.671537902486
15 Jul 2026 00:49:00.000000000,-4725.452083336771,-3312.865002100475,-3734.314298680426,5.499470934851573,-2.8129928765040417,-4.455902894361232,0.005792030723445191,0.00406467648026023,0.004595420232629577,-33.19190788226328,-89.71803789404439,502.1054987657083,6876.761968242701,0.0006906750083708095,52.99526892069854,5.844107018740547,275.37295676840677,307.49260970836485
15 Jul 2026 00:50:00.000000000,-4385.300006953244,-3474.20999587435,-3993.207343943372,5.834772922794284,-2.563210852560256,-4.170711548777643,0.005373643116279705,0.004261594031267064,0.004912714551920767,-35.8037617620863,-86.60348433337937,502.7668639664981,6875.947304891702,0.0006259399615401886,52.99270284708269,5.840918850983806,284.0237936746561,302.6528938431976
15 Jul 2026 00:51:00.000000000,-4025.797051366559,-3620.2245514421356,-4234.43037911557,6.144266927154102,-2.3021669016326904,-3.8671209677538605,0.004931694751502885,0.004439625741782828,0.005208142560821306,-38.314094505683535,-83.26632313384397,503.4309933706934,6875.1398182067105,0.0005608390436731434,52.99015780628353,5.837305696947505,293.5020115783895,296.9860942394771
15 Jul 2026 00:52:00.000000000,-3648.5329632261314,-3750.267409217668,-4456.919577155484,6.426597366558856,-2.0310169609896884,-3.546481256582245,0.004468169313998872,0.00459801413745783,0.005480429638717099,-40.7060415093361,-79.6798739649687,504.0848365258006,6874.353782006439,0.0004972975596772792,52.98767864107799,5.8332747829708795,304.02087599564186,290.27893122379584
15 Jul 2026 00:53:00.000000000,-3255.175199937691,-3863.7679778580687,-4659.69435120362,6.680530266093817,-1.7509597922055575,-3.2102158580529374,0.00398513643126451,0.0047360910186021845,0.005728408255540964,-42.960371321236174,-75.81792290118548,504.71567782486767,6873.603084733516,0.0004373877131687966,52.98530903561422,5.828840725092209,315.84305260214353,282.26872135294644
15 Jul 2026 00:54:00.000000000,-2847.4614839361325,-3960.2287417196076,-4841.861559673266,6.904958118888984,-1.4632315735969483,-2.8598150186335958,0.0034847416850756372,0.004853279112306779,0.00595102153828646,-45.0553732413854,-71.65657268021057,505.31136420765597,6872.900984377319,0.0003833382655506287,52.98309074179632,5.824025271856745,329.2617173945221,272.66226741271265
15 Jul 2026 00:55:00.000000000,-2427.1920832950423,-4039.2273411383007,-5002.61931309849,7.098904150957994,-1.1691004069172453,-2.496829058865486,0.0029691967211609347,0.004949093279087948,0.006147326229929041,-46.96693004333656,-67.17692179100369,505.8605212280762,6872.259875016424,0.000337480221713586,52.981062839691795,5.818856920635001,344.5305525975887,261.2058627262481
15 Jul 2026 00:56:00.000000000,-1996.2218542800524,-4100.41832118078,-5141.260372086881,7.261525996971176,-0.8698607635799719,-2.122861482734401,0.0024407695143086995,0.00502314132320705,0.006316495098064328,-48.66888438553591,-62.36861653256412,506.35275389622325,6871.691069023255,0.0003020146340841584,52.97926104512076,5.813370414131225,1.7100714370686305,247.8389666498469
15 Jul 2026 00:57:00.000000000,-1556.4520809926141,-4143.534545926225,-5257.1751276773275,7.39211879753392,-0.5668278927046831,-1.7395619572421706,0.001901774829135616,0.0050751244589726935,0.0064578188571063,-50.13381789226473,-57.23408440186323,506.77882903178676,6871.204598668293,0.0002784830391641015,52.97771707675215,5.807606126043435,20.46317373924392,232.89864928988064
15 Jul 2026 00:58:00.000000000,-1109.8221463479672,-4168.388276612213,-5349.8541572442045,7.4901177304145925,-0.2613322101175996,-1.348619189448004,0.0013545648955267994,0.005104837481168864,0.006570707665431327,-51.33433688452965,-51.79287215814768,507.130836230313,6870.809040499047,0.00026706235649900554,52.976458093976476,5.801609346705515,39.991656019590316,217.1830817750277
15 Jul 2026 00:59:00.000000000,-658.3010680587947,-4174.871913004802,-5418.890350542818,7.555099988737416,0.04528631530576808,-0.9517537246993318,0.0008015203015837846,0.00511216868677068,0.006654692259723946,-52.24487507169819,-46.0850466089714,507.40232493484564,6870.511365458402,0.00026625110511231095,52.97550621556787,5.795429481454428,59.31957861925006,201.66816951841255
15 Jul 2026 01:00:00.000000000,-203.87893236835953,-4162.958398272762,-5463.980601858441,7.5867862188420245,0.3516837642553468,-0.5507106861377277,0.00024504108922007413,0.005097099587876185,0.006709424781669209,-52.843872688939584,-40.17228469491443,507.58841551661453,6870.316817253394,0.0002734274224801475,52.974878127707626,5.789119175904104,77.7444047374546,187.05641361563045
15 Jul 2026 01:01:00.000000000,251.44174241778248,-4132.701288390146,-5484.927065308475,7.585041429181657,0.6565178470339936,-0.14725247250223117,-0.0003124619764271007,0.005059704448233,0.006734679343984254,-53.11600454350127,-34.13540982178141,507.6858826933066,6870.228820999981,0.00028590222339352545,52.97458478835091,5.782733383692592,95.03220558390736,173.58170614770629
15 Jul 2026 01:02:00.000000000,705.6546811939513,-4084.2344877257397,-5481.637971282222,7.5498753795589835,0.9584534512221292,0.2568485713080999,-0.0008685760037268218,0.005000149667930728,0.006730352373934566,-53.05398824477316,-28.067960116038076,507.6932100468286,6870.248923655535,0.0003017011363035177,52.974631233197734,5.77632839327078,111.28809412839547,161.13889690440274
15 Jul 2026 01:03:00.000000000,1156.758535195177,-4017.7716530259163,-5454.128002797589,7.4814424573422045,1.2561681482871514,0.659817498330053,-0.0014208944855028654,0.004918693029417293,0.006696462758346814,-52.659510300077336,-22.066739230869015,507.61061484181135,6870.376767219558,0.0003198089768401383,52.97501648671753,5.769960831047941,126.74033465693772,149.49968431094825
15 Jul 2026 01:04:00.000000000,1602.7655424137272,-3933.6052684954925,-5402.518231255348,7.380041044282549,1.5483576509904826,1.059884106820897,-0.001967025776303663,0.004815682808754831,0.0066331518023946484,-51.94300807861012,-16.221545791459942,507.4400427880417,6870.610095139012,0.0003400554546253467,52.97573357980085,5.763686658604473,141.5944107706163,138.45854791423275
15 Jul 2026 01:05:00.000000000,2041.7101348034926,-3832.1053951690296,-5327.0356117314095,7.246112374400269,1.8337412133444584,1.4552902795481841,-0.0025046015884561046,0.004691556745208543,0.006540682999998389,-50.92237075614287,-10.606641847786157,507.18513283305066,6870.944791805554,0.0003628518681830491,52.97676967370932,5.757560181816422,155.97030650003435,127.89546774758917
15 Jul 2026 01:06:00.000000000,2471.657461780219,-3713.7180982597406,-5228.01203860061,7.080238880327216,2.1110669641997357,1.8442973034258392,-0.003031285555834008,0.004546840852306794,0.006419441599985592,-49.62091655762427,-5.275761633246362,506.8511525136008,6871.3749544847615,0.0003888879881914426,52.97810628809831,5.7516330894890455,169.89394837505415,117.78448272724413
15 Jul 2026 01:07:00.000000000,2890.711799094219,-3578.96355678719,-5105.88296304173,6.883142022823088,2.3791171641455375,2.2251931563312195,-0.003544781906321964,0.004382148044155725,0.00626993393857318,-48.065133338092416,-0.26107509248035876,506.4449048353576,6871.892996478552,0.00041884324724113204,52.979719629030974,5.74595353858768,183.31965685615322,108.17123966546599
15 Jul 2026 01:08:00.000000000,3297.0248120353754,-3428.433860384804,-4961.185574757344,6.655679595916389,2.6367133738080235,2.59629974611349,-0.004042844274125664,0.004198176544283691,0.0060927864987769245,-46.2826109270391,4.424698581781541,505.9746080861647,6872.489779798581,0.0004531547165682843,52.98158101112165,5.7405653023106895,196.16730838623806,99.13583163575011
15 Jul 2026 01:09:00.000000000,3688.803641155283,-3262.7904990307898,-4794.55655126307,6.398842498752251,2.8827215192732285,2.9559800838499,-0.00452328466837844,0.003995708037209498,0.005888744645987964,-44.30042331164401,8.78439328829709,505.449750417522,6873.1547751274475,0.0004918750284019591,52.98365736627086,5.7355069961148395,208.3594010278452,90.75573271751604
15 Jul 2026 01:10:00.000000000,4064.3187782623922,-3082.7615523415307,-4606.729379242958,6.1137509646433585,3.116056837976334,3.3026453703132552,-0.004983982599067822,0.00377560551998607,0.005658670982962109,-42.144038171288955,12.83200004363132,504.8809214473132,6873.876246373043,0.0005346290478987686,52.98591182991645,5.7308113953915045,219.84639662004926,83.08045618025677
15 Jul 2026 01:11:00.000000000,4421.911699827603,-2889.138586154161,-4398.5312538482185,5.801650238302756,3.335688685735454,3.634761971002068,-0.005422894342926543,0.003538810808839708,0.005403543262333111,-39.836704394617385,16.588642704921657,504.2796235391138,6874.641456687682,0.0005806497039033948,52.98830439435023,5.726504856892003,230.6160945909852,76.12218096581739
15 Jul 2026 01:12:00.000000000,4760.002224425824,-2682.773265367937,-4170.879563415455,5.463905693806613,3.5406451829448544,3.9508582513477615,-0.005838062314131634,0.0032863416576919807,0.0051244517945843535,-37.39920860842378,20.0793433798907,503.658065793099,6875.436892433447,0.0006288584577894154,52.99079261746433,5.722606854090876,240.69020827786306,69.8591756123488
15 Jul 2026 01:13:00.000000000,5077.095560460411,-2464.5736934082115,-3924.777968908177,5.101997388523781,3.7300176754125856,4.249531239993011,-0.006227624485029122,0.0030192884476537185,0.004822596289982369,-34.84988273302102,23.33066408176715,503.0289441334439,6876.248501238633,0.0006779587273357023,52.993332374314654,5.71912963468881,250.11455418981168,64.24560918091711
15 Jul 2026 01:14:00.000000000,5371.7890102285155,-2235.5004902255027,-3661.3120894345325,4.717514052049621,3.9029649830505333,4.529453084526143,-0.00658982378468864,0.0027388104130026186,0.004499282079348463,-32.20476239410123,26.36912844108049,502.40521118748023,6877.061940012161,0.0007265227639054455,52.99587863813937,5.716078006209874,258.9483444715419,59.22225892402017
15 Jul 2026 01:15:00.000000000,5642.778296470356,-1996.5626224021512,-3381.644807442685,4.312146514005675,4.058717407767833,4.7893772609526435,-0.006923017386982244,0.002446131376700148,0.004155915666448097,-29.477822407637266,29.220258012670673,501.79983991370324,6877.862828572009,0.000773064343195794,52.99838627696045,5.713449253455896,267.25552511506163,54.72517214701558
15 Jul 2026 01:16:00.000000000,5888.863477942536,-1748.8130007114603,-3087.0112096134512,3.8876805803217453,4.19658047056749,5.028144495660512,-0.007225685784717619,0.0021425349778978237,0.0037939995753126956,-26.681240424367573,31.90805456623573,501.22558513859786,6878.6370044055875,0.0008160969001101229,53.000810851634746,5.7112331891413755,275.09895456549344,50.691487615654594
15 Jul 2026 01:17:00.000000000,6108.954421333696,-1493.343862295623,-2778.713182015574,3.445989374123579,4.315938347139625,5.244688356851377,-0.007496441536746911,0.0018293593857196912,0.0034151264704158414,-23.82565929454966,34.45478612690908,500.69474729647595,6879.370774020754,0.0008541796872029482,53.003109401211624,5.709412336728864,282.5370769342261,47.06276229675757
15 Jul 2026 01:18:00.000000000,6302.0757980258495,-1231.2819564814604,-2458.113680712614,2.989025164430652,4.416256971239125,5.4380404714957065,-0.007734037565777222,0.0015079915053547316,0.0030209725419383412,-20.920432364133795,36.880968660256435,500.21894272235573,6880.051156368333,0.0008859549513348426,53.00524120169674,5.707962242092038,289.6223867834889,43.786506469223525
15 Jul 2026 01:19:00.000000000,6467.371575832603,-963.7835550724318,-2126.630701655724,2.5188107132891933,4.497086775903082,5.607335323928818,-0.007937374882020027,0.0011798606960865205,0.002613290166114399,-17.973844741912227,39.20546675353392,499.80888481821864,6880.6661139253565,0.0009101785151913437,53.007168484811636,5.706851908409821,296.40102204869373,40.8165906412988
15 Jul 2026 01:20:00.000000000,6604.1089779195445,-692.029309719215,-1785.7309763030476,2.0374301795016394,4.558065044114516,5.75181459329924,-0.008105509607635968,0.0008464320338204174,0.0021938998677556052,-14.99330890384787,41.44566179228107,499.47418029143444,6881.204767221334,0.0009257453474709696,53.00885710406472,5.706044346443451,302.91299018630093,38.11301918955617
15 Jul 2026 01:21:00.000000000,6711.681883639842,-417.21898059981174,-1436.9234219092757,1.5470196244903316,4.598917842868295,5.870830989240111,-0.008237659181200327,0.0005091991637258292,0.0017646816298463113,-11.98553598994226,43.61765468080715,499.22314444747434,6881.6575888674315,0.0009317110352229923,53.01027713640085,5.705497230396857,309.19270234603806,35.64139592485338
15 Jul 2026 01:22:00.000000000,6789.613648972164,-140.56606212416278,-1081.7523777680194,1.0497571728276018,4.61946151768977,5.9638515483421815,-0.00833320763121276,0.00016967680074798412,0.001327565612555024,-8.956685676392334,45.73648313942785,499.06263920803497,6882.016573507414,0.0009273096060689059,53.01140340885309,5.7051636476235945,315.2696198219004,33.37227733573985
15 Jul 2026 01:23:00.000000000,6837.5593276041345,136.70766736388623,-721.7906608011245,0.547852886305008,4.619603728451044,6.030460358213076,-0.008391709818914858,-0.00017060705349020825,0.0008845223595031294,-5.912498173870071,47.816342362299984,498.99793712214836,6882.2753805419115,0.0009119678613797145,53.01221594096172,5.7049929288748285,321.1689033397895,31.280522957073295
15 Jul 2026 01:24:00.000000000,6855.307277411447,413.3776438873252,-358.6324757192216,0.043538415905071855,4.599344011720083,6.070360681019599,-0.008412894567683833,-0.000510119099656184,0.00043755258363806086,-2.8584121023089724,49.87080353877715,499.032614150403,6882.429446978603,0.0008853162261728425,53.0127002952287,5.70493154431968,326.91200811750525,29.344699934366872
15 Jul 2026 01:25:00.000000000,6842.780141085024,688.2220354036533,6.113783522854319,-0.4609434995347824,4.558773859760617,6.083376454304201,-0.0083966666154498,-0.000847328850786957,-1.1323363230809944e-05,0.20032803400699883,51.91302836759798,499.1684734402936,6882.476068317868,0.0008471960542432722,53.01284782951098,5.704924049478546,332.5171960893251,27.546570398365734
15 Jul 2026 01:26:00.000000000,6800.0351938876065,960.0272494601226,370.83280312652175,-0.963349615958325,4.498076311537691,6.069453153389038,-0.008343107346809377,-0.001180716774049638,-0.00046007622434717464,3.258571155379376,53.95597990116338,499.40550168794226,6882.4144459864465,0.0007976633160739341,53.01265584699577,5.704914064286895,337.9999480471488,25.870678904998446
15 Jul 2026 01:27:00.000000000,6727.264055899254,1227.5934016528133,733.9096511323211,-1.4614467741440487,4.417525056530962,6.0286580066529165,-0.008252474286097579,-0.0015087823724253496,-0.0009066786563017133,6.311162191038158,56.01263129625145,499.7418590149557,6882.245700465787,0.0007369886207184263,53.01212764121463,5.704845268041162,343.3732545777515,24.304061068531418
15 Jul 2026 01:28:00.000000000,6624.791770558648,1489.7397158101742,1093.7370725129601,-1.953022422810454,4.317483057658395,5.961179562193397,-0.008125199354818136,-0.0018300521151029944,-0.001349116010319014,9.352844492624387,58.0961745873585,500.17390259631094,6881.972849914337,0.000665653567215444,53.01127243540526,5.70466239263211,348.64773882666907,22.83612036490965
15 Jul 2026 01:29:00.000000000,6493.075255738085,1745.3098273712005,1448.7227389358147,-2.4358950013610894,4.198400705009783,5.867326611663391,-0.007961885921960659,-0.0021430871284708526,-0.0017853969560494081,12.378158629932548,60.22023156231585,500.6962435767864,6881.600754738011,0.0005843434773783719,53.010105217393566,5.704312196589357,353.8314875602725,21.4587966412172
15 Jul 2026 01:30:00.000000000,6332.701137922089,1993.1769622834595,1797.2964150153387,-2.9079241112030996,4.0608135172286,5.747526484192074,-0.007763304697297019,-0.002446490565010049,-0.002213563831618889,15.38133405968825,62.3990682000395,501.3018361284168,6881.136029205879,0.0004939366258150415,53.008646473003814,5.703744402782745,358.92923539600855,20.167381468640542
15 Jul 2026 01:31:00.000000000,6144.38298420961,2232.248964907774,2137.9170038503903,-3.3670204082480124,3.9053394121139027,5.602322730063049,-0.00753038853937469,-0.0027389145753750855,-0.002631702611266401,18.356170055023526,64.6478127897625,501.98209684972943,6880.5869218249845,0.00039549015768554173,53.00692182278563,5.702912583330488,3.939728757408198,18.96315378942816
15 Jul 2026 01:32:00.000000000,5928.957950756249,2461.473149837433,2469.0794360017962,-3.8111551540721607,3.7326755722149727,5.432372220041087,-0.007264226269555811,-0.003019066818999562,-0.003037952392786898,21.29590218687953,66.98267550349867,502.72705210645296,6879.963166764536,0.00029022300402980876,53.00496156853905,5.701774976185959,8.84639743681812,17.86270798158952
15 Jul 2026 01:33:00.000000000,5687.382869846471,2679.8409541984283,2789.3213677781187,-4.238369369125912,3.543594934747471,5.23844169174418,-0.006966055597191133,-0.0032857164597761427,-0.0034305143196418967,24.193050647116262,69.42116336924168,503.5255103781959,6879.275809144178,0.0001794965644722703,53.002800157694,5.70029521908907,13.57136001521736,16.94394809817927
15 Jul 2026 01:34:00.000000000,5420.729800979727,2886.3923688515065,3097.229656712432,-4.6467825381338965,3.338942337980357,5.021403779110215,-0.006637255274791856,-0.003537699606303311,-0.0038076598680791057,27.03924694988825,71.98227859460141,504.3652562193285,6878.537007462984,6.48009282539783e-05,53.00047557503069,5.698442988086366,17.430681940468457,16.89082948540505
15 Jul 2026 01:35:00.000000000,5130.181074130876,3080.2201289045142,3391.4465843799585,-5.03460082519102,3.1196303582792946,4.7822325646976545,-0.006279336610468729,-0.0037739241701663625,-0.004167738446803707,29.825036298128694,74.68667905848606,505.2332620728733,6877.759816836708,5.237910503380251e-05,52.998028672491394,5.696194529442096,205.93297908798846,192.19475496045905
15 Jul 2026 01:36:00.000000000,4817.023855664002,3260.4736460435647,3670.675799165978,-5.400124763804735,2.8866348731969755,4.521998697212506,-0.005893934467065127,-0.003993374128433839,-0.00450918427336345,32.53965456453748,77.55676631123535,506.11591390019504,6876.957957024386,0.00017024576871613238,52.995502448903714,5.693533075716158,209.35389191124438,192.5801004457732
15 Jul 2026 01:37:00.000000000,4482.644269236725,3426.362667324759,3933.6879541817534,-5.741756394991676,2.6409903863917723,4.2418641182358385,-0.005482797879916405,-0.004195113191447488,-0.0048305225106468905,35.170782036734785,80.6166472971959,506.99924640785565,6876.145569458069,0.00028721678131098447,52.99294129230155,5.690449138769223,213.88212083199016,191.858179413022
15 Jul 2026 01:38:00.000000000,4128.521105416453,3577.1606472112053,4179.326018182003,-6.058005834272074,2.3837851497452918,3.943076442638622,-0.005047780418584742,-0.004378287888532561,-0.005130374663267702,37.70428171401706,83.89189031987512,507.86918356466697,6875.336967638886,0.000401582234596553,52.9903901981681,5.686940674664671,218.52550097957703,191.02116802988337
15 Jul 2026 01:39:00.000000000,3756.219154668588,3712.2078217247517,4406.510239995606,-6.347497255761964,2.116156116912835,3.62696303665814,-0.004590830411664542,-0.004542130097050785,-0.005407463251228995,40.12393919579716,87.40896408229248,508.71178010276145,6874.546385328742,0.0005116630535294163,52.98789397733546,5.683013117618957,223.18720388404566,190.16590340623813
15 Jul 2026 01:40:00.000000000,3367.382198879441,3830.9139755916876,4614.242749584755,-6.608974288336059,1.8392837607360015,3.2949248361501007,-0.004113981140400334,-0.004685959049038664,-0.005660615791952556,42.411235363765,91.19421517408377,509.5134597794408,6873.787726953925,0.0006158261176782032,52.985496467440484,5.678679282538026,227.84335314328942,189.31626791995157
15 Jul 2026 01:41:00.000000000,2963.725696706885,3932.7608951300717,4801.611781340102,-6.841304824808407,1.554386784613799,2.9484299452377885,-0.00361934109399019,-0.004809182859053281,-0.005888768135908742,44.54520301474465,95.27221555317719,510.26124633269103,6873.074324544874,0.0007125109906126709,52.98323976176395,5.673959137883105,232.4861880768978,188.48002560908577
15 Jul 2026 01:42:00.000000000,2547.0291978334553,4017.304501355093,4967.795507558087,-7.043485250116219,1.262716755153299,2.589007052589548,-0.0031090843609230564,-0.004911299621515145,-0.006090967209808174,46.502443631414096,99.66332052172167,510.9429832835796,6872.41870537439,0.0008002562080401705,52.98116346896386,5.668879452937184,237.1130385294317,187.6598474663485
15 Jul 2026 01:43:00.000000000,2119.1285207604665,4084.1766593150232,5112.065472172455,-7.214644098436924,0.9655526804050736,2.218238699081455,-0.0025854412136977673,-0.004991898130711865,-0.0062663732302062495,48.257406164837015,104.38035720699557,511.54753901243885,6871.832374227477,0.0008777240628192944,52.979304016664635,5.66347332568813,241.72313130364262,186.85650515251606
15 Jul 2026 01:44:00.000000000,1681.9077279534044,4133.086661058059,5233.789616783225,-7.354045152057928,0.6641955546949176,1.8377544266287653,-0.002050688923072225,-0.005050658275903172,-0.006414261452229491,49.78304520038128,109.42456047085231,512.0649938534158,6871.3256139484665,0.0009437233711121012,52.97769401108966,5.657779599681402,246.31641432630127,186.07004702376886
15 Jul 2026 01:45:00.000000000,1237.2909315738684,4163.822380747327,5332.434892614207,-7.461089996361256,0.3599628880572703,1.449223834173025,-0.0015071428210180584,-0.005087351165298526,-0.006534023522309412,51.05196228686256,114.7812178483444,512.4868063030642,6870.907307571315,0.0009972298116443148,52.9763616639392,5.651842180057901,250.8930346366644,185.30032037747313
15 Jul 2026 01:46:00.000000000,787.2339618700123,4176.251101477427,5407.56945357311,-7.535320045926595,0.05418323504156739,1.054349562614599,-0.0009571476102936039,-0.0051018390259432375,-0.006625168497703302,52.038068105177175,120.41593806531895,512.805955816202,6870.584784954054,0.0010374034881509098,52.97533029653734,5.645709260826406,255.45305533583735,184.54725477438723
15 Jul 2026 01:47:00.000000000,333.71592958479334,4170.320014114049,5458.864426722838,-7.576418056106834,-0.25180926496294703,0.6548602268892527,-0.0004030689035721493,-0.005094074923710975,-0.006687323593822942,52.718670286965796,126.27284683979856,513.0170600576406,6870.3636964161005,0.00106360341822097,52.97461792991764,5.639432476885386,259.99625675262683,183.8110611756948
15 Jul 2026 01:48:00.000000000,-121.26928715685047,4146.056389146875,5486.095257486022,-7.584209132936209,-0.556680326150689,0.25250330999349824,0.00015271504119184325,-0.0050641023376652525,-0.006720234709409533,53.076710485781526,132.2760331249824,513.1164648864641,6870.247915424127,0.0010753987076804676,52.97423696801781,5.633065995692997,264.5219489533819,183.09241976139288
15 Jul 2026 01:49:00.000000000,-575.721601717406,4103.567423069139,5489.142627699583,-7.558661251885289,-0.8591009255819292,-0.15096196901091807,0.0007078214337326669,-0.005012054615843068,-0.006723766771431844,53.10271337967841,138.33493418471116,513.1023057658577,6870.239471894154,0.0010725762301740324,52.97419397952398,5.626665564477422,269.0287467898039,182.39270522953325
15 Jul 2026 01:50:00.000000000,-1027.6432943628552,4043.039761230433,5467.992945285475,-7.499885293010591,-1.1577526767239532,-0.5537718030852027,0.0012598709664728854,-0.004938154328238818,-0.0066979039278182596,52.79597065396411,144.35309283659208,512.9745397124005,6870.338517182203,0.001055144697388916,52.97448958218698,5.620287529693432,273.51425703742984,181.71430001676632
15 Jul 2026 01:51:00.000000000,-1475.0475753700919,3964.738699484191,5422.738404847043,-7.4081345966619185,-1.451333161305649,-0.9541649527887619,0.001806495790301109,-0.004842712522715223,-0.006642749603377306,52.164632238851134,150.2383804574909,512.7349473225044,6870.543321328094,0.0010233350782050544,52.975118431641754,5.613987845887233,277.9746053958097,181.06106766211212
15 Jul 2026 01:52:00.000000000,-1915.9671071261846,3869.007067304356,5353.576618986669,-7.283804040332243,-1.7385612135593034,-1.3503899012282907,0.002345347510867241,-0.004726127878289339,-0.0065585264193563095,51.2246784572873,155.9121376794482,512.3871048388798,6870.8503026026865,0.0009775974091002834,52.97606931493862,5.607821091339162,282.4036806917471,180.43910896552728
15 Jul 2026 01:53:00.000000000,-2348.4624563917837,3756.2637954318843,5260.809820634002,-7.1274286337203545,-2.0181821502553174,-1.74071199983917,0.002874105262506937,-0.004588885740247156,-0.006445575963416671,49.99806099607018,161.31516168830842,511.93632664500575,6871.254088893857,0.0009185941438418558,52.97732534716765,5.601839507739022,286.7918676476481,179.85802957172024
15 Jul 2026 01:54:00.000000000,-2770.6304477744975,3627.002171508968,5144.843637183415,-6.939681625778602,-2.2889729387957014,-2.123420595371448,0.0033904839107699253,-0.00443155701156753,-0.006304358382680069,48.51047926747165,166.40974965813507,511.3895790004037,6871.747609956581,0.0008471903442186218,52.97886426775548,5.5960920807244605,291.1238102747028,179.33317691348026
15 Jul 2026 01:55:00.000000000,-3180.6123887622693,3481.7877877295487,5006.1854379070155,-6.721372114825186,-2.549747293695342,-2.4968361262276013,0.00389224242355277,-0.004254796866550874,-0.0061354517596630565,46.789246234258755,171.1783234828218,510.75536625204643,6872.322219052087,0.0007644412855449137,52.980658831273324,5.590623677400257,295.37421790511917,178.88983449257958
15 Jul 2026 01:56:00.000000000,-3576.602136273621,3321.256185131115,4845.442256857766,-6.47344215068663,-2.799360689681014,-2.859317173772266,0.004377192438485415,-0.00405934324614019,-0.005939551220767089,44.861549061330905,175.61990728463707,510.04359117578935,6872.967842018449,0.0006715786433983528,52.98267728593966,5.585474256004873,299.49938643304625,178.57170092313885
15 Jul 2026 01:57:00.000000000,-3956.8539738516906,3146.1101999659095,4663.318294456651,-6.196963316683376,-3.036715276959358,-3.2092674508291372,0.00484320703827341,-0.0038460150896001497,-0.005717467718524391,42.75322610988835,179.74579764536674,509.26539151309396,6873.673151353742,0.0005699980022151799,52.984883931466115,5.580678161585742,303.4183105400858,178.45977795559358
15 Jul 2026 01:58:00.000000000,-4319.690267921932,2957.1170185271503,4460.612002130791,-5.893132779083438,-3.2607646814170073,-3.545142705883915,0.005288229727057296,-0.00361571025372177,-0.005470126421785625,40.488038966082556,-176.4245872360574,508.43295516816295,6874.425762461972,0.000461255505200817,52.98723974650062,5.576263520128728,306.9647393671851,178.72031501445417
15 Jul 2026 01:59:00.000000000,-4663.508870793282,2755.1049479368967,4238.212755784672,-5.563268792587671,-3.470518669585828,-3.8654575175174606,0.005710283583438792,-0.003369403071920485,-0.005198564647438937,38.087342049265516,-172.86715155204735,507.5593169134244,6875.212448816749,0.00034710209871422154,52.98970307469809,5.572251741744338,309.74052710513513,179.75145877328362
15 Jul 2026 02:00:00.000000000,-4986.790237460056,2540.9599116844556,3997.0971255449076,-5.208805652486326,-3.6650476553699476,-4.1687919495322685,0.006107480545030363,-0.003108141506335394,-0.004903929265627909,35.57003206347806,-169.5556981007852,506.65813980971814,6876.019372446484,0.00022970068664736717,52.99223035741319,5.568657141791691,310.51445530639865,182.784430960629
15 Jul 2026 02:01:00.000000000,-5288.104222779833,2315.621680175287,3738.3247511206787,-4.831288087379239,-3.843487022854337,-4.453798033293057,0.006478030760677907,-0.002833043851172622,-0.004587473514893339,32.95267193892063,-166.46369479387516,505.743484873285,6876.832325843977,0.00011337916179232325,52.99477690018239,5.56548668659585,302.964961524103,194.14079978839206
15 Jul 2026 02:02:00.000000000,-5566.116525367958,2080.079848150444,3463.033834252088,-4.432365090701331,-4.0050412372111195,-4.719206040174189,0.00682025192942285,-0.0025452949526379065,-0.004250553171065145,30.24970891401866,-163.5653843234512,504.8295728055001,6877.636981161263,4.8974071059370243e-05,52.9972976595573,5.562739868370225,219.6920527284425,281.22056655062374
15 Jul 2026 02:03:00.000000000,-5819.594744597637,1835.3695725811049,3172.4362620510155,-4.0137831946772815,-4.148987713861548,-4.9638305038786,0.00713257852815285,-0.0022461419190337216,-0.0038946220224536214,27.473731962067095,-160.83640698999244,503.9305418326081,6878.419142372908,0.00014614630338260871,52.999748036480355,5.560408711571565,174.2395911984896,330.4798796939314
15 Jul 2026 02:04:00.000000000,-6047.414017505898,1582.5670864591286,2867.812377538024,-3.5773791965784585,-4.27468041480374,-5.18657594993393,0.007413570817205543,-0.0019368893056707474,-0.00352122661710104,24.635734626938312,-158.25408611148075,503.06020587188175,6879.164995985471,0.000260882365328981,53.00208466226301,5.5584779107489295,170.91544835816208,337.6108808909041
15 Jul 2026 02:05:00.000000000,-6248.562203204575,1322.785005799479,2550.5054162991446,-3.125072354127787,-4.381553140426879,-5.386442288029851,0.007661923503511714,-0.0016188937712759291,-0.0031320002625484455,21.745364365033865,-155.79749248491117,502.2318173369321,6879.861355841332,0.0003732490545326905,53.004266163339636,5.556925097523185,172.68076468367525,339.6524449903424
15 Jul 2026 02:06:00.000000000,-6422.144583638648,1057.1674490595108,2221.9156308726792,-2.658856074355672,-4.469122485313877,-5.562529822157053,0.007876473932862532,-0.0012935582151990975,-0.0027286562744652347,18.811149428124224,-153.44737199338243,501.4578389104414,6880.495897617553,0.0004802569756966349,53.006253891325095,5.555721232142301,175.96180115210876,340.1783283767442
15 Jul 2026 02:07:00.000000000,-6567.388051227011,786.8849900516677,1883.4941271725695,-2.1807891279469955,-4.536990427500694,-5.714043833827567,0.008056209683152687,-0.0009623254188622604,-0.002312980489046843,15.840700441822626,-151.18599372111143,500.7497285389474,6881.05737875493,0.0005801522478088629,53.00801260549631,5.554831112792982,179.91315877816535,340.0339491949556
15 Jul 2026 02:08:00.000000000,-6683.644756084515,513.1294671986151,1536.7364398943455,-1.6929864288604706,-4.584846522449627,-5.840298695050738,0.008200275429011744,-0.0006266712276215348,-0.0018868230709892964,12.840887349741038,-148.99695582415566,500.11774173790565,6881.535839772353,0.0006715412923930408,53.00951109563673,5.554213993849508,184.23750303547638,339.51666264750315
15 Jul 2026 02:09:00.000000000,-6770.395188139545,237.10867363892729,1183.1758763723335,-1.197609426520912,-4.612469675569991,-5.940721470217344,0.00830797895755573,-0.0002880973229389727,-0.0014520896680399276,9.817994249358748,-146.8649721273683,499.57075503307664,6881.922783222982,0.0007532582022484433,53.01072273421532,5.5538243022493665,188.80660845625968,338.7547160754686
15 Jul 2026 02:10:00.000000000,-6827.250672515433,-39.95904583645986,824.3766606952271,-0.6968561649085756,-4.619729470454945,-6.014854969580383,0.008378796222611706,5.1876353861279616e-05,-0.0010107319792311078,6.777855507406833,-144.77565269112745,499.11611400815434,6882.211326929719,0.0008243412173347802,53.011625948099734,5.553612439466524,193.55891154429446,337.80969569334
15 Jul 2026 02:11:00.000000000,-6853.955259995618,-316.850263779369,461.9269119837062,-0.1929510691730341,-4.606587034015161,-6.062360221545316,0.008412375340461102,0.0003917194539201314,-0.0005647378203007015,3.7259768485083065,-142.71528517342009,498.7595089833729,6882.396328591275,0.0008840329633791954,53.01220460140746,5.553525655008514,198.46394207246877,336.7120949126163
15 Jul 2026 02:12:00.000000000,-6850.386998192221,-592.3419767801671,97.43149253199049,0.3118654742424332,-4.5730954242837125,-6.083018336392528,0.008408539446225287,0.0007298992686557396,-0.00011612078308759701,0.6676451363985575,-140.6706197009439,498.5048808236965,6882.474479368343,0.0009317857842188403,53.01244828265295,5.553508976114168,203.50783438566899,335.47580263995695
15 Jul 2026 02:13:00.000000000,-6816.558573123907,-865.2171209237138,-267.4952370317114,0.8153476737424827,-4.519399531717353,-6.076731740213012,0.00836728835153612,0.0010648888855865385,0.0003330904029458577,-2.391969521261796,-138.62865742072927,498.35435878079943,6882.444364632754,0.00096726673413227,53.012352491027784,5.553506177300767,208.6867900858987,334.1046401799638
15 Jul 2026 02:14:00.000000000,-6752.617315210622,-1134.2700666690957,-631.2367173442688,1.3152549518006043,-4.445735490191365,-6.043524764580845,0.008288798964481777,0.001395175360872652,0.000780862690790923,-5.447715819140273,-136.57644142935237,498.30823162456306,6882.306490677892,0.0009903603273723836,53.01191871842375,5.553460772664209,214.0039811535004,332.5954576959973
15 Jul 2026 02:15:00.000000000,-6658.844568131258,-1398.3120637485492,-992.1815057891671,1.809362552483072,-4.352429599426769,-5.9835435846262826,0.00817342445858393,0.0017192678156928883,0.0012251695963937208,-8.494363996537281,-134.50084805789166,498.3649526355903,6882.063276833147,0.0010011683223689334,53.011154425647476,5.553317013400339,219.46813461369283,330.93954912724536
15 Jul 2026 02:16:00.000000000,-6535.65442347917,-1656.1766069594514,-1348.7305687620621,2.295472062353423,-4.239896766137555,-5.897055505510379,0.008021692199249824,0.002035705364637277,0.0016640020166428077,-11.526505831283362,-132.38837636853617,498.52117832861336,6881.719013084013,0.001000006309425841,53.01007291314245,5.5530208729787525,225.09305497106823,329.1231293468752
15 Jul 2026 02:17:00.000000000,-6383.5918286103515,-1906.724694306232,-1699.3045118347184,2.7714217711077165,-4.108638476588812,-5.784447604628097,0.007834300462420127,0.0023430647884920748,0.0020953788642543193,-14.538448387447248,-130.22493416682562,498.77184007885285,6881.2797839581945,0.0009873971342901939,53.008693088404044,5.552521002478404,230.89776400624086,327.12719397444437
15 Jul 2026 02:18:00.000000000,-6203.330079419017,-2148.8499498728556,-2042.35070957745,3.2350968009762076,-3.959240318355639,-5.646224743973162,0.007612114000233362,0.002639967869608297,0.0025173574039449144,-17.524097916987223,-127.99561995445019,499.11024714778,6880.753360080434,0.0009640613769244245,53.00703913410323,5.551769639167971,236.9071383821462,324.9268814022167
15 Jul 2026 02:19:00.000000000,-5995.667713917941,-2381.48358501534,-2376.3502978566185,3.684438937906471,-3.7923690737249784,-5.483006973786454,0.007356158530960645,0.0029250883168427688,0.002928043183097359,-20.476830203803967,-125.68450228713216,499.52821897136613,6880.149059411193,0.0009309052750846637,53.00514008270291,5.5507234522253865,243.15303841796305,322.49034368419404
15 Jul 2026 02:20:00.000000000,-5761.524826375353,-2603.599172930235,-2699.82499286373,4.11745610268329,-3.6087694112685025,-5.295526354695795,0.007067614247736621,0.00319715821755497,0.0033255994615307835,-23.389343592983977,-123.27440138034977,500.0162439993919,6879.477580753245,0.0008890066678275224,53.00302930501478,5.549344310527612,249.67600100609997,319.7770533187234
15 Jul 2026 02:21:00.000000000,-5501.938825293783,-2814.217213361401,-3011.343702916121,4.532231406277223,-3.4092602055191095,-5.084623230878974,0.006747808455501666,0.0034549739660647994,0.0037082560589540847,-26.25349110181285,-120.74668316029124,500.56366187214235,6878.750812622351,0.0008395997598109333,53.00074392168341,5.547599958870545,256.52763969389434,316.73540290873916
15 Jul 2026 02:22:00.000000000,-5218.05966166526,-3012.4094660838296,-3309.528901147429,4.926931740618663,-3.1947305173398104,-4.851241991210989,0.006398207456734779,0.0036974016310875038,0.004074317554469474,-29.060088587387938,-118.08108418661601,501.1588653033313,6877.981621024431,0.0007840597984042392,52.99832414796376,5.545464590534382,263.7739626193439,313.2993870153301
15 Jul 2026 02:23:00.000000000,-4911.1445566520815,-3197.3030338261606,-3593.062729523771,5.299815863449062,-2.966135269419789,-4.596426358793826,0.0060204078125759355,0.003923381738015673,0.004422170789336618,-31.798697313253143,-115.25559814350177,501.78951771147683,6877.183620052974,0.0007238891331721952,52.99581258335686,5.542919305981207,271.49987209461506,309.3841024151062
15 Jul 2026 02:24:00.000000000,-4582.552260107136,-3368.0841773924694,-3860.692807117623,5.649241943641174,-2.724490652361694,-4.3213142516517085,0.005616127110706716,0.004131933456487512,0.004750291642916924,-34.45738198110937,-112.2464722358854,502.4427824109848,6876.370929510467,0.0006607065811259235,52.99325345866177,5.53995244942174,279.8150936839751,304.8798189180609
15 Jul 2026 02:25:00.000000000,-4233.736873136992,-3524.0018478948327,-4111.2377181840475,5.973674541168296,-2.4708692970260286,-4.027132258685479,0.005187194367626137,0.004322158196033499,0.005057251068536273,-37.022450205442134,-109.02838596201101,503.10555903881533,6875.557923963116,0.000596242419920075,52.990691853775,5.536559817240097,288.8615375846611,299.64461793983173
15 Jul 2026 02:26:00.000000000,-3866.241269246795,-3664.3709231313483,-4343.59215824746,6.271691003465952,-2.206395248241443,-3.715189775236309,0.004735540188533236,0.004493242625531083,0.005341720393773058,-39.478187633211405,-105.5749153694382,503.7647228505055,6874.758977757456,0.0005323411606854967,52.98817290010123,5.532744734452478,298.82120807115024,293.4964830693305
15 Jul 2026 02:27:00.000000000,-3481.6901494905196,-3788.5751372248105,-4556.73171906004,6.541987267050539,-1.9322387737151812,-3.386872841870135,0.00426318679839772,0.004644461143138411,0.005602475905492844,-41.80661576337781,-101.85942007982095,504.4073625640151,6873.9882105596525,0.00047097194716349096,52.98574098172891,5.528517997779189,309.9213004850571,286.2082031499386
15 Jul 2026 02:28:00.000000000,-3081.78276752825,-3896.069694614262,-4749.717295877981,6.783383059712327,-1.6496110401009236,-3.0436377283544602,0.003772238045228889,0.0047751778325990845,0.005838402753821368,-43.987318102013525,-97.85651895101527,505.0210125549925,6873.259237928288,0.000414237983321393,52.98343894955741,5.523897686242795,322.4273083322314,277.51426531209694
15 Jul 2026 02:29:00.000000000,-2668.2853605979017,-3986.3835613456927,-4921.699102966498,6.994826504211543,-1.359758685798012,-2.6870043023867303,0.003264869460722428,0.004884847949037664,0.006048498221074677,-45.997404486929625,-93.54432343951277,505.5938754023383,6872.584931301223,0.0003643539069922368,52.98130736234473,5.518908842617966,336.60427606401447,267.1496023787229
15 Jul 2026 02:30:00.000000000,-2243.0233222147294,-4059.121428298465,-5071.920285544375,7.175398129022506,-1.0639583173243263,-2.31854921960698,0.002743318446402904,0.004973018981976268,0.006231874410006189,-47.811710030122974,-88.9075411744264,506.1150310387982,6871.97719157183,0.0003235166881031984,52.97938376817449,5.513583031294398,352.6164518838989,254.94994029956945
15 Jul 2026 02:31:00.000000000,-1807.8731519267144,-4113.965342515428,-5199.720118492784,7.324314295219026,-0.7635109531112264,-1.9398989679306147,0.002209874634805886,0.005039331346664139,0.006387760412724453,-49.40334516761244,-83.94139936203487,506.57462906795394,6871.44674015866,0.00029355787217626975,52.97770203912959,5.507957780398493,10.357114179043458,241.02197201174326
15 Jul 2026 02:32:00.000000000,-1364.7542169165802,-4150.676004126688,-5304.536784007851,7.440930050952267,-0.4597364356005579,-1.5527227955909237,0.0016668704556209988,0.005083518753528439,0.006515504022534955,-50.74470973391154,-78.65602885671855,506.96406115543607,6871.002931138709,0.0002753529201750796,52.97629177101789,5.5020759180106875,29.30224227377469,225.88968702421909
15 Jul 2026 02:33:00.000000000,-915.6203593257918,-4169.093727544931,-5385.90972208696,7.524741426297961,-0.153967829430151,-1.1587255483544574,0.0011166719184669065,0.0051054083042403236,0.006614573051673756,-51.809033352649806,-73.08050948777354,507.2761107807595,6870.653587628127,0.0002682953146953929,52.97517775884046,5.495984814278783,48.593747562734364,210.411140664316
15 Jul 2026 02:34:00.000000000,-462.4513825700758,-4169.13906656297,-5443.481549102939,7.575387181341443,0.15245417913557535,-0.7596404378785213,0.0005616696062684304,0.005104920357833824,0.006684556313472192,-52.57238773692021,-67.26533992059387,507.5050780374349,6870.404865162823,0.00027038669540209236,52.97437955734608,5.4897355428610295,67.4022264742719,195.41570152882943
15 Jul 2026 02:35:00.000000000,-7.2444490259478735,-4150.813103833868,-5476.999540972838,7.5926500195905176,0.4581868688857018,-0.35722175974220793,4.2698577430380395e-06,0.005082068203701512,0.006725164320733692,-53.01594118876125,-61.28194325135401,507.6468775873699,6870.2611443611195,0.000279038912199026,52.9739111344992,5.483381976606166,85.26104305569743,181.36996934193917
15 Jul 2026 02:36:00.000000000,447.9945791797948,-4114.1974059002605,-5486.316678430801,7.5764572770989815,0.7618910457597298,0.04676242313797191,-0.0005531138954527641,0.005036957570373826,0.006736229743276484,-53.128047734436244,-55.21827341922476,507.69910830504307,6870.224954651097,0.0002919932103762569,52.973780624032486,5.476979833533304,102.1006984955908,168.34340589754473
15 Jul 2026 02:37:00.000000000,901.2598251182351,-4059.4536455324214,-5471.392252777501,7.526881095313581,1.0622365711265636,0.450537618242486,-0.0011080696812604638,0.00496978598967296,0.00671770765640487,-52.90568168875992,-49.17072715542675,507.66109358330226,6870.29693032201,0.00030782538270584793,52.97399018148747,5.470585690077586,118.07642467830709,156.1807419834002
15 Jul 2026 02:38:00.000000000,1350.5540769922454,-3986.8228936558176,-5432.292031222604,7.4441380828017,1.357907847877235,0.8523302503880443,-0.0016581954797033366,0.004880842024594836,0.00666967559791348,-52.35482862032916,-43.23397679446824,507.53389171373703,6870.475799621312,0.00032600701702108356,52.97453594629909,5.464255979155016,133.39077282678713,144.67938922322517
15 Jul 2026 02:39:00.000000000,1793.897432513086,-3896.6245836389317,-5369.1879816117325,7.328588467904582,1.647609256197643,1.2503750066401385,-0.002201107708237359,0.004770504360802464,0.006592333440215253,-51.48971980827794,-37.49123792166156,507.32027619695054,6870.758407071001,0.00034671766771273067,52.9754081105883,5.458045990856306,148.19110144222554,133.69195262032136
15 Jul 2026 02:40:00.000000000,2229.335877250768,-3789.2551511961437,-5282.357556977579,7.180734741207966,1.9300705305374506,1.642922167904008,-0.0027344497512491062,0.004639240749399315,0.006486003067712547,-50.331128514452146,-32.00729239019235,507.0246862812216,6871.139768628456,0.00037055919875784326,52.976591093422286,5.45200889352324,162.53385451852884,123.16195281728122
15 Jul 2026 02:41:00.000000000,2654.9497662045183,-3665.186353719692,-5172.182541059963,7.001219783821542,2.20405206823591,2.028244914857044,-0.003255900579133604,0.0044876067799359196,0.006351127837128355,-48.90417261640179,-26.825430750547593,506.65314846988315,6871.613158772298,0.0003982515746680535,52.97806381742038,5.446194792627909,176.3922062900336,113.11618180491996
15 Jul 2026 02:42:00.000000000,3068.862177695059,-3524.9632734290526,-5039.147456684414,6.790824474914224,2.4683501588636605,2.404646594346411,-0.0037631834942739627,0.004316244454715721,0.00618827178702743,-47.23610289266747,-21.9680800875673,506.2131701762625,6872.17022806193,0.00043036332489434684,52.97980008276035,5.4406498441573214,189.68846857196175,103.63229601445644
15 Jul 2026 02:43:00.000000000,3469.247108046369,-3369.2020094759346,-4883.837539808116,6.550464770133359,2.7218021212485937,2.7704679298205193,-0.004254075027887213,0.004125880527363748,0.005998118550178415,-45.35443094963945,-17.4399514546736,505.71360713871485,6872.80114920533,0.00046712144044828687,52.98176903190442,5.435415438236943,202.33433066159319,94.79857681743204
15 Jul 2026 02:44:00.000000000,3854.3374750632547,-3198.587064973127,-4706.93628309573,6.281188241472835,2.9632913328774135,3.1240941564646016,-0.004726413997722851,0.003917324564841295,0.005781469915755767,-43.28556427647938,-13.232315394228515,505.1645066324994,6873.49478918203,0.0005083244426665257,52.9839356967515,5.430527467472567,214.26352769486186,86.68126253246419
15 Jul 2026 02:45:00.000000000,4222.432897694369,-3013.868435916499,-4509.222554153781,5.984170069079038,3.191752133773031,3.463962058271939,-0.0051781107189946525,0.003691466688526428,0.0055392439813314945,-41.053956484191,-9.327298522255079,504.57692892708485,6874.238904513708,0.0005533499002568931,52.98626161845901,5.426015692974836,225.4481963877718,79.30819300365941
15 Jul 2026 02:46:00.000000000,4571.907218710417,-2815.8584101255246,-4291.567295033759,5.660708476463586,3.406174584273631,3.7885668806069477,-0.005607156342731658,0.0034492749496912375,0.00527247283211624,-38.68168698481542,-5.701556926068578,503.9627498297414,6875.020356360784,0.0006012235531579751,52.98870552888972,5.421903219258227,235.89937763557302,72.66830727274599
15 Jul 2026 02:47:00.000000000,4901.215736761894,-2605.4280856412774,-4054.9298113244035,5.3122196026860165,3.6056090535115035,4.096469088058588,-0.006011632277550165,0.0031917922970723972,0.004982299685701422,-36.1883520034285,-2.3290865177919047,503.33444752279667,6875.825341758016,0.0006507132155061734,52.99122408155169,5.418206087289195,245.65795923744696,66.72070107301731
15 Jul 2026 02:48:00.000000000,5208.902113874584,-2383.5036194924987,-3800.353661090341,4.940231808288536,3.7891706129421485,4.386300933738331,-0.006389719631308391,0.002920133097770377,0.00466997544306039,-33.59115545936091,0.8168113715162928,502.7048772342179,6876.639636992339,0.0007004214520279338,52.99377261902949,5.414932992807526,254.78285029951644,61.40645258902137
15 Jul 2026 02:49:00.000000000,5493.604924369314,-2151.0622193421614,-3528.9621560631185,4.546379416057663,3.956043207163951,4.656772802837893,-0.006739708592701902,0.0026354791799445697,0.0043368545940452845,-30.90511194150377,3.762268579376279,502.0870375694828,6877.4488488794905,0.0007488649182175139,52.99630596326782,5.412085134867715,263.34065214687047,56.65895164902131
15 Jul 2026 02:50:00.000000000,5754.063811406783,-1909.127892253854,-3241.9534898266443,4.132395892975183,4.105483572603783,4.906679290413897,-0.007060007656891222,0.002339075374293728,0.003984390435119343,-28.143300470366047,6.532120266509857,501.49383256770705,6878.23866951923,0.000794538018968808,52.998779214678244,5.409656197149662,271.39837425464714,52.4111838388951
15 Jul 2026 02:51:00.000000000,5989.125217927788,-1658.7669666132558,-2940.595510225303,3.700106485850156,4.236824873567834,5.134904971178411,-0.007349152587225863,0.0020322245417223168,0.0036141295694975214,-25.317130232428923,9.149548664998324,500.9378337161639,6878.995130007707,0.0008359630901630219,53.00114854589694,5.4076324623116045,279.0190906106308,48.6000741247508
15 Jul 2026 02:52:00.000000000,6197.747659715142,-1401.0834050956212,-2626.220155813399,3.2514203299388433,4.349480024733824,5.340429817693356,-0.007605814994028237,0.0017162820860976479,0.003227705673656239,-22.43659608091312,11.635974450283717,500.4310462550816,6879.704848565141,0.0008717303995366621,53.003371976134815,5.405993057208678,286.25980358697274,45.16862290740674
15 Jul 2026 02:53:00.000000000,6379.006509691257,-1137.2139284151779,-2300.2175788082836,2.7883220571347738,4.442944669489059,5.522334222908287,-0.007828810407233393,0.0013926499642899243,0.0028268325314950707,-19.51051277154527,14.011103398650688,499.98468412034265,6880.355268599973,0.0009005307943126328,53.00541011242167,5.404710324558754,293.1707355657813,42.06661426574094
15 Jul 2026 02:54:00.000000000,6532.098264396575,-868.3229714057265,-1964.0299796441166,2.312862937829759,4.51679978461829,5.679803583532742,-0.008017105716662639,0.0010627702185062263,0.00241329635394556,-16.54672388851398,16.293064605815765,499.60895779847016,6880.934882379633,0.0009211829454665697,53.00722684465255,5.403750314341052,299.79543979932663,39.250504910894016
15 Jul 2026 02:55:00.000000000,6656.344265879704,-595.5974946964991,-1619.145180789845,1.8271515980498967,4.570713883746093,5.812132402339555,-0.00816982585665261,0.0007281180692663727,0.0019889474199222285,-13.552285492332146,18.49859844389955,499.31287920137936,6881.433436212331,0.0009326563480190918,53.00878998217865,5.403073386139078,306.17132170991766,36.682902649904904
15 Jul 2026 02:56:00.000000000,6751.193854957487,-320.24167683027866,-1267.0899699272784,1.33334436071363,4.6044447946127915,5.918727870164096,-0.008286259617122677,0.0003901946198649717,0.0015556910916848007,-10.533626717640413,20.643268149934542,499.10408740615566,6881.842113361233,0.0009340906683098585,53.010071820739476,5.402634911655831,312.33032128134136,34.33188371138348
15 Jul 2026 02:57:00.000000000,6816.2269349494545,-43.47151306634991,-909.4232448242384,0.833635266588751,4.617840988671122,5.999112892061759,-0.008365864476352234,5.051923516226373e-05,0.0011154782751814714,-7.4966906033913245,22.741679727826938,498.9886987489431,6882.153691307509,0.0009248116704020482,53.011049629779656,5.4023860648951,318.2996154782556,32.17029000207814
15 Jul 2026 02:58:00.000000000,6851.1559285171825,233.4906517172547,-547.7289942210026,0.330245836508477,4.61084244555339,6.052928526743262,-0.008408270361211424,-0.00028937833283949345,0.0006702954098697918,-4.447058842797572,24.807702006670002,498.97118431719775,6882.3626704462,0.0009043437522966544,53.01170605161777,5.40227468596423,324.1022657856889,30.17508120811258
15 Jul 2026 02:59:00.000000000,6855.827114092279,509.42162769603294,-183.60915072619895,-0.1745853585646345,4.583481039577119,6.079935813914661,-0.00841328226182221,-0.0006279659914415303,0.00022215408677932685,-1.3900642082311745,26.854683312766056,499.05427735948996,6882.465371827366,0.0008724190274821108,53.01202940550305,5.4022462031694065,329.75777186359335,28.32678075243431
15 Jul 2026 03:00:00.000000000,6830.221332495374,783.1028933982819,181.32364695644165,-0.6786132491451825,4.535880440509258,6.080016970368643,-0.008380881645436183,-0.0009637174386979958,-0.00022691959667752777,1.6691056729992249,28.8956640890757,499.2389125388502,6882.460002136305,0.0008289828602971186,53.01201389128761,5.402244597053539,335.2825064706278,26.60904046122981
15 Jul 2026 03:01:00.000000000,6774.454058659063,1053.326088382135,545.4533442125988,-1.1795968674080712,4.468255526155194,6.053175942438246,-0.008311226637717753,-0.0012951202890800046,-0.0006748958287096773,4.725309631155763,30.94358649464316,499.52419830966807,6882.346684726516,0.0007741957785643223,53.01165968921929,5.402213389351239,340.6900018223624,25.00835378137264
15 Jul 2026 03:02:00.000000000,6688.774837791327,1318.898456056489,907.1677743334559,-1.675309921609518,4.380911309826612,5.9995383095467485,-0.008204650962823664,-0.001620684101679608,-0.0011197519014402206,7.773355883275816,33.01150289596635,499.90742301619173,6882.127456163666,0.0007084317272959993,53.01097295419837,5.402096639385203,345.99102614507615,23.5139787951846
15 Jul 2026 03:03:00.000000000,6573.56608977015,1578.6482077612986,1264.8659370910807,-2.1635512705866553,4.2742413912172905,5.919350540867633,-0.008061661656446508,-0.0019389482205004395,-0.001559482933896867,10.807903140618398,35.1127854182434,500.3840946128667,6881.806228395206,0.0006322726834204108,53.00996570470296,5.401839930320715,351.19330087244356,22.1182205927285
15 Jul 2026 03:04:00.000000000,6429.341289958001,1831.4297799019816,1616.9652135397175,-2.6421552257802627,4.148725944517476,5.812978614339109,-0.007882935591872978,-0.002248489341082103,-0.0019921123808480084,13.823356424358236,37.261338416494134,500.94801321184474,6881.3887173110315,0.0005464997195808981,53.008655608441565,5.401391327947594,356.3004603813988,20.81747111278662
15 Jul 2026 03:05:00.000000000,6256.7425388879565,2076.12895690747,1961.9084792723158,-3.1090016111911734,4.004929262578718,5.680906014254318,-0.007669314878508564,-0.0025479287238071766,-0.002415702214523804,16.813754033612838,39.471814786335784,501.5913749916656,6880.882339092977,0.00045208069321743386,53.00706566860714,5.400702295093851,1.309062505798734,19.615198221146787
15 Jul 2026 03:06:00.000000000,6056.5375373169445,2311.667834059242,2298.1710795264007,-3.5620255159311434,3.843496880457015,5.523731130174798,-0.007421801213857202,-0.0028359389832846,-0.0028283626752067595,19.772642002005732,41.75983525605566,502.30490537149797,6880.296076350541,0.0003501548985845151,53.00522381634675,5.3997285456539545,6.1993694614141654,18.531164399591773
15 Jul 2026 03:07:00.000000000,5829.615986901178,2537.009595754328,2624.267631068003,-3.9992266793986877,3.665152305596928,5.3421640858129615,-0.0071415492875666646,-0.003111250393853619,-0.0032282614987137856,22.69293231384896,44.14220681632126,503.0780187838764,6879.640316592295,0.00024201560249346177,53.00316241670272,5.398430823240975,10.899360299683979,17.637413934626835
15 Jul 2026 03:08:00.000000000,5576.9854401564235,2751.1630865086777,2938.7586176476816,-4.418678455440584,3.470693385166011,5.137023031643434,-0.006829859349310775,-0.003372656663257708,-0.003613632542905423,25.566741244448135,46.63713167831781,503.89900188037313,6878.926666079375,0.00012909621456955398,53.00091769679024,5.396775590853691,15.05338759054894,17.289615911551113
15 Jul 2026 03:09:00.000000000,5299.766626375523,2953.1871539143503,3240.256747966481,-4.818536308923389,3.2609883435381404,4.909229939206615,-0.006488169063942257,-0.003619020140027782,-0.003982783751610832,28.385204637733967,49.26439078456268,504.75521658892325,6878.16774253532,1.3353770187508531e-05,52.998529106328064,5.39473561950004,5.503437903457671,30.645803450039967
15 Jul 2026 03:10:00.000000000,4999.188282745697,3142.194744802136,3527.43304745812,-5.197045805713811,3.0369715246025386,4.659805938268285,-0.006118044781873728,-0.0038492764329844326,-0.004334104411000678,31.138268060086308,52.045474840709595,505.63331911657286,6877.37695054124,0.00010509936169528176,52.99603862181472,5.392290465528312,208.41423363193843,191.54127164036444
15 Jul 2026 03:11:00.000000000,4676.581522019736,3317.3567379702945,3799.0226577236326,-5.552550064894839,2.7996388744314107,4.389866240141139,-0.005721172357539506,-0.004062438436488426,-0.004666071672694659,33.814452076468854,55.00361980177923,506.5194907607634,6876.5682437209025,0.00022292152010152237,52.99349000661423,5.389426828365318,212.1440069418578,191.61780340381873
15 Jul 2026 03:12:00.000000000,4333.373769734024,3477.9054989800948,4053.830320085114,-5.883496649880511,2.5500431998772997,4.100614691539697,-0.005299347643357665,-0.004257599766431203,-0.004977256333871683,36.40059713554072,58.16368152403264,507.39967625585825,6875.755878011878,0.0003390642777984988,52.99092803997518,5.386138782496265,216.57955915478183,190.98860996875592
15 Jul 2026 03:13:00.000000000,3971.0823051504926,3623.1381446269884,4290.7355223905115,-6.1884438826778965,2.289289237950817,3.7933380033536324,-0.004854466783766153,-0.0044339376261464695,-0.005266327883719503,38.88159976351229,61.55175549054851,508.25982533711993,6874.954160429736,0.00045181774758332416,52.98839772853545,5.382427879643622,221.15379181763112,190.22079971292192
15 Jul 2026 03:14:00.000000000,3591.3074408271464,3752.419506757842,4508.6972908424805,-6.466066572665406,2.0185285693850155,3.4693996977435533,-0.0043885164214983174,-0.004590715130907002,-0.005532058839715153,41.24016322241788,65.19441410944574,509.0861332452181,6874.177197758117,0.000559517131256423,52.98594351415879,5.37830311950842,225.76555811930098,189.41552671235345
15 Jul 2026 03:15:00.000000000,3195.7253760590784,3865.1847870383103,4706.75861118061,-6.715161157674594,1.7389544077660797,3.1302338150882503,-0.0039035639170496936,-0.004727283129923077,-0.005773328412435843,43.45660268337182,69.1174032134382,509.86527601401616,6873.438649547318,0.0006605580287260719,52.98360849199908,5.373780789615621,230.38395034305083,188.60370330798568
15 Jul 2026 03:16:00.000000000,2786.080759391143,3960.9418960887156,4884.050465971973,-6.934650260726691,1.4517962930669526,2.777338419665173,-0.003401747665322592,-0.004843081571348795,-0.00598912554843016,45.508767615282935,73.34362753447628,510.58463657256146,6872.751489676647,0.0007534219267782444,52.981433652498886,5.368884177177529,234.99712003348665,187.7971800101534
15 Jul 2026 03:17:00.000000000,2364.178995066153,4039.2734720447233,5039.7954770129845,-7.1235866703231725,1.1583147155299547,2.412268939682674,-0.0028852675763370826,-0.0049376404608923695,-0.006178551409750141,47.372170317745,77.89029219654631,511.23251793952954,6872.127780541008,0.0008367015454201839,52.97945716059798,5.363643158047264,239.60001675851132,187.00100685869734
15 Jul 2026 03:18:00.000000000,1931.878327717745,4099.838575060877,5173.311143873582,-7.281156755622599,0.8597956927377957,2.03663137361049,-0.00235637576762409,-0.005010580467205729,-0.006340821354693374,49.02043216478926,82.7651974236719,511.79834008450035,6871.578463663904,0.0009091246149980867,52.97771368477071,5.358093670065561,244.19039642271213,186.21742527909163
15 Jul 2026 03:19:00.000000000,1491.0817387525885,4142.374055561109,5284.012671460947,-7.4066833301644515,0.5575453194456332,1.6520753907028494,-0.0018173674962882976,-0.005061613226804398,-0.006475266486249487,50.42616346881789,87.96245050319227,512.2728173656128,6871.11317022513,0.0009695754891468353,52.97623378763013,5.352277080047722,248.7672365968565,185.4474529669545
15 Jul 2026 03:20:00.000000000,1043.7286872069985,4166.695595088396,5371.415380974062,-7.499627978836385,0.2528843067566274,1.260287349770419,-0.0012705723400760686,-0.0050905413997761415,-0.006581334835217835,51.5623568812338,93.45826757547921,512.6481138177176,6870.74005462935,0.0010171141767496839,52.975043388758806,5.346239455541336,253.3299993498234,184.6916213090455
15 Jul 2026 03:21:00.000000000,591.7867267460831,4172.698419544971,5435.1367000256405,-7.5595928628795335,-0.052857475849254966,0.8629832561819012,-0.0007183456181551558,-0.005097258522064668,-0.006658592240048765,52.40427644859869,99.20799123593157,512.9179739524121,6870.465653837348,0.0010509924556479267,52.97416330915836,5.340030754122207,257.87822631674527,183.9503806026887
15 Jul 2026 03:22:00.000000000,137.24302975043085,4160.357685322803,5474.897728751608,-7.586322016633692,-0.3583464446125402,0.46190167363149326,-0.00016306002661774786,-0.005081748694145235,-0.006706722979563274,52.93166312023233,105.14570425731614,513.0778271335022,6870.294774744117,0.0010706667924564876,52.97360890528392,5.333703944461479,262.4112628764288,183.22437619435618
15 Jul 2026 03:23:00.000000000,-317.9041513943355,4129.728539426656,5490.524379641782,-7.579702147821769,-0.6622507228741046,0.05879660407035362,0.00039290255023388486,-0.00504408613727242,-0.006725530204918077,53.1308944601237,111.18754833900785,513.1248640039496,6870.230411421715,0.0010758078534189675,52.97338979906261,5.327314074574311,266.92801329978727,182.51469366945486
15 Jul 2026 03:24:00.000000000,-771.6540563172657,4080.9458551707544,5481.948089544388,-7.53976295051237,-0.9632455324914893,-0.3445696532641747,0.0009471591020680994,-0.004984434639397815,-0.006714936206434161,52.996621138708385,117.23888930111076,513.058083859313,6870.27369355778,0.0010663064547225046,52.97350970862139,5.320917303559494,271.4266620109049,181.82313794500305
15 Jul 2026 03:25:00.000000000,-1222.0119929643076,4014.223645433975,5449.206102889674,-7.466676936710364,-1.2600185490529525,-0.7464336545278972,0.001497333484710516,-0.004903046901998569,-0.006674982537312189,52.53245068215238,123.20408028383885,512.8783122852828,6870.423866918523,0.0010422758692348831,52.973966382689305,5.314569913778708,275.90429605569864,181.15261116326843
15 Jul 2026 03:26:00.000000000,-1666.9978894156318,3929.8541558194875,5392.441325688174,-7.360758789021202,-1.5512752150249738,-1.1450379673912294,0.0020410644019911656,-0.0048002637884536365,-0.00660583000250124,51.750483446673854,128.9964796686167,512.5881888013985,6870.678306153133,0.0010040504827253595,52.97475163983214,5.308327320812295,280.35633718667555,180.50768097075948
15 Jul 2026 03:27:00.000000000,-2104.654792496863,3828.2066404214343,5311.901750336584,-7.222464233246142,-1.8357440046893105,-1.5386383224177418,0.0025760134365137724,-0.004676513464113992,-0.006507758506950466,50.66983417292494,134.54626737397936,512.1921246784173,6871.032559741741,0.0009521808820647178,52.97585151184643,5.302243098525183,284.7756268647265,179.89549587458112
15 Jul 2026 03:28:00.000000000,-2533.0572842248225,3709.7258233130165,5207.939451778151,-7.052388426355364,-2.1121816337746466,-1.9255107506708986,0.0030998731836713515,-0.004532310407407572,-0.006381166742434251,49.3145360976839,139.80454717058615,511.69623152189547,6871.480426375172,0.0008874255753067959,52.97724648882175,5.2963680363155685,289.15086610436043,179.3273457422499
15 Jul 2026 03:29:00.000000000,-2950.3197869355854,3574.930049296263,5081.009156106121,-6.8512638521784766,-2.3793782053135906,-2.30395869706919,0.0036103755355974135,-0.004368254262950015,-0.006226571680035519,47.711310740460405,144.7436195245471,511.10822163820103,6872.014061549351,0.000810739725656737,52.978911861604054,5.290749245074985,293.4637958741115,178.82148172751846
15 Jul 2026 03:30:00.000000000,-3354.604727130718,3424.4091280860307,4931.666383444703,-6.619957714778433,-2.636162281079804,-2.6723200963984106,0.0041053001494477295,-0.004185028499151121,-0.00604460782256553,45.88759688067272,149.35439820374526,510.4372816204438,6872.62411266424,0.000723261630512842,52.9808181556895,5.28542932759042,297.68374365725856,178.40857000932183
15 Jul 2026 03:31:00.000000000,-3744.130527658624,3258.8218767537232,4760.565167761295,-6.359468817732075,-2.88140586569667,-3.02897439610511,0.0045824831208969,-0.003983398827678329,-0.0058360261627060424,43.87005434016974,153.64234876723023,509.693921006918,6873.299880444509,0.0006262985027210096,52.98293164897766,5.280445627903031,301.756145042591,178.14317046902462
15 Jul 2026 03:32:00.000000000,-4117.1793969759765,3078.8933661407586,4568.45535734906,-6.070923916846262,-3.114029287715408,-3.37234950634568,0.005039825865276878,-0.003764211336777314,-0.005601692783314364,41.68358764738464,157.62315048523513,508.88979827124774,6874.029504051468,0.000521315493550283,52.98521496434283,5.275829572872064,305.5755593123592,178.13072133311633
15 Jul 2026 03:33:00.000000000,-4472.1048835184365,2885.41187797555,4356.179501001512,-5.755573534161494,-3.3330059590926924,-3.7009286539279644,0.005475304192608861,-0.0035283902909479387,-0.005342587035067217,39.35082348829102,161.31884506459818,508.0375267958044,6874.800166841649,0.00040994035335992316,52.987627726666595,5.2716061174863516,308.9117984126439,178.601410391429
15 Jul 2026 03:34:00.000000000,-4807.339162517756,2679.2255806201483,4124.669326431309,-5.4147872225531,-3.537366991599991,-4.013257112732669,0.005886977541433732,-0.003276935548170545,-0.005059799222300269,36.89192915480725,164.75480625982436,507.1504638517672,6875.598319352271,0.0002940353244623518,52.99012727284029,5.267793303792878,311.15647683778616,180.16362525528123
15 Jul 2026 03:35:00.000000000,-5121.400022020558,2461.238932755369,3874.941819261199,-5.050048272876479,-3.7262056458861417,-4.307948779173585,0.006272998318073994,-0.0030109195503287864,-0.0047545277317203585,34.32465753199085,167.95756802770376,506.2424859531033,6876.409915766195,0.00017616482889949025,52.99266940230745,5.264401941172151,310.05227629639177,185.07468878489544
15 Jul 2026 03:36:00.000000000,-5412.897514495844,2232.4088258334828,3608.0949129279916,-4.662947859365268,-3.898681586400893,-4.583692557442289,0.006631621269130184,-0.002731483847630012,-0.004428075543327096,31.66452463769822,170.95339492109642,505.3277542583979,6877.220659835688,6.557844687719606e-05,52.99520915499526,5.261435413730241,287.51192729285304,211.42187754990013
15 Jul 2026 03:37:00.000000000,-5680.5402402955915,1993.7404778102427,3325.302802069991,-4.255178623845157,-4.054024913240915,-4.839258515874184,0.006961212798262995,-0.0024398351256935294,-0.004081846071289209,28.92505202158041,173.76742671831187,504.4204739542871,6878.016256032627,8.440937460432393e-05,52.997701602990325,5.25888961820906,184.79137985143717,317.9492510945602
15 Jul 2026 03:38:00.000000000,-5923.1412294462525,1746.2830924396876,3027.810894385074,-3.828527705123793,-4.191539940384834,-5.0735037729464345,0.00726026012227604,-0.002137240713225176,-0.003717338293073866,26.118029968036762,176.4232343663788,503.53465175684164,6878.782661548756,0.0001967431540793883,53.00010264205799,5.25675303368179,171.31422549198373,335.23322989834253
15 Jul 2026 03:39:00.000000000,-6139.6233888246925,1491.1253002901071,2716.9304185088235,-3.3848692265396965,-4.310608688792725,-5.285378069335453,0.007527380151649147,-0.0018250235603276324,-0.003336141139931495,23.253775494272972,178.94265313444367,502.6838558026691,6879.506334700837,0.0003109055517498529,53.00236976909113,5.2550069218497,171.38078998134796,338.9735025082978
15 Jul 2026 03:40:00.000000000,-6329.02448277642,1229.3903995301675,2394.032708119243,-2.9261562618721677,-4.41069406259224,-5.473928981258234,0.007761327970237654,-0.0015045566890853211,-0.00293992713618262,20.341371573913577,-178.65420742507033,501.8809822597787,6880.17447530443,0.0004209357171975706,53.00446283180345,5.253625654565174,174.10287273344917,340.05828597199013
15 Jul 2026 03:41:00.000000000,-6490.501616677099,962.2314164341394,2060.54318517317,-2.454412307440809,-4.491342677080443,-5.638306730099605,0.007961004785187836,-0.0011772571319122315,-0.002530445292571338,17.388881956911835,-176.34884713517977,501.1380329618909,6880.77525267222,0.000524709597749139,53.00634473745328,5.252577162908967,177.80084076632167,340.1672316650936
15 Jul 2026 03:42:00.000000000,-6623.335194848522,690.826007392112,1717.935067854722,-1.9717222959952685,-4.552187308592564,-5.777768544159004,0.00812546521846664,-0.0008445793866974288,-0.00210951327692308,14.403540688869487,-174.12419937424536,500.4659082519486,6881.298017068051,0.0006206908643888724,53.007982108085194,5.251823500031285,181.9840067234837,339.79104700976274
15 Jul 2026 03:43:00.000000000,-6726.932326612367,416.37122594765447,1367.7228314060403,-1.480223195670439,-4.592948938416764,-5.891682530265359,0.008253923813059885,-0.0005080084306213652,-0.0016790089027597255,11.39191805131093,-171.96442551514377,499.8742190084005,6881.733490707575,0.0007076074147497213,53.009345870700976,5.251321507954838,186.46077913859313,339.12134490907755
15 Jul 2026 03:44:00.000000000,-6800.829657085308,140.07817997427694,1011.4554524522325,-0.9820942446070726,-4.613438365842617,-5.979531015998692,0.008345760637294487,-0.0001690523477749992,-0.0012408609949817486,8.360065955391946,-169.85469743538349,499.37112152008064,6882.073934736318,0.0007843956705008797,53.01041177189987,5.251023576683882,191.14389588156268,338.2454099644157
15 Jul 2026 03:45:00.000000000,-6844.695602561104,-136.83339450651127,650.7094696604947,-0.47954687856052336,-4.613557369064451,-6.040913327276573,0.008400525881193062,0.00017076536334925958,-0.0007970397077747505,5.313646373050017,-167.78097791434706,498.96317847583174,6882.313289032715,0.0008501938698467404,53.011160807843154,5.25087848231431,195.99072497040416,337.2058972972028
15 Jul 2026 03:46:00.000000000,-6858.331973943794,-413.14061521228484,287.08189553231307,0.025185585286680617,-4.593299396933262,-6.0755479710257125,0.00841794335490887,0.0005099137264323266,-0.0003495463847186251,2.2580465342909806,-165.7298035318561,498.6552488499789,6882.447282169546,0.000904346401043862,53.01157956187746,5.250832289460896,200.98083683916613,336.02325989097704
15 Jul 2026 03:47:00.000000000,-6841.674975635146,-687.6229626527632,-77.81698423527273,0.5298584402250545,-4.552749779351471,-6.08327419844434,0.008397912817536605,0.0008468623841567226,9.959693625228783e-05,-0.8015154255498398,-163.68807140070928,498.4504089039538,6882.473509413165,0.0009464095964260282,53.01166044376866,5.250829302129966,206.10639297310692,334.7053595494076
15 Jul 2026 03:48:00.000000000,-6794.795571474796,-959.0677872272045,-442.3708861112476,1.0322261858799835,-4.492085449307822,-6.064052930818642,0.00834051108683681,0.0011800897660254675,0.0005483582606696595,-3.8598907902651787,-161.64282908646064,498.349905902405,6882.391477234703,0.0009761559226697432,53.01140182622518,5.250813046285208,211.36769278771294,333.25191960078644
15 Jul 2026 03:49:00.000000000,-6717.899213705023,-1226.2757849893783,-804.964840236244,1.5300531539483944,-4.411574175006967,-6.017967036811294,0.008245991902291893,0.0015080912349101435,0.0009947064991532673,-6.911903073934536,-159.5810659849396,498.3531454740581,6882.202613438476,0.0009935754376557751,53.01080807619801,5.250727266814398,216.77108028511014,331.65661782281825
15 Jul 2026 03:50:00.000000000,-6611.32493540527,-1488.0664127647779,-1163.992499044502,2.021124088784694,-4.311573306106654,-5.945220957397102,0.00811478453743467,0.0018293871196819833,0.0014366223304268398,-9.952249877087834,-157.48950400698743,498.457712852939,6881.910242665901,0.000998874100335953,53.00988948030071,5.250516921254616,222.3280733388925,329.90795674415733
15 Jul 2026 03:51:00.000000000,-6475.543811326798,-1743.2832137165149,-1517.863403961161,2.503254608324583,-4.192528043574182,-5.846139681975318,0.00794749118350863,0.0021425305438057345,0.0018721089435538411,-12.975400325428437,-155.35438556693208,498.6594275332419,6881.519527693625,0.000992468856181507,53.00866206556494,5.250129152737092,228.055226443244,327.9894004942519
15 Jul 2026 03:52:00.000000000,-6311.156796472745,-1990.7990251786273,-1865.0101715565208,2.974301472764656,-4.054969247957545,-5.7211670864310715,0.007744883147527918,0.002446114964481702,0.0022992025408400027,-15.975484548759235,-153.16125762131458,498.9524301817026,6881.037377597033,0.000974979628347259,53.007147318601056,5.24951422490109,233.9745231591721,325.8789819759615
15 Jul 2026 03:53:00.000000000,-6118.891956028189,-2229.521041615309,-2203.895561383664,3.432172591707762,-3.8995108057836028,-5.570863650844903,0.007507895930153049,0.002738781344132786,0.0027159824895678255,-18.946171544293257,-150.89475202578177,499.3292999940615,6880.472324480073,0.0009472185123436195,53.00537180803791,5.248626402208905,240.11423923019487,323.5484393955918
15 Jul 2026 03:54:00.000000000,-5899.601104272834,-2458.3957068796867,-2533.019388970314,3.8748367050154315,-3.7268465782130815,-5.395903580967612,0.007237623269753629,0.003019224885847978,0.0031205810212410977,-21.88053167615433,-148.53836509544988,499.78120007499047,6879.8343710651025,0.0009101766391005986,53.003366716837164,5.24742476001571,246.5103061144879,320.9618524099097
15 Jul 2026 03:55:00.000000000,-5654.25587383393,-2676.413411513847,-2850.9252490455824,4.300332678230221,-3.537746959880003,-5.197071363313411,0.006935310253684849,0.003286201275125529,0.003511192389199071,-24.770880091576593,-146.0742434860932,500.29804787983295,6879.134811979581,0.0008650093618381353,53.00116729268556,5.245873909988298,253.2082727156865,318.0736801139766
15 Jul 2026 03:56:00.000000000,-5383.943239999951,-2882.612972605878,-3156.2070160126664,4.706778359944089,-3.333055078929652,-4.975257788630942,0.006602345611181466,0.0035385323826183225,0.0038860814103088264,-27.608597656424905,-143.48299011863185,500.8687072935896,6878.386032057766,0.0008130206565860922,52.998812226132515,5.243944627951631,260.2660238668648,314.82604232067024
15 Jul 2026 03:57:00.000000000,-5089.860527771038,-3076.0858756550674,-3447.5150908770015,5.0923789556712835,-3.1136826715791948,-4.731455482473688,0.00624025331371694,0.003775111397055786,0.004243591333995725,-30.38392691334082,-140.7435138778547,501.4811985483297,6877.6012853872235,0.0007556479213080734,52.99634296743727,5.2416143729482005,267.7574644380892,311.14503526612884
15 Jul 2026 03:58:00.000000000,-4773.3099318319255,-3255.9802599489176,-3723.5623662511393,5.455434880398721,-2.8806056660181416,-4.466753984525793,0.005850683609753079,0.0039949073694566664,0.0045821509977312155,-33.08574249853551,-137.8329614973905,502.12292189893367,6876.794459161817,0.0006944487124064327,52.99380299419203,5.238867688206646,275.77738667617217,306.93586413631493
15 Jul 2026 03:59:00.000000000,-4435.692581681026,-3421.5046310753864,-3983.129883614728,5.7943490597743015,-2.6348595111348736,-4.1823344202087815,0.005435403625151992,0.0041969691650683505,0.004900281247607038,-35.701299105008985,-134.72679069870577,502.7808907924992,6875.979826654228,0.0006310912972663647,52.99123704267635,5.235696476840483,284.44760964342197,302.07670355080523
15 Jul 2026 04:00:00.000000000,-4078.502185731886,-3571.9312863241767,-4225.0721596524045,6.107633657599543,-2.3775342854294013,-3.879463808893648,0.004996287655161397,0.004380428831367779,0.0051966006193527245,-38.21596642475509,-131.39907103107709,503.441970176336,6875.171793783629,0.0005673509322295533,52.988690316558625,5.232100147281665,293.92396454819516,296.4117122129506
15 Jul 2026 04:01:00.000000000,-3703.31828932886,-3706.599440835324,-4448.322161157219,6.393916214676081,-2.109769620598306,-3.559489052811633,0.004535307266764829,0.004544504402621536,0.005469830291955246,-40.61297078257176,-127.82313185270156,504.09311558997484,6874.384643832904,0.0005051125938174442,52.98620768697658,5.228085625777596,304.4022182288515,289.7451094657654
15 Jul 2026 04:02:00.000000000,-3311.799182314946,-3824.9180443832706,-4651.895910612789,6.651945190883979,-1.832749472737819,-3.2238306495728146,0.004054521319519957,0.0046885021716739726,0.005718798341066564,-42.873178681084575,-123.97271006852462,504.72160877085247,6873.63228486146,0.00044637613680069676,52.98383289819713,5.223667235652126,316.117426770711,281.8418217738788
15 Jul 2026 04:03:00.000000000,-2905.6744920929054,-3926.3682806042048,-4834.896707099775,6.880594908448014,-1.5476967720082462,-2.87397616917345,0.0035560659988663253,0.004811818468298965,0.005942443332598052,-44.974978902308,-119.82376994586046,505.3152856632922,6872.928004271228,0.00039324647335055,52.9816077929675,5.218866445406501,329.32397671284934,272.4474416736313
15 Jul 2026 04:04:00.000000000,-2486.737498090144,-4010.505742250202,-4996.5189495600225,7.078869899504487,-1.255867979067853,-2.5114735336498133,0.0030421449392888074,0.004913940989269127,0.006139817306840835,-46.89434585631663,-115.35714707627695,505.86275294583913,6872.284234816087,0.00034786253846755396,52.97957157133159,5.213711490055317,344.23377369690434,261.35003933700244
15 Jul 2026 04:05:00.000000000,-2056.837203172325,-4076.9622776782667,-5136.051551676302,7.245908665222277,-0.958547573707229,-2.1379241342353374,0.0025150194964282994,0.004994449728971229,0.0063100882105684404,-48.605191914159064,-110.56206707831987,506.3535894735666,6871.712336108131,0.0003121799028598102,52.97776009609724,5.2082368723810575,0.8917487967298949,248.50465650780714
15 Jul 2026 04:06:00.000000000,-1617.870197151772,-4125.4475051932,-5252.880939575573,7.38098685667426,-0.6570424982117706,-1.7549758173819368,0.001976999209530533,0.005053017562347719,0.006452541840831165,-50.080127808710515,-105.44035978323073,506.77852935851666,6871.222395371365,0.0002875326522197822,52.97620525731828,5.202482752911715,19.01876521918155,234.1904001149763
15 Jul 2026 04:07:00.000000000,-1171.7723465968904,-4155.749993167187,-5346.493625430481,7.483519889629917,-0.35267657478989195,-1.3643157670140107,0.0014304324741120549,0.00508941052787472,0.006566583361414845,-51.29172707881147,-100.01081010551385,507.1296237746907,6870.82305083412,0.0002740847208049256,52.97493440710704,5.196494239432578,37.96140866857973,219.06065226688503
15 Jul 2026 04:08:00.000000000,-720.5103446510302,-4167.738104882833,-5416.4783514749115,7.553065006052838,-0.0467849137115695,-0.9676633068769122,0.0008776974291508571,0.005103487857682288,0.006651738454101667,-52.21430955356992,-94.31262165245178,507.40037896385667,6870.521340742461,0.00027058896319870454,52.973969874845984,5.19032058864226,56.89750299285489,203.93755500200407
15 Jul 2026 04:09:00.000000000,-266.07315361363504,-4161.36050799253,-5462.5278003374415,7.589322794857448,0.25929167393398556,-0.5667626431718796,0.00032119304506126976,0.005095201796402205,0.006707654161751131,-52.8261104822545,-88.4066263292363,507.58586832885686,6870.322580526162,0.00027481629813210005,52.97332857143359,5.184014334122727,75.1875537101538,189.46056719129845
15 Jul 2026 04:10:00.000000000,189.53662763604197,-4136.646349238338,-5484.4398686858385,7.592138183198076,0.564212247140162,-0.16337556459905522,-0.0002366696160423781,0.0050645972395839305,0.006734099467791208,-53.111515075557335,-82.37297888748445,507.6828169252393,6870.2302701636645,0.00028441603505163717,52.97302168961467,5.177630356106869,92.56411721942709,175.8970957819292
15 Jul 2026 04:11:00.000000000,644.3114399327224,-4093.7050957230376,-5482.11850211681,7.5615009075359385,0.8666412795785854,0.24072588564962194,-0.0007934760065708816,0.0050118112186339075,0.006730965652707305,-53.06289316237196,-76.30487571340083,507.6896570951418,6870.246033280601,0.0002976225100231454,52.97305450573129,5.171224909601391,109.06279467248217,163.21150239746285
15 Jul 2026 04:12:00.000000000,1096.247452884672,-4032.7260445786105,-5455.574090024406,7.497545471104752,1.16525416910811,0.643766753311687,-0.0013468166142250194,0.004937072246107977,0.0066982664518235166,-52.68156762134034,-70.29919053467822,507.6065544263072,6870.369588985574,0.000313531176583894,52.97342628642034,5.164854628125251,124.84978918538101,151.23754660910257
15 Jul 2026 04:13:00.000000000,1543.353236064304,-3953.9775033808924,-5404.923419884272,7.4005505913891865,1.4587427040047247,1.043976520394187,-0.0018942954490645274,0.0048406995251305245,0.006636138025662808,-51.97764330200208,-64.44618605441241,507.4354036610577,6870.598756903378,0.0003320343136496953,52.97413030191123,5.158575520801348,140.08485689239726,139.81543536693172
15 Jul 2026 04:14:00.000000000,1983.6583818032734,-3857.805644149015,-5330.389191051102,7.270938138077929,1.7458204776618342,1.4395964452518493,-0.0024335385495795952,0.004723102018265924,0.006544838743000416,-50.96874597919932,-58.82086988599623,507.17979462296506,6870.929495316705,0.00035358342725953475,52.97515394567493,5.152441980592892,154.85285698787985,128.8602734378868
15 Jul 2026 04:15:00.000000000,2415.2220490593813,-3744.6330342628607,-5232.29908882121,7.109271558861901,2.0252282429016337,1.8288868837668038,-0.0029622025570749787,0.00458477735910463,0.006424748760250728,-49.67801943825176,-53.47784377480098,506.844948671669,6871.355971780181,0.00037888761244184144,52.97647895827758,5.146505821364968,169.1500367749629,118.37577882416205
15 Jul 2026 04:16:00.000000000,2836.141397416739,-3614.9568482316613,-5111.084420258438,6.9162537877364345,2.295739195695273,2.21013457854606,-0.003477983399699063,0.004426310580875976,0.006276369367895401,-48.13186640423687,-48.45011786347207,506.4376266369176,6871.87066503058,0.00040861614480479743,52.9780817514341,5.14081536084254,182.90625793642442,108.43205693831968
15 Jul 2026 04:17:00.000000000,3244.559880105854,-3469.3467648547103,-4967.278314071725,6.692724628177415,2.5561641765019343,2.5816599011990355,-0.003978625118583571,0.004248372630843363,0.00610032206618789,-46.35786694551932,-43.75112295643809,505.96600961939123,6872.46449649335,0.0004431617016310657,52.97993382647189,5.135414565769885,196.0249985054784,99.12559905119129
15 Jul 2026 04:18:00.000000000,3638.675364202427,-3308.442555134005,-4801.513487838215,6.439657602121487,2.8053567751368957,2.9418240298741116,-0.004461928852929393,0.004051718629889457,0.005897347318108439,-44.38314005728214,-39.37856353996565,505.43955447561245,6873.126989182689,0.00048250414513253536,52.98200227973401,5.130342274416604,208.42255449246977,90.54008104918422
15 Jul 2026 04:19:00.000000000,4016.748045696336,-3132.9513671878426,-4614.519587006264,6.1581562550401925,3.042218322694186,3.2890360411242945,-0.004925761986623692,0.0038371858355070684,0.005668302924231614,-42.23323238998999,-35.318813743916046,504.86882622335656,6873.846451319948,0.0005261813422825592,52.984250385906414,5.125631510243028,220.0525743783235,82.72182928429562
15 Jul 2026 04:20:00.000000000,4377.108126491635,-2943.644715494631,-4407.120101484415,5.849449907816133,3.2657027513747727,3.621759891575605,-0.005368067439784575,0.0036056912625582593,0.00541416195681676,-39.93148850174356,-31.550967288839995,504.26531000700624,6874.610181558575,0.0005733402252748184,52.986638248871564,5.121308898830023,230.9121914758961,75.6736885102429
15 Jul 2026 04:21:00.000000000,4718.163219875664,-2741.355183021277,-4180.228867213867,5.514888847623693,3.474821300403315,3.9385212611340887,-0.005786873071472834,0.003358228918357182,0.0051360101914365896,-37.49879492034007,-28.050107089603753,503.64120564368346,6875.40469231241,0.0006228277902005308,52.98912350849569,5.117394198412217,241.03484204483334,69.36220401449482
15 Jul 2026 04:22:00.000000000,5038.405450585661,-2526.972846184275,-3934.8461619422833,5.155938952645459,3.668647043633481,4.237914225738797,-0.006180301139918478,0.0030958666105116053,0.004835042974565154,-34.95357972594416,-24.78969764548911,503.0092081219448,6876.215947343818,0.0006732888220116759,52.991662090772074,5.113899952239434,250.47765735632646,63.730229746084305
15 Jul 2026 04:23:00.000000000,5336.41821539362,-2301.4414341242687,-3672.0544064593214,4.774175749186246,3.846319212125617,4.518607724144255,-0.0065465777486055626,0.0028197422915083132,0.004512561471044298,-32.311966511608986,-21.743191588653385,502.3822777374799,6877.029609488209,0.0007232523858895025,52.99420898798139,5.110831268890973,259.30931571623097,58.70907642793816
15 Jul 2026 04:24:00.000000000,5610.882570176534,-2065.754235444813,-3393.0134847980935,4.371277904526592,4.007047283037126,4.779351780089532,-0.006884042191391875,0.002531059912477988,0.0041699682446914585,-29.58800786684215,-18.885014644493218,501.7734038144159,6877.831294176835,0.0007712017744317348,52.996719055011546,5.1081857343263595,267.60098977102115,54.2275643274347
15 Jul 2026 04:25:00.000000000,5860.583209811476,-1820.9497673286473,-3098.9556993197098,3.949020164560171,4.150114804745418,5.018983438660152,-0.007191156093016614,0.0022310847663745683,0.0038087621339506095,-26.793948566612695,-16.191098251405027,501.19536616629654,6878.606824278777,0.0008156293080126844,52.99914780770579,5.1059534571586225,275.4207106751394,50.217659105841335
15 Jul 2026 04:26:00.000000000,6084.414007969948,-1568.1072237873425,-2791.1803791441193,3.5092657517490697,4.274882927308418,5.236432373828712,-0.007466512233073409,0.0019211383138404653,0.003430532400725939,-23.940488361885937,-13.639103381515925,500.66049858822765,6879.342481719631,0.0008550795004976114,53.00145220908831,5.104117246203104,282.83044258930113,46.61739727727495
15 Jul 2026 04:27:00.000000000,6281.383085042513,-1308.3417216520425,-2471.048163012485,3.0539582459877455,4.38079360727081,5.430726123211708,-0.007708842930497566,0.0016025924954804164,0.0030369521433491874,-21.03702813716,-11.208445026027631,500.18045873099123,6880.025251354111,0.0008881839097342899,53.00359142954931,5.102652917099256,289.8849647644226,43.37200402376656
15 Jul 2026 04:28:00.000000000,6450.617374008956,-1042.799364768719,-2139.974980315239,2.5851129784041347,4.467372456471059,5.600994906097132,-0.007917027863821062,0.0012768635486621138,0.0026297709833252494,-18.091892196698407,-8.88019514224233,499.7660086817141,6880.643052673112,0.0009136900645552188,53.00552756754986,5.101529722424753,296.6318147821715,40.43394979765238
15 Jul 2026 04:29:00.000000000,6591.366656112637,-772.6521486384012,-1799.4257566318931,2.1048079756763585,4.534231205955574,5.746475981852087,-0.008090101201797146,0.0009454053595014262,0.002210807052270722,-15.11252488398923,-6.636916439601807,499.42681045799463,6881.184955116723,0.0009304859345909623,53.00722631812591,5.100710897601966,303.11177825333436,37.76246041325885
15 Jul 2026 04:30:00.000000000,6703.007040688897,-499.0927294182486,-1450.90787263846,1.6151744998702056,4.581069758341461,5.866517507938658,-0.00822725792208575,0.0006097023938226858,0.001781938323108273,-12.105662802987018,-4.462460583600117,499.17124040971237,6881.641373038243,0.0009376207170243564,53.00865757741146,5.1001543128110205,309.35960672701236,35.32279887893427
15 Jul 2026 04:31:00.000000000,6785.043866423163,-223.3290827092331,-1095.964407587476,1.1183872358462548,4.607677804970367,5.960581859936379,-0.008327859207006105,0.0002712622634547284,0.001345093347499472,-9.077485482463144,-2.341751214700801,499.0062262149292,6882.004236720197,0.0009343222670673144,53.009795972551196,5.099813219305914,315.40478228622925,33.08550049870451
15 Jul 2026 04:32:00.000000000,6837.114004642245,53.42092112684484,-736.1672006894956,0.6166541847109224,4.613935987894521,6.028248380141036,-0.008391436813879749,-6.839200521459673e-05,0.0009022414765635971,-6.033748018634951,-0.26056328342666446,498.9371097566937,6882.267136273667,0.0009200112405819759,53.01062130770766,5.099637076832781,321.27223195137066,31.025658127721346
15 Jul 2026 04:33:00.000000000,6858.9875489290125,329.93499730990703,-373.10976556906087,0.11220632735896169,4.599816591054109,6.06921552639277,-0.008417696336971321,-0.0004077299237007086,0.00045538265701879576,-2.97989944413523,1.794695617848029,498.9675386828027,6882.425435750838,0.0008943118880893707,53.011118918364744,5.099572447458699,326.98294180967986,29.122307669483728
15 Jul 2026 04:34:00.000000000,6850.568879337017,604.9919540382443,-8.400094482004878,-0.39271287331628335,4.565383749825936,6.0833023986578025,-0.008406519294638247,-0.0007452216310465617,6.536906325400255e-06,0.07880944941715161,3.8371999414750873,499.0993888910857,6882.476355356127,0.0008570593927114472,53.0112799277616,5.09956393997596,332.5544409345788,27.35794375778234
15 Jul 2026 04:35:00.000000000,6811.897093700783,877.3771978336167,356.3466098759282,-0.8958580596415733,4.510793173319388,6.070449627394275,-0.008357963997361228,-0.001079346031639486,-0.0004422664203966723,3.137225214714217,5.879917159300609,499.3327195617415,6882.4190202423715,0.0008083036488534436,53.01110140102763,5.099555188127593,338.0011235948201,25.718197130464475
15 Jul 2026 04:36:00.000000000,6743.145802913761,1145.8882075635242,719.5152363976431,-1.3949925819181273,4.436291379222375,6.03071961469677,-0.008272265175185171,-0.0014085988896966873,-0.0008889994527043209,6.190194265503357,7.935816567029299,499.665761693024,6882.254475013191,0.0007483094136971181,53.010586394400555,5.099489845406822,343.33435037897056,24.191733076875774
15 Jul 2026 04:37:00.000000000,6644.62229149667,1409.339948018253,1079.4980625445473,-1.88789904222487,4.342214446499728,5.964296126441185,-0.008149832366883193,-0.001731500789012039,-0.0013316465949783465,9.232465358982052,10.018078024081134,500.0949404039994,6881.985663704238,0.0006775528181022564,53.009743898762984,5.0993125788518245,348.5621903667891,22.770508834926922
15 Jul 2026 04:38:00.000000000,6516.766049221434,1666.5701944053906,1434.702007503778,-2.372389705619049,4.228986296665129,5.8714832409369295,-0.007991247096843141,-0.002046604869293644,-0.0017682151636132357,12.258588598014903,12.140302720467561,500.6149305692061,6881.6173756720555,0.0005967142932779666,53.00858867859632,5.098970044336371,353.68845746518105,21.450736827584333
15 Jul 2026 04:39:00.000000000,6360.146683906129,1916.4447399223693,1783.5558032956826,-2.846316707323599,4.097116519529532,5.752703666730578,-0.007797258888480798,-0.0023525042555096673,-0.0021967457547351333,15.262807447225354,14.31672746722207,501.2187446638628,6881.156158463208,0.0005066680626272914,53.00714100928932,5.098411826156214,358.7100804091134,20.235514245769494
15 Jul 2026 04:40:00.000000000,6175.4612296684645,2157.8624596814475,2124.517046563309,-3.3075819880717514,3.9471977641212166,5.608496448991841,-0.007568780184364902,-0.0026478391045046514,-0.0026153222333820583,18.238940154847704,16.56244269920761,501.8978510446651,6880.610199355003,0.0004084685144512591,53.005426317523245,5.097591324464184,3.609727040172422,19.142198372091563
15 Jul 2026 04:41:00.000000000,5963.5308688524165,2389.76020562408,2456.079095122274,-3.7541468945571115,3.779902719753975,5.439514090161652,-0.007306880262535575,-0.0029313032025035848,-0.003022081245545623,21.180246874225016,18.893612078765038,502.64232028730646,6879.9891778372075,0.0003033342820876465,53.00347473115203,5.096466574948146,8.33133298132863,18.22687753355954
15 Jul 2026 04:42:00.000000000,5725.29708944873,2611.1175086817466,2776.777775050446,-4.184041387782876,3.5959807158664105,5.246519116083886,-0.007012778253889301,-0.003201650058685117,-0.003415221167594618,24.07927877131098,21.327687834147028,503.44099666407067,6879.304091831915,0.0001926337954386125,53.001320546577354,5.09500098640876,12.666823408491481,17.697648988914608
15 Jul 2026 04:43:00.000000000,5461.8173030639655,2820.9610662467567,3085.197866103491,-4.595372808798668,3.396253972185077,5.030380123534507,-0.006687835378537193,-0.0034576984525202864,-0.0037930104227215404,26.927705637571155,23.88361007089784,504.28169138450625,6878.567060912585,7.791793080936389e-05,52.99900162305556,5.093163983313391,15.12136633852425,19.04936533653109
15 Jul 2026 04:44:00.000000000,5174.259951303777,3018.3689949873956,3379.9793355011843,-4.986334158649317,3.181613532902353,4.7920673487957925,-0.006333546526974461,-0.00369833740590849,-0.004153795110686906,29.716119251624704,26.581969307197625,505.1513938496642,6877.791110178055,4.003298055510926e-05,52.99655871464355,5.090931542174345,212.03814360680053,185.9388632747083
15 Jul 2026 04:45:00.000000000,4863.899130803709,3202.4748310968603,3659.8232925854313,-5.35521185707778,2.953014919892461,4.532647799620723,-0.005951531317258361,-0.003922530565273723,-0.004496005915208171,32.43381134943361,29.445098203192046,506.0364968902467,6876.989938753694,0.00015799629526153623,52.9940347515706,5.08828661236032,210.88409218523273,190.89922206755526
15 Jul 2026 04:46:00.000000000,4532.108769034144,3372.471262194975,3923.497639438261,-5.70039295239442,2.711473540486079,4.253279994558008,-0.00554352475848596,-0.004129319991869123,-0.004818164270750679,35.06852818749326,32.49703957286601,506.9230317738531,6876.177677127716,0.00027541152787154664,52.99147408369432,5.0852194140713545,214.79873401847436,190.79093354204696
15 Jul 2026 04:47:00.000000000,4180.356384438501,3527.613577221497,4169.842395203475,-6.020371762672754,2.4580598850346655,3.9552083541646907,-0.005111367647645811,-0.00431782937173014,-0.005118887788444556,37.60620920459914,35.76331233610238,507.7969086748977,6875.368637683488,0.0003903579987000139,52.988921699350364,5.08172760830811,219.20042907556868,190.19564892134198
15 Jul 2026 04:48:00.000000000,3810.1964654324115,3667.222822752294,4397.774674518471,-6.313755935835138,2.193894548449988,3.6397572881589375,-0.00465699681893174,-0.004487266668644864,-0.005396894957477044,40.03072637326871,39.27036557081431,508.64415829796735,6874.577062857754,0.0005011357513714066,52.986422433320335,5.077816335991467,223.73322894789447,189.46932516493985
15 Jul 2026 04:49:00.000000000,3423.2635033430565,3790.6886561627794,4606.293303071611,-6.579271923006482,1.9201431082132698,3.3083250211402873,-0.004182435352892846,-0.004636926253217008,-0.0056510091529008545,42.323654778267645,43.044577279338476,509.4511704255607,6873.816875344355,0.0006061014450078487,52.984020177819865,5.073498125572193,228.30981093058438,188.6992908789705
15 Jul 2026 04:50:00.000000000,3021.2647145209817,3897.471887953003,4794.483055799865,-6.815769865562564,1.638010889078351,2.962377197241537,-0.0036897828387199424,-0.004766190550013996,-0.005880161994145965,44.46412468389394,47.110629933729015,510.20492531465504,6873.101434673981,0.0007036857485693327,52.98175711034339,5.0687926708753075,232.8993149306083,187.91640945290783
15 Jul 2026 04:51:00.000000000,2605.972486682161,3987.106707275232,4961.51850558782,-7.02222790140325,1.3487376420033295,2.603440301112991,-0.003181205766301083,-0.004874531250795493,-0.006083396108709031,46.4288302325006,51.48910190634998,510.8932140849106,6872.443304340721,0.0007924179936785265,52.9796729518951,5.063726483095642,237.4886722844299,187.13375033834006
15 Jul 2026 04:52:00.000000000,2179.2165840704924,4059.202586272269,5106.667472482162,-7.1977559000327975,1.0535921618291737,2.233094929139777,-0.0026589281055040765,-0.00496151014527648,-0.0062598673623872276,48.19229573189432,56.193189749934646,511.50484451308466,6871.8540334190975,0.0008709505658523651,52.977804268595406,5.058332423155191,242.0717654591298,186.35742949355364
15 Jul 2026 04:53:00.000000000,1742.8761453986963,4113.445860199756,5229.294065356942,-7.34159863892386,0.7538668650937049,1.8529689409707297,-0.002125222111922662,-0.005026779623246693,-0.0064088466228628006,49.72751669274768,61.22466775955814,512.0298289646022,6871.343956329808,0.0009380815978140363,52.97618382888485,5.052649122628524,246.6455456790296,185.59049194839818
15 Jul 2026 04:54:00.000000000,1298.8715076159308,4149.600981508651,5328.861309688244,-7.453138435422377,0.450872346122443,1.4647305173456102,-0.0015823993774558912,-0.005070082899065896,-0.006529721122273598,51.00708077356211,66.5695301789501,512.4595515437368,6870.9220140737825,0.0009927753478947666,52.97484002756988,5.046720303445385,251.20838624053164,184.83455872323935
15 Jul 2026 04:55:00.000000000,849.1558878415784,4167.511447033068,5404.933356491824,-7.5318972489759775,0.14593192661713852,1.070081146378432,-0.001032802127266969,-0.0050912540092683395,-0.006621995486033431,52.0048101503323,72.1942123261453,512.786911920185,6870.595599871185,0.0010341798504535642,52.97379638678269,5.040594008296848,255.7592777286748,184.09063188276397
15 Jul 2026 04:56:00.000000000,395.70695472832176,4167.100398283665,5457.177268752876,-7.577538268052815,-0.1596237889515537,0.6707485565364241,-0.00047879474516877233,-0.005090217624292564,-0.006685292484677396,52.69783654105842,78.04368373887844,513.0064436851435,6870.370431720048,0.0010616415174920803,52.973071142580125,5.034321755273563,260.2973694301235,183.35955342518272
15 Jul 2026 04:57:00.000000000,-59.4816801832477,4148.370895492359,5485.364382631665,-7.589866994601831,-0.46446234214366244,0.26847961129936276,7.724450349187415e-05,-0.005066988712843571,-0.006719353563631722,53.068839851350944,84.04274683758757,513.1144054977892,6870.250453937487,0.001074716438730328,52.97267692440925,5.027957631534363,264.82164968677614,182.64232525624504
15 Jul 2026 04:58:00.000000000,-514.4090213208741,4111.405866602218,5489.371241551653,-7.56883183663575,-0.7672548254845832,-0.13496682236897725,0.0006329315962275969,-0.005021672083867109,-0.0067240391895179085,53.10801783099922,90.10126804371347,513.1088436990987,6870.237769268653,0.0010731781919054132,52.97262053304594,5.021557341911672,269.330659417149,181.9403960144798
15 Jul 2026 04:59:00.000000000,-967.0752688916281,4056.3677328365216,5469.18010192848,-7.514524216583822,-1.066681256804747,-0.5378270217317275,0.001185884777808506,-0.00495446182469275,-0.0066993290439281,52.81430795649282,96.12283071317846,512.9896254909715,6870.332602654272,0.0010570220413341548,52.97290282089257,5.015177229080641,273.8221648720432,181.25598867430813
15 Jul 2026 05:00:00.000000000,-1415.4903907636615,3983.49771286148,5424.8790098455065,-7.427178199696152,-1.3614359169899037,-0.9383395635271845,0.0017337325434586348,-0.0048656406421492,-0.006645322080634027,52.19552442087965,102.01494787096657,512.758442202309,6870.53329723939,0.0010264654740941828,52.97351867673498,5.008873282506938,278.2927119097264,180.59254663474664
15 Jul 2026 05:01:00.000000000,-1857.6826576878384,3893.114807911665,5356.661448469088,-7.307169643207947,-1.6502326452173601,-1.3347524786379856,0.0022741216404975387,-0.004755579100855767,-0.0065622364455322,51.26737067137011,107.69829127954036,512.4187825887863,6870.836342692254,0.0009819451028529643,52.97445711523593,5.002700153495055,282.73694816211446,179.95541191514718
15 Jul 2026 05:02:00.000000000,-2291.707113021875,3785.6144706284367,5264.825556487595,-7.1550148634403445,-1.9318100851656501,-1.7253303976836,0.0028047251460595972,-0.004624734745695468,-0.006450409248709415,50.0516048268907,113.11282746982992,511.975876538405,6871.236435387385,0.0009241100605672243,52.97570146961372,4.99671019361928,287.1465130727221,179.35293546977113
15 Jul 2026 05:03:00.000000000,-2715.6539479657135,3661.466960761405,5149.772918369505,-6.971368814698641,-2.204936874581261,-2.108361677961259,0.0033232506724023875,-0.004473651083355231,-0.00631029616113708,48.57382115950677,118.22001388174955,511.4366099793275,6871.7265694959915,0.0008538121449918804,52.977229684153144,4.990952533369194,291.5081041818948,178.79841123947782
15 Jul 2026 05:04:00.000000000,-3127.656752679164,3521.215391428676,5012.006927890028,-6.757022771074376,-2.4684167687421392,-2.4821655000146525,0.0038274487405981984,-0.00430295638921039,-0.006142470795853805,46.861305400065746,123.00153675637841,510.8094122094547,6872.298157527115,0.0007720931925639235,52.97901470145074,4.985472217203865,295.7998851810217,178.3136684113394
15 Jul 2026 05:05:00.000000000,-3525.9006132041973,3365.473470231891,4852.130727124138,-6.5129015001054835,-2.7210936862543984,-2.845098919568408,0.004315121351399633,-0.004113362300223704,-0.005947623824499804,44.941276403174506,127.45584653085213,510.10411728556744,6872.941178379117,0.000680170622864503,52.98102493763956,4.980309410157464,299.98429075553184,177.9362668607132
15 Jul 2026 05:06:00.000000000,-3908.630023318736,3194.922940307969,4670.844724069768,-6.240059916015739,-2.9618566630025787,-3.1955638572113942,0.004784130766026762,-0.003905662148480766,-0.0057265617703068416,42.83964248770693,131.59383820947895,509.33180152148765,6873.644350499241,0.0005794232819067962,52.98322483729737,4.975498689979196,303.99217217667797,177.73535180985695
15 Jul 2026 05:07:00.000000000,-4274.156579714302,3010.3107273318337,4468.943693229442,-5.939679200001468,-3.1896446972715222,-3.532014004524314,0.005232408491571699,-0.0036807289868616144,-0.005480205412363465,40.580255525764024,135.43468063152685,508.5045995450529,6874.395327317389,0.0004713834483108165,52.98557549834344,4.971068437223218,307.6831290614545,177.85132227868647
15 Jul 2026 05:08:00.000000000,-4620.866428152,2812.445799586908,4247.313464882241,-5.613062375882111,-3.403451466146623,-3.852961621364721,0.005657964447305959,-0.0034395132584337006,-0.005209587734068455,38.18456712764201,139.00233964748287,507.6355017469492,6875.180911723542,0.00035775564903800565,52.98803535599886,4.9670403340743166,310.72666226278074,178.61467836116987
15 Jul 2026 05:09:00.000000000,-4947.2274275977,2602.195749502355,4006.9272104250426,-5.261629331438653,-3.602329890411579,-4.156984194963552,0.006058896269235079,-0.0031830400629767955,-0.004915851349002757,35.67156921258215,142.32296784384536,506.73813631381483,6875.987286005439,0.00024056353953946642,52.990560913842025,4.963428980745161,312.1308127547914,181.01738245894632
15 Jul 2026 05:10:00.000000000,-5251.79599884642,2380.483106499672,3748.8413330520684,-4.886911278926228,-3.785396522467725,-4.442730927540404,0.00643339868901535,-0.0029124059770494265,-0.004600245339046321,33.057912778701954,145.42310872112833,505.8265393651697,6876.80025336119,0.00012330176126313055,52.99310750915654,4.960241636277138,307.1029645233636,189.85205645933428
15 Jul 2026 05:11:00.000000000,-5533.223623874053,2148.2813925962196,3474.1909751614126,-4.490544652535085,-3.951835729414626,-4.708929015502286,0.006779772908070335,-0.0026287753923861993,-0.004264121449118248,30.358123473694604,148.32856441900114,504.9149169988206,6877.605486856192,4.181852299843194e-05,52.99563009915428,4.957478088342884,233.98559803707315,266.7762282807308
15 Jul 2026 05:12:00.000000000,-5790.2629621831675,1906.6109339343861,3184.1851562001534,-4.074264445879392,-4.100903641517803,-4.954389680142039,0.007096435870739509,-0.002333376345025638,-0.003908929591095356,27.584858234996386,151.06375673368723,504.01740328328975,6878.388781515138,0.00013267637248802865,52.998084054278195,4.955130654482013,174.43643275288028,330.13218933025325
15 Jul 2026 05:13:00.000000000,-6021.773550777403,1656.53444323914,2880.1015571492417,-3.639896998802452,-4.231931834930779,-5.178013907266298,0.007381929324381598,-0.0020274958173287076,-0.0035362126207258175,24.749168353471084,153.65143084221293,503.147818406863,6879.136305130297,0.0002474335081858192,53.00042594464815,4.953184314811497,170.6558928810396,337.71952864926
15 Jul 2026 05:14:00.000000000,-6226.727055167966,1399.1523900926502,2563.2809704651545,-3.1893522497132465,-4.344330716862381,-5.378797851505441,0.007634928548260756,-0.0017124745086206036,-0.0031476003687088997,21.8607495699075,156.11258392187136,502.3194312927175,6879.83484333646,0.00035993548667024775,53.002614305817616,4.951616974005648,172.44283714307656,339.7394030139761
15 Jul 2026 05:15:00.000000000,-6404.2120400167505,1135.5981778251873,2235.121436975876,-2.7246154771107216,-4.437592581442324,-5.555837860317021,0.00785425062290749,-0.001389701081635484,-0.002744802921198242,18.928169928466623,158.46653338708845,501.5447310076553,6880.472034550568,0.00046715784838985994,53.004610370354605,4.950399848025525,175.77812737909503,340.2109681370192
15 Jul 2026 05:16:00.000000000,-6553.438229677818,867.033147700136,1897.0720939242365,-2.2477385616783323,-4.511294305396574,-5.708335072969704,0.00803886211004994,-0.001060605905915044,-0.0023296031633743865,15.959072357276508,160.73106645503103,500.8352112225644,6881.03659050703,0.0005673613841232696,53.00637875234326,4.949497968925715,179.77919558399384,340.01681139320016
15 Jul 2026 05:17:00.000000000,-6673.7402310198695,594.6414328810782,1550.626760992719,-1.7608308080973807,-4.56509965430924,-5.835599551144475,0.00818788601588642,-0.0007266543330619931,-0.0019038486181952208,12.960352544427293,162.9226331179945,500.20117181961996,6881.518498335114,0.0006591588606877867,53.007888072712845,4.948870798945766,184.14605514861992,339.45694029740804
15 Jul 2026 05:18:00.000000000,-6764.580693493892,319.62468635236144,1197.3172936680742,-1.2660493732736078,-4.598761172716199,-5.937053900223422,0.008300607913660541,-0.00038933955122463,-0.0014694426293839742,9.93831458462318,165.05655908434844,499.65154148298586,6881.909200423519,0.0007413852434777334,53.00911151432451,4.948472943158068,188.7520130979742,338.6580699471172
15 Jul 2026 05:19:00.000000000,-6825.552884428253,43.19670847447653,838.7067356515039,-0.7655893547494702,-4.612121634503553,-6.012236343826649,0.008376481114499115,-5.017507896464177e-05,-0.0010283349560241035,6.898807763105645,167.14726513129983,499.19372475755097,6882.20174869509,0.0008130765499720302,53.01002729696757,4.948254948238542,193.53722971400245,337.68006304734706
15 Jul 2026 05:20:00.000000000,-6856.382660953866,-233.42199883786103,476.3823041235196,-0.2616735994484178,-4.605115033998369,-6.060803218641217,0.008415130786371638,0.00028931303109140443,-0.0005825118609623323,3.8473481651554593,169.2084858403027,498.8334766184256,6882.390930365194,0.0008734713167734788,53.01061906381316,4.948164173320834,198.4726175456349,336.5520305214309
15 Jul 2026 05:21:00.000000000,-6856.9298237357825,-509.0097232880626,111.94824348258553,0.24345770166183717,-4.577767102651714,-6.082530861957458,0.008416356939979986,0.000627594199126903,-0.00013398578951453606,0.7892288323634225,171.25348487309566,498.57480707103883,6882.473362772858,0.0009220166136069217,53.01087617242244,4.948145717676859,203.54536860376254,335.28680391645435
15 Jul 2026 05:22:00.000000000,-6827.18884175272,-782.3490499236688,-252.98141535643504,0.7475575630608874,-4.530195341198846,-6.07731687045373,0.008380136219936588,0.0009631414492628419,0.00031521525392164845,-2.270377899178317,173.29526653948562,498.41991771012323,6882.447555445293,0.0009583734683253807,53.010793885078556,4.94814338888222,208.75250178777586,333.8873875636974
15 Jul 2026 05:23:00.000000000,-6767.288941652651,-1052.232356174186,-616.7901519369975,1.2483828253320317,-4.462608562507021,-6.045180715487341,0.008306622460089615,0.0012944395740306105,0.0007630585155451032,-5.3263223498572625,175.34678491753567,498.36917151927605,6882.3139381693345,0.0009824199295688913,53.01037345498335,4.948100694436247,214.09783682108912,332.34998422393
15 Jul 2026 05:24:00.000000000,-6677.493559642547,-1317.467264823807,-977.8662706699951,1.743704772286093,-4.3753059458360735,-5.986263707270605,0.008196145988943557,0.00161999323970288,0.0012075173669890004,-8.373380280146968,177.4211525316714,498.4210965099735,6882.074854486927,0.0009942511006321862,53.00962210669255,4.947961839301342,219.59062600419838,330.66536291644593
15 Jul 2026 05:25:00.000000000,-6558.1991583585705,-1576.882025760153,-1334.6101935988115,2.2313196695922257,-4.268675608782122,-5.9008283076377595,0.00804921169062029,0.0019383349406035882,0.0016465821227536076,-11.406153063415095,179.53185073880783,498.5724230982121,6881.734520690044,0.000994175936140439,53.00855291103189,4.947672711787902,225.24510207972918,328.8193106448541
15 Jul 2026 05:26:00.000000000,-6409.933415627339,-1829.330797866474,-1685.4416926383476,2.7090591511165667,-4.143192708594268,-5.789256798431965,0.007866495854228852,0.0022480327140719627,0.0020782706793473463,-14.41896175357308,-178.30705645165162,498.81815441845566,6881.298951048665,0.0009827108391399992,53.00718455660324,4.947181840301391,231.08062318933554,326.7924870471485
15 Jul 2026 05:27:00.000000000,-6233.352796380938,-2073.6988032877234,-2028.8070230333378,3.174800381741981,-3.999417089690239,-5.652049319654184,0.007648841865568404,0.002547697533739983,0.0025006388605477835,-17.405731452471663,-176.08070448845433,499.1516680982047,6880.77585064838,0.000960570270799531,53.00554102182458,4.946441304021237,237.12229309481125,324.55980380485715
15 Jul 2026 05:28:00.000000000,-6029.239523151954,-2308.907327447813,-2363.185920820692,3.6264759293151214,-3.8379904989100666,-5.489821298218313,0.007397254815502668,0.0028359903067832564,0.0029117903615229427,-20.35986226946541,-173.7732076803231,499.5648473816424,6880.174477828335,0.0009286547422461275,53.00365115321461,4.945407581327507,243.40204242386892,322.08934305761596
15 Jul 2026 05:29:00.000000000,-5798.497964469909,-2533.9185396218277,-2687.098428504198,4.062083283423009,-3.6596333942026362,-5.303300294265202,0.0071128951198633945,0.003111628411591756,0.003309886196347785,-23.27408311512601,-171.3674405634696,500.0482389133073,6879.505478779739,0.0008880367246311607,53.00154815730429,4.944042320928816,249.96022842593683,319.3407573441412
15 Jul 2026 05:30:00.000000000,-5542.15046404765,-2747.7401105121894,-2999.1115149206585,4.479693964752872,-3.4651413759400636,-5.093322297339186,0.00679707125669787,0.003373391722963657,0.003693153566303141,-26.140284713278845,-168.84483116929042,500.59123398812727,6878.78069738039,0.0008399452078465552,52.99926901509892,4.942313021924965,256.84786823432535,316.26303607900417
15 Jul 2026 05:31:00.000000000,-5261.3326368262615,-2949.4296051244096,-3297.845457338599,4.877462175636593,-3.25538127280722,-4.8608275091954205,0.006451231742911933,0.003620128086395969,0.004059894083464071,-28.949328770810926,-166.18518422001645,501.1822696529728,6878.012963789507,0.0007857498737894685,52.99685382940169,4.940193610713403,264.12966784719515,312.79147635779884
15 Jul 2026 05:32:00.000000000,-4957.288160702564,-3138.098631214953,-3581.979956140368,5.253632949787304,-3.0312869161755396,-4.60685565348012,0.006076956475249247,0.0038507582150048777,0.004408491299788285,-31.690831571308742,-163.36656436286597,501.8090457144944,6877.215865700596,0.0007269461282371763,52.9943451165151,4.937664904390159,271.8880294019437,308.84367552035496
15 Jul 2026 05:33:00.000000000,-4631.363095061553,-3312.9167256667583,-3850.259954925755,5.6065497669577224,-2.7938546380037472,-4.332540854951005,0.0056759475664057675,0.0040642799975858755,0.004737417510813625,-34.35292291377662,-160.36528695351507,502.4587534735533,6876.403506444959,0.0006651425145319702,52.99178705483921,4.9347149523687595,280.2281549867602,304.3144272316343
15 Jul 2026 05:34:00.000000000,-4284.999759073632,-3473.11496326282,-4101.501141480591,5.934661606020733,-2.544138527635619,-4.039106132258086,0.005250019804620202,0.004259772218907155,0.005045239820235373,-36.9219861219985,-157.15608776168912,503.118311867052,6875.590254345998,0.000602052138363132,52.98922470366654,4.931339250046255,289.28406421689635,299.06970385521475
15 Jul 2026 05:35:00.000000000,-3919.730204085957,-3617.989274448591,-4334.595107715234,6.236529417555825,-2.2832454824077186,-3.7278575486018513,0.004801090859897973,0.004436397706093284,0.005330625469140619,-39.38239291687888,-153.71257337594784,503.77460665219985,6874.790487848297,0.0005394891334047916,52.98670320601839,4.927540820647282,299.22444781823236,292.94080287826574
15 Jul 2026 05:36:00.000000000,-3537.1693153649194,-3746.903460738776,-4548.514149329678,6.510832004169441,-2.0123300858153343,-3.400178063885132,0.004331171351298556,0.004593405926144642,0.005592346449523938,-41.716259586448636,-150.00808824225817,504.4147283095846,6874.018340981038,0.0004793684900119717,52.98426698966469,4.923330163695921,310.25505164866445,285.72196295796425
15 Jul 2026 05:37:00.000000000,-3139.0075789602124,-3859.2918984024896,-4742.315688547436,6.756371303274449,-1.7325893451956653,-3.0575211303717365,0.0038423548767804153,0.0047301350690428364,0.005829283435854753,-43.90326922899932,-146.01716337242723,505.0262044632742,6873.28745366904,0.00042369961295484724,52.98195898051654,4.918725070955596,322.6095579559088,277.179482790195
15 Jul 2026 05:38:00.000000000,-2727.0035496027845,-3954.6619229146754,-4915.146305729285,6.972077072719446,-1.4452573185875635,-2.701404071481102,0.0033368080921872263,0.004846013658376453,0.006040429080143479,-45.92062885105445,-141.71771652776732,505.5972228084583,6872.610731277185,0.00037454559331611927,52.9798198423705,4.913750313040105,336.5132507537063,267.08805591699087
15 Jul 2026 05:39:00.000000000,-2302.9760553827437,-4032.5958883621665,-5066.2453679825785,7.157010984341133,-1.1515996577533099,-2.3334012803468567,0.002816760908484672,0.004940561736565976,0.006224890724946074,-47.74325674462433,-137.0941203720354,506.11684079096614,6872.000117573349,0.00033388959002041,52.97788725652658,4.908437202194091,352.0986953767467,255.31509140979625
15 Jul 2026 05:40:00.000000000,-1868.7961744932811,-4092.752897531478,-5194.948245004003,7.310370134132008,-0.8529080914058463,-1.9551372712813422,0.0022844968574698837,0.005013391674143369,0.006381892594132674,-49.344316144427374,-132.14109737634817,506.5751785871125,6871.466385025174,0.0003033318106086582,52.97619525409908,4.902823038947573,9.272379450501615,241.95407318912785
15 Jul 2026 05:41:00.000000000,-1426.3790188287164,-4134.87019974069,-5300.689104247422,7.43148998013952,-0.5504948697491183,-1.5682796136735861,0.0017423436583372809,0.005064208654290454,0.006510777525745581,-50.696208968049035,-126.86809761338046,506.96359227742147,6871.018946015538,0.00028361903954951154,52.97477361290847,4.896950452457484,27.604590364882977,227.4346828865573
15 Jul 2026 05:42:00.000000000,-977.6753582882849,-4158.764254684439,-5383.003279242769,7.51984672062938,-0.24568718833821598,-1.1745317738841068,0.0011926639965979932,0.005092810879402705,0.006611008307838616,-51.77209515687798,-121.30337901465954,507.27482448507027,6870.665688178067,0.00027424615736796666,52.97364732969562,4.890866646216238,46.38862465359908,212.46359084305092
15 Jul 2026 05:43:00.000000000,-524.6631190899768,-4164.331461519877,-5441.529206245692,7.57505912518372,0.06017839334247938,-0.7756258872441378,0.0006378465113015792,0.005099089544122721,0.006682168676924806,-52.547889204826056,-115.49656768250065,507.5031301499193,6870.412836623422,0.0002735312508442938,52.97283617706099,4.884622562508743,64.9111318660178,197.7541126499779
15 Jul 2026 05:44:00.000000000,-69.33878848795925,-4151.548553291107,-5476.009925669206,7.59688983070281,0.3657615257372829,-0.37331547879001736,8.029696970081806e-05,0.00508302861245021,0.006723964031534052,-53.004511791386214,-109.51830569205677,507.64437552687247,6870.264845359633,0.00027925311373619606,52.97235435302245,4.878271980464748,82.72608825999274,183.75223589817955
15 Jul 2026 05:45:00.000000000,386.29124234536454,-4120.47265748499,-5486.294145753427,7.585246112616569,0.6697236246466511,0.030631851465363975,-0.0004775704044104739,0.005044704427548048,0.006736221902894182,-53.12999495375928,-103.45601918809628,507.69610892613304,6870.224319710937,0.00028943095012956007,52.972210229434474,4.871870563739357,99.7161979359911,170.57521950761395
15 Jul 2026 05:46:00.000000000,840.2193660798642,-4071.241024113375,-5472.336866797822,7.540180139281204,0.9707333988572767,0.43444176519126176,-0.0010333414922884825,0.004984285175629464,0.0067188922162406,-52.920951727635284,-97.40595612357762,507.65760214914593,6870.2919710175365,0.0003028075230261906,52.97240620374749,4.865474874740876,115.97324018419978,158.13124685842368
15 Jul 2026 05:47:00.000000000,1290.4454468459176,-4004.070423244889,-5434.199565027924,7.461888714705454,1.2674723415283955,0.8363405323417121,-0.0015846107820156798,0.004902030212400268,0.006672047359795212,-52.38301337550918,-91.46305680660905,507.52986201464154,6870.466604361259,0.0003189508436495917,52.97293865674292,4.859141372946635,131.64640453370956,146.27109122661707
15 Jul 2026 05:48:00.000000000,1734.9854771414316,-3919.2562144011595,-5372.049935843945,7.350712511644912,1.5586401771801703,1.2345623764655551,-0.0021289898631545573,0.004798289253360457,0.006595882069140562,-51.53010807157948,-85.71115432873368,507.3156118117515,6870.745139514714,0.0003381025230480844,52.97379801698729,4.852925415097595,146.84122896446536,134.88917805583037
15 Jul 2026 05:49:00.000000000,2171.8801734787885,-3817.1710907271645,-5286.161196856055,7.2071347939590495,1.8429602558044262,1.6273568074009108,-0.002664115965778035,0.004673501416218975,0.006490713117166828,-50.38278715319294,-80.2158551245468,507.01924296034264,6871.122664762912,0.00036090342745319413,52.97496893084477,4.846880275079622,161.57883854750648,123.96434679173036
15 Jul 2026 05:50:00.000000000,2599.203480119179,-3698.263501362519,-5176.910951783096,7.031779624150937,2.1191848847227077,2.0129959291876807,-0.0031876605901616224,0.004528194095548506,0.006356978788340636,-48.96603792323998,-75.02132035421312,506.646737600429,6871.592522701158,0.0003880834845595955,52.976430535004866,4.841056200863659,175.80180862373123,113.55398816162437
15 Jul 2026 05:51:00.000000000,3015.070949741102,-3563.0557560830835,-5044.779617092543,6.825409549531029,2.3861005872407195,2.3897817091915603,-0.0036973382645459083,0.0043629816408169665,0.00619523810299485,-47.30706452392841,-70.15076463347673,506.20556327173,6872.146426580481,0.000420184107057554,52.97815682665363,4.835499525324492,189.4091131151041,103.75909629691384
15 Jul 2026 05:52:00.000000000,3417.647969678592,-3412.1418169339627,-4890.348414101203,6.588922758457692,2.642533275357231,2.756053192293501,-0.004190915456394245,0.004178563801761037,0.0060061697465157125,-45.43339778534496,-65.6095298903333,505.70454127797996,6872.774605256386,0.0004573694772437442,52.98011712467856,4.830251846638753,202.29975287591927,94.68064078508472
15 Jul 2026 05:53:00.000000000,3805.157801564458,-3246.1847824617353,-4714.296930359963,6.323349697079882,2.8873533213265934,3.1101936408110022,-0.004666219647820944,0.003975723900282079,0.005790570650182033,-43.371508932428526,-61.38933988798931,505.15369075598807,6873.465974308323,0.0004993521814469897,52.982276613677186,4.8253492928770685,214.4061096802349,86.38621304781287
15 Jul 2026 05:54:00.000000000,4175.889401741774,-3065.9140711140367,-4517.400255377104,6.029849136823682,3.119480510379316,3.450637577538302,-0.005121148568848334,0.003755326684431568,0.005549354163863991,-41.14594042169401,-57.47261147353156,504.5640508815129,6874.208330439868,0.0005454179548872807,52.98459696106951,4.8208218837581995,225.70760774339288,78.89636514181093
15 Jul 2026 05:55:00.000000000,4528.204989191971,-2872.1223115227317,-4300.525697216685,5.709703683784678,3.3378888542049334,3.7758777055785853,-0.005553679563701858,0.003518315819476507,0.00528354775789941,-38.77887062147834,-53.83615981702522,503.94748403787526,6874.988565854653,0.000594508930948603,52.98703699631806,4.816693000903077,236.22697633112062,72.18834742383115
15 Jul 2026 05:56:00.000000000,4860.547327239294,-2665.6619486981417,-4064.62908821038,5.36431472321886,3.5416112421330213,4.08447167488507,-0.005961879047501424,0.003265710973303973,0.004994290192603509,-36.28999461062918,-50.454044223520434,503.3164631407935,6875.792898934065,0.0006453249224676447,52.9895534401633,4.812978975873272,246.01750179252244,66.20885673931305
15 Jul 2026 05:57:00.000000000,5171.446684970353,-2447.4415766154543,-3810.7506899498167,4.995196795469878,3.729743904472069,4.375048661773542,-0.006343911990081086,0.0029986044559126303,0.0046828280950214395,-33.696608913813584,-47.29956532756708,502.6838466471626,6876.607117231188,0.0006964174199738208,52.99210167090103,4.809688803279355,255.14900042280183,60.88806372555758
15 Jul 2026 05:58:00.000000000,5459.527444197842,-2218.422009281051,-3540.010709871665,4.603971403913051,3.9014506602793873,4.646315724308498,-0.0066980513495697135,0.0027181573814862308,0.004350511892607652,-31.0138113280749,-44.346551412002896,502.0626450659319,6877.416828545122,0.0007462667110956908,52.99463651408345,4.806823983961477,263.69665580829655,56.150775574489685
15 Jul 2026 05:59:00.000000000,5723.514317987347,-1979.6121040859068,-3253.604444076409,4.192360260727882,4.0559669201028745,4.8970638935955755,-0.007022687358618763,0.002425595327237674,0.0039987910590053395,-28.2547535236993,-41.5701063287122,501.46578302672066,6878.2077156599835,0.0007933420564093912,52.997113041621404,4.804378500919361,271.7337447897323,51.92371011779086
15 Jul 2026 06:00:00.000000000,5962.23814729585,-1732.0643530631273,-2952.797063506466,3.7621779824112256,4.192603413060636,5.126173958791994,-0.007316336556720886,0.0021222034756209506,0.0036292086426663013,-25.43090681438648,-38.94697806186069,500.90586113596197,6878.9657902284325,0.0008361484789507831,52.99948736611464,4.802338928305344,279.32767355575527,48.139459722020746
15 Jul 2026 06:01:00.000000000,6174.64124319532,-1476.8702595213226,-2638.918063199654,3.3153242537294303,4.310749607112436,5.332621902230005,-0.007577650450252626,0.0018093212371685548,0.0032433950618764185,-22.552318336791906,-36.45567528609253,500.3949219513326,6879.677641255181,0.0008732640198661155,53.001717416337975,4.800684671476645,286.5383024945917,44.73816636658258
15 Jul 2026 06:02:00.000000000,6359.782243502373,-1215.1555193970992,-2313.3553969773884,2.8537754860840394,4.4098767915890225,5.515483940553006,-0.0078054236760254445,0.0014883363638806461,0.0028430611660258233,-19.62784624971763,-34.076425532730035,499.9442244244808,6880.330673695638,0.0009033703841812132,53.00376368016248,4.79938833373489,293.4176477608846,41.66781994919881
15 Jul 2026 06:03:00.000000000,6516.840454430792,-948.0750285050393,-1977.5493225666235,2.3795760037969953,4.489540792038863,5.673941128274009,-0.007998601542437428,0.0011606785766451867,0.0024299905807906993,-16.66536969195623,-31.79103970714208,499.5640310926675,6880.913332830607,0.0009252788266789462,53.0055899017861,4.798416203118265,300.01031024243224,38.883829136856605
15 Jul 2026 06:04:00.000000000,6645.119650135381,-676.8077386025813,-1632.9859847275684,1.8948287993522537,4.5493842892456575,5.807283481730729,-0.008156286823559617,0.0008278127431438543,0.0020060313721805083,-13.671973409169414,-29.582725531326243,499.26341213669394,6881.415310307879,0.0009379522862251488,53.00716372097585,4.797728850580989,306.3542242284166,36.34827246422699
15 Jul 2026 06:05:00.000000000,6744.051305708483,-402.55138681776265,-1281.1907664001976,1.4016859059308653,4.589138716835197,5.914913584041156,-0.008277745688675411,0.0004912316555432677,0.0015730870822343427,-10.654109215824105,-27.435876544347654,499.0500701640205,6881.827728056272,0.0009405242197643647,53.00845724306658,4.797281828803401,312.4814914478416,34.02906401529541
15 Jul 2026 06:06:00.000000000,6813.197242310788,-126.5171244106181,-923.7214401316204,0.9023384423614133,4.6086257152077685,5.996349635324705,-0.00836241265915688,0.00015244846905826078,0.0011331072057851662,-7.617737547498806,-25.3358523330194,498.93018922360005,6882.1432966696475,0.0009323142583268884,53.00944752970432,4.797026459260429,318.419175230526,31.89915894108223
15 Jul 2026 06:07:00.000000000,6852.251666616343,150.075927923466,-562.1611540443248,0.3990063916863249,4.607758123504754,6.051227917078376,-0.00840989449900845,-0.00018701112724307169,0.0006880771928846186,-4.568452782889531,-23.26875838147314,498.908311117036,6882.356445322914,0.0009128406360295775,53.010117001737015,4.796910693485821,324.1899911129293,29.93586249706659
15 Jul 2026 06:08:00.000000000,6861.042590588588,426.0061700507698,-198.11128829699012,-0.10607182034331415,4.5865404958716605,6.079304645079095,-0.008419972963181453,-0.0005256169272366413,0.00024000807491116952,-1.5115960918710463,-21.22122922911403,498.98724154860054,6882.463420809254,0.0008818292723984853,53.010453747222385,4.796880033296122,329.8128590356425,28.120277459945886
15 Jul 2026 06:09:00.000000000,6839.532621708657,700.0550288519307,166.8157806697338,-0.6106498765280574,4.545069133277633,6.080457191383086,-0.008392606347087089,-0.0008618423259412363,-0.0002090741772774032,1.5476405099231587,-19.1802156927607,499.16798806567107,6882.462353867309,0.000839219379545513,53.01045172920713,4.7968784936208,335.3032865842259,26.436920478969554
15 Jul 2026 06:10:00.000000000,6787.819118081348,971.0124519316684,531.0039698554673,-1.1124841761989033,4.483531627466072,6.054684662745345,-0.008327929802947713,-0.0011941724485281433,-0.0006571394468606248,4.6041153345970045,-17.132775170905052,499.449731096438,6882.3532915857795,0.0007851654942857768,53.010110889710994,4.796849590958701,340.6735316439641,24.87355899851481
15 Jul 2026 06:11:00.000000000,6706.133707268525,1237.68235933587,892.8407946047729,-1.6093444255141898,4.402205919087295,6.002107829901096,-0.008226254413951428,-0.0015211121986415028,-0.001102164295690486,7.652639949171091,-15.065863140606483,499.8298287108778,6882.138195317915,0.0007200358870760234,53.00943714818344,4.796737339960729,345.93242954799774,23.421383679886812
15 Jul 2026 06:12:00.000000000,6594.841172160005,1498.8880243243345,1250.7246497993392,-2.0990241357454416,4.301458877548255,5.922968409435122,-0.008088065036806992,-0.001841194135158255,-0.0015421426984131704,10.68788041770603,-12.966123678735737,500.3038550327244,6881.820904194016,0.0006444073688340886,53.008442294563594,4.796487240587147,351.08460767042936,22.07579337826414
15 Jul 2026 06:13:00.000000000,6454.437711606018,1753.477354855611,1603.0720287638003,-2.5793509567069135,4.181744415448365,5.817627707207906,-0.007914016951704036,-0.0021529860908792763,-0.0019750965667843963,13.70425339058953,-10.819677124428404,500.86567153489705,6881.407064972635,0.0005590566091904841,53.00714377893125,4.796047238429949,356.1283667767507,20.838513369879642
15 Jul 2026 06:14:00.000000000,6285.5485878153195,2000.3280483757287,1948.3246420594403,-3.048196775358743,4.043601155499621,5.686564639304138,-0.0077049313777350715,-0.0024550984526316073,-0.0023990859509848846,16.695813489026687,-8.611903911899557,501.5075297774827,6880.904029604579,0.0004649482346887883,53.005564401552036,4.795368641349417,1.0501199744131118,19.72315599387306
15 Jul 2026 06:15:00.000000000,6088.925176596888,2238.352593709146,2284.956399489287,-3.5034875137579666,3.887649672418384,5.530373153022859,-0.00746178993305466,-0.002746191030813677,-0.0028122188133437747,19.65612832481652,-6.327225342073516,502.2202035158437,6880.320722485021,0.00036322038029719785,53.00373190886784,4.794406976288999,5.808014671267319,18.771598308020017
15 Jul 2026 06:16:00.000000000,5865.441440310008,2466.5030953351247,2611.480220161084,-3.9432125658346178,3.714589336291603,5.349759076360016,-0.007185728136783028,-0.003024979456787417,-0.003212660281802221,22.578137426962385,-3.948884989846875,502.9931475319677,6879.667479924398,0.0002551701529810991,53.00167850262748,4.793122771291615,10.270763009354834,18.115151297344585
15 Jul 2026 06:17:00.000000000,5616.089846834247,2683.775897019399,2926.454637308857,-4.365433818727294,3.5251947872701956,5.145536429586442,-0.0068780280647234545,-0.003290241058748901,-0.003598641304871951,25.453991430803573,-1.4587391254440183,503.81468004047167,6878.95586486729,0.000142255966955403,52.99944027086917,4.791482248990851,13.855141052515613,18.337060363092135
15 Jul 2026 06:18:00.000000000,5341.976760915576,2889.215983653711,3228.490166710017,-4.768294211438791,3.3203120740341525,4.918623236769846,-0.006540110279983843,-0.003540820179195442,-0.003968466645232963,28.27486831500997,1.162928226476117,504.6721851012498,6878.19846032,2.6725852535533267e-05,52.997056550825846,4.789457919498267,5.575645179305405,30.42284864585532
15 Jul 2026 06:19:00.000000000,5044.3173368591915,3081.9211421551418,3516.2554098971987,-5.150025791113464,3.1008544902711574,4.6700368783339865,-0.006173525167979294,-0.0037756329111864697,-0.00432052216688946,31.030764562674456,3.9375390792846976,505.55233114227804,6877.408645305585,9.27912309061158e-05,52.99456923500547,4.787029062329865,211.12880134059066,188.67600752802795
15 Jul 2026 06:20:00.000000000,4724.429943690386,3261.0458643694938,3788.4828658915662,-5.508957235062296,2.8677981443790173,4.400889027934762,-0.005779943807560772,-0.003993671244599433,-0.004653281389119574,33.71026137108466,6.888261803978144,506.44130146140697,6876.6003574431215,0.00021089969949090141,52.99202203268164,4.784182089012488,213.34336100775764,190.26780049337378
15 Jul 2026 06:21:00.000000000,4383.730155588565,3425.8049770416706,4043.9744278145445,-5.843520814505123,2.62217729776056,4.112380218041928,-0.00536114850586377,-0.00419400662530895,-0.004965311296330072,36.30027018142544,10.039893689433868,507.3250324361565,6875.787846443751,0.0003275414834493344,52.989459699794836,4.780910780079301,217.37899611678083,190.0385680413163
15 Jul 2026 06:22:00.000000000,4023.7243416191222,3575.4769860237757,4281.606543401411,-6.152258783617882,2.3650795064592463,3.8057940786708393,-0.004919023123164381,-0.004375792945446368,-0.005255277413486311,38.78576887264922,13.418492898288628,508.1894551222677,6874.985422928929,0.0004409252885567595,52.98692725080559,4.777216392393442,221.76932174958557,189.4547049164199
15 Jul 2026 06:23:00.000000000,3646.00288956074,3709.4071239395175,4500.335021086839,-6.433829184632219,2.0976405995519807,3.482491292764112,-0.004455543299951158,-0.0045382689912900264,-0.005521948169369045,41.14955122767444,17.05063365636555,509.02073595993556,6874.207207006367,0.0005493683873538475,52.984469166340475,4.773107635007416,226.27592577237274,188.75463043436898
15 Jul 2026 06:24:00.000000000,3252.2330989907873,3827.0100924697363,4699.199465895696,-6.687011066217005,1.8210395257664305,3.1439033098795193,-0.003972766687947622,-0.004680760386040043,-0.005764198585499991,43.3720289449569,20.962127308245233,509.80551242319063,6873.466880990572,0.0006512558018284786,52.98212861053339,4.768600514059989,230.8268851356785,188.0102721996638
15 Jul 2026 06:25:00.000000000,2844.151778791563,3927.772492237839,4877.327331804201,-6.910709117998696,1.536493097333641,2.791525857221848,-0.003472823271583423,-0.0048026810730195,-0.005981013341308442,45.431147909310575,25.176038797738553,510.53111963384293,6872.777450530819,0.0007450595240260307,52.979946671782045,4.763718049492546,235.39385185932375,187.2499801908961
15 Jul 2026 06:26:00.000000000,2423.5575839161106,4011.2549349330325,5033.937579498332,-7.103957728711671,1.2452506572373379,2.426912283806425,-0.0029579058464465594,-0.0049035343874068585,-0.006171489271825094,47.30250661651073,29.709862710104133,511.185804206994,6872.15101821639,0.0008293625031027329,52.97796164021934,4.758489868638281,239.96388523678385,186.48669467723295
15 Jul 2026 06:27:00.000000000,1992.303125742938,4077.09383377399,5168.343930488101,-7.265924478972792,0.9485886929789618,2.0516667698939832,-0.0024302607054639356,-0.004982913771016565,-0.0063348373646287095,48.959787648121036,34.57184859377795,511.75892188944385,6871.598573473146,0.0009028820608210922,52.976208334547856,4.752951683853295,244.530522720022,185.72687550188073
15 Jul 2026 06:28:00.000000000,1552.2868894630324,4125.002869731775,5279.95771040709,-7.395913082106599,0.6478054167014526,1.6674374297581855,-0.001892178560616566,-0.0050405031808318295,-0.006470384320298301,50.37561853633002,39.756726206748226,512.2411158864973,6871.129802252379,0.0009644914346969594,52.974717490015465,4.74714466338324,249.0903157482763,184.97396646631134
15 Jul 2026 06:29:00.000000000,1105.444991350342,4154.7741319819415,5368.290275811283,-7.493365787538217,0.3442153285672227,1.2759093320511203,-0.001345985712203912,-0.005076077244403443,-0.0065775737456676715,51.522944410354405,45.241485227060416,512.6244731364764,6870.752919653298,0.0010132388494670504,52.97351521823666,4.74111470653158,253.6412718783366,184.22995345188798
15 Jul 2026 06:30:00.000000000,653.7428076015665,4166.27893202604,5432.955020228147,-7.557865261473166,0.03914377716009888,0.8787974578966685,-0.0007940354565149909,-0.005089501206639853,-0.006655967040202711,52.37689969591681,50.98231925645556,512.9026561789257,6870.474528216504,0.0010483637195569087,52.972622548303306,4.734911635859604,258.1820562702326,183.49616322092618
15 Jul 2026 06:31:00.000000000,199.1665057480315,4159.468291636725,5473.668956246921,-7.589135958540721,-0.266078471808115,0.47783961340678993,-0.00023869970864336536,-0.005080730709362503,-0.006705244033198366,52.917006874036794,56.9141122901359,513.0710086642047,6870.299504189208,0.0010693096825332704,52.9720550572079,4.7285883205750245,262.71151673269367,182.77373868655843
15 Jul 2026 06:32:00.000000000,-256.2854912008549,4134.373105401901,5490.253871367648,-7.587044996239355,-0.5701206494370347,0.07478931014271932,0.0003176391978995327,-0.005049811436023574,-0.006725203419212006,53.1293466734708,62.9536004249977,513.1266329648006,6870.230913597866,0.0010757342358582588,52.97182259604019,4.722199746487616,267.22833907792466,182.0639838956615
15 Jul 2026 06:33:00.000000000,-710.611078353851,4091.1039791321505,5482.63705605142,-7.551602541404737,-0.8716573728232981,-0.32859137545258144,0.0008725965834528431,-0.00499687864280941,-0.006715763025477998,53.008224225245264,69.0063998636293,513.0684387671772,6870.269959476701,0.001067514816759433,52.97192911674627,4.7158020488071974,271.7307273057188,181.36868419815218
15 Jul 2026 06:34:00.000000000,-1161.8130512120376,4029.8507458063905,5450.851603011509,-7.482961714759916,-1.1693740031655604,-0.7305389543959167,0.0014237934224173227,-0.004922156590782279,-0.006676959937001771,52.55689603044994,74.97670742756763,512.8971619458538,6870.415961099441,0.0010447512338349386,52.97237260248303,4.709451524760018,276.21602843579956,180.6904817767892
15 Jul 2026 06:35:00.000000000,-1607.9076678212846,3950.8816610957924,5395.036277297994,-7.381418016116855,-1.4619719668893478,-1.1292956809927541,0.0019688643311955886,-0.004825957879313988,-0.006608950486298276,51.787150749885114,80.7773579691759,512.6153534457717,6870.6663655498305,0.0010077644330333002,52.973145102793545,4.7032036432810065,280.68021077899846,180.03339773978166
15 Jul 2026 06:36:00.000000000,-2046.933162060875,3854.5422808627754,5315.434957206248,-7.247408269205525,-1.748174033692095,-1.5231167039819355,0.002505465602973639,-0.004708682671929627,-0.006512010102420327,50.71786442304454,86.33776471694016,512.2273383242339,6871.016791451029,0.0009570916644983617,52.97423287299976,4.697112069171456,285.1170549862078,179.40364143019187
15 Jul 2026 06:37:00.000000000,-2476.9581791019127,3741.2540234362878,5212.3956465492465,-7.08150908167262,-2.0267295445195437,-1.910277204030036,0.0030312833446366184,-0.004570817796275822,-0.006386533000954563,49.372919671608116,91.60817908563908,511.73914552905353,6871.461104161291,0.0008934782214224254,52.97561661538777,4.691227718786031,289.5168009895624,178.8109638302582
15 Jul 2026 06:38:00.000000000,-2896.0901038524084,3611.512419890285,5086.369059377463,-6.884434812659195,-2.296419581153736,-2.2890795071640513,0.00354404176270435,-0.004412935688423772,-0.006233031680386474,47.778972316235496,96.56010104009313,511.1584094129706,6871.991521236268,0.0008178660753705778,52.97727181798563,4.685597863836624,293.86373076983165,178.27107512072797
15 Jul 2026 06:39:00.000000000,-3302.4832524413996,3465.8850561628483,4937.906778959706,-6.657035037927864,-2.556062066985725,-2.657860161198493,0.0040415116343337195,-0.004235693146218549,-0.006052136181719512,45.96346482059799,101.18378257091072,510.49424440581157,6872.598746465976,0.0007313800099078953,52.979169185024226,4.680265299017213,298.1315366842341,177.8102766534777
15 Jul 2026 06:40:00.000000000,-3694.3468963345886,3305.0092115008542,4767.658993658325,-6.400291500718139,-2.8045167863028118,-3.014996959411238,0.0045215189840711704,-0.004039829847688522,-0.005844593055003094,43.95310956401027,105.48419925268671,509.75709468111415,6873.272130320549,0.0006353124834705345,52.981275151570216,4.675267588078742,302.2736689861951,177.47511370062185
15 Jul 2026 06:41:00.000000000,-4069.9530878157098,3129.5891985826856,4576.371813403005,-6.115314535738482,-3.04069030664866,-3.358915892118813,0.004981953971907695,-0.003826166588955239,-0.005611263972645804,41.77289277990823,109.47670552169124,508.95856106076445,6873.9998541905525,0.0005311102140570105,52.98355247334243,4.670636401597467,306.2009228375097,177.3547886739735
15 Jul 2026 06:42:00.000000000,-4427.64425484157,2940.3934116752275,4364.884171740987,-5.803338953947152,-3.2635407859591385,-3.6880980029708583,0.0054207799786846495,-0.003595603192173469,-0.005353123922267091,39.44553614397311,113.18315545543642,508.1112077940445,6874.769135392501,0.00042037157532583965,52.98596088140319,4.6663969581035705,309.72111380572164,177.6414858173212
15 Jul 2026 06:43:00.000000000,-4765.840532566135,2738.2510903657203,4134.124319960072,-5.465719377156819,-3.472082643250474,-4.00108612274219,0.005836042855290457,-0.003349116034927213,-0.005071258910758574,36.99130404992369,116.62883789011222,507.22835222008035,6875.566449533504,0.0003048913047733881,52.98845779027414,4.6625675784370735,312.33731454439925,178.83213466986174
15 Jul 2026 06:44:00.000000000,-5083.0467982358505,2524.0488077677046,3885.105921545666,-5.10392501404705,-3.665391068809156,-4.296491449370659,0.006225880284787606,-0.003087755156641297,-0.004766863115185127,34.42804162603577,119.84027234065483,506.3238406675532,6876.377766500111,0.0001869733504542108,52.99099904708055,4.659159361217782,312.27962039208586,182.69664456183992
15 Jul 2026 06:45:00.000000000,-5377.859375758055,2298.726693620671,3618.923757234422,-4.719533872863033,-3.842606347251519,-4.572999939167143,0.006588531184878941,-0.0028126409007435175,-0.00444123541795012,31.771348509617205,122.84375323090356,505.4118142537032,6877.188796060758,7.310206596117281e-05,52.99353970859881,4.656175985192984,296.5155939338026,202.26746009624344
15 Jul 2026 06:46:00.000000000,-5648.972376102043,2063.27440436359,3336.749053146837,-4.314226410853199,-4.002937964624707,-4.829378470697498,0.006922345063952338,-0.002524960060805823,-0.00409577527488627,29.03481966695495,125.66447512579262,504.50646850621206,6877.985238857612,7.146974662881977e-05,52.99603483257942,4.653613642045292,187.41029230622146,315.17953383409167
15 Jul 2026 06:47:00.000000000,-5895.183639865692,1818.726854045132,3039.8244468882795,-3.8897786262474305,-4.145668469025723,-5.064480739986222,0.007225791226246813,-0.002225961506716083,-0.003731977873538582,26.230308371295294,128.32607522770124,503.6218109365758,6878.7530384172,0.00018325950148478175,52.99844026945374,4.651461100927242,171.112577840241,335.28401558920694
15 Jul 2026 06:48:00.000000000,-6115.400248886837,1566.1597217988658,2729.4586090632038,-3.448054605145526,-4.270157053140985,-5.277252843577119,0.007497467711622103,-0.001916951279238979,-0.003351428554215266,23.36818473059498,130.85045772151028,502.7714208313519,6879.478629737152,0.0002975191427579223,53.00071344050865,4.6496999036791555,171.10667768513616,339.09669268888103
15 Jul 2026 06:49:00.000000000,-6308.6435747424675,1306.684753515443,2407.0205403000155,-2.9909985428786614,-4.375842826743215,-5.466738504745953,0.007736109846010864,-0.00159928715304315,-0.0029557964810107734,20.457575799369735,133.25779827656285,501.96821558953957,6880.149180013201,0.0004077175615171854,53.002814088835336,4.648304687434976,173.8828450226619,340.12732859360466
15 Jul 2026 06:50:00.000000000,-6474.053833384386,1041.4448772575422,2073.9335665770877,-2.5206262670169473,-4.462247747577533,-5.632083897898488,0.007940598272222129,-0.0012743726813490449,-0.002546827566600858,17.506581401447104,135.56665721343066,501.22422791072717,6880.752817158476,0.0005117464762702393,53.00470498981832,4.647243629013024,177.63704022120777,340.1799815282692
15 Jul 2026 06:51:00.000000000,-6610.894117030337,771.6091538196293,1731.669058318541,-2.0390162969742898,-4.528979180276006,-5.772542026972749,0.008109966333689935,-0.0009436507496275336,-0.002126336674092357,14.522464626633733,137.79415363325884,500.5503980250908,6881.278841940333,0.0006080807122778915,53.006352608624496,4.646479003409104,181.8681045044003,339.75583055381685
15 Jul 2026 06:52:00.000000000,-6718.553876763389,498.367585603121,1381.7399013183312,-1.5483004828607723,-4.5757320549505565,-5.887476615535548,0.008243406682647328,-0.0006085966781968895,-0.0016961991352387965,11.511818648825509,139.95617020318196,499.9563849472245,6881.717919815292,0.000695451599787337,53.00772769306713,4.645967846641643,186.38553036333255,339.04540485440947
15 Jul 2026 06:53:00.000000000,-6796.551832077519,222.9258085966844,1025.6937499977398,-1.0506542735965407,-4.602290599914402,-5.9763654692077735,0.008340276995450131,-0.00027071092701988454,-0.0012583416436540219,8.480712863619969,142.06757039886247,499.4504004324901,6882.062248880201,0.0007727947653909472,53.00880579133982,4.6456627113815365,191.10413547147695,338.1339094860687
15 Jul 2026 06:54:00.000000000,-6844.538286814417,-53.50030631244089,665.1060957388249,-0.5482866710879544,-4.608529626511781,-6.038803275028477,0.008400104689238385,6.848853262262847e-05,-0.0008147325976162256,5.4348219171714,144.14241813238348,499.03906891805195,6882.305700770799,0.0008392452327044993,53.009567685424436,4.64551250212451,195.98300882424408,337.06227887050835
15 Jul 2026 06:55:00.000000000,-6862.296834527269,-329.69011527272244,301.5731850028101,-0.04342993323392088,-4.594415348218801,-6.074503807290566,0.008422590545442699,0.0004074741052501326,-0.0003673719812865722,2.379541353860126,146.1941949874841,498.7273162494929,6882.443931822434,0.0008941426840642966,53.009999732448264,4.6454633752612855,201.0030170379422,335.849670105704
15 Jul 2026 06:56:00.000000000,-6849.745440221516,-604.4236982890102,-63.29517640610654,0.4616709065110502,-4.560005720904001,-6.083301515130015,0.008407611171066268,0.0007447166340514409,8.171911285233243e-05,-0.6799064299510611,148.23601362808247,498.5182894358681,6882.474462350633,0.0009370377955178458,53.01009410787812,4.6454596882353165,206.15729805421483,334.50296885387945
15 Jul 2026 06:57:00.000000000,-6806.936889599125,-876.4873619322935,-427.8828952867676,0.9647686315228312,-4.50545029628211,-6.065152473579089,0.008355220242083792,0.0010786935512187956,0.0005305092090553361,-3.7383723436557643,150.28082796783906,498.4133090565434,6882.396722502239,0.0009676967911119544,53.00984894616211,4.645444981076938,211.44690515973812,333.0211449042611
15 Jul 2026 06:58:00.000000000,-6734.05860129529,-1144.6791186195057,-790.5749006634383,1.4636244723955556,-4.430989586015029,-6.020134686725838,0.008265648502824439,0.0014078970238664548,0.0009769673016972737,-6.7906833838991725,152.3416418012205,498.41185527700304,6882.212063757464,0.0009861031759916179,53.00926837623411,4.645362973001792,216.87878062249507,331.39727811664096
15 Jul 2026 06:59:00.000000000,-6631.431802062874,-1407.814113159124,-1149.7644520877336,1.9560187003418192,-4.3369539394551095,-5.9484477388644565,0.008139302514636449,0.0017308420031657832,0.0014190737152056645,-9.83154459782403,154.43171804112322,498.5115877369225,6881.923735814751,0.0009924562721333131,53.008362451150184,4.645158556500702,222.4649249918188,329.6193887060421
15 Jul 2026 07:00:00.000000000,-6499.5100693477525,-1664.7299675956788,-1503.860407591128,2.4397611090034075,-4.223761943530168,-5.850411796868689,0.00797676217149763,0.0020460740858275293,0.0018548308478727803,-12.85543676787292,156.56479058348393,498.7083988719095,6881.536829250724,0.0009871664922523724,53.00714697299683,4.644778771335107,228.22227712057455,327.67055681755994
15 Jul 2026 07:01:00.000000000,-6338.877250121523,-1914.2920160552223,-1851.2944126631437,2.9127013118900433,-4.0919183585801,-5.726465974265648,0.0077787770278537486,0.002352177102550124,0.0022822736815011056,-15.85650628003627,158.75528009567014,498.99649954026216,6881.058185000217,0.0009708474804799523,53.00564321606735,4.644173741189084,234.17310179054712,325.5285345175988
15 Jul 2026 07:02:00.000000000,-6150.244769111779,-2155.398402275018,-2190.5279724604434,3.3727387858499664,-3.942011608918571,-5.577166074423242,0.007546261499167781,0.002647780353797537,0.0026994799443390426,-18.828443524490755,161.0185135400172,499.3685351673558,6880.496272331431,0.0009443054036922912,53.003877553106484,4.643297556375989,240.3458216710742,323.16491347848677
15 Jul 2026 07:03:00.000000000,-5934.448343619476,-2386.9850137619524,-2520.0593706770596,3.8178325954071965,-3.774710851375682,-5.40318173670103,0.0072802890210945,0.0029315654233423123,0.0031045798257250527,-21.76434608274252,163.37094467889276,499.8157300110994,6879.861037585962,0.0009085258289453681,53.00188099115038,4.642109086932118,246.7763125763634,320.54382939760904
15 Jul 2026 07:04:00.000000000,-5692.444125866283,-2608.0302280378774,-2838.430400101376,4.246010738334122,-3.5907626489597315,-5.205293015175208,0.006982085267650176,0.003202272510753062,0.0034957651531379685,-24.656562976491244,165.83036865316285,500.3280566082263,6879.163726498443,0.0008646587887160478,52.99968862509909,4.640572711613458,253.50973927671956,317.620125901898
15 Jul 2026 07:05:00.000000000,-5425.30429720613,-2817.559448166724,-3144.232871803225,4.655379059276219,-3.3909872799539054,-4.984386424485116,0.00665302054051988,0.003458706235395294,0.0038712979563219575,-27.4965165591869,168.4161172338791,500.89442699493054,6878.4166833938125,0.0008140028283815584,52.997339018631436,4.638658949847345,260.603054468465,314.3368553383295
15 Jul 2026 07:06:00.000000000,-5134.212141531049,-3014.6494066442074,-3436.114872079004,5.04412968536538,-3.176274715186137,-4.741450491347592,0.006294601455600815,0.003699740879691014,0.004229518361567176,-30.274499501297722,171.14921149805477,501.50290191764543,6877.633130975227,0.0007579890525337553,52.994873523372945,4.636344985298729,268.1283092594416,310.6219680981945
15 Jul 2026 07:07:00.000000000,-4820.456627743457,-3198.4322187644716,-3712.786738686442,5.410548945346644,-2.947580297806262,-4.47757085325847,0.005908462052155347,0.003924325050297095,0.004568851773946166,-32.97944620020113,174.05243421159966,502.14091396486054,6876.826934750881,0.0006981664130572916,52.99233554833965,4.633615071732411,276.17689515081173,306.3840704982996
15 Jul 2026 07:08:00.000000000,-4485.426533260099,-3368.099168659747,-3973.0267304499494,5.753024741504789,-2.7059201606962393,-4.193924947811257,0.005496354457697675,0.004131485752835119,0.004887815326691395,-35.59868151171585,177.1502638072002,502.7955003621124,6876.012356401697,0.0006361896069765538,52.98976979257796,4.630460813851019,284.86466098782626,301.5073077493687
15 Jul 2026 07:09:00.000000000,-4130.6041421313275,-3522.904213330775,-4215.686366957266,6.070053351390734,-2.452366416617936,-3.8917763369032623,0.005060139231977983,0.0043203318851578205,0.005185023590668727,-38.117655914704194,-179.53141526763324,503.45354107853046,6875.203800559594,0.0005738106535587564,52.98722145459015,4.626881318067986,294.3373015043488,295.84597538885725
15 Jul 2026 07:10:00.000000000,-3757.5585525304764,-3662.167192068835,-4439.695417730478,6.360245643743334,-2.1880421554454403,-3.5724687099085632,0.0046017755115228135,0.004490057169073141,0.005459193556755429,-40.519686316674836,-175.96594389033032,504.101997889707,6874.415559546775,0.0005128736520000632,52.98473543256281,4.622883210390754,304.7740268266591,289.22084981365555
15 Jul 2026 07:11:00.000000000,-3367.938629095762,-3785.276730704591,-4644.066522880664,6.622332699872379,-1.9141162813760044,-3.237419608749371,0.0041233110629593445,0.004639942549611925,0.005709148917734795,-42.78573698526963,-172.12701270956737,504.72815012305216,6873.6615606233445,0.00045530744475135967,52.982355529592645,4.618480521074497,316.38447574977135,281.4222750994292
15 Jul 2026 07:12:00.000000000,-2963.4656359513774,-3891.6928320304223,-4827.899429789696,6.855170837889525,-1.631798221006134,-2.8881139158024984,0.0036268723391249566,0.004769358098851295,0.005933823688391969,-44.8942962845587,-167.99045177249982,505.31982296831114,6872.955120204215,0.00040309937701494116,52.980123678028846,4.613694437993492,329.388353931066,272.23052496076195
15 Jul 2026 07:13:00.000000000,-2545.9255862293294,-3980.9491455275147,-4990.384832756548,7.057746042394945,-1.3423325306898637,-2.52609714287674,0.0031146546177698085,0.0048777644696377095,0.006132265215234169,-46.8214308255295,-163.53683945816599,505.86560445893855,6872.308709343166,0.0003582117264719587,52.9780791967213,4.608552933029814,343.9611318181703,261.47010503311776
15 Jul 2026 07:14:00.000000000,-2117.161343622725,-4052.6549111538957,-5130.807804760125,7.2291778064163275,-1.0469934288077378,-2.1529685562563023,0.0025889122822274064,0.004964713946505598,0.006303636632164202,-48.54112391614067,-158.7549875563011,506.3550475092076,6871.733734547898,0.00032237898745780206,52.97625809438868,4.603090268061883,0.13355808847945014,249.11023969618782
15 Jul 2026 07:15:00.000000000,-1679.0645109584796,-4106.496573402715,-5248.550812505273,7.368722395483284,-0.7470792755905526,-1.7703741691794208,0.00205194928660913,0.005029851144733484,0.00644721882516739,-50.026017444027545,-153.64613536428837,506.7788537168936,6871.240337689586,0.00029674504211997743,52.97469243150625,4.59734638929768,17.67225953609855,235.38427249911015
15 Jul 2026 07:16:00.000000000,-1233.567140203815,-4142.239063093755,-5343.096307672687,7.4757755456200154,-0.4439070202162447,-1.3799996294328845,0.0015061098277420544,0.005072913406637331,0.0065624119689269445,-51.24865506640707,-148.22831170378268,507.1290360026305,6870.837218414573,0.00028144105761922114,52.973409752077096,4.591366220666606,36.04308296145089,220.82632462691134
15 Jul 2026 07:17:00.000000000,-782.6332973946161,-4159.7267454796565,-5414.028888897674,7.5498746079136465,-0.13880663190014436,-0.9835630258507517,0.0009537692276668244,0.005093730940318979,0.006648736695159795,-52.18324627756213,-142.53985909502524,507.3990575462909,6870.531482057907,0.00027541447847393157,52.97243259540897,4.585198868802981,54.562009636312276,206.1203808307495
15 Jul 2026 07:18:00.000000000,-328.2505153965772,-4158.884034142295,-5461.037030269519,7.590700151994,0.16688447079435303,-0.582807634145375,0.0003973250151552263,0.005092226743767902,0.006705834951057455,-52.80782500977227,-136.64076075615696,507.58394489003337,6870.328515610436,0.00027677376110092514,52.971778096595536,4.578896753715166,72.6645603016696,191.83088485752816
15 Jul 2026 07:19:00.000000000,127.57883344812707,-4139.715670954099,-5483.914373305805,7.598077039618004,0.4718269805514498,-0.1794946192502769,-0.0001608118217092757,0.005068416346196822,0.006733470593360765,-53.10648989996236,-130.61049254551295,507.6803735010778,6870.231893806958,0.00028349213399464675,52.97145768282071,4.572514680625308,90.07478456530411,178.23375050551098
15 Jul 2026 07:20:00.000000000,582.8462133109125,-4102.306673023711,-5482.560580283284,7.571974977544782,0.7746852416748282,0.22460429119979702,-0.0007182254502438343,0.005022407393024821,0.00673152975741274,-53.07126459433961,-124.541893728876,507.6867245202903,6870.243316892802,0.00029403150244519926,52.9714768708958,4.566108869439519,106.77635011960236,165.34527287809308
15 Jul 2026 07:21:00.000000000,1035.5456185224245,-4046.821948111797,-5456.981747612373,7.512508556297349,1.0741327613548166,0.6277141495588877,-0.001272503722455379,0.004954399090399214,0.006700021027449148,-52.703108056967366,-118.53189118528472,507.6031118610416,6870.362581095544,0.0003076277459001065,52.971835169633536,4.559735959133682,122.87909153412508,153.055580073582
15 Jul 2026 07:22:00.000000000,1483.682254204089,-3973.505580510427,-5407.290378649154,7.419936778419129,1.3688576835777897,1.0280641355084168,-0.0018212466708557883,0.004864681513323522,0.006639075419128273,-52.01179053197007,-112.67119752637815,507.43137926483814,6870.587582285879,0.00032426351460218664,52.9725260887915,4.553452004710646,138.49506072691906,141.25258319922398
15 Jul 2026 07:23:00.000000000,1925.2811733376984,-3882.6797898682103,-5333.704915999158,7.294662076679192,1.6575682174460324,1.4238948968672107,-0.0023620750234207397,0.004753634773740683,0.006548946175012953,-51.01467109215228,-107.0355575804754,507.17506736295286,6870.914352762599,0.00034445209963598753,52.97353725441629,4.547311484632825,153.66832978464146,129.892174031485
15 Jul 2026 07:24:00.000000000,2358.395839690621,-3774.743565942065,-5236.54883402283,7.137228819582618,1.9389980110832068,1.8134658722580963,-0.002892638787049248,0.004621728032120456,0.006430008356325693,-49.73471537636625,-101.68043881034001,506.8393512361846,6871.337130548833,0.0003689355677077993,52.97485062852126,4.541366336307268,168.3585555831025,119.01466086352913
15 Jul 2026 07:25:00.000000000,2781.11658565293,-3650.1709828399485,-5116.2492929907485,6.948321298788634,2.211911461054087,2.195062582623954,-0.0034106259425420882,0.004469518329668098,0.006282758204967833,-48.19823758155598,-96.63969498520298,506.43094940561775,6871.848460046837,0.00039837785709304096,52.976442829168995,4.535665036821507,182.46490288657685,108.72084585329078
15 Jul 2026 07:26:00.000000000,3191.578933804084,-3509.509196936212,-4973.3353571302305,6.72876119072836,2.4751089456239987,2.5670038767139576,-0.003913771282778241,0.004297649207334092,0.00610781223409007,-46.43280535476904,-91.9274748980317,505.95800562415405,6872.439322373172,0.00043312427351232613,52.978285545241846,4.53025174517957,195.8703885606949,99.12768123095735
15 Jul 2026 07:27:00.000000000,3587.9717503503925,-3353.3761334308992,-4808.435779797474,6.479504483200946,2.7274319679670143,2.9276491128362174,-0.0043998654129194514,0.004106849073753117,0.0059059059986604455,-44.46558090481712,-87.54202861190012,505.42994526859934,6873.099293192512,0.0004730743933948416,52.9803460384971,4.525165521358086,208.48368342123732,90.32646783625404
15 Jul 2026 07:28:00.000000000,3968.5451980547878,-3182.457867419426,-4622.276360147722,6.201637857042219,2.967768193014423,3.275405256053922,-0.004866763916638084,0.0038979292802176547,0.005677892490665357,-42.32218884226627,-83.47010197673791,504.8573085520928,6873.816725393857,0.0005176708851309942,52.982587723951745,4.520439635939966,220.26217695995163,82.35979073846444
15 Jul 2026 07:29:00.000000000,4331.618455661314,-2997.5057063943937,-4415.676877037668,5.896374513298692,3.195056358992779,3.6087338664234117,-0.005312396671469864,0.0036717818553893343,0.005424740094189236,-40.026068987146466,-79.69101156532258,504.2515631806233,6874.578953514763,0.0005659683593946013,52.98497081825223,4.516100982604879,231.2137570964164,75.21973978471317
15 Jul 2026 07:30:00.000000000,4675.5871702580525,-2799.332982328377,-4189.547607479833,5.56504943777699,3.408291041987276,3.9261579501296118,-0.005734777282251637,0.0034293768575910095,0.005147530041060858,-37.59820777044966,-76.17994915517257,503.6248994597587,6875.372516425124,0.000616735626624729,52.98745304448069,4.512169603799774,241.38501192962661,68.85970809816743
15 Jul 2026 07:31:00.000000000,4998.930608605192,-2588.811562856846,-3944.8854387805636,5.209114097387422,3.6065272492722675,4.226268641641495,-0.006132012578876498,0.0031717593011442806,0.004847453303666339,-35.05712968032703,-72.91040832564079,502.9900112105975,6876.183394439549,0.0006685572588586113,52.98999038085398,4.508658338013182,250.84544304397505,63.21017896772403
15 Jul 2026 07:32:00.000000000,5300.218473207834,-2366.8680926204183,-3682.7695855300103,4.830130566379638,3.7888848147579273,4.50773168146993,-0.006502312109012783,0.0029000456206713585,0.004525806869799289,-32.41904665104299,-69.8558195392447,502.35986616826176,6876.997256743962,0.0007199188746625029,52.99253784000265,4.505572594782486,259.6738374088568,58.19235408710452
15 Jul 2026 07:33:00.000000000,5578.117348937784,-2134.4799774843227,-3404.356924849823,4.42976508528602,3.9545525679044973,4.769293650963364,-0.006843997537568485,0.0026154196431909652,0.004183989350574107,-29.698089465695816,-66.99055664519435,501.7474698028853,6877.799714804771,0.0007692736499382282,52.99505026498417,4.502910261351998,267.94892569556004,53.72749531784126
15 Jul 2026 07:34:00.000000000,5831.3967463437275,-1892.6711261207456,-3110.876965715397,4.009781061051509,4.102792245945959,5.009787922996218,-0.007155511852953188,0.002319128048527263,0.0038234958853243426,-26.906570441986002,-64.29048464115357,501.16562671124535,6878.57657728442,0.0008150933493912362,52.99748312790436,4.500661742566955,275.74405088366865,49.74225610307679
15 Jul 2026 07:35:00.000000000,6058.93470849165,-1642.5074652878252,-2803.6264707109017,3.572031523284296,4.232942118356924,5.228140285554134,-0.007435428265953662,0.0020124753080242416,0.0034459123187577036,-24.055246622927957,-61.73319353089323,500.62670386771174,6879.314101920342,0.0008559082811914114,52.999793316987905,4.498810133154605,283.1247337320773,46.17111595725417
15 Jul 2026 07:36:00.000000000,6259.7229492941115,-1385.0922470082166,-2483.9637511999244,3.118451058609718,4.3444202922934725,5.423374194231961,-0.007682458678937596,0.0016968181042565304,0.0030529086415595273,-21.15356678445393,-59.29802910427729,500.1424000857283,6879.999239839847,0.000890339737692945,53.00193989816209,4.497331519268632,290.14802795518733,42.95702519231836
15 Jul 2026 07:37:00.000000000,6432.8714928368545,-1121.5611677222032,-2153.302659545939,2.6510472525477486,4.436727668280209,5.594615609639066,-0.007895461602403512,0.00137355924827895,0.002646231704156372,-18.20989473805551,-56.96599959601679,499.72352601878316,6880.619867884641,0.0009171272537605967,53.00388483768717,4.496195403823627,296.86284451509994,40.051080471786
15 Jul 2026 07:38:00.000000000,6577.6127852187055,-853.077321294386,-1813.1063046311774,2.1718916759042117,4.509450516755584,5.741097376721147,-0.008073449389471075,0.0010441411224397278,0.0022276972277738153,-15.231706967512952,-54.719611487704285,499.3797989156264,6881.165004704282,0.0009351519913436828,53.00559367307439,4.4953652479964035,303.31072028255,37.41175594308171
15 Jul 2026 07:39:00.000000000,6693.305252875723,-580.8260094632601,-1464.8805194441131,1.6831104601374214,4.562262648214806,5.86216310508447,-0.008215594668577103,0.000710038691587237,0.0017991811576557781,-12.225765779122002,-52.54266866849018,499.11965613573557,6881.625006649687,0.0009434568644922631,53.00703612046673,4.494799119192918,309.5267268901476,35.00399412857184
15 Jul 2026 07:40:00.000000000,6779.436284257437,-306.009434871911,-1110.1671118606714,1.186874513259028,4.594927152589589,5.957270512542495,-0.00832123585995302,0.0003727521369315781,0.0013626104189639096,-9.198270763915856,-50.42005578836718,498.95009112691116,6881.991739849827,0.000941263601527565,53.00818660779892,4.494450433927769,315.5403569380846,32.7983194199858
15 Jul 2026 07:41:00.000000000,6835.624615022786,-29.841303177346585,-750.5369318826872,0.6853894343273798,4.607297687112434,6.02599419824037,-0.008389881673015675,3.379917825100833e-05,0.0009199531521643802,-6.154992090635671,-48.337517595159134,498.87651517077717,6882.258725282772,0.000927986717174099,53.00902472438124,4.494268782398595,321.3763059684973,30.770055765580135
15 Jul 2026 07:42:00.000000000,6861.622100587698,246.45863814192145,-387.5827904546664,0.18088519025465383,4.599319296151377,6.068027816767057,-0.008421214500818175,-0.0003052928399599199,0.0004732085197515671,-3.101389374822334,-46.28144012257833,498.9026477199981,6882.42125414815,0.0009032442671769393,53.00953557904457,4.494200820100733,327.0551090304681,28.89868973423993
15 Jul 2026 07:43:00.000000000,6857.314863826891,521.6700958108574,-22.91226650758762,-0.3243943767233208,4.571028751261417,6.083185630512984,-0.008415092641240065,-0.0006429950155875477,2.4396187053347493e-05,-0.042719854615741994,-44.23863583079733,499.03043759435064,6882.476471402357,0.0008668652332066286,53.009710060609734,4.4941912106575375,332.5936025758934,27.167408222999423
15 Jul 2026 07:44:00.000000000,6822.723809940627,794.5777325967083,341.859559959061,-0.8282021391334667,4.522554404851683,6.071403424020563,-0.008371551300993322,-0.0009777850206541682,-0.00042445440971067,3.015860501338572,-42.19613249871309,499.2600166835054,6882.42342591724,0.0008188934061129083,53.0095449961799,4.494183603195445,338.0051691774916,25.56285332377902
15 Jul 2026 07:45:00.000000000,6758.004504870143,1063.9766457061396,705.117410189942,-1.3282982980180151,4.454115556269858,6.032738771031294,-0.008290802358437049,-0.0013081552065849294,-0.0008713148896708424,6.0691994375974945,-40.140964362538725,499.58968714012866,6882.263086357142,0.0007595876835104831,53.00904320456388,4.49412162697168,343.2996742323692,24.07518519327917
15 Jul 2026 07:46:00.000000000,6663.4464180998775,1328.6777925817028,1065.2531054806036,-1.82246094575815,4.366021334604549,5.967370652159503,-0.008173232884233704,-0.0016326205912004987,-0.001314168726074389,9.112050957800175,-38.05996340603103,500.0159423551191,6881.998322521095,0.0006894187648873441,53.00821344399138,4.493949885694922,348.4828821856902,22.698665398985987
15 Jul 2026 07:47:00.000000000,6539.471535137028,1587.5133353610177,1420.6728236728704,-2.3084965040938377,4.258669107944212,5.875598428416571,-0.008019402446209358,-0.0019497266385314401,-0.001751021896788545,12.138974527850925,-35.939548699839335,500.53352130698664,6881.633852552762,0.0006090623168284398,53.007070255145145,4.49361493401708,353.5548258745908,21.433287148624228
15 Jul 2026 07:48:00.000000000,6386.632349324477,1839.3418760094173,1769.8042750649333,-2.784249965603758,4.132542434050565,5.757840182962523,-0.00783003924341415,-0.002258056746805128,-0.002179913269492432,15.144227433664081,-33.76551225785072,501.13549519045586,6881.176157066898,0.0005193888206236117,53.00563370237775,4.493066219018068,358.50569800412103,20.28888339865918
15 Jul 2026 07:49:00.000000000,6205.609246841269,2083.053555180212,2111.103760403894,-3.24761487037961,3.9882085722605365,5.614630450272389,-0.007606035140115474,-0.0025562393679521393,-0.002598924612317466,18.12164668956684,-31.52280115376422,501.8133845734621,6880.633361860161,0.00042145062832463643,53.00392901776613,4.492256970125712,3.304776176043562,19.29620142812145
15 Jul 2026 07:50:00.000000000,5997.207302697223,2317.574989185106,2443.0630749638626,-3.6965429543328843,3.8263155807849363,5.446617358183825,-0.007348439685447324,-0.002842954690543705,-0.0030061901304377324,21.06451679403926,-29.195297894931,502.557304725686,6880.015091455855,0.0003164678700051169,53.00198615436098,4.491145021869644,7.864926995029208,18.54239835994994
15 Jul 2026 07:51:00.000000000,5762.352509169358,2541.874021021662,2764.2162244005717,-4.129053411337386,3.647589027312646,5.254559213869926,-0.007058453224540515,-0.0031169408299113396,-0.0033999054426752744,23.965419616082244,-26.76560473635802,503.35613622035214,6879.332296260579,0.00020582130921481103,52.99983925657313,4.489693555043529,11.886598690845236,18.327048197496477
15 Jul 2026 07:52:00.000000000,5502.087461397296,2754.9642631780844,3073.1459200706304,-4.543241718054474,3.452828343859047,5.039320569514539,-0.0067374192179234325,-0.003376999481569161,-0.0037783359273587222,26.816062915168427,-24.2148434130285,504.1977174478811,6878.5970565796115,9.11407336873193e-05,52.99752605708426,4.48787174332388,13.498356165465673,20.52160647289495
15 Jul 2026 07:53:00.000000000,5217.5665277075,2955.909411864785,3368.4898237575403,-4.9372879775828356,3.2429028590516165,4.801867807242807,-0.006386815892955541,-0.0036220010063012648,-0.004139824382143954,29.6070846959841,-21.522490612731296,505.0690553032878,6877.822367134024,2.8498407646929048e-05,52.99508721094584,4.4856552940645855,223.26519063507135,174.5611003422749
15 Jul 2026 07:54:00.000000000,4910.050534642985,3143.827314359921,3648.94651419503,-5.3094647457771025,3.018747542488326,4.543264285603585,-0.00600824736081429,-0.0038508889311169923,-0.0044827979623949105,32.327832170461065,-18.666282598508797,505.9565500254163,6877.021906042626,0.0001458407563554445,52.992565578618134,4.48302687385157,212.6615117663626,188.97113623253583
15 Jul 2026 07:55:00.000000000,4580.900998612449,3317.8937732583804,3913.28115036721,-5.658144311947939,2.781358496422795,4.264665091568603,-0.0056034343276345515,-0.004062683861734323,-0.004805774378513228,34.96611715002236,-15.622241027930398,506.84622997741724,6876.209792471479,0.0002636378367170403,52.99000547058237,4.479976411421033,215.79279602517434,189.64625132502104
15 Jul 2026 07:56:00.000000000,4231.573937543113,3477.3460735284184,4160.330809219046,-5.981805413425908,2.5317882298468195,3.967311442613243,-0.005174204527759022,-0.0042564868162400646,-0.0051073673511974685,37.50795509725728,-12.364897183919307,507.72399206240357,6875.400337308691,0.00037913825072393174,52.98745186681661,4.476501272739848,219.91245960775797,189.33304050811165
15 Jul 2026 07:57:00.000000000,3863.613296936441,3621.4862203557677,4389.009478077745,-6.279039370904612,2.2711407491122975,3.652524783009017,-0.004722482999864961,-0.00443148200216723,-0.0053862913411012875,39.937303986676156,-8.867823134102363,508.57584346228964,6874.607791295369,0.0004905956953991218,52.98494962485269,4.472606305242981,224.30073056085487,188.75128419407812
15 Jul 2026 07:58:00.000000000,3478.644025305077,3749.6838777613207,4598.312684700376,-6.548555638352765,2.000566497624164,3.321700617066729,-0.004250282312560455,-0.004586939067589599,-0.005641365582049262,42.235832856566766,-5.104611949509331,509.3881404649996,6873.84609503532,0.0005963511654793391,52.98254269031645,4.468303750561453,228.79006701797238,188.0685300732862
15 Jul 2026 07:59:00.000000000,3078.3648341675657,3861.3789998598268,4787.321750368918,-6.789186767387656,1.721257174966435,2.9763021198367525,-0.0037596928359942875,-0.004722214868346588,-0.005871517463351252,44.38276942676457,-1.0504743543166035,510.14782029618834,6873.1286352203615,0.0006948246227553211,52.980273323797,4.463613027311279,233.32188066279562,187.3433696943304
15 Jul 2026 08:00:00.000000000,2664.5406776190694,3956.084148377133,4955.2076538106685,-6.999892791189424,1.4344404631797898,2.617853562830362,-0.00325287313514333,-0.004836754796662178,-0.006075785313259186,46.35490088250462,3.3153860115486222,510.8426220877148,6872.468011250228,0.0007845354477569302,52.978181357594,4.458560387873175,237.87100993015196,186.6009653582634
15 Jul 2026 08:01:00.000000000,2238.994986066058,4033.386491611248,5101.234495884528,-7.179765037159333,1.141374684964073,2.2479335888414953,-0.002732040545714072,-0.004930093723644536,-0.006253320646797534,48.12682785181861,8.00652881465897,511.46129338540635,6871.875816201419,0.0008641257735236139,52.97630349535813,4.453178455204675,242.42525156055675,185.8535187085758
15 Jul 2026 08:02:00.000000000,1803.6016880987977,4092.949481411402,5224.762556903594,-7.328029380506032,0.8433434154697993,1.8681683661403736,-0.0021994619719782464,-0.005001856608138954,-0.006403389943614957,49.67158848490043,13.025260914913767,511.99377891346165,6871.362435815634,0.0009323828809048552,52.974672666881986,4.4475056478764365,246.97819204906946,185.10743947266516
15 Jul 2026 08:03:00.000000000,1360.2770535615182,4134.514205968933,5325.250940207803,-7.444048952816053,0.5416500661039328,1.4802246481947325,-0.0016574449265423573,-0.005051758822866842,-0.006525376021438945,50.96175908901054,18.358277230608216,512.4313886624178,6870.936868841355,0.0009882595251894412,52.97331744932764,4.441585503427668,251.526229386243,184.36632395373064
15 Jul 2026 08:04:00.000000000,910.9713902202955,4157.900417194531,5402.259796990456,-7.527326320251482,0.23761245586941282,1.085802761277288,-0.0011083288152312963,-0.005079606249235875,-0.006618779073263725,51.97107657040258,23.972836521413683,512.7669427433763,6870.606571680188,0.0010308916332360948,52.97226156501147,4.435465911962022,256.0671613246843,183.63236703362344
15 Jul 2026 08:05:00.000000000,457.66062531902685,4163.0072323345985,5455.452128685264,-7.57750514569552,-0.06744261719398177,0.6866295383422643,-0.0005544764499468575,-0.0050852951820528815,-0.006683217424972367,52.6765002478502,29.814754033923176,512.9948908460158,6870.3773298694705,0.0010596129976562806,52.971523464525745,4.429198273392793,260.59942771042904,182.90712014292188
15 Jul 2026 08:06:00.000000000,2.337802634116946,4149.813510137011,5484.5951641732845,-7.59437134770156,-0.3721847942350704,0.2844512143019761,1.7342403541731402e-06,-0.005068812083405872,-0.006718428068831684,53.06045138812117,35.80955380480547,513.111404545348,6870.253158480504,0.0010739666926165754,52.97111600248362,4.422836593157016,265.1216384984137,182.19196357248728
15 Jul 2026 08:07:00.000000000,-452.9954751283056,4118.377902436873,5489.56130990355,-7.577853766887132,-0.6752855552346908,-0.11897370505508996,0.0005579183446580495,-0.005030233211388541,-0.006724267011708672,53.112802749389864,41.86754505418597,513.1144411183105,6870.236233035885,0.001073713010538933,52.97104621155688,4.416436532206675,269.6322139704331,181.48846660170815
15 Jul 2026 08:08:00.000000000,-906.3376293041047,4068.838582483619,5470.328671678026,-7.5280243475161255,-0.9754235932206127,-0.5218815904214535,0.0011116920029603451,-0.004969724143715202,-0.006700709470148609,52.83213781923568,47.89236783374212,513.003777952016,6870.326852054429,0.0010588337886921213,52.971315178758566,4.41005442795416,274.1290347606783,180.7987378314998
15 Jul 2026 08:09:00.000000000,-1355.6956846913279,4001.412651716064,5426.98114740255,-7.445097838669528,-1.2712901569875688,-0.9225108439165555,0.0016606803961728657,-0.004887539203484076,-0.0066478499280611895,52.22593349225267,53.791191391691804,512.7810170494126,6870.523431825073,0.001029533065832915,52.971918026138106,4.403746303300972,278.6090155565749,180.12585184729767
15 Jul 2026 08:10:00.000000000,-1799.0938166606816,3916.3952270501536,5359.708090595555,-7.329431015837582,-1.5615943564047126,-1.3191090534942316,0.0022025257523521882,-0.004784020782999575,-0.006565902057733284,51.309613444987875,59.484028229189,512.449559562948,6870.822533497039,0.000986234085803589,52.97284399623519,4.397566881130953,283.06749522000774,179.47445945982298
15 Jul 2026 08:11:00.000000000,-2234.581837144639,3814.1582111123344,5268.80354492661,-7.181521420208361,-1.8450684238901007,-1.7099401383905284,0.0027348954276473175,-0.004659598553656921,-0.006455198494116475,50.10473874321883,64.91001754664892,512.0145507122,6871.218922058694,0.0009295727537171195,52.974076640808754,4.391568621497768,287.49726802055045,178.8517568249755
15 Jul 2026 08:12:00.000000000,-2660.2435903737164,3695.148748282216,5154.665050597278,-7.0020056096362335,-2.120472924488213,-2.0932914759875945,0.0032554901132438095,-0.004514788536797986,-0.0063161904342066465,48.63679517020146,70.02977491730526,511.482795866158,6871.7056562668395,0.0008603877660567456,52.975594109555495,4.385800798432605,291.8869228486801,178.26914656749338
15 Jul 2026 08:13:00.000000000,-3074.2052289340804,3559.8873698721404,5017.792023963317,-6.791656912375151,-2.38660190540529,-2.4674809986709723,0.0037620522108820957,-0.004350192004104344,-0.006149447023917208,46.93303850039752,74.82424538110705,510.86264899321134,6872.274208087574,0.0007797078174008689,52.97736953378388,4.380308632523178,296.2177909744512,177.7452903372713
15 Jul 2026 08:14:00.000000000,-3474.6433398575914,3408.9658324465872,4858.783712613932,-6.5513826725773985,-2.6422879735362237,-2.830864246365859,0.0042523744062787,-0.004166494167934037,-0.005955654482644003,45.02071736976819,79.29129886993742,510.1638751009618,6872.914609725721,0.0006887366439271744,52.979371498350005,4.375132494511189,300.4578904292003,177.31216471327377
15 Jul 2026 08:15:00.000000000,-3859.7928899807366,3243.0446539895047,4678.336729021424,-6.282220975163698,-2.8864072871304676,-3.1818413574047635,0.004724308454010449,-0.003964462616190994,-0.005735614906373251,42.92580892654113,83.44142228595398,509.3974886994693,6873.615625857539,0.0005888375480496298,52.98156459361518,4.370307193876864,304.54872775110783,177.02825970935285
15 Jul 2026 08:16:00.000000000,-4227.954958910811,3062.8503535737073,4477.24216705885,-5.985336837387888,-3.1178844448630665,-3.518863976561949,0.00517577417095229,-0.003744945444547539,-0.005490244686223159,40.672254824460566,87.29352970941932,508.5755707222051,6874.364948248348,0.0004815217548443977,52.98391003778192,4.365861364950702,308.37274257899753,177.01113439214865
15 Jul 2026 08:17:00.000000000,-4577.504227230434,2869.172401267484,4256.382307066375,-5.662017855177393,-3.3356972526798234,-3.840442055162521,0.0056047686147486,-0.003508869036101219,-0.005220572473604269,38.28160379775187,90.87145300603008,507.71106672303506,6875.149409538998,0.00036845537325123467,52.9863663587274,4.3618169613596125,311.65773375344327,177.53299094767058
15 Jul 2026 08:18:00.000000000,-4906.896186896819,2662.8598862805866,4016.7269167842487,-5.313669294258082,-3.538881345876525,-4.145150514111118,0.006009375406004489,-0.003257235441706232,-0.004927736625646019,35.77294318510196,94.20129739305665,506.8175695277139,6875.955212631445,0.00025155448670361244,52.98889012340405,4.358188867719331,313.6098604030483,179.38767371509337
15 Jul 2026 08:19:00.000000000,-5214.674040279716,2444.8179127800813,3759.3291573502506,-4.9418086191549815,-3.7265346411379547,-4.43163573673171,0.006387774133626981,-0.0029911193176500326,-0.004612982067366058,33.163012402088505,97.30961605871087,505.90908984653396,6876.768171798444,0.00013372937353583455,52.99143670203399,4.354984635518637,310.6149093554244,186.18940184548347
15 Jul 2026 08:20:00.000000000,-5499.475253984951,2216.0037344047864,3485.321105665764,-4.548059457374593,-3.8978215908144103,-4.698621854658813,0.0067382497619598,-0.0027116643822938063,-0.004277656511438664,30.46641591499487,100.22225501078888,504.9998186419539,6877.573961397091,3.8115223048252296e-05,52.99396105370255,4.3522043478343475,252.4328714916816,248.1781929648381
15 Jul 2026 08:21:00.000000000,-5760.037733608025,1977.4226402188297,3195.9089067500695,-4.134145001314343,-4.051977209729206,-4.944916786846966,0.007059201947292341,-0.0024200793644767937,-0.0039232059904671,27.695879041772685,102.96369770444429,504.1038852803932,6878.358367883032,0.0001192168206397493,52.99641851956757,4.349840615422531,174.6620228923579,329.7557819926076
15 Jul 2026 08:22:00.000000000,-5995.2055858960575,1730.1236066809001,2892.367572183537,-3.701880856601993,-4.188310843359366,-5.169417989253099,0.007349154151441942,-0.0021176334234587783,-0.0035511696638776753,24.86251121449233,105.5567577175062,503.2351156714416,6879.107540711532,0.00023399469238010996,52.9987656097522,4.347878704296843,170.35872776080924,337.8658181297767
15 Jul 2026 08:23:00.000000000,-6203.934435531687,1475.194732089588,2576.0354433481584,-3.253167352448742,-4.306209645459154,-5.371117871035936,0.007606762434649682,-0.001805651034502396,-0.0031631738801232503,21.976056816641584,108.02250031967344,502.40679469999344,6879.8082376766,0.0003466255137581039,53.000960770084035,4.346296792712531,172.18122800580386,339.85007513581206
15 Jul 2026 08:24:00.000000000,-6385.296264910225,1213.7584718982048,2248.3083408525604,-2.7899813370280584,-4.405141733140511,-5.549108832334962,0.00783082379985421,-0.0014855063453056668,-0.002760925488771654,19.04512400293502,110.38030646403183,501.63143727849075,6880.44806028516,0.0004540525064712057,53.00296511517897,4.345066353061697,175.57954402898437,340.25855035082236
15 Jul 2026 08:25:00.000000000,-6538.48374690506,946.9666951743549,1910.6334242203604,-2.314367488601187,-4.484658988178081,-5.702587878926238,0.008020283958497128,-0.0011586170227106901,-0.00234620441553284,16.077388283215537,112.64801997543074,500.9205722803398,6881.01567489202,0.0005545540937606031,53.00474311494371,4.344152652154291,179.6353564294543,340.00958275361074
15 Jul 2026 08:26:00.000000000,-6662.814042693933,675.9955843252305,1564.5027885642046,-1.828429180898655,-4.54439947484781,-5.830860770355857,0.008174244390425028,-0.00082643762251582,-0.0019208555315343928,13.079771334325411,114.84213933039524,500.2845434563606,6881.501015534088,0.0006467501769387826,53.00626322237069,4.34351536113666,184.04779733351523,339.40406135139114
15 Jul 2026 08:27:00.000000000,-6757.7320392650845,402.04040191656645,1211.4468274941057,-1.3343189488384144,-4.584089446967373,-5.9333456605413035,0.008291968571982118,-0.0004904525278568648,-0.0014867798648697831,10.058597462897477,116.97803011552634,499.73233118155207,6881.895464697589,0.0007294768520423028,53.0074984315161,4.343109264420565,188.69259489002366,338.56628036533664
15 Jul 2026 08:28:00.000000000,-6822.813004203485,126.31014997141932,853.0273938637444,-0.8342286077979286,-4.603544919923847,-6.0095761932755325,0.008372887262658401,-0.00015216851482848244,-0.0010459252216605058,7.019731063629482,119.07014428928771,499.2713985311243,6882.192008626677,0.0008017680348335865,53.00842675576382,4.342885055202459,193.5120802983033,337.5539318503559
15 Jul 2026 08:29:00.000000000,-6857.764638748222,-149.97785153036,490.8307920691718,-0.3303790860871796,-4.602672787296082,-6.059204019510638,0.008416602745940685,0.0001868929860065074,-0.0006002762974754963,3.9686987554895974,121.13223901082426,498.9075647463465,6882.3853642292215,0.0008628582577941537,53.00903161786911,4.342790203667033,198.47878680840844,336.3945063153101
15 Jul 2026 08:30:00.000000000,-6862.428513856671,-425.60343912813346,126.46063743613678,0.17498996419637905,-4.581471466103443,-6.082000708631107,0.008422891943886459,0.0005252038536785981,-0.0001518443755216541,0.9107999187393069,123.17759206299714,498.64490863134205,6882.47207514929,0.0009121893933749374,53.009302144816274,4.342769882620333,203.58109735285967,335.0996446910814
15 Jul 2026 08:31:00.000000000,-6836.780878055331,-699.3491046907591,-238.46938028741988,0.6796307083189814,-4.540031059632234,-6.077859032019449,0.00839170834146924,0.0008612373811151293,0.00029734328152789457,-2.1487907279570235,125.21921354171842,498.48570383272255,6882.450575143759,0.0009494165181680469,53.0092333621953,4.342767934261671,208.81692523696626,333.6714572263228
15 Jul 2026 08:32:00.000000000,-6780.93283012853,-970.0054894145246,-602.3427912222219,1.1812977492850731,-4.478533032068571,-6.046793603907495,0.008323182677056104,0.001193476429480395,0.0007452542305674403,-5.204924977807788,127.27005502880061,498.43038730990435,6882.321217512638,0.0009744112884333025,53.00882628456639,4.3427278610722535,214.19078252763393,332.1054546782676
15 Jul 2026 08:33:00.000000000,-6695.12985411579,-1236.376843675486,-963.5476586308673,1.6777587528364462,-4.397249394651816,-5.988940871608857,0.008217622384407364,0.0015204215404127583,0.0011898617171526267,-8.252383955369108,129.34321823657538,498.4775616223485,6882.086269974664,0.0009872622206312633,53.00808790011328,4.342593823359875,219.71247079528098,330.3918571513981
15 Jul 2026 08:34:00.000000000,-6579.750718575303,-1497.2864235470656,-1320.4838721176834,2.166805002091537,-4.2965414086014855,-5.904558454543757,0.008075509787528851,0.00184059891392544,0.0016291554920281578,-11.285778462745016,131.45216527951868,498.6240309598466,6881.749875036921,0.0009882716921093889,53.00703104975424,4.342311625825793,225.39666035193818,328.5160144483914
15 Jul 2026 08:35:00.000000000,-6435.305746539362,-1751.581795269887,-1671.5703818752293,2.646261807890391,-4.176857815505102,-5.7940238387884255,0.007897499082248271,0.0021525681636707615,0.0020611524543908757,-14.299443361473818,133.61093232750832,498.86487014333755,6881.317976565752,0.0009779497044241317,53.00567420274318,4.341829675704887,231.2630430109988,326.4582529152538
15 Jul 2026 08:36:00.000000000,-6262.434466952086,-1998.1400197569483,-2015.2523357105736,3.1139987033698264,-4.038732611027408,-5.6578324409994405,0.007684412154220124,0.002454929766059534,0.002483907006040775,-17.28732239977238,135.83434733520062,499.19352514667105,6880.798213909548,0.0009570046133275144,53.004041132632175,4.341099895483488,237.3369355699238,324.19327158652965
15 Jul 2026 08:37:00.000000000,-6061.902662558494,-2235.8726903184493,-2350.008081604073,3.5679393550671263,-3.88278238256677,-5.496595062279989,0.007437233306879394,0.0027463321279457566,0.002895521008719547,-20.24283978161552,138.13825058886067,499.60194305270977,6880.199785538971,0.0009263311731484815,53.00216049923479,4.3400785740450925,243.6503129450872,321.68910870821327
15 Jul 2026 08:38:00.000000000,-5834.598833136735,-2463.730798149497,-2674.355999962554,4.00607112780539,-3.709703235718908,-5.311034758684494,0.007157102993256749,0.0030254782080814673,0.0032941532490885174,-23.15875471913238,140.5397135613141,500.08072877769905,6879.533284741804,0.0008869963906001578,53.000065343904716,4.338727141078379,250.24331371653926,318.9056358869409
15 Jul 2026 08:39:00.000000000,-5581.53009655702,-2680.7094017368895,-2986.8611314839727,4.426454246595106,-3.52026733799023,-5.10198316043702,0.006845310655472412,0.003291131637692285,0.0036780283278580726,-26.026995340725488,143.0572463988891,500.61932539006443,6878.810510426651,0.0008402238456227793,52.99779250699113,4.337012850995758,257.16630646774115,315.7924914861926
15 Jul 2026 08:40:00.000000000,-5303.817553369823,-2885.8520781289353,-3286.1415686002356,4.827230505560242,-3.315319111064749,-4.870376276437212,0.006503286793344614,0.00354212229996398,0.004045444907141564,-28.83846886021556,145.71097640502126,501.2062144252141,6878.0442565412,0.0007873773179890391,52.99538197772614,4.334909364118082,264.48263392963383,312.2863362651989
15 Jul 2026 08:41:00.000000000,-5002.691143410324,-3078.255135973508,-3570.8745807637697,5.206631481270206,-3.0957711049862255,-4.617249824138592,0.006132594387178346,0.0037773513405973437,0.004394783265932079,-31.582846198806195,148.52276798733604,501.8291322640991,6877.248083987607,0.0007299447426231203,52.99287618801208,4.332397214807469,272.2721439507269,308.30732224317575
15 Jul 2026 08:42:00.000000000,-4679.48402525184,-3257.0715722621485,-3839.8024463220927,5.562986215539892,-2.862599588878049,-4.3437341273496255,0.0057349198032673595,0.003995795594975241,0.004724512131061685,-34.248321839729876,151.5162373729977,502.47529840467394,6876.43607921516,0.0006695236374245945,52.99031926258722,4.329464158089569,280.6355131825957,303.7547689029301
15 Jul 2026 08:43:00.000000000,-4335.626511211382,-3421.5147568278667,-4091.737966323681,5.894728340532531,-2.616839893251791,-4.051048625902747,0.005312063313211169,0.004196511432645334,0.005033194770915437,-36.82135439407884,154.7165918069904,503.13165131241806,6875.622603882115,0.0006078090043453844,52.98775623883979,4.326105388584004,289.6990312534485,298.50237896366275
15 Jul 2026 08:44:00.000000000,-3972.6395920271552,-3570.8618307345623,-4325.569638257365,6.200402626584422,-2.3595815386219945,-3.740496041472722,0.00486592934765818,0.004378638029532178,0.005319494352957291,-39.286401267716386,158.15019277959746,503.7850874862211,6874.822040105038,0.0005465837767015013,52.98523227009317,4.3223236276896895,299.6186404712244,292.39419868304884
15 Jul 2026 08:45:00.000000000,-3592.12808628595,-3704.4568067674973,-4540.266470376707,6.478670940349368,-2.09196318406636,-3.413456243165917,0.0043985166020512395,0.004541400092962164,0.0055821785862776255,-41.625673253135744,161.84370870599298,504.42269941418476,6874.048535854656,0.000487708970086476,52.98279182649523,4.318129077488651,310.5800666572015,285.244487088124
15 Jul 2026 08:46:00.000000000,-3195.773450238025,-3821.7133621937364,-4734.882419848884,6.728317607390698,-1.81516742769216,-3.0713798549315414,0.003911908094627505,0.004684110071066402,0.005820123680496103,-43.81895297091284,165.82269289157196,505.0320082120877,6873.315755012822,0.00043310345550681944,52.98047790769988,4.313539242018217,322.7881275788068,276.8484076657821
15 Jul 2026 08:47:00.000000000,-2785.3262838067635,-3922.1173158281463,-4908.560440439098,6.94825417907394,-1.5304154887380625,-2.7157816444936063,0.003408261265192872,0.004806169887839231,0.006032317666746808,-45.843544895169195,170.10941632675687,505.6011869271476,6872.636636482663,0.000384688709406547,52.9783312813323,4.308578619060512,336.4330299573884,267.01573153560736
15 Jul 2026 08:48:00.000000000,-2362.598568471323,-4005.2287831420845,-5060.536127750127,7.137523608355022,-1.2389617984400536,-2.348233730526815,0.0028897981852877004,0.004907072250619194,0.006217863135618295,-47.674451354911234,174.7198350024965,506.1192707407186,6872.023166545307,0.00034425352773681815,52.97638976078068,4.303278267827252,351.61977568221494,255.64143147120367
15 Jul 2026 08:49:00.000000000,-1929.4556722509806,-4070.6840047071223,-5190.140952169519,7.295303842756,-0.942088523880194,-1.9703586413213656,0.002358795930093397,0.004986401577528744,0.006375979450043353,-49.28488998738949,179.6597240393362,506.5763506058267,6871.486168390592,0.000313189675220287,52.97468753516583,4.297675260197599,8.26437871144882,242.80946528616
15 Jul 2026 08:50:00.000000000,-1487.8081565827888,-4118.1968446012,-5296.805071526675,7.420910845299038,-0.6411000461653337,-1.583822254604459,0.0018175771466642345,0.005043834596954882,0.006506004498952822,-50.64726725770629,-175.07969257771452,506.9637471989061,6871.0351124212375,0.0002921186389102032,52.97325456341877,4.2918120251770535,26.013083227849826,228.8735580115817
15 Jul 2026 08:51:00.000000000,-1039.603418904982,-4147.559956643104,-5380.059717222756,7.513801055687132,-0.33731741114537744,-1.1903266441787184,0.0012685008304515204,0.005079140664593416,0.006607396051059451,-51.7346766799803,-169.52585518609365,507.2741624407489,6870.677950548154,0.0002805989197793014,52.972116043258055,4.2857355982332574,44.28747275227488,214.41209315833683
15 Jul 2026 08:52:00.000000000,-586.8172042866219,-4158.645617276608,-5439.539148937733,7.573573304197201,-0.03207276831652164,-0.7916028556260327,0.0007139533077465623,0.005092181843941038,0.006679732770142716,-52.52287921766926,-163.7275168865441,507.5018062412622,6870.4209772671975,0.00027720430193298455,52.97129196452852,4.279496788787646,62.48598838621929,200.0265948857019
15 Jul 2026 08:53:00.000000000,-131.44501850183806,-4151.406224819614,-5474.982174310725,7.599970190129821,0.27329618904942427,-0.38940362980507176,0.00015633940374182355,0.005082912787516361,0.0067227149435990265,-52.99255139076962,-157.75453189718831,507.6424965392033,6870.26871984069,0.0002800414642317231,52.97079675486043,4.273149280680134,80.20173735576348,186.1239198980189
15 Jul 2026 08:54:00.000000000,324.5065256609553,-4125.87446549597,-5486.23323099572,7.592878935041367,0.5774517715035662,0.014503909962932014,-0.0004019262367412786,0.005051380447690555,0.0067361649660954434,-53.13140567159648,-151.6937855294599,507.6937311367126,6870.223859410199,0.00028740731408994204,52.970639023963855,4.266748681567036,97.29208570436877,172.84666521476814
15 Jul 2026 08:55:00.000000000,779.0283976374438,-4082.16314728082,-5473.243029369226,7.552331718694402,0.8790618192538522,0.4183455934201509,-0.0009584277187530451,0.004997723640487053,0.006720027613780977,-52.935694537122316,-145.64136029921227,507.6547302642933,6870.28718434618,0.0002982350641263529,52.970821411111906,4.2603515381735235,113.79824913923386,160.1535778018876
15 Jul 2026 08:56:00.000000000,1230.117843055917,-4020.4647031242766,-5436.068754917197,7.478505502856312,1.176805197701196,0.8203475495821537,-0.0015107564070722644,0.004922172470965118,0.006674370125595372,-52.41069374862414,-139.69244838474398,507.52644925224234,6870.457576602597,0.00031221851949919015,52.97134053852767,4.254014334870257,129.81891792514054,147.94593016270895
15 Jul 2026 08:57:00.000000000,1675.787051842571,-3941.0503656130554,-5374.873830005815,7.371721344979586,1.4693772545074757,1.2187435523819037,-0.0020565194290213555,0.004825047622157829,0.006599382099528276,-51.57002561168564,-133.93148875915722,507.31156112714217,6870.732031298181,0.00032968776618006395,52.97218707149777,4.247792493430547,145.4144312492418,136.16334645721065
15 Jul 2026 08:58:00.000000000,2114.0717698831872,-3844.2690156243652,-5289.9272353974375,7.23244320064829,1.7554952297374526,1.6117823544431111,-0.0025933482218824144,0.00470675949723288,0.006495375195185383,-50.43401594168249,-128.42490729090017,507.014409395024,6871.105709196994,0.0003513424008328252,52.97334588413229,4.241739391713044,160.564054817854,124.82652538062845
15 Jul 2026 08:59:00.000000000,2543.039823552105,-3730.545708042179,-5181.602392546015,7.061276210682909,2.03390360978231,1.9977349968502038,-0.003118907171966637,0.004567807196028413,0.0063627826221404685,-49.02751783438138,-123.2177367156804,506.640931714865,6871.572021215457,0.00037793304571582734,52.97479632780502,4.235905418734419,175.17248321554666,114.03073826381919
15 Jul 2026 09:00:00.000000000,2960.799525942202,-3600.379878235691,-5050.3756084961105,6.8589644662725835,2.303379414244486,2.3749020810012675,-0.0036309023829071167,0.004408777296687117,0.006202158378758006,-47.37768571797312,-118.33398431861796,506.1985556054427,6872.122743549747,0.00040997521427837584,52.97651259747787,4.2303370828981715,189.10952885683844,103.90614055683103
15 Jul 2026 09:01:00.000000000,3365.5079333697113,-3454.343233651909,-4896.824086057512,6.6263882434831025,2.5627374031956025,2.7416209864610197,-0.004127090599830615,0.004230342407880026,0.00601417619802681,-45.51206740128875,-113.7796298992444,505.69606776238595,6872.748161500847,0.00044756437839470626,52.978464189369866,4.2250761892371065,202.258469859883,94.56942436030485
15 Jul 2026 09:02:00.000000000,3755.3789199589437,-3293.077335743168,-4721.62350301488,6.3645606973917275,2.810835189791135,3.0962730156083453,-0.0046052883015589244,0.004033259451138651,0.005799628147648308,-43.457196445310814,-109.54685746599098,505.14345898845374,6873.437239584662,0.000490318449921807,52.98061644180465,4.2201591002524745,214.54997205607745,86.08989678362991
15 Jul 2026 09:03:00.000000000,4128.691037607391,-3117.2908784020674,-4525.54516536118,6.074624005858202,3.046578240735799,3.437290442577247,-0.0050633809542717624,0.0038183676274395704,0.0055594228226465954,-41.23770345540798,-105.61838009237309,504.55174715274524,6874.177815055632,0.0005374234881049009,52.98293114959362,4.215616093433541,225.97194318109564,78.47962607879096
15 Jul 2026 09:04:00.000000000,4483.7951280051875,-2927.756670213543,-4309.452741016655,5.757844953792372,3.2689247443813256,3.763163440287929,-0.005499332404243976,0.0035865860242870673,0.005294583070055369,-38.875865568184345,-101.97117661053056,503.93278098949963,6874.95681155471,0.0005877328053928556,52.985367241008205,4.211470826853925,236.56039454142433,71.70258025071178
15 Jul 2026 09:05:00.000000000,4819.121652875419,-2725.308329132615,-4074.29858218966,5.415609950739252,3.476890323547039,4.072446855603898,-0.0059111943681472755,0.0033389108195003396,0.00500624318340101,-36.3914768542367,-98.57937291738675,503.2990279162521,6875.760469221948,0.0006398756032854362,52.98788150528724,4.207739922237052,246.3823356258708,65.69173267038217
15 Jul 2026 09:06:00.000000000,5133.187708254306,-2510.8366996437635,-3821.119646457233,5.049419477682836,3.6695525676293297,4.3637667989858,-0.006297115957596285,0.003076412039910795,0.0046956455053755565,-33.80192676429512,-95.41627100281113,502.66334938691483,6876.5745872986345,0.0006923514875781065,52.990429357737405,4.20443267285654,255.51935961306634,60.3654767364233
15 Jul 2026 09:07:00.000000000,5424.603688492256,-2285.286004061032,-3551.033028782292,4.660881963153664,3.846055356318558,4.635827011634177,-0.006655353162279011,0.002800229843003495,0.004364136388941413,-31.122396707257316,-92.4556604579281,502.0387675879642,6877.384774991311,0.0007436045261713988,52.992965628827044,4.201550881350344,264.05571255507516,55.63955680258231
15 Jul 2026 09:08:00.000000000,5692.079565817639,-2049.649741341994,-3265.2311190084606,4.251707093902784,4.0056129454385525,4.887414970218914,-0.006984278195751926,0.0025115702943354578,0.004013161471805025,-28.36611142683158,-89.67258472906806,501.4382275260613,6878.176706186595,0.0007920793567544333,52.99544536325983,4.199088830259676,272.071160707981,51.434200898924956
15 Jul 2026 09:09:00.000000000,5934.430751796776,-1804.9663486083705,-2964.9764018557107,3.823698571471928,4.147513784153493,5.117407687041276,-0.007282388596973512,0.002211700625378523,0.0036442602336683515,-25.5446047715142,-87.04372219729458,500.8743587322891,6878.936373497928,0.0008362642636379476,52.9978246148541,4.1970333856782345,279.6375190148741,47.677592240930004
15 Jul 2026 09:10:00.000000000,6150.583507915555,-1552.3146424266026,-2651.595919028554,3.378746332748754,4.2711240321803325,5.324777162023402,-0.007548315969464722,0.0019019439672799177,0.00325905981939882,-22.667976535015132,-84.54751081666187,500.3592409125745,6879.650337097429,0.0008747255488813412,53.00006122314201,4.195364232121241,286.8175114508778,44.307008817510685
15 Jul 2026 09:11:00.000000000,6339.57987381631,-1292.809058794284,-2326.4754156936183,2.9188182598697407,4.375890745746508,5.508595442385509,-0.007780834234514633,0.0015836735691345403,0.002859268127758474,-19.745128612290383,-82.16411120737847,499.9041778965377,6880.305963841993,0.000906136136698304,53.00211555794646,4.1940542343065195,293.66492517501666,41.268669114833536
15 Jul 2026 09:12:00.000000000,6500.582083484537,-1027.5947126288663,-1991.0531962283242,2.445951412372093,4.461344701921489,5.668039246340026,-0.007978867272116252,0.0012583065220702597,0.002446666182388677,-16.783975989288752,-79.8752739768836,499.51948417138397,6880.891652345232,0.0009293001071439994,53.00395121877683,4.193069919356123,300.22537959840884,38.51696286907729
15 Jul 2026 09:13:00.000000000,6632.876441894457,-757.8422993360002,-1646.813716718919,1.9622428220630075,4.527102832627855,5.80239410865749,-0.008141495823394535,0.000927297023685334,0.0020230998190142835,-13.791632352398185,-77.66415460427484,499.2142881280414,6881.397039873349,0.0009431739869267959,53.00553567670421,4.192372070752357,306.53731283052787,36.01346438995791
15 Jul 2026 09:14:00.000000000,6735.876637285138,-484.7428626824047,-1295.2809441376723,1.4698398984111085,4.572870242106408,5.911058008547561,-0.008267963536960445,0.0005921292307472946,0.0015904707415425163,-10.774572419758357,-75.51510305453446,498.9963558919595,6881.813187253998,0.0009468850949694926,53.00684084741257,4.191916423470939,312.63297205690094,33.72594190606564
15 Jul 2026 09:15:00.000000000,6809.126467325311,-209.50245468855948,-938.0115143893978,0.9709304991325932,4.598441784820036,5.993544443923535,-0.00835768205003324,0.00025430975952906647,0.0011507270156423165,-7.738774221589548,-73.41344415513029,498.8719392622999,6882.132738377308,0.0009397469500637942,53.007843585355545,4.191654447863782,318.5393019304609,31.627468854980055
15 Jul 2026 09:16:00.000000000,6852.301960903007,66.6632854857001,-576.58772342656,0.4677327267831706,4.603703184677305,6.049484920711302,-0.008410235007923548,-8.464009614459514e-05,0.0007058530838094696,-4.689845000249758,-71.34525735928872,498.84565084450634,6882.350051329144,0.0009212716107605029,53.008526090360206,4.191534208390987,324.2786807157859,29.695687384801854
15 Jul 2026 09:17:00.000000000,6865.212881089534,342.5346056641759,-212.61038733984,-0.03751548260993823,4.588631680932238,6.07863083131816,-0.008425380946309992,-0.00042319235000393303,0.00025785939983296967,-1.6331344873086902,-69.29715973509214,498.9203689419841,6882.461298722521,0.0008911787733242885,53.00887621957847,4.191501281919059,329.8694752636113,27.912252996153764
15 Jul 2026 09:18:00.000000000,6847.803598919797,616.8931390643022,152.30839131222723,-0.5425669087475616,4.553296191064912,6.080854702556694,-0.008403054975500243,-0.0007598204260871321,-0.0001912282095449363,1.4261607574139423,-67.25609302762093,499.0971741839628,6882.464535370884,0.000849401463903626,53.008887699370796,4.191499719342847,335.32638086674245,26.262494280421762
15 Jul 2026 09:19:00.000000000,6800.153331927103,888.5273978419065,516.55251269965,-1.045175661117895,4.497856986225666,6.05615080005885,-0.008343369233597724,-0.0010930072891477199,-0.000639379339459617,4.482898374837649,-65.20911386386462,499.3753192232793,6882.35973206484,0.0007960882039765229,53.0085602334801,4.191473033495725,340.66047686998036,24.735356888845235
15 Jul 2026 09:20:00.000000000,6722.47574579423,1156.2382325237306,878.5091856539005,-1.543107783477242,4.422564880289214,6.004635083329376,-0.008246612093189037,-0.0014212535108845685,-0.0010845698377399992,7.531893126360978,-63.14318523437159,499.7522321578727,6882.148774858226,0.0007316015925671185,53.007899505690915,4.191365195907618,345.87883905578855,23.323790718176586
15 Jul 2026 09:21:00.000000000,6615.117921949825,1418.844228305423,1236.576211418218,-2.034151774258761,4.32775993905692,5.926544512875728,-0.008113246135261027,-0.0017430851812085446,-0.0015247925498694326,10.567818265205158,-61.04496708389318,500.223553631552,6881.835429926041,0.000656513334298309,53.00691707702973,4.191121624814759,350.98332848612375,22.025960639982806
15 Jul 2026 09:22:00.000000000,6478.5586983651465,1675.1870097521796,1589.1692066030628,-2.516128949797757,4.21386972150769,5.822235718106792,-0.007943904924165657,-0.002057061577261536,-0.00195806785884202,13.585101893716809,-58.90060410568773,500.78320687329926,6881.425274709441,0.000571595867526162,53.005630179421395,4.190690147024526,355.9675821260639,20.84825545540551
15 Jul 2026 09:23:00.000000000,6313.406395106718,1924.1364263102016,1934.7287274663215,-2.9869035800273704,4.081407070076748,5.692183041708621,-0.007739388640207179,-0.0023617825083914624,-0.002382453905733475,16.577814758578043,-56.69550971883797,501.42349925977,6880.925596698177,0.0004778109924922344,53.00406140953694,4.190021916722727,0.8094043598030937,19.81289597208092
15 Jul 2026 09:24:00.000000000,6120.395940298577,2164.595592197203,2271.7272587707043,-3.444392730351863,3.930967471597198,5.536975982786918,-0.007500658649938395,-0.002655895264427247,-0.002796056386608671,19.539545827929437,-54.41414690895285,502.13525335163706,6880.345261804084,0.00037629662510330216,53.00223832831686,4.189072275084386,5.44900315718436,18.97969845197426
15 Jul 2026 09:25:00.000000000,5900.385415967072,2395.505755667983,2598.676031984011,-3.886575748623997,3.7632260146413974,5.3573160670297355,-0.00722883110710396,-0.0029381011034657063,-0.0031970378318209322,22.463261922649036,-52.03980948491073,502.9079647773124,6879.694554836705,0.00026835607469906543,53.00019297330634,4.187801535603218,9.710693680973366,18.524370646449846
15 Jul 2026 09:26:00.000000000,5654.352046719846,2615.850974306314,2914.1316394290648,-4.311503342350739,3.5789339724416456,5.1540131773351,-0.006925169697917361,-0.0032071612288103093,-0.0035836262894727183,25.3411477491663,-49.55441190329492,503.7299838324833,6878.984995093348,0.00015547921297182519,52.997961292459365,4.186175681417146,12.871425716626646,19.1699840427715
15 Jul 2026 09:27:00.000000000,5383.387657296492,2824.6625748289734,3216.702413119992,-4.717306198224432,3.3789150432735005,4.9279813826349015,-0.006591077648734146,-0.0034619022155194215,-0.003954123348644639,28.164423092290157,-46.93830293770233,504.58871724109093,6878.2291305108465,4.011228102399006e-05,52.9955825094361,4.1841669624346585,5.64635741138707,30.20139984052039
15 Jul 2026 09:28:00.000000000,5088.693627681649,3021.023377863097,3505.0545393765165,-5.102203103591545,3.1640612820934333,4.680234305935922,-0.006228089127426431,-0.003701220862594467,-0.004306911457408079,30.923134983408605,-44.1701291902387,505.47084619085484,6877.440314186585,8.071978966135751e-05,52.99309843160717,4.181754381849559,214.64812046724765,185.00600351795052
15 Jul 2026 09:29:00.000000000,4771.575376664407,3204.071670224677,3777.9178828338427,-5.464508537285068,2.9353287583088457,4.411880074829281,-0.00583786016868137,-0.003924088459495233,-0.0046404605074467625,33.60592485000526,-41.22679003715104,506.36255651834466,6876.632467358565,0.00019894011898014436,52.990552712968075,4.178924063591601,214.68111979163896,188.77940498818643
15 Jul 2026 09:30:00.000000000,4433.436406452141,3373.0049093305856,4034.0914960942628,-5.802639705099566,2.693732974829299,4.124115898873263,-0.005422159252006322,-0.004129554468470002,-0.004953333674188017,36.19977470682162,-38.08354730328314,507.24977677477534,6875.819833132634,0.00031603816659251353,52.9879900849437,4.175669494362231,218.23311964900122,189.0338523049786
15 Jul 2026 09:31:00.000000000,4075.7719422089494,3527.0831464706853,4272.448793936148,-6.1151230028308765,2.4403440830412984,3.818222318350847,-0.004982857658941146,-0.004316749638815317,-0.005244192521187652,38.68974338387625,-34.71438127153726,508.11841985223475,6875.016725361161,0.0004300298711674453,52.98545556860969,4.1719916360824545,222.41368300489873,188.65979222830052
15 Jul 2026 09:32:00.000000000,3700.162201198325,3665.632157714409,4491.942373646965,-6.400599897007317,2.1762819271155784,3.4955571679961173,-0.004521919722009409,-0.004484888577671915,-0.00551180138998743,41.05871486046669,-31.092717848391995,508.95462388499465,6874.237277110925,0.0005392013411623837,52.982993682168384,4.167898906885545,226.8038520088542,188.0761897046214
15 Jul 2026 09:33:00.000000000,3308.2653266142834,3788.0462731714388,4691.608465615266,-6.657832219974653,1.9027109492016134,3.1575492974744415,-0.004041393069865474,-0.004633271814510917,-0.005755031114353151,43.28719720993283,-27.192683222794887,509.7449882542134,6873.495193111179,0.0006419234871606927,52.98064765758651,4.163407031049244,231.28144398695582,187.40523189081094
15 Jul 2026 09:34:00.000000000,2901.8100212090912,3893.7908971535167,4870.571000759682,-6.885706881699509,1.620834984673271,2.805692087805436,-0.0035433989540759356,-0.004761287401747372,-0.005972862106706839,45.35323288896371,-22.991056602864138,510.4768007082166,6872.803510452635,0.0007366575057009693,52.97845868012876,4.158538760609454,235.79867890145582,186.69470076353002
15 Jul 2026 09:35:00.000000000,2482.5879155460475,3982.404713444884,5028.045283639233,-7.0832400053564255,1.3318919738188029,2.441536799695579,-0.0030301227274356192,-0.004868412100728923,-0.006164386875207212,47.23250722788743,-18.4700596595107,511.1382518537977,6872.174371616355,0.000821976009004137,52.976465164109115,4.153323473565418,240.333557355318,185.96659523426942
15 Jul 2026 09:36:00.000000000,2052.445705160924,4053.5015713852404,5163.341262150356,-7.249580497375869,1.0371486133202308,2.066685786066481,-0.0025038045245899697,-0.0049542122055102784,-0.006328812036169611,48.8987653223569,-13.621000223843685,511.71863356721104,6871.61881365796,0.000896585640625019,52.97470207753924,4.147796655818831,244.87485640536636,185.23213550361552
15 Jul 2026 09:37:00.000000000,1613.2770902267073,4106.772049765483,5275.866386538231,-7.38401306507112,0.7378949677445494,1.682785597140831,-0.0019667301751415804,-0.005018344056259887,-0.006465459887792765,50.324654035309415,-8.448532755222896,512.2085182060364,6871.146577061846,0.0009593483884073527,52.97320032749052,4.141999275935447,249.4164201869334,184.497472647981
15 Jul 2026 09:38:00.000000000,1167.0145503783765,4141.98469667095,5365.128052066302,-7.4859606962833976,0.43543905807557165,1.29152000233983,-0.0014212223614181111,-0.005060554293458119,-0.006573769612126092,51.48307387982978,-2.9748989682994798,512.5999158667757,6870.765937420686,0.001009300627381086,52.97198621691828,4.135977063756812,253.95464189467108,183.766206890331
15 Jul 2026 09:39:00.000000000,715.6209866565782,4158.986944310922,5430.735620980982,-7.554986615573848,0.1311014414988791,0.894602949494219,-0.0008696320145817993,-0.005080679900785676,-0.006653298169681203,52.34903310076975,2.756944776004261,512.8864073183094,6870.483562693876,0.0010456693790140174,52.971080982445194,4.129779705507282,258.4872112539492,183.04064041439315
15 Jul 2026 09:40:00.000000000,261.0812614688981,4157.705698672745,5472.40202058605,-7.590795730674918,-0.17379020613097657,0.49377147808959243,-0.0003143299252345616,-0.005078648075262498,-0.0067037209404569075,52.901839127222594,8.682688542717688,513.0632506435574,6870.3043983621765,0.0010678854424262501,52.97050042118229,4.123459969531335,263.01241126837834,182.32248093185427
15 Jul 2026 09:41:00.000000000,-194.60633317642493,4138.147604436979,5489.944915109652,-7.593235581051402,-0.4779064958428547,0.09077860023850676,0.00024230146775345137,-0.005054475960353788,-0.006724832162478515,53.127278488047814,14.719673855253328,513.1274600334754,6870.231582331558,0.001075593149390241,52.97025461311007,4.117072777974975,267.5286580464407,181.6133021929244
15 Jul 2026 09:42:00.000000000,-649.4386496061566,4100.398986101905,5483.287449798731,-7.562296797873399,-0.7799217115724373,-0.3126138395053482,0.0007978761588585105,-0.005008270263207932,-0.006716545200862682,53.01931192904531,20.77378262861722,513.0778555964014,6870.266390952846,0.0010686565709523265,52.97034774387347,4.110674240685873,272.0341300302922,180.91491511061167
15 Jul 2026 09:43:00.000000000,-1101.4162714898357,4044.6254666819136,5452.458566274789,-7.498113081569277,-1.0785191702284695,-0.7146423161756374,0.0013500125834935211,-0.004940226771833882,-0.00667889267382212,52.580844264283776,26.74907127404997,512.9150834683221,6870.408217022675,0.0010471620749217157,52.97077803109024,4.104320668254495,276.52638735132774,180.22974876715546
15 Jul 2026 09:44:00.000000000,-1548.552085097295,3971.071265712928,5397.592888700497,-7.400960699649365,-1.372396549878128,-1.1135487799535129,0.0018963416111864085,-0.004850629773208402,-0.006612026442705595,51.82335017575979,32.557863617161075,512.6416059340243,6870.654580119726,0.0010114172067198788,52.9715377554672,4.0980675815072205,281.00188783787115,179.56133477016428
15 Jul 2026 09:45:00.000000000,-1988.879806036249,3880.0581786570783,5318.930180785038,-7.271257503898352,-1.6602711799729366,-1.5075878071007303,0.0024345145838218563,-0.004739851365645349,-0.006516217462847999,50.765463724401215,38.128812804543344,512.2616616945023,6871.001169115057,0.0009619459458201034,52.97261339618794,4.091968734748315,285.455272055519,178.91502257083908
15 Jul 2026 09:46:00.000000000,-2420.4624325078466,3771.9842401931364,5216.814374161485,-7.1095614625742805,-1.9408852867448712,-1.8950337373597572,0.00296221145454395,-0.004608350646891875,-0.006391855475827568,49.4309134177803,43.41131839181407,511.7811968410208,6871.441916182121,0.0008994804846922488,52.97398586821664,4.086075169935201,289.87819651739187,178.29914659968486
15 Jul 2026 09:47:00.000000000,-2841.4005958626003,3647.322074308715,5091.692169215112,-6.916568700098125,-2.213011185585436,-2.274187787477617,0.0034771490748705842,-0.004456672749703811,-0.006239448509950814,47.846286286735356,48.37607578521807,511.2077675200048,6871.969101125207,0.0008249498073403613,52.97563085738211,4.080434318322877,294.257277984303,177.7270822935715
15 Jul 2026 09:48:00.000000000,-3249.8407785333497,3506.616934694968,4944.111210155736,-6.69311103421278,-2.475456410207698,-2.6433851280533593,0.003977089667239415,-0.004285447690500667,-0.0060596221466052945,46.039026139291856,53.012668797177916,510.5504156940501,6872.573484351829,0.0007394655649460908,52.97751924739676,4.07508916535122,298.5701946660916,177.2211451956088
15 Jul 2026 09:49:00.000000000,-3643.983368913583,3350.4844395905934,4774.717836947231,-6.440152998751879,-2.727068766150597,-3.0010019080940125,0.004459849504440815,-0.004095388986980642,-0.005853118495696436,44.03589639298897,57.32557619041475,509.8195198199857,6873.244466340443,0.0006443062207462104,52.97961763135692,4.070077493450201,302.7776432273551,176.8206342191419
15 Jul 2026 09:50:00.000000000,-4022.0905219089436,3179.60800607049,4584.254417764667,-6.158788339313166,-2.966741293446972,-3.345462208103652,0.004923307803069308,-0.003887292000013477,-0.005620794821233058,41.861964180775864,61.329821520844305,509.02662267188396,6873.970271005496,0.0005409017192168341,52.98188889879052,4.065431216027147,306.8048913417738,176.6002793260307
15 Jul 2026 09:51:00.000000000,-4382.493793154705,2994.7359897575766,4373.556266912818,-5.850235969293764,-3.193417120434072,-3.6752448987091,0.005365415817923451,-0.003662031949680847,-0.005363621749164059,39.54004589665521,65.0470664920531,508.1842389302347,6874.738149945569,0.0004308252547473268,52.98429288799204,4.061175814429179,310.4929482171306,176.71907119236766
15 Jul 2026 09:52:00.000000000,-4723.6015141553635,2796.678537113644,4143.5481546480605,-5.5158353750548885,-3.406094187729547,-3.9888903777895313,0.005784206105644109,-0.0034205615570441186,-0.0050826809899574095,37.09050311792384,68.50251163107052,507.3056455318398,6875.534604182572,0.00031581754971999243,52.986787092234415,4.057329887747327,313.43926962010624,177.57955632853285
15 Jul 2026 09:53:00.000000000,-5043.9058750001595,2586.304158801086,3895.240417098434,-5.157041461444865,-3.603829818553246,-4.285007155048381,0.006177801907920951,-0.003163908266348952,-0.004779162511171574,34.53127350328503,71.72265978561116,506.4046581209398,6876.3456196691905,0.00019798974953665142,52.98932740749689,4.053904823477591,314.2653133704666,180.56028168077228
15 Jul 2026 09:54:00.000000000,-5341.989680879158,2364.5360341213195,3629.724676466487,-4.775418832530509,-3.7857451089347474,-4.562278249134915,0.006544426582299635,-0.0028931710050342048,-0.004454361096647291,31.87804069624711,74.73383392379097,505.495397251503,6877.156912564356,8.203845961721606e-05,52.9918689086091,4.050904594848406,303.704737157831,194.92759685881447
15 Jul 2026 09:55:00.000000000,-5616.532748456325,2132.348058183887,3348.169183910473,-4.372635507089139,-3.9510291090897915,-4.819467358978069,0.006882412995951619,-0.0026095164492871805,-0.004109672241783883,29.144473497415834,77.56128271236658,504.59204825421665,6877.954180060759,5.8746965150986655e-05,52.99436664020154,4.048325688512098,191.1400090267566,311.2990436423987
15 Jul 2026 09:56:00.000000000,-5866.317908296854,1890.7606452421696,3051.8137998955985,-3.950456074102762,-4.098942765468017,-5.0554247681233555,0.007190212778457069,-0.002314174769218342,-0.0037465873409624297,26.342488577187538,80.22870935582715,503.70861888873407,6878.723352399451,0.00016978619204910297,52.9967764085787,4.0461571639245495,170.868178750682,335.3775845457749
15 Jul 2026 09:57:00.000000000,-6090.236580058501,1640.836303492761,2741.9646293565283,-3.510734300013747,-4.228822591809863,-5.269092938716411,0.007466405318957772,-0.002008434840211283,-0.0033666881388769152,23.48250951229329,82.75808697617015,502.85869904242514,6879.450841631898,0.0002841414308164216,52.99905556059947,4.044380843501782,170.80027203187316,339.25220850357294
15 Jul 2026 09:58:00.000000000,-6287.293888079473,1383.674998558024,2419.9883316587607,-3.0554052066691986,-4.340084037071288,-5.459511750501226,0.007709706385574331,-0.001693638919215582,-0.0029716404331814284,20.573707777319992,85.16965754588563,502.05522680151944,6880.123782693451,0.0003944990963464188,53.00116373586065,4.042971630266104,173.6432267240103,340.215994482923
15 Jul 2026 09:59:00.000000000,-6456.613286368543,1120.4093247793137,2087.3061280368597,-2.5864766464625553,-4.4322245183709725,-5.625823339898422,0.007918976235770706,-0.0013711767967297327,-0.0025631870308233853,17.624219569077486,87.48204180726643,501.3102652005966,6880.730262437263,0.0004987726770659443,53.00306357893157,4.041897947579511,177.46071116171692,340.2052929399988
15 Jul 2026 10:00:00.000000000,-6597.440663826412,852.1995053489383,1745.3875318650346,-2.106020408978501,-4.50482608819055,-5.767276494970621,0.008093227090339222,-0.0010424794502649451,-0.0021431399808772944,14.641337283417366,89.71241166486934,500.6347938461655,6881.259532447406,0.0005954496813496882,53.00472139907159,4.041122293247884,181.74377616758477,339.72907355377345
15 Jul 2026 10:01:00.000000000,-6709.147902829251,580.228244083544,1395.743829707554,-1.6161629011528036,-4.557557706966955,-5.883230563908007,0.008231629842520237,-0.0007090122371430526,-0.0017133721225455075,11.631677215991125,91.87669416796898,500.03851940514517,6881.702201702226,0.000683265288392632,53.006107765769464,4.040601898411496,186.30441213835059,338.9753678395546
15 Jul 2026 10:02:00.000000000,-6791.235867049252,305.69545331102665,1039.9213435478002,-1.1190754503738791,-4.590177094896308,-5.973158837566502,0.008333519883331576,-0.00037226767811276886,-0.0012758080059652615,8.60132644942015,93.9897884906327,499.52970864900624,6882.05040549279,0.0007611544822694841,53.00719802955521,4.040289479664696,191.06019717352527,338.0266206839832
15 Jul 2026 10:03:00.000000000,-6843.3367975632345,29.812883808075643,679.4945068397133,-0.6169642867898875,-4.6025321402006165,-6.036651370522867,0.00839840193638252,-3.3757894796238964e-05,-0.000832414259748135,5.555972485714493,96.0657855777169,499.1150473522315,6882.2979474121785,0.0008282491598006578,53.00797275883709,4.040134071272636,195.97228778750494,336.9216992661279
15 Jul 2026 10:04:00.000000000,-6865.2160998593035,-246.20131602222426,316.0587890016044,-0.11206026713255701,-4.594561845196845,-6.073417209993695,0.008425953806874933,0.000304993225919584,-0.0003851894937466382,2.5010193501121534,98.11818551196006,498.7995278651216,6882.4404117109525,0.0008838843712472926,53.00841808498047,4.040081922867769,201.02303443357198,335.678277142552
15 Jul 2026 10:05:00.000000000,-6856.773508242006,-521.1280835600177,-48.77649536418924,0.39339159258627526,-4.56629679615882,-6.0832860076786535,0.008416028973414244,0.0006424580588771549,6.384616113776302e-05,-0.5583061430520041,100.16011106469598,498.5863676265197,6882.4752438555415,0.0009276052087344534,53.00852594945307,4.040077446869189,206.2066579799602,334.302157362921
15 Jul 2026 10:06:00.000000000,-6818.0436182935,-793.7529390967383,-413.3954549432766,0.8971427042787951,-4.517859148047866,-6.066208995986995,0.008368657965830074,0.0009771133714378216,0.000512661764919939,-3.6168543758818354,102.20451795756374,498.476960264717,6882.401797716899,0.0009591717259252469,53.00829424857821,4.040064198940862,211.52502731311725,332.79149444813964
15 Jul 2026 10:07:00.000000000,-6749.195782397141,-1062.871467436812,-776.1829293880359,1.3969515411018818,-4.44946212056884,-6.022259317015371,0.008284048500237765,0.001307448466663326,0.0009592264136248592,-6.669455673340789,104.26440350562123,498.4708602702613,6882.221348444256,0.000978560944920775,53.00772687323982,4.039985874215804,216.98571790610305,331.13873540044926
15 Jul 2026 10:08:00.000000000,-6650.533367790772,-1327.2947546762139,-1135.531797234922,1.8905942419458708,-4.361409007530987,-5.951631699872024,0.008162584363347587,0.0016319732466686576,0.0014015200957333397,-9.710822368113801,106.35301578056216,498.5658015320607,6881.937070730581,0.000985965613521604,53.006833642734165,4.039787301708774,222.60123017079093,329.3314009342844
15 Jul 2026 10:09:00.000000000,-6522.49238110475,-1585.8547511427098,-1489.8502450455928,2.3758751124210296,-4.254091707000201,-5.854641489283157,0.008004823061716444,0.0019492261051105375,0.0018375444375796784,-12.735446725883616,108.48406533048436,498.75774932589724,6881.553982834863,0.0009817896612984147,53.00563013383346,4.039415419337415,228.38889113198218,327.3521833972463
15 Jul 2026 10:10:00.000000000,-6365.639467771072,-1837.4095320884728,-1837.5689591420987,2.8506369493732966,-4.127988785064464,-5.73172303566361,0.007811492279358196,0.0022577815628163247,0.0022653332194081206,-15.737491197108264,110.67194079511667,499.0409846543481,6881.078857380162,0.0009666404807512749,53.00413740798251,4.038820212280172,234.37123895175762,325.17856186016405
15 Jul 2026 10:11:00.000000000,-6180.669298977193,-2080.8484286517028,-2177.148202119035,3.3127711190406552,-3.9836630910419792,-5.583427463779754,0.0075834852013879454,0.002556257565757627,0.0026829625492221865,-18.710667349018692,112.93192830542965,499.40821917684934,6880.520100576866,0.0009413183021904802,53.0023816413571,4.037955598059178,240.57682383418273,322.78200085316786
15 Jul 2026 10:12:00.000000000,-5968.4013629091005,-2315.097002806078,-2507.084737523813,3.7602273232904535,-3.821758946509421,-5.4104198435867765,0.0073218547901030195,0.002843322375110175,0.0030885605928256386,-21.648099734447953,115.2804320431823,499.85073835749677,6879.887602116888,0.0009068030665219607,53.000393664240164,4.036780242622579,247.04143424614085,320.1267238185977
15 Jul 2026 10:13:00.000000000,-5729.776180805687,-2539.121841484982,-2825.918567677504,4.191022993829091,-3.6429989344879616,-5.213475792607244,0.0070278071109301276,0.0031177009886497516,0.0034803167699919268,-24.542170967874767,117.73518925779346,500.3585699115882,6879.1925585306035,0.0008642393416495233,52.99820841778922,4.035258292908901,253.80980622608547,317.1680035150603
15 Jul 2026 10:14:00.000000000,-5465.8509717721945,-2751.93514675188,-3132.2394515105043,4.603252260644918,-3.4481803184011346,-4.993477544186488,0.006702693819386456,0.003378181044460302,0.0038564903408093596,-27.384344568874145,120.3154666572759,500.92067416307196,6878.447273285603,0.0008149199799844597,52.995864337744464,4.033360012849116,260.93790461025986,313.84988054853744
15 Jul 2026 10:15:00.000000000,-5177.794793325634,-2952.5991007462367,-3424.693171461715,4.995094448017912,-3.238171122937378,-4.751409519993755,0.006348003935315732,0.00362361817307462,0.004215418324953387,-30.164962973322243,123.04221539851372,501.525152543114,6877.664937322414,0.0007602693665356037,52.993402675936586,4.031062311459936,268.49586906168975,310.1022171499455
15 Jul 2026 10:16:00.000000000,-4866.883187231094,-3140.2299861208135,-3701.987520882973,5.364822058970296,-3.013905910666529,-4.488353448150784,0.005965355029070288,0.003852940775060409,0.004555522711188611,-32.87301994082743,125.93814764545745,502.15947017187693,6876.8593940619585,0.0007018272160319449,52.99086677157205,4.028349153564588,276.5716586304528,305.8370524745462
15 Jul 2026 10:17:00.000000000,-4534.492362315551,-3314.002044753347,-3962.8979859328856,5.710808216782398,-2.776381289157017,-4.205483070320809,0.005556483950930495,0.0040651542166146365,0.004875316934381715,-35.49591006886706,129.02767752760107,502.8106882728109,6876.044893176261,0.0006412338149839021,52.988301285180746,4.025211845778994,285.2752172181661,300.9444370532551
15 Jul 2026 10:18:00.000000000,-4182.092947609195,-3473.1510596087346,-4206.273098578993,6.0315335399048,-2.5266511834401855,-3.9040584819726023,0.0051232372301287885,0.0042593444480264805,0.005173411614149674,-38.019164210152276,132.33664248644592,503.4657020710704,6875.235837584876,0.0005802170419172436,52.98575140878903,4.021649192576046,294.74242639388524,295.2884799506964
15 Jul 2026 10:19:00.000000000,-3811.2433503675015,-3616.977646710537,-4431.039439987216,6.325592434017937,-2.265821908004396,-3.5854201498833578,0.0046675612631681155,0.00443468106200452,0.005448519566010147,-40.42618950484261,135.89168833232713,504.11147982075386,6874.446528224554,0.0005205796796944903,52.98326206632019,4.017667519598874,305.13684514774957,288.70560904471563
15 Jul 2026 10:20:00.000000000,-3423.5827543031173,-3744.8502461929543,-4636.206276204101,6.591698791884397,-1.9950470711657566,-3.250982649832869,0.004191492400793127,0.004590419819448255,0.00569946011108032,-42.698047787496236,139.71916780850918,504.7352986834218,6873.690911139652,0.0004641809434008597,52.980877118411016,4.013280563685241,316.64471809805775,281.0095629117006
15 Jul 2026 10:21:00.000000000,-3020.823793728702,-3856.207803328239,-4820.86981057316,6.82869109781436,-1.7155223427273611,-2.902228165480309,0.003697147029046419,0.0047259046787674446,0.005925162723020008,-44.81332708939308,143.84338089486297,505.3249733338856,6872.982331357699,0.00041289651245587754,52.97863858576927,4.008509231513767,329.4547256915931,272.01164077689646
15 Jul 2026 10:22:00.000000000,-2604.7449393440957,-3950.5621322065167,-4984.21703972509,7.035536938840773,-1.4284801134509912,-2.540699786741057,0.003186711725221531,0.004840569373275775,0.006124670063601508,-46.74818676423906,148.2840007953495,505.8690733897349,6872.333297855897,0.0003685258835377476,52.97658590487745,4.00338123104864,343.7105325070722,261.56815441783914
15 Jul 2026 10:23:00.000000000,-2177.1826311365407,-4027.49995638126,-5125.529202201544,7.2113369289575715,-1.1351840721285442,-2.1679946427620065,0.0026624335484750953,0.004933938582033314,0.006297140461543366,-48.47668225117064,153.0526227320903,506.3571260379142,6871.755263691942,0.0003326040676895167,52.97475522928382,3.997930582299601,359.4300923745192,249.66112330509756
15 Jul 2026 10:24:00.000000000,-1740.0231933409518,-4086.6846222559457,-5244.184810795994,7.355328055934017,-0.8369237230981212,-1.78575690097467,0.0021266105095312814,0.0050056287454846495,0.006441849898669132,-49.971488603688634,158.14859079311563,506.7798005546007,6871.25842507618,0.0003061011236825429,52.973178788916826,3.9921970160167533,16.41620915034367,236.48771413692336
15 Jul 2026 10:25:00.000000000,-1295.1945658765785,-4127.857482252217,-5339.662261448224,7.46688646218138,-0.5350088641572337,-1.3956706600469917,0.0015815822429468098,0.005055348574574285,0.006558193565986465,-51.20512246581024,163.55462640055052,507.12907177473244,6870.851542808182,0.00028910217418862995,52.971884318833254,3.986225270978036,34.23254016360433,222.48423774677823
15 Jul 2026 10:26:00.000000000,-844.6578857220181,-4150.838945940405,-5411.542013156273,7.545529672113535,-0.2307640418054077,-0.9994527606206921,0.0010297208865881406,0.00508289929870833,0.00664568704969983,-52.151686524655304,169.23324581562463,507.39835995532314,6870.54178909552,0.0002806998109139231,52.97089456757656,3.9800643023156996,52.316825811896734,208.21291990092087
15 Jul 2026 10:27:00.000000000,-390.39895117028607,-4155.52919821101,-5459.508334627455,7.590918278165152,0.0744770017286296,-0.598845534394881,0.00047342215789293964,0.005088174695191155,0.006703967204961786,-52.78901707350825,175.12531789801344,507.58264488524173,6870.3346223259805,0.000279286378188466,52.97022689390664,3.9737664149387464,70.185266342953,194.15752494276737
15 Jul 2026 10:28:00.000000000,65.5803989709544,-4141.908584383341,-5483.35061456996,7.602857096559564,0.3793768776124794,-0.19560950882678965,-8.490340007469524e-05,0.005071160933302016,0.006732792764140225,-53.10092924069722,-178.8479443321292,507.67855251698836,6870.233691882115,0.0002831358319012678,52.969892959088234,3.9673863374500735,87.57434473868878,180.58153336093233
15 Jul 2026 10:29:00.000000000,521.2709597306508,-4110.037662801587,-5482.96423345545,7.5812958019522405,0.6826000854064005,0.2084839178420262,-0.0006428390405067914,0.0050319362602062505,0.0067320447194222695,-53.07910215725217,-172.7790077884595,507.6844128284814,6870.240774577774,0.0002909472208609715,52.96989852022149,3.9609802530115945,104.43465811691671,167.5343108583727
15 Jul 2026 10:30:00.000000000,974.66485686952,-4060.0569260428647,-5458.350995393869,7.526329047520077,0.9828185249395265,0.6116598184885613,-0.0011979703496797368,0.004970670544056674,0.006701726504626672,-52.72413066516214,-166.76483555527477,507.60028806110336,6870.355743766753,0.0003021227997488922,52.970243328295396,3.9546048043743913,120.8288295034292,154.95319706235173
15 Jul 2026 10:31:00.000000000,1423.7642356259064,-3992.1861923736833,-5409.619119470621,7.438196074095576,1.2787169767677122,1.0121470843895286,-0.001747893750197199,0.004887624681158104,0.0066419639901893765,-52.045448381484334,-160.89657579956446,507.42797092202574,6870.576571631181,0.00031676457680944844,52.970921132777136,3.9483160907883312,136.8218769003278,142.773136941557
15 Jul 2026 10:32:00.000000000,1866.5899107381397,-3906.7236695811807,-5336.98279055643,7.317279808793235,1.5689985429762257,1.4081857667105828,-0.002290225023674618,0.0047831498633592075,0.006553005291089143,-51.060144409778225,-155.25070195097513,507.170952781635,6870.899364608391,0.0003354728644674062,52.97191979264796,3.9421686746141673,152.41232459536184,130.99556997774476
15 Jul 2026 10:33:00.000000000,2301.1899470927533,-3804.044693813268,-5240.761270265047,7.164105450480693,1.8523900395358437,1.7980344005783153,-0.0028226079023500007,0.004657686690185918,0.006435220371608817,-49.79100253687984,-149.88354514631476,506.8343623399021,6871.31843136722,0.0003590400792945244,52.97322149189742,3.93621461528633,167.51578741843736,119.70484637790038
15 Jul 2026 10:34:00.000000000,2725.648140156233,-3684.6001466016573,-5121.3775694350625,6.979338536610843,2.1276473303278483,2.179977298903232,-0.0033427227733569234,0.004511764103789211,0.006289100421673433,-48.264245010653354,-144.8298060408595,506.4248756761573,6871.826382203876,0.00038813186564191725,52.97480305562508,3.9305025478253706,181.99334815974515,109.03985010534458
15 Jul 2026 10:35:00.000000000,3138.0923647651675,-3548.914553924738,-4979.356684367007,6.763782483685843,2.393560591173407,2.5523318009649487,-0.0038482955277009388,0.004345998113047741,0.006115256962762464,-46.50742436275567,-140.1043577186621,505.9505990343712,6872.41425820147,0.0004230435623965588,52.976636361104234,3.9250768222299026,195.70256538811384,99.14299148294305
15 Jul 2026 10:36:00.000000000,3536.7027605772605,-3397.5838718612576,-4815.323399954847,6.518375591932731,2.648959490275524,2.9134554583393935,-0.004337106574887611,0.0041610902706549135,0.005914420637063003,-44.54774418698345,-135.70600301118904,505.42092612621485,6873.071687992334,0.00046358620838497577,52.97868883647295,3.9199767190558417,208.542686870555,90.11499416191458
15 Jul 2026 10:37:00.000000000,3919.719721643372,-3231.2729643328857,-4629.99966404271,6.244187504119326,2.8927182688853965,3.2617531373553126,-0.004807000026214849,0.0039578258589324415,0.005687439621109323,-42.410906014587184,-131.62186610424646,504.8463721549009,6873.787069485992,0.0005090981574546267,52.98092403815792,3.9152357550695487,220.47544729907014,81.99409774318053
15 Jul 2026 10:38:00.000000000,4285.451657072154,-3050.7127794505186,-4424.2015386642415,5.942415108669545,3.123760703448007,3.5956840138313835,-0.005255893033352968,0.0037370717397452492,0.005435277603257396,-40.12044449946027,-127.83149175480636,504.23838716777277,6874.547773486077,0.0005585347785690713,52.983302296739645,3.9108810912843612,231.5211031996303,74.76002317116247
15 Jul 2026 10:39:00.000000000,4632.282489149816,-2856.6972321975304,-4198.835735406138,5.614377878611372,3.3410649277362197,3.9137684320692387,-0.005681785250579874,0.0034997738239240087,0.0051590112627955,-37.697445964817184,-124.31018449883022,503.6091517291795,6875.340365722331,0.0006105827375725251,52.985781419755355,3.9069330538296936,241.74098581859653,68.35142010003054
15 Jul 2026 10:40:00.000000000,4958.678854833828,-2650.0798025513154,-3954.895743942024,5.261512640377378,3.5436680908430933,4.2145945963388955,-0.006082768368689162,0.003246954116686804,0.004859827188100472,-35.16053154753235,-121.03146960949202,502.97135825953796,6876.150843479462,0.0006637647828561903,52.988317438931,3.9034047761023944,251.218111650282,62.685256564892455
15 Jul 2026 10:41:00.000000000,5263.196976273826,-2431.7698596689884,-3693.4575648127566,4.885367770085925,3.730670824471464,4.496825059539345,-0.006457035651712641,0.0029797073017183272,0.004539018178168923,-32.52600189353559,-117.96875698207432,502.3379817028758,6876.964882718014,0.0007165228687422199,52.99086538855379,3.900301968484902,260.042053352947,57.67194820773671
15 Jul 2026 10:42:00.000000000,5544.489166002432,-2202.7287244237214,-3415.6750597615965,4.487596819597563,3.9012414908845097,4.759202970548254,-0.0068028913910765714,0.002699196833400184,0.0041979788794103065,-29.80806639871258,-115.09636945753995,501.72204345390037,6877.768091361871,0.0007672804684375362,52.99338010115555,3.8976228196272196,268.2994379223567,53.224860187094414
15 Jul 2026 10:43:00.000000000,5801.309932742611,-1963.9654843493088,-3122.774935338106,4.069951580258506,4.054620181289665,5.0005580391680935,-0.007118760174066613,0.002406650514303019,0.003838200718316905,-27.019105342572956,-112.39010596011931,501.1363726868712,6878.546264279478,0.0008144893810241591,52.995817006382744,3.895358030938648,276.06905607787843,49.26519781556306
15 Jul 2026 10:44:00.000000000,6032.52165444591,-1716.5325768982182,-2816.0513780269166,3.634274598665083,4.190122433432166,5.219812175689265,-0.007403195856740815,0.0021033555483067094,0.003461266107644481,-24.169933452820658,-109.82748556973033,500.5933693716915,6879.285635415085,0.0008566662567274524,52.99813291888882,3.8934909836014207,283.4200165298468,45.72385225657047
15 Jul 2026 10:45:00.000000000,6237.099786254671,-1461.5211588085442,-2496.8603617796325,3.1824911658182,4.3071426368605215,5.415984761068533,-0.007654890116940714,0.0017906530690812896,0.003068841914996976,-21.270047751278344,-107.38778472277852,500.10477332911853,6879.9731225390115,0.0008924225499846145,53.000286801294834,3.8919980350282417,290.41163285376604,42.54151355596987
15 Jul 2026 10:46:00.000000000,6414.1375725948765,-1200.05628126149,-2166.6136514832288,2.7166008084742916,4.405157094763956,5.58819750365818,-0.007872680464661361,0.0014699321589272574,0.0026626722031886183,-18.327851869987075,-105.05194766749437,499.68144365781444,6880.596560182289,0.0009204901000862118,53.00224048872422,3.890848939400892,297.0941600517129,39.66793393022826
15 Jul 2026 10:47:00.000000000,6562.850234576885,-933.2918923439622,-1826.772528518177,2.2386683190909293,4.483726712509241,5.735678839395529,-0.008055557579854506,0.001142623384221073,0.0022445702659252163,-15.35085470721745,-102.80242433636045,499.33315275608015,6881.144916504703,0.0009397434490431152,53.0039593621166,3.8900073847425825,303.5098573064361,37.0608648088057
15 Jul 2026 10:48:00.000000000,6682.578606302682,-662.4056900695655,-1478.8412670871528,1.7508143682708457,4.5424992850251416,5.857767834399308,-0.008202671857594487,0.0008101918884925443,0.0018164100030498172,-12.345844511215065,-100.6229704966036,499.06839895564343,6881.608490112375,0.0009492193304145434,53.005412958449654,3.889431636919125,309.69409454467603,34.68495001816957
15 Jul 2026 10:49:00.000000000,6772.7921965419455,-388.5938508043117,-1124.3603923615233,1.2552057507660461,4.581211357977689,5.953917552014165,-0.008313339044850192,0.00047413009581638837,0.0013801166952385293,-9.31904114595051,-98.49843145652714,498.8942414849397,6881.97908319067,0.000948133387280852,53.00657550713244,3.889075279066763,315.67636330101783,32.51071462093334
15 Jul 2026 10:50:00.000000000,6833.091655512486,-113.06565934367147,-764.8997536416418,0.754045322671369,4.599689641197377,6.023697850446452,-0.00838704486415854,0.00013595008862564572,0.0009376572542160633,-6.2762300404193,-96.41452141367365,498.8161610861859,6882.250147743369,0.0009358939939397339,53.00742638315536,3.8888880332933904,321.4811283160302,30.513712981891885
15 Jul 2026 10:51:00.000000000,6863.210630141434,162.9619319382752,-402.0514475993521,0.24956169318899202,4.597851956977338,6.066797582158046,-0.008423448539547311,-0.00020282426553043002,0.0004910300401055847,-3.2228815637958412,-94.35760450244715,498.83794913217093,6882.416902222794,0.0009121129872952249,53.00795046906806,3.8888166500399177,327.12848942373444,28.67386651205363
15 Jul 2026 10:52:00.000000000,6863.016995136987,438.2697865465808,-37.42262821369624,-0.25600126093114356,4.575707710558525,6.083026172009817,-0.008422385152115564,-0.0005406653564013134,4.225434832338988e-05,-0.16425956022188723,-92.31447976148891,498.9616275339733,6882.476416387571,0.000876613112147706,53.00813841947911,3.8888058493321003,332.63462695984595,26.975017865917422
15 Jul 2026 10:53:00.000000000,6832.513451397457,711.6420809972536,327.37175880955783,-0.7603949866262205,4.533357875225064,6.072314557619348,-0.008383866780363278,-0.0008760499546726111,-0.00040664032114840236,2.8944773265159944,-90.2721698905532,499.1874011139927,6882.427662823557,0.0008294320215972497,53.007986823503856,3.888799297257652,338.01198003456886,25.40475225526291
15 Jul 2026 10:54:00.000000000,6771.837487653067,981.8717863988794,690.7162785726141,-1.261376877564426,4.470994489810627,6.034715482345031,-0.008308082397526558,-0.001207467325823546,-0.0008536250936473525,5.948178018215119,-88.21771232868223,499.51364345528225,6882.271534196588,0.0007708227350317503,53.00749826239373,3.888740600398323,343.26904126266595,23.954602294090176
15 Jul 2026 10:55:00.000000000,6681.260705692422,1247.7661052918766,1051.002307559175,-1.756720854306172,4.388899671911955,5.970403138534461,-0.008195396525395846,-0.0015334272424653596,-0.0012966825271048647,8.991601606196594,-86.13795057110474,499.9369165466806,6882.010825957069,0.0007012505377114458,53.006681261433656,3.8885743006474094,348.40949480354254,22.620909529451573
15 Jul 2026 10:56:00.000000000,6561.18751398747,1508.1518349208081,1406.6352934114846,-2.2442278275025,4.287444155560189,5.8796721659767694,-0.008046346667439393,-0.0018524678056155506,-0.0017338172756428093,12.019316749953019,-84.01932361223881,500.4520238436203,6881.650184874133,0.0006213864192878653,53.00555013705981,3.8882468528973377,353.43002848439653,21.407011892609866
15 Jul 2026 10:57:00.000000000,6412.153198912358,1761.8806287979285,1756.0419355894505,-2.721735972075518,4.167085367359473,5.7629360176672435,-0.00786163956490174,-0.002163162989592238,-0.0021630664921938447,15.025594370885623,-81.84765194817506,501.0520956756464,6881.196024422833,0.0005320973456725092,53.004124741992804,3.8877075683662605,358.315028435828,20.328548648510484
15 Jul 2026 10:58:00.000000000,6234.821386970644,2007.834129412561,2097.6772495179466,-3.1871307437023852,4.028365060013715,5.620724711826461,-0.007642146344742749,-0.002464129832503246,-0.002582509860259882,18.004290041446502,-79.60791981540994,501.7287052744836,6880.656408669803,0.00043443415093226406,53.00243011297421,3.8869095070051936,3.0226482252845064,19.42739086531386
15 Jul 2026 10:59:00.000000000,6029.980915428144,2244.9289462068027,2430.0314781481957,-3.6383545735309677,3.8719065265961343,5.453681995425573,-0.007388896645497986,-0.0027540352034354744,-0.002990279155256438,20.948712369260374,-77.28405555057358,502.47201308747407,6880.040906885631,0.0003296196503268739,53.000496027398455,3.8858103032859495,7.441448867477736,18.8150010315894
15 Jul 2026 11:00:00.000000000,5798.542132418404,2472.121454471089,2751.6368165375443,-4.073416182758462,3.698411422741143,5.262561950082298,-0.007103071823004955,-0.0030316020877193097,-0.0033845672482210386,23.851473656805137,-74.85871557411706,503.2709364972496,6879.360421644487,0.00021904973609539573,52.99835647672636,3.884372910953681,11.208634294364375,18.85419724484533
15 Jul 2026 11:01:00.000000000,5541.532650897253,2688.41239253138,3061.0739170384145,-4.490399465279709,3.5086562270760795,5.048225075965526,-0.006785997353873223,-0.0032956153450222152,-0.0037636364807374853,26.70431932388736,-72.31308319711425,504.1133416013315,6878.626993641516,0.0001044325487197358,52.99604906601687,3.8825662536700514,12.30411932670485,21.56508493503576
15 Jul 2026 11:02:00.000000000,5260.092583712379,2892.851236505917,3356.9781449335,-4.887471893874307,3.303488372570516,4.811633893165937,-0.0064391345599381575,-0.0035449269069083157,-0.004125826355282226,29.49793325328702,-69.62670215315806,504.98625332548255,6877.8535868593635,1.932988571360439e-05,52.993614350197625,3.880365770242487,246.99300890444735,150.68257737075962
15 Jul 2026 11:03:00.000000000,4955.469289505004,3084.540333909723,3638.0455568001994,-5.26289241307848,3.08382208304542,4.55384810277725,-0.006064071786260097,-0.003778460395769845,-0.0044695605045030245,32.22171774703811,-66.7773776522175,505.87607985679244,6877.053858037567,0.0001338131939718731,52.99109511879089,3.8777538448803255,214.7509463924396,186.73104713582998
15 Jul 2026 11:04:00.000000000,4629.011661134207,3262.638779480294,3903.0385764725943,-5.615018789761533,2.8506339498090854,4.276019351646535,-0.005662515161424788,-0.003995215158796848,-0.004793352918940521,34.863549758328595,-63.741196149747985,506.7688471900807,6876.241914641496,0.00025190590755148884,52.988535641701475,3.87472011508153,216.87499991341966,188.41343962761212
15 Jul 2026 11:05:00.000000000,4282.163989832658,3426.3660186849247,4150.791346125101,-5.942314400204914,2.604958283327893,3.9793856453943817,-0.005236279069629027,-0.004194269725380906,-0.005095813432141407,37.40952035730576,-60.49273992810525,507.65043948217703,6875.432065686165,0.000367928075123235,52.985980889339714,3.8712616517923286,220.66502548605135,188.42990980178547
15 Jul 2026 11:06:00.000000000,3916.4594393513316,3575.0051664500606,4380.21473267191,-6.243354439956096,2.347882274008608,3.665265453910873,-0.00478727645462884,-0.0043747847078549045,-0.005375652478381079,39.8436731465075,-57.0056036885965,508.5068408994531,6874.638569846016,0.00048004603156709283,52.98347574078751,3.86738300879766,224.8911935732881,188.01029555974006
15 Jul 2026 11:07:00.000000000,3533.5131649734567,3707.90603064931,4590.3009722966335,-6.516831549647351,2.0805409946655047,3.335051552177244,-0.004317509063850409,-0.004536005174835743,-0.005631685151675296,42.147770861629205,-53.25335401859916,509.3243747180463,6873.875385276548,0.0005865774591226298,52.98106419391039,3.8630961405275586,229.28488243790773,187.42322438230522
15 Jul 2026 11:08:00.000000000,3135.0151125017046,3824.4878317835796,4780.127938439916,-6.761560856141224,1.8041122751460101,2.9902046370604816,-0.0038290577304472447,-0.004677262538370276,-0.005862834611740488,44.30113865419034,-49.21109849670715,510.08993558470047,6873.155925490652,0.000685929222235035,52.97878859127106,3.858420189843416,233.75432084242507,186.76047067214446
15 Jul 2026 11:09:00.000000000,2722.722532202923,3924.2416120348466,4948.863020938662,-6.976484433617623,1.519811477028608,2.6322467578078075,-0.0033240727697078274,-0.00479797599852719,-0.006068134887778182,46.280657116686456,-44.857827803663895,510.79121106008733,6872.492825476992,0.000776609797743444,52.976688875410936,3.8533811495795667,238.26032128714436,186.06122260967214
15 Jul 2026 11:10:00.000000000,2298.4522422824484,4006.7323284642357,5095.7666061832915,-7.160675193425586,1.2288861934012798,2.262754594499285,-0.0028047645525756306,-0.00489765359780937,-0.006246733143976361,48.0610041347039,-40.179625430262924,511.4168888350215,6871.897722025397,0.0008572506326986019,52.97480188654181,3.8480114038499265,242.78376749138135,185.34459481518186
15 Jul 2026 11:11:00.000000000,1864.0726758804344,4071.6006265215706,5220.195150098165,-7.313340214580653,0.9326108956701477,1.8833526149223534,-0.002273394296721602,-0.0049758929368740315,-0.006397891471458945,49.61526218029098,-35.17365881917196,511.95684632324924,6871.381051942035,0.0009266279443723287,52.97316071493934,3.8423491571763413,247.31447728547906,184.62076564599792
15 Jul 2026 11:12:00.000000000,1421.4957446476544,4118.564291283667,5321.6038375138505,-7.43382352876011,0.6322815460895842,1.4957061361927784,-0.0017322650967380399,-0.00503238160288684,-0.00652098827309493,50.91599871686312,-29.85253847902634,512.4023196836334,6870.951871502062,0.0009836828789990706,52.971794119366244,3.8364377615479377,251.84665509458856,183.8955249446064
15 Jul 2026 11:13:00.000000000,972.6685513696141,4147.41937481692,5399.548822883539,-7.521608374288357,0.32921019184948175,1.101514313685131,-0.0011837131979245878,-0.005066897361951094,-0.0066155193092359,51.93686859444511,-24.248185514421102,512.746049698871,6870.61770010656,0.0010275392040609568,52.9707260216943,3.8303249531983448,256.37677715967953,183.1723890861033
15 Jul 2026 11:14:00.000000000,519.5649829403029,4158.040998973734,5453.689048628588,-7.576318933384772,0.02471955353138396,0.7025030757964226,-0.0006300994973554914,-0.00507930815700358,-0.006681098461090097,52.654662247291924,-18.413937311050404,512.9824023328797,6870.384390691333,0.0010575180701860119,52.96997508655855,3.824062012513226,260.90249112826086,182.4537016881944
15 Jul 2026 11:15:00.000000000,64.17721435510907,4150.383833592504,5483.787638346961,-7.597721565526761,-0.2798623815822452,0.30041801982454114,-7.380124385006133e-05,-0.0050695719512387225,-0.006717458267695761,53.051545442818785,-12.423540313275126,513.1074621960225,6870.256028984193,0.0010731495302610328,52.96955439338951,3.8177028617661106,265.4219696795768,181.7412803124342
15 Jul 2026 11:16:00.000000000,-391.49284640481517,4124.482250650712,5489.712862965605,-7.585725547627016,-0.5832077529268594,-0.10298271868773312,0.00048279610680723083,-0.0050377364444352275,-0.006724450276953675,53.11706794260904,-6.366229033200369,513.1190975631365,6870.234863231918,0.0010741805968299853,52.969471206555795,3.8113031165653015,269.93346483714623,181.03686249747298
15 Jul 2026 11:17:00.000000000,-845.4421432655611,4080.4501553765986,5471.438678579245,-7.540383328861364,-0.8839941998132504,-0.5059356129797681,0.0010373069330332529,-0.004983938681572013,-0.006702045241248962,52.849459537050905,-0.33829058921234967,513.0169960102788,6870.321265523328,0.0010605796953510763,52.969726847634604,3.804919107571591,274.4349266100863,180.3424874760359
15 Jul 2026 11:18:00.000000000,-1295.6750577836983,4018.480495719148,5429.044835273199,-7.461890304664798,-1.1809102081946963,-0.9066788997404001,0.0015873534432249354,-0.004908404563650124,-0.0066503331760784466,52.25585832501569,5.567115201372376,512.8026701598183,6870.51372532847,0.0010325374437282527,52.97031667204608,3.7986068896416136,278.923588309225,179.66091122258874
15 Jul 2026 11:19:00.000000000,-1740.211966921698,3938.844451934766,5362.71655671932,-7.350584110851496,-1.4726604251266142,-1.303459733283964,0.0021305736860015422,-0.0048114482569475096,-0.00656952328200209,51.35140535636658,11.269351421801257,512.4794334484998,6870.808875359502,0.000990463763724539,52.97123015046592,3.792421255777212,283.3954150246303,178.99615833793942
15 Jul 2026 11:20:00.000000000,-2177.0977440463344,3841.8903084160024,5272.743790814007,-7.2069434352475366,-1.7579709345611654,-1.6945413308432573,0.0026646296333712434,-0.004693471489940338,-0.006459943720704099,50.15746116673428,16.70673350830975,512.0523462583162,6871.201549344466,0.0009349814128703448,52.972451053600736,3.7864147731192843,287.84426100515645,178.35436502311876
15 Jul 2026 11:21:00.000000000,-2604.410174019221,3728.042010309886,5159.520032162078,-7.031586340902918,-2.0355944870439213,-2.0782100994333716,0.003187215388746782,-0.0045549627137483235,-0.006322041217534125,48.69939968520382,21.83903321460329,511.5281331748315,6871.684870793655,0.0008669161278673901,52.973957737107824,3.7806368579172154,292.26045417759286,177.74519489765515
15 Jul 2026 11:22:00.000000000,-3020.2682529280323,3597.797407936776,5023.540717798718,-6.825268092021923,-2.3043156743355424,-2.452782732946731,0.0036960655632913577,-0.0043964960957018065,-0.006156380453781286,47.00444397540886,26.646448921843177,510.9150725600019,6872.25037133806,0.0007872837198025733,52.97572352168927,3.775132905669795,296.6282268635526,177.1844085982614
15 Jul 2026 11:23:00.000000000,-3422.840342194149,3451.726192669664,4865.401198340159,-6.588878471592672,-2.5629560377335636,-2.81661326532395,0.0041889638507511,-0.004218730306675243,-0.005963643198784976,45.09987051382357,31.126263251536116,510.2228600455624,6872.8881367338945,0.0006972747372263329,52.977717161728044,3.769943491717993,300.9206701759553,176.69890966882346
15 Jul 2026 11:24:00.000000000,-3810.3521462672,3290.467528637755,4685.794287652995,-6.323438578254535,-2.8103790964831386,-3.1681000625920874,0.0046637518157331805,-0.004022407057530957,-0.005744627123683738,43.01172412165617,35.2885484468159,509.4624479648597,6873.586978165053,0.0005982379628567036,52.979903394282516,3.765103656316416,305.08885791699635,176.33762091472917
15 Jul 2026 11:25:00.000000000,-4181.094482240342,3114.7273855417857,4485.507395299839,-6.030097089575116,-3.045495279814828,-3.5056927327902083,0.005118337893486357,-0.0038083493372155263,-0.0055002442333229725,40.76403570913477,39.15195837749629,508.6458631420263,6874.334626040599,0.0004916659349252135,52.98224355884667,3.7606422867637654,309.03539430529804,176.19793688845948
15 Jul 2026 11:26:00.000000000,-4533.430808992162,2925.275578934826,4265.419247393758,-5.7101259795908845,-3.267266743244092,-3.827898928875219,0.005550706579289185,-0.003577459302695296,-0.005231518848156233,38.37845105371524,42.74018684316624,507.78600584187717,6875.117943086039,0.00037919289006347197,52.984696277040634,3.7565816074821967,312.53828961602636,176.50184841827647
15 Jul 2026 11:27:00.000000000,-4865.804482772889,2722.942525572441,4026.4962031190375,-5.3649156803095845,-3.474712046838418,-4.1332910156442,0.005958927767762915,-0.0033307157735941984,-0.004939585069920764,35.874153109912186,46.079288892067936,506.89643304507047,6875.923153171342,0.0002626520111829916,52.987218180338544,3.752936787045812,314.96771219658126,177.87919071377374
15 Jul 2026 11:28:00.000000000,-5176.74570561532,2508.6157228574248,3769.788176044001,-4.995969679880774,-3.666910670376518,-4.420512567751417,0.00634116618139565,-0.0030691712864620254,-0.00462568366599737,33.26797005657678,49.19582564048657,505.9911295424894,6876.736082012801,0.00014454514136217746,52.98976467309085,3.7497156691150746,313.6152243815936,183.03840752177942
15 Jul 2026 11:29:00.000000000,-5464.878132634934,2283.2359629796906,3496.4241714483464,-4.60489855427207,-3.843007337834784,-4.6882846622326815,0.006695690810475925,-0.0027939486707302826,-0.004291158315403773,30.574585586842364,52.11568597563113,505.08427063135895,6877.542405636974,3.88452602993949e-05,52.99229071746837,3.7469186321005874,272.31434809229546,228.14598554568892
15 Jul 2026 11:30:00.000000000,-5728.925104243819,2047.7932940708129,3207.607453192153,-4.193413434471548,-4.002216121560784,-4.9354119257577445,0.007020884271142439,-0.002506237116546107,-0.003937451168995408,27.806793816049236,54.86341455704941,504.1899804332956,6878.327902311212,0.00010576859761064934,52.99475162655782,3.74453858010112,174.92724909113076,329.3397701564392
15 Jul 2026 11:31:00.000000000,-5967.715469609866,1803.322742515771,2904.6103561260975,-3.763318917330388,-4.143824294967498,-5.160788294291509,0.007315251970245279,-0.002207287712980258,-0.003566097685882101,24.975762712980515,57.461893258562206,503.32209003070005,6879.07870353086,0.00022056821482764537,52.997103851681146,3.742561065364491,170.0171304158479,338.05657187094886
15 Jul 2026 11:32:00.000000000,-6180.188968386011,1550.8998124625027,2588.7687626456577,-3.31650543500863,-4.267195901700192,-5.363402441099377,0.007577430960717356,-0.0018984084492833105,-0.0031787207267758902,22.091285663746422,59.932255554069975,502.4938997232715,6879.7815396163705,0.0003333211244508955,52.99930575009605,3.74096454022957,171.89312030274567,339.98727828935733
15 Jul 2026 11:33:00.000000000,-6365.401138860348,1291.6357804973925,2261.4762646643267,-2.8549411053771787,-4.371775009073995,-5.542342828213817,0.00780619835976756,-0.0015809586824892107,-0.0027770238979175255,19.162011253424808,62.29394617296907,501.71794973109064,6880.423975515176,0.00044094247534362096,53.00131831956318,3.739720734228538,175.36472410385875,340.32240198826673
15 Jul 2026 11:34:00.000000000,-6522.527722255093,1026.6728053731676,1924.1780349717603,-2.3806630934456003,-4.457088614205989,-5.696802336670534,0.008000479198072645,-0.0012563430882002959,-0.002362784157076071,16.195647854299636,64.56486585239355,501.0058036083942,6880.994632530028,0.0005417315720620214,53.00310588682989,3.73879514981124,179.48093709979094,340.0129674711812
15 Jul 2026 11:35:00.000000000,-6650.868534946091,757.1788745293694,1578.3644345869368,-1.8957685216733833,-4.522749172701951,-5.826082432081741,0.008159353574907028,-0.0009260051263854541,-0.001937843713484037,13.19914337756835,66.76156188834068,500.3678484762937,6881.483391903824,0.0006343162074536032,53.0046367378728,3.7381476680810177,183.9423253275448,339.35843006056274
15 Jul 2026 11:36:00.000000000,-6749.850782880619,484.3426108915285,1225.564385246559,-1.4024049746301748,-4.56845672199759,-5.9295968244579305,0.008282062991554023,-0.0005914200652632916,-0.0015041012682436281,10.178842557600193,68.89944009059235,499.81311593241514,6881.881576483539,0.0007175338271851096,53.00588367875015,3.7377332539672032,188.6281107710514,338.4795903884066
15 Jul 2026 11:37:00.000000000,-6819.031795418215,209.3679650239486,867.3385385280818,-0.902760650649404,-4.594000574466082,-6.006874584590414,0.008368015750837166,-0.0002540876201675787,-0.00106350266153108,7.14062509036272,70.9929839427462,499.34912715039457,6882.182107057401,0.0007904163412225177,53.00682451711844,3.7375027485067065,193.48331449643393,337.4314509086247
15 Jul 2026 11:38:00.000000000,-6858.101159176128,-66.5311809028117,505.272275228832,-0.39905421962291754,-4.599260559124704,-6.057562683705741,0.008416791320091039,8.447572520865133e-05,-0.0006180310073631476,4.090028302179138,73.05597352015938,498.9817652476314,6882.379630403531,0.0008521943481444238,53.00744245585259,3.7374037343606616,198.482360003963,336.23961216525356
15 Jul 2026 11:39:00.000000000,-6866.882236179441,-342.1364697224307,140.9685704532993,0.10647554830594859,-4.584207795114989,-6.081427928398736,0.008428143573232873,0.00042274463810458286,-0.0001696964113373364,1.0323580732127546,75.10170105972087,498.7151774834374,6882.470616599576,0.0009023045910280207,53.00772639174303,3.7373814593698063,203.614969734789,334.91437588492863
15 Jul 2026 11:40:00.000000000,-6845.333054636864,-616.23055798174,-223.95923864480315,0.6115803138660674,-4.5489049849807435,-6.078358268910535,0.008402002847720759,0.0007591930121651279,0.00027947462214012006,-2.0272083409612454,77.14318277281869,498.5517092631716,6882.453423708417,0.000940396264762807,53.0076711139082,3.7373798019004907,208.88003653254188,333.45687310046304
15 Jul 2026 11:41:00.000000000,-6793.546564917701,-887.6026077082863,-587.8947444100526,1.1140127870405765,-4.493506220994814,-6.048363465481882,0.008338476769983318,0.0010923021095758665,0.0007274499781119555,-5.083524053487978,79.1933680740883,498.4918712820304,6882.328328565226,0.0009663347027064553,53.00727739832145,3.7373422610058897,214.28281388029643,331.86187349230863
15 Jul 2026 11:42:00.000000000,-6711.750257715484,-1155.053751943433,-949.2257807604645,1.6115373582156012,-4.41825630324101,-5.991575104594878,0.008237849833223992,0.0014205686779649818,0.0011722027941328064,-8.131375396153716,81.26534819600839,498.5343404621842,6882.097523032033,0.0009802018999366645,53.006551996680706,3.737212953920594,219.83367925309227,330.1190216151301
15 Jul 2026 11:43:00.000000000,-6600.305145866672,-1417.402504839906,-1306.3517167560096,2.101940667107954,-4.323489573687646,-5.908245964220867,0.008100581727877346,0.001742512949984237,0.001611722275818277,-11.16538243345056,83.3725663488259,498.67599463716437,6881.765075741982,0.0009822937123620877,53.00550751971378,3.736937603296756,225.54775152995225,328.2132190730415
15 Jul 2026 11:44:00.000000000,-6459.704115765532,-1673.490087530074,-1657.6906927867992,2.5830420354153545,-4.2096282759369466,-5.798748734510001,0.007927304454472551,0.0020566864365853393,0.0020440243439232386,-14.179893653015535,85.52903120819549,498.91198023903996,6881.336860014214,0.0009731137785069828,53.00416221687907,3.7364644966788667,231.44505468256682,326.1244604337409
15 Jul 2026 11:45:00.000000000,-6290.569658689435,-1922.185641719483,-2001.6867610987103,3.052703691483831,-4.077180455539079,-5.663574107481908,0.007718818268968301,0.0023616794300347767,0.00246716199711191,-17.16887124682738,87.74953448258762,499.23581156559925,6880.82044926406,0.0009533643587297227,53.002539656256694,3.735745401278351,237.55110550054277,323.8272451288316
15 Jul 2026 11:46:00.000000000,-6093.650996547277,-2162.3913039881936,-2336.816893380853,3.5088407189489685,-3.9267374205825094,-5.503328256006618,0.007476086531769581,0.0026561281402299563,0.0028792352824907083,-20.125763283807196,90.04987140163703,499.63949956619626,6880.224981848713,0.0009239344162029257,53.00066831020053,3.7347364177765083,243.89789834839732,321.2895923519988
15 Jul 2026 11:47:00.000000000,-5869.820620506359,-2393.047115104755,-2661.5978195296043,3.949430666176813,-3.7589707865741677,-5.3187297285156445,0.007200229551804772,0.002938721397991451,0.0032784007776010798,-23.04335901508694,92.44705977822292,500.11370750308896,6879.560997862668,0.0008858853916369923,52.99858105399614,3.7333987580145607,250.52531585382422,318.4716300618895
15 Jul 2026 11:48:00.000000000,-5620.070264576507,-2613.1357402086983,-2974.5926634455823,4.3725227592228775,-3.57462913329693,-5.1106057912897125,0.006892517530079398,0.003208206869508915,0.003662880500374733,-25.91362367322152,94.95954822206258,500.64793033444084,6878.840250915742,0.000840435254654815,52.99631458632499,3.731699432704052,257.48302881560824,315.3236948071312
15 Jul 2026 11:49:00.000000000,-5345.5063394765375,-2821.686977477537,-3274.4173437563545,4.7762466677459114,-3.3745343042844316,-4.879888254701066,0.006554362722013434,0.003463396739772431,0.004030970180256676,-28.727509637692577,97.60739625563242,501.2306942371676,6878.075498380837,0.0007889415430760653,52.99390878173342,3.729611836930683,264.83296048506753,311.7838672247068
15 Jul 2026 11:50:00.000000000,-5047.3448549367085,-3017.7820347989245,-3559.746709645736,5.158820780625408,-3.159577381731466,-4.6276088233368045,0.0061873109424051215,0.003703172834910711,0.004381046839299971,-31.474742086296107,100.4123973681352,501.849772350371,6877.2802739785675,0.0007328841976577063,52.9914059865253,3.727116222948059,272.6523582274896,307.7749002095653
15 Jul 2026 11:51:00.000000000,-4726.90586096585,-3200.5575559935337,-3829.3203844405316,5.518559955697152,-2.9307143710165593,-4.354894012435531,0.005793032543509977,0.003926491168114583,0.004711575651101486,-34.1435797742419,103.39809911746367,502.49241257764277,6876.468646866363,0.0006738489792764437,52.98885027051738,3.7242000518285723,281.0373823972687,303.2006299252307
15 Jul 2026 11:52:00.000000000,-4385.607440531254,-3369.209380200918,-4081.9482921988174,5.853882715770388,-2.6889616295707532,-4.062959674505231,0.005373312994572177,0.004132385906771288,0.005021116062745879,-36.72055617754898,106.58965107142116,503.14557313969846,6875.654971615384,0.0006135119053466568,52.98628664789472,3.7208582176009193,290.10676336888844,297.9423187158022
15 Jul 2026 11:53:00.000000000,-4024.959287546259,-3522.9960201332888,-4316.515845198598,6.163317870692881,-2.4353910745863616,-3.7531051803680757,0.004930043185907319,0.004319972770468296,0.005308327181426143,-39.190213995459075,110.01338145072717,503.79616151542854,6874.853633588439,0.0005536239776894157,52.98376028096924,3.7170931398384943,300.0042507059097,291.8562059387656
15 Jul 2026 11:54:00.000000000,-3646.555905068942,-3661.2418469443387,-4531.988772874625,6.445510552422027,-2.1711252031058836,-3.4267072982554003,0.00446520957397695,0.004488451882396426,0.00557197244520843,-41.53485823415686,113.69596926024664,504.431272443761,6874.0787942759835,0.0004959925120718729,52.98131568096236,3.7129147229402144,310.8968950485348,284.77522613860805
15 Jul 2026 11:55:00.000000000,-3252.069459200449,-3783.339971434678,-4727.417575339435,6.699227656640575,-1.8973319564251785,-3.085213813042021,0.003980884269506937,0.004637110104738709,0.005810923609322191,-43.734370955129734,117.6630486472987,505.03842077420626,6873.344141107301,0.0004424490138065778,52.9789959200006,3.708340182766092,322.9633196285133,276.520737652009
15 Jul 2026 11:56:00.000000000,-2843.242324387577,-3888.754813168307,-4901.941587099263,6.923362690223485,-1.61521945861503,-2.7301369253873844,0.0034792151583149604,0.004765322898589461,0.006024164093890091,-45.766154380547675,121.93707446870069,505.60576514062785,6872.662646133967,0.00039478246108096826,52.976841868325295,3.703393743589447,336.3627609605252,266.93348209399454
15 Jul 2026 11:57:00.000000000,-2421.8793557169324,-3977.0243507957684,-5054.792638892368,7.116940028678516,-1.3260306564065656,-2.36304646759215,0.002962416125247669,0.004872555752747389,0.0062107917457676865,-47.60529570706981,126.53432510794478,506.12231868141106,6872.046337787807,0.0003546045956186483,52.974891470280916,3.6981062107268348,351.17624308447887,255.932410348161
15 Jul 2026 11:58:00.000000000,-1989.839923427928,-4047.762048425281,-5185.298307698386,7.279118591420768,-1.0310378848784292,-1.9855629695645276,0.0024327574343975277,0.004958365229951938,0.006370021074419439,-49.22506854514236,131.46106614760672,506.57814332957975,6871.506089652552,0.00032311922849077005,52.97317907196546,3.692514426344854,7.326579941893974,243.59468047432597
15 Jul 2026 11:59:00.000000000,-1549.029744270128,-4100.658454268927,-5292.884746882937,7.409194945370638,-0.731537380406204,-1.599350604567987,0.001892556299980092,0.005022399680685391,0.006501185025527882,-50.597886337102594,136.70918885488567,506.9645245378488,6871.051429862632,0.0003008278571372929,52.97173481251281,3.68666061808399,24.52115856878648,230.21287484710342
15 Jul 2026 12:00:00.000000000,-1101.3925437400717,-4135.4824689741345,-5377.079090091991,7.506605848804426,-0.42884375947461084,-1.2061100407330672,0.0013441676623620273,0.005064399671672936,0.006603736353869142,-51.696779397838064,142.2520660394817,507.27412367819016,6870.690374364076,0.00028732370274055317,52.970584089851,3.680591652018948,42.289281919554156,216.2576577051249
15 Jul 2026 12:01:00.000000000,-648.9015823008784,-4152.0822821063075,-5437.511424010581,7.570930247823729,-0.12428447905127675,-0.8075712204948049,0.0007899751666791134,0.0050841981732271625,0.006677248654531164,-52.49735884282467,148.04181780902576,507.5011057539149,6870.429286846028,0.00028138301181165014,52.969747110455,3.6743582032290156,60.13347988355982,202.22646454427002
15 Jul 2026 12:02:00.000000000,-193.551078147644,-4150.385976083769,-5473.916326274586,7.601890737092339,0.18080570812435298,-0.40548608692075483,0.0002323823256915048,0.005081720544821057,0.006721417106604696,-52.98006052052578,154.00938436897613,507.64124047824777,6870.27276768713,0.0002813982455369182,52.96923853111938,3.6680138586947653,77.69856460992175,188.4744472320854
15 Jul 2026 12:03:00.000000000,262.6524417241847,-4130.401797618146,-5486.133965901428,7.599354495005707,0.48509029215416377,-0.0016212728689986057,-0.0003261961658702195,0.0050569843476322325,0.0067360589705549485,-53.132279819659644,160.06843406514972,507.6919752012708,6870.223573764957,0.0002859341222300719,52.969067199135836,3.661614168444511,94.8371455562337,175.1489594210022
15 Jul 2026 12:04:00.000000000,717.6988308988326,-4092.218097324456,-5474.110764465446,7.563333701183092,0.787236528868513,0.4022492333481028,-0.0008833430076006404,0.005010099007945206,0.006721113874789778,-52.94990945562975,166.12306640735142,507.65247860285507,6870.282570456918,0.000294130365892672,52.96923599550598,3.6552156618499705,111.55516409084514,162.24402242320267
15 Jul 2026 12:05:00.000000000,1169.5830225268448,-4036.0029387067,-5437.899617000664,7.4939854413960205,1.085920938373392,0.8043514337248825,-0.0014366468101420953,0.004941265341322058,0.006676643908952167,-52.43786856760123,172.07785355704817,507.5236545091732,6870.448716624215,0.0003058340693855494,52.96974178398185,3.64887484652106,127.90703808690077,149.70518110124704
15 Jul 2026 12:06:00.000000000,1616.3137072986465,-3962.0033782234086,-5377.65967229272,7.391611101962001,1.3798347710581638,1.2029186664839715,-0.0019837106050965493,0.004850774940913975,0.006602833532941258,-51.609470879671015,177.8477625196031,507.3081256329537,6870.7190828246885,0.000321492605199692,52.97057546683726,3.64264720763307,143.9066316708314,137.51853460392203
15 Jul 2026 12:07:00.000000000,2055.9219598094837,-3870.544418629863,-5293.655672876432,7.2566552524751735,1.6676894326421852,1.5961989408767827,-0.0025221603996381354,0.004739009419099192,0.006499989291632451,-50.48481310552809,-176.63444659164875,507.01018748072573,6871.088902450418,0.00034188811804486044,52.97172214636951,3.636586225457306,159.48511654217603,125.75287552260465
15 Jul 2026 12:08:00.000000000,2486.4697825458993,-3762.0276383210426,-5186.2568557405275,7.089704012756473,1.9482218590118001,1.982462248724426,-0.0030496538233914677,0.004606439485415921,0.006368539316561752,-49.088610489585676,-171.41467883836143,506.6357331124171,6871.551654941122,0.00036780607290201465,52.97316138924387,3.6307424285772716,174.50107286052685,114.54958946454822
15 Jul 2026 12:09:00.000000000,2906.058536455038,-3636.929499973507,-5055.935415481131,6.8914828972753694,2.220199830253587,2.360007838994932,-0.0035638889065916835,0.00445362383291715,0.00620903258067824,-47.4479646386303,-166.51773919071314,506.1921498780553,6872.09917968965,0.0003997387692505193,52.97486758895954,3.6251624995796963,188.7881130646064,104.0750316711967
15 Jul 2026 12:10:00.000000000,3312.8372263876354,-3495.799342521951,-4903.264532577303,6.662854128369072,2.4824272112949934,2.7271714391998465,-0.004062613015611521,0.004281207796801762,0.006022137860104857,-45.59043806014957,-161.95025228178915,505.68818969111146,6872.7218187386,0.0004377067925737018,52.9768104199677,3.6198884491474623,202.21002115132282,94.46538814546855
15 Jul 2026 12:11:00.000000000,3705.010609419894,-3339.2570612514555,-4728.9159704353415,6.404813408261689,2.7337491044749638,3.0823324047308898,-0.004543631960103821,0.0040899217468706095,0.0058086423527949765,-43.54262521948044,-157.70486941366815,505.13381482397926,6873.408585875387,0.0004812236636471138,52.97895537534062,3.6149568731634267,214.69523750520858,85.7921911925612
15 Jul 2026 12:12:00.000000000,4080.847093163994,-3167.990481810833,-4533.657246154504,6.118486139709421,2.9730568966449744,3.423920773627842,-0.005004819266039958,0.003880579167431343,0.0055694498917922665,-41.32924414948544,-153.7646059339295,504.54002162520266,6874.147359273035,0.0005293670918188587,52.98126437840642,3.610398306039147,226.24151288424213,78.05766576144607
15 Jul 2026 12:13:00.000000000,4438.686390711185,-2982.7524350445537,-4318.348381391955,5.805123085823404,3.1992931807836484,3.750424200737389,-0.005444125593825583,0.0036540743809189177,0.005305578693071718,-38.97267055016899,-150.10660897420797,503.91864495373045,6874.925094403211,0.0005808959315506038,52.98369645745143,3.606236681644836,236.89993719754986,71.21070094679396
15 Jul 2026 12:14:00.000000000,4776.946898287245,-2784.3575408272645,-4083.938241401715,5.4660954615197515,3.4114565293830372,4.060394741414682,-0.005859588259335965,0.0034113798694777376,0.005018158573590738,-36.49279761168347,-146.70507427392837,503.28214649608066,6875.728053576244,0.0006343660465438467,52.98620847147725,3.602488911428427,246.7526997745853,65.16908994741266
15 Jul 2026 12:15:00.000000000,5094.13276131906,-2573.678710535994,-3831.4604722373606,5.10288945206936,3.6086060942768032,4.3524554512452776,-0.006249340798579039,0.00315354315417612,0.004708427581016354,-33.90710802627837,-143.5333072707939,502.64339046974027,6876.542048143529,0.000688224368617639,52.988755874100384,3.5991645870980538,255.89410050170608,59.83851910189276
15 Jul 2026 12:16:00.000000000,5388.840594456377,-2351.6433793823844,-3562.029048239446,4.717100158333837,3.7898660052908753,4.62530676487196,-0.006611622498830494,0.0028816831967691772,0.004377727982215784,-31.230867216387725,-140.56506008166423,502.01541051108904,6877.3526891433985,0.0007408789462976797,52.99129350201421,3.5962658130981304,264.4179460155645,55.12517180961455
15 Jul 2026 12:17:00.000000000,5659.7658212136275,-2119.2294815504492,-3276.833444249356,4.310424973408685,3.9544295382053165,4.877732614089678,-0.006944787801750756,0.002596986296203301,0.0040275015659391525,-28.477373422730494,-137.7753163492801,501.4111717884797,6878.14564198375,0.0007907503569020914,52.99377637401041,3.5937871717257597,272.4107140509218,50.94256423808958
15 Jul 2026 12:18:00.000000000,5905.708599362802,-1877.4611828951447,-2977.1334494687894,3.88465640141161,4.101563021171943,5.108606243091413,-0.007247315472348322,0.0023007014630410227,0.003659284228804299,-25.65822343717239,-135.14068504523726,500.8433325610842,6878.9068806441355,0.0008363107426695792,52.99616048638298,3.5917158214529294,279.94869978817184,47.214398970945204
15 Jul 2026 12:19:00.000000000,6125.579299054812,-1627.4043878421182,-2664.253642473651,3.4416743359006174,4.230609448011373,5.316895677259531,-0.007517817416608292,0.0019941352657264454,0.003274699827245651,-22.7835700855643,-132.6395333402486,500.32400951165937,6879.6229368482,0.0008761151626012308,52.998403590618366,3.590031726589077,287.09749126346793,43.87508953426064
15 Jul 2026 12:20:00.000000000,6318.403501924683,-1370.1620390261578,-2339.5775495363177,2.983437822663144,4.34099176681983,5.501668801325725,-0.007755047022449014,0.0016786461547556232,0.0028754532934236066,-19.862359333691252,-130.25195472922,499.86455120762776,6880.281139710407,0.00090882812207175,53.000465939606144,3.5887080141125125,293.91262008582447,40.86910955851513
15 Jul 2026 12:21:00.000000000,6483.326491156728,-1106.8692300855714,-2004.5415110579413,2.5119763391700602,4.432215813088247,5.662098003150786,-0.007957906898743731,0.001355638284916128,0.0024633230320813392,-16.902542308723728,-127.95963922499003,499.4753239829087,6880.869841498481,0.0009332467649189763,53.002310989180145,3.5877114512312813,300.4406925433117,38.14986149662309
15 Jul 2026 12:22:00.000000000,6619.6172046654165,-838.6881538335566,-1660.6282834974882,2.0293806305810076,4.503872858107965,5.797464340859378,-0.008125455885025128,0.0010265548680006157,0.0020401526311722997,-13.911261894683582,-125.74568972775164,499.1655143772546,6881.3786253777425,0.0009483213456316757,53.00390604260973,3.5870030351291025,306.7206238090588,35.67844219085741
15 Jul 2026 12:23:00.000000000,6726.671626176005,-566.8029097168186,-1309.3604066433554,1.5377931495736878,4.555641745795828,5.90716119361436,-0.008256915214432479,0.0006928711023712984,0.0016078419387011453,-10.895015938344871,-123.59441227849197,498.94295201917373,6881.79849131005,0.0009531731124743151,53.00522282668755,3.586538684365281,312.7847889087255,33.42249163137425
15 Jul 2026 12:24:00.000000000,6804.01559204661,-292.4141959965462,-952.2933683425077,1.0393981541938813,4.5872905941863165,5.990697359904385,-0.008351673716869082,0.0003560867368516615,0.0011683375729741468,-7.859800263458598,-121.49109659515801,498.8139564929034,6882.122016667647,0.0009471094891002912,53.006237989287676,3.5862700195888477,318.66000742930623,31.355207931645303
15 Jul 2026 12:25:00.000000000,6851.306995123441,-16.733913403397832,-591.008600827863,0.536411524151863,4.5986780416441855,6.0476995717766355,-0.008409291968133609,1.7718338147435453e-05,0.0007236229508303049,-4.811235154858475,-119.4217957556911,498.7832112949361,6882.343488580691,0.0009296363432339489,53.00693350967231,3.586145219669364,324.36832725915554,29.454563236731676
15 Jul 2026 12:26:00.000000000,6868.3373707161445,259.0202919207145,-227.10634450448416,0.03107036129329154,4.589754022258175,6.077914398875567,-0.008429505304991135,-0.0003207086605314803,0.0002757079304682876,-1.7546790704133506,-117.37310901958688,498.85366746890617,6882.459005561024,0.0009004671146066207,53.00729701438058,3.5861099380753694,329.9275860157496,27.702741914302123
15 Jul 2026 12:27:00.000000000,6855.032853856037,533.6305175884877,137.80158357261436,-0.474377555821031,4.5605600597647244,6.08120952230736,-0.00841222564468536,-0.0006576680447198501,-0.00017338182312002842,1.3046667298187846,-115.3319687285306,499.02647892119245,6882.466546520654,0.0008595286044308608,53.00732199321224,3.5861082632373944,335.3517148631071,26.085836333363584
15 Jul 2026 12:28:00.000000000,6811.454501288495,805.8840971540463,502.0990783059469,-0.9776843903414907,4.511229074594388,6.05757436507679,-0.008357542074001335,-0.0009916409482758736,-0.0006216156340706536,4.361659062578405,-113.28543040896082,499.3009707781186,6882.366005920844,0.000806963286475057,53.00700791159149,3.5860837059092736,340.6507018451652,24.59388311160144
15 Jul 2026 12:29:00.000000000,6737.7979760736,1074.5790660699909,864.1730534547703,-1.4766128640910763,4.4419847040820075,6.00712007295263,-0.008265720190347223,-0.001321123935549668,-0.0010669686524384131,7.411115728277936,-111.22046423498016,499.6746414661201,6882.159194431135,0.0007431280777799648,53.00636021743035,3.5859801960359126,345.83001998531233,23.221434588573832
15 Jul 2026 12:30:00.000000000,6634.392597140281,1338.5295723467773,1222.4207278852134,-1.968946798432494,4.353140141377616,5.930078846909138,-0.008137200207067775,-0.0016446369452286318,-0.0015074326099823335,10.447717006117731,-109.12374568527177,500.14319849836505,6881.849805134948,0.0006685896111054164,53.005390242474604,3.5857430716222836,350.88905704465145,21.969128639677294
15 Jul 2026 12:31:00.000000000,6501.69976057862,1596.5712033245718,1575.2568525207848,-2.4525015056670605,4.245096503985358,5.826802635557784,-0.007972593853423872,-0.001960731007546405,-0.0019410263751182273,13.465902273838347,-106.9814434674544,500.70062725406046,6881.443345971556,0.0005841162142784549,53.00411499997398,3.585320042099147,355.81737496772337,20.847428809611696
15 Jul 2026 12:32:00.000000000,6340.310743773567,1847.5662007975227,1921.1208400569258,-2.9251339602607316,4.118340747983066,5.6977612030193505,-0.007772680126843378,-0.0022679956526463554,-0.002365806192898528,16.459758207903683,-104.77900364068978,501.33929136065706,6880.947039741142,0.0004906671513208657,53.002556882342354,3.5846621092958117,0.5854870681205676,19.885846720177327
15 Jul 2026 12:33:00.000000000,6150.943907607091,2090.408537826451,2258.48376062442,-3.38475268314638,3.973443148698771,5.543539594294139,-0.007538399973870955,-0.00256506593584731,-0.0027798755049007447,19.422894912113797,-102.50093053060344,502.0500626528097,6880.369693604336,0.00038938076001994915,53.00074326422716,3.5837244297849895,5.119112219931607,19.15868749341811
15 Jul 2026 12:34:00.000000000,5934.441315801491,2324.0288319696288,2585.855168084713,-3.829327277496571,3.811054372799228,5.3648350261850615,-0.007270849991690422,-0.0028506290144476665,-0.0031813942543111474,22.348306247781103,-100.13056784767197,502.8224781022354,6879.721540567925,0.0002815679316991531,52.99870601806368,3.5824671035555284,9.209679461545777,18.874544790114168
15 Jul 2026 12:35:00.000000000,5691.76479399583,2547.399071250287,2901.7897234707434,-4.256897560477388,3.6319021702936514,5.162453237057991,-0.0069712752642746975,-0.0031234302243499474,-0.0035685875976922826,25.228210705043878,-97.6498879377981,503.64492060408344,6879.014055952116,0.0001687517907853087,52.996480950717334,3.580855875120538,12.05259717106543,19.83803131033899
15 Jul 2026 12:36:00.000000000,5423.991454263788,2759.537130999802,3204.893584209992,-4.665582242434136,3.436787717755837,4.937304333051454,-0.006641061449576423,-0.0033822786150004384,-0.003939753958237038,28.053869547908302,-95.0393041013162,504.5048200790735,6878.259752272311,5.351241639536545e-05,52.994107171191274,3.578862734888192,5.716651658606988,29.980379916155165
15 Jul 2026 12:37:00.000000000,5132.308713481535,2959.5110616409343,3493.830530114177,-5.053587112429947,3.2265816460995946,4.690398171681962,-0.0062817262480164456,-0.0036260519162894128,-0.004293272374215857,30.815379989219885,-92.2775314719396,505.38887101459966,6877.471956332916,6.902287239448681e-05,52.99162640057313,3.5764664102328836,219.36445088910642,180.13899966741525
15 Jul 2026 12:38:00.000000000,4818.008836182284,3146.4431295336644,3767.3277996427228,-5.419212696870553,3.002219787434515,4.422839326066593,-0.005894910384566053,-0.0038537009251142645,-0.004627609114795351,33.5014432857101,-89.34153732467621,506.2832623256423,6876.664572614373,0.00018706158643881586,52.98908223639378,3.5736527378137457,216.18301826197643,187.12688184810457
15 Jul 2026 12:39:00.000000000,4482.4830343062695,3319.5135950786175,4024.181612576807,-5.760861365799974,2.764698675926993,4.135821674181169,-0.0054823682310418355,-0.004064253310097926,-0.004941323550180356,36.099111606964016,-86.2066431261451,507.17391526943607,6875.851837238104,0.0003045617355573747,52.98651938435502,3.570414910621515,219.14808788282338,187.96830455093865
15 Jul 2026 12:40:00.000000000,4127.215157551783,3477.9642143702185,4263.262357910075,-6.077043869126512,2.515070837184182,3.8306226577114066,-0.005045958197368886,-0.004256816849587785,-0.00523307328503158,38.59352433089609,-82.84686870287179,508.04672509238196,6875.048066912092,0.0004191356011889989,52.98398287093953,3.5667535955678864,223.08918143296768,187.83375571643438
15 Jul 2026 12:41:00.000000000,3753.775008888037,3621.101452723203,4483.519428418623,-6.366385292277314,2.2544398995604307,3.508597254185024,-0.004587633004854527,-0.004430582125825261,-0.005501618575709508,40.967655304232316,-79.23564200618952,508.88780211972505,6874.267407296366,0.0005290186717286909,52.98151725073693,3.562676919588921,227.35042150348366,187.3791197607817
15 Jul 2026 12:42:00.000000000,3363.811320220642,3748.299400356484,4683.985685948672,-6.627630427380486,1.9839555590066529,3.171171704294272,-0.004109429945915227,-0.0045848247103243605,-0.005745826068950725,43.20210881382247,-75.3470297560376,509.68370810941104,6873.523585184725,0.000632562995689938,52.97916582239776,3.5582003246512377,231.74821309969366,186.78799608664178
15 Jul 2026 12:43:00.000000000,2959.044423269374,3859.002382338481,4863.781543908992,-6.859648561831874,1.7048084267882477,2.819837033752202,-0.0036134612185094966,-0.004718906882854237,-0.00596467191066408,45.27502402912991,-71.15765962183099,510.42168387288837,6872.829668779891,0.0007282173036616595,52.97696986696267,3.553346294239315,236.2119493530856,186.13099343898367
15 Jul 2026 12:44:00.000000000,2541.2586504543806,3952.727256581472,5022.1186557337105,-7.061437690890293,1.4182247866704003,2.456142405820727,-0.0031019044053480506,-0.0048322789315630756,-0.0061572442821118175,47.162173731051084,-66.64947519797794,511.0898644070296,6872.197840150871,0.0008145431613285561,52.97496792191164,3.548143956217023,240.7092550498344,185.4404864949434
15 Jul 2026 12:45:00.000000000,2112.294500072686,4029.065395174457,5158.303200152209,-7.232128164632822,1.1254612851791583,2.0816883369787553,-0.002576993150212996,-0.004924480086175884,-0.006322745428097304,48.83736680637955,-61.813348374439684,511.67747807299946,6871.639183709391,0.000890236199023277,52.97319510364279,3.542628569064585,245.2235474043563,184.73305525655172
15 Jul 2026 12:46:00.000000000,1674.040599378017,4087.6843456618944,5271.738755933174,-7.370985782126317,0.8277995754417686,1.6981198042875576,-0.0020410080634763643,-0.004995139136246607,-0.006460493243652667,50.27327152718618,-56.65332454372346,512.1750266892734,6871.163494233181,0.0009541469879699187,52.97168249023514,3.536840900570287,249.7456567918504,184.01786452846304
15 Jul 2026 12:47:00.000000000,1228.4254982307953,4128.329170027421,5361.928760406297,-7.477414347083752,0.5265409319168447,1.307119268873209,-0.0014962678698627703,-0.005043974785584798,-0.006569922486218276,51.442746668098025,-51.19088185244125,512.5744437687454,6870.7791076059675,0.0010052999692422425,52.97045657528943,3.5308265098946827,254.2701900083592,183.30030090855368
15 Jul 2026 12:48:00.000000000,777.4093253389178,4150.823460055922,5428.478547354042,-7.550957699422582,0.2230008505236139,0.9103996362235637,-0.0009451207932688624,-0.005070795790003454,-0.00665058567661332,52.320677720545035,-45.4681277888998,512.8692285147085,6870.492757043494,0.0010429097304505792,52.969538802394865,3.5246349456051678,258.79375614694703,182.58374719648236
15 Jul 2026 12:49:00.000000000,322.975338005963,4155.070028573509,5471.096961068744,-7.591301236416917,-0.08149635416301958,0.5096971701555709,-0.0003899361565470497,-0.005075500919665783,-0.006702153745680289,52.88616049230732,-39.54856161887186,513.0545535923484,6870.309457139933,0.0010663942153000725,52.96894518835683,3.5183188737849096,263.3140029175718,181.87054638788152
15 Jul 2026 12:50:00.000000000,-132.87860430932295,4141.051276668842,5489.597544237559,-7.598272935318103,-0.3856229451314877,0.1067643742797614,0.00016690383991069813,-0.005058078780318952,-0.006724416475378629,53.12468999258559,-33.514225585637014,513.1273451038423,6870.232417604412,0.0010753845872670685,52.96868604176947,3.5119331514626464,267.829023906822,181.16259475131497
15 Jul 2026 12:51:00.000000000,-588.1486130305384,4108.829237526288,5483.899298079731,-7.571843886821913,-0.6880531448608852,-0.2966371478261557,0.000723012208387886,-0.0050186075168152594,-0.006717282769509783,53.029883803417206,-27.458956838549778,513.0863336142011,6870.262988072884,0.0010697315589675448,52.96876578185078,3.5055338616387965,272.3369264164418,180.46177434250515
15 Jul 2026 12:52:00.000000000,-1040.8333609686488,4058.5452979241563,5454.027013764256,-7.512128345656443,-0.987468496424109,-0.698743844356689,0.001276005188060538,-0.004957254415207822,-0.006680780780368375,52.60429446063422,-21.478823411435094,512.9320754972863,6870.40063487874,0.0010495080755556308,52.96918286070706,3.499177326789107,276.8354373584046,179.7703474711182
15 Jul 2026 12:53:00.000000000,-1488.9426614482682,3990.419598824904,5400.1111746542965,-7.419383301103462,-1.2825631978067626,-1.0977973705941255,0.0018235102427581844,-0.004874275406274449,-0.0066150579000330495,51.85908043754854,-15.66199980874123,512.6669442959809,6870.6429501544635,0.001015008314458447,52.969929790389465,3.492919118149981,281.3214487402568,179.0914115792937
15 Jul 2026 12:54:00.000000000,-1930.506007263783,3904.7501168442545,5322.387429404874,-7.2940075666738435,-1.5720494033915562,-1.4920517396480806,0.0023631741017977144,-0.004770014463422189,-0.006520380611753675,50.81263056319149,-10.080586107976432,512.295092215849,6870.985693122379,0.000966743040749075,52.97099327427426,3.486813078104359,285.7903852802976,178.42953198520797
15 Jul 2026 12:55:00.000000000,-2363.581040536003,3801.911428765738,5221.195636433403,-7.136540384663302,-1.8546624858584235,-1.8797804598025256,0.002892670900278028,-0.004644902879560448,-0.006397134185424625,49.48851572696987,-4.786033897555021,511.82238229647317,6871.422862917523,0.0009054314446866312,52.972354440479926,3.4809103728471835,290.2352045464386,177.7917420908582
15 Jul 2026 12:56:00.000000000,-2786.2619241203606,3682.3531617271356,5096.978480859053,-6.947659538183783,-2.1291662503838684,-2.259283648098754,0.0034097104663432794,-0.004499458393349369,-0.006245822181521308,47.91325105437314,0.1915437498082612,511.2562922288639,6871.946801780276,0.000831989699706266,52.973989173249905,3.475258591900103,294.64466538434067,177.18927528122617
15 Jul 2026 12:57:00.000000000,-3196.687584846736,3546.598132205944,4950.2796656477485,-6.7281789606046765,-2.39435809127675,-2.6288951076556013,0.003912046794393581,-0.0043342841329993345,-0.006067065724123273,46.11427932551942,4.841056118820146,510.60579120788015,6872.548326961758,0.0007475166550201474,52.975868536520046,3.4699009102889815,299.0000815615058,176.64081158261968
15 Jul 2026 12:58:00.000000000,-3593.0497979565284,3395.2401776537804,4781.741679593002,-6.47904583057175,-2.64907407871615,-2.9869893530800105,0.004397486726272785,-0.004150067333101934,-0.005861602485422019,44.118413445986796,9.166478321436253,509.8811916250061,6873.21688921035,0.0006532774317984583,52.97795928227443,3.464875328073162,303.2686951142458,176.17910458607108
15 Jul 2026 12:59:00.000000000,-3973.6010815786185,3228.941685389362,4592.103145746918,-6.201337139750343,-2.8921939607599905,-3.331988565064156,0.004863898848595675,-0.003947577779836983,-0.005630285322789097,41.95080061801325,13.182496942141878,509.0939778135517,6873.940755257818,0.0005506866099152073,52.98022443481116,3.460214000610731,307.388663073325,175.86599495534125
15 Jul 2026 13:00:00.000000000,-4336.662369177459,3048.430824368548,4382.195755200337,-5.896255720582042,-3.1226460628376986,-3.6623694513198712,0.005309222595421284,-0.003727665935518202,-0.005374080502227037,39.63435166524632,16.910576511466857,508.25661445242014,6874.707211305921,0.0004412956892404857,52.98262394070475,3.4559426713358423,311.2299653649792,175.8315027177174
15 Jul 2026 13:01:00.000000000,-4680.630427211554,2854.4984865932615,4152.940792597911,-5.56512572255171,-3.3394120640205154,-3.9766699870143674,0.005731477524595446,-0.0034912606922369773,-0.005094065438726659,37.18952541965637,20.37582580582796,507.3823376085246,6875.502784135397,0.0003268021723004061,52.985115373097614,3.4520802170435037,314.4699434383617,176.39828878257214
15 Jul 2026 13:02:00.000000000,-5003.984984604851,2647.9949462510754,3905.345261517822,-5.209387527850815,-3.5415316264733803,-4.273496003833406,0.0061287727204118615,-0.003239366709815149,-0.004791425890258978,34.63435235190582,23.604728739500977,506.4849317448889,6876.313476126714,0.00020917504595464984,52.987654677993106,3.448638313730139,316.0442740186179,178.63068128524225
15 Jul 2026 13:03:00.000000000,-5305.295540188578,2429.826246170968,3640.497619824002,-4.830592100860164,-3.728106851816082,-4.551527592960624,0.006499316251819188,-0.0029730612941626733,-0.0044674525414426305,31.984600496171456,26.623635468033047,505.5784963324399,6877.125010203149,9.196661260422383e-05,52.990196949476854,3.4456212289359103,309.4189318427843,189.06271289670275
15 Jul 2026 13:04:00.000000000,-5583.227814069294,2200.9503228288218,3359.5631372984017,-4.43039477051135,-3.8983065357879765,-4.8095252838009985,0.006841424601847956,-0.0026934907821488012,-0.004123536925289482,29.25401290486319,29.45784805440799,504.6772059685829,6877.923080487722,4.6408010514194137e-05,52.99269722027451,3.44302574430457,196.84496108621045,305.4433493899283
15 Jul 2026 13:05:00.000000000,-5836.549808992263,1962.3728829057343,3063.7788902501065,-4.010548450210344,-4.051370190759791,-5.0463359573785205,0.007153531966132082,-0.0024018664062244997,-0.003761166639652592,26.454570054785684,32.13113543843428,503.79506811538954,6878.693604315763,0.0001563250896665907,52.99511125377101,3.4408412098266936,170.5700326594227,335.52493228257396
15 Jul 2026 13:06:00.000000000,-6064.137448244645,1715.1430462700996,2754.448410337565,-3.5728963064769927,-4.186611804370553,-5.260898451163411,0.007434199306326384,-0.002099459623356213,-0.0033819198290524666,23.596749370958833,34.665539692269085,502.945682712954,6879.422971165593,0.00027077479208064217,52.99739632357589,3.4390497288990463,170.45682756834557,339.4447953635829
15 Jul 2026 13:07:00.000000000,-6264.979757530599,1460.3487721756496,2432.936007483145,-3.1193638945844087,-4.303423301990327,-5.452248810770355,0.007682123036432874,-0.0017875969052257605,-0.002987458918606541,20.689767088875705,37.08136927297264,502.1420079917293,6880.098284072009,0.00038128213745340043,52.999511966921425,3.4376264710560713,173.3819911816714,340.32631026140956
15 Jul 2026 13:08:00.000000000,-6438.183559580851,1199.1120874007145,2100.660789445475,-2.6519507870534227,-4.4012776808853715,-5.619525143627205,0.007896143211017068,-0.0014676539985781188,-0.002579523601869687,17.74179607903873,39.39730562017557,501.39613679068265,6880.707589168329,0.0004857895830472151,53.001420698622745,3.436540106984486,177.2708485083236,340.244170953357
15 Jul 2026 13:09:00.000000000,-6582.977652048053,932.5841369584056,1759.0904032920398,-2.172721728644747,-4.47973178493241,-5.7619720304114015,0.008075251088482012,-0.001141049679712057,-0.002159923104815004,14.760158306621793,41.630573764640786,500.7190875817709,6881.240089169524,0.0005827988634098019,53.00308867300497,3.435753358269546,181.61046914770617,339.71132855665104
15 Jul 2026 13:10:00.000000000,-6698.716441497307,661.9400798268723,1409.7345266087739,-1.683797359229311,-4.538428690511611,-5.878944451832186,0.008218595938946452,-0.0008092390387461738,-0.00173052776338386,11.75149341964011,43.79714547960145,500.1206141998945,6881.686336857743,0.0006710493694588216,53.004486282100316,3.435223652281639,186.2171005088247,338.9115578093576
15 Jul 2026 13:11:00.000000000,-6784.8830090125375,388.3738538338483,1054.138138738978,-1.1873445533579934,-4.577099676785564,-5.969911191191041,0.008325490978598329,-0.00047370634366278227,-0.0012932599720283636,8.721906391310663,45.91195598286372,499.6090379814648,6882.038404962685,0.0007494755592086242,53.00558867952182,3.434903870794985,191.01188454333064,337.9237400010548
15 Jul 2026 13:12:00.000000000,-6841.0915860778605,113.09283534992514,693.8746045962938,-0.6855664322560147,-4.5955657568924755,-6.034457677041209,0.008395418321618274,-0.00013595754532801934,-0.000850084576174486,5.677097761895634,47.989123593621066,499.19110562608296,6882.290029236342,0.0008172062693221689,53.00637622071502,3.43474317921165,195.95844220591997,336.7842781454702
15 Jul 2026 13:13:00.000000000,-6867.089422923684,-162.68757926816053,330.53860558274863,-0.18069211008001104,-4.593738750581828,-6.072288235109138,0.008428032853798346,0.00020248750485676994,-0.0004029987964897212,2.6224802045043836,50.042167229306806,498.87187562072023,6882.436721998966,0.0008735719794242345,53.006834811746764,3.4346879218736914,201.04081856302523,335.5091514804057
15 Jul 2026 13:14:00.000000000,-6862.758035391249,-437.7494424978997,-34.26104618251072,0.32503375858533806,-4.571621883391086,-6.083227724318675,0.008423164954045034,0.0005401030440182541,4.597821369417526e-05,-0.43671489129862273,52.08422009953708,498.6546355144236,6882.475853971723,0.0009181122625712803,53.00695616039178,3.4346825676991517,206.2544354667618,334.1029623847289
15 Jul 2026 13:15:00.000000000,-6828.113820506493,-710.87774601058,-398.90867280434946,0.8293615590522392,-4.529309902488521,-6.067222538127106,0.008380822005928407,0.0008753655069900358,0.0004948160671319378,-3.4953372273483048,54.12824006273493,498.54085171646125,6882.406702800032,0.000950581069473871,53.00673792499074,3.4346706895565724,211.60204536337233,332.56298215029483
15 Jul 2026 13:16:00.000000000,-6763.308035289236,-980.865903397596,-761.7890362847384,1.330047351061608,-4.466988704644813,-6.024340959268178,0.008301188668729304,0.0012067616646725145,0.0009414839792407472,-6.548220302796071,56.18721828474148,498.5301528285562,6882.230467297665,0.0009709490055325501,53.00618375835168,3.4345959600814555,217.09189542649057,330.880986425835
15 Jul 2026 13:17:00.000000000,-6668.626137776997,-1246.521195988716,-1121.294645992537,1.824863482637978,-4.384934477299219,-5.954772863208813,0.008184625897258798,0.0015327966994992288,0.0013839616209075278,-9.5900835751365,58.27438833089496,498.62034682992976,6881.950247091868,0.0009794023044480704,53.00530324581585,3.434403146386907,222.73700527133772,329.0439770841913
15 Jul 2026 13:18:00.000000000,-6544.486493731178,-1506.670152701039,-1475.83302892712,2.311609108537512,-4.283512359194513,-5.858828772959516,0.00803166872519389,0.0018520021268177648,0.0018202498652554792,-12.615430620361293,60.40343774309997,498.8074717327084,6881.570988008672,0.0009763384595980727,53.00411173847872,3.4340390860683656,228.55509532404335,327.03425344615516
15 Jul 2026 13:19:00.000000000,-6391.438456929307,-1760.163835412564,-1823.833924143115,2.7881205401555986,-4.163174632410621,-5.736938275125932,0.00784302285218816,0.002162943475483004,0.002248381309773957,-15.618439762475134,62.588723481728934,499.08587863384105,6881.09939419045,0.0009623586362194643,53.00263008441224,3.433453627261651,234.56897036844168,324.82902834588197
15 Jul 2026 13:20:00.000000000,-6210.159835250344,-2005.8830022086242,-2163.756363497363,3.2522813567213698,-4.024458462680666,-5.5896478140442145,0.007619560092880832,0.002464227646420029,0.00266643046113467,-18.59284353088755,64.84549119715973,499.4483454286079,6880.54380857005,0.0009382571164040484,53.000884262544666,3.432600516056153,240.80728981723448,322.3996574980408
15 Jul 2026 13:21:00.000000000,-6001.4537588474695,-2242.7431220102035,-2494.0956020720714,3.702032211845337,-3.8679832094794535,-5.417617887313844,0.007362312769626111,0.002754509876977962,0.0030725234801381018,-21.531793204973344,67.19009583319276,499.88621883748203,6879.914063922593,0.0009050081480151815,52.99890492558442,3.4314382155489933,247.30572448605034,319.7104823948025
15 Jul 2026 13:22:00.000000000,-5766.244970508611,-2469.6992154994446,-2813.3898631919737,4.135380274840241,-3.694447331417086,-5.221619671851489,0.007072467147772151,0.003032500249650133,0.003464847396856213,-24.42770471176543,69.64021706157479,500.3895818489617,6879.22130726479,0.0008637506854419657,52.99672685999601,3.4299306419411058,254.10853929169338,316.71724731748776
15 Jul 2026 13:23:00.000000000,-5505.575561757898,-2685.750498904329,-3120.2268648435524,4.550408252537969,-3.504624915835841,-5.002531114587462,0.006751356022192884,0.003296969694116785,0.0038416587192673947,-27.2720824170834,72.21505677601733,500.9474432087751,6878.477800860462,0.0008157716214535805,52.9943883725179,3.428047804595882,261.27065920956795,313.36503313338807
15 Jul 2026 13:24:00.000000000,-5220.600181313553,-2889.9448090155493,-3413.2500964651517,4.945282944334506,-3.299361864134539,-4.761332525995972,0.0064004505803923,0.0035467554468449815,0.004201291377287242,-30.055318161324845,74.93549633807194,501.54794520081157,6877.696703510579,0.0007624881950122482,52.991930614028945,3.4257663386153707,268.86026092687945,309.5856654458935
15 Jul 2026 13:25:00.000000000,-4912.580745138232,-3081.3827897678334,-3691.164817460835,5.318263290700667,-3.079571766167389,-4.499101717701493,0.006021351666590084,0.003780765943418971,0.004542163958869962,-32.76646466858113,77.82417721945588,502.17858567279114,6876.891836148366,0.0007054302618453661,52.989396852695904,3.4230699204186514,276.961848613452,305.2946386800316
15 Jul 2026 13:26:00.000000000,-4582.8806794872025,-3259.2218227528097,-3952.7437513257364,5.667707883121444,-2.8462314980791397,-4.217008727395823,0.005615780578806948,0.00399798513482174,0.004862786215473449,-35.392985857168235,80.90544880680133,502.82645006349196,6876.077436020447,0.0006462228913344724,52.98683170925083,3.419949558847174,285.6795374936805,300.3878324229315
15 Jul 2026 13:27:00.000000000,-4232.958730060597,-3422.6796861085086,-4196.832451900306,5.9920819111341235,-2.600376578146324,-3.9163101752234986,0.005185569523762261,0.004197476229826668,0.00516176482928251,-37.92049253932351,84.20510055918041,503.4784490864753,6875.2679039093155,0.0005865689873256057,52.9842803679357,3.4164037565450105,295.13972255485396,294.7388426860598
15 Jul 2026 13:28:00.000000000,-3864.362371610757,-3571.037928295912,-4422.354320929238,6.289963529568415,-2.3430963146426156,-3.5983432956812997,0.00473265185048371,0.004378384879008509,0.005437808452711176,-40.33248173368921,87.74976321880004,504.1215577151824,6874.477548941577,0.0005282296772820761,52.98178777709852,3.412438538662297,305.49118060712954,288.19887987505024
15 Jul 2026 13:29:00.000000000,-3478.72085316805,-3703.644945281777,-4628.315258725761,6.560049636018001,-2.075528778505451,-3.264519688005356,0.004259052173449699,0.004539941827149027,0.005689732046594426,-42.610112635168484,91.56583010500582,504.7430511880463,6873.720335528831,0.0004729959689135951,52.97939785362549,3.408067348280414,316.89862928789614,280.60320987445493
15 Jul 2026 13:30:00.000000000,-3077.737914459721,-3819.9187515646736,-4813.807932281785,6.8011610547929555,-1.7988556317422448,-2.9163188260889306,0.003766876480085391,0.00468146506772656,0.00591646055394924,-44.732073012798956,95.67772708848733,505.33073390338825,6873.0096369102685,0.0004226374208408492,52.977152705337495,3.403310810317215,329.52298176151834,271.7908994954916
15 Jul 2026 13:31:00.000000000,-2663.1842091556705,-3919.349437273991,-4978.015647565527,7.0122471289382675,-1.514296840189191,-2.5552813663292984,0.003258302305147327,0.004802361543180756,0.006117031960624752,-46.67461548262084,100.10537338259962,505.8731572912026,6872.357999608952,0.0003788032720149216,52.975091885173214,3.398196368057931,343.4801186916226,261.64604470766085
15 Jul 2026 13:32:00.000000000,-2236.889470346975,-4001.5013052079144,-5120.215814973828,7.192389726222253,-1.2231052965701386,-2.1830022886046416,0.0027355690332393225,0.004902128436054576,0.006290599797887232,-48.41186877921357,104.86076443980501,506.35982302365534,6871.776922885514,0.00034284819623067747,52.97325169042525,3.3927577986861523,358.77653652514675,250.1621226120419
15 Jul 2026 13:33:00.000000000,-1800.7344531543135,-4066.014683155744,-5239.782998939904,7.340806668235564,-0.9265613768906549,-1.8011239019693168,0.0022009683747140187,0.004980354101447103,0.006436435150349423,-49.91654309829805,109.94382057184309,506.78136824741006,6871.276656979707,0.00031558378742038885,52.971664519501864,3.387034616351572,15.243680213461511,237.5076590274422
15 Jul 2026 13:34:00.000000000,-1356.6426888797353,-4112.607408121239,-5336.191544447841,7.456854593764781,-0.6259674503482047,-1.4113287430298582,0.001656835039273724,0.005036718688544051,0.006553928230945225,-51.161130906593456,115.33800750188598,507.1297298788577,6870.86602357757,0.0002970407975440159,52.97035829767082,3.3810713733921984,32.52513478944854,224.03903726481695
15 Jul 2026 13:35:00.000000000,-906.5720841321894,-4141.075980226259,-5409.017774857942,7.540031268662314,-0.3226423599039562,-1.015332390983208,0.001105537614072265,0.0050709944981166336,0.006642589584917446,-52.11963159310325,121.00669777836602,507.39828539078763,6870.552261540529,0.000286416763601461,52.96935598201508,3.374916872016388,50.164222136058264,210.21290175036663
15 Jul 2026 13:36:00.000000000,-452.5063978956653,-4151.296384976545,-5457.941756692712,7.589977354199112,-0.017915888195521024,-0.6148762200142058,0.0005494696359326412,0.005083046117600171,0.006702050979147493,-52.76968749791569,126.89161547024742,507.58196792589973,6870.340900486814,0.00028233775231587205,52.968675154424794,3.368623300504049,67.75849621082807,196.4316632254366
15 Jul 2026 13:37:00.000000000,3.5533713876717483,-4143.224583406855,-5482.748628232687,7.606477644887728,0.2868767789578965,-0.21172010641409603,-8.959167909854803e-06,0.005072830367890027,0.006732066024441522,-53.094833346986526,132.91467220525547,507.6773539953711,6870.235664335521,0.00028334896084691657,52.968327709879844,3.3622453092348286,85.073202193312,182.9300400500274
15 Jul 2026 13:38:00.000000000,459.5976571968957,-4116.896670285835,-5483.329489701379,7.589461784838782,0.5904005810242557,0.19236489479070729,-0.0005673315076973321,0.005040396089899353,0.00673251057116352,-53.08640549256692,138.98378849916074,507.6827224523447,6870.238406415307,0.0002883868713605055,52.968319645580785,3.3558390429765947,102.04467881897928,169.77165633900856
15 Jul 2026 13:39:00.000000000,913.6170237418088,-4072.4287011432416,-5459.681853634159,7.539004469192394,0.8913260940989288,0.5956038908975785,-0.0011232310742166794,0.004985883787134428,0.006703382903621226,-52.74463452558338,145.0019820241423,507.5980838684238,6870.349077210789,0.0002970405946954311,52.96865095468563,3.349461146597332,118.70051393391256,156.92888688913013
15 Jul 2026 13:40:00.000000000,1363.6108614885316,-4010.0161893995482,-5411.909654737807,7.455325134214917,1.1883350167680145,0.9962254986943212,-0.0016742510485074846,0.004909525131610372,0.006644803747024332,-52.078615479447855,150.87768358957703,507.42517988275426,6870.565725278459,0.00030956033240706277,52.96931562654482,3.343167761940257,135.06246340902075,144.37993875032785
15 Jul 2026 13:41:00.000000000,1807.5960488045637,-3929.933275368614,-5340.222819208301,7.33878713650258,1.4801256222561199,1.3924691865657524,-0.0022180026309746984,0.004811642330449767,0.006557016087615718,-51.10516425657763,156.53370004164225,507.16745253608224,6870.884531314186,0.0003266620722086941,52.97030175342538,3.3370135336579145,151.0802440718188,132.17505877542325
15 Jul 2026 13:42:00.000000000,2243.6155490508886,-3832.531569409658,-5244.9363941378915,7.189896418626862,1.7654181681245515,1.7825925999435412,-0.0027521236399475806,0.004692647338685359,0.006440384790522903,-49.846879088604666,161.91283886451296,506.8299840452279,6871.2998748073,0.00034921022114034727,52.97159174181532,3.3310506416962475,166.61767644562397,120.45039135050948
15 Jul 2026 13:43:00.000000000,2669.746912240084,-3718.2386720460427,-5126.469238344134,7.009299655700862,2.042960253724265,2.164878857315184,-0.0032742872240215165,0.004553040897124472,0.006295395990538494,-48.32988683145953,166.97954942964859,506.4194079143037,6871.8044321743055,0.00037788198850518043,52.97316262453364,3.3253278775892787,181.48911228918604,109.39155130578274
15 Jul 2026 13:44:00.000000000,3084.1106498395707,-3587.5563745278605,-4985.342276795483,6.797781875042005,2.3115321139133638,2.537643801906545,-0.0037822107208383567,0.00439341136183932,0.006122656213707006,-46.58172217363331,171.71822813744535,505.94379271670704,6872.389304738367,0.000412920771844463,52.97498646807452,3.3198897810407053,195.52052008447248,99.17253885106608
15 Jul 2026 13:45:00.000000000,3484.878450950836,-3441.0585440212667,-4822.1763217229345,6.556263539390418,2.5699518355898134,2.8992431916903314,-0.004273664683932787,0.004214433289511552,0.005922891183616314,-44.62962823085578,176.12951219907367,505.41250031291366,6873.04417441496,0.0004540400312119166,52.97703086791826,3.314775852056867,208.59945378360024,89.90577121919891
15 Jul 2026 13:46:00.000000000,3870.281207304365,-3279.3886985248473,-4637.689464681337,6.285797083408408,2.817080481062306,3.2480798070400114,-0.0047464820828199755,0.0040168657355507415,0.005696944255334663,-42.49938238692091,-179.7741075640024,504.83602069006645,6873.757484485772,0.0005004636549480728,52.9792595229755,3.3100198526393494,220.69264706813064,81.62448875723369
15 Jul 2026 13:47:00.000000000,4238.616813975896,-3103.257277629205,-4432.694045148093,5.987562893361862,3.051827099696875,3.58261045189774,-0.005198567662469776,0.0038015502184757465,0.005445774413906782,-40.21461368066333,-175.97240948211518,504.2257860156447,6874.516642401432,0.0005510401858454862,52.98163287892757,3.305649210373727,231.8345612636754,74.29420731722745
15 Jul 2026 13:48:00.000000000,4588.257712113836,-2913.4386164353996,-4208.09320282293,5.662864721184047,3.273153606530932,3.90135282055315,-0.005627907432806782,0.003569408306926715,0.005170453777072534,-37.79650830311356,-172.440814801445,503.59396688190554,6875.308241154627,0.0006043699295834898,52.98410882900386,3.301684534512319,242.10304493783516,67.83705891383188
15 Jul 2026 13:49:00.000000000,4917.6581394956265,-2710.7676313139373,-3964.8770225893077,5.313124526544665,3.4800795038590913,4.202892198385718,-0.006032578237445578,0.0033214387848322963,0.004872164539151769,-35.2637842730088,-169.15288314936922,502.95325407398155,6876.11829541781,0.0006589121722514199,52.986643459723226,3.2981392530232774,251.5958711401113,62.15525468619406
15 Jul 2026 13:50:00.000000000,5225.361054444982,-2496.1362276963496,-3704.1182831210726,4.939876744086181,3.6716864193256793,4.4858879613549245,-0.006410757333489577,0.0030587143560967477,0.004552195299641107,-32.6328313148792,-166.08200549152912,502.3166295126559,6876.932488350314,0.0007130650344466307,52.989191828336594,3.295019377028579,260.41411125352306,57.14771119149987
15 Jul 2026 13:51:00.000000000,5510.004698596957,-2270.4894417550777,-3426.9678223448045,4.544761977602949,3.8471224319071737,4.749079835832341,-0.006760731896610839,0.002782377856610522,0.004211936727336326,-29.91793785564647,-163.20245455330885,501.69713029403755,6877.736424756304,0.0007652227512151392,52.991708758155454,3.2923233966791403,268.6526333196156,52.719552166525624
15 Jul 2026 13:52:00.000000000,5770.328764272476,-2034.8213295907826,-3134.6495353708005,4.129520128504853,4.005606155504711,4.9912938777344795,-0.007080908352312374,0.002493637950851113,0.0038528765225107034,-27.131552556248366,-160.48996356922387,501.10760996208273,6878.515886123577,0.0008138177781017619,52.99414963764702,3.2900423102785425,276.39580782700983,48.78640276610546
15 Jul 2026 13:53:00.000000000,6005.180132852815,-1790.1706194099274,-2828.4550230439813,3.6959829723011626,4.146430548766112,5.211448127997772,-0.007369821420294426,0.0021937642999326702,0.0034765936514279446,-24.284548222999724,-157.92198075016637,500.56050129640494,6879.257082999503,0.0008573536698325521,52.99647120912473,3.2881597859996967,283.71635716067664,45.27554008141039
15 Jul 2026 13:54:00.000000000,6213.518151588899,-1537.6161440702242,-2509.7379118895547,3.2460662038538386,4.268966419348501,5.408557900376017,-0.007626142749520237,0.001884082200037539,0.003084751842928925,-21.386470479626993,-155.47771303307638,500.0675849673677,6879.946900168983,0.000894432474207157,52.998632333063554,3.286652453249899,290.6758355585334,42.125413092546204
15 Jul 2026 13:55:00.000000000,6394.419417754731,-1278.2720732815355,-2179.907868886048,2.7817609795904765,4.372665591156834,5.5817406574383375,-0.007848689021248027,0.001565966704439131,0.0026790923557285275,-18.445763093615902,-153.1380404191692,499.63976839525225,6880.573130192722,0.0009237786316073439,53.00059471451875,3.285490318393814,297.3258095617496,39.28446207115998
15 Jul 2026 13:56:00.000000000,6547.0820409899,-1013.2829666031543,-1840.4243371216494,2.305124992471929,4.457063704213663,5.7302204315799266,-0.008036429389347476,0.0012408362531398248,0.002261426038954733,-15.469967653360479,-150.88535597217626,499.28687904376386,6881.124691043357,0.0009442602480584688,53.00232357881659,3.2846372973920013,303.7092296417686,36.709746753109975
15 Jul 2026 13:57:00.000000000,6670.829357060606,-743.8186701547608,-1492.79002092598,1.8182731230564417,4.521782618723931,5.853331749853172,-0.008188492136056113,0.0009101458494557675,0.001833624729362946,-12.465898589896074,-148.70336699241975,499.01747617703194,6881.591823841877,0.0009549079751460451,53.003788284600844,3.2840518558025136,309.86174076990943,34.36563551925837
15 Jul 2026 13:58:00.000000000,6765.113069101086,-471.06908158355714,-1138.5441514457252,1.3233677172100906,4.56653239759344,5.950523024483432,-0.008304170428491428,0.0005753798348581496,0.0013976120451259756,-9.439796251804614,-146.5768790953439,498.83868481238545,6881.96626704213,0.0009549314085142026,53.004962863445755,3.2836877447445594,315.8128205646167,32.2226669540814
15 Jul 2026 13:59:00.000000000,6829.515795641819,-196.2388092823289,-779.2555657914608,0.8226085476553239,4.591112845080699,6.021359375000947,-0.008382927067810814,0.0002380443243188847,0.000955353651035361,-6.397461516824786,-144.4915755804273,498.7560552121988,6882.241403834677,0.0009437327792181287,53.005826476560586,3.2834948196822547,321.5867021755969,30.256626628362937
15 Jul 2026 14:00:00.000000000,6863.753008348296,79.45824693416134,-416.5156347713223,0.3182225223814403,4.595414583341867,6.065524852913266,-0.00842439814593354,-0.00010034062422377234,0.0005088470867247896,-3.3443756790166566,-142.43379834186337,498.7734507821773,6882.412380032003,0.000920917677657693,53.00636378059215,3.283419927524465,327.20306392976534,28.44785708715645
15 Jul 2026 14:01:00.000000000,6867.674346328549,354.8043655212915,-51.9310757845059,-0.18754679223067044,4.579419653256942,6.082824045643967,-0.008428395535981466,-0.00043824902553047773,6.011125986724619e-05,-0.2858093483104229,-140.39033266251127,498.8929666917816,6882.47619024752,0.000886302572050237,53.00656519614973,3.283407846263669,332.6774631085709,26.780823680111695
15 Jul 2026 14:02:00.000000000,6841.264298053599,628.5834944320732,312.8833113586545,-0.692449762074486,4.543201630987054,6.073183042919516,-0.008394908167608774,-0.0007741570804444174,-0.0003888242831976273,2.7730760024815377,-138.34819583301504,499.1148809173275,6882.431730778391,0.0008399189374657485,53.00642707440605,3.283402260531551,338.0214575685929,25.243992529326345
15 Jul 2026 14:03:00.000000000,6784.642246297643,899.5867346878301,676.3119471298763,-1.194241315939151,4.48692525706333,6.036649755724252,-0.008324102060721698,-0.001106551296298819,-0.0008359301907515624,5.827130318957381,-136.2944281662201,499.4376387462369,6882.279818234639,0.0007820138866018553,53.00595175893299,3.283346755792752,343.24227833591584,23.830157511531336
15 Jul 2026 14:04:00.000000000,6698.06187596274,1166.6177870839256,1036.745774563622,-1.6906915413227774,4.410845580295742,5.973393585168856,-0.008216319111801129,-0.0014339365224873765,-0.0012791881212753015,8.871117621707745,-134.215884337311,499.8578710898416,6882.023173608095,0.0007130472903921898,53.005147541785476,3.2831858136549394,348.3417312212451,22.537538215151947
15 Jul 2026 14:05:00.000000000,6581.9099491236475,1428.4983331137491,1392.5895222586194,-2.1795961711574985,4.315306624261891,5.883704445926569,-0.00807207465642495,-0.0017548438113010915,-0.0017166014200257107,11.899615594928754,-132.09902292785077,500.37044625210655,6881.666372133439,0.0006336855163517765,53.0040285147105,3.2828657907034753,353.3135460878252,21.372430247648023
15 Jul 2026 14:06:00.000000000,6436.704456023754,1684.0733218349578,1742.268889733017,-2.6587868890944293,4.200739589428456,5.767991156075602,-0.007892053848041912,-0.0020678380177519408,-0.0021462055388064482,14.906908610504864,-129.92969257365988,500.96855411175017,6881.215759939772,0.0005447921730323303,53.00261431820677,3.2823358636658875,358.1371110961697,20.355470576524358
15 Jul 2026 14:07:00.000000000,6263.09215499582,1932.2161353272827,2084.23761767633,-3.1261413842604884,4.067660608928919,5.6267792120436395,-0.007677106922434581,-0.0023715250597612764,-0.002566078089111545,17.886870592071684,-127.69291432832676,501.64382101612154,6880.679339115448,0.00044741693290104213,53.00092979295399,3.281548924252261,2.7613697992717303,19.537740037456444
15 Jul 2026 14:08:00.000000000,6061.845518287032,2171.833606622543,2416.9844069502383,-3.5795930909296505,3.91666808052317,5.460707973688731,-0.007428243429035495,-0.0026645587675150875,-0.002974348427637276,20.832834021667995,-125.37266201694142,502.38645307371877,6880.066623393431,0.00034278603283482116,52.99900453984133,3.280462407996294,7.056023062868266,19.04956104173291
15 Jul 2026 14:09:00.000000000,5833.859104474477,2401.8708654547054,2739.0396518534003,-4.017140554163431,3.7484396011855514,5.270527290200375,-0.0071466255340436775,-0.0029456472628443886,-0.003369206687297425,23.737441367153913,-122.95164590628949,503.18540498510805,6879.388467199175,0.00023231166342337498,52.99687239642396,3.279039042551181,10.615739640557598,19.29628665947899
15 Jul 2026 14:10:00.000000000,5580.145381497958,2621.315988872141,3048.9819551447245,-4.436856369004967,3.563728534000509,5.057093602317546,-0.006833560509600286,-0.00321355882095062,-0.0037489121813471735,26.592475402617236,-120.4111106162815,504.0285710816298,6878.656871276361,0.00011777272740243143,52.99457083909289,3.2772475023653156,11.394915001209313,22.323541486907818
15 Jul 2026 14:11:00.000000000,5301.830027269575,2829.2044356115425,3345.444394558229,-4.836895648022506,3.3633602395222,4.821365560222729,-0.006490492532543266,-0.003467127179292514,-0.004111801124049025,29.388665542609072,-117.73066676086066,504.9029948574673,6877.884768508944,1.698661082233193e-05,52.99214032153547,3.2750629582974127,289.44680176348675,108.0780909477694
15 Jul 2026 14:12:00.000000000,5000.14673730663,3024.623245118881,3627.120512983367,-5.21550397966081,3.1482280054258656,4.564399199303594,-0.006118993925015951,-0.00370525627368299,-0.004456293630793312,32.11546879483667,-114.88818851158895,505.7950929892785,6877.085793884453,0.00012196049807366967,52.989623561168,3.2724675126065166,217.2400010274509,184.09134974323283
15 Jul 2026 14:13:00.000000000,4676.431570854722,3206.7149841636574,3892.7700070685696,-5.571024847721041,2.9192887091287623,4.287342717731951,-0.005720755966511263,-0.003926924393658175,-0.004780899976801599,34.7608268419089,-111.85982743353742,506.6908896412589,6876.274042788963,0.00024022780953128267,52.98706478611961,3.269450511776488,218.05797013477004,187.07987392205783
15 Jul 2026 14:14:00.000000000,4332.1168685229495,3374.681426075372,4141.224091662277,-5.901906490089313,2.677558248106442,3.9914309004950215,-0.00529757940547445,-0.004131187762741849,-0.005084226111619522,37.310905944833024,-108.62021758290965,507.57625675091043,6875.463821986219,0.0003567331390049713,52.984508956022374,3.26600873176831,221.4619678267997,187.4824156042467
15 Jul 2026 14:15:00.000000000,3968.724775545821,3527.7869496968424,4371.3905201786665,-6.2067081823359995,2.42410677191253,3.677979234159367,-0.0048513647934285715,-0.004317183562950447,-0.005364978445307011,39.74983495746925,-105.14297775095716,508.43715597841435,6874.669397712401,0.0004694901577787791,52.98200097030698,3.2621464325347693,225.50623233378425,187.2447448264488
15 Jul 2026 14:16:00.000000000,3587.860405441094,3665.3616471513647,4582.258243601189,-6.484105938778635,2.160053748495904,3.3483777553272405,-0.004384102749197591,-0.004484132430496536,-0.0056219679335808865,42.05947005042282,-101.40165044172235,509.2598780733941,6873.904745315661,0.0005767826370700856,52.97958487790674,3.2578752809498,229.7950698735043,186.76256103136933
15 Jul 2026 14:17:00.000000000,3191.2046790967274,3786.80413141298,4772.9016933577095,-6.732897629828565,1.8865628954047933,3.004084673572086,-0.0038978642525851494,-0.004631340462608456,-0.005854113507125584,44.21923377136838,-97.37124369450888,510.0312755588796,6873.183304789004,0.0006770012332041308,52.977303102234494,3.2532141435794983,234.197094876576,186.16725288354976
15 Jul 2026 14:18:00.000000000,2780.506874228105,3891.584036431241,4942.48467567577,-6.952007519769393,1.6048370039731692,2.6466198067434803,-0.003394791045649404,-0.004758200778656991,-0.006060444896363673,46.20610046592619,-93.030540205217,510.73898484397654,6872.5177463923565,0.0007686423208271624,52.97519569501673,3.24818875299293,238.65688833182875,185.5142400167402
15 Jul 2026 14:19:00.000000000,2357.5769197637105,3979.244204163005,5090.2638672081775,-7.140490233400847,1.3161126817337208,2.277557863082954,-0.0028770862049929033,-0.004864194686508512,-0.0062401049143904425,47.99482618859475,-88.36527285213296,511.3716341435099,6871.919750339033,0.0008503261247928524,52.97329963205381,3.2428312535624153,243.14749778326052,184.83047317906994
15 Jul 2026 14:20:00.000000000,1924.2774691121363,4049.402554281767,5215.591903683439,-7.297534163139496,1.0216550352479232,1.8985216007642147,-0.002347004927215376,-0.0049488925054232925,-0.006392351263234184,49.55853938403619,-83.3720902443349,511.91903389502505,6871.399804241859,0.0009208175378722922,52.971648163231485,3.2371796347361412,247.65452904961847,184.13034270180833
15 Jul 2026 14:21:00.000000000,1482.515785523289,4101.753633570746,5317.920055055192,-7.422464330153595,0.7227523124275339,1.5111748914863496,-0.0018068455509732896,-0.005011954097365451,-0.006516557930607918,50.86980114726506,-78.06291448343154,512.3723467112131,6870.96702168058,0.0009790459650823417,52.970270228153915,3.2312770617950273,252.16975662555691,183.4220683285293
15 Jul 2026 14:22:00.000000000,1034.235471808989,4136.069843067236,5396.800482134169,-7.514744713974169,0.4207105203090691,1.1172157106592417,-0.0012589408201624684,-0.0050531291569121655,-0.006612216243754285,51.90218746336311,-72.46884999595416,512.7242342801147,6870.62898487229,0.001024122947531403,52.96918994761467,3.2251711158350416,256.6881975698787,182.71062559505748
15 Jul 2026 14:23:00.000000000,581.4080760011439,4152.202341873359,5451.888070881178,-7.5739800646932265,0.11684803152582333,0.7183690730790194,-0.0007056493745023055,-0.005072257302890199,-0.006678935638976531,52.63232339601377,-66.6423853691947,512.9689790193956,6870.391614009004,0.0010553569617406636,52.96842619979389,3.218912956342672,261.20661990603907,181.99923772861786
15 Jul 2026 14:24:00.000000000,126.02460350501536,4150.081627291475,5482.941841620061,-7.5999172106588775,-0.18750980990454744,0.316379929385511,-0.00014934743907818747,-0.005069268012089252,-0.006716444202815729,53.042122381944246,-60.65652987302138,513.1025786980324,6870.259065375881,0.0010722650269581087,52.96799228858552,3.212556421012771,265.72269775486023,181.2902208410423
15 Jul 2026 14:25:00.000000000,-329.91303429003943,4129.717791499973,5489.825931221171,-7.592445872397228,-0.4910360748298328,-0.08699396418839965,0.00040757932950618854,-0.00504418042184544,-0.006724589023927843,53.12081323865226,-54.600048459254815,513.1228126545192,6870.2336598891525,0.001074580875971487,52.96789570985042,3.206157078638511,270.23446623403953,180.58552937464074
15 Jul 2026 14:26:00.000000000,-784.4006055865104,4091.2004554620785,5472.510146992048,-7.551598990691706,-0.7924076201338879,-0.4899891925359912,0.0009627438914592161,-0.004997103025866777,-0.006703336392012423,52.866272422726105,-48.56913931195409,513.0292786613652,6870.31584319804,0.0010622595326096238,52.968138019677944,3.1997712516339303,274.73989971191105,179.88717820650467
15 Jul 2026 14:27:00.000000000,-1235.4401489709105,4034.6983811582545,5431.070091568856,-7.477552573452779,-1.0903104386296936,-0.8908438360907007,0.0015137658249187763,-0.004928233268550583,-0.006652771855250406,52.28529780475333,-42.65727647207998,512.8233999095523,6870.504177989343,0.0010354782156045672,52.96871480696068,3.1934550253325016,279.23650093382355,179.1976538858679
15 Jul 2026 14:28:00.000000000,-1681.0485406205912,3960.4587635950897,5365.68685859464,-7.370625062457421,-1.383444981745604,-1.2878046247941566,0.0020582793394126843,-0.004837857040437968,-0.006573100144213161,51.39274499201347,-36.945736198162706,512.5084020114214,6870.795368618676,0.000994633563579543,52.96961577076383,3.1872632613984337,283.72079862360243,178.52041739492014
15 Jul 2026 14:29:00.000000000,-2119.266009079778,3868.8062044095363,5276.646299452345,-7.231276217464,-1.670531448709981,-1.679134083248989,0.0025939413605264006,-0.004726348061954907,-0.006464644949467031,50.2097705223001,-31.497023007895546,512.0892603459145,6871.184317678076,0.000940335254967231,52.97082490114351,3.1812486326586855,288.18761690484286,177.86063508119022
15 Jul 2026 14:30:00.000000000,-2548.1645685211797,3760.14136929009,5164.337861837032,-7.060105511839483,-1.9503150349543144,-2.0631176576279704,0.003118439738099987,-0.00459416713301386,-0.006327848526823427,48.761633089250424,-26.35221073751538,511.5726184945691,6871.664213597865,0.0008733961886687056,52.972320760261006,3.1754606962578573,292.62887965869425,177.22637463802383
15 Jul 2026 14:31:00.000000000,-2965.8563408838395,3634.939331940211,5029.253001584323,-6.857850030943654,-2.221571130834713,-2.4380708129601456,0.003629501622669917,-0.00444186122003728,-0.006163271095538018,47.07552026155325,-21.531853028237986,510.96667893950547,6872.226647880291,0.0007948195156692517,52.97407685888884,3.1699450213832456,297.03147254251627,176.6307434015342
15 Jul 2026 14:32:00.000000000,-3370.5017368745152,3493.747607851099,4871.983169869287,-6.625381862157577,-2.4831104598322207,-2.802346086995972,0.004124902040386872,-0.004270062339412385,-0.0059715899769491034,45.1787343827811,-17.039261356529664,510.28106761327035,6872.861760076637,0.0007057830241073054,52.976062121736426,3.1647423868674616,301.37309101211133,176.09604061626038
15 Jul 2026 14:33:00.000000000,-3760.31746479748,3337.183881954899,4693.217378894728,-6.363704964112786,-2.733784142716524,-3.154340083381032,0.004602472684224969,-0.004079486196140747,-0.0057535984198691355,43.09738676243928,-12.8647847260698,509.52667430280616,6873.5584081558545,0.0006076218510127316,52.97824143346829,3.1598880627677097,305.613390819347,175.66260719048435
15 Jul 2026 14:34:00.000000000,-4133.584335681613,3165.9334350482286,4493.73935025543,-6.073951502099167,-2.9724886715719463,-3.49250038346315,0.005060110917812319,-0.0038709305264624095,-0.0055102040441365645,40.855597020929984,-8.990034980682744,508.7154713109565,6874.304361478049,0.0005018118339104556,52.98057625587467,3.1554111885372516,309.6727631094138,175.41005081282896
15 Jul 2026 14:35:00.000000000,-4488.654832241878,2980.7462749707956,4274.42425157462,-5.757377637302597,-3.198170774556792,-3.8153323519679856,0.005495788975964008,-0.003645273099365025,-0.005242426841054423,38.475107884301174,-5.391460522017614,507.86031316403336,6875.086513186002,0.000389960678122111,52.98302530540238,3.1513342587566506,313.3724344992222,175.51714604378353
15 Jul 2026 14:36:00.000000000,-4823.960408566589,2782.433979745161,4036.235028607861,-5.415358759264826,-3.409832149354943,-4.1214058077782845,0.005907563317861855,-0.0034034693239162065,-0.00495139665696444,35.975198111209195,-2.043059316936636,506.9747205159938,6875.891108470912,0.0002738378503849446,52.98554527919248,3.147672725484306,316.2183103927345,176.4779911227923
15 Jul 2026 14:37:00.000000000,-5138.01848685521,2571.8662612915223,3780.218341869519,-5.049384153888451,-3.6065340404565798,-4.409361527080145,0.006293584079152331,-0.00314654942157092,-0.004638350101662418,33.3727849857347,1.0817358836545232,506.07265173037524,6876.703984860691,0.00015566092680916382,52.98809161691178,3.144434724285704,316.1978398925165,180.30514312880143
15 Jul 2026 14:38:00.000000000,-5429.439117188952,2349.9672598987677,3507.5001189226305,-4.661051103368296,-3.7874016328560183,-4.677917542462733,0.006652104541975292,-0.0028756151207806075,-0.00430462681926164,30.68263183498215,4.008855832252597,505.16826591130194,6877.51082042879,4.3770156064767706e-05,52.990619285027535,3.1416209288258505,289.5247654679499,210.78486833193688
15 Jul 2026 14:39:00.000000000,-5696.9312662495895,2117.7115813418222,3219.2807357670727,-4.252058419542254,-3.95162823261115,-4.925875198346805,0.006981490532416797,-0.002591835844485053,-0.0039516650759367855,27.917601989000747,6.762905921224274,504.27568139448647,6878.297385634654,9.233282858387668e-05,52.99308356976902,3.139224536666483,175.24930797408402,328.86695714138574
15 Jul 2026 14:40:00.000000000,-5939.308701172577,1876.1200903590884,2916.829843227133,-3.824199418196569,-4.0984792030930075,-5.152124920548266,0.007280229636608801,-0.0022964443677649013,-0.0035809966268794385,25.088922350070348,9.366836204754378,503.4087338879773,6879.04979439098,0.0002071567953349217,52.99544086485259,3.137231386597398,169.62253373752995,338.30035693309486
15 Jul 2026 14:41:00.000000000,-6155.4954353822,1626.2554760995247,2601.480856832118,-3.3793543486583455,-4.227295624777343,-5.3556516560081135,0.007546940115434822,-0.0019907319348779072,-0.003194240839710648,22.206435668450656,11.841848466283864,502.58073856024754,6879.754749911941,0.000320024528916502,52.997649440123496,3.1356202055636135,171.57523585765938,340.15429061002834
15 Jul 2026 14:42:00.000000000,-6344.530704337634,1369.2176070946307,2274.6251313577663,-2.9194823003835313,-4.337497646161651,-5.535539937858239,0.0077803793952961695,-0.001676042839047305,-0.002793098070441134,19.27883128104192,14.207451445598108,501.80426040160984,6880.399780936586,0.00042782938980807597,52.999670177586054,3.134362980931263,175.13217913117302,340.4040114888322
15 Jul 2026 14:43:00.000000000,-6505.573440663967,1106.138695233856,1937.7058438779536,-2.4466126159411226,-4.4285874939103005,-5.690978531147397,0.007979451999624248,-0.0013537684785525806,-0.0023793423006096912,16.313850704826486,16.481603094968175,501.090897125544,6880.973464043911,0.0005288950719199454,53.001467261848916,3.1334254516688627,179.31516447533795,340.0277386405238
15 Jul 2026 14:44:00.000000000,-6637.906220139782,838.1782901116937,1592.2116118274648,-1.9628358476065768,-4.500152111642922,-5.821264615761628,0.008143216797449815,-0.0010253409197037338,-0.00195481306772955,13.318468332301663,18.68089986443847,500.4510787249054,6881.465627982075,0.0006218579507028056,53.00300881279756,3.1327677098686655,183.82920146531987,339.32048407348407
15 Jul 2026 14:45:00.000000000,-6740.938652486471,566.5181268758697,1239.6698751051129,-1.470294302398843,-4.551865398914452,-5.9258074653751365,0.008270893440145399,-0.0006922260075992259,-0.0015214067344582844,10.299049542489895,20.820788131850204,499.8938875511054,6881.867536223332,0.000705556987134038,53.00426744930343,3.1323449021637177,188.558300126132,338.39826062283515
15 Jul 2026 14:46:00.000000000,-6814.210193810826,292.3568523443063,881.6400736151847,-0.971172227632742,-4.583490024831762,-6.004131584622196,0.008361867873789416,-0.0003559160800183282,-0.0010810671622351906,7.26148952532309,22.915783250009326,499.4269024433097,6882.172044324286,0.0007790221503708726,53.00522077397852,3.1321080187421435,193.45077384992626,337.3127786807591
15 Jul 2026 14:47:00.000000000,-6857.392360879603,16.90465557885016,519.706653771742,-0.4676856956164176,-4.594878794377715,-6.0558792710385845,0.008415696822127536,-1.7922350101360634e-05,-0.0006357758693274246,4.211336488791605,24.97968854928021,499.05607000371526,6882.3737291127345,0.0008414801576841765,53.005851770358724,3.1320047561584654,198.4832418850978,336.08744332726724
15 Jul 2026 14:48:00.000000000,-6870.290331092569,-258.62216969320775,155.47193933832543,0.03792774817552957,-4.585975549766853,-6.080812573576886,0.008432111156502156,0.0003202329662157373,-0.00018754176837366593,1.153902974619661,27.025811053705333,498.78560560170035,6882.468987230356,0.0008923626803487266,53.00614910542931,3.13198043877923,203.64693191097624,334.731051354114
15 Jul 2026 14:49:00.000000000,-6852.843916020363,-533.0067025086495,-209.451096527001,0.5434196045210019,-4.556815593937703,-6.078814625528458,0.008411018082625765,0.0006570246948330278,0.00026160941100186844,-1.9056310701655244,29.067173419631626,498.6179261062907,6882.456101124445,0.0009313130947766359,53.00610733206517,3.131978982700552,208.94181030034895,333.2436605865912
15 Jul 2026 14:50:00.000000000,-6805.127900608522,-805.036883007522,-573.4461200153299,1.0465410351254274,-4.507525628459324,-6.049890336319785,0.008352502103800901,0.0009909328313571241,0.0007096458993191517,-4.962119925770426,31.116723223560264,498.5536157062833,6882.335271189567,0.000958190476734905,53.00572698771469,3.1319438851204096,214.37392591166824,331.6192456685552
15 Jul 2026 14:51:00.000000000,-6727.351744548962,-1073.5109824555864,-934.9007474820678,1.5450534982004014,-4.438323203554003,-5.994166433716018,0.00825682473167405,0.0013204506604644784,0.0011545407441607718,-8.010354974580132,33.18754155019579,498.59142549887224,6882.108613399773,0.0009730703622907195,53.00501458748258,3.1318192217907,219.9542616157353,329.8468461133627
15 Jul 2026 14:52:00.000000000,-6619.858646799589,-1337.2430257258454,-1292.2138393197674,2.036739329956512,-4.3495156834578985,-5.911890855256452,0.00812442295398428,0.0016440927751328882,0.0015942826245442887,-11.044965377577972,35.293053043525525,498.7283068288063,6881.780122427534,0.0009762421390596994,53.003982511630696,3.1315506348531335,225.6983976394786,327.91090254557184
15 Jul 2026 14:53:00.000000000,-6483.123978705857,-1595.0681373913503,-1643.8027380205883,2.5194121978586512,-4.241498735797223,-5.803431495061512,0.007955906478529732,0.0019604029058028294,0.0020268865015579604,-14.060313067645463,37.44723923004973,498.95947766132446,6881.355600903599,0.0009682031181714479,53.002648789380885,3.1310862936711885,231.62668983852168,325.7910780291317
15 Jul 2026 14:54:00.000000000,-6317.753095563835,-1845.847783242091,-1988.1104121342808,2.9909273537123617,-4.114754358897848,-5.669274319279789,0.007752053806662981,0.002267961475246604,0.0024504039895585964,-17.050378478833924,39.66485592240043,499.2785205930864,6880.8425561165595,0.0009496494712542402,53.00103678274215,3.130377811584465,237.76484300176432,323.46168438604093
15 Jul 2026 14:55:00.000000000,-6124.478540675418,-2088.474880034585,-2323.6124688156456,3.4491916182214792,-3.969848465815774,-5.510020870186735,0.007513807204559128,0.002565392801745232,0.0028629333398028697,-20.00863331648316,41.96165364232947,499.67751046504674,6880.25006606727,0.0009214643318270412,52.99917477586027,3.129381102387413,244.1448472879157,320.89074541239904
15 Jul 2026 14:56:00.000000000,-5904.156659914719,-2321.878747528914,-2648.8239990332477,3.892173033419511,-3.807428048254413,-5.3263851851168065,0.007242266659762698,0.00285137188212146,0.0032626289389424824,-22.927896609544813,44.35459687499143,500.1471689571475,6879.588617369072,0.0008847034681769859,52.99709547706777,3.1280571612312285,250.80629381034257,318.03868098191145
15 Jul 2026 14:57:00.000000000,-5657.763648472583,-2545.0298783916896,-2962.3062212310083,4.317910125195361,-3.628217947286418,-5.119190161847925,0.006938682931580323,0.003124630698923802,0.0036477102401690532,-25.800170395831657,46.86207298180852,500.6770430310018,6878.869918005191,0.0008405790344011759,52.994835442372164,3.1263727561464516,257.7981091732251,314.8565722396512
15 Jul 2026 14:58:00.000000000,-5386.391054725152,-2756.9445032444783,-3262.6728912679264,4.724520724784462,-3.433017260853647,-4.889363406616483,0.006604449806511334,0.0033839640055543575,0.004016470057072052,-28.616451880799165,49.50407390269069,501.25570365557763,6878.106688412044,0.0007904419839127615,52.99243443052361,3.124301017805736,265.18074565572135,311.2839711945692
15 Jul 2026 14:59:00.000000000,-5091.24076903784,-2956.6889300127186,-3548.596448727604,5.110210305354233,-3.222695420301048,-4.637932604532513,0.006241095689120831,0.0036282345599496207,0.004367282171164896,-31.36652011922565,52.30232224381872,501.8709609096702,6877.312434739662,0.000735763744434133,52.989934701033306,3.1218219170055,273.02881140307255,307.24627035614714
15 Jul 2026 15:00:00.000000000,-4773.619527729685,-3143.3836387182737,-3818.8138721585374,5.473279797450348,-2.9981879696752447,-4.366020454705986,0.005850274653049855,0.0038563777876987394,0.004698608218147821,-34.038697726907074,55.280296655753894,502.5100913088869,6876.501208444644,0.0006781176088318072,52.9873802675391,3.118922621287606,281.43396972795153,302.6518033154361
15 Jul 2026 15:01:00.000000000,-4434.932964377176,-3316.20711491227,-4072.132218389775,5.812132854809842,-2.7604920821801544,-4.074839213873881,0.0054337570828848275,0.004067405871009002,0.0050090038381063575,-36.61959262207939,58.46308835879425,503.16007305397665,6875.687356589777,0.0006191597787943247,52.984816119726005,3.115597724314614,290.5075708928145,297.3892129022954
15 Jul 2026 15:02:00.000000000,-4076.6792421291434,-3474.3994070093945,-4307.4338237175225,6.125282549648556,-2.5106618480615266,-3.765684892736306,0.004993420029919711,0.0042604112715544165,0.00529712409089826,-39.09383240330605,61.87699098701562,503.80782484036706,6874.885267358443,0.0005606086791429743,52.98228742758144,3.1118493438264974,300.38171630370925,291.32638698999733
15 Jul 2026 15:03:00.000000000,-3700.442301749914,-3617.265394820897,-4523.681147406835,6.4113574837479765,-2.2498033673408773,-3.4399311486258566,0.004531237398998967,0.004434569708131355,0.0055617281555804254,-41.443815993704625,65.5486919061626,504.44044389963597,6874.109115338938,0.0005042182844430844,52.97983874209592,3.107687086313661,311.20604579960184,284.31367126374687
15 Jul 2026 15:04:00.000000000,-3307.8847607274474,-3744.177758556947,-4719.92124054157,6.669107308287092,-1.9790696793029854,-3.0990229166354535,0.0040492700682306605,0.004589142617593982,0.005801683344051516,-43.64952480310208,69.50390268341576,505.0454390557376,6873.372611097807,0.00045173580186095707,52.977513206596775,3.103127879007295,323.1354093436821,276.19619764624565
15 Jul 2026 15:05:00.000000000,-2900.7404990375385,-3854.5796394168615,-4895.289825733493,6.897407651180218,-1.6996555586004416,-2.744469819038444,0.0035496560331546184,0.004723479138930609,0.006015968474937999,-45.6884590640446,73.76525721479835,505.6109547626362,6872.688759444289,0.00040482609217144696,52.97535179272635,3.0981956720131234,336.30168281523976,266.84206868027877
15 Jul 2026 15:06:00.000000000,-2480.806967066685,-3947.9869846175984,-5049.014975522434,7.095264455561399,-1.4127922053408786,-2.377839389902148,0.0030346006463315973,0.004837017663419412,0.0062036766595973325,-47.53579164540214,78.34935006324002,506.12598233640506,6872.0696305972315,0.0003649392883966673,52.97339257465025,3.0929210158914753,350.7650374233058,256.1910883447055
15 Jul 2026 15:07:00.000000000,-2049.9372508663478,-4023.990571261079,-5180.420379427318,7.26181773686033,-1.1197418537730557,-2.0007501483982604,0.0025063670077587067,0.004929287000187213,0.006364017561701918,-49.164853668761026,83.26293016029719,506.58055489257174,6871.526148204232,0.00033310957873627526,52.97167005440946,3.087340522051874,6.453081408328177,244.3156206341584
15 Jul 2026 15:08:00.000000000,-1610.0319293205034,-4082.257704844453,-5288.928191532699,7.396344768621178,-0.8217923212300863,-1.6148645505951087,0.0019672665392745778,0.004999907203408999,0.006496319189615158,-50.54806794833917,88.49854923091779,506.96592283995204,6871.067897841605,0.00030972497667958724,52.97021455042789,3.0814962155543553,23.122407496100976,231.4590424342494
15 Jul 2026 15:09:00.000000000,-1163.0307572695062,-4122.5335894040445,-5374.061452144545,7.498262708714047,-0.5202515161713606,-1.2218818458561163,0.0014196497619630088,0.005048590113151647,0.006600029289433692,-51.65840480042025,94.03038864587005,507.27470715477745,6870.702959246129,0.0002943917529888894,52.96905166006867,3.075434791725784,40.39205315138826,218.00228363891006
15 Jul 2026 15:10:00.000000000,-710.904207660507,-4144.642367366919,-5435.446078572469,7.5671306781174374,-0.21644192121930383,-0.8235308600989439,0.000865897272056054,0.0050751396495023445,0.006674716391928577,-52.47132916763178,99.81144169918147,507.50102805682104,6870.437765106046,0.00028604300482864436,52.968201805816015,3.0692067898288538,57.85886934595531,204.34845879050957
15 Jul 2026 15:11:00.000000000,-255.64490532095874,-4148.4878280182365,-5472.812421260116,7.602651303771125,0.08830493523204334,-0.4215627250080076,0.00030841089981261966,0.005079451902210263,0.006720070570875614,-52.96703973841463,105.77344931688998,507.6406071241323,6870.276988775931,0.00028331428918871774,52.96767987317304,3.062865698410338,75.22663324250362,190.7937548337649
15 Jul 2026 15:12:00.000000000,200.74101588263554,-4134.053784265537,-5485.996382579351,7.604671735583144,0.39265400749064094,-0.017743569224063473,-0.00025039498121043715,0.005061515045744013,0.00673590395505628,-53.1326173551428,111.83064610678713,507.69084131056206,6870.223462785426,0.00028502017911280557,52.96749494673168,3.056467008246369,92.36085784294002,177.4726219284373
15 Jul 2026 15:13:00.000000000,656.2426012312709,-4101.404117997458,-5474.940096465478,7.573184145435436,0.6952722513562725,0.386152814746678,-0.0008081020361236625,0.005021409101477788,0.006722151025969951,-52.96359584514438,117.88733011559364,507.6508477655087,6870.278129492881,0.000290514752067226,52.96765014912009,3.0500672296927482,109.24881528821726,164.39775062609064
15 Jul 2026 15:14:00.000000000,1108.8527778229154,-4050.682494884228,-5439.69216783116,7.508325713284064,0.994834124535972,0.7883523157872112,-0.0013622964911853244,0.004959305562041935,0.006678868724850799,-52.464536679356684,123.84785415433797,507.5214787951417,6870.440024699398,0.0002998223068623194,52.96814258569866,3.043722891936512,125.91018923570995,151.5494199772256
15 Jul 2026 15:15:00.000000000,1556.577041085122,-3982.111749968086,-5380.407471378161,7.4103781023772175,1.2900270604539534,1.187087850313225,-0.0019105776493569904,0.004875466877468462,0.006606236372290623,-51.648442339571176,129.62660329864872,507.30530674687213,6870.706294492256,0.0003135377344279076,52.96896339598762,3.0374895419269907,142.31380346661712,138.95876940849064
15 Jul 2026 15:16:00.000000000,1997.44209451318,-3895.992945884995,-5297.346510080389,7.279766422454378,1.579556907062136,1.5806066980357985,-0.002450566451379132,0.0047702457978970785,0.0065045553971768725,-50.53517687719039,135.15552932793096,507.00657904184624,6871.072245038105,0.00033255377800093307,52.97009791090559,3.0314207607840857,158.33732239398927,126.74809869151768
15 Jul 2026 15:17:00.000000000,2429.5044118447895,-3792.7041060822767,-5190.8743342944945,7.117057676781012,1.8621533214823773,1.9671778152504664,-0.002979914129052285,0.004644084552126035,0.006374248850584464,-49.14931403014974,140.3878543234004,506.63114402250505,6871.5314244998535,0.0003577089846124982,52.971525913009586,3.025567215173805,173.78409903622645,115.11402043075456
15 Jul 2026 15:18:00.000000000,2850.8586905999846,-3672.69862596725,-5061.459023194392,6.922958686214841,2.1365751100088954,2.345099112007009,-0.0034963109917886238,0.004497513838669207,0.006215860676325742,-47.51789944737901,145.29797074010466,506.18634872196367,6872.07573571649,0.0003894770790653385,52.97322199509098,3.019975760511155,188.44308975446424,104.26754576487366
15 Jul 2026 15:19:00.000000000,3259.6461652702073,-3536.503365642323,-4909.669731143021,6.698313481514275,2.4016155010528553,2.712704677056779,-0.003997495372436645,0.004331151591141301,0.006030054688993043,-45.66850801976695,149.87860218766343,505.6809100968717,6872.695577766523,0.0004277973928460303,52.97515601072808,3.0146886119101475,202.1538991664199,94.36903986117709
15 Jul 2026 15:20:00.000000000,3654.062748097793,-3384.716428629882,-4736.174302596315,6.44410015374137,2.656107336523855,3.068371931778071,-0.004481262747799356,0.004145701480730762,0.005817613210867093,-43.62779365312711,154.13662299965065,505.1247616922146,6873.380014042566,0.000472068244857948,52.97729360875979,3.0097425976013787,214.84203885317842,85.49296358116938
15 Jul 2026 15:21:00.000000000,4032.366964524489,-3218.004631992873,-4541.736460420635,6.161427152353983,2.8989281644498597,3.410528690708296,-0.0049454750300827474,0.0039419511101302105,0.005579435306538702,-41.420561061440196,158.08870945515176,504.52887812119894,6874.116964002684,0.0005212493824953974,52.97959684215212,3.00516850804156,226.51664907575332,77.6301520937822
15 Jul 2026 15:22:00.000000000,4392.887649889023,-3037.100674336953,-4327.212573927626,5.851529021243224,3.1290052130119785,3.73766010276167,-0.005388070007655813,0.0037207698527756124,0.005316534552246781,-39.06928428610308,161.75754142747743,503.9050801401843,6874.893415341881,0.0005739991002795098,52.98202484040964,3.0009905522415776,237.2459265622032,70.71238737062956
15 Jul 2026 15:23:00.000000000,4734.031373362538,-2842.800009464236,-4093.5480146212476,5.5157615648073355,3.3453202234058623,4.048315443401204,-0.00580707089668282,0.0034831062938679574,0.005030036279286846,-36.593955754224474,165.1688500320102,503.26582347049066,6875.6956529517365,0.0006287970769467131,52.98453453355936,2.9972259309205005,247.12884376298874,64.64067916121375
15 Jul 2026 15:24:00.000000000,5054.289554720441,-2635.95743488077,-3841.7731095555573,5.155596439098573,3.5469141163300093,4.341114724356609,-0.006200595943497421,0.0032299852298719013,0.004721174229815814,-34.01215170959549,168.3493242495522,502.62397485829786,6876.509500715699,0.0006840368080402324,52.9870814148255,2.9938845339971274,256.27340133170037,59.307012687568815
15 Jul 2026 15:25:00.000000000,5352.245239353261,-2417.483405951282,-3572.9987043308324,4.772615167141735,3.7328914645380022,4.614755084061477,-0.00656686800181566,0.00296250419095593,0.0043912865725969225,-31.339221987747703,171.3252481901175,501.99257916056064,6877.320571928512,0.0007380905797172528,52.98962032843589,2.9909687676983476,264.78348258869465,54.60749429829426
15 Jul 2026 15:26:00.000000000,5626.579497020116,-2188.3400882042424,-3288.4113500682797,4.368502582594167,3.902424741940641,4.868016919042698,-0.006904223992085913,0.0026818294577155345,0.00404181123446478,-28.58853874987604,174.12169739214042,501.38462149007137,6878.114523938715,0.0007893555142880703,52.99210626856658,2.9884735142968006,272.7524980676051,50.44870698057378
15 Jul 2026 15:27:00.000000000,5876.077410269098,-1949.5371621173194,-2989.268131180731,3.9450397119049203,4.054758318296308,5.099769714180694,-0.0072111241365967055,0.002389191553163064,0.0036742805151506216,-25.771762140757776,176.76213208662563,500.8127886354494,6878.877312498154,0.0008362882313335474,52.994495175246975,2.9863862250693627,280.26128900107216,46.749806873361536
15 Jul 2026 15:28:00.000000000,6099.633619268426,-1702.1273965942576,-2676.8911533425107,3.504096111840066,4.189212167722203,5.308977528238732,-0.007486160852360487,0.0020858802020444467,0.0032903149672163746,-22.89909839493214,179.2682559408545,500.28923408264393,6879.595441267558,0.0008774330510830552,52.99674471311772,2.984687144761246,287.37830253979473,43.44234798820947
15 Jul 2026 15:29:00.000000000,6296.257391025387,-1447.2020092686084,-2352.6617137108183,3.0476216864983767,4.30518525914923,5.4947040904468505,-0.0077280671807327915,0.001773238763073302,0.0028916165405217078,-19.97953788527466,-178.33995720522176,499.8253509943763,6880.256201976461,0.0009114464223105942,52.99881501925399,2.983349663425673,294.1607842553527,40.46908958885369
15 Jul 2026 15:30:00.000000000,6465.077182660463,-1185.8858336561757,-2018.0141780993931,2.5776380154892604,4.402158597515775,5.656117464316154,-0.007935724620289552,0.0014526581499140104,0.002479961003742316,-17.021068175760377,-176.04413647558363,499.43155744550563,6880.847900869821,0.0009371187879684595,53.00066940683226,2.9823407893600904,300.65629308048693,37.78248107844277
15 Jul 2026 15:31:00.000000000,6605.344670540237,-919.332315026704,-1674.4295923998839,2.0962292325780822,4.479697885945511,5.792494236299554,-0.008108170246139232,0.0011255702747042641,0.0020571896800073964,-14.03086160630152,-173.8273318565783,499.11709806083167,6881.360067294846,0.0009533942661380098,53.00227501221963,2.9816217346139107,306.9041927820926,35.34317030260348
15 Jul 2026 15:32:00.000000000,6716.438219672652,-648.7183585774228,-1323.4290580094437,1.6055325015221176,4.537455781414277,5.90322318942763,-0.008244602984437258,0.0007934410554789387,0.0016252005432753963,-11.015439378383288,-171.673805115569,498.88986595437984,6881.783640585052,0.0009593880977680977,53.00360337408307,2.9811486026326044,312.93696730783967,33.118687931796345
15 Jul 2026 15:33:00.000000000,6797.865770791531,-375.2390550640948,-966.5669033078769,1.1077281428155614,4.575173719422185,5.9878084255974375,-0.008344388939850676,0.0004577630460795082,0.0011859387464591,-7.9808153090594045,-169.56881051070542,498.756248527793,6882.111131782843,0.0009544016248401099,53.00463093433622,2.9808731657526177,318.78130350048804,31.08236443400133
15 Jul 2026 15:34:00.000000000,6849.267125982941,-100.10231039919805,-605.42368526289,0.6050294713591409,4.592683286907249,6.045871904719668,-0.00840706567277662,0.00012004775470651432,0.0007413866625739809,-4.9326229051058235,-167.4983744000249,498.7210002533372,6882.336757198338,0.0009379345055663838,53.00533945213932,2.980743718749757,324.4589240961283,29.21249672730897
15 Jul 2026 15:35:00.000000000,6870.415617478072,175.47659314701116,-241.5990569758792,0.09967241047224366,4.589907126965178,6.077155374330377,-0.008432345345566207,-0.00021818227162642633,0.0002935535361242121,-1.8762295157072582,-165.44907789692854,498.78714505355913,6882.456541323487,0.0009096938861573703,53.005716323718225,2.980705993243109,329.9871587647861,27.491776760389094
15 Jul 2026 15:36:00.000000000,6861.219148298146,450.2804756693658,123.29546162547885,-0.4060950480283248,4.5668593637750385,6.081521669411107,-0.008420116679056297,-0.0005554015126553602,-0.0001555351472837595,1.1831587425899721,-163.40784360790568,498.95591030509786,6882.468387194879,0.0008696002991074973,53.005754802444564,2.9807041167806925,335.37921837316645,25.907016847886563
15 Jul 2026 15:37:00.000000000,6821.720597717055,723.0957492564587,487.6437717431997,-0.9100234649020956,4.523645541333914,6.0589553688764175,-0.008370445676755251,-0.000890089601557046,-0.0006038484578909235,4.240397709369966,-161.36172562978382,499.22669385456567,6882.3721129153355,0.000817790130864883,53.005454115388346,2.9806815995929776,340.64407912476133,24.449265112754034
15 Jul 2026 15:38:00.000000000,6752.09758892608,992.7178892906895,849.8325035124545,-1.4098725812272652,4.460462075034197,6.009562802290847,-0.008283575100840492,-0.0012207394210569903,-0.0010493608643829522,7.290308068927641,-159.29770099041286,499.59706475563956,6882.16945368722,0.0007546145938288763,53.00481947438794,2.9805823316021045,345.78575318101406,23.114534439220982
15 Jul 2026 15:39:00.000000000,6652.661620762308,1257.9568582918905,1208.2583046936613,-1.9034218780494867,4.377595220617357,5.933571407672407,-0.008159922708479516,-0.0015458650775828293,-0.0014900630001510064,10.327576963717867,-157.20246036869065,500.06279773865265,6881.864029367952,0.0006806352613471122,53.003861981546606,2.980351572073042,350.8014171796573,21.90567352780521
15 Jul 2026 15:40:00.000000000,6523.856569811833,1517.642453614776,1561.3350715614306,-2.3884809943252647,4.2754195704523905,5.831328448517843,-0.008000078279636039,-0.0018640096650899887,-0.0019239722334069625,13.34665487098259,-155.06219614711063,500.617940726031,6881.461278212191,0.0005966164282475986,53.00259843092414,2.9799369144834387,355.6770761908614,20.836702519153878
15 Jul 2026 15:41:00.000000000,6366.256573536711,1770.6295510648238,1907.5010840028317,-2.862899932104707,4.154396092259843,5.7032991052397115,-0.007804799488835199,-0.0021737527348797865,-0.002349142926381636,16.34164420218236,-152.86238668030427,501.2549140293896,6880.968358103409,0.0005035150186227857,53.001051010019964,2.9792892096012027,0.3770845360361903,19.94329176917268
15 Jul 2026 15:42:00.000000000,6180.5633092192475,2015.8032175587537,2245.2260079395287,-3.3245789817645766,4.015069730185566,5.550063962839738,-0.007575006697505236,-0.002473717396054023,-0.002763676277853918,19.30617597723938,-150.58757728912002,501.9646392255792,6880.3940171844,0.0004024702008294844,52.99924690640115,2.9783634305980264,4.8155293936724695,19.311377858005148
15 Jul 2026 15:43:00.000000000,5967.602687397228,2252.0836672756454,2573.0177296750526,-3.771478305149629,3.8580665923959927,5.372315922672901,-0.007311776759188397,-0.0027625769803222844,-0.0031657296544236784,22.233270847824436,-148.22116125248442,502.73669512642095,6879.748436358352,0.0002948011354169715,52.99721782649063,2.977119464989197,8.759895697958402,19.17349833367506
15 Jul 2026 15:44:00.000000000,5728.320982009913,2478.4310373153835,2889.428988589703,-4.201627120546238,3.684090753000209,5.170856571423437,-0.007016335946731175,-0.0030390612167742834,-0.0035535253302782783,25.115180801958964,-145.74516850665006,503.5594977451584,6879.043046639086,0.00018206342662472252,52.99499943506414,2.9755228195525074,11.363088538643373,20.376768987915707
15 Jul 2026 15:45:00.000000000,5463.780422635912,2693.849960638776,3193.06377671759,-4.613132440283068,3.493920699020921,4.946592044784484,-0.006690052120066852,-0.003301961873704862,-0.00392535856991047,27.943208257563974,-143.14007665262034,504.4205007327681,6878.290324769319,6.692561831301933e-05,52.99263072538564,2.9735452258880284,5.7867450178093565,29.759571713890562
15 Jul 2026 15:46:00.000000000,5175.1542769365315,2897.393915979326,3482.5834760834437,-5.004187319206289,3.288405455269016,4.70052842671116,-0.006334426266549043,-0.003550137840805208,-0.00427960500871771,30.70750024368755,-140.3846692649335,505.3064124172009,6877.503570893181,5.7943359638658606e-05,52.99015333111612,2.971165136082255,225.92355646626595,173.42923204769681
15 Jul 2026 15:47:00.000000000,4863.721453693608,3088.169336430941,3756.7127071979503,-5.373078580064131,3.068460421296696,4.4337667274356125,-0.005951083537738125,-0.0037825196333689075,-0.00461472729802238,33.396817446568676,-137.45598165738934,506.20342533299186,6876.696672357085,0.00017528775408038127,52.987610792136074,2.968368099848373,217.88109240065745,185.27819501639766
15 Jul 2026 15:48:00.000000000,4530.860658640892,3265.339460483579,4014.244864735633,-5.718193989697431,2.835062955108967,4.147497484675821,-0.005541763920150095,-0.003998113320076255,-0.0049292810066234516,35.99828177222788,-134.3293954484483,507.0974539774613,6875.883857918771,0.00029312067487339,52.985047787216686,2.9651470166010783,220.13095570232582,186.83486981446785
15 Jul 2026 15:49:00.000000000,4178.044136627465,3428.1279113580395,4254.047319093308,-6.038028867627916,2.589247738022628,3.8429950326492657,-0.0051083126617655,-0.00419600388421389,-0.005221919783090081,38.497112741892394,-130.97897107972537,507.9743764713355,6875.0794467658625,0.0004082469801995613,52.982509347038985,2.9615022581661394,223.79835745616748,186.9740548724162
15 Jul 2026 15:50:00.000000000,3806.8310345428595,3575.8219925217736,4475.06626518773,-6.331192115917316,2.3321019540430616,3.5216114826708056,-0.004652670570838936,-0.004375358040866331,-0.0054913998002596555,40.87637373647346,-127.37814042292396,508.8202758301226,6874.297596785386,0.0005188232451172203,52.98004006139035,2.957441660027751,227.91680244511878,186.66225232303748
15 Jul 2026 15:51:00.000000000,3418.860419904564,3707.7756892244124,4676.331202431554,-6.596411665820304,2.06476031544879,3.184770457370251,-0.004176864292392787,-0.004535426543612917,-0.005736583518920456,43.11676508623979,-123.50091367889782,509.62167666082746,6873.552056484598,0.000623176341359862,52.977683294453826,2.9529803813867512,232.22781446372377,186.15794270191452
15 Jul 2026 15:52:00.000000000,3015.843990103729,3823.4123677236166,4856.95903228603,-6.832539342584214,1.7883999640502812,2.8339606180235175,-0.0036829966514962194,-0.0046755460218514296,-0.005956442818975533,45.196522799530115,-119.32377123341873,510.36577327750365,6872.855924847779,0.0007197404128875939,52.975480421952604,2.948140636546809,236.63402874177214,185.5584925903186
15 Jul 2026 15:53:00.000000000,2599.5585070750067,3922.2271655619293,5016.1577620744665,-7.0385551546056915,1.5042352749311065,2.470729021308634,-0.003173237134613034,-0.004795140395234782,-0.006150061554773059,47.09150770168788,-114.8283842213452,511.0406454685588,6872.221423227038,0.0008070651003410406,52.973470103514444,2.9429513024326677,241.09120939906353,184.9081372776236
15 Jul 2026 15:54:00.000000000,2171.8379916598255,4003.7890677727805,5153.2298058254955,-7.21357101692736,1.2135125865311258,2.09667433813473,-0.0026498125628053085,-0.004893721916214213,-0.006316637598754939,48.77559371866701,-110.005195244021,511.6354584388485,6871.659683115344,0.0008838346107236677,52.97168760299737,2.9374474091485254,245.5767507609318,184.22947961094908
15 Jul 2026 15:55:00.000000000,1734.5657112971442,4067.7426652256645,5267.574874750144,-7.356833921658238,0.9175048778609031,1.7134399633008783,-0.0021149979916087734,-0.004970891894871837,-0.006455484443032009,50.2214725772623,-104.85764736872241,512.1406437797364,6871.180553342741,0.0009488878940441378,52.97016416866829,2.9316695226103837,250.0781354160604,183.535032146496
15 Jul 2026 15:56:00.000000000,1289.6659937056054,4113.809592496111,5358.692451618153,-7.467728569413749,0.6175064104314198,1.3227070405641905,-0.0015711078486598355,-0.005026341151883835,-0.006566032419330154,51.401964162655695,-99.40646031846666,512.5480586822866,6870.792429880139,0.0010012373524467884,52.968926484073236,2.925663030074725,254.58799857491468,182.8321530409232
15 Jul 2026 15:57:00.000000000,839.0958986425355,4141.789643565159,5426.183844577746,-7.545779476070428,0.3148273497074962,0.9261874240188754,-0.001020487309129839,-0.005059850253320813,-0.00664782960881686,52.29183462694307,-93.69289406631394,512.8511209929554,6870.502111035885,0.0010400850863638447,52.96799619919879,2.9194773411425734,259.1017568135201,182.12541759143105
15 Jul 2026 15:58:00.000000000,384.83677866974114,4151.561564507597,5469.753817196551,-7.5906525685028505,0.010788377996404298,0.52561659277241,-0.0004655038850301256,-0.00507128956450825,-0.0067005424932253125,52.86997160026178,-87.7796328566684,513.0449181126114,6870.314680395821,0.0010648361590230805,52.96738955011549,2.913165018234733,263.6163485763727,181.41787804626966
15 Jul 2026 15:59:00.000000000,-71.11424072769532,4143.0835229402355,5489.21179236455,-7.60215628119715,-0.293284691493944,0.12274653288452207,9.146080557804184e-05,-0.005060619159621757,-0.006723956398551425,53.12158129616887,-81.7480921176727,513.1262881511868,6870.233419394469,0.0010751085570287042,52.96711707374865,2.9067808518157756,268.1294904030293,180.71180771434808
15 Jul 2026 16:00:00.000000000,-526.752832042037,4116.393254540235,5484.472628473001,-7.580242163190876,-0.5960662915500486,-0.2806614021215291,0.000648019136573721,-0.0050278886120325335,-0.006717975767989597,53.03993942111695,-75.69181295237885,513.0938721689536,6870.259750919948,0.0010707396372170905,52.96718342275795,2.9003808965576705,272.63917232692194,180.0092059188522
15 Jul 2026 16:01:00.000000000,-980.0760585083495,4071.607887375758,5455.5569668915205,-7.525005001717845,-0.8962364621671585,-0.6828436427338087,0.0012017854939661554,-0.004973236681483696,-0.0066826242893392165,52.627245712492126,-69.70697182398544,512.9481367578869,6870.393214854589,0.0010517889349927249,52.96758728376054,2.894021485333617,277.1432421464184,179.3122140879117
15 Jul 2026 16:02:00.000000000,-1429.0909598631738,4008.9234451693105,5402.5911502863455,-7.436682465492201,-1.1924861900769441,-1.0820415585462075,0.00175038427749441,-0.004896890902290325,-0.006618044886534199,51.89434025952596,-63.88222867995712,512.6913666410136,6870.631475942245,0.001018537285837099,52.96832140032695,2.8877582383126725,281.6389722855565,178.62354925778612
15 Jul 2026 16:03:00.000000000,-1871.8231022978846,3928.6140309729753,5325.806711803596,-7.315654266972285,-1.4835227205726278,-1.4765086088336936,0.0022914579434422833,-0.0047991670677628865,-0.006524499572912537,50.85936343127256,-58.2904297146333,512.3276273930575,6870.9703638582505,0.0009714822875541601,52.96937270035177,2.8816450845289676,286.1224991494852,177.94706507641058
15 Jul 2026 16:04:00.000000000,-2306.3250636601374,3831.030693114097,5225.539435633168,-7.162440839438088,-1.7680748349589428,-1.8645174798355977,0.0028226751451694908,-0.004680468594661062,-0.0064023691483942454,49.545724990994046,-52.98387672508354,511.8626988105127,6871.403944844161,0.0009113302122894506,52.97072252557861,2.8757333130442837,290.58797222209984,177.28860305280463
15 Jul 2026 16:05:00.000000000,-2730.6848245693755,3716.5999757159816,5102.227990038186,-6.97770152154489,-2.044898085677055,-2.2443671984696545,0.003341739020319124,-0.004541285741104578,-0.006252152708363732,47.9798650191418,-47.99349504228964,511.3039798834254,6871.924623762576,0.0008389845752180704,52.97234695927456,2.870070670375008,295.0261123625211,176.65743458853507
15 Jul 2026 16:06:00.000000000,-3143.034035699466,3585.8221566018174,4956.41213457784,-6.762232239325096,-2.3127799794168253,-2.6143902100738305,0.003846395663133369,-0.004382194644284935,-0.00607446692183344,46.1892228634476,-43.33105620460795,510.6603667418916,6872.52327493295,0.0007555317081253127,52.974217246336,2.864700519955545,299.4215451499025,176.06892793601014
15 Jul 2026 16:07:00.000000000,-3541.5561306294326,3439.2691760800635,4788.730504124164,-6.51696267375996,-2.5705450961484355,-2.9729594047000396,0.004334442806419488,-0.004203856136492982,-0.005870045025193657,44.200659336213924,-38.99309559931932,509.94210536671875,6873.189399633953,0.000662223949373561,52.97630029848884,2.859661078441226,303.7474183168742,175.54993103633967
15 Jul 2026 16:08:00.000000000,-3924.4942530738485,3277.582260873467,4599.917973261038,-6.242952900977402,-2.8170601294833815,-3.318495073200923,0.004803738722514112,-0.004007014294351787,-0.005639735471863158,42.03940085372652,-34.9652697483582,509.16062126064094,6873.911307706943,0.0005604617056216932,52.978559275758165,2.8549847422386687,307.9533569403405,175.15081656315738
15 Jul 2026 16:09:00.000000000,-4290.158966431092,3101.4692484319294,4390.802605917916,-5.941389492179429,-3.0512388308627334,-3.649471770454504,0.005252211331159288,-0.0037924946698769443,-0.005384500168673261,39.728452363019514,-31.226316147851065,508.32832867112336,6874.676320276934,0.00045177766603042693,52.980954234043224,2.8506975161397916,311.9346039930569,174.9763415639719
15 Jul 2026 16:10:00.000000000,-4636.935712852607,2911.701618008381,4162.302196573394,-5.613581061543932,-3.2720468371176668,-3.9644250590729553,0.005677867489287857,-0.0035612021578243216,-0.005105412236565002,37.28837001091919,-27.751221264367597,507.45842233031135,6875.470990226572,0.00033783473118019687,52.98344282747136,2.846818554078751,315.43607598750316,175.2815919634451
15 Jul 2026 16:11:00.000000000,-4963.291988401401,2709.111236181292,3915.4204110909623,-5.260953252641778,-3.4785063580491347,-4.261958102915724,0.0060788024101362395,-0.0033141184480260395,-0.004803653223928324,34.73727735574046,-24.51352242457102,506.56465502570256,6876.281336725173,0.00022049759208131624,52.985981053237886,2.84335982018389,317.6457621520473,176.87858348538367
15 Jul 2026 16:12:00.000000000,-5267.7842003873,2494.586825996585,3651.242537220219,-4.885043157377461,-3.6697006979371336,-4.540748075873969,0.006453209148250438,-0.003052299022862502,-0.004480509715528844,32.091027204407176,-21.48684367287334,505.66110462750464,6877.09308983347,0.00010258962935124746,52.98852402588567,2.8403258761218493,313.9923821683732,184.33860396208303
15 Jul 2026 16:13:00.000000000,-5549.0641727455095,2269.070170534396,3370.930856983048,-4.487493166019061,-3.8447785825022827,-4.799552347921531,0.006799388061814815,-0.002776869661105361,-0.004137369279749265,29.363437278360717,-18.645830276783563,504.7619344654479,6877.891940984456,3.4846339430609574e-05,52.991026767450066,2.8377137985545255,206.43200196132386,295.70559753845015
15 Jul 2026 16:14:00.000000000,-5805.885265399379,2033.5520634791312,3075.719655547638,-4.0700442524528295,-4.002958260903776,-5.037214407501996,0.0071157561566832506,-0.0024890224230891093,-0.003775715714924582,26.56655227099516,-15.966647841756116,503.8811511596915,6878.663794987202,0.00014287851242237519,52.993444999603724,2.8355132282147313,170.2030363380216,335.7411619735375
15 Jul 2026 16:15:00.000000000,-6037.108073998548,1789.0680211259694,2766.909883722283,-3.6345287052058963,-4.143531351012456,-5.2526694771205005,0.007400856193690036,-0.00219001109740803,-0.0033971235609883336,23.710903836616335,-13.427185340944648,503.0323641561244,6879.395019120066,0.0002574219579344327,52.995735923886386,2.83370654989238,170.0706298971022,339.68016761916
15 Jul 2026 16:16:00.000000000,-6241.705677266586,1536.6937721943593,2445.863493838422,-3.1828623218818843,-4.265866395505301,-5.444949777657776,0.007653365439284574,-0.0018811461055465914,-0.0030032518642255277,20.805753314108745,-11.007067656207887,502.22855128715315,6880.072684877525,0.0003680686684740404,52.99785897629701,2.8322692002311944,173.09682456982466,340.4605897152889
15 Jul 2026 16:17:00.000000000,-6418.768400483813,1277.540543763956,2113.997471479995,-2.717036092209915,-4.369412096395437,-5.613189396539032,0.00787210393222139,-0.0015637888722333957,-0.0025958371975915253,17.859310549987583,-8.687552377548009,501.4818346659171,6880.684798013832,0.00047279866100216465,52.99977654295987,2.8311700980392764,177.06633692741377,340.29773087023403
15 Jul 2026 16:18:00.000000000,-6567.508065385549,1012.7501635680402,1772.7775881838418,-2.2391074026832367,-4.453700196468814,-5.756628715550508,0.008056042131929645,-0.0012393456814258018,-0.0021766859546975136,14.878927343471284,-6.451361026355886,500.8032711188755,6881.22051268983,0.0005701293952337121,53.00145462424246,2.830372189624516,181.4675809236759,339.703198059922
15 Jul 2026 16:19:00.000000000,-6687.261698969961,743.4900007232802,1423.7119028415166,-1.751190803526476,-4.518347977765634,-5.874618355825754,0.008204307825153747,-0.0009092610538076835,-0.0017476659575982726,11.871266926778471,-4.282476763951431,500.2026611641933,6881.670325774648,0.0006588047574587022,53.00286343559219,2.8298330997032344,186.12324636801867,338.8543238552482
15 Jul 2026 16:20:00.000000000,-6777.494676385205,470.9477687018587,1068.344041985943,-1.2554483862075505,-4.563060349706035,-5.966622600338126,0.008316192168742992,-0.0005750106928401472,-0.0013106974331712827,8.842452368293223,-2.165927983366685,499.6883802512513,6882.02624768237,0.000737758749686494,53.00397793445623,2.829505876472293,190.9589876309545,337.8254773803938
15 Jul 2026 16:21:00.000000000,-6837.8032761698905,196.32621589928982,708.2462914093943,-0.7540798266635348,-4.587631502680888,-6.032222258077958,0.008391154755867991,-0.0002380940587526628,-0.0008677434301105076,5.798197429695609,-0.08756864925578033,499.26723559142346,6882.281946527083,0.000806117189414939,53.004778263933545,2.8293398178462454,195.9413449419111,336.65014264789164
15 Jul 2026 16:22:00.000000000,-6867.916629619175,-79.16226950168824,345.01253355307375,-0.24931215560199768,-4.591946106830363,-6.071116938895814,0.008428827613646649,9.997335842525692e-05,-0.0004207997651082233,2.743923599515511,1.966139326467145,498.944351438845,6882.432862854999,0.000863206032550593,53.00525010526155,2.829281364317308,201.05629482536943,335.34236773067994
15 Jul 2026 16:23:00.000000000,-6867.698049887433,-354.3011125954905,-19.748933201080984,0.2566106775460659,-4.575980040228049,-6.083126713634101,0.008429018054836134,0.00043766798813035557,2.811540193894496e-05,-0.31513299987748516,4.008339922742313,498.72308513136414,6882.476292747805,0.0009085593893471267,53.0053849328344,2.8292750428374007,206.30059105128666,333.90542340188324
15 Jul 2026 16:24:00.000000000,-6837.145730554229,-627.8750341533306,-384.4226558837008,0.7614383763738086,-4.539800635647843,-6.068193140508643,0.008391710321385847,0.0007734662647835706,0.00047697225340982273,-3.3738212369608087,6.051993463620579,498.6049755893423,6882.4114376780135,0.0009419251696215946,53.005180167158734,2.8292644450472797,211.67794443105927,332.3356229181967
15 Jul 2026 16:25:00.000000000,-6776.392807700675,-898.6755332820115,-747.3933305456701,1.262924931527032,-4.48356644038843,-6.026379645563444,0.00831706599204099,0.0011058527592318831,0.0009237401417943919,-6.426977631060213,8.110085295825547,498.58972530942594,6882.239420121542,0.0009632676247275065,53.004639222947525,2.8291932226752854,217.1973162037191,330.6240282095236
15 Jul 2026 16:26:00.000000000,-6685.706783989293,-1165.5063410836337,-1107.0531092160275,1.7588392421986883,-4.407526489109547,-5.9578712522180055,0.008205423136700642,0.0014333282640877252,0.0013663984386305546,-9.46932860407898,10.195834812979855,498.6752161998918,6881.96326458211,0.0009727665314404402,53.0037714513988,2.829006082495016,222.87226684870922,328.7571006460038
15 Jul 2026 16:27:00.000000000,-6565.488317726258,-1427.1888162294695,-1461.8088712221754,2.2469756503259886,-4.312019095140755,-5.862973662252479,0.008057294235580074,0.0017544177421538161,0.0018029472825741317,-12.495388869939354,12.322906892183624,498.85755890281075,6881.587844339703,0.0009708129911425413,53.00259197757583,2.8286497633165046,228.72091692895273,326.7167397861865
15 Jul 2026 16:28:00.000000000,-6416.269384327771,-1682.5672538393937,-1810.08942023811,2.725164314198548,-4.197470171100608,-5.742111697823196,0.007873362894358313,0.0020676780495291125,0.002231418107031199,-15.499352436063331,14.505627162560804,499.1311745569302,6881.11979488941,0.0009580019631062101,53.0011214356601,2.8280739776844412,234.76633222094534,324.47989785696683
15 Jul 2026 16:29:00.000000000,-6238.710821927114,-1930.5140798668226,-2150.35256919757,3.191281351041003,-4.0643910947574735,-5.5958271210667965,0.007654479421492857,0.0023717053531939255,0.0026498838361881795,-18.474972580193672,16.759201144773147,499.4889072924681,6880.567395668898,0.0009351217658197048,52.99938560666034,2.827232301628042,241.03726410649315,322.01783899769464
15 Jul 2026 16:30:00.000000000,-6033.599276967169,-2169.9349042818103,-2481.092076392047,3.643258682269228,-3.9133761407332415,-5.424775854337617,0.007401655337452603,0.002665142167674536,0.003056468644480338,-21.415427064714315,19.099934888013983,499.9221651338938,6879.940422271623,0.0009031408827461887,52.99741496489524,2.8260829966259613,247.56923683842703,319.2950516628137
15 Jul 2026 16:31:00.000000000,-5801.843569448053,-2399.773407718804,-2800.8443976188364,4.079093520392996,-3.7450995027634404,-5.229724629956744,0.00711605691990315,0.0029466839490336306,0.0034493571902041876,-24.313164850449052,21.545450801943485,500.4210864348816,6879.249971892998,0.0008631925009088874,52.99524414119133,2.824589749240185,254.4060039905375,316.26779187893203
15 Jul 2026 16:32:00.000000000,-5544.470500990702,-2619.016037832126,-3108.19522111688,4.496857442746484,-3.560311934694342,-5.011547103382145,0.006798997892853244,0.003215085194305855,0.003826803246920932,-27.159730831155834,24.11488621835902,500.97472849452026,6878.508265248338,0.0008165572828240664,52.99291131222731,2.8227223151962084,261.60140227819136,312.8822291753513
15 Jul 2026 16:33:00.000000000,-5262.620131963862,-2826.69649339245,-3401.7857541861745,4.894705004199153,-3.359837041117133,-4.77121946780867,0.006451931378131167,0.003469165006388817,0.004187137671204717,-29.94556589240833,26.829052834858544,501.5712746150219,6877.728428623512,0.0007646448953228136,52.99045752677724,2.8204570564233675,269.22159973721944,309.0721982052996
15 Jul 2026 16:34:00.000000000,-4957.540556586274,-3021.8999760727447,-3680.3187327498863,5.270881848447395,-3.1445672504760607,-4.509815611302853,0.00607644124097689,0.0037078121007970122,0.004528775666266318,-32.65978132624268,29.710521351660237,502.19825556534977,6876.924260064663,0.0007089747246634421,52.98792598074122,2.8177773614779453,277.34763184185795,304.75666248101004
15 Jul 2026 16:35:00.000000000,-4630.5822071199755,-3203.767191881181,-3942.5641276544998,5.6237322851986615,-2.915459504614748,-4.228501859604963,0.005674232954875379,0.003929989240819127,0.004850223314821494,-35.28990995138098,32.783575990239186,502.842781214968,6876.109983977226,0.000651155849753627,52.98536125377471,2.8146739417557107,286.07787110972595,299.8372446777777
15 Jul 2026 16:36:00.000000000,-4283.191720012172,-3371.4980862583416,-4187.3645241227405,5.951706308259179,-2.673530699043032,-3.928531348698417,0.005247124114964553,0.0041347371034952144,0.005150083375381196,-37.821642124049795,36.07395727680669,503.49177799645685,6875.29999858247,0.0005928654322843944,52.98280852102779,2.811144998183048,295.529553995241,294.19669970770093
15 Jul 2026 16:37:00.000000000,-3916.905398127864,-3524.355298903255,-4413.640153432518,6.2533660369825546,-2.419852907766649,-3.611238071172569,0.004797034718305117,0.004321177588430067,0.005427060349785274,-40.23856438323617,39.608279166199544,504.1322278417468,6874.508620771955,0.0005358226959473995,52.98031275396156,2.807196255307905,305.8375075965705,287.7001880391683
15 Jul 2026 16:38:00.000000000,-3533.3423040656653,-3661.6673263978523,-4620.39355851787,6.527391570493156,-2.1555484253780772,-3.2780306393720453,0.00432597732519915,0.004488516596545193,0.005679964850087407,-42.52193306935538,43.4129727860261,504.75140430749406,6873.749832907365,0.0004817518847055125,52.977917924419955,2.802840862118744,317.14664613862703,280.20277929968216
15 Jul 2026 16:39:00.000000000,-3134.1970199961897,-3782.831382612214,-4806.71387773186,6.772586250362215,-1.8817846573601424,-2.9303858064259307,0.003836047194553613,0.0046360463092030325,0.005907717298869795,-44.650535745423554,47.512585818312665,505.33710175275803,6873.037036037815,0.0004323216485232154,52.97566622608968,2.798099161225916,329.5930234172256,271.5683999760266
15 Jul 2026 16:40:00.000000000,-2721.2321095535367,-3887.315948671778,-4971.780733414989,6.987881332806782,-1.599768887300399,-2.5698417836346676,0.0033294124784498834,0.004763147011152178,0.006109351015008103,-46.60071878753867,51.92727796842129,505.8778536471463,6872.382813853498,0.00038904229657183115,52.973597327186134,2.792998330478185,343.2682384600242,261.70542795423853
15 Jul 2026 16:41:00.000000000,-2296.270317109648,-3974.6630059087975,-5114.867714145454,7.172340075865321,-1.310742947110065,-2.1979913895122327,0.002808304538393509,0.0048692885022929575,0.00628401474055,-48.34668536036206,56.66943817469351,506.36313635987256,6871.798711469695,0.0003531051779598707,52.9717476676569,2.787571903273226,358.1685949887035,250.61753331203792
15 Jul 2026 16:42:00.000000000,-1861.186539320893,-4044.489946705616,-5235.345441574046,7.325161250295373,-1.0159778134970066,-1.8164750622239856,0.0022750084285106313,0.004954031146323048,0.006430974669655652,-49.861182743359095,61.73955579975131,506.7835550993928,6871.295032844,0.0003251776880720572,52.970149813412,2.7818591760452174,14.14825236056932,238.45052768168696
15 Jul 2026 16:43:00.000000000,-1417.8996032012788,-4096.491159446533,-5332.684214557805,7.4456820850990955,-0.7167681510038731,-1.4269737633848785,0.0017318535720153088,0.005017026604733853,0.0065496160425024446,-51.11668202914617,67.1218348354883,507.1310090302695,6870.880660280202,0.00030523159554806024,52.96883187908138,2.7759045133945985,30.915908419308153,225.49568174909695
15 Jul 2026 16:44:00.000000000,-968.363884374912,-4130.439284913954,-5406.456224854235,7.533380659572973,-0.4144268191302828,-1.031201797530707,0.0011812046397476812,0.0050580183050245465,0.0066394443686826265,-52.087082798188035,72.78050143816175,507.3988329792671,6870.562899072639,0.00029253724514131046,52.96781702958504,2.7697565631911685,48.10517250089517,212.11935263703324
15 Jul 2026 16:45:00.000000000,-514.5607982348197,-4146.186142457139,-5456.337340037621,7.587877753789917,-0.11027935827221454,-0.6308995678559439,0.0006254526190087911,0.005076841680037379,0.006700086330197719,-52.749837129710784,78.65813775989177,507.5819135497988,6870.347349901166,0.0002859089660331551,52.96712306940019,2.76346739556724,65.39191953107529,198.64563023083048
15 Jul 2026 16:46:00.000000000,-58.49019624287883,-4143.663325044022,-5482.108450383491,7.608938168329932,0.1943415329782026,-0.2278262858149364,6.7006050603212e-05,0.005073424218461514,0.006731290418917288,-53.088202493242875,84.67736350691415,507.67677788488606,6870.237811107754,0.0002841298150311397,52.96676212684882,2.757091581083441,82.58177932570366,185.26884832775355
15 Jul 2026 16:47:00.000000000,397.83830114121696,-4122.882463016005,-5483.656377465923,7.596471522277724,0.4981015186180438,0.17624735058782837,-0.0004917176039168107,0.005047785352414146,0.006732927345623328,-53.093174266702185,90.74650154147439,507.6816537508858,6870.236212479398,0.000286365347132933,52.96674043903578,2.750685224451108,99.61436506897856,172.04935662808694
15 Jul 2026 16:48:00.000000000,852.4140038521764,-4083.93515694444,-5460.974343014205,7.5505325359953765,0.7996701348977467,0.5795464969573286,-0.0010483005105134417,0.005000036198549805,0.0067049902456117185,-52.76461873953791,96.76856726229671,507.596500051687,6870.342581633591,0.0002924052009849802,52.96705824127284,2.7443049709943392,116.49669179536046,158.98010273456805
15 Jul 2026 16:49:00.000000000,1303.2338531894882,-4026.992580511348,-5414.161997291548,7.471320802249768,1.0977262804461778,0.9802995095039162,-0.0016003329775378641,0.0049303791637699814,0.0066475946989092505,-52.11129047095095,102.65158515996225,507.42300732454436,6870.555043561475,0.0003026748739426104,52.96770976295963,2.738007003501735,133.214403153655,146.0754058738614
15 Jul 2026 16:50:00.000000000,1748.3110937577464,-3952.3047548300347,-5343.425006921021,7.3591800461316,1.390963678626538,1.3767452877099604,-0.002145421990052732,0.004839107410304075,0.006560978561564209,-51.149728966938255,108.31765149593463,507.1645682115975,6870.8698533350025,0.0003180375544226495,52.968683329992686,2.731846047321195,149.66732568913332,133.43540309637913
15 Jul 2026 16:51:00.000000000,2185.6838856892045,-3860.1994961232785,-5249.0742027443,7.21459687108277,1.6780963034414464,1.7671406011045196,-0.002681199814684036,0.0047266041706227275,0.0064455015984671545,-49.90234320445674,113.70871492348293,506.82621834393683,6871.281461436472,0.00033945602190840534,52.969961571873135,2.7258744013666294,165.65980052451144,121.25571806581382
15 Jul 2026 16:52:00.000000000,2613.423826201709,-3751.0810392252947,-5131.52428901185,7.038198985487882,1.9578637592688566,2.1497673873738488,-0.003205332717721438,0.004593341885916689,0.006301644885381532,-48.395161183403495,118.78837193014066,506.41454851659466,6871.782610626726,0.0003676324265354501,52.97152172981533,2.7201410122752616,180.94944564538335,109.7786992251218
15 Jul 2026 16:53:00.000000000,3029.644349186838,-3625.428339982484,-4991.29211599334,6.830752901873143,2.2290366031685864,2.522940007131152,-0.0037155298333349258,0.004439881143029619,0.006130009948889778,-46.655696987852224,123.54028225797636,505.9375894702602,6872.364462740604,0.00040275718807216814,52.9733360603585,2.714690608160302,195.32313537437145,99.21744074791019
15 Jul 2026 16:54:00.000000000,3432.508970798752,-3483.7930604101048,-4828.994519098829,6.593161099127163,2.4904215963404384,2.8850124378876734,-0.0042095522015383365,0.004266869367964169,0.00593131758959865,-44.71123135791444,127.96451597678222,505.40467102746504,6873.016753290594,0.00044443630901883904,52.97537232728107,2.7095629073440195,208.65386178529025,89.6989215160036
15 Jul 2026 16:55:00.000000000,3820.239348672252,-3326.79724126181,-4645.345728654962,6.326458637193744,2.7408668690951905,3.234385386865805,-0.004685221982099959,0.004075039234765079,0.005706406334016829,-42.587616432763994,132.0731722185941,504.82625775237534,6873.727971280779,0.0004917678889153049,52.977594373047715,2.7047919160886504,220.91405859177715,81.25068158390086
15 Jul 2026 16:56:00.000000000,4191.12312148734,-3155.1306677554217,-4441.154355887899,6.031809213930651,2.979266980886992,3.569513298520467,-0.0051404318349509434,0.003865206746374454,0.0054562304565409295,-40.30857516608258,135.8862336336069,504.2137637103572,6874.485561188697,0.000543485317074081,52.97996275960384,2.7004053277936935,232.15448412368733,73.8219395102996
15 Jul 2026 16:57:00.000000000,4543.52149514605,-2969.5479353474807,-4217.319962185472,5.7105006549907245,3.2045678543043015,3.8889112290335115,-0.0055731544349886565,0.0036382689388424335,0.005181857504865366,-37.89539357860627,139.42815825740894,503.57934928951323,6875.276143672421,0.0005980980472143956,52.98243546710571,2.696424034271779,242.4714847181498,67.31632922542404
15 Jul 2026 16:58:00.000000000,4875.876541278458,-2770.8652238140257,-3974.829220517709,5.363939829955862,3.4157715591705196,4.191161556239203,-0.0059814520737033255,0.0033952011664613773,0.004884465269303323,-35.366886796278955,142.72534940096412,502.93570340368956,6876.085751209461,0.0006540002399721493,52.98496863814783,2.692861757721263,251.97893743125599,61.619957524184166
15 Jul 2026 16:59:00.000000000,5186.718173493259,-2559.9567893990184,-3714.751679905178,4.9936469914238675,3.6119409203853756,4.474920489870956,-0.0063634862800039755,0.003137053927508717,0.004565338138299595,-32.73953398550605,145.80443335504853,502.295814716709,6876.900074582213,0.000709546066755287,52.98751735425136,2.6897248098650306,260.7901628816643,56.619491370944246
15 Jul 2026 17:00:00.000000000,5474.67076671246,-2337.7511864462926,-3438.2351460492305,4.601249538302942,3.792203920927029,4.738924343802454,-0.006717527376461243,0.0028649491976259762,0.004225862791254348,-30.027703021475542,148.69118659206714,501.67273580108207,6877.704715898389,0.0007631010426124041,52.990036430813724,2.68701198245959,269.00862066732293,52.21146257267751
15 Jul 2026 17:01:00.000000000,5738.459385169501,-2105.227231702564,-3146.5006936336504,4.188475210089661,3.9557578696814053,4.981995529297554,-0.0070419638691158574,0.002580076245114697,0.003867523188372953,-27.243911366663035,151.4099411667988,501.0793443607168,6878.485443679256,0.0008130789345072347,52.99248121640469,2.6847145710159164,276.72438843057546,48.305788744277805
15 Jul 2026 17:02:00.000000000,5976.915585245492,-1863.409726341155,-2840.8373283468914,3.757144725263793,4.101873302580883,5.203048226329466,-0.007335311563088005,0.0022836869157006065,0.0034918948347052135,-24.39909030117442,153.98331967202213,500.52810579691305,6879.22844547262,0.0008579707786487365,52.994808382231795,2.6828165312286734,284.01382185153494,44.826113286146274
15 Jul 2026 17:03:00.000000000,6188.982760324976,-1613.3649526682832,-2522.596319294293,3.3091638839286523,4.22989758501711,5.401093688935147,-0.007596222278933916,0.0019770903823074937,0.0031006383050813193,-21.502834408211424,156.43218481001094,500.03084146968524,6879.920573451108,0.0008963696508563865,52.99697668778779,2.6812947652215207,290.9406918076741,41.70866813718672
15 Jul 2026 17:04:00.000000000,6373.72099629096,-1356.1959643936943,-2193.185225131243,2.8465151622602494,4.339258183714424,5.575245140427092,-0.007823492045393454,0.001661647371067321,0.0026954920376481614,-18.56362790717204,158.7757210836588,499.59850699489067,6880.549578546958,0.0009269928872352718,52.99894770913288,2.6801195324614313,297.55784062291593,38.90061738195286
15 Jul 2026 17:05:00.000000000,6530.311408173569,-1093.037691237656,-1854.0616398772638,2.371248833958472,4.429465577251469,5.724722215177733,-0.00801606864074892,0.0013387638868721317,0.0022782644195724782,-15.589045353648546,161.03159261595266,499.24098481503967,6881.104328850305,0.0009487023378455118,53.00068651694342,2.6792549779246007,303.9088769325966,36.35836218858622
15 Jul 2026 17:06:00.000000000,6658.059930820113,-825.0518804407092,-1506.7266869131988,1.8854736614644987,4.500115776225515,5.848854905647217,-0.008173058360674406,0.0010098844756291387,0.0018508252072080937,-12.58592760354942,163.21614091782172,498.9668950841677,6881.575008258647,0.000960522666635739,53.0021622923665,2.678659768096311,310.02969605338495,34.0460201923491
15 Jul 2026 17:07:00.000000000,6756.40053925131,-553.4218994166395,-1152.7182920482558,1.3913472069753077,4.550892426638532,5.94708697634361,-0.008293731889316348,0.0006764850716720027,0.0014150963378833945,-9.560535702743824,165.3446004177917,498.7834286142577,6881.953291708628,0.0009616574558153206,53.003348869838455,2.678287823417972,315.94974760806156,31.934157579593915
15 Jul 2026 17:08:00.000000000,6824.897877583914,-279.3474252756372,-793.6042687198595,0.8910658199955921,4.581568473414116,6.018978810434569,-0.0083775291770713,0.0003400654932051126,0.0009730422113779673,-6.518686166972825,167.43131906242243,498.6962052448135,6882.232493740926,0.0009515027869416566,53.00422519733266,2.678089134165481,321.6930309763681,29.998793306390386
15 Jul 2026 17:09:00.000000000,6863.2492789939715,-4.039048215727953,-430.9752502837036,0.38685436408326285,4.592007364948103,6.0642096596949076,-0.00842406322582341,2.1416562249247717e-06,0.0005266595287025613,-3.4658713869750604,169.48997753888528,498.7091605248167,6882.407687637954,0.0009296579728431848,53.00477570597847,2.6780106452362817,327.2788147129567,28.22067931690455
15 Jul 2026 17:10:00.000000000,6871.286163109427,271.2871832098674,-66.43750592913278,-0.1190442496322278,4.582163784159933,6.082579274249483,-0.008433122713281595,-0.0003357624122652522,7.796679181351733e-05,-0.4073688985585379,171.53380465456254,498.8244630468478,6882.475792922731,0.0008959331614523339,53.00499058260561,2.677997194156779,332.7220629274128,26.5848737731842
15 Jul 2026 17:11:00.000000000,6848.97480139404,545.4152462136605,298.3943220334882,-0.6243796508218281,4.552083896522501,6.074008895010296,-0.00840467340520166,-0.000672122675214646,-0.0003710064240065248,2.651656842452888,173.57578885796494,499.0424641601826,6882.43562960327,0.0008503536039976292,53.00486594049587,2.677992485675839,338.0335089204217,25.080667009290337
15 Jul 2026 17:12:00.000000000,6796.416445441235,817.1346281436946,661.9045209641354,-1.1269046464460508,4.5019051108704735,6.038541598635996,-0.00833885832379732,-0.0010054232103885686,-0.0008182303067690513,5.706056652145296,175.62888729141847,499.3616811287196,6882.287938178551,0.000793160469269512,53.00440388542636,2.677940085714781,343.2192231663473,23.702013126868458
15 Jul 2026 17:13:00.000000000,6713.846817554968,1085.2457818686314,1022.4836118189029,-1.624385830522355,4.431855354266979,5.976341992065388,-0.008235996668564229,-0.0013341642671784557,-0.0012616856314746447,8.750599322303028,177.7062344311124,499.77881410915654,6882.035365073892,0.0007248081986482025,53.00361247594264,2.6777844171140917,348.2793150115753,22.448827870235178
15 Jul 2026 17:14:00.000000000,6601.634967472083,1348.565523194867,1378.535615319728,-2.1146140927236026,4.342251867691874,5.887695260992912,-0.008096581507651896,-0.001656870164909863,-0.0016993744493819202,11.779871393502164,179.82135244469887,500.2887966242328,6881.682413831293,0.0006459585640354495,53.00250557866603,2.677471739619647,353.2049002212878,21.330020655839718
15 Jul 2026 17:15:00.000000000,6460.281503492382,1605.932341894435,1728.4852419509252,-2.5954149531568214,4.233499534644854,5.7730055838537675,-0.00792127628229363,-0.001972096946113298,-0.0021293305251982144,14.788170503887603,-178.01163510115268,500.8848785151645,6881.235363029224,0.000557471917282245,53.00110262128853,2.676951096827506,357.9710733390316,20.3705217990954
15 Jul 2026 17:16:00.000000000,6290.416210542086,1856.2115988130856,2070.7849682680626,-3.064658653854122,4.106088759777335,5.63279392976548,-0.0077109101850453225,-0.0022784397038334557,-0.0025496294105968173,17.769388722366394,-175.7777857314777,501.5587396961392,6880.702152530978,0.0004603969962150531,52.99942824770631,2.6761752134675176,2.519187208866391,19.629002595962625
15 Jul 2026 17:17:00.000000000,6092.79507173342,2098.300582686476,2403.9219632909235,-3.5202699419258234,3.9605929192463245,5.467695265243237,-0.0074664725025644675,-0.0025745395126642355,-0.0029583980548775674,20.716882171910363,-173.46111841862867,502.3006324199518,6880.09224024791,0.00035596385905479024,52.997511881458735,2.6751013272556516,6.70447754696367,19.250250379140965
15 Jul 2026 17:18:00.000000000,5868.2967137162195,2331.133401726844,2726.4248304145717,-3.960237484880306,3.79766540848872,5.278455200187762,-0.007189106014970027,-0.0028590899003690193,-0.003353823862761711,23.62332321912992,-171.04439695537002,503.0995492137364,6879.4164321414355,0.00024560111999980547,52.995387205242935,2.6736919407165773,10.094331608604609,19.666899509273467
15 Jul 2026 17:19:00.000000000,5617.91829949572,2553.685686691374,3036.8701322314723,-4.382622865071825,3.6180363164470184,5.0659261085007685,-0.006880099572241515,-0.0031308428118562446,-0.0037341631274204596,26.48053168796264,-168.50892700044815,503.9434131698207,6878.686688662928,0.0001311486866906158,52.993091565739405,2.6719154798821925,10.684500196727068,22.883219060667578
15 Jul 2026 17:20:00.000000000,5342.770895363854,2764.9790839574835,3333.8886678953368,-4.785569107406149,3.422508757869877,4.831062762586773,-0.006540879969797411,-0.003388614028802908,-0.004097748781908633,29.279282180057283,-165.83438587753704,504.8192868893258,6877.915911237764,2.3627206296538133e-05,52.99066531428094,2.6697468482810933,323.03450673280236,74.33970348578606
15 Jul 2026 17:21:00.000000000,5044.074341112792,2964.085519102543,3616.1714750927417,-5.167308702081215,3.2119548970876184,4.5749175238766515,-0.006173003253515414,-0.003631288022234834,-0.0044429974302887506,32.00908602581906,-162.99871672556029,505.7135960810324,6877.117712728894,0.00011034873534160969,52.98815109501121,2.6671678666526284,220.2487006112287,180.93201904156572
15 Jul 2026 17:22:00.000000000,4723.15165476957,3150.131213507849,3882.4755312674934,-5.526171091983084,2.987311697640843,4.298635133313279,-0.00577814558392257,-0.003857822227985693,-0.004768415636490299,34.657949225788464,-159.97813651658925,506.6123636177559,6876.306176064307,0.00022861793361675042,52.98559309308478,2.664167590695466,219.35668072947323,185.63058008871909
15 Jul 2026 17:23:00.000000000,4381.423004678928,3322.3004385892264,4131.6291314027885,-5.8605896021822135,2.7495764322914904,4.0034471464665025,-0.005358093790985433,-0.004067250750532828,-0.0050726054695619084,37.212112814737104,-156.74733183321973,507.5014497465271,6875.4956053778915,0.0003455597833410728,52.98303625614474,2.6607425014195294,222.3075936903039,186.48625077017627
15 Jul 2026 17:24:00.000000000,4020.3992828998366,3479.8389943024767,4362.536922341622,-6.16910779649968,2.4998019873459674,3.6906660576300028,-0.004914735738777308,-0.0042586875103724576,-0.005354269317661542,39.65579051851432,-153.2799469814515,508.3667941328968,6874.700274095496,0.00045893175242669174,52.98052550276848,2.656896564791313,226.1476040406408,186.45287470570042
15 Jul 2026 17:25:00.000000000,3641.675314569594,3622.0574005805993,4574.184576256046,-6.4503852531341,2.2390919938974116,3.361679155968843,-0.0044500506116960424,-0.004431328862108956,-0.005612213999530623,41.97093167392701,-149.54950274006796,509.1946554877554,6873.934174398138,0.0005669691529186074,52.97810493178342,2.6526411597764885,230.3214977882705,186.08567146203495
15 Jul 2026 17:26:00.000000000,3246.922738191492,3748.3337922499413,4765.643088404439,-6.703202757624374,1.9685958166822197,3.017942154643727,-0.003966099221295322,-0.004584455720954802,-0.005845354217235298,44.137056177839185,-145.53091116377067,509.971844668368,6873.210772417155,0.0006680424242320941,52.97581704632669,2.647994876093003,234.65068754992433,185.563231444682
15 Jul 2026 17:27:00.000000000,2837.8825917336,3858.116509748848,4936.072686700574,-6.9264669168261195,1.6895034288140327,2.660972630963317,-0.0034650144144720133,-0.004717435241316765,-0.00605271540294408,46.13123245664256,-141.20275188363925,510.6859473548375,6872.542773364945,0.0007606343466005621,52.973702006250555,2.642983185337838,239.06100585000448,184.95972269072345
15 Jul 2026 17:28:00.000000000,2416.3576390817852,3950.926379575866,5084.726342808388,-7.119214201935959,1.403040197880588,2.292343312186055,-0.002948991644844916,-0.004829722094255204,-0.0062334360181687965,47.92829561949363,-136.55041335335224,511.3255326682608,6871.941900587345,0.0008433532672511869,52.97179692196781,2.637637991264965,243.5166339225407,184.3109622078192
15 Jul 2026 17:29:00.000000000,1984.2044707888472,4026.3586798404035,5210.952876453855,-7.280614431848122,1.110461605847317,1.9136752377692154,-0.002420279754494235,-0.004920859398545838,-0.006386769375250222,49.50142170276149,-131.57003220741444,511.8803444074826,6871.418692244827,0.0009149524375731757,52.970135202097445,2.6319970672188835,247.99847897013103,183.63603890252787
15 Jul 2026 17:30:00.000000000,1543.3254123605936,4084.0847875287495,5314.199646371957,-7.409973710185542,0.8130479221400453,1.5266308248897953,-0.0018811719890268479,-0.004990479355906059,-0.006512085047073899,50.82316787665813,-126.27284836709713,512.3414719280669,6870.982318998254,0.0009743493599831475,52.96874596632142,2.626103390614162,252.49562956236883,182.9458584111518
15 Jul 2026 17:31:00.000000000,1095.660272345708,4123.853505187941,5394.014822837105,-7.506736830309044,0.5120988461376198,1.132906859935268,-0.0013339972503871877,-0.0050383036365540005,-0.006608869926318817,51.86703442970586,-120.68915318706811,512.7014980607871,6870.640425695893,0.0010206432655733757,52.96765353371698,2.6200043861493945,257.0014962411109,182.24700276186704
15 Jul 2026 17:32:00.000000000,643.1779618760701,4145.4920655815595,5450.049237913929,-7.570489162329119,0.2089281326147217,0.7342274350571917,-0.0007811115788188651,-0.005064143567742742,-0.006676729004966143,52.609484567165964,-114.87058525145771,512.9546218602123,6870.398999642267,0.0010531299143213858,52.96687699550652,2.613751091050282,261.51187498613695,181.54366720790907
15 Jul 2026 17:33:00.000000000,187.86801621571104,4148.906813644678,5482.057810673888,-7.600958035035093,-0.09514178903665124,0.33233684519604917,-0.00022488983212042357,-0.005067900155354603,-0.006715385916290753,53.03218259169824,-108.88940924815675,513.0967543809596,6870.262267579322,0.0010713132724147058,52.96642987968826,2.607397257004693,266.0238775069999,180.83873026109836
15 Jul 2026 17:34:00.000000000,-268.2679516639438,4134.08356562339,5489.900545409153,-7.598013623512106,-0.3987851929468432,-0.07100754178241925,0.00033228247609303667,-0.0050495639757639765,-0.006724683291345314,53.124038485786066,-102.83390745722228,513.1255860947202,6870.232623036378,0.0010749137875485219,52.96631991340532,2.6009984045217287,270.5352722310743,180.1344130487531
15 Jul 2026 17:35:00.000000000,-723.22483610683,4101.087645777952,5473.54310157366,-7.56166935046744,-0.7006784250240776,-0.47404243152301734,0.0008880172315098065,-0.005009214955914874,-0.006704582957169807,52.88257580711051,-96.80017306027398,513.0406249818097,6870.310585211995,0.0010638730870451791,52.966548887201824,2.5946108462896955,275.04401277188333,179.43275120320789
15 Jul 2026 17:36:00.000000000,-1175.0026333947596,4050.0636014306965,5433.056934739837,-7.492081806012096,-0.9995052550453274,-0.8750057573665888,0.001439931724617133,-0.004947022053605365,-0.006655165996232465,52.31425083077953,-90.88197935492565,512.843204754788,6870.494790043871,0.0010383550065224277,52.967112623538846,2.588290696625173,279.54782303302744,178.73601012159276
15 Jul 2026 17:37:00.000000000,-1621.615017152429,3981.2345975055446,5368.619008354842,-7.389550187100732,-1.2939622066484484,-1.2721438341318025,0.001985656666777576,-0.004863242838017462,-0.006576632670812701,51.43363094685559,-85.16123163485614,512.5364630966851,6870.782013610153,0.0009987429330365458,52.968001050119256,2.582092884404441,284.0437350254839,178.04714751094204
15 Jul 2026 17:38:00.000000000,-2061.09786568315,3894.901492069696,5280.511076560444,-7.254515254250784,-1.5827638589837396,-1.663718503158591,0.0025228442754469693,-0.004758222960009491,-0.006469302201866744,50.261665238053524,-79.70125031631304,512.1252902216087,6871.167227489616,0.0009456335234676735,52.96919837674491,2.5760701867364464,288.5274570942356,177.3704455155903
15 Jul 2026 17:39:00.000000000,-2491.5177121416723,3791.4415947872967,5169.118538856334,-7.0875577997721075,-1.864648112862256,-2.0480142592414374,0.0030491764822869324,-0.004632395492025864,-0.006333612378655713,48.82349376629207,-74.54395641076715,511.61624849014964,6871.643685197715,0.0008798269430244809,52.97068337261968,2.570272300338265,292.99237462838687,176.7125103457916
15 Jul 2026 17:40:00.000000000,-2910.980087952566,3671.3071106849566,5034.9288680081545,-6.889396618798894,-2.13838141268199,-2.4233453481903116,0.003562373307882767,-0.0044862801063404595,-0.006170118960001787,47.14626579165807,-69.71066084720212,511.0174642347028,6872.203038313114,0.0008023138743023807,52.97242973925836,2.5647449668475217,297.42779637454066,176.08402628070257
15 Jul 2026 17:41:00.000000000,-3317.637729434657,3535.023272169896,4878.529613305335,-6.660885972024943,-2.402763913497837,-2.788062821320721,0.004060201436824415,-0.004320482056374269,-0.005979494822026861,45.257307518841344,-65.20527596789366,510.3384933686961,6872.83548042439,0.0007142597111051472,52.97440657249161,2.55952916748209,301.81559154847434,175.5031188453107
15 Jul 2026 17:42:00.000000000,-3709.698616634002,3383.1861630146886,4700.605982250194,-6.403012527620404,-2.656634579990094,-3.1405615297946463,0.004540483009574502,-0.0041356909156889665,-0.005762528792760696,43.1827955323974,-61.01857864071121,509.59016276621117,6873.529916561814,0.0006169866874065031,52.97657890549552,2.5546604011293694,306.12310556972193,175.00243932980794
15 Jul 2026 17:43:00.000000000,-4085.4338128027316,3216.46023884146,4501.938004835961,-6.116891769183294,-2.8988762014861957,-3.4792870382846606,0.00500110463106323,-0.003932679026840728,-0.00552012410984912,40.94693759514881,-57.13245197767687,508.7843897999023,6874.274155342682,0.0005119556004053327,52.97890832335746,2.550168058585199,310.2864034675399,174.64592159850935
15 Jul 2026 17:44:00.000000000,-4443.185072057273,3035.5755497090736,4283.397285958136,-5.803763857158038,-3.1284203041803074,-3.802742433395274,0.005440026578118659,-0.003712299611620092,-0.005253296435618968,38.571573272890326,-53.523490770778544,507.933982810959,6875.055120658797,0.0004007519683146597,52.981353638431635,2.5460749039277584,314.16387634954066,174.57517579228565
15 Jul 2026 17:45:00.000000000,-4781.372182075274,2841.324671610983,4045.943353097633,-5.464988932817191,-3.3442519387660954,-4.109494998261789,0.0058552921688773355,-0.0034754844941462058,-0.004963171362762343,36.076077308473266,-50.165748894735984,507.0524256476046,6875.859079374888,0.00028509642744621155,52.98387161466886,2.5423966722315567,317.37372648094464,175.1720033729094
15 Jul 2026 17:46:00.000000000,-5098.500008105061,2634.559355090819,3790.619608258131,-5.1020418567532575,-3.5454143188299727,-4.39818272077984,0.006245037232634048,-0.0032232413880255973,-0.004650981342158517,33.47745642916657,-47.03265479897077,506.15364974039966,6876.67188119802,0.00016700990537330177,52.98641772823839,2.5391417906852385,318.43837259256725,177.91399188838676
15 Jul 2026 17:47:00.000000000,-5393.165204192332,2416.1869007353785,3518.5488952204546,-4.716506377811243,-3.731013282757047,-4.667520599222258,0.006607499612150814,-0.002956650712381889,-0.004318061982063154,30.79055400194381,-44.09823690560687,505.25179747447686,6877.479206625413,5.1689538118099626e-05,52.988946951113775,2.5363112281261446,302.3718051122095,197.78715976264016
15 Jul 2026 17:48:00.000000000,-5664.062557437862,2187.1662730064304,3230.9286954545773,-4.310068733431311,-3.900221549685693,-4.916306705777547,0.006941028597452411,-0.002676861898179906,-0.003965847661802587,28.02830298929559,-41.33782957837161,504.3609808602612,6878.266818688892,7.891096351356791e-05,52.991414543880026,2.533898475685187,175.65704790634942,328.3084945217136
15 Jul 2026 17:49:00.000000000,-5909.990931334086,1948.5039656900399,2929.0259684923903,-3.884510688356059,-4.052282738348092,-5.143427965941893,0.007244094190081295,-0.0023850891653574543,-0.003595866428329713,25.201989625025778,-38.72841470935312,503.49503968555246,6879.0208140956,0.00019376372131653844,52.99377684384414,2.5318896590102855,169.16403479718088,338.6080761914129
15 Jul 2026 17:50:00.000000000,-6129.858774850691,1701.2496341511699,2614.1716551505974,-3.4417020254184774,-4.186515116550534,-5.34786560989012,0.0075152960779494,-0.0020826067573215855,-0.0032097341511948805,22.321506386677903,-36.24872210683728,502.66730344256473,6879.7278693210665,0.00030673820616421117,52.99599203459747,2.530263780153082,171.22373803375544,340.3549486885755
15 Jul 2026 17:51:00.000000000,-6322.689164991993,1446.4915115191916,2287.754864656855,-2.9835925094563076,-4.302315048684661,-5.528700251055352,0.007753372195174686,-0.0017707436330586122,-0.0028091479293783773,19.395583686079807,-33.87917879023022,501.89036135495854,6880.375477247505,0.00041471501110890206,52.998020883488635,2.52899308501144,174.88023417654955,340.505053748583
15 Jul 2026 17:52:00.000000000,-6487.624352042481,1185.3516278877303,1951.2167694209534,-2.51220335310101,-4.399160109052537,-5.685116547253005,0.007957206735359412,-0.0014508776299245161,-0.0023958787600508722,16.431996468713628,-31.601769291079012,501.1758447740826,6880.952170059129,0.0005160459107727183,52.999827434011245,2.5280435499286806,179.13718802158735,340.05474676581036
15 Jul 2026 17:53:00.000000000,-6623.929778686238,918.980853503696,1606.0442338353948,-2.029618220986727,-4.476611829997633,-5.816407400857157,0.008125837491212439,-0.001124429124823278,-0.0019717634991618855,13.437745856665194,-29.399847671412825,500.5342260657639,6881.447724309728,0.0006093764404502036,53.00137964088751,2.5273754790223304,183.7079512162795,339.29069789858016
15 Jul 2026 17:54:00.000000000,-6730.997546611387,648.5537887312425,1253.7632060294673,-1.5379738165930146,-4.534318055841184,-5.9219776567886075,0.008258462394554748,-0.0007928542335155946,-0.0015386961597796613,10.419218091654173,-27.257926640545445,499.9746378657887,6881.8533443625765,0.0006935471705668177,53.002649936617686,2.5269442018077246,188.4828832089361,338.3225708011982
15 Jul 2026 17:55:00.000000000,-6808.3493070880095,375.2635252323432,895.9319038674624,-1.0394501031978736,-4.572014876419439,-6.001347260388022,0.008354445137386967,-0.0004576376007915932,-0.0010986186116187632,7.382324051148096,-25.1614586321867,499.50471624505263,6882.161820768469,0.0007675861561130315,53.00361571945694,2.526700858931863,193.41428947327924,337.1980840470498
15 Jul 2026 17:56:00.000000000,-6855.638555295978,100.31630428433722,534.1338286271385,-0.5362602170578282,-4.589528117537058,-6.054153841559524,0.008413319778083123,-0.00012028484685325697,-0.0006535107633346408,4.3326229997853725,-23.09661672190695,499.1304708978437,6882.367660585904,0.000830716264713385,53.004259754148734,2.5265932622496394,198.48133142848786,335.9381008281177
15 Jul 2026 17:57:00.000000000,-6872.652311843208,-175.07390061144065,169.9706416384521,-0.030640136686424454,-4.586774369821821,-6.080154696791771,0.00843479423406286,0.00021768525702342166,-0.00020538031920984512,1.275434302931436,-21.05007876514997,498.8561849568888,6882.467187153015,0.000882364141493654,53.004570478268036,2.526566814152697,203.6769269122603,334.5497280799781
15 Jul 2026 17:58:00.000000000,-6859.312178885652,-449.6908486948744,-194.94505931018503,0.4751618231769019,-4.5637615421711395,-6.079228146654238,0.008418752602162472,0.0005547488001172548,0.00024374778220679166,-1.7840592461697644,-19.008815331018987,498.6843464579555,6882.45860738202,0.0009221674004471982,53.004542208680654,2.5265654700068723,209.0022196079348,333.03184663811544
15 Jul 2026 17:59:00.000000000,-6815.674762480499,-722.321515673332,-558.9970258552415,0.9788956208347938,-4.520588931101394,-6.051374252977796,0.008365256253689923,0.0008893848437165993,0.0006918421341847259,-4.840712941912917,-16.959880352126383,498.6156128390836,6882.342045253206,0.000949978920436104,53.00417524437829,2.5265327267500974,214.46411305273404,331.37757680575623
15 Jul 2026 18:00:00.000000000,-6741.931457190906,-991.7615670300246,-920.5726685503096,1.4783201259130903,-4.4574468027008916,-5.996714886971975,0.008274543683999516,0.001220083541087007,0.0011368757123639591,-7.889323060868908,-14.890202559617906,498.6488091825109,6882.11954082372,0.000965867837561217,53.00347586377226,2.5264126202155617,220.074228098332,329.57532046945073
15 Jul 2026 18:01:00.000000000,-6638.407593434318,-1256.8207917039106,-1278.0703509787415,1.9712137117022879,-4.374615489393343,-5.915493146811993,0.00814702911279273,0.0015453541738696928,0.0015768366875483076,-10.924527695051468,-12.786375538038527,498.7809602091715,6881.795014720902,0.000970117121447677,53.00245621638966,2.526150713597852,225.84862101193008,327.6090425817132
15 Jul 2026 18:02:00.000000000,-6505.560952542443,-1516.3284672206703,-1629.9066296242172,2.455384727309673,-4.272464009184214,-5.808072130539811,0.007983299862425361,0.0018637330153058445,0.0020097390799101982,-13.940702042401997,-10.634444565210002,499.007355336926,6881.3741987482335,0.0009632177885680583,53.00113411078185,2.5256950595755603,231.80798056679944,325.45807366918643
15 Jul 2026 18:03:00.000000000,-6343.979658894554,-1769.1386279717517,-1974.5234011929826,2.928681777490902,-4.151448220331608,-5.674933077257137,0.0077841125598459016,0.002173790934992495,0.002433633138446409,-16.93184457825407,-8.419689374067794,499.32164543358,6880.864533876159,0.0009458599251140832,52.99953270229415,2.524997119043964,237.97818864362225,323.0965488522137
15 Jul 2026 18:04:00.000000000,-6154.379462712085,-2014.1352092704276,-2310.3949200552624,3.3890037414933967,-4.01210852930351,-5.516672896343394,0.0075503882290134,0.0024741406664873762,0.002846615336972232,-19.89145041698832,-6.126403801647261,499.7159692541753,6880.275037508483,0.0009189207923717364,52.99768008612216,2.5240126202000455,244.39120873718713,320.4925189881656
15 Jul 2026 18:05:00.000000000,-5937.600431092555,-2250.237041010273,-2636.0346498286226,3.834309466906862,-3.8550671743278677,-5.3340011106245475,0.007283206363991921,0.0027634436690437093,0.0032468378897414006,-22.81236810554218,-3.73767635714627,500.18110696538923,6879.616142491448,0.0008834503750678122,52.995608802766476,2.52270234268625,251.08630658671999,317.6067297266454
15 Jul 2026 18:06:00.000000000,-5694.603068534323,-2476.4026662204733,-2950.001914841123,4.262627080256226,-3.681025110680091,-5.127736244878721,0.006983798084975619,0.0030404165251899508,0.0036325177028815564,-25.686636189629855,-1.2351806365340638,500.7066576434373,6878.899510855664,0.0008406548020403134,52.99335526455944,2.521032812871142,258.1116209462034,314.391050466108
15 Jul 2026 18:07:00.000000000,-5426.463891516955,-2691.6349614729415,-3250.908319221314,4.672062862646267,-3.4907585270046098,-4.898801695661725,0.006653538489950378,0.0033038368266597434,0.004001944691417318,-28.505296362574096,1.4010079208194741,501.28123719743394,6878.137825740862,0.0007918780977066349,52.99095911334951,2.5189768978597047,265.52608616324306,310.786551548498
15 Jul 2026 18:08:00.000000000,-5134.370484597761,-2894.985537936005,-3537.423903627801,5.060809645984385,-3.285115024352834,-4.648221122058675,0.006293938331388443,0.0035525485174487726,0.004353489412387568,-31.258181177954285,4.192541081964991,501.8926928251522,6877.344565338733,0.0007385826629808662,52.98846252066426,2.5165142876275364,273.4016394485812,306.72129681422234
15 Jul 2026 18:09:00.000000000,-4819.616067940558,-3085.558903823019,-3808.2830120836666,5.427154692902511,-3.065009491208359,-4.377113399553969,0.0059066351436589965,0.003785466673794213,0.004685609979244968,-33.93367670165409,7.162828365868061,502.5283298585015,6876.533762996975,0.0006823286325996303,52.98590944270844,2.513631856634191,281.82547553458795,302.1080888226749
15 Jul 2026 18:10:00.000000000,-4483.593608183034,-3262.516371013521,-4062.289843964824,5.769487031230361,-2.83141970854513,-4.08668718072662,0.005493383946666939,0.00400158171287542,0.004996858238797904,-36.51846487115778,10.336901996223826,503.1751467010835,6875.719757849318,0.00062475160950158,52.983344843371725,2.51032389840702,290.9017505838561,296.84276487984187
15 Jul 2026 18:11:00.000000000,-4127.789506085594,-3425.0796906718,-4298.323668832042,6.08630422147115,-2.585381718955482,-3.7782351069433795,0.005056047657994324,0.004199963041509289,0.005285885217425672,-38.997257787921924,13.741019734275682,503.8200734997113,6874.916940474271,0.0005675368758153775,52.980813899004936,2.50659222884816,300.7514500575558,290.80432916494937
15 Jul 2026 18:12:00.000000000,-3753.7768954796115,-3572.534404717836,-4515.343684450855,6.376218542979412,-2.3279849931307828,-3.4531277146694936,0.004596587320372684,0.004379762157657477,0.00555144584692854,-41.352547989422256,17.401875120016097,504.4502102189043,6874.139498135907,0.0005123854959276922,52.97836119906279,2.5024461563294134,311.50799102381615,283.85935047659706
15 Jul 2026 18:13:00.000000000,-3363.208588703066,-3704.2329019619433,-4712.393500927103,6.637962591183943,-2.060367425571974,-3.1128070785595487,0.004117052256139831,0.0045402152373253315,0.005792403006489589,-43.56441613030761,21.345253771301074,505.05305989642176,6873.40116412724,0.0004609633441648146,52.97602995680019,2.497902319004944,323.304647837459,275.8745366666517
15 Jul 2026 18:14:00.000000000,-2957.8097039879913,-3819.5971695776752,-4888.605236369439,6.870394284075799,-1.7837101894303862,-2.7587802312283363,0.0036195702365640374,0.004680645242776047,0.006007730923073242,-45.610460698002,25.5939638543269,505.61675303874927,6872.714975623709,0.0004148188801432522,52.973861244043,2.492984392169981,336.24911443930785,266.742172512294
15 Jul 2026 18:15:00.000000000,-2539.370010214025,-3918.1212323112,-5043.203211817539,7.072501281114732,-1.4992324779673993,-2.3926123966893194,0.0031063377384536865,0.004800463593823845,0.006196517981486946,-47.465941012439814,30.164909948410557,506.1302593593155,6872.093044266109,0.0003752544457940366,52.97189326363911,2.4877226707735067,350.3834363864283,256.4201879125222
15 Jul 2026 18:16:00.000000000,-2109.7360241343704,-3999.373273393703,-5175.507235305377,7.2434048215817795,-1.2081861574089223,-2.015920071073228,0.0025796103455888323,0.00489917145145606,0.006357969006199359,-49.10424721157025,35.06531723895925,506.5835833579632,6871.54634343444,0.00034315100779170807,52.97016067253404,2.4821535344354277,5.6385531818815995,244.9776158371352
15 Jul 2026 18:17:00.000000000,-1670.8028946528052,-4062.997432527327,-5284.9354668543365,7.382362992171198,-0.9118503530834997,-1.6303639805596373,0.0020416933296603683,0.004976360660776283,0.006491407075484696,-50.49781384115069,40.288391038934606,506.9679405788101,6871.084515855166,0.0003187902679340602,52.96869396752356,2.47631880441973,21.81065636737204,232.61823456058974
15 Jul 2026 18:18:00.000000000,-1224.506108056336,-4108.715277541741,-5371.006857885938,7.488773435236986,-0.6115259878195627,-1.2376419426694072,0.001494932428884843,0.005031714401849025,0.006596274931567837,-51.61955439152255,45.80911655889113,507.2759117550113,6870.715704809343,0.0003017756776687692,52.967518944625304,2.470265003958509,38.59301534374955,219.64874221086458
15 Jul 2026 18:19:00.000000000,-772.8130474700919,-4136.326947361661,-5433.343159990743,7.5621755095970595,-0.30853028886006373,-0.8394816534644399,0.000941704823491519,0.0050650075920590076,0.006672136045062607,-52.44479129917551,51.581360031432745,507.5015724455031,6870.44641178783,0.00029115889002371344,52.96665624170494,2.4640425350231654,55.666042990634864,206.38869155572266
15 Jul 2026 18:20:00.000000000,-317.71443892689575,-4145.711964840717,-5471.670499271173,7.60225191532359,-0.0041912769285865955,-0.43763341967681063,0.00038441029157150594,0.005076107079771734,0.006718675387759153,-52.95348962621902,57.53766913066789,507.64059618328776,6870.281382978306,0.00028577723891951603,52.9661209725114,2.457704786169432,72.7952745237639,193.07251158209775
15 Jul 2026 18:21:00.000000000,138.78428404721487,-4136.829718746029,-5485.820513485849,7.608829792469293,0.30015775094352093,-0.033862851992127276,-0.00017453748543854488,0.005064971661674102,0.006735699958842036,-53.132418260732265,63.592857107904145,507.69032958162006,6870.223526475929,0.00028467102466060853,52.965922458647675,2.4513071872871177,89.87320062644062,179.8076748245628
15 Jul 2026 18:22:00.000000000,594.671666090222,-4109.719614832663,-5475.731050136257,7.581881301542273,0.6031837349623197,0.37005646673662124,-0.000732719509287805,0.005031651944740525,0.006723139094950171,-52.976753091370476,69.65143697377394,507.6498382794221,6870.273861591502,0.0002874080812667831,52.966064064258696,2.4449062280602565,106.88517163671526,166.60879365414812
15 Jul 2026 18:23:00.000000000,1047.9389350230788,-4064.500896494233,-5441.446424387021,7.521523690803651,0.9035593537113594,0.772350326183866,-0.0012877199918547855,0.004976290068924151,0.006681044588380632,-52.49069695002472,75.617558591726,507.519923046843,6870.431501095864,0.00029420861490528393,52.96654313638476,2.438558457590909,123.82863620502582,153.47838210504827
15 Jul 2026 18:24:00.000000000,1496.588695568098,-4001.37213598217,-5383.117236395767,7.4280188524052635,1.1999685046233797,1.1712512348586948,-0.001837134875622192,0.004899119293961614,0.006609590621012366,-51.68693846862847,81.40503742757727,507.3031058143044,6870.693666693631,0.00030584537650245336,52.967351052044116,2.4323194829705654,140.63205903385125,140.48793861980846
15 Jul 2026 18:25:00.000000000,1938.6435811368353,-3920.610397679086,-5300.999748283422,7.301772366222635,1.4911117554172273,1.5650057567732052,-0.0023785803991708604,0.004800463440042018,0.006509073503220045,-50.58510549610468,86.94502288043817,507.0035858314263,6871.055737470093,0.00032335390715779774,52.968473371203196,2.426242984591199,157.11565361285736,127.81721379169457
15 Jul 2026 18:26:00.000000000,2372.15483288201,-3822.5700754307845,-5195.454821655849,7.143332027211092,1.775711757411573,1.951881826420802,-0.002909701756695777,0.00468073616989962,0.006379911203866951,-49.20962659910553,92.18986386474411,506.62716660446756,6871.511330508959,0.0003476488848281045,52.96989009290412,2.420379765725947,173.01772589260364,115.72786715338403
15 Jul 2026 18:27:00.000000000,2795.210774911328,-3707.681406510229,-5066.9464173279885,6.953385849428325,2.052518610359433,2.3301760284779784,-0.003428181890868148,0.004540440082584464,0.0062226426338850204,-47.587488303488925,97.1131455017697,506.1811547009757,6872.052412342826,0.00037919266049430187,52.97157600997895,2.414776853250511,188.0724864733906,104.48565542829034
15 Jul 2026 18:28:00.000000000,3205.945153949103,-3576.4486654867287,-4916.039659804397,6.732759537820889,2.3203151665665342,2.6982208262387317,-0.003931750448054731,0.0043801655865548985,0.006037926641808916,-45.746275533228264,101.70693276120048,505.6742319455624,6872.6694393785765,0.00041783687923466244,52.973501156022564,2.4094766654973108,202.08954313117172,94.28094041478339
15 Jul 2026 18:29:00.000000000,3602.5453113225476,-3429.44804202887,-4743.398470059121,6.482413417482914,2.577922259950888,3.0543917200627604,-0.004418192910558478,0.004200589511940666,0.00582654066845329,-43.712700138327115,105.97761852109085,505.1163029580186,6873.351524946063,0.00046285262262949563,52.975631336653514,2.404516261979087,214.99052022032674,85.19206995786557
15 Jul 2026 18:30:00.000000000,3983.260154332887,-3267.325207641943,-4549.7827714247505,6.203438809750238,2.8242038430632026,3.3971143136041495,-0.0048853599049666265,0.004002473418594557,0.005589379002797103,-41.51165274216563,109.94156453698912,504.5183204005341,6874.086630153786,0.0005130710029066251,52.977928735593046,2.3999266883300066,226.79770806725963,77.19672888781263
15 Jul 2026 18:31:00.000000000,4346.407893521765,-3090.7925774209652,-4336.045274822809,5.897053845101411,3.0580720124261274,3.7248712620150357,-0.005331176664902026,0.00378666155193359,0.005327450573844619,-39.165705488094055,113.6212729333958,503.892090698453,6874.861775311728,0.0005670431404616416,52.98035258476437,2.3957324280289365,237.59870350511886,70.20729877052592
15 Jul 2026 18:32:00.000000000,4690.383511749722,-2900.626274166486,-4103.127851246085,5.564598704593081,3.2784918997782113,4.036209072518296,-0.005753652610195623,0.003554078402444663,0.0050418762176093835,-36.69495014692632,117.04239832539122,503.2500633724914,6875.663268303402,0.0006231695570967445,52.98285988648053,2.3919509706113953,247.51102820547615,64.10623980937518
15 Jul 2026 18:33:00.000000000,5013.665930575441,-2697.6628036408642,-3852.0575013066014,5.207530284445246,3.484486404145432,4.32974472404502,-0.00615089098650238,0.003305725826921628,0.00473388536033137,-34.117056818423826,120.23162193700402,502.60510746108974,6876.476945965964,0.0006797895831197926,52.985406174870825,2.3885925039549414,256.6574462146786,58.77077348731679
15 Jul 2026 18:34:00.000000000,5314.824839219863,-2482.7954513148798,-3583.94193377664,4.827416282374553,3.675140737259092,4.604172069210943,-0.006521098486326063,0.003042679691711421,0.0044048120608937286,-31.44746014854386,123.21526282737528,501.9702788107648,6877.288424275482,0.0007352400607293702,52.98794630300714,2.385659736061406,265.1524515547841,54.0863950869132
15 Jul 2026 18:35:00.000000000,5592.527151446658,-2256.97041267945,-3299.9647673675854,4.425928709311587,3.8496067527928024,4.8582679789268814,-0.006862594763301836,0.0027660860106126723,0.004056090371349571,-28.699606642245765,126.01845507290217,501.3585822596134,6878.083352941104,0.0007878953072390318,52.99043524174748,2.3831478493757854,273.0966072705219,49.952534705247054
15 Jul 2026 18:36:00.000000000,5845.543056096403,-2021.1826710086782,-3001.380372457632,4.004836836064255,4.007107028378502,5.090898187604914,-0.007173821731031278,0.002477156555107942,0.0036892489802657674,-25.88522020769294,128.66472788684987,500.782732924984,6878.847669894154,0.0008361970619473395,52.99282887611861,2.381044588404753,280.5753601443365,46.28374254120301
15 Jul 2026 18:37:00.000000000,6072.751627780782,-1776.4716383669593,-2689.5083720689854,3.56599959118707,4.146938668439831,5.301022795359951,-0.007453352532046667,0.0021771639286201953,0.0033059051219102944,-23.01456086610936,131.17585582087418,500.25492092014326,6879.567851119166,0.0008786794185116894,52.99508478511871,2.379330478940079,287.66000572409496,43.00872381103888
15 Jul 2026 18:38:00.000000000,6273.145965450052,-1523.9165775727836,-2365.7278240413602,3.111357433544898,4.268476795681759,5.487701382959487,-0.007699900049451523,0.0018674361064493913,0.002907757746922269,-20.096663735307366,133.57188025459342,499.7865838581796,6880.231151319849,0.0009139911312643803,52.99716299113157,2.3779791749394854,294.40946896953295,40.068557987720396
15 Jul 2026 18:39:00.000000000,6445.837828188046,-1264.6318247616223,-2031.4711090065093,2.6429237306339117,4.37117769962074,5.650097695619326,-0.00791232483958935,0.0015493504591871548,0.0024965799719658234,-17.139553113178856,135.8712332446503,499.38819144672186,6880.825831043272,0.0009409161742032176,52.99902666569914,2.3769579267844065,300.87222458260374,37.414778301336355
15 Jul 2026 18:40:00.000000000,6590.061739700518,-999.7618340432621,-1688.21755136086,2.162775681356707,4.4545816118943895,5.787483853148237,-0.008089642352016993,0.001224327286587984,0.002074210837329361,-14.15043105512846,138.0909180523883,499.06904632920913,6881.341366103273,0.000958392660571058,53.00064277919127,2.376228162548659,307.08805473361133,35.007613792177935
15 Jul 2026 18:41:00.000000000,6705.178535517861,-730.4760675171951,-1337.486802912843,1.6730448294311078,4.518315080228835,5.899244046411663,-0.008231029320709389,0.0008938229060785269,0.0016425464253149325,-11.135842344561674,140.24671753338373,498.8371050850854,6881.768635444576,0.000965529883314434,53.00198268292099,2.3757461718455066,313.08953209431866,32.814506009578764
15 Jul 2026 18:42:00.000000000,6790.678329932061,-457.963755503132,-980.8320211725433,1.1759072206498022,4.562092915862405,5.98487768359983,-0.00833582921174151,0.0005593223498544963,0.0012035304052733068,-8.101818992502473,142.35341323964767,498.69882296312807,6882.100083970086,0.0009616231126474618,53.00302261346707,2.3754638801119277,318.9032018493497,30.808926690283723
15 Jul 2026 18:43:00.000000000,6846.182883082214,-183.42855326174055,-619.8328762990473,0.673573263593122,4.585719692846381,6.044001954279391,-0.008403556627805,0.00022233173675695664,0.0007591440880748835,-5.054007907782752,144.4250058779155,498.65902549362534,6882.32985730787,0.0009461657752888713,53.003744110357125,2.375329699506632,324.5504652342344,28.96949387378956
15 Jul 2026 18:44:00.000000000,6871.447352354316,91.91687835779425,-256.08842247342227,0.16827735888260903,4.589090781901467,6.076353784579962,-0.008433900586885772,-0.00011562960531322737,0.0003113960865037589,-1.9977854963555082,146.47493281862035,498.7208096143032,6882.453906013509,0.0009188586834410362,53.0041343398103,2.3752894413526136,330.04816287000205,27.2793881911044
15 Jul 2026 18:45:00.000000000,6866.361416305213,366.8563399967336,108.79012913067683,-0.337732633522596,4.572192906280373,6.0817911629850325,-0.008426726614970226,-0.000453037183247221,-0.0001376883109445509,1.0616371122927468,148.51628152242486,498.8854763629053,6882.47005727645,0.0008796160526810884,53.0041863189093,2.375287273881493,335.4088251742097,25.726102053879607
15 Jul 2026 18:46:00.000000000,6830.949763590694,640.1755796625717,473.18669758627124,-0.8422060163270494,4.535104212253209,6.060293822897252,-0.008382077604355345,-0.0007883694603763801,-0.0005860779378194273,4.119114627618971,150.56199965118557,499.15249655109784,6882.378052814153,0.0008285681360133142,53.003899036341096,2.375266708387769,340.64048888488,24.301622714631737
15 Jul 2026 18:47:00.000000000,6765.371943792718,910.6677681788675,835.4876408609192,-1.3428998917141088,4.47799385224025,6.011963275246007,-0.00830017342575175,-0.0011201159643429448,-0.0010317465977937135,7.169470462903178,152.62510365299923,499.5195101567385,6882.179552281004,0.0007660604078142312,53.003277467675844,2.375171596316596,345.74583377850144,23.00329512431513
15 Jul 2026 18:48:00.000000000,6669.921581522318,1177.1389350385612,1194.089046889028,-1.837589738094458,4.401121084120704,5.9370221917032895,-0.008181409297843209,-0.0014467852898763182,-0.0014726838415014944,10.20739846156409,154.71888798222935,499.98235947361064,6881.878102175868,0.0006926493753715782,53.00233248501846,2.374947119693524,350.72006013759335,21.835944039211384
15 Jul 2026 18:49:00.000000000,6545.024959633076,1438.4133358742279,1547.4039683462963,-2.3240798529590525,4.304833895680968,5.835813146362317,-0.008026352940093911,-0.0017669129067996068,-0.0019069055512658186,13.227360025125707,156.8571369207263,500.53515535912436,6881.4790708876335,0.0006090953413805851,53.001080662729585,2.374540757456875,355.54607261865084,20.816689733817892
15 Jul 2026 18:50:00.000000000,6391.238981737396,1693.3387234428824,1893.8695630782806,-2.800213590436272,4.1895671683848414,5.708796730808406,-0.007835740568276581,-0.002079068689931074,-0.0023324642197316767,16.223473106158483,159.05434016280907,501.1703752415896,6880.989551157489,0.0005163530095170743,52.99954398274196,2.3739032106353646,0.18304052291227013,19.986387324527993
15 Jul 2026 18:51:00.000000000,6209.248528382351,1940.791495044133,2231.9541032342654,-3.26388332594171,4.055840399490793,5.556549064170835,-0.0076104717981265065,-0.0023818640929327956,-0.0027474588148268535,19.18938942230083,161.32591173730646,501.8789909077433,6880.4182318449375,0.0004155626073609399,52.99774944475967,2.372989270186932,4.535790048740569,19.440234132323614
15 Jul 2026 18:52:00.000000000,5999.863225153809,2179.6816905471323,2560.1638176236193,-3.713040085255189,3.9042550058923764,5.3797587258083235,-0.007351603555730827,-0.002673958899691299,-0.003150044137165618,22.11815616686585,163.68840913072506,502.65062350618797,6879.775241449715,0.0003080517666493819,52.995728588294575,2.3717586122033514,8.35482689958036,19.427746717051328
15 Jul 2026 18:53:00.000000000,5764.013644552754,2408.9578167397585,2877.04953362729,-4.145702781368298,3.7354912367805833,5.1792231435839176,-0.007060343096454989,-0.0029540674954856437,-0.0035384395872631066,25.002058541482796,166.1597451173055,503.47372268718294,6879.071966350773,0.00019540643829935638,52.993516935034584,2.3701765066145466,10.776794000122484,20.812302836693675
15 Jul 2026 18:54:00.000000000,5502.746966692278,2627.611475417294,3181.2130870950227,-4.5599670092485,3.55030472525645,4.955844475099528,-0.00673804025859933,-0.0032209646162417644,-0.003910937279619593,27.832439794354467,168.75937802521096,504.3357663660015,6878.320847167157,8.03512453793621e-05,52.99115336142502,2.3682144269275702,5.856711280867897,29.538901376794637
15 Jul 2026 18:55:00.000000000,5217.222126626449,2834.6817745303724,3471.3134710026607,-4.954013356102163,3.3495227112560872,4.7106250226794355,-0.00638617907085886,-0.0034734905423478945,-0.004265909452186394,30.599496407074433,171.50845593663487,505.2234772531346,6877.535157015783,4.79296630753046e-05,52.98867941255794,2.3658505504670697,235.3740761788111,163.82806160699494
15 Jul 2026 18:56:00.000000000,4908.704478448086,3029.259503680065,3746.072696156012,-5.326115192472033,3.1340399695991623,4.444662225258251,-0.0060063688514219475,-0.0037105557223612415,-0.004601815143664681,33.292048096879576,174.42987537023274,506.12305204514405,6876.728765732621,0.00016364873691933666,52.98613856947862,2.3630701403294636,219.81551460934074,183.19317201341934
15 Jul 2026 18:57:00.000000000,4578.560008137926,3210.491057313308,4004.2813398532307,-5.674645917380229,2.9048144775824385,4.159143271617009,-0.005600334926826724,-0.003931144822595178,-0.004917206125648187,35.89728608816417,177.54819406331578,507.02039901523887,6875.91589433206,0.00028172475358387907,52.98357548282043,2.359865802499515,221.18982986901943,185.62544125019622
15 Jul 2026 18:58:00.000000000,4228.24912852935,3377.5820910275474,4244.803761098743,-5.998085638441962,2.662862856370215,3.855339379627008,-0.0051699090945511415,-0.004134320210696859,-0.005210732093193051,38.40050963956636,-179.11069008603468,507.90137968052875,6875.110864105104,0.00039736895833288266,52.98103518625356,2.3562376136534744,224.54401425677324,186.07788642467062
15 Jul 2026 18:59:00.000000000,3859.3200906831453,3529.800898429428,4466.582963617236,-6.295027275192001,2.409255619509155,3.534599785375976,-0.004717019949948404,-0.004319224896163121,-0.005481145137223937,40.784871328777136,-175.5202147088179,508.7520502484046,6874.327844798748,0.0005086181330096582,52.978562303571934,2.352193117567721,228.50425409947334,185.92432803137837
15 Jul 2026 19:00:00.000000000,3473.402046473951,3666.481497939578,4668.645090511991,-6.564182080570552,2.145112260318529,3.198345484332528,-0.004243683181489678,-0.004485084958847857,-0.0057273035340237,43.031167350888225,-171.65433638955594,509.5588986498342,6873.5806062818665,0.0006137656490596585,52.976200263338335,2.347747190235204,232.72090842336286,185.5144112934882
15 Jul 2026 19:01:00.000000000,3072.1977973184635,3787.0264207797873,4850.103536873394,-6.804384581408723,1.871596207757462,2.8480627641959013,-0.003751991923200534,-0.0046312115037746675,-0.005948174897634535,45.11773066468226,-167.48939243126594,510.309073143807,6872.882277988923,0.0007112283953413122,52.97399053486213,2.3429217761573518,237.06530094935678,184.97681423282262
15 Jul 2026 19:02:00.000000000,2657.4762637716026,3890.9091930771915,5010.162668942515,-7.014596943687501,1.5899096777780122,2.4852965659108586,-0.0032441072401345463,-0.004757002190347192,-0.0061428387548229935,47.02051071201988,-163.00678707530435,510.9905987148161,6872.245120249183,0.0007995430103997159,52.97197189889752,2.3377455005149965,241.47966107869598,184.3693068002089
15 Jul 2026 19:03:00.000000000,2231.06471025492,3977.676506550505,5148.121140524124,-7.1939127721917675,1.3012884442750117,2.111643705690003,-0.0027222488008384065,-0.004861942386349249,-0.006310488606676674,48.713447677132265,-158.19654025905896,511.5925777734082,6871.680311360753,0.0008773817816622845,52.97017976583242,2.3322531640886335,245.93462685751473,183.72124807487174
15 Jul 2026 19:04:00.000000000,1794.8407585061384,4046.9500735982015,5263.374799210891,-7.3415603568885635,1.0069965506690024,1.728745986941109,-0.0021886857701473935,-0.004945605995934873,-0.0064504335404413195,50.169258754535335,-153.06149948890072,512.1053719992785,6871.197753963644,0.0009435717909202418,52.96864555329754,2.3264851298274127,250.4139690017873,183.0488624479058
15 Jul 2026 19:05:00.000000000,1350.7242225795753,4098.428163771185,5355.41917659205,-7.456905379879232,0.7083209800894548,1.3382832269955602,-0.0016457279404633776,-0.005007656015532346,-0.006562099462567907,51.360727759855415,-147.6216313107805,512.5207625269722,6870.8059039108175,0.0009971132734184153,52.967396134079785,2.3204866118784198,254.90815176055665,182.3616790072962
15 Jul 2026 19:06:00.000000000,900.6687972634206,4131.886819613186,5423.85155802626,-7.539453097199199,0.40656629908214736,0.9419662194941426,-0.0010957170969464916,-0.005047844863215461,-0.006645030013938644,52.26250490579086,-141.91734972930067,512.8320860584943,6870.511624437965,0.0010371957755549931,52.96645336398891,2.314306879555641,259.41128014308737,181.6655845944639
15 Jul 2026 19:07:00.000000000,446.653631129647,4147.180750638913,5468.372628655751,-7.588850008997784,0.1030492871779059,0.5415296497954841,-0.0005410185979551757,-0.005066014525688281,-0.006698887227278895,52.853273100387945,-136.01051986158438,513.0343448875611,6870.320067999557,0.0010632114462789356,52.965833697926314,2.3079983902295824,263.91950563070867,180.96441840484744
15 Jul 2026 19:08:00.000000000,-9.325185561486212,4144.243904915889,5488.787693329916,-7.6048850300698145,-0.20090643782890674,0.13872497736392844,1.5986864543755246e-05,-0.005062096555661806,-0.00672345197247494,53.117952528214055,-129.9819199663973,513.1242892321701,6870.234587676133,0.001074765080519639,52.96554790086055,2.30161586635045,268.43011134517275,180.26088715533274
15 Jul 2026 19:09:00.000000000,-465.2631883878375,4123.089718229931,5485.007468824854,-7.58749017023626,-0.5039757908092136,-0.26468670340272404,0.000572911369896235,-0.00503611195034978,-0.006718624233300428,53.0494783744323,-123.9247801081329,513.1004706902407,6870.256679573446,0.0010716806768010217,52.965600858756446,2.295215332782163,272.94092328098486,179.55715420403516
15 Jul 2026 19:10:00.000000000,-919.156132551818,4083.81104126628,5457.048447377616,-7.536740731057945,-0.8048375796957717,-0.666941814406964,0.0011273677942907519,-0.004988170922360542,-0.006684423233677276,52.649697129024894,-117.93536911965704,512.9632660558987,6870.3859571336,0.001054004368491868,52.96599149275843,2.2888531312983167,277.449864572649,178.8552856446524
15 Jul 2026 19:11:00.000000000,-1369.0085840396268,4026.5797456188907,5405.032831074468,-7.452855021936048,-1.1021798493006958,-1.0662814487514034,0.0016769778153925185,-0.004918472573603829,-0.006620987430776801,51.92912837719132,-112.10281931821461,512.7148711581771,6870.620157767724,0.0010220036690142278,52.966712778126194,2.282584929535937,281.9545357498461,178.1576704152759
15 Jul 2026 19:12:00.000000000,-1812.8424793347883,3951.646009801407,5329.188037114759,-7.336193595063008,-1.3947052025494993,-1.4609585211695149,0.0022193799565734316,-0.004827304466241958,-0.0065285743702324355,50.90566082644789,-106.50071565899515,512.3592648093113,6870.955181704523,0.0009761630474419123,52.967751867592874,2.276464741739806,286.4517155280297,177.46751986700608
15 Jul 2026 19:13:00.000000000,-2248.7056247401074,3859.337286808569,5229.845774462969,-7.187257995165556,-1.68113609255289,-1.8492449052619795,0.002752237726784076,-0.004715042073865767,-0.0064075603839855,49.602539602888314,-101.18220898905538,511.90214337495166,6871.385162435531,0.0009171759286114564,52.969090316992805,2.2705439784848034,290.9366421560188,176.78958676378153
15 Jul 2026 19:14:00.000000000,-2674.6801060101593,3750.0569552070356,5107.440692953595,-7.006689016762792,-1.9602200777278664,-2.2294385473803073,0.003273247906730889,-0.004582148091197757,-0.006258440104413588,48.04612657871518,-96.17904053284539,511.3508269022093,6871.902567630242,0.0008459332992824421,52.970704409220666,2.264870541986013,295.4018302037169,176.13134882349277
15 Jul 2026 19:15:00.000000000,-3088.890578421713,3624.2826562671034,4962.508606598455,-6.795264458993901,-2.230735030401485,-2.599870544746819,0.0037801490193595895,-0.00442917156543331,-0.006081825747462145,46.26385523269285,-91.50366888985812,510.7141381629002,6872.498328899906,0.0007635092171267716,52.97256557086578,2.259487982914518,299.8349178469344,175.50516173643112
15 Jul 2026 19:16:00.000000000,-3489.51240690839,3482.564320241976,4795.684293616856,-6.5538963660252465,-2.491494287203481,-2.9589121726808605,0.004270730012611454,-0.004256746812371015,-0.005878446117008644,44.28263267122481,-87.15314680268855,510.0022563851229,6873.1619983125,0.0006711437139482531,52.97464087424547,2.254434733473302,304.21437485117457,174.93255145424686
15 Jul 2026 19:17:00.000000000,-3874.779624856419,3325.521885751123,4607.6988768008805,-6.283627740079234,-2.741351726783101,-3.3049818421423356,0.004742839160387886,-0.004065592066644515,-0.005649145263150554,42.1277636440867,-83.11348007774113,509.2265478543952,6873.881929110208,0.0005702240260116658,52.976893616064984,2.2497434302271615,308.50001834134105,174.45369865561744
15 Jul 2026 19:18:00.000000000,-4242.992679612619,3153.842717111133,4399.376788995712,-5.9856287139732105,-2.9792067576956716,-3.6365519652282314,0.0051943931778261005,-0.003856507822677107,-0.0053948807362695075,39.82234689758118,-79.36361314581056,508.39937595982246,6874.645477660239,0.00046226640909825367,52.97928396258954,2.2454403385730037,312.6090987365465,174.15135300550074
15 Jul 2026 19:19:00.000000000,-4592.525931858148,2968.278725607793,4171.632329985062,-5.661192171169497,-3.204009196255206,-3.9521557021262663,0.0056233865200021995,-0.0036303748125667396,-0.005116721363637903,37.38703594242331,-75.87863126005072,507.5338936366162,6875.439223289426,0.00034890602038099405,52.98176965004399,2.2415448890244645,316.3436506154277,174.2234824381514
15 Jul 2026 19:20:00.000000000,-4921.834875373661,2769.643201996588,3925.46582278013,-5.3117288035490855,-3.414764011228239,-4.25039355903559,0.006027900818121292,-0.003388151574551824,-0.00481584448452522,34.84004769426781,-72.6320953372713,506.6438215048992,6876.249202316129,0.00023193152007256837,52.984306727981455,2.238069333463931,319.09428292144787,175.27948305117584
15 Jul 2026 19:21:00.000000000,-5229.463043229701,2558.8073689838034,3661.9593792688706,-4.938761600500674,-3.6105359094825866,-4.529939802705168,0.006406114388039798,-0.003130871568537791,-0.004493532582509816,32.197320112365375,-69.59760504018705,505.7432153186594,6877.061152311287,0.00011370419278022667,52.98685033260178,2.2350185275037173,317.69754813747943,180.4828099789337
15 Jul 2026 19:22:00.000000000,-5514.048566178731,2336.6966640721694,3382.2722873596745,-4.543919767408438,-3.790453734241208,-4.78954865374974,0.006756311726885096,-0.002859639800712988,-0.004151169260419705,29.47274600409954,-66.74975371498194,504.84622660736335,6877.860762396992,2.5133265957684205e-05,52.989355476463615,2.232389842815603,224.25548132873473,277.73143834475616
15 Jul 2026 19:23:00.000000000,-5774.330349075891,2104.2867649113923,3087.636034126162,-4.128932077118362,-3.953714645587135,-5.028060217956899,0.007076892896684822,-0.002575628927489876,-0.003790234513280969,26.67843469052625,-64.06464180699562,503.9668606064856,6878.633925235497,0.00012944946691137636,52.991777840734684,2.2301732110885526,169.7458704672919,336.04759287820866
15 Jul 2026 19:24:00.000000000,-6009.15383156191,1862.5993711633614,2779.3489819837164,-3.695619664331794,-4.0995880514133916,-5.244406112565001,0.007366382686801311,-0.0022800748220613226,-0.003412299271889393,23.82497243769475,-61.5200893388389,503.11873572190126,6879.36698627843,0.00024408611077684605,52.99407455606511,2.228351298913506,169.6347378423405,339.9652663937289
15 Jul 2026 19:25:00.000000000,-6217.476300055802,1612.6977588203663,2458.7707175588444,-3.2458882799271667,-4.227419256230847,-5.437614743107535,0.007623439427879355,-0.0019742715941889716,-0.0030190191983269403,20.921666032029616,-59.095654359818596,502.31484884647915,6880.0469858404995,0.0003548608717166724,52.996204958353516,2.2268998106446047,172.78507386186035,340.62148582635365
15 Jul 2026 19:26:00.000000000,-6398.371719354367,1355.6821248797494,2127.316095593755,-2.781720029748926,-4.336632795195614,-5.606816185995394,0.007846863331569606,-0.0016595660703863967,-0.0026121277369631425,17.97676259998029,-56.77253321918914,501.5673508377135,6880.6618896383,0.00045980147325956036,52.99813130609904,2.2257879139742154,176.84593551128705,340.3672135613528
15 Jul 2026 19:27:00.000000000,-6551.035053848389,1092.6847422105125,1786.449002904428,-2.3051646301790045,-4.426735421464167,-5.7512466326201706,0.008035604226728183,-0.0013373517537620442,-0.0021934284403776587,14.997644040993274,-54.53339367005591,500.88733636561693,6881.200803594371,0.00055744246352826,52.999819446690864,2.2249787808894474,181.31445333354768,339.705340196632
15 Jul 2026 19:28:00.000000000,-6674.786050544113,824.8649463227406,1437.675870004323,-1.8183302205768561,-4.497318716531002,-5.87025235245422,0.008188768561442381,-0.0010090622954650797,-0.001764786606372916,11.990997404569606,-52.36217346715844,500.28465214653437,6881.654168949169,0.0006465323947085804,53.00123941986742,2.2244302345520834,186.02247301501163,338.80404265753083
15 Jul 2026 19:29:00.000000000,-6769.072458711846,553.4039775050404,1082.538960477666,-1.323373780194611,-4.548061295556185,-5.963293135384141,0.008305625551223958,-0.000676164524127511,-0.0013281202820045336,8.96296405984247,-50.24386426886415,499.76772729006535,6882.013934048188,0.0007260048236314957,53.00236598766565,2.2240954908321746,190.90128183152197,337.732057414713
15 Jul 2026 19:30:00.000000000,-6833.4726640562585,279.49970338618635,722.6094704441653,-0.8224912041724248,-4.578730582803544,-6.029945177319426,0.00838561236082832,-0.00034015109098908195,-0.0008853907059185766,5.919271173843902,-48.16429198160404,499.34342910492495,6882.273699572402,0.0007949825586438652,53.00317908145915,2.2239239814978293,195.92086080639072,336.5194279589165
15 Jul 2026 19:31:00.000000000,-6867.697718767511,4.361248359523576,359.480472470194,-0.31790709948309903,-4.589184136119682,-6.069903377876172,0.008428338226220253,-2.532799875086129e-06,-0.00043859227637742346,2.865349218632232,-46.10989901042649,499.0169472414692,6882.428834452126,0.000852787061881297,53.00366415813081,2.2238622446603973,201.06938419846577,335.1780049206435
15 Jul 2026 19:32:00.000000000,-6871.592752624656,-270.7964425528288,-5.240260026684205,0.188135633005876,-4.579370503794398,-6.08298302454307,0.008433587430026894,0.000335169300389992,1.025785613599102e-05,-0.19356079271999918,-44.06753027584457,498.79170850322714,6882.4765602373045,0.0008989470272490034,53.00381245901269,2.223854866825722,206.3450829556825,333.7095822061232
15 Jul 2026 19:33:00.000000000,-6845.13775441637,-544.758076956105,-369.93751048431346,0.6933863600105937,-4.549329602041802,-6.069120844043825,0.00840132108291449,0.0006714319756220417,0.00045913046033798613,-3.2523067421346368,-42.02422265928487,498.6693240496905,6882.416002282206,0.0009332043797048486,53.00362116693267,2.223845459976802,211.75270858826752,332.1094327024281
15 Jul 2026 19:34:00.000000000,-6788.447717249987,-816.3134964785121,-732.995920678425,1.1955973476406776,-4.4991926065921035,-6.028375408449894,0.008331677663609162,0.0010047379288085244,0.0009059950434213657,-6.305728015197006,-39.966996303135716,498.6495700540539,6882.248206724868,0.000955517075173154,53.003093458496195,2.2237776565094003,217.3019829785595,330.3678580421852
15 Jul 2026 19:35:00.000000000,-6701.772145755222,-1084.263137080654,-1092.8072971060421,1.6925343888133646,-4.429181357338563,-5.96092689077602,0.0082249723092748,0.0013335838932404867,0.0013488306958058909,-9.348557838140833,-37.882645651055185,498.7304021899113,6881.9761228898315,0.0009660584875595295,53.00223845057686,2.2235961044350034,223.0070316333773,328.47075492940496
15 Jul 2026 19:36:00.000000000,-6585.4939276742625,-1347.423439162179,-1447.7778832965623,2.1819873514815673,-4.339607280488446,-5.867076172110039,0.008081694869270784,0.0016564886055413022,0.001785636840092986,-12.375321890993328,-35.757528149608305,498.9080036203585,6881.6045514004045,0.0009652133675875073,53.001071041857294,2.2232474453066216,228.88638359237953,326.3996148204526
15 Jul 2026 19:37:00.000000000,-6440.127576776203,-1604.6321787730105,-1796.3355594157936,2.6617805742490868,-4.230869838061064,-5.747243309575266,0.00790250675253912,0.001972000570009354,0.0022144437647189457,-15.380229675239436,-33.577349153000405,499.17686547078273,6881.140058940006,0.0009535704867360058,52.99961165211749,2.222681257545025,234.96336117757485,324.1311337823866
15 Jul 2026 19:38:00.000000000,-6266.316858360798,-1854.7536919808995,-2136.936931278616,3.1297830386844105,-4.103454519709112,-5.601965381398788,0.00768823662849089,0.0022787055321307754,0.0026333228298579653,-18.35705500412624,-31.326942919323496,499.52989810278825,6880.590861235723,0.0009319121808016454,52.99788586378144,2.2218509484768907,241.26679160946227,321.6365005102171
15 Jul 2026 19:39:00.000000000,-6064.83181274193,-2096.6839654875025,-2468.0742720547014,3.5839182516826487,-3.9579303965668897,-5.431893731860992,0.007439875057742515,0.0025752335864305414,0.0030403962419653977,-21.29900188077288,-28.990051949960524,499.95857088977885,6879.966676436434,0.0009012010930817508,52.995923971968814,2.220714579217462,247.8320250584996,318.88037794110824
15 Jul 2026 19:40:00.000000000,-5836.565195951743,-2329.355567903008,-2788.282281478564,4.022173776402737,-3.794947261018828,-5.237790644760978,0.0071585681484421,0.002860265854322714,0.0034338463060931803,-24.198552022468952,-26.549110780013706,500.45307764005787,6879.278551610589,0.0008625644847093635,52.993760450929024,2.219235607790786,254.70226566228797,315.8195719412859
15 Jul 2026 19:41:00.000000000,-5582.528360421928,-2551.7423976259147,-3096.144629240102,4.442610356448823,-3.615232379835086,-5.020525479089407,0.0068456103458275274,0.003132540678032199,0.0038119240783667254,-27.047290534191113,-23.98504638364454,501.00252433513583,6878.53866558193,0.0008172765137945177,52.991433346227645,2.217383537211503,261.9302169652623,312.4013856144344
15 Jul 2026 19:42:00.000000000,-5303.846601524237,-2762.8642250171642,-3390.30025136715,4.843370584861055,-3.419586890944949,-4.781070304740974,0.006502436477597371,0.003390859290836171,0.0041729573589815395,-29.835706988883235,-21.277116589396755,501.5951354588127,6877.760111747048,0.00076673884988474,52.98898360338535,2.215134456994552,269.57999825164666,308.56170276561625
15 Jul 2026 19:43:00.000000000,-5001.753998548026,-2961.791008439318,-3669.449370777487,5.2226870768977856,-3.208881876164378,-4.520495079225769,0.006130613180192998,0.0036340909361230658,0.0045153579822071604,-32.5529708512211,-18.402821537022085,502.2184748927606,6876.956664866693,0.0007124598112003533,52.986454344811754,2.212471468377825,277.72917047989097,304.22296181654025
15 Jul 2026 19:44:00.000000000,-4677.5877809365,-3147.646965718121,-3932.359215695908,5.578890113271491,-2.9840541434292915,-4.239962408413383,0.0057318298339641,0.003861177420785041,0.004837628376994044,-35.18668342033485,-15.33794257542042,502.85967715049674,6876.142536090139,0.0006560317457258582,52.98389010780936,2.2093849856536316,286.47045796184403,299.292434032026
15 Jul 2026 19:45:00.000000000,-4332.782252384987,-3319.6143846140094,-4177.869412252822,5.910414728194548,-2.7461017525226876,-3.940721935347815,0.0053078891356610185,0.004071137103138692,0.005138367391311539,-37.72261417977573,-12.056789036070233,503.50568461235184,6875.332120653526,0.0005991053687248293,52.98133605713018,2.205872908150938,295.91226658715743,293.6617052593537
15 Jul 2026 19:46:00.000000000,-3968.8623067291746,-3476.937157928536,-4404.8970302326,6.215807224047639,-2.496079317949005,-3.6241044011409835,0.004860697429854736,0.004263068327845234,0.005416275390100966,-40.14443882690227,-8.532765434553301,504.143486406335,6874.539742788677,0.0005433578339691731,52.978837186037076,2.2019406597186,306.17627013127685,287.20908964332017
15 Jul 2026 19:47:00.000000000,-3587.4365704355832,-3618.9240308669755,-4612.441263566979,6.493731101472549,-2.2350931215656824,-3.2915154209513573,0.004392254906292951,0.00443615232764692,0.005670158647272755,-42.43351062475635,-4.739405555203392,504.76035464721474,6873.779402389825,0.0004904480792194978,52.976437520039106,2.197601094919067,317.38917071876074,279.80786924544935
15 Jul 2026 19:48:00.000000000,-3190.190206994279,-3744.9515501890455,-4799.58772970865,6.742972399991708,-1.9642960659237618,-2.9444290161955062,0.0039046457679448,0.004589655629074205,0.005898933075445731,-44.56871697250414,-0.6520439276292286,505.34407389080764,6873.064527913485,0.0004419487469884137,52.97417933743966,2.192874273517593,329.66476206612344,271.344230942282
15 Jul 2026 19:49:00.000000000,-2778.877418636677,-3854.466706477002,-4965.512374433331,6.962444449707238,-1.684882497099085,-2.5843809415455468,0.003400028446335177,0.004722931997297001,0.006101627336156888,-46.52649848244605,3.749714184683678,505.8831598725617,6872.407739837335,0.0003992414855417563,52.97210242054837,2.187787107176046,343.07341788556886,261.7477782195377
15 Jul 2026 19:50:00.000000000,-2355.3136806258926,-3946.989262504695,-5109.484970854101,7.151192039080427,-1.3980829232417984,-2.2129618421094563,0.0028806259325100006,0.004835423967341399,0.006277385389683456,-48.28113385454454,8.47864449958882,506.36706386965983,6871.820628781516,0.00036336946788429055,52.97024335087461,2.1823728845689807,357.60242865233164,251.03119465659054
15 Jul 2026 19:51:00.000000000,-1921.3677429625059,-4022.1137621798184,-5230.872203463443,7.308395007149107,-1.1051586522843593,-1.8318102726534415,0.0023487162698111307,0.004926664009854507,0.006425468546261679,-49.80540935904479,13.53579824999525,506.7863593431159,6871.313552108259,0.00033486905080948374,52.968634860846876,2.176670683284841,13.12400501824355,239.32224081479131
15 Jul 2026 19:52:00.000000000,-1478.9534337145783,-4079.511215859974,-5329.140329842703,7.433371270782028,-0.8073963693190308,-1.4426056069420674,0.001806623235090235,0.004996275378738379,0.006545257080419988,-51.07177748441348,18.906111577473883,507.13290787175447,6870.895452468376,0.0003136511469263858,52.96730525360311,2.170724678914742,29.39974631279715,226.8592860840563
15 Jul 2026 19:53:00.000000000,-1030.0212976321056,-4118.930458965965,-5403.857414223559,7.525579298615247,-0.5061026713991861,-1.0470608616505233,0.0012567072174805944,0.005043972686982279,0.006636251469713633,-52.05404147196959,24.554661385606778,507.4000017742262,6870.57370136611,0.00029903365262420715,52.96627790119133,2.164583363578584,46.1395312981583,213.93241831495607
15 Jul 2026 19:54:00.000000000,-576.5501027404465,-4140.199181833383,-5454.695128507998,7.584620043415121,-0.20259857468987458,-0.6469154555306726,0.0007013562866251064,0.005069562253352075,0.006698073315300693,-52.729466837693835,30.424890527783713,507.5824812211787,6870.353970371586,0.00028997905903796586,52.965570830125806,2.158298687739051,63.0919718842444,200.7929905253109
15 Jul 2026 19:55:00.000000000,-120.53824717823413,-4143.224629526786,-5481.43011742957,7.61023834355801,0.10178599328301578,-0.24392792155051782,0.0001429774266412253,0.005072942256014175,0.006730465993721814,-53.08103697900568,36.44013599963615,507.6768240604381,6870.240132133453,0.000285473197990509,52.96519640168979,2.151925140533497,80.1102660090771,187.58776846830557
15 Jul 2026 19:56:00.000000000,336.00490223871185,-4127.993971068088,-5483.944925553382,7.602323802581403,0.40571770558912534,0.16013141310045176,-0.0004160121003829732,0.005054102719165992,0.0067332950766361265,-53.09940817111241,42.5091377609944,507.68120700942416,6870.234192838114,0.00028489484715704043,52.965161092688724,2.1455187849809647,97.15254589623734,174.35858284357258
15 Jul 2026 19:57:00.000000000,791.0677086494316,-4094.5743381146613,-5462.228484613462,7.560911153280373,0.7078653427276179,0.5634877662109514,-0.0009731933064127868,0.005013125356360813,0.006706548552406841,-52.7840824301691,48.53492590821416,507.59553730621286,6870.336257235302,0.0002882401226024796,52.96546538056509,2.1391362651878114,114.22104184258522,161.10316599039626
15 Jul 2026 19:58:00.000000000,1242.6449702346272,-4043.112533652064,-5416.376160407399,7.486180109918174,1.0069052858794514,0.9643692473196854,-0.0015261539965026206,0.004950183272868932,0.006650336855347959,-52.143472017523344,54.425133485476415,507.4214543521661,6870.544526808549,0.0002961334568040701,52.96610373492578,2.1328338032468515,131.275843307181,147.86139128438424
15 Jul 2026 19:59:00.000000000,1688.7466011190656,-3973.8344117623255,-5346.589359130289,7.378454708983163,1.301526988326265,1.3610142008842578,-0.0020724973073752333,0.004865540531590176,0.006564892711238389,-51.193836885465416,60.101155569549725,507.1623013215794,6870.85533112084,0.0003096187308950021,52.967064715632844,2.126666203585313,148.16868879438536,134.78148373672747
15 Jul 2026 20:00:00.000000000,2127.406257400795,-3887.0439300269595,-5253.174693690194,7.2382021357932205,1.5904384164251137,1.7516785343169325,-0.0026098503163808615,0.004759551567148482,0.006450570781119097,-49.95739306176467,65.50408478603019,506.8230671570038,6871.263191817515,0.0003297885844632058,52.96833117570819,2.1206858825602644,164.6373434719254,122.12564284748836
15 Jul 2026 20:01:00.000000000,2556.6898773361872,-3783.1218766698016,-5136.542711257237,7.0660310313653225,1.8723714505095932,2.134643018168871,-0.0031358727659503184,0.0046326604292909026,0.006307847080347714,-48.460066205581626,70.59666200863082,506.4102998101104,6871.7609182257265,0.0003573878172323123,52.969880565430756,2.114941940474187,180.3712958898432,110.2043463393087
15 Jul 2026 20:02:00.000000000,2974.7041043541067,-3662.5242751464184,-4997.206184087492,6.862689271519547,2.146087234606098,2.508220543859483,-0.0036482659383019604,0.004485399823558298,0.006137318131813529,-46.72934700227736,75.36180426298459,505.9319920262436,6872.339732961595,0.000392554190766476,52.97168533220254,2.109479292561257,195.10917095358175,99.27893761141526
15 Jul 2026 20:03:00.000000000,3379.6045608617137,-3525.780469653136,-4835.777966649211,6.629061208496193,2.410381461727862,2.8707633216126274,-0.004144781703069931,0.0043183899137177306,0.005939699806964226,-44.79255188411045,79.79900730122516,505.39744140265066,6872.989425446829,0.00043477549511672435,52.97371340905117,2.1043378743069368,208.70577579856663,89.49458025881272
15 Jul 2026 20:04:00.000000000,3769.6039404103594,-3373.4908958278415,-4652.9684231421825,6.366164364361627,2.664089579294466,3.220669998325839,-0.0046232317456678515,0.004132336843769934,0.005715825798688261,-42.675606619174864,83.919971830611,504.8170868727228,6873.698530756711,0.0004830113873210308,52.97592878306075,2.099551935272464,221.1399869971292,80.87237122066577
15 Jul 2026 20:05:00.000000000,4142.979884913328,-3206.3245419777577,-4449.582430883768,6.075145565633544,2.906091896432082,3.556392671385595,-0.005081496964721589,0.003928030932595489,0.00546664566285946,-40.4023275844044,87.74443597911137,504.20232417651346,6874.45453077464,0.000535870943177744,52.97829213360081,2.0951494338882832,232.48124775717594,73.3428438921517
15 Jul 2026 20:06:00.000000000,4498.0826131032145,-3025.016107314497,-4226.515966561597,5.757276509666006,3.135318572232345,3.876443770802044,-0.005517537011590378,0.0037063444969781772,0.005193222368234076,-37.99410057815705,91.29673299959168,503.56530326470755,6875.244074225834,0.0005917679751743483,52.98076152898664,2.091151543960126,242.84661572280424,66.7889205850265
15 Jul 2026 20:07:00.000000000,4833.342265866196,-2830.3628650276432,-3984.752284143035,5.413948755628529,3.350754461276754,4.179402778246412,-0.005929399923972145,0.003468229257413333,0.004896729291671092,-35.46983805092635,94.60322638639454,502.91871094246125,6876.053211809812,0.0006490298351134213,52.98329316916963,2.0875722815537436,252.3675347988068,61.07914091100942
15 Jul 2026 20:08:00.000000000,5147.27593375323,-2623.2212395239753,-3725.357695241263,5.046668136322228,3.551443790164755,4.463922747979612,-0.006315231785140372,0.0032147132846217204,0.004578446599480248,-32.84610897047882,97.69055797740026,502.27554238133354,6876.867642356442,0.0007059666902200399,52.98584216124754,2.084418258863513,261.1703642446148,56.087132839398265
15 Jul 2026 20:09:00.000000000,5438.494331867021,-2404.503108810742,-3449.4769649524983,4.6570485915688185,3.7364946365051837,4.728736591430161,-0.006673286328765162,0.002946897454789889,0.004239756968653421,-30.137361076385975,100.58455249952284,501.64886540341104,6877.672965700494,0.000760915910534586,52.98836331401079,2.0816885693352964,269.3675107350461,51.700480729514794
15 Jul 2026 20:10:00.000000000,5705.708087527619,-2175.1718447727535,-3158.328338574132,4.24680542938354,3.9050831799990138,4.972663084488622,-0.007001934389293086,0.00266595138601387,0.003882140606839063,-27.356181053227246,103.30960687940633,501.0515816608411,6878.454937811755,0.0008122732630796653,52.99081193741533,2.0793748059996364,277.05488096369095,47.82327276110473
15 Jul 2026 20:11:00.000000000,5947.733606683954,-1936.2381059587142,-2853.198217144837,3.8177480274577666,4.056457693965328,5.194612554605246,-0.0072996730825080035,0.0023731088386466266,0.0035071695428331687,-24.513559051316054,105.8884144374116,500.49618898644525,6879.199723636854,0.0008585178568775834,52.99314463279952,2.077461212587575,284.3124769162072,44.37550563543021
15 Jul 2026 20:12:00.000000000,6163.498486001305,-1688.7553994180548,-2535.4355023772464,3.3717719944618247,4.189942245041425,5.393592203637429,-0.007565134604450831,0.0020696625789579258,0.0031165011819204148,-21.61913897244936,108.34190764837683,499.99454926758057,6879.894143110601,0.0008982342333895025,52.99532005984149,2.0759249646620863,291.2062570166071,41.29122334493398
15 Jul 2026 20:13:00.000000000,6352.046438963454,-1433.8154300622994,-2206.445634206634,2.910850818096148,4.304940068903748,5.568711022219947,-0.007797094511672264,0.0017569587100974707,0.002711871125254894,-18.68144580598235,110.68933577286597,499.55766618720395,6880.525905880401,0.0009301329167595052,52.997299666683965,2.074736575692645,297.79030026087855,38.51635289918884
15 Jul 2026 20:14:00.000000000,6512.54170617797,-1172.5432579435583,-1867.684346822093,2.437027034474189,4.400936590742912,5.7191842522748395,-0.007994479363472527,0.0014363904953654677,0.002295085281244319,-15.708087353231715,112.94842043681697,499.1954770774688,6881.083830460276,0.0009530696769786424,52.99904837032195,2.0738604207564872,304.1088381911836,36.00667215680657
15 Jul 2026 20:15:00.000000000,6644.2729223939505,-906.0922856705304,-1520.6511715904146,1.9524029610209075,4.4775020609229665,5.84433735619747,-0.008156373596809536,0.0011093917070978416,0.0018680113076257037,-12.705931138303658,115.13555230610203,498.91666293729946,6881.5580437880235,0.0009660632804672268,53.00053517524887,2.0732553684776254,310.1979903272498,33.72607415056468
15 Jul 2026 20:16:00.000000000,6746.6564155064825,-635.6390998803289,-1166.8827176793911,1.4591310423808679,4.534293778739837,5.943609454232728,-0.00828202551718643,0.0007774295495386541,0.0014325694432674586,-9.681259118053912,117.26600620424043,498.72848037643996,6881.940157499584,0.0009683113262175362,53.00173371946621,2.072875509973706,316.0871630222988,31.645167943106873
15 Jul 2026 20:17:00.000000000,6819.238916003874,-362.37819223162484,-807.9457633746742,0.9594038656183604,4.571057880419118,6.016556195550336,-0.008370852298221279,0.0004419972154462758,0.0009907228045075097,-6.639903636261991,119.35416167199367,498.6366188659641,6882.223417651336,0.0009592037366837267,53.002622738263476,2.0726709717795275,321.8001183870972,29.740209375033942
15 Jul 2026 20:18:00.000000000,6861.699658885584,-87.51658669287136,-445.4301929918357,0.45544390698229414,4.58763067140904,6.062852033463094,-0.008422443897827597,0.0001046061469188966,0.0005444672355119377,-3.5873683526761484,121.41372231931271,498.64508620601305,6882.402825107771,0.0009383335128171209,53.0031864376443,2.072588798300362,327.3557250949938,27.992349898623583
15 Jul 2026 20:19:00.000000000,6873.851863972043,187.73159903473717,-80.94181588099481,-0.05050692246823415,4.583939487517483,6.0822918809819235,-0.008436565817037417,-0.00023322192042127713,9.582081465823256e-05,-0.5289378894050509,123.45793137847376,498.75612457467264,6882.475224358567,0.0009055044348561896,53.003414770885584,2.072573888157758,332.76838102730915,26.387213544394985
15 Jul 2026 20:20:00.000000000,6855.643584687621,462.1506293358952,283.90489475730584,-0.5561978612249919,4.560003074401639,6.074792129324323,-0.008413160646270984,-0.000569963043972641,-0.00035318687137901486,2.5302201606427435,125.4997833672897,498.97015891104763,6882.439359124266,0.0008607354793379971,53.0033036134367,2.0725699677982865,338.0480465798858,24.91486320675387
15 Jul 2026 20:21:00.000000000,6807.157919746664,734.5286346508798,647.4941046950229,-1.0593799379643247,4.5159314802098915,6.0403910189111425,-0.008352348370619935,-0.0009040992012762888,-0.0008005255671815081,5.584957330832217,127.55223321217214,499.28577872567456,6882.295893739825,0.0008042618261198208,53.0028548331711,2.0725205851663286,343.19972350385797,23.57032138293513
15 Jul 2026 20:22:00.000000000,6728.612586631552,1003.6630743579266,1008.2159241896072,-1.5578165935747597,4.451925461645411,5.979248359609762,-0.008254425425272122,-0.0012341263660626527,-0.001244175180280186,8.63004702639919,129.62840487183874,499.6997537417944,6882.047399957974,0.0007365324585070031,53.00207625485199,2.072370105868533,348.22198859984945,22.35503605353063
15 Jul 2026 20:23:00.000000000,6620.358860234984,1268.3661495136728,1364.4736772629763,-2.049294209961858,4.3682754092151646,5.8916446043040605,-0.00811986251652264,-0.0015585624420656739,-0.0016821364830475784,11.660084476523659,131.74180159925004,500.2070830698045,6881.698309471689,0.0006582045550340838,53.000981519544496,2.0720646942707424,353.10364930085314,21.280224676820694
15 Jul 2026 20:24:00.000000000,6482.8798844639505,1527.4701369037643,1714.6910962867235,-2.5316324727083996,4.265359802790675,5.777979287086336,-0.00794930125057378,-0.0018759549674396854,-0.0021124415666106612,14.669380402175667,133.90651950554232,500.8010769256805,6881.254833105661,0.0005701352636360203,52.9995898415544,2.0715532622147097,357.8161207680935,20.37449667999936
15 Jul 2026 20:25:00.000000000,6316.788368882648,1779.832616688089,2057.3194042956716,-3.002694497741364,4.14364321368013,5.638768844268921,-0.007743549632594233,-0.0021848885086930402,-0.002533163936004928,17.65184481261838,136.13746493978687,501.4734692409287,6880.724848252578,0.0004733725110283415,52.99792566727764,2.070788368709806,2.2945371114054036,19.702741842908335
15 Jul 2026 20:26:00.000000000,6122.823686531981,2024.3415670335112,2390.844248731233,-3.4603966564909396,4.003673874060278,5.474643842810935,-0.007503576514309246,-0.0024839916700832637,-0.002942428144018329,20.60085723952968,138.45057412393254,502.2145588954858,6880.117756719493,0.0003691503266380502,52.996018242063,2.0697270547705418,6.383222917506325,19.42065839769408
15 Jul 2026 20:27:00.000000000,5901.848392830301,2259.920300510467,2713.792451955217,-3.9027180394907077,3.8460808387092307,5.286345646476194,-0.007230505096894816,-0.0027719436573586647,-0.0033384188770628257,23.50911968309234,140.86303006079396,503.013376751729,6879.444315689218,0.00025891321407924667,52.99390109280107,2.068331598780206,9.633545396842543,19.976900540005172
15 Jul 2026 20:28:00.000000000,5654.844188871487,2485.5322186337053,3024.738545836447,-4.327709504771559,3.6715707674158957,5.074722554930079,-0.006925605594552616,-0.003047480342564805,-0.003719389416895801,26.36848871427265,143.39346632545679,503.85787519057817,6878.716444980656,0.00014455222678594603,52.99161143542203,2.066570179146189,10.118105761466346,23.298886745016375
15 Jul 2026 20:29:00.000000000,5382.907355444772,2700.185362718231,3322.311059933945,-4.733502264525834,3.480924359134657,4.840725454932717,-0.006590287187867109,-0.0033093997930951392,-0.004083669422428791,29.16978377880373,146.06213906019545,504.7351364594241,6877.947014200997,3.441021180546338e-05,52.98918951779173,2.0644174326970015,338.9432785143366,58.28026021291602
15 Jul 2026 20:30:00.000000000,5087.243686669876,2902.936741144426,3605.1985352328306,-5.118315971127437,3.274992470857541,4.585403025707775,-0.006226089394901457,-0.0035565672397687006,-0.004429671991659816,31.90257014827757,148.89103616167128,505.63159584288195,6877.149613716115,9.90731676382644e-05,52.98667790961597,2.0618548990847625,223.94306658554956,177.0870335126076
15 Jul 2026 20:31:00.000000000,4769.162954243515,3092.8964151442974,3872.1552379694654,-5.480466271444378,3.0546919552595235,4.309896542412971,-0.005834672991464171,-0.0037879194730269464,-0.0047558999822862715,34.554917730559765,151.90387496752194,506.5332754632102,6876.338313617043,0.00021709357421944238,52.98412075187629,2.058871343475122,220.7889718492172,184.0477178933573
15 Jul 2026 20:32:00.000000000,4430.072934930133,3269.2313272747165,4122.006550738993,-5.8183718062040235,2.821001251447925,4.015434322411156,-0.0054178106079714045,-0.004002468668432152,-0.005060951585977625,37.11314191676025,155.125915637745,507.4260244076778,6875.527415028935,0.0003344151309736801,52.98156297901594,2.055462951959475,223.2067427221955,185.43657556569914
15 Jul 2026 20:33:00.000000000,4071.4730351009425,3431.1688587923195,4353.654020758233,-6.130560638733536,2.5749557626452346,3.7033258587658673,-0.004977377127638399,-0.004199305657247111,-0.005343525170937714,39.56154092287039,158.58348695784593,508.295760860963,6874.7311981945795,0.0004483748067390921,52.97904952755587,2.051633396363693,226.81722358304393,185.6327702148128
15 Jul 2026 20:34:00.000000000,3694.947546860608,3578.0001041373357,4566.080047791499,-6.415676104454605,2.3176430534261834,3.3749556841386825,-0.00451533999702073,-0.004377602667572146,-0.005602423420818394,41.88215697714383,162.3030875580268,509.12871198546804,6873.963671767428,0.0005571396152567811,52.97662454504243,2.0473937673946354,230.86509491037717,185.39162684783489
15 Jul 2026 20:35:00.000000000,3302.1585706248547,3709.082852640291,4758.3521967862725,-6.672482078865863,2.0501978972900274,3.031777006148256,-0.00403374954620473,-0.004536615569535412,-0.005836556809649838,44.054607267474836,166.30989786482104,509.91164743336896,6873.238327674404,0.0006590546519692252,52.974330613209034,2.0427623774034864,235.11561067014517,184.94789444524758
15 Jul 2026 20:36:00.000000000,2894.8386389925167,3823.84426933684,4929.627122652065,-6.899867667204294,1.7737972030090225,2.675305152410308,-0.0035347294058093795,-0.004675685671643315,-0.006044946471058177,46.05605461073842,170.62553644635236,510.63210258131846,6872.567905760647,0.000752587259948969,52.97220799897131,2.037764436291874,239.47298212760538,184.3973622392347
15 Jul 2026 20:37:00.000000000,2474.783076415529,3921.7832684052582,5079.154096824702,-7.0968513234270425,1.489654845449634,2.3071108600518717,-0.0030204670794367647,-0.004794241110506426,-0.006226726515021382,47.86141403109693,175.26495312852097,511.2785878420875,6871.964172212374,0.0008363331151126651,52.97029394637507,2.0324316063256473,243.8913746699886,183.78586303082636
15 Jul 2026 20:38:00.000000000,2043.8421286164005,4002.4725741876105,5206.278127238158,-7.262584409471058,1.1990164235863134,1.9288134406938298,-0.0024932047224220525,-0.004891797890060606,-0.006381145864438248,49.44391074442194,-179.76748360019812,511.84078071667744,6871.437715477466,0.0009090334470462268,52.96862202189196,2.0268014437296906,248.34646280364365,183.13771837887583
15 Jul 2026 20:39:00.000000000,1603.9128949616288,4065.5604660269023,5310.44266507973,-7.396354207912568,0.9031539653335315,1.5420738478773783,-0.001955230149967363,-0.004967960618686603,-0.006507569674875012,50.77610040758731,-174.48233776540027,512.3096975960563,6870.997763073044,0.0009695936615606537,52.967221524513555,2.020916736899987,252.82437189848528,182.46679708414075
15 Jul 2026 20:40:00.000000000,1156.931096202174,4110.772204232236,5391.191893202418,-7.4975864021346545,0.6033605957949117,1.1485876699204751,-0.0014088680831672237,-0.005022422996113258,-0.006605480406315861,51.83141075746827,-168.90909140115244,512.6778426946853,6870.652022292385,0.0010171005777465981,52.96611697095785,2.0148247528621623,257.31674825963313,181.78144538365544
15 Jul 2026 20:41:00.000000000,704.8627090455115,4137.911135403643,5448.172592353641,-7.565847038017711,0.3009451825964093,0.7500780672788451,-0.0008564716204602017,-0.005054968092930582,-0.006674478604694275,52.58614665025818,-163.09853210718214,512.9393318908824,6870.4065474073805,0.001050837185421007,52.96532766498189,2.008576405232786,261.8183180636914,181.08692831311205
15 Jul 2026 20:42:00.000000000,249.6954983692658,4146.859476069479,5481.135582386667,-7.600843979982477,-0.0027730304766643587,0.3482886701557254,-0.00030041390920396296,-0.005065468464861196,-0.006714283450688365,53.02172647790454,-157.12217283065607,513.0899896557003,6870.265635514584,0.0010702943708216376,52.96486735832381,2.002225358274782,266.32556400189003,180.38675338823361
15 Jul 2026 20:43:00.000000000,-206.56952301159387,4137.578774217473,5489.9367365067965,-7.6024278722451815,-0.3064697925743017,-0.05502355100198003,0.00025692002390738703,-0.005053886131801005,-0.006724733117880929,53.1267435525789,-151.06780025373752,513.1274176673764,6870.231752698753,0.001075179285509706,52.96474400919336,1.9958270827483304,270.8359367752576,179.68345945422269
15 Jul 2026 20:44:00.000000000,-661.9266775763958,4110.110048774787,5474.537567261173,-7.570592613375618,-0.6088212101908016,-0.4580954316798895,0.0008131413337825185,-0.005020272443321159,-0.006705784971652786,52.89836903924264,-145.0313865302275,513.0510341291608,6870.305491695053,0.001065420160371701,52.96495964252674,1.9894378801164303,275.34732393875885,178.9791481992616
15 Jul 2026 20:45:00.000000000,-1114.3742203134861,4064.57360750982,5435.005383557917,-7.505475349018486,-0.9085091005307429,-0.8591647672749866,0.001365865366183117,-0.004964767844214728,-0.006657515629638446,52.342716316325806,-139.1069891279891,512.8620832319867,6870.485561724769,0.0010411674585061844,52.96551031444387,1.9831138922005658,279.8576230882075,178.2759113312592
15 Jul 2026 20:46:00.000000000,-1561.9229210904953,4001.1685441957843,5371.513018495875,-7.407355984104267,-1.2042263278816245,-1.2564774667180827,0.001912719675746958,-0.004887601540996646,-0.0065801208877851675,51.474061824454374,-133.37713184113574,512.563614628427,6870.76881066606,0.0010027913400073773,52.966386181528165,1.976910113630865,284.36431126982853,177.57626153086375
15 Jul 2026 20:47:00.000000000,-2002.6046033186788,3920.1719162392924,5284.3381282659275,-7.276656212287601,-1.4946821168041693,-1.6482946974264603,0.002451352111028468,-0.004789091058099338,-0.006473915499688296,50.313143745709944,-127.90594668320554,512.1604332097285,6871.150279205915,0.0009508754875475016,52.967571673718226,1.970879424399491,288.8638995712351,176.88367821483865
15 Jul 2026 20:48:00.000000000,-2434.4806098182403,3821.9376043718676,5173.862062897752,-7.113938056940235,-1.7786073350888425,-2.0329000122818983,0.002979439021116306,-0.004669641666916611,-0.006339332789155039,48.884980099616136,-122.73620323700744,511.65901990220567,6871.623286108462,0.000886207420387632,52.96904576779355,1.9650716594523443,293.35110851890107,176.2034324778372
15 Jul 2026 20:49:00.000000000,-2855.6501663054282,3706.8948564789607,5040.5683102411,-6.919901915043404,-2.05475973794184,-2.4086064474725544,0.0034946936291020587,-0.0045297456576763595,-0.0061769240579388094,47.21667899499806,-117.88997488392613,511.06742462219137,6872.179543232481,0.0008097655158165535,52.970782356678576,1.9595327316590108,297.81745591936533,175.54399956826921
15 Jul 2026 20:50:00.000000000,-3264.258612447683,3575.546518182582,4885.040515272879,-6.6953840928962025,-2.3219291629618337,-2.773763577617004,0.003994874604829576,-0.0043699814156566595,-0.005987357738743126,45.33558845899165,-113.37178157726305,510.39513294750464,6872.809298444998,0.0007227030848375127,52.972750708115406,1.954303823503658,302.24858922016386,174.91972681674653
15 Jul 2026 20:51:00.000000000,-3658.505469520054,3428.466953534804,4707.9600777801,-6.441353821049604,-2.5789426629382057,-3.126764511263675,0.004477794857437202,-0.004191012261936736,-0.005771418241175686,43.26794910915643,-109.17283469470249,509.652908476124,6873.501504112461,0.0006263300859466591,52.9749160046928,1.9494206617286087,306.61873549350673,174.35638390734698
15 Jul 2026 20:52:00.000000000,-4036.6523130812616,3266.299659999446,4510.103332543401,-6.158909735198014,-2.8246695608776418,-3.4660528063993317,0.00494133054648114,-0.003993585007162637,-0.0055300044218940725,41.038056261231844,-105.27529422196352,508.8526132446757,6874.244008414531,0.0005220936576799494,52.977239955792626,1.9449128876339095,310.87775569530265,173.90410883453174
15 Jul 2026 20:53:00.000000000,-4397.030418200095,3089.7545829414616,4292.338317517724,-5.849275810248293,-3.058026408685776,-3.790129281589837,0.0053834302970922655,-0.0037785281721540815,-0.005264127616678869,38.66784619744678,-101.65590558459961,508.0070089654678,6875.02376632277,0.0004115606508962238,52.979681470754116,1.9408035341508232,314.9159684361346,173.67258430437278
15 Jul 2026 20:54:00.000000000,-4738.0481440625235,2899.6051360409015,4055.6211370890987,-5.513796736375523,-3.277981827967122,-4.097558694364567,0.005802124580170899,-0.0035467498234689563,-0.0049749091636032425,36.17678981642938,-98.28878150499716,507.12954220452883,6875.827066726908,0.00029641438875637534,52.9821973814781,1.9371086188892974,318.44442742375975,173.95076041685513
15 Jul 2026 20:55:00.000000000,-5058.1980241888605,2696.684935425841,3800.9919293223547,-5.153932728641176,-3.4835612085181418,-4.386976254481034,0.006195535204306948,-0.0032992349796088973,-0.004663577355927731,33.58198362247322,-95.14734799892413,506.2341169561546,6876.639771880038,0.00017854097074790728,52.98474320182059,1.9338368603765141,320.3972269782944,175.8045492252171
15 Jul 2026 20:56:00.000000000,-5356.06352809587,2481.884256865102,3529.570448179542,-4.771253765656972,-3.673851237430902,-4.657093936004428,0.006561884843061278,-0.0030370425447286717,-0.004331463764062958,30.89835142700938,-92.20559372918855,505.33485836261525,6877.447565079637,6.144311826546334e-05,52.987273910470016,1.930989522523004,311.49275600127703,188.51557078917568
15 Jul 2026 20:57:00.000000000,-5630.325460118615,2256.146227050539,3242.5512739606042,-4.367433257746331,-3.84800422944621,-4.906706548889699,0.006899506506172533,-0.0027613017359921234,-0.003979998877708546,28.138896243054656,-89.43879332214019,504.4458715713217,6878.2362023098385,6.550510923796786e-05,52.9897447435801,1.9285603901408068,176.20284221742088,327.61200890224205
15 Jul 2026 20:58:00.000000000,-5879.767961305257,2020.4627618193451,2941.198667671864,-3.9442411509861284,-4.005242227405154,-5.134697528126455,0.007206852851479837,-0.0024732079809612058,-0.0036107070324287015,25.31496403520858,-86.82386075402023,503.5809999053021,6878.991763449379,0.0001803930558820188,52.99211198324493,1.9265358760300018,168.62754771620365,338.9938154658853
15 Jul 2026 20:59:00.000000000,-6103.284080893067,1775.8702660657661,2626.8410876020534,-3.5035364802140267,-4.144860840477772,-5.340044396672008,0.007482505215722932,-0.0021740182690369626,-0.003225200594411581,22.436497373015392,-84.33945733283916,502.753586636444,6879.700898603003,0.0002934649639509023,52.99433372796163,1.9248952578531004,170.8341091162832,340.5937701885318
15 Jul 2026 21:00:00.000000000,-6299.880884874948,1523.4451120552656,2300.865389053915,-3.0472593914057775,-4.266232787364321,-5.521823857456517,0.0077251822425799515,-0.0018650459572179209,-0.0028251733987828785,19.512268067996686,-81.96594561053517,501.97624468547605,6880.351065148048,0.00040160124726493874,52.99637063152567,1.9236110407151379,174.60699813376934,340.62741983020317
15 Jul 2026 21:01:00.000000000,-6468.684070633547,1264.2989148069264,1964.710730857074,-2.5774226614949765,-4.36881111195777,-5.679216469816022,0.007933747977106137,-0.0015476550409010614,-0.002412393450369618,16.550084779476368,-79.68525230328686,501.2606385204735,6880.930751203771,0.0005031854786990177,52.99818659734198,1.9226494392006976,178.9460700005552,340.0949295494347
15 Jul 2026 21:02:00.000000000,-6608.942058539493,999.5736251387041,1619.8622149369962,-2.096102751526184,-4.452132040038085,-5.811510866832327,0.008107219294077992,-0.0012232539141141265,-0.0019886949139298346,13.556975608779256,-77.48068165204957,500.6172823812736,6881.429681430843,0.0005968727493029731,52.99974941590095,1.9219709704778554,183.5780592868393,339.2695868020128
15 Jul 2026 21:03:00.000000000,-6720.029533802705,730.436462800838,1267.8442877526527,-1.6054304367145404,-4.515817447467274,-5.918107472267891,0.008244772537929098,-0.0008932886586683315,-0.001555969441387238,10.53934787948547,-75.33670510860443,500.05535871807314,6881.839001350532,0.0006815052382385524,53.00103133415123,1.9215311481149775,188.401559392149,338.25282153175834
15 Jul 2026 21:04:00.000000000,-6801.450414702407,458.0747138170266,910.2139347949254,-1.107581064298717,-4.559576913038639,-5.998521679050508,0.008345749257437727,-0.0005592359129786022,-0.0011161568986741634,7.503128351084218,-73.23874254872611,499.58256039873925,6882.15143673507,0.0007561090656192937,53.00200954668366,1.9212812645182789,193.37368121075494,337.0875471526984
15 Jul 2026 21:05:00.000000000,-6852.840226579117,183.6904176714072,548.5537014803564,-0.6047644967638051,-4.5832093325524,-6.052386455536282,0.008409660925187907,-0.00022259538283353123,-0.0006712355704560463,4.453887520491981,-71.17294311457873,499.2049598157565,6882.361425056506,0.0008199032562864401,53.002666600001575,1.921169248247515,198.4765214152311,335.7916918848165
15 Jul 2026 21:06:00.000000000,-6873.96786460266,-91.50502873823353,184.4645756424566,-0.09921480385415025,-4.586604074770671,-6.0794543509580095,0.00843619255982332,0.00011511793200845468,-0.0002232119376195017,1.3969517392485586,-69.12596920750845,498.9269075168947,6882.465216483663,0.0008723094610943935,53.002990702670154,1.9211405812107316,203.70489443366344,334.37046637433303
15 Jul 2026 21:07:00.000000000,-6864.73673227887,-366.29632242688285,-180.4412316484764,0.40682022840214604,-4.569741664536287,-6.079598877427049,0.008425205174260729,0.00045238171479384306,0.00022588986868039552,-1.6624931982049196,-67.08478429235302,498.7509624058356,6882.4609424762,0.0009129595795758935,53.002975935786935,1.9211392595952668,209.06123587350854,332.8214598524367
15 Jul 2026 21:08:00.000000000,-6825.185246857546,-639.4697322430283,-544.5475690484855,0.9110896998480503,-4.532693983405296,-6.052815252438499,0.00837673700680833,0.0007876744248007133,0.0006740388216656998,-4.71930344756553,-65.03644348184035,498.6778549234183,6882.348650628703,0.0009417003492542049,53.00262235996216,1.9211087816469017,214.55336910421448,331.13687312758395
15 Jul 2026 21:09:00.000000000,-6755.486707178415,-909.8185742726964,-906.2416530487885,1.4113502354659384,-4.4756239834956135,-5.999220492853685,0.008291003503425967,0.0011194834154556505,0.0011192078428157069,-7.7682800233863105,-62.96788499119154,498.7064839446296,6882.130305054741,0.0009585945616857005,53.00193601682022,1.9209931448712678,220.1935888986389,329.3044345187836
15 Jul 2026 21:10:00.000000000,-6655.948523959908,-1176.1486555197678,-1263.921362263181,1.9053765868427517,-4.398784915746439,-5.919052858602271,0.008168396056980621,0.0014463129862458339,0.001559384613203697,-10.80406978368027,-60.86572029599636,498.8339474291298,6881.809752254423,0.0009639188158091004,53.00092882489164,1.9207378350707773,225.99844430758782,327.3076165630143
15 Jul 2026 21:11:00.000000000,-6527.010817012434,-1437.2836568908297,-1616.0024790403638,2.3909721215111492,-4.302519079254745,-5.8126706516535185,0.00800947951621968,0.0017666922776208445,0.00199258223080199,-13.82106101191831,-58.71602113380911,499.05560616425277,6881.392653067289,0.000958157863178825,52.99961837163031,1.920290789730881,231.98895944024184,325.1254148314642
15 Jul 2026 21:12:00.000000000,-6369.244388257075,-1692.0704270728704,-1960.9258400848448,2.8659791278515048,-4.187256103649491,-5.680550382943501,0.007814988516758556,0.0020791829233872063,0.0024168495977538425,-16.813270024831187,-56.50410243293927,499.36517925860807,6880.886381956503,0.0009419957044459073,52.99802760513187,1.9196033187273223,238.19118348523114,322.73179752706767
15 Jul 2026 21:13:00.000000000,-6183.348083676893,-1939.384159748104,-2297.1643587216877,3.3282888665796517,-4.05351078143949,-5.52328432671488,0.007585822698827444,0.0023823863815705766,0.0028302814293435347,-19.774215119578525,-54.21430203980548,499.7548694011726,6880.299895490263,0.0009163036820414367,52.996184430906176,1.9186309659736474,244.6370320233287,320.09486381924717
15 Jul 2026 21:14:00.000000000,-5970.145561329371,-2178.133427764164,-2623.229882790822,3.7758513044419706,-3.9018804717708275,-5.341577487934737,0.0073230408944364115,0.0026749508722916622,0.0032310277857588968,-22.696774102614462,-51.82976112346329,500.21551531179716,6879.643572463778,0.0008821258814343566,52.99412122074872,1.9173342967811828,251.36541324597232,317.1757173081539
15 Jul 2026 21:15:00.000000000,-5730.581486258065,-2407.2650492654516,-2937.679853843117,4.206684471361123,-3.7330421009614265,-5.136244013947738,0.007027854391000298,0.0029555778640784685,0.003617303043547606,-25.573021731713215,-49.3322139438689,500.73676828995235,6878.929028630821,0.0008406621922211706,52.991874242320876,1.9156795968762628,258.42363708795517,313.9270566159099
15 Jul 2026 21:16:00.000000000,-5465.717176476976,-2625.768762430534,-3239.123735318077,4.618883388805309,-3.547748788418581,-4.908203086146959,0.006701619382121337,0.0032230280596200144,0.003987394236367211,-28.394043851551654,-46.70180311159818,501.3072893305493,6878.168909475694,0.0007932493635725777,52.98948301946835,1.9136394706499809,265.86907736445045,310.2915130199368
15 Jul 2026 21:17:00.000000000,-5176.725727138196,-2832.681687246834,-3526.2291796305153,5.01062852430164,-3.346826129043889,-4.658474331107788,0.00634582873129667,0.003476126846955408,0.0043396687136095895,-31.14972613776623,-43.91694764652613,501.914962927363,6877.376664845308,0.0007413402614606947,52.98698963454808,1.9111933279156508,273.7709752489598,306.1998467962068
15 Jul 2026 21:18:00.000000000,-4864.886642478937,-3027.0925546884323,-3797.7279065418998,5.380193734585994,-3.13116816492058,-4.388172793252948,0.005962103174139599,0.003713769193415036,0.004672581080678422,-33.82851769676279,-40.95430737199409,502.54712343074783,6876.566309571265,0.000686481193427958,52.98443798508016,1.9083277504939011,282.21209372112486,301.5692926470915
15 Jul 2026 21:19:00.000000000,-4531.58000718154,-3208.1456856558843,-4052.421267763647,5.725953667584058,-2.9017330799741505,-4.098503512677531,0.005552182091734672,0.003934923976523272,0.004984679406807999,-36.41717406209521,-37.788909689139146,503.1907896680975,6875.752174438148,0.0006302864272874863,52.98187300786565,1.9050367320097719,291.2895863602001,296.302690840661
15 Jul 2026 21:20:00.000000000,-4178.2802303458175,-3375.0447040736294,-4289.185475385481,6.046390601031644,-2.6595386513923978,-3.790755752260656,0.005117913974026624,0.004138637753760497,0.005274610697097406,-38.90049143943217,-34.394533965259654,503.8329034707011,6874.948651994405,0.000574407611077454,52.97933988430729,1.9013217865517924,301.113841525966,290.28964302138843
15 Jul 2026 21:21:00.000000000,-3806.5493963988597,-3527.0559705520914,-4506.976474364336,6.3401007027964305,-2.4056574909499755,-3.4662969176864906,0.004661246694486019,0.004324037990260752,0.005541125648377241,-41.261055672387236,-30.744482631025193,504.46056777480027,6874.169941757671,0.000520493392360008,52.97688324101892,1.8971919241563868,311.80316927820616,283.4118253418232
15 Jul 2026 21:22:00.000000000,-3418.0302579630675,-3663.51172498059,-4704.8344419019895,6.605799704653722,-2.1412121080634017,-3.1265662125678872,0.0041842176995124415,0.0044903357704656624,0.005783082718533411,-43.47904654619663,-26.8128993345924,505.06128007003815,6873.429799336226,0.00047013117510375435,52.974546359908494,1.892663493477782,323.4712647540683,275.55552519559797
15 Jul 2026 21:23:00.000000000,-3014.4389060192384,-3783.812928273826,-4881.887899023075,6.842327987187619,-1.8673698245154404,-2.7730680686355766,0.0036889442037251192,0.004636828029291094,0.0059994515522813876,-45.53216103015542,-22.57680635045204,505.62315714668523,6872.741293879235,0.0004247601323810481,52.97237041176552,1.8877598943540275,336.2044445170437,266.6344050367063
15 Jul 2026 21:24:00.000000000,-2597.55715268762,-3887.4317952233573,-5037.357421994657,7.048655078479145,-1.5853375684479987,-2.407365388074071,0.0031776134661079393,0.004762899344963832,0.006189315816051072,-47.395745648695254,-18.018995195241644,506.1351473342985,6872.1165780832425,0.0003855472059938129,52.97039372697789,1.8825111652841502,350.0290115353424,256.62213762493184
15 Jul 2026 21:25:00.000000000,-2169.2246616601647,-3973.914011984879,-5170.558943370604,7.223883573190851,-1.2963565725581703,-2.0310726317192884,0.002652473204517011,0.004868023341626449,0.00635187550334533,-49.04325102885298,-13.131771505049256,506.5872267180752,6871.5666747275955,0.00035323482175737716,52.96865111635271,1.8769534530597018,4.87818167948682,245.5854798043069
15 Jul 2026 21:26:00.000000000,-1731.3308608204782,-4042.8806331459546,-5280.906634371192,7.3672524814883475,-1.0016969985819724,-1.6458487831742852,0.0021158221833011645,0.004951763746188066,0.0064864487683246,-50.44712577265357,-7.921283290298057,506.9705761560977,6871.1012833953655,0.000328005828366741,52.96717325413401,1.8711283739546072,20.58002060044288,233.6963359490479
15 Jul 2026 21:27:00.000000000,-1285.8066709208838,-4094.029654558229,-5367.915362016154,7.478140018937814,-0.7026525072524942,-1.25339021510354,0.001570000995439789,0.005013775150248596,0.006592473354407383,-51.58022968850571,-2.4117463538311465,507.2777362906303,6870.728610663373,0.00030944958218124066,52.965986134207355,1.8650822777586151,36.888820262492494,221.20038179798846
15 Jul 2026 21:28:00.000000000,-834.6160835957469,-4127.137259170256,-5431.202715874716,7.556065849064688,-0.40053479022197686,-0.8554234803928411,0.001017383038909883,0.005053803521265474,0.006669507676898783,-52.41774636406352,3.35157800515416,507.5027381421457,6870.455226626312,0.0002967047420412989,52.96511060918561,1.8588654276937902,53.55759835560253,208.34456544623347
15 Jul 2026 21:29:00.000000000,-379.74762107002874,-4142.058734035028,-5470.4906005989915,7.600692789866709,-0.09666807776397941,-0.4536980472744857,0.0004603656703607864,0.0050716864993102136,0.006717231608939349,-52.9394107896185,9.302049967049696,507.64120728847524,6870.285950159639,0.00028877189270701617,52.964562020593206,1.8525311107547073,70.41290837312562,195.30229770284853
15 Jul 2026 21:30:00.000000000,76.79429050473959,-4138.729057396549,-5485.6063914076285,7.611827994129006,0.20761636595087285,-0.04997899476014397,-9.863849171240477e-05,0.005067353517003351,0.006735447022233028,-53.13168254461058,15.355073581151109,507.690440057738,6870.223764834958,0.00028488877278383916,52.964349926747516,1.8461346943210923,87.3844224219247,182.14386973960603
15 Jul 2026 21:31:00.000000000,532.9980028459805,-4117.1631554291225,-5476.483650615504,7.589423611307739,0.5109857500072036,0.35396031778615306,-0.000657210156867719,0.005040825761420625,0.0067240781095747855,-52.9893806038637,21.415393157897327,507.6494505982032,6870.26976688434,0.00028482830623651574,52.9644779331927,1.839732645744319,104.4713196144534,168.8700651742901
15 Jul 2026 21:32:00.000000000,986.853351570309,-4077.4558287562195,-5443.162404055082,7.533576936034732,0.812111257465085,0.7563455947236508,-0.0012129318931859618,0.004992215996645238,0.006683171516195687,-52.516348265184725,27.386972102191145,507.5189881278197,6870.4231460756855,0.0002890186657443437,52.964943628712724,1.8333815323875853,121.66362703092076,155.4908195926586
15 Jul 2026 21:33:00.000000000,1436.3603557860881,-4019.781349385258,-5385.788976922518,7.444530045254299,1.1096735313510102,1.155408950552483,-0.001763396650929302,0.004921728247614264,0.006612896283097386,-51.724957757556,33.18306881429057,507.30152410819477,6870.681199816229,0.0002984392973533271,52.965738628067605,1.8271370198402872,138.85776092796903,142.10967982482757
15 Jul 2026 21:34:00.000000000,1879.5378806056249,-3944.3927291870073,-5304.615389236621,7.322668922839149,1.4023681375854293,1.5493962474287877,-0.002306216332361405,0.004829657343573696,0.006513543602355943,-50.63459720901759,38.734036536139705,507.00120953102214,6871.039380251554,0.00031430449640977164,52.96684872069071,1.8210528861989626,155.8147793983488,128.9655517637185
15 Jul 2026 21:35:00.000000000,2314.432231762898,-3851.6206615643796,-5199.998311775075,7.168522067487336,1.6889109958293045,1.9365744117784909,-0.0028390304550439593,0.004716388299456047,0.006385526357459415,-49.26954634140393,43.99135093075928,506.62380294734226,6871.49137358153,0.0003376336571687935,52.968254122695654,1.8151800698541791,172.19772064468594,116.39536255477623
15 Jul 2026 21:36:00.000000000,2739.125651176762,-3741.872138528304,-5072.397584103734,6.982758577006378,1.968043767998033,2.315238716446668,-0.003359514950296639,0.004582395514470076,0.006229378422707285,-47.65672936416602,48.92778516075205,506.1765703100532,6872.029210277516,0.00036888826953701374,52.96992982769731,1.8095657677827484,187.67410739568479,104.73155662105086
15 Jul 2026 21:37:00.000000000,3151.744681857343,-3615.6287460495278,-4922.374297163282,6.766185699930814,2.23853919244728,2.6837200126041814,-0.003865391126758874,0.0044282417530738276,0.006045753676372335,-45.8237388489604,53.53473871780434,505.6681581359319,6872.64340436563,0.0004078259816930094,52.97184605019075,1.8042526002924821,202.01633204815207,94.20171093364218
15 Jul 2026 21:38:00.000000000,3550.4683697913283,-3473.4446413783135,-4750.588443956143,6.5197458441118465,2.4992063495445453,3.040391892603001,-0.004354434812905912,0.004254576866662709,0.005835424672572472,-43.79734306108593,57.818115914604014,505.1084419210786,6873.323119443452,0.00045357723306613604,52.97396875358237,1.7992778571211345,215.1408383305927,84.8893537241237
15 Jul 2026 21:39:00.000000000,3933.536270036852,-3315.944216888881,-4557.796143019622,6.244513031343865,2.748895841975588,3.3836777618578577,-0.004824485680245818,0.004062136215367054,0.005599280917666372,-41.60251773595584,61.79395778272949,504.50835216005845,6874.056358634052,0.0005048326240863338,52.97626025346207,1.7946728382018926,227.08507253506772,76.75701358760199
15 Jul 2026 21:40:00.000000000,4299.256223364513,-3143.819456146953,-4344.846440876782,5.9416887877605955,2.9865048702655774,3.7120577939610078,-0.005273456726480326,0.0038517387409283173,0.00533832668490651,-39.261932861682496,65.48458388594196,503.8796807177034,6874.830175253152,0.00056002892144711,52.978679885369154,1.7904623008030212,237.95862889073985,69.69507439688738
15 Jul 2026 21:41:00.000000000,4646.011869325419,-2957.8269891199116,-4112.677701284598,5.612597461359739,3.2109821812973562,4.024075739579816,-0.005699343882402742,0.0036242846462172574,0.00505367830669715,-36.79577964866119,68.91556893109457,503.234870677389,6875.630900586326,0.0006174843893913925,52.981184725161505,1.7866640228021664,247.899525445658,63.56549965713501
15 Jul 2026 21:42:00.000000000,4972.269861139827,-2758.784854874153,-3862.3135910025194,5.258680960843602,3.421332864887336,4.318345555943979,-0.006100235683989221,0.003380752636365704,0.004746560882057298,-34.22182235127185,72.11358416811427,502.58679313193704,6876.444384846084,0.0006754835046660112,52.98373034916975,1.7832884897916605,257.04642539691974,58.22961135728147
15 Jul 2026 21:43:00.000000000,5276.58674755802,-2547.568981677889,-3594.8586739184525,4.881492913893672,3.616622971010237,4.593557820283851,-0.006474322938666514,0.0031221966855734177,0.004418304348733767,-31.55558082089586,75.10498229672385,501.9485146846834,6877.2562471148685,0.0007323280503960008,52.9862716206197,1.7803387115117444,265.52498518978075,53.561741995118574
15 Jul 2026 21:44:00.000000000,5557.615486878799,-2325.1093961378892,-3311.493627672154,4.482692247962983,3.795983918160857,4.848485887591705,-0.006819908291067142,0.0028497422957080563,0.0040703388711663836,-28.81057632929955,77.91495526694372,501.33305967799987,6878.052129883006,0.0007863702353719574,52.98876348835031,1.7778101707814702,273.443137494896,49.45395166528541
15 Jul 2026 21:45:00.000000000,5814.111558666399,-2092.3861748258273,-3013.4700993869615,4.064036202569242,3.958616661726502,5.08199175070319,-0.007135415584752598,0.0025645822260511927,0.0037041895129105665,-25.998596959413714,80.56710104022571,500.75317135516843,6878.817953669383,0.0008360375840683945,52.9911617836499,1.7756909057366481,280.89098711447105,45.816132158833014
15 Jul 2026 21:46:00.000000000,6044.938639451807,-1850.4251537495888,-2702.105219703855,3.6273727887247382,4.1037955902401215,5.293031559106433,-0.007419398903291922,0.002267971682868701,0.0033214701741240333,-23.129956898568796,83.08326509054886,500.22107627863,6879.540167170339,0.0008798544833086292,52.99342400108063,1.7739617238404166,287.94266113463897,42.57415675753016
15 Jul 2026 21:47:00.000000000,6249.073809864122,-1600.2934129719465,-2378.775796963308,3.1746327183675827,4.230872117066118,5.480660752196423,-0.007670551168453486,0.001961222970274342,0.0029238767914237076,-20.213736348960097,85.48355653712801,499.7482563645721,6880.2059884244,0.0009164623546828356,52.99551004946192,1.772596543764949,294.6587250763753,39.6674639720729
15 Jul 2026 21:48:00.000000000,6425.612262248448,-1343.0945556186216,-2044.9122160356221,2.7078208342241705,4.339277935514924,5.644038763001507,-0.007887712162478907,0.001645699614767972,0.0025131798117297224,-17.257996641028512,87.786468906446,499.34523284263935,6880.803632607327,0.0009446389315097687,52.997382959729016,1.771562858969413,301.08852983177337,37.046710439860156
15 Jul 2026 21:49:00.000000000,6573.771479894369,-1079.963802405766,-1701.9920689072626,2.2290070782025095,4.428527906620065,5.782433249766905,-0.00806987585547188,0.0013228099934136826,0.0020912159755045803,-14.269969806634164,90.00905904023433,499.02136630600654,6881.322522286366,0.000963316449412203,52.99900953716496,1.7708223146916398,307.27224405188235,34.6717383195003
15 Jul 2026 21:50:00.000000000,6692.894861524741,-812.0629246114032,-1351.5335466104707,1.740317043927114,4.49822255084602,5.895223815212826,-0.008216196907735004,0.000994000503930842,0.001659879455451866,-11.256224439453236,92.16715476598834,498.78467677681147,6881.753476259172,0.0009715983086028691,53.00036094650642,1.7703313880052565,313.24250767433267,32.50992149811242
15 Jul 2026 21:51:00.000000000,6782.454767658042,-540.5750400556008,-995.0886243886101,1.2439221661299162,4.548050117810272,5.981905176759528,-0.008325996237144553,0.0006607483311738803,0.001221112419033752,-8.222810946040937,94.2755737963293,498.64168737811195,6882.088873481668,0.0009687737139087303,53.00141321962919,1.7700421588415294,319.02571412311704,30.53488308410738
15 Jul 2026 21:52:00.000000000,6842.054968824269,-266.6992981140785,-634.2360740533248,0.7420296060715904,4.577788211636059,6.0420897554719915,-0.00839876555186308,0.0003245538744758126,0.000776895096788792,-5.175389818073942,96.34834424786351,498.59729477787647,6882.322789040093,0.000954329835384234,53.00214767690456,1.7699031582379003,324.64294530358063,28.725560068118696
15 Jul 2026 21:53:00.000000000,6871.4324793446185,8.354518996260706,-270.5743392485656,0.23687189773576386,4.587304953731488,6.0755096568233355,-0.00843417076098436,-1.3067090065782274e-05,0.0003292354517190762,-2.1193466841566426,98.3989223128456,498.6546690629057,6882.451099639603,0.0009279611074615219,53.00255125485791,1.7698602787520763,330.1105694676782,27.06560508340889
15 Jul 2026 21:54:00.000000000,6870.4587644096755,283.3714504599233,94.28568923455408,-0.2693035759409479,4.576559669501543,6.082018022470553,-0.00843205420029158,-0.0003505914295984699,-0.00011984144265237964,0.9401021566142307,100.44040585119647,498.81518512058676,6882.471556652982,0.0008895753765394448,53.00261673442923,1.7698577308830314,335.44047276541664,25.543154456606146
15 Jul 2026 21:55:00.000000000,6839.140312451504,557.1368377841802,458.727959917466,-0.7742452042740038,4.545603090622692,6.06158973892418,-0.008392435627970108,-0.0006864967689396048,-0.0005683042003586215,3.997810130608289,102.48574461256187,499.0783869703267,6882.383825387611,0.0008392967101736452,53.002342865900495,1.7698390285658934,340.6398183837639,24.15106865469752
15 Jul 2026 21:56:00.000000000,6777.618569215353,828.441803205526,821.1385700619205,-1.2757077930041756,4.494577069897205,6.014321496085313,-0.00831551197354777,-0.001019269608326721,-0.001014125976667738,7.048603225394188,104.54794885054817,499.4419858092699,6882.189489871082,0.000777464801834692,53.001734388385174,1.7697479863195387,345.71007008463243,22.887908324044606
15 Jul 2026 21:57:00.000000000,6686.169234420044,1096.088696378417,1179.9130590674808,-1.7714631564666972,4.423713811205536,5.940431195923291,-0.00820165583595106,-0.0013474133522313777,-0.0014552952547942073,10.087181823516264,106.6402984860445,499.9018918393797,6881.892023113051,0.0007046310695028701,53.00080194364013,1.7695297104378114,350.64466216404395,21.7602639068351
15 Jul 2026 21:58:00.000000000,6565.200926366552,1358.8964804542845,1533.4636470709124,-2.259310583700263,4.33333462253455,5.840256718868089,-0.00805141276995064,-0.001669456160485731,-0.001889826445908832,13.108018076209476,108.77655480418007,500.4522792435942,6881.496723457292,0.000621551833542777,52.9995618858235,1.7691315667329515,355.4238013602551,20.787953314600436
15 Jul 2026 21:59:00.000000000,6415.2532242230645,1615.7060293120912,1880.2263806562166,-2.7370871067950646,4.223848205314075,5.714254062582891,-0.007865497399819201,-0.0019839585356224957,-0.002315770186263438,16.105245284159487,110.9711758924544,501.0856829985273,6881.0106182785075,0.0005291796338911432,52.99803599065421,1.7685041078231316,0.0023109052043812895,20.016177471780964
15 Jul 2026 22:00:00.000000000,6236.994101907399,1865.3853086350052,2218.668148651089,-3.2026775034315436,4.095748498204937,5.562994874470067,-0.007644788439166581,-0.0022895205689850012,-0.002731223225005539,19.072535645438315,113.23953547436302,501.7931255679799,6880.442336888702,0.0004286558467892601,52.99625106919498,1.7676019436484391,4.277725901782522,19.547424553782434
15 Jul 2026 22:01:00.000000000,6031.216771422399,2106.8344147611906,2547.293532450012,-3.6540239704495323,3.9496120979046068,5.387163405358311,-0.007390322705624485,-0.002584788776583361,-0.003134337807046681,22.002962647638768,115.59814213643446,502.5642709338416,6879.801955085291,0.0003213164402678449,52.99423849315199,1.7663845399393168,7.989007055443358,19.64275589759485
15 Jul 2026 22:02:00.000000000,5798.8359571119245,2338.99044671047,2864.6514571029993,-4.0891354112068665,3.7860952833578034,5.1875529171605095,-0.007103288236851118,-0.0028684624667408383,-0.0035233304691995953,24.88884442325782,118.06485166605441,503.38760290252867,6879.100814284605,0.00020877492216107957,52.99203364013039,1.764816930654753,10.274142493218367,21.16420385795659
15 Jul 2026 22:03:00.000000000,5540.8836255398965,2560.8321884703064,3169.3416115015357,-4.50609628624852,3.605930672884391,4.965061581747019,-0.0067850166252494525,-0.0031392995932558567,-0.003896490182839277,27.72156472880692,120.6590585540757,504.2506241882953,6878.351318631545,9.378865518367014e-05,52.989675268679605,1.7628703319406922,5.926583290359143,29.318335994231944
15 Jul 2026 22:04:00.000000000,5258.5041985058715,2771.384580470587,3460.0206083273065,-4.903074984188443,3.4099235460963517,4.7206879117437275,-0.00643697470099081,-0.0033961220624978386,-0.004252185795304844,30.49136913636868,123.40184264360833,505.14007242709357,6877.566713849135,3.9815734650371005e-05,52.98720483418238,1.7605226468891277,249.18571980547125,149.86577849181808
15 Jul 2026 22:05:00.000000000,4952.949279068033,2969.7229611427374,3735.407856940533,-5.278331677459231,3.198947864026241,4.455525766374754,-0.006060755691886042,-0.0036378204747957187,-0.004588872738210391,33.187135996906484,126.31603216805973,506.0421490213798,6876.760851886321,0.00015218336733477655,52.98466575766483,1.7577588523311296,222.0369813257337,180.82111632036214
15 Jul 2026 22:06:00.000000000,4625.571922335301,3154.977061487813,3994.2911250110624,-5.630225635452242,2.9739420216263297,4.170758976799567,-0.005658069990844816,-0.0038633582944403292,-0.004905098989156096,35.79612543553886,129.42612374553903,506.9427565577294,6875.947945634404,0.0002703852807973382,52.98210266041534,1.7545712609538162,222.33405305813076,184.3306760958679
15 Jul 2026 22:07:00.000000000,4277.8204842146015,3326.3347376292977,4235.5317673706995,-5.957221975302099,2.735904366735478,3.8676556356594625,-0.005230735659046197,-0.004071775456794687,-0.005199510292542528,38.30371604116644,132.75797259446443,507.82774047372595,6875.142318110957,0.00038650699526827795,52.979560577883454,1.7509596542416934,225.32924961569083,185.1421524997539
15 Jul 2026 22:08:00.000000000,3911.232082263473,3483.0454283526487,4458.069603235245,-6.257897837929843,2.485888518794653,3.5475620947922977,-0.00478066878206581,-0.0042621914319669486,-0.005470854660048012,40.69314924683618,136.3381335217881,508.68313067259464,6874.358150555348,0.000498406633476407,52.97708416667748,1.7469312840146483,229.11413510379228,185.1639881509586
15 Jul 2026 22:09:00.000000000,3527.425703346554,3624.4233265832263,4660.927425537708,-6.530947983707731,2.2249985191082633,3.2118967133977816,-0.00430987378310121,-0.00443380777313884,-0.005717986183521269,42.94531692555897,140.19270070333343,509.49537888673916,6873.609233845366,0.0006043331633117666,52.97471691858485,1.7425007426182313,233.2281964392753,184.85670029849598
15 Jul 2026 22:10:00.000000000,3128.094992952487,3749.850255602317,4843.215128589381,-6.775189808070521,1.9543838423815616,2.8621433964483205,-0.0038204337888271766,-0.004585910191026822,-0.005939868211401227,45.03864908387294,144.34547577199453,510.2515877653054,6872.90872753335,0.0007026828841270216,52.972500395402584,1.7376897041269608,237.50616929436296,184.3855549416576
15 Jul 2026 22:11:00.000000000,2715.000760856181,3858.7782425093883,5004.133442590746,-6.98956778240184,1.6752342967379965,2.4998449599986836,-0.0033145011202195683,-0.004717870198655542,-0.0061355759442448645,46.949184330699374,148.81531586515752,510.9397278964408,6872.268930618705,0.0007919781221493457,52.97047349798673,1.7325265411947806,241.87486083826377,183.82374420322517
15 Jul 2026 22:12:00.000000000,2289.9632373673353,3950.7317829828967,5142.977265618154,-7.17315732945613,1.3887748365686454,2.1265963564153507,-0.002794287962717818,-0.0048291463732485765,-0.00630429850948206,48.6509302991045,153.61261711428259,511.54883926167224,6871.701067927338,0.0008708786502331099,52.96867178232124,1.727045824326534,246.2973416449644,183.20819458453673
15 Jul 2026 22:13:00.000000000,1854.8541137590728,4025.309792761295,5259.138585585314,-7.3251681453614985,1.096260309524801,1.744037788617564,-0.002262057256983504,-0.004919285292844857,-0.006445340590312181,50.116631631521166,158.73512078860162,512.0692139478421,6871.215095665687,0.0009381993872238854,52.96712683457259,1.7212877124260193,250.75327369971197,182.5592391663756
15 Jul 2026 22:14:00.000000000,1411.5883997250635,4082.1872424441717,5352.108986305605,-7.444946981854824,0.798970155913132,1.3538477384120213,-0.001720113822005338,-0.004987922191579397,-0.006558123666991954,51.31903886470332,164.16360817487663,512.4925573018638,6870.819529362196,0.0009929282480260785,52.965865716059426,1.7152972453152813,255.23073560878225,181.88879264648327
15 Jul 2026 22:15:00.000000000,962.1161297334304,4121.116473238996,5421.4817332011935,-7.531979902910859,0.4982030756779816,0.957735929936626,-0.0011707957122900567,-0.005034781385652474,-0.0066421869397832655,52.23268965685333,169.85850950365514,512.8121250972757,6870.5212970132225,0.0010342421433343569,52.964910487835866,1.7091235507110383,259.7223940906127,181.20418013140798
15 Jul 2026 22:16:00.000000000,508.41394955619035,4141.928192067401,5466.953435300718,-7.585894029237688,0.1952716755921925,0.5574362457621681,-0.0006164657899580822,-0.005059676512897426,-0.006697187991696248,52.836065660193015,175.7587826458187,513.0228346815579,6870.325619817282,0.0010615202646714916,52.96427782319457,1.7028189795428772,264.22353198454,180.5101094394774
15 Jul 2026 22:17:00.000000000,52.47661319866679,4144.532145170224,5488.325281182115,-7.606458782635756,-0.10850289329350213,0.15469960971747296,-5.9503477397603155e-05,-0.0050625106199722264,-0.006722903237881954,53.113803838442834,-178.21570336385182,513.1213484848311,6870.235922420149,0.0010743541939047274,52.96397871485422,1.6964381848043328,268.73094063330205,179.8097790536218
15 Jul 2026 22:18:00.000000000,-403.69158001514705,4128.917469867302,5485.503847232148,-7.593586639776835,-0.41179629967616277,-0.24871315198857882,0.0004977033542075816,-0.0050432761261201275,-0.006719228202182762,53.058500275264116,-172.157852682726,513.1061286888865,6870.2537741092,0.0010725545634084567,52.964018281942636,1.6900371600627946,273.2422344798812,179.10556387633386
15 Jul 2026 22:19:00.000000000,-858.0853790147133,4095.1527245920397,5458.501477235563,-7.547333401987689,-0.7132863906564452,-0.651038461784263,0.001052766414720915,-0.005002054680607304,-0.006686177645888265,52.67164783573905,-166.16401041604468,512.9774622778579,6870.378861895578,0.001056154107124514,52.96439568014266,1.6836722545109406,277.7553666961974,178.3994999624559
15 Jul 2026 22:20:00.000000000,-1308.7071763008364,4043.3855977055714,5407.436232829989,-7.467897984211478,-1.011658538915739,-1.0505171454618798,0.001603305002323058,-0.004939016921707722,-0.006623885561568816,51.96344353746992,-160.3237679957538,512.7374561163746,6870.608995912061,0.0010254070303662168,52.965104116567325,1.6773991817742249,282.2682149390245,177.6936991273043
15 Jul 2026 22:21:00.000000000,-1753.5755761935409,3973.842295956742,5332.531414845111,-7.3556217227319145,-1.3056109724402722,-1.4454015824912223,0.002146954047941993,-0.004854422132386841,-0.006532605027878411,50.95152125259198,-154.7114415337277,512.3900021263509,6870.940147039658,0.00098078470396199,52.96613096910305,1.6712720398838965,286.7781337493414,176.99079690679855
15 Jul 2026 22:22:00.000000000,-2190.7339070478665,3886.8266138288664,5234.114656035118,-7.210987197712904,-1.5938600802787863,-1.8339628432309276,0.0026813722541602705,-0.004748617780482535,-0.006412707911220341,49.65895795697509,-149.38102954275666,511.94071305848905,6871.366516161884,0.0009229677639709193,52.96745800813532,1.6653423595393602,291.2813525998718,176.29455485775316
15 Jul 2026 22:23:00.000000000,-2618.2586481566245,3782.718685433877,5112.616586260986,-7.034616563354337,-1.8751456867030327,-2.2144978029660587,0.003204250379295387,-0.004622038918583514,-0.006264684383120395,48.11203412854512,-144.36509262880563,511.3968297786531,6871.880633938412,0.0008528347781292014,52.96906171678517,1.6596581973793696,295.7720224365729,175.61081434581803
15 Jul 2026 22:24:00.000000000,-3034.267741473038,3661.973421138388,4968.569071855669,-6.827269375751754,-2.148236284390191,-2.585336220478062,0.003713319705689647,-0.004475207409756912,-0.006089142209544237,46.33817490837735,-139.67678262959066,510.76710141026336,6872.473489494328,0.0007714477362988085,52.97091370406291,1.6542632901309047,300.2405174790493,174.94919504914787
15 Jul 2026 22:25:00.000000000,-3436.928757771371,3525.1186316938015,4802.603031677694,-6.589839906457014,-2.411934215163846,-2.9448477661399917,0.004206360720197748,-0.004308730941074535,-0.0058868057623828254,44.36433205292726,-135.313676504931,510.0616400900611,6873.13468594481,0.0006800347665745576,52.9729812037224,1.6491962845010097,304.6700969816261,174.32643347089217
15 Jul 2026 22:26:00.000000000,-3824.466885869695,3372.752843467285,4615.445833426814,-6.323353928682774,-2.665080784100686,-3.2914489809366714,0.004681212017907468,-0.004123301779065457,-0.00565851469229193,42.21588773932006,-131.2621355659941,509.29175250283873,6873.852620222809,0.0005799707743448156,52.97522765009818,1.6444900562939648,309.02962457056157,173.77366383841078
15 Jul 2026 22:27:00.000000000,-4195.1727129515875,3205.5428092470756,4407.918274964084,-6.028964962877594,-2.9065612901207487,-3.623610144211042,0.005135779418960985,-0.003919695215345649,-0.005405222193432965,39.916034170845066,-127.50131614054224,508.4697507554089,6874.614684255779,0.0004727575326472579,52.9776133208595,1.6401711307773565,313.2554990877928,173.35448745470768
15 Jul 2026 22:28:00.000000000,-4547.409763120595,3024.220720233556,4180.93115687508,-5.707949969431862,-3.1353099531163875,-3.939862023829722,0.005568045278357657,-0.0036987676585273116,-0.0051279928008194165,37.485522259757516,-124.00640586343854,507.60874552660295,6875.407484155984,0.00036000789235756205,52.980096035438365,1.6362592144655792,317.1979867997959,173.21864063905892
15 Jul 2026 22:29:00.000000000,-4879.621760690121,2829.5811260949417,3935.4814542081763,-5.361704478393409,-3.350314714749109,-4.238802478472063,0.005976077936380954,-0.003461454317268501,-0.004827999644908768,34.94266254256456,-120.75099163298488,506.7224247797743,6876.217073750403,0.00024345553439512308,52.98263189690938,1.6327668466124563,320.41038810879405,173.81282811638565
15 Jul 2026 22:30:00.000000000,-5190.339584180923,2622.477571429728,3672.648097270731,-4.991737149382814,-3.5506218872195596,-4.519102877871758,0.006358041249357841,-0.003208766434155886,-0.004506521107571025,32.303478507817736,-117.70865017990688,505.82482163940153,6877.029198492254,0.00012517125633241535,52.98517606432751,1.6296991765728086,320.7413076692964,177.28845294992703
15 Jul 2026 22:31:00.000000000,-5478.187876723542,2403.818958590417,3393.5873735334826,-4.599663759309929,-3.7353406218069307,-4.7795143033363985,0.00671220411725218,-0.0029417880304704494,-0.004164936823338764,29.5819384653644,-114.85392369903583,504.9300753039457,6877.829545571545,2.011619855098186e-05,52.987683541987764,1.6270538710387579,256.16424953529753,245.67202139037573
15 Jul 2026 22:32:00.000000000,-5741.89127858147,2174.565648578197,3099.5279650529146,-4.187200620924388,-3.9036471668853743,-5.018873487904547,0.007036949909577063,-0.00266167213136803,-0.00380472298189962,26.79021677585599,-112.16284778451416,504.0521890829746,6878.603995883062,0.00011604204367370538,52.99010997176002,1.6248211528569578,169.16744985991104,336.47531011917613
15 Jul 2026 22:33:00.000000000,-5980.28024788017,1935.725313586741,2791.765638341198,-3.756157441551158,-4.05478888358426,-5.236108453232669,0.0073307856766298045,-0.0023696364505686788,-0.0034274469002327024,23.938954701003674,-109.61317352142076,503.20478979771303,6879.338873425013,0.0002307710122998042,52.992412414585836,1.6229839708120066,169.14063968967537,340.30860334415115
15 Jul 2026 22:34:00.000000000,-6192.296436407867,1688.348556701253,2471.6576062367117,-3.3084296383703586,-4.188087986380211,-5.430243798886515,0.007592351026398189,-0.0020669585268440834,-0.003034760849973545,21.037504820556617,-107.18439196017073,502.4008928608041,6880.02118769322,0.0003416611659598291,52.9945501073978,1.6215182975508609,172.44368322642455,340.812054375963
15 Jul 2026 22:35:00.000000000,-6376.997588559815,1433.5243162437728,2140.616584007571,-2.8459901341231535,-4.302944975740332,-5.600405599246778,0.007820426538456998,-0.001754970315686264,-0.0026283951401768445,18.09415184645471,-104.85763794163726,501.65267734468637,6880.638864708604,0.0004467996913669847,52.996485182137924,1.6203935504291767,176.60825986553115,340.45400337892426
15 Jul 2026 22:36:00.000000000,-6533.561933177104,1172.3750741953659,1800.104564589561,-2.37088066488427,-4.398841730575219,-5.74582586381056,0.008013941581416207,-0.001435052252732422,-0.002210150473028051,15.116308046001311,-102.61552513142692,500.97127525202285,6881.180962472112,0.0005447393106161962,52.998183334199695,1.619573128049037,181.15036610406835,339.7184752058817
15 Jul 2026 22:37:00.000000000,-6661.292040161966,906.0518900360345,1451.6263404678384,-1.8852026393439945,-4.475344229684803,-5.865846518311383,0.008171981413234298,-0.0011086268216669417,-0.0017818896118845708,12.110684520318761,-100.44194553694952,500.36657901189307,6881.637866880884,0.0006342332538981484,52.99961442849208,1.6190150531158707,185.91437342530418,338.7611212148102
15 Jul 2026 22:38:00.000000000,-6759.618116355732,635.7292831179656,1096.7228021708736,-1.391107596572854,-4.532104873624717,-5.959922866805162,0.008293793431447706,-0.0007771516679432623,-0.0013455284121520151,9.083441145885562,-98.3218537363359,499.847070940685,6882.001464460293,0.0007142145685815597,53.000753032401725,1.6186727104074305,190.83852661681476,337.6437206147749
15 Jul 2026 22:39:00.000000000,-6828.100718193908,362.5999883301844,736.9640456263055,-0.8907873163148722,-4.56886438142279,-6.027626498623125,0.008378792470606236,-0.0004421123168491188,-0.0009030262892659457,6.040318679813229,-96.24104723547842,499.4196780289142,6882.265288664588,0.000783803026517261,53.00157886620352,1.6184956669073274,195.8968459371906,336.3922779318308
15 Jul 2026 22:40:00.000000000,-6866.432862091926,87.86961122488593,373.9423226392194,-0.38646364216706486,-4.585453240293843,-6.068647608815266,0.008426565043156607,-0.00010501456212801882,-0.0004563762082174842,2.9867567463388762,-94.18594859607431,499.0896549508041,6882.424636968013,0.0008423156061754488,53.00207716290603,1.6184305597890452,201.08000293150846,335.01614680090967
15 Jul 2026 22:41:00.000000000,-6874.441517295518,-187.24879002468103,9.264870464782708,0.11962191660024267,-4.581792690824986,-6.082796706276713,0.0084368724467382,0.00023262339770334286,-7.594294632624777e-06,-0.07199859251419989,-92.14339130669221,498.86049765072323,6882.476656498514,0.0008892756203767116,53.002238931104074,1.6184220366289401,206.38786694267955,333.515483043278
15 Jul 2026 22:42:00.000000000,-6852.088470002923,-461.5401675582491,-355.45334219868465,0.625218734571823,-4.557895234938253,-6.070005690026691,0.00840965267362588,0.0005692789914257449,0.00044129082339241463,-3.1307940787987882,-90.10040912528433,498.7338892534253,6882.42039654897,0.0009244190585114029,53.002061116108536,1.6184137313258444,211.8263208012914,331.88442855403616
15 Jul 2026 22:43:00.000000000,-6799.470551854695,-733.7929627639957,-718.5969145054019,1.128077698063011,-4.513864659140674,-6.0303282809246435,0.008345021087265156,0.000903433386323256,0.0008882488251771833,-6.1844718105454515,-88.04402735342669,498.70967938799134,6882.256826921659,0.0009476976352506642,53.00154665641173,1.6183492585203225,217.4058982033575,330.11247349759566
15 Jul 2026 22:44:00.000000000,-6716.819230313162,-1002.8045720436673,-1078.5573192070913,1.6259618367315518,-4.449895570999805,-5.963939803271412,0.008243269849712635,0.0012335795873081013,0.0013312585382140505,-9.227771658545896,-85.96105393783009,498.78589732725976,6881.988821708647,0.0009592783723533571,53.00070443438842,1.6181732090333067,223.14131654732464,328.18492304726294
15 Jul 2026 22:45:00.000000000,-6604.499562934656,-1267.386770262537,-1433.7401758922574,2.116656884122743,-4.366272452281116,-5.871136318052754,0.008104866107634445,0.001558230432246292,0.0017683186876135987,-12.255230097647683,-83.83786830783805,498.95879864393237,6881.621108768127,0.0009595397082079742,52.99954912199897,1.6178321286929493,229.05152340260457,326.0828505041659
15 Jul 2026 22:46:00.000000000,-6463.008521989475,-1526.3710631133283,-1782.5724530770954,2.597981693592576,-4.263368237595095,-5.75233311683108,0.007930448972368394,0.0018759263952717667,0.0021974584353274275,-15.26107193481597,-81.66020645325541,499.2229443922666,6881.160185809851,0.0009490642414958478,52.99810092411795,1.6172754632689255,235.16009442858436,323.7826989838973
15 Jul 2026 22:47:00.000000000,-6292.972700220777,-1778.61394030601,-2123.5095612515806,3.0677984386911703,-4.141642432572047,-5.608062592272337,0.007720825348432091,0.002185243114943151,0.002616747596515676,-18.23909130698384,-79.4129420598958,499.5713111590917,6880.614204637095,0.0009286283025199403,52.996385223925685,1.616456452746564,241.4959176904047,321.25559673170955
15 Jul 2026 22:48:00.000000000,-6095.145412675195,-2023.002002488118,-2455.042300124628,3.5240225310188924,-4.001638790362802,-5.438971507815439,0.007476964682784181,0.002484798570644615,0.003024306428130569,-21.182518216964,-77.07986583505274,499.9954297090829,6879.992825693394,0.0008991886143405004,52.99443213653992,1.615332959131157,248.09414314786088,318.466407296598
15 Jul 2026 22:49:00.000000000,-5870.403213414509,-2258.4569360475975,-2775.703624831094,3.9646321936481876,-3.843982569534034,-5.245817694872264,0.007199992734139729,0.0027732598424191476,0.0034183148995480675,-24.083866862645557,-74.64346893956336,500.485549392004,6879.307045616341,0.0008618663491838214,52.99227597869916,1.6138682130115705,254.99738950404412,315.3725223838631
15 Jul 2026 22:50:00.000000000,-5619.741849458189,-2483.9403114597894,-3084.075197709122,4.387677634275937,-3.6693774000614123,-5.029466211035144,0.00689118446776425,0.003049349399116727,0.003797021367568152,-26.934762245061442,-72.0847423941368,501.0308249984184,6878.569000996727,0.0008179288834152483,52.98995466380761,1.6120314656455885,262.25718560112267,311.9224202043247
15 Jul 2026 22:51:00.000000000,-5344.271677465529,-2698.458182525925,-3378.793694386131,4.791289769101358,-3.478601787053746,-4.790884996939822,0.006551956191129419,0.003311850870765831,0.004158750592360007,-29.72574226828278,-69.38301340934419,501.61952235460967,6877.791751969083,0.0007687694656021186,52.987509032988065,1.6097985348796278,269.9355671825701,308.05406850576566
15 Jul 2026 22:52:00.000000000,-5045.212571398693,-2901.0654657076193,-3658.5568352577234,5.173688455793856,-3.2725052839894726,-4.531140072603863,0.006183857065928818,0.0035596142798861776,0.004501911055164589,-32.446034175569025,-66.51585302279373,502.2392386442447,6876.989049611601,0.0007158847596755862,52.98498213393938,1.6071522351988938,278.10662228807684,303.69337902437417
15 Jul 2026 22:53:00.000000000,-4723.888351687238,-3090.8700807107743,-3922.129115965935,5.533190201573838,-3.0520043685987583,-4.251390316167611,0.0057885601137283174,0.003791560711501855,0.00482500154586111,-35.083307326941785,-63.45910854219367,502.877133236248,6876.175091403193,0.0006608496746756578,52.98241846033675,1.6040826841396456,286.8575289909149,298.7531696496323
15 Jul 2026 22:54:00.000000000,-4381.720768238026,-3267.0368354865514,-4168.347213089203,5.868215320109632,-2.8180780550700377,-3.9528818690168435,0.005367852850763651,0.004006686423055765,0.005126617016428533,-37.62340991555983,-60.18714005633377,503.5201646856209,6875.364269171396,0.0006052878352124219,52.97986316522973,1.6005874795635295,296.2881891787534,293.13353060383395
15 Jul 2026 22:55:00.000000000,-4020.2230709965643,-3428.79104083572,-4396.125043911164,6.177294518403383,-2.5717632760359703,-3.636942211271556,0.004923627668846909,0.0042040664023305085,0.005405453706273689,-40.05010643149304,-56.67337219850503,504.1553295523672,6874.570914063619,0.0005508342333837114,52.9773612623715,1.5966717445206866,306.50788425411895,286.72516876128265
15 Jul 2026 22:56:00.000000000,-3640.9932026876218,-3575.421841793182,-4604.4584617599,6.4590749018533,-2.314150066848227,-3.3049739506635385,0.004457872075456705,0.004382857395341387,0.005660313563914328,-42.34484682966822,-52.89130633801845,504.76989874789365,6873.809043088799,0.000499083963968333,52.974956829643176,1.5923480388412343,317.62657378941725,279.418109072481
15 Jul 2026 22:57:00.000000000,-3245.7066488889946,-3706.2852548725828,-4792.429570951421,6.71232539201973,-2.0463765830887284,-2.958448365998948,0.0039726588917662195,0.004542300434841844,0.005890108001914038,-44.48661837379595,-48.81616318281409,505.3516472595671,6873.0921117077405,0.0004515182728108199,52.97269222871362,1.5876361389080822,329.738118061583,271.118472167415
15 Jul 2026 22:58:00.000000000,-2836.1089807443136,-3820.8069020557473,-4959.210647788302,6.935941557129193,-1.7696239801645002,-2.5988987438355644,0.003470136492331596,0.004681722908170169,0.006093861033152273,-46.451956367273944,-44.42731836923159,505.8890733138838,6872.4327768048215,0.0004093994751993625,52.97060735480136,1.582562689463672,342.89433801441794,261.77441458808323
15 Jul 2026 22:59:00.000000000,-2414.0081254829784,-3918.484434065204,-5104.067656304108,7.128949859856547,-1.4851111813539781,-2.2279135438722424,0.0029525191528487695,0.004800540208753833,0.006270711844913776,-48.21521612151446,-39.711616066722385,506.3716033060972,6871.842674153927,0.0003736360845992621,52.96873892988049,1.5771607335186182,357.0745997771315,251.40654451893712
15 Jul 2026 23:00:00.000000000,-1981.2663995168562,-3998.8896369663953,-5226.363349486637,7.290511330360673,-1.194089557908442,-1.8471294250144539,0.00242207755290389,0.004898257017595385,0.006419916870677199,-49.749224769991294,-34.66745035858286,506.78977913984517,6871.332214207032,0.00034464549577449576,52.96711985190989,1.5714691287004379,12.165495016208114,240.1282417343917
15 Jul 2026 23:01:00.000000000,-1539.7923383330922,-4061.6702174699044,-5325.5599485289795,7.419924674838155,-0.8978375419608585,-1.458224160353103,0.0018811294634102976,0.004974468264101659,0.006540851424278796,-51.02641893363547,-29.309159155186613,507.1354249738351,6870.910399689343,0.0003222778748411474,52.96577861167561,1.565531860320702,27.971500397110646,228.13499848222867
15 Jul 2026 23:02:00.000000000,-1091.5323566943557,-4106.551263470893,-5401.221394254588,7.516628831036036,-0.5976551901254383,-1.0629094655202085,0.0013320306279509069,0.005028859811703983,0.006633010956799564,-52.02050896303799,-23.670817843485946,507.4017907560904,6870.5846680896975,0.00030587917542343587,52.96473878763823,1.5593972633451598,44.26621508331006,215.6531823702289
15 Jul 2026 23:03:00.000000000,-638.462272046933,-4133.336377340157,-5453.015166206147,7.580204982219732,-0.2948587130680201,-0.6629237614050252,0.0007771658308433607,0.005061208910299045,0.006696011992537903,-52.708577512565434,-17.808120504627773,507.58367033074796,6870.36076169487,0.00029452551427010845,52.964018627791866,1.5531171670465935,60.86383077151946,202.86856675045607
15 Jul 2026 23:04:00.000000000,-182.5787231812379,-4141.90848034392,-5480.713666078836,7.610378040236566,0.009225016167160607,-0.2600248888581608,0.00021894012942838615,0.005071384452459912,0.006729592794318897,-53.07333712887474,-11.797003904408768,507.67749232320995,6870.242627341466,0.00028737057202587866,52.96363072599316,1.5467459775492827,77.66838292529073,189.87707993318492
15 Jul 2026 23:05:00.000000000,274.1094842253426,-4132.2302872506725,-5484.195163110474,7.607017606513533,0.3132639641242696,0.1440172095207604,-0.0003402297846649144,0.005059347062943443,0.0067336137988840555,-53.105106922357066,-5.728296405893155,507.68138243959214,6870.232347553747,0.0002839845465992672,52.96358179853664,1.54033971452931,94.66876512437987,176.68979130516217
15 Jul 2026 23:06:00.000000000,729.5900741530019,-4104.344450805994,-5463.4442998929235,7.570138417444512,0.6159264398017914,0.5474278275714721,-0.0008979241404886591,0.0050251490383785725,0.006708057846651826,-52.80302474264229,0.3010637497428529,507.59519625392966,6870.330104210429,0.00028456787208961884,52.96387256496451,1.5339550192254445,111.87844323497943,163.29319763988659
15 Jul 2026 23:07:00.000000000,1181.8560080988732,-4058.3733762814013,-5418.552157778767,7.499900277720766,0.9158865898789235,0.9484348420603668,-0.001451728609690297,0.004968934151821751,0.006653030227269935,-52.175158797386175,6.198333194544671,507.4205219974854,6870.534175342506,0.0002899623472985543,52.96449773524107,1.5276481513614204,129.24565069754746,149.73902829533608
15 Jul 2026 23:08:00.000000000,1628.914173617774,-3994.5187068017117,-5349.71588172298,7.396607482031527,1.2118298780670853,1.3452760562970418,-0.001999242848068735,0.004890937316182013,0.006568758534911186,-51.23748636722201,11.884215479341782,507.1606533073365,6870.840965116541,0.00030142670902710177,52.96544610352252,1.5214739928444434,146.579400480136,136.21823374340772
15 Jul 2026 23:09:00.000000000,2068.794022832006,-3913.0604806537217,-5257.237865058034,7.260707722422798,1.502458540008002,1.7362065293728612,-0.0025380891079401047,0.004791484099623651,0.006455592325861384,-50.012026842367476,17.298950262510424,506.8205323343204,6871.245066508557,0.0003202202199371642,52.96670074685178,1.515485075934138,163.5450686301369,123.06540249033384
15 Jul 2026 23:10:00.000000000,2499.5561299362394,-3814.3559623176643,-5141.524495408441,7.0927904756942075,1.7864970042044093,2.119505878359195,-0.0030659209666463847,0.004670990071289125,0.0063140025510672595,-48.524600036933045,22.404420257776515,506.4066640521595,6871.739355631831,0.00034715329756551883,52.96823932523492,1.5097306531794972,179.75126850778554,110.6718872970452
15 Jul 2026 23:11:00.000000000,2919.3006363421646,-3698.8381495638523,-5003.084463737931,6.893584862734851,2.062697267999704,2.493485538934773,-0.003580432207544571,0.004529959948329917,0.006144580726106017,-46.80267041029977,27.182793805373908,505.92700304768766,6872.315116151328,0.00038231326571626134,52.97003447774851,1.5042558256136322,194.877246421129,99.35840997282479
15 Jul 2026 23:12:00.000000000,3326.1755514325296,-3567.013959698042,-4842.526639495328,6.663956969941692,2.3298442155748407,2.856495967220503,-0.004079365875952549,0.004368986506545726,0.00594803778899129,-44.87358811993735,31.632985173485206,505.39081450485355,6872.962191708544,0.00042505804915025843,52.972054307614876,1.4991007447416964,208.75504645033428,89.29289694677396
15 Jul 2026 23:13:00.000000000,3718.384876431881,-3419.4620988473807,-4660.557515893626,6.404906621826519,2.586760862678018,3.2069337626406136,-0.004560523518926105,0.004188749213904819,0.005725202591707339,-42.76335140680148,35.76628987190871,504.80851151772345,6873.669163797414,0.0004741946959838462,52.97426294759868,1.4942999024425165,221.3707626374476,80.48922743558353
15 Jul 2026 23:14:00.000000000,4094.1965180622774,-3256.8306192121076,-4457.9782307228725,6.117563593986583,2.832313510063141,3.543248687957767,-0.005021774600580878,0.003990012541842268,0.005477019964961847,-40.495869557682276,39.602195947272655,504.19147127676604,6874.423552084983,0.000528197872666848,52.976621195650026,1.4898815213989645,232.81525324770413,72.85651949528328
15 Jul 2026 23:15:00.000000000,4451.949958108827,-3079.834170350691,-4235.681169617906,5.803183256661383,3.0654167848980607,3.863950558979755,-0.005461066063364688,0.003773623905589603,0.005204548290186437,-38.09262808221525,43.164907748547776,503.551833060842,6875.212033764718,0.0005853806406536044,52.97908720947296,1.485867056818347,243.2287646446537,66.25450641011585
15 Jul 2026 23:16:00.000000000,4790.063644449463,-2889.250951900852,-3994.6461604886226,5.463141641321985,3.2850385466141283,4.167615972632981,-0.005876431991231282,0.0035405111907522526,0.004908956520245321,-35.572636964583396,46.4807461505487,502.90228132762013,6876.020678174831,0.0006440018445447399,52.98161724765565,1.4822708182709876,252.76189630183777,60.53257189174574
15 Jul 2026 23:17:00.000000000,5107.0420687440455,-2685.91937663075,-3735.936269818403,5.098929926079592,3.490204631045013,4.452894838499803,-0.00626600330758224,0.003291679822467253,0.004591520588559987,-32.952555329467835,49.57636679240946,502.2558175194591,6876.835192616985,0.0007023276599155909,52.98416644417847,1.4790997182849428,261.5548757598831,55.55047527690496
15 Jul 2026 23:18:00.000000000,5401.482495843768,-2470.734454360035,-3460.693213748776,4.71214834013491,3.6800034043640406,4.718516675658966,-0.006628017427012718,0.0030282093427695675,0.004253619158272801,-30.246911195759203,52.477641686376245,501.62552447943193,6877.641175077084,0.0007586679469942445,52.98668960253249,1.476353152073071,269.72941636125796,51.18649388912182
15 Jul 2026 23:19:00.000000000,5672.0813101589065,-2244.6439090557083,-3170.132399256218,4.304499492908259,3.8535900964234506,4.963296633954973,-0.00696082776015295,0.0027512494670507825,0.0038967286695689458,-27.46836089109595,55.209032196250355,501.02432759419275,6878.424369389074,0.000811401195908341,52.98914199534532,1.4740230104777252,277.3873693234368,47.33877100272619
15 Jul 2026 23:20:00.000000000,5917.639944742581,-2008.6440432873117,-2865.537613261306,3.8777811397784827,4.010190881721522,5.18614119680343,-0.00726291296524867,0.0024620156044504165,0.003522417661742439,-24.627953833644085,57.79330228292253,500.4647569357486,6879.170918297944,0.0008589951939249274,52.99148015532552,1.47209382577417,284.61238879202756,43.92365076748988
15 Jul 2026 23:21:00.000000000,6137.070359784873,-1763.7753661511222,-2548.2553801315903,3.4338784033058567,4.1491066755111765,5.386053521470846,-0.007532885820976173,0.0021617838334597995,0.0031323403545307858,-21.73538360445462,60.25145432061114,499.9587147541589,6879.867609876524,0.0009000263883043087,52.99366264350788,1.470543047683094,291.47258631502814,40.873023653716274
15 Jul 2026 23:22:00.000000000,6329.400038571384,-1511.1180027348094,-2219.6890107028016,2.9747554762418478,4.269716612561168,5.5621383725456255,-0.007769501596282237,0.001851885340736945,0.0027282294956882665,-18.79921628246112,62.60280257748556,499.5172526685972,6880.502112832704,0.0009331987808836944,52.99565078119946,1.4693414445771784,298.02323498778463,38.131622170167724
15 Jul 2026 23:23:00.000000000,6493.7764707798,-1251.786905124437,-1881.2923685866065,2.5024468402845326,4.371481176864752,5.713606605124738,-0.007971665791347437,0.0015337003432960587,0.002311888497744507,-15.827093194689215,64.8651264968793,499.15036280911403,6881.063196412612,0.0009573622331808746,52.99740933268786,1.4684536226952394,304.3091518367322,35.65463828963508
15 Jul 2026 23:24:00.000000000,6629.47109527032,-986.9268868194978,-1534.5633820819091,2.0190480421718235,4.4539449521718115,5.8397791561193415,-0.008138441119297742,0.0012086515257672677,0.0018851829023271245,-12.825908778024486,67.05486624260135,498.86678697189717,6881.540930860249,0.0009715296999009378,52.998907126661415,1.4678386540262067,310.36665300281584,33.40576802511407
15 Jul 2026 23:25:00.000000000,6735.8826772540115,-717.707504157783,-1181.0373324190637,1.5267060760703615,4.516738965599145,5.940090505017795,-0.008269053612869136,0.0008781970401638626,0.0014500312314704158,-9.801966115031842,69.18733738409527,498.6738475649578,6881.926864729494,0.0009748928232552172,53.00011760539615,1.4674508017078822,316.2250851313845,31.355679754415945
15 Jul 2026 23:26:00.000000000,6812.540097878884,-445.31780993672663,-822.2799512582942,1.027609428062608,4.559582599703683,6.014091569407658,-0.008362897749325344,0.000543823126211038,0.0010083953000355674,-6.76111356835234,71.27695140466629,498.57730374278947,6882.21417576028,0.0009668353537158851,53.00101929205595,1.467240329970335,321.90796830895573,29.480870958222308
15 Jul 2026 23:27:00.000000000,6859.104537816008,-170.96100577589223,-459.8803622904502,0.5239778446124128,4.582285052231475,6.061452005459484,-0.008419540493928027,0.0002070364206151179,0.00056227007706909,-3.7088662396380245,73.33743517870785,498.58123566206086,6882.397792513556,0.0009469439429523965,53.001596167917675,1.4671543842501595,327.4337794925416,27.762884431942165
15 Jul 2026 23:28:00.000000000,6875.371040302017,104.15097911060474,-95.44390339423256,0.0180518920062389,4.584746327177063,6.0819618893018506,-0.0084387241923876,-0.0001306439655206185,0.00011367319928552715,-0.6505159980332469,75.38204669826473,498.6879592464099,6882.474484505146,0.0009150159526653947,53.00183795293849,1.4671379258228696,332.81637456006416,26.187885849431872
15 Jul 2026 23:29:00.000000000,6861.26944323933,378.8029542308368,269.4151329509375,-0.48791762227027635,4.566957745696723,6.0755327616209875,-0.008420368254583411,-0.00046769451666141656,-0.0003353657527410979,2.408766272267734,77.42378688067795,498.89797323942196,6882.442919171992,0.0008710640292583572,53.00174028480093,1.4671347044144778,338.0649880273347,24.746663640078868
15 Jul 2026 23:30:00.000000000,6816.864674296438,651.7819501900772,633.0808024601113,-0.9916802925950119,4.52900197067475,6.042198024727631,-0.008364569593446818,-0.0008025954402122086,-0.0007828160971094803,5.46383266881621,79.47560876532638,499.2099396664666,6882.303684634172,0.000815317311650174,53.0013047933722,1.4670882515643908,343.1836363929166,23.435225225266933
15 Jul 2026 23:31:00.000000000,6742.3564074076385,921.8826878809442,993.9428160796944,-1.4909967477907091,4.4710525442003775,5.9821126885538805,-0.008271601816698637,-0.001133838759596032,-0.0012266568899610437,8.509461052874663,81.5506261244291,499.6206981367861,6882.059277867687,0.0007482192848780711,53.000539069366795,1.4669428771803272,348.1695117137998,22.25640301870859
15 Jul 2026 23:32:00.000000000,6638.078083561342,1187.913005375871,1350.4038123189687,-1.9836491984665052,4.393372942716723,5.895552469372447,-0.008141913178055845,-0.0014599362816431589,-0.0016648876397796625,11.540255174995025,83.66232363209261,500.12531371589733,6881.714058561942,0.0006704225154881119,52.99945652786873,1.466644651708716,353.00938518610553,21.22345042395243
15 Jul 2026 23:33:00.000000000,6504.495303202658,1448.69921385487,1700.886556368836,-2.4674518259360405,4.296315159994577,5.782912252259856,-0.007976123333180351,-0.001779427350633077,-0.0020955387784087616,14.5505386562964,85.82477028563183,500.7171574057064,6881.274169586334,0.000582780960359391,52.99807616922358,1.4661423566160974,357.67152876894846,20.36811979830016
15 Jul 2026 23:34:00.000000000,6342.2036018755025,1703.0913546718793,2043.8410283719004,-2.940260942498814,4.180317833209384,5.644703935249513,-0.007775018954824734,-0.0020908863058766965,-0.002516681776312066,17.53423924250073,88.05283665370492,501.3880176048117,6880.747425618836,0.00048634177615842036,52.99642224161505,1.4653883864554615,2.086021685685554,19.76035555608712
15 Jul 2026 23:35:00.000000000,6151.925624814849,1949.9683307237426,2377.7513644678115,-3.3999848571101956,4.045903932117098,5.481553679548983,-0.0075395482954824814,-0.002392929569907434,-0.0029264388017870347,20.484759642986006,90.3624144944487,502.12824030274066,6880.14317208045,0.0003823429289948121,52.99452381136525,1.4643395866778708,6.089155321773671,19.563888898875927
15 Jul 2026 23:36:00.000000000,5934.507719995394,2188.242886619359,2701.1426158714357,-3.844593385853952,3.8936780355021856,5.294198595949436,-0.007270814786934286,-0.002684222300921054,-0.0033229918326172806,23.394831227781793,92.77063392897874,502.9268952058284,6879.472117061801,0.00027224387451408894,52.99241424861275,1.4629580124948705,9.224593338074941,20.235077360076303
15 Jul 2026 23:37:00.000000000,5690.915972589532,2416.866413707235,3012.5872931877707,-4.272126952964986,3.7243232226038607,5.083482902488338,-0.006970069796472157,-0.0029634845580879384,-0.0037045911474166736,26.25634701367939,95.2960680414878,503.77196451157783,6878.746139409705,0.00015797769246676804,52.99013063750052,1.4612115955083205,9.65932551200936,23.60695065733705
15 Jul 2026 23:38:00.000000000,5422.231706835124,2634.8335577715006,3310.711665381933,-4.680705235225652,3.5385976100297882,4.850353592419889,-0.006638704660318461,-0.0032294969393587996,-0.0040695631383383425,29.060170949125265,97.95890662080329,504.65055065378425,6877.978076553969,4.655373807153346e-05,52.987713121317334,1.4590747064777905,346.98517709568284,50.08770106861727
15 Jul 2026 23:39:00.000000000,5129.646483917183,2841.186609104527,3594.2017852561125,-5.068535310148851,3.3373305666803503,4.595855654510169,-0.006278242121213064,-0.003481105663909925,-0.004416317403432192,31.795921866870504,100.78106861066978,505.549099037776,6877.181495991035,8.827418068009014e-05,52.98520419416697,1.4565286044125303,228.55291598434715,172.32657604292228
15 Jul 2026 23:40:00.000000000,4814.456626619313,3035.019656651247,3861.809215853236,-5.433919276187761,3.1214186404127275,4.321126889572316,-0.005890327305261263,-0.00371722708759543,-0.004743353098015083,34.451733172421065,103.78620538898969,506.45363157756077,6876.370454595895,0.00020567568109909504,52.98264795166021,1.4535617641838618,222.3761848908154,182.30994585349228
15 Jul 2026 23:41:00.000000000,4478.057303169986,3215.4824899665055,4112.356434873818,-5.775261321059581,2.8918212305573703,4.027392367967034,-0.005476718365566179,-0.003936851651292144,-0.005049264540087802,37.01399419552936,106.99952314854053,507.3499867332436,6875.559250105773,0.0003233072148395258,52.98008931382945,1.4501700770221446,224.16486397704827,184.32794084482362
15 Jul 2026 23:42:00.000000000,4121.936203926845,3381.78423475836,4344.741896868728,-6.091074221848802,2.649556040014304,3.7159585725637863,-0.00503927691381285,-0.004139047273651895,-0.005332746080594326,39.46708725806543,110.44732240321363,508.2240617245344,6874.76216920722,0.0004378236615060771,52.97757323393507,1.446356920466018,227.51718002897286,184.7823421890621
15 Jul 2026 23:43:00.000000000,3747.666845309357,3533.1967097852535,4557.944735614701,-6.379985267662979,2.395694339543381,3.388207270443935,-0.004579958355696003,-0.004322962213921505,-0.005592596268305225,41.79314719911265,114.1561189173284,509.0620526580659,6873.993236664875,0.000547296801523621,52.97514390706548,1.4421330966280828,231.42685509864356,184.6794332283418
15 Jul 2026 23:44:00.000000000,3356.9015357575768,3669.057494778756,4751.029091620725,-6.640741602017144,2.1313560751193923,3.045589154546744,-0.004100802229596968,-0.004487827439123725,-0.005827721351251791,43.97188842846209,118.15118214627263,509.85068844430253,6873.265969857649,0.0006500398673154488,52.97284399242029,1.437516639956228,235.59240482441004,184.32070119206713
15 Jul 2026 23:45:00.000000000,2951.364038491942,3788.7727008501543,4923.148052116434,-6.872214987660978,1.8577048469450377,2.689617293632367,-0.003603922629906341,-0.00463295853479794,-0.006037138164012846,45.980568445547995,122.45432404626037,510.57745458495043,6872.593142942638,0.0007445025041241156,52.97071386291321,1.4325324979575755,239.89313967937503,183.8268360376144
15 Jul 2026 23:46:00.000000000,2532.8419655530515,3891.8194364699234,5073.547193083836,-7.073406001075894,1.5759427860441162,2.3218604255394735,-0.0030914987841893895,-0.004757757209298942,-0.006219976464830882,47.79418302479461,127.08082662150821,511.23080317302134,6871.98656465321,0.0008292667626683389,52.96879089524032,1.4272120905425563,244.27192639630988,183.25496916406428
15 Jul 2026 23:47:00.000000000,2103.178937053786,3977.7479635780783,5201.5677148919,-7.2434476672781205,1.2873053514081199,1.9439361249139762,-0.0025657658293638734,-0.004861712440487463,-0.0063754807861366655,49.386008118237854,132.03555664125804,511.80034575584705,6871.456873463074,0.0009030613982201306,52.9671088128411,1.421592755801025,248.69862060231094,182.63524096259388
15 Jul 2026 23:48:00.000000000,1664.2665388614205,4046.183539666083,5306.649164854252,-7.38160854780507,0.9930560676066116,1.557503872574399,-0.0020290058150804996,-0.004944401317143734,-0.006503011867198807,50.7286002485064,137.30861963552124,512.2770260558005,6871.01335351958,0.0009647794895308379,52.96569709324464,1.4157170919558852,253.15608412714448,181.98478373568142
15 Jul 2026 23:49:00.000000000,1218.0361111400305,4096.827942770651,5388.331741539843,-7.487295295831891,0.6944812197418794,1.1642580496852468,-0.0014835389417473636,-0.005005489623165269,-0.0066020477328263385,51.79531772189022,142.8713389986889,512.6532699155664,6870.663774373314,0.0010134953215576875,52.964580450162,1.4096322071095368,257.63403016405255,181.31387680141432
15 Jul 2026 23:50:00.000000000,766.4503992322797,4129.4606772553225,5446.258176966839,-7.5600546923510965,0.39288451968481175,0.7659208759658623,-0.0009317150249497692,-0.005044732213623684,-0.00667218448389515,52.5623105509953,148.67377887529238,512.9231102277848,6870.414257117,0.001048479048210363,52.96377839937221,1.4033888899129472,262.1260116202055,180.62895844103775
15 Jul 2026 23:51:00.000000000,311.49509773812883,4143.939858989815,5480.175193816995,-7.599575176220536,0.08958175506045986,0.36423530784650837,-0.0003759051584919418,-0.0050619732183985735,-0.006713136848400995,53.01075446592861,154.64518496836408,513.0822850144542,6870.2691690981765,0.0010692084409041531,52.9633049159835,1.3970407157837497,266.6278126138867,179.93423472566639
15 Jul 2026 23:52:00.000000000,-144.8296822868351,4140.202779183224,5489.934535712777,-7.605687878984418,-0.21410456985740364,-0.03904209069208132,0.00018150646170936454,-0.005057146109132851,-0.006724738542047891,53.128928327927404,160.69827893023682,513.1283072374868,6870.231048897759,0.0010753773381411856,52.963168189051636,1.3906431042621903,271.13651371450703,179.2326146205246
15 Jul 2026 23:53:00.000000000,-600.5179935316785,4118.266146608793,5475.493569254448,-7.578367172637306,-0.5168505937778184,-0.4421482940548995,0.0007381306036267445,-0.005030273651889136,-0.006706942469993467,52.91365148647678,166.73722561108767,513.0605053420363,6870.30056277342,0.0010669005693222104,52.96337047783634,1.3842523441051018,275.6498908327812,178.52631145217475
15 Jul 2026 23:54:00.000000000,-1053.5666510017113,4078.2260083829733,5436.915457098991,-7.517730735302862,-0.8173364521079749,-0.84332096883308,0.001291581011612851,-0.004981467756611764,-0.0066598207864858325,52.37069318872905,172.66769857293275,512.8800339579973,6870.476493261145,0.0010439152303046214,52.963908072201626,1.3779246031478842,280.16596850080674,177.81728999209122
15 Jul 2026 23:55:00.000000000,-1501.983820117092,4020.257349832001,5374.368901859179,-7.424039136275803,-1.1142516187828448,-1.2408056272882073,0.0018394824253131603,-0.0049109292290719555,-0.006583564821903683,51.514036237210775,178.4065662813908,512.5898546101286,6870.755760115128,0.0010067782721978615,52.96477135784852,1.3717149403230273,284.68261249539637,177.107674196049
15 Jul 2026 23:56:00.000000000,-1943.7975654756833,3944.613374342036,5288.127461080569,-7.297694938283698,-1.4063002300637848,-1.6328627722377702,0.002379478664056251,-0.004818947414260043,-0.006478484864373837,50.3642044806443,-176.11111032610194,512.1946867124868,6871.133473250466,0.0009560604413476549,52.96594498523811,1.3656763370936287,289.19705908039356,176.4002183165141
15 Jul 2026 23:57:00.000000000,-2377.064331180977,3851.624464480314,5178.56843406719,-7.13924131139634,-1.6922063833638497,-2.0177750240877104,0.0029092408315325165,-0.004705899714565427,-0.0063450097754109485,48.946090472000265,-170.92895060791255,511.700929547469,6871.603016842192,0.0008925366837920763,52.967408139253735,1.359858765309304,293.7052450979087,175.69897715109713
15 Jul 2026 23:58:00.000000000,-2799.8773232153794,3741.696826128657,5046.171321919679,-6.949360149967788,-1.9707194027623172,-2.3938542189953456,0.00342647568581526,-0.0045722509525337905,-0.006183686400639118,47.28675829737246,-166.0697954576712,511.11655635252697,6872.156163231555,0.0008171732087046044,52.96913490489143,1.354308307823379,298.20069843743596,175.01041589150873
15 Jul 2026 23:59:00.000000000,-3210.3747636702096,3615.310817947213,4891.5158629003745,-6.728869681596391,-2.240619060891417,-2.759448464578415,0.003928934210707869,-0.00441855254519888,-0.005995178732570953,45.41357573504302,-161.53877916005263,510.45098205677743,6872.783214803666,0.0007311115072621434,52.97109472259098,1.3490663472781022,302.672481448762,174.34546700027596
16 Jul 2026 00:00:00.000000000,-3606.7479860808844,3473.01896914741,4715.27964608551,-6.478721555384229,-2.500720744584779,-3.1129491366207116,0.004414420406223273,-0.004245441443660422,-0.005780266764111991,43.35284616446067,-157.3275542752482,509.71490662214876,6873.473171535074,0.000635649789310324,52.97325292525037,1.3441688369641371,307.10097116338335,173.72375024578048
