UTCG,r_x,r_y,r_z,v_x,v_y,v_z,a_x,a_y,a_z,lla_Lat,lla_Lon,lla_Alt,coe_Semi-major_Axis,coe_Eccentricity,coe_Inclination,coe_RAAN,coe_Arg_of_Perigee,coe_True_Anomaly
15 Jul 2026 00:00:00.000000000,-5564.529728126393,2433.058395530116,3228.77753254329,-4.474578805352891,-3.7064158562765006,-4.918579975393101,0.006818228069935673,-0.00297777015312519,-0.003962638538414932,28.009009604035143,-136.10680967909425,504.687067674194,6878.1369789268765,3.3635645970418575e-09,52.999999988802536,359.9999999175047,0.0,144.00000011478645
15 Jul 2026 00:01:00.000000000,-5820.54264196364,2205.474624107199,2926.7442440034188,-4.056030779666237,-3.8769414693826776,-5.145504533503145,0.0071335192541130315,-0.0026996655528556076,-0.0035925208878782623,25.18177561872012,-133.49968661934858,503.8391584828305,6878.890739484157,0.00011570563809043023,53.00236062472144,359.99799488576093,164.81096186287547,342.99519087630256
15 Jul 2026 00:02:00.000000000,-6050.893317975461,1968.167160949847,2611.771402282903,-3.6194835146894127,-4.030418100954037,-5.349738056713065,0.0074174491967451284,-0.0024094762736979703,-0.0032062781360243592,22.300499532672287,-131.0221170441471,503.02744820608564,6879.59743122825,0.0002281412509922221,53.00457382596142,359.99637239484724,169.76275185143055,341.84954229326667
15 Jul 2026 00:03:00.000000000,-6254.5590435323975,1722.179959101765,2285.2485155248187,-3.1668582068108106,-4.16615788114773,-5.530362705893009,0.007668701859216318,-0.002108473508941921,-0.0028056070193407828,19.373896491725326,-128.65453689084723,502.26444807664535,6880.244559408161,0.0003357936150738276,53.00660040748066,359.99510464424975,174.76980399212817,340.6486410378637
15 Jul 2026 00:04:00.000000000,-6430.634663827029,1468.5959229058462,1948.6170629257094,-2.7001508123997544,-4.283550864279906,-5.686564655332777,0.007886104995722605,-0.0017979834996023206,-0.0023922778631578646,16.409727669001764,-126.3789405559254,501.56171919213017,6880.820670460873,0.0004372630554683666,53.00840446489709,359.9941575747556,179.838083040765,339.3865450136737
15 Jul 2026 00:05:00.000000000,-6578.336803982961,1208.5321370229778,1603.364125931752,-2.221423193523949,-4.382068157514498,-5.817638274925462,0.008068637717586627,-0.0014793815433398838,-0.001968126562487804,13.414981796111098,-124.17869199431846,500.92967199114327,6881.315556596534,0.0005312833885993318,53.00995400817522,359.9934914662482,184.9743560119235,338.0565115361958
15 Jul 2026 00:06:00.000000000,-6697.007546721065,943.1349187887126,1251.01578343734,-1.7327938320485041,-4.46126467534307,-5.922989811537087,0.008215437283017827,-0.001154085510560601,-0.001535045905670831,10.39603397773362,-122.03831323732669,500.3773860766758,6881.720438746088,0.0006167428679419368,53.01122152675779,359.99306163550096,190.18632010000618,336.65086908242483
15 Jul 2026 00:07:00.000000000,-6786.117541173917,673.5747172151679,893.1303021871377,-1.2364281621303457,-4.520781491620486,-6.002140531919181,0.00832580499393896,-0.0008235489150199354,-0.001094976304215497,7.358785081813631,-119.94326508321336,499.9124539149617,6882.028124454215,0.00069270241101288,53.012184476145926,359.9928192217598,195.48275144828767,335.1608681583736
15 Jul 2026 00:08:00.000000000,-6845.268521645264,401.0408835448558,531.2911557057608,-0.734528577847808,-4.560347764125858,-6.0547292938065205,0.008399211094728982,-0.0004892535984079279,-0.0006498960082913705,4.308785378654816,-117.8797277623675,499.540851510859,6882.233137738655,0.0007584107960823856,53.01282567729797,359.99271204638677,200.87368099862294,333.57650505787035
15 Jul 2026 00:09:00.000000000,-6874.195218692848,126.73633965659438,167.09990691689754,-0.2293241786065807,-4.579782210498144,-6.08051451702589,0.008435298582747094,-0.00015270209878356315,-0.00020181090121544585,1.2513461619768231,-115.83438490131878,499.2668386517757,6882.331818440085,0.0008133165688795125,53.01313362173684,359.9926855314874,206.37060194690892,331.88631399406034
15 Jul 2026 00:10:00.000000000,-6872.766648816801,-148.1278282385949,-197.8310088807396,0.27693968016594916,-4.578994118858826,-6.079375532394064,0.008433885858686051,0.0001845902185185967,0.00024725602237078454,-1.808356993199641,-113.79421132082494,499.0928907325758,6882.322389146349,0.0008570764543362559,53.01310267690451,359.99268366140876,211.98671327453349,330.0771231403348
15 Jul 2026 00:11:00.000000000,-6840.986773194191,-422.3378223145119,-561.8855628807041,0.7820119598456629,-4.557983881357949,-6.051313292746299,0.008394968166637888,0.0005211031822900342,0.0006952753809170628,-4.8651857899499,-111.74626355941173,499.01966353791477,6882.204988377952,0.0008895601236168911,53.012733188048564,359.9926499702123,217.73720344069523,328.1337705030734
15 Jul 2026 00:12:00.000000000,-6778.9945202401495,-694.6826034102145,-923.4514349515224,1.2836465614030375,-4.516843044130096,-5.996450437430703,0.008318717796364618,0.0008553198996199745,0.0011402222139272567,-7.913942120684272,-109.67747117004289,499.0459916833022,6881.981669357018,0.0009108512191869525,53.01203147474308,359.9925285377391,223.6395770160675,326.0387768531931
15 Jul 2026 00:13:00.000000000,-6687.063171215652,-963.9593497913163,-1280.9273003015537,1.7796129236427998,-4.455753872574857,-5.915030708831926,0.00820548304333485,0.0011857348119412472,0.001580086752187501,-10.949268887785735,-107.57442660823676,499.16892072029236,6881.656364333381,0.0009212445858039723,53.011009721999415,359.992264976696,229.71402405927893,323.7719759225538
15 Jul 2026 00:14:00.000000000,-6565.599112557976,-1228.9788754103818,-1632.7300619187695,2.26770652284195,-4.3749884363252045,-5.807417726744841,0.00805578594673277,0.0015108616326169409,0.0020128850301851732,-13.965545249125032,-105.42317186415828,499.38377221472706,6881.2348150962425,0.0009212396865892694,53.009685767782116,359.99180739336043,235.9838261959141,321.310107912964
15 Jul 2026 00:15:00.000000000,-6415.139962997289,-1488.5709791008808,-1977.301990631932,2.74575920160836,-4.274907223582737,-5.674093133499281,0.007870318848234288,0.0018292410796989732,0.0024366692254522387,-16.956772707961537,-103.20898096636894,499.6842404292431,6880.7244709409615,0.0009115301914772419,53.00808279057536,359.9911073049049,242.47578280611464,318.62639291895755
15 Jul 2026 00:16:00.000000000,-6236.3520877608335,-1741.589696872201,-2313.11773560455,3.2116492579990368,-4.1559572995292715,-5.515654129441185,0.007649939835712408,0.002139448323064438,0.0028495376172580126,-19.916448350628755,-100.91613931746916,500.062518601775,6880.134355975888,0.0008929896972365449,53.00622890241705,359.9901204970911,249.22062272898765,315.6901188630481
15 Jul 2026 00:17:00.000000000,-6030.027516176619,-1986.918430496852,-2638.691169422618,3.66331123038108,-4.018670028129837,-5.3328104245185965,0.007395667155767297,0.002440100073647108,0.0032496440680325157,-22.837421466213318,-98.52772389543253,500.5094522273089,6879.474908227849,0.0008666534561629611,53.00415665449643,359.988807807123,256.2533376959034,312.4663077378414
15 Jul 2026 00:18:00.000000000,-5797.080282703073,-2223.4749268648866,-2952.58203363456,4.098745319032428,-3.8636583806990394,-5.126380637139369,0.007108672694834097,0.0027298612522807272,0.0036352069442380126,-25.711729880051802,-96.02539326183368,501.0147162354124,6878.757793526373,0.0008336958324581594,53.0019024639687,359.9871358177492,263.61332886593146,308.9155687876467
15 Jul 2026 00:19:00.000000000,-5538.54221477164,-2450.2160840873457,-3253.4023526001943,4.5160263918689125,-3.691613858011126,-4.897288176024396,0.006790274641692817,0.0030074511874640815,0.004004517408542415,-28.530412801127827,-93.38920390647539,501.56701252286666,6877.995697603748,0.0007954029491082758,52.999505972047594,359.9850774502377,271.34419376840293,304.99431132981726
15 Jul 2026 00:20:00.000000000,-5255.558193787535,-2666.1425620255395,-3539.8225857517673,4.913312528733356,-3.5033030554120552,-4.646556644372682,0.006441929452769212,0.0032716493037407805,0.004355947032116012,-31.283298155654464,-90.59748084776649,502.1542839571402,6877.202100234061,0.0007531396254955864,52.997009344669344,359.982612445642,279.49289924206306,300.65557163079757
15 Jul 2026 00:21:00.000000000,-4949.380918158235,-2870.303176751309,-3810.5774908050357,5.288853066142567,-3.299563902295137,-4.3753048082144925,0.006065223247242849,0.003521300275939777,0.004687954693419452,-33.958764778022,-87.62678692116712,502.7639407167167,6876.391035539729,0.0007083092743581753,52.99445652805567,359.97972772572143,288.10800282884964,295.85079138243617
15 Jul 2026 00:22:00.000000000,-4621.365199289821,-3061.7990603663793,-4064.4716730203136,5.640996112014932,-3.0813016084053153,-4.084741172328133,0.005661862758254311,0.0037553186373764287,0.0049990927472397485,-36.54348423362925,-84.45205804623258,503.3830946803545,6875.576842818357,0.0006623050746923655,52.99189247232105,359.97641762701426,297.2365480129993,290.53292239053513
15 Jul 2026 00:23:00.000000000,-4272.96182310492,-3239.7875695730636,-4300.384798237799,5.968195507436734,-2.849484349753158,-3.7761582075462656,0.005233665964260724,0.0039726928434335885,0.005288012465389832,-39.0221545283625,-81.04700131335647,503.99879751580363,6874.7739123797,0.0006164508229893901,52.98936233685463,359.9726840038108,306.9193673225088,284.66112346031184
15 Jul 2026 00:24:00.000000000,-3905.7110108053485,-3403.4859283478645,-4517.2764500383955,6.269017219728327,-2.605138726489551,-3.4509262727288994,0.004782552516204502,0.004172488803604866,0.00555346876611339,-41.37724981949495,-77.3848868114801,504.59827814564943,6873.996430935702,0.000571931053366932,52.98691069154963,359.9685361980798,317.1849388900998,278.2069038823248
15 Jul 2026 00:25:00.000000000,-3521.235513352091,-3552.174591983225,-4714.190613950486,6.5421451577185925,-2.3493450239801814,-3.110487273220202,0.004310534065337256,0.00435385290577976,0.005794324263490296,-43.58882768800586,-73.43989512270473,505.16917537568787,6873.258131055636,0.0005297132185850688,52.984580728043504,359.9639908767616,328.04281287435947,271.1606971178736
15 Jul 2026 00:26:00.000000000,-3121.233374501537,-3685.2003215935765,-4890.259774083539,6.786386406031239,-2.0832323066135494,-2.7563480953563837,0.0038197045827995453,0.004516014565641127,0.006009552680470312,-45.634458815039594,-69.18919297576011,505.69976165115776,6872.572049087389,0.0004904705975942112,52.9824134949729,359.95907173923257,339.4789236387065,263.5365487848799
15 Jul 2026 00:27:00.000000000,-2707.4703972753155,-3801.978959890119,-5044.7086098762975,7.000675880164639,-1.8079733717013318,-2.3900738536993256,0.003312230745220079,0.004658288340691027,0.006198241677982421,-47.48937062852335,-64.61586821130744,506.17915414848085,6871.950295760827,0.0004545224139141232,52.9804471708348,359.9538091000163,351.45633337174434,255.37137325835707
15 Jul 2026 00:28:00.000000000,-2281.77234850327,-3901.997900599909,-5176.857282764577,7.1840804080935055,-1.524779588298516,-2.013280984308778,0.0027903424430992113,0.004780075653338982,0.0063595951593531505,-49.12691900808051,-59.71271677952908,506.5975097046588,6871.403843434055,0.0004218141076660997,52.978716387390534,359.9482393540836,3.9250784348923657,246.7151075962772
15 Jul 2026 00:29:00.000000000,-1846.016935638122,-3984.8182453116765,-5286.124304478469,7.335802246956872,-1.234895643040329,-1.6276302137182255,0.0022563234493473594,0.004880866169383069,0.006492935111760453,-50.519505012031935,-54.486595020568416,506.94620042336277,6870.942333626784,0.000391960564095536,52.9772516156633,359.942404334126,16.842881766960474,237.6099994569672
15 Jul 2026 00:30:00.000000000,-1402.1255894514275,-4050.076642777146,-5372.028980356985,7.455182045104631,-0.9395942122810385,-1.2348194295405563,0.0017125022672581575,0.004960238878708687,0.00659770304730571,-51.64001404897931,-48.96262861424254,507.2179671670028,6870.573908113534,0.00036436531127050905,52.97607862547363,359.9363505712027,30.204943443381868,228.06081690528293
15 Jul 2026 00:31:00.000000000,-952.0550855711115,-4097.486806767128,-5434.193422519607,7.541701260369157,-0.6401705771054317,-0.8365764749907176,0.0011612431584952904,0.005017862921682806,0.006673461101752331,-52.463751527791665,-43.18711178199024,507.4070485390305,6870.305066429801,0.00033841347275657876,52.975218028157016,359.9301284718127,44.07777672121966,218.0010127706588
15 Jul 2026 00:32:00.000000000,-497.7890371610021,-4126.840709500855,-5472.344128969571,7.594984044992204,-0.33793719526896854,-0.43465188626049184,0.0006049373358204922,0.0050534982008876485,0.0067198928439501275,-52.97068195203326,-37.227693873538136,507.50928337430037,6870.140552185608,0.000313726151473059,52.97468491063109,359.92379142599714,58.6303138156967,207.26161930481635
15 Jul 2026 00:33:00.000000000,-41.32929041252684,-4138.009448441891,-5486.31312574689,7.614798606283487,-0.03421824193566645,-0.03081158874961722,4.5994291014394955e-05,0.005066995810867719,0.006736803839630472,-53.14759347767425,-31.169767889185295,507.52218518116626,6870.083270089566,0.000290465360657804,52.97448856735628,359.9173948622783,74.15186690091838,195.5532876396959
15 Jul 2026 00:34:00.000000000,415.31274589004,-4130.943784906946,-5476.038670122388,7.601058049964237,0.26965587059248847,0.37317043407324874,-0.0005131667826451151,0.005058298310465982,0.006724122002414058,-52.989700716648656,-25.1090003942903,507.44498741317153,6870.134235069375,0.0002696778943398035,52.97463233498973,359.9109952662514,91.03082638201006,182.4875899904294
15 Jul 2026 00:35:00.000000000,870.1248059834444,-4105.674353509903,-5441.565513592982,7.55382071047965,0.5723539852676682,0.7755194871632106,-0.0010701255218539204,0.005027439852698287,0.006681897751974225,-52.501260056294676,-19.141361622766517,507.2786588878052,6870.292554341084,0.0002536108254433228,52.975113532703084,359.904649180232,109.63010818778531,167.70157284741322
15 Jul 2026 00:36:00.000000000,1321.1024771617033,-4062.311541965636,-5383.04472410551,7.47328996950436,0.8725496964260956,1.1744675143851049,-0.0016224689308851979,0.004974546177716485,0.006610303986689744,-51.695020798569224,-13.353078848003205,507.02588911185927,6870.555442732947,0.0002457333849930966,52.97592350924942,359.89841220178545,129.97295757071552,151.17195366216086
15 Jul 2026 00:37:00.000000000,1766.2578835768254,-4001.0450412801174,-5300.733067602487,7.359813560715382,1.1689268413457718,1.568260441737992,-0.0021677999779452788,0.004899834463323326,0.006509635863267611,-50.59067013550434,-7.812970302287627,506.6910437165415,6870.918271020478,0.00024994756926747873,52.977047795958455,359.8923379989129,151.33024140383495,133.6278290297809
15 Jul 2026 00:38:00.000000000,2203.628312893051,-3922.143066861666,-5194.991949660075,7.213882355847127,1.460184978284399,1.955165501191043,-0.00270374629880226,0.004803613017732012,0.006380310362732578,-49.21268786066416,-2.5685981914174434,506.2800906483801,6871.374646481811,0.0002688844760027473,52.97846636294903,359.8864773594423,172.24313891090804,116.52798442396681
15 Jul 2026 00:39:00.000000000,2631.284754495991,-3825.9512516565565,-5066.2859187468985,7.036128624334509,1.7450448408412356,2.333478521387935,-0.0032279690486616626,0.004686280789688622,0.006222865609350875,-47.5880997994928,2.3537423175993344,505.80049820303276,6871.916524344697,0.00030259264693989165,52.98015397400405,359.88087729151295,191.31065831372197,101.27337799316737
15 Jul 2026 00:40:00.000000000,3047.3403174194464,-3712.8912130674107,-4915.180733512751,6.82732375670004,2.022253756751101,2.701531169141227,-0.0037381719323677886,0.004548326662991121,0.0060379598983279536,-45.74451743081873,6.946242968456731,505.26110642550105,6872.534348275335,0.0003489415707519837,52.98208063379206,359.875580191173,207.9110618259738,88.4857159813823
15 Jul 2026 00:41:00.000000000,3449.9584954902725,-3583.458796192894,-4742.340997563601,6.588375440450899,2.2905910170128654,3.057698122693692,-0.004232110428616934,0.0043903284953531446,0.005826370378646859,-43.70866774438049,11.215413692297552,504.6719738292998,6873.217217561253,0.0004049529943744156,52.984212119471316,359.8706230918473,222.14325051060504,78.06606825008853
15 Jul 2026 00:42:00.000000000,3837.361246537077,-3438.2219968251793,-4548.527366397848,6.320324276738704,2.5488731787565704,3.4004041543668673,-0.004707601208030676,0.004212951857286908,0.005588991331812153,-41.50544749437323,15.177714679105385,504.0442018042845,6873.953078174674,0.0004677129730587299,52.98651058720921,359.8660370090608,234.41345388131853,69.60817901500667
15 Jul 2026 00:43:00.000000000,4207.836851659652,-3277.818568768632,-4334.593332695656,6.024339826674575,2.7959592823829333,3.7281310964026475,-0.005162531726032349,0.004016948423306231,0.005326831982921012,-39.15742856995168,18.85572523186322,503.3897394825142,6874.72893447408,0.0005346496828523854,52.98893524281341,359.86184639199854,245.1537607611728,62.67993627871129
15 Jul 2026 00:44:00.000000000,4559.747520129456,-3102.9533212221927,-4101.481597757036,5.701716077741069,3.0307559608000423,4.039424660178168,-0.005594869953295867,0.003803153968112765,0.0050410137810201604,-36.68469843525364,22.275157152511373,502.72117220686005,6875.531077922148,0.0006035127080399333,52.99144306453457,359.85806869166873,254.7216860641563,56.9238052898365
15 Jul 2026 00:45:00.000000000,4891.536704793415,-2914.395113454162,-3850.2200388824717,5.3538663236711965,3.252222415638141,4.332901075079688,-0.0060026741873762,0.0035724859224975387,0.0047327670887256515,-34.10492066589036,25.462731992328813,502.05149708986664,6876.345328870095,0.0006722895376463252,52.99398956517371,359.85471405323494,263.3883772925492,52.0686222318428
15 Jul 2026 00:46:00.000000000,5201.736092671492,-2712.9735555412603,-3581.91728458717,4.9823174550408345,3.4593752328029073,4.607253509961912,-0.006384102870085714,0.0033259404475718614,0.004403427226332352,-31.433522487881618,28.44479591963559,501.3938894512945,6877.157287194715,0.0007391391529575763,52.9965295799354,359.8517851380047,271.3537623000581,47.914446589062464
15 Jul 2026 00:47:00.000000000,5488.972235377048,-2499.5754256933806,-3297.757911886798,4.588703662838769,3.6512930074280407,4.861258237103159,-0.006737424319426021,0.0030645889935269053,0.004054429826027672,-28.683942974590533,31.24650031315441,500.76146417178495,6877.9525873779685,0.0008023545901088343,52.99901806601798,359.84927707812164,278.76478250373225,44.3143280054118
15 Jul 2026 00:48:00.000000000,5751.972784307783,-2275.1408165349003,-2998.9972823857256,4.1747595632067425,3.8271207465043684,5.093780496220592,-0.007061026270162917,0.0027895743177506643,0.0036873054633462304,-25.867899140391078,33.891384751880615,500.167036187147,6878.717153498878,0.0008603482642895114,53.00141089973389,359.8471775647135,285.7302487669915,41.15945041288964
15 Jul 2026 00:49:00.000000000,5989.572296249547,-2040.6590246589367,-2686.9560365084044,3.742312758252652,3.9860740162556927,5.303780014551563,-0.007353425105361024,0.0025021059475642676,0.0033036735471453187,-22.9956449623509,36.4012294832419,499.62288446249727,6879.4374495669035,0.0009116521093129081,53.003665657009606,359.8454670678576,292.3316620619887,38.36831132211506
15 Jul 2026 00:50:00.000000000,6200.717576152918,-1797.1641997749387,-2363.0142678874263,3.2932758551375523,4.127442800804953,5.490316138364649,-0.00761327465382784,0.00220345508521186,0.002905235465868973,-20.07621051669002,38.796078632700755,499.14052381946146,6880.100720670762,0.0009549264476462778,53.00574236342364,359.84411918433295,298.63078824284776,35.87914694484938
15 Jul 2026 00:51:00.000000000,6384.472525417638,-1545.7307717668734,-2028.6054025994022,2.8296379732821344,4.250595038912745,5.652552531628739,-0.007839374424233719,0.001894948965612067,0.0024937670050649077,-17.11761611500605,41.094365326856774,498.7304889346387,6880.6952205469415,0.0009889734546540522,53.00760420049771,359.8431011069623,304.6748916293348,33.6446984514069
15 Jul 2026 00:52:00.000000000,6540.022466051304,-1287.4686759624062,-1685.2098105583852,2.3534557773118943,4.354979806588301,5.78976139899614,-0.008030677147094913,0.0015779646908535483,0.002071110069079559,-14.127060875811443,43.31309315419527,498.40213467930346,6881.210421389969,0.0010127524823283567,53.00921815574808,359.842374207065,310.5003345113759,31.62861225593678
15 Jul 2026 00:53:00.000000000,6666.677913571672,-1023.5183987845418,-1334.3481788729466,1.8668440809748619,4.440130115219333,5.901327192760293,-0.008186295499799824,0.0012539225788200483,0.0016391637576589997,-11.111087658920074,45.46804523946874,498.16345672542286,6881.637202028622,0.0010253954234833633,53.010555605018304,359.8418947196596,316.13503281100463,29.8029840972551
15 Jul 2026 00:54:00.000000000,6763.877774462251,-755.0458677208081,-977.5746792836342,1.3719660745010804,4.505665297491316,5.986749767005429,-0.00830550789978952,0.0009242790764527376,0.0011998748654656552,-8.075727517902248,47.5740038580187,498.020936003157,6881.968010974923,0.0010262208865804885,53.01159281683127,359.8416145191145,321.6000853006618,28.146729521350718
15 Jul 2026 00:55:00.000000000,6831.191947352438,-483.23721109327465,-616.4699638610198,0.8710232344408334,4.551292956752666,6.045646946709597,-0.008387763262211152,0.0005905192996916809,0.0007552278879382369,-5.026627324978921,49.64497129231233,497.97941016432094,6882.197001309973,0.0010147463414017178,53.01231136989616,359.84148197152274,326.91076278871964,26.644594360437168
15 Jul 2026 00:56:00.000000000,6868.323310812947,-209.29341447709186,-252.63402490763545,0.36624498074324785,4.576810459523191,6.077756484991656,-0.008432684636052208,0.0002541492728646238,0.0003072346308195556,-1.9691643359070097,51.69438767019241,498.0419746922783,6882.320134892745,0.0009906976722171442,53.01269847645708,359.84144284855734,332.0769357223805,25.286726764726208
15 Jul 2026 00:57:00.000000000,6875.109084692584,65.57509831900725,112.32104357999482,-0.14012184953398885,4.582105955467281,6.082937387871458,-0.008440071650905406,-8.331205142695362e-05,-0.000142076468207686,1.091448600429194,53.735344685649515,498.20991571400776,6882.335253955028,0.0009540157953865427,53.012747205850076,359.84144128663416,337.1029080638735,24.06884293780659
15 Jul 2026 00:58:00.000000000,6851.521556191653,340.15393099304885,476.778344506676,-0.6458236390754842,4.56715891421596,6.061170592676787,-0.008409901729416367,-0.0004203409044720567,-0.0005906711891577534,4.15006359805552,55.78079599457649,498.4826759281364,6882.242118764866,0.0009048602093798208,53.01245660440997,359.84142077431875,341.9864728580558,22.993171164666144
15 Jul 2026 00:59:00.000000000,6797.66816630086,613.230198033802,839.1234973403815,-1.148610662868036,4.532040173794874,6.012558993394268,-0.008342330042384823,-0.0007554168543636758,-0.0010365204289757434,7.201500563719678,57.84376609426609,498.85785438187634,6882.042410688418,0.0008436096046748884,53.01183170970978,359.84132515056183,346.71673349780724,22.070630133347475
15 Jul 2026 01:00:00.000000000,6713.790956744579,883.5979962088228,1197.75193967288,-1.6462477209798305,4.476911500940294,5.937326813623049,-0.008237688208993222,-0.0010870309072515286,-0.0014776110271586846,10.240448853865495,59.93755986120415,499.33124012840784,6881.739700641264,0.0007708600819066946,53.01088345898454,359.84109959605865,351.2696613506872,21.325270894224786
15 Jul 2026 01:01:00.000000000,6600.26538207187,1150.0638351124185,1551.076171774299,-2.13652465690012,4.402024669108012,5.83581833514143,-0.00809648176792344,-0.001413693465703382,-0.0019119563966237044,13.261364292601614,62.075974721436516,499.896879094454,6881.33938357995,0.0006874223991693314,53.00962849346571,359.8406916002547,355.5989896078386,20.803382603333386
15 Jul 2026 01:02:00.000000000,6457.598495949397,1411.4519981401213,1897.5329059312353,-2.6172666890281064,4.307720065340122,5.708495997227367,-0.007919386468176177,-0.0017339420571912398,-0.0023376068438626884,16.258358006794435,64.2735166173057,500.54717280623754,6880.848580327279,0.0005943218772406936,53.00808886218313,359.84005188694874,359.61635509531703,20.59335031681965
15 Jul 2026 01:03:00.000000000,6286.426524946134,1666.6098060835754,2235.5900834632057,-3.0863444864964387,4.1944248422005606,5.555937888586397,-0.007707243450974107,-0.002046348752032116,-0.0027526594712281214,19.225073426277866,66.54561933496682,501.27300697863,6880.276008636916,0.0004928112859237713,53.00629163056412,359.839135282217,3.1431982771075955,20.873754614180076
15 Jul 2026 01:04:00.000000000,6087.511847084116,1914.4127566543893,2563.7537238029836,-3.5416839253385235,4.0626506355836165,5.378834659846704,-0.007461053412188462,-0.002349527198811838,-0.0031552675656855117,22.154547716216264,68.90886403221499,502.0639073856465,6879.63182597026,0.00038443189732932615,53.00426840082681,359.8379015093969,5.774618748438064,22.04951575820035
15 Jul 2026 01:05:00.000000000,5861.739396093056,2153.7695146228416,2880.5745718563862,-3.9812754668940658,3.9129908732144356,5.177985889921696,-0.007181969851365631,-0.0026421392158614875,-0.003543649392203258,25.039053959241155,71.38119142290364,502.9082199140187,6878.927446969285,0.0002712795038516753,53.00205475270988,359.83631589721045,6.391533209058782,25.23973540789509
15 Jul 2026 01:06:00.000000000,5610.1125155940235,2383.626728849831,3184.6545119826274,-4.403183107092552,3.7461177019998653,4.954295943979647,-0.006871291526038599,-0.0029229008894066442,-0.003916096326257798,27.869920766108677,73.98209225874483,503.7933112679145,6878.175339054051,0.00015755668367020223,52.99968961447006,359.83434998862543,0.5799367913134605,34.85843501495848
15 Jul 2026 01:07:00.000000000,5333.748290300718,2602.9736542656956,3474.6527192986164,-4.805552852637153,3.562778564971582,4.708769364197982,-0.006530454237961566,-0.0031905881419249777,-0.004270980276795624,30.637326960065636,76.7327514583798,504.70578644925473,6877.3887999437775,6.845715394000907e-05,52.997214575290265,359.83198203983994,317.4315591854374,81.8138994658911
15 Jul 2026 01:08:00.000000000,5033.872383737277,2810.8465587519654,3749.291521549377,-5.186620687880452,3.363792460347048,4.442505836853588,-0.006161022082917994,-0.0034440417479518217,-0.004606760369494172,33.330071018405576,79.65610619752756,505.6317188892075,6876.58172119101,0.00012175447474769465,52.9946731512559,359.82919740072106,246.79984146041738,156.25270007525907
15 Jul 2026 01:09:00.000000000,4711.813413913074,3006.332896865856,4007.3619474378884,-5.544720004084974,3.150045916199675,4.15669478058524,-0.005764678295345586,-0.0036821717881714033,-0.004921988878010296,35.935318767717675,82.77675722414509,506.5568889532764,6875.768342025617,0.00023494073553723965,52.99211001785404,359.8259887701134,235.1838245131869,171.67580600022413
15 Jul 2026 01:10:00.000000000,4368.996899865267,3188.5752343640947,4247.728940007675,-5.8782884705419995,2.9224887143895586,3.8526096008753066,-0.005343215815093199,-0.0039039615458264067,-0.005215316408671989,38.4383394055479,86.12064495785681,507.46702648203456,6874.9629979282345,0.0003522123255924818,52.98957022252086,359.8223563216295,234.37320356860877,176.29352965588674
15 Jul 2026 01:11:00.000000000,4006.938812990879,3356.7749094895294,4469.336216356537,-6.1858743344385605,2.6821293967963085,3.531601654989617,-0.0048985276951430045,-0.0041084708614392874,-0.005485496359900447,40.82225050511887,89.71436893120185,508.3480530574534,6874.179868392731,0.00046691092333623973,52.98709839109396,359.8183076978515,236.34845293901475,178.12540192371586
15 Jul 2026 01:12:00.000000000,3627.238767677651,3510.1954189234098,4671.210757570502,-6.46614214318032,2.4300305855986113,3.195093969878572,-0.00443259745837952,-0.004294838973319931,-0.005731388693039448,43.067808509326305,93.58399673899297,509.1863197924257,6873.4327282953755,0.0005763732252415586,52.984737942115174,359.81385787313286,239.41629817332998,178.86470002310136
15 Jul 2026 01:13:00.000000000,3231.572885935657,3648.1655181585834,4852.466915253178,-6.717877888914844,2.1673041474353694,2.8445747530002317,-0.0039474894957293805,-0.004462286879755841,-0.005951963062504249,45.15330291577257,97.75319129644008,509.96883662042734,6872.734707171697,0.0006786830394233796,52.98253032277496,359.8090288875392,243.01840568895997,179.0697579519642
15 Jul 2026 01:14:00.000000000,2821.686370596353,3770.0820277616513,5012.310123339193,-6.939993580077033,1.895106228897136,2.481590732831224,-0.0034453395817934883,-0.004610119266294027,-0.006146301363182615,47.05463835114455,102.2405103000149,510.6834893025565,6872.09806051375,0.0007722168091884943,52.98051427989399,359.8038494566561,246.91956080914673,178.9757885718722
15 Jul 2026 01:15:00.000000000,2399.3858212242344,3875.4123385612543,5150.040205988322,-7.131531248792354,1.6146321880330206,2.107740362153998,-0.0029283455652411926,-0.004737726046326695,-0.006313599759549565,48.745712993810656,107.05584118205195,511.3192406601893,6871.533956947797,0.0008555497626346622,52.978725178709624,359.7983544642496,251.0043974059112,178.69815413479822
15 Jul 2026 01:16:00.000000000,1966.5313262683435,3963.696610183981,5265.054274233409,-7.291666405830836,1.3271114435962492,1.7246669132383055,-0.002398758271722096,-0.004844583565558579,-0.006453170264004036,50.19921110796102,112.19617463265443,511.8663128734768,6871.052284843443,0.0009274393844160669,52.977194381385445,359.79258434671584,255.21023943971505,178.29952495677458
15 Jul 2026 01:17:00.000000000,1525.028364213453,4034.549658573293,5356.849205688339,-7.419710956495045,1.0338022606968627,1.3340514899629738,-0.0018588726373675302,-0.004930255520830021,-0.006564441931915047,51.38790075536585,117.64130660129811,512.3163480489222,6870.661481545649,0.0009868298216440103,52.975948696106556,359.7865843802043,259.5005055103673,177.8164751195212
15 Jul 2026 01:18:00.000000000,1076.8195456639844,4087.66252915339,5425.0237030097915,-7.515115591356848,0.7359864885590037,0.9376059779470571,-0.001311019072442162,-0.004994393641540931,-0.006646961737812706,52.28644226187566,123.35051947821258,512.6625446458471,6870.36838801934,0.0010328618308744013,52.97500990637959,359.7804038829417,263.85273607511016,177.27145553900084
15 Jul 2026 01:19:00.000000000,623.8762274542067,4122.803753158772,5469.279927960456,-7.577471665209165,0.43496426330007903,0.5370659500562344,-0.000757555037450738,-0.005036738177576745,-0.0067003951913195215,52.87356141602402,129.26161023688604,512.8997677538076,6870.178131259427,0.0010648830278269577,52.9743943887486,359.77409534681345,268.2526628348648,176.67872489422885
15 Jul 2026 01:20:00.000000000,168.19002915216203,4139.820285346456,5489.42470885928,-7.606512576071083,0.13204868624716418,0.13418354143214845,-0.00020085679872855922,-0.005057118230567988,-0.006724526741968801,53.13425616224252,135.29348095681664,513.0246316264527,6870.094036354024,0.0010824563261800579,52.974112825586786,359.7677135134121,272.69104650737955,176.04751219108726
15 Jul 2026 01:21:00.000000000,-288.2357184489849,4138.638121885177,5485.370319973126,-7.602114653757659,-0.17143951377546623,-0.2692796945665668,0.0003566886814146436,-0.005055451957220407,-0.006719260011125358,53.0615693800726,141.3526608334989,513.0355532969526,6870.11756960166,0.0010853655942011221,52.97417001796089,359.76131441080094,277.16189086860817,175.3838030738915
15 Jul 2026 01:22:00.000000000,-743.3945635259531,4119.262597664679,5457.134832004856,-7.564297564525015,-0.4741773270607895,-0.6715599398731772,0.0009126917735193381,-0.005031746664932067,-0.0066846178778128,52.6574732245488,147.3427672560634,512.9327765234324,6870.248313581504,0.0010736180480483372,52.9745648018153,359.7549543678429,281.66138863875017,174.69139430026965
15 Jul 2026 01:23:00.000000000,-1195.2855333144637,4081.7783626811106,5404.842033377865,-7.493224234934459,-0.7748448124389661,-1.0708982663803497,0.0014647681879837128,-0.00498609880788422,-0.006620742429092581,51.93261486712089,153.174698127926,512.7183657379733,6870.483974563657,0.0010474431492845829,52.97529006891868,359.7486890233962,286.1872803552694,173.97253523084322
15 Jul 2026 01:24:00.000000000,-1641.9217152211518,4026.3490375043025,5328.720922481861,-7.389200294466371,-1.0721304435256318,-1.4655477836267454,0.0020105470202685543,-0.004918693882482114,-0.006527894773151219,50.90499703462057,158.77502370934346,512.3961700980987,6870.820422131697,0.0010072879240628902,52.976332892186846,359.74257234771153,290.73846072366325,173.22832183540297
15 Jul 2026 01:25:00.000000000,-2081.338790009889,3953.2165482054306,5229.104771540221,-7.252673032872697,-1.3647364454527597,-1.8537807708402985,0.002547678891831651,-0.00482980620990239,-0.006406454698374793,49.597954455904734,164.09082897657402,511.9717581646434,6871.2517603757915,0.000953808727438661,52.97767475317503,359.7366556931918,295.31474522687216,172.45893042772965
15 Jul 2026 01:26:00.000000000,-2511.603487754943,3862.7001415354566,5106.429763308378,-7.084229864980915,-1.6513841146843675,-2.233895783259774,0.00307384423766542,-0.004719798583017491,-0.006256920147677931,48.03790973961348,169.09063794063508,511.4523241531856,6871.770429508977,0.0008878595602874492,52.979291867750455,359.7309868910999,299.91675493192,171.6637331836533
15 Jul 2026 01:27:00.000000000,-2930.8219367292854,3755.1950816336375,4961.233202473878,-6.884596292882422,-1.930819112915688,-2.604224720476639,0.00358676178152434,-0.00458912174671783,-0.0060799064663763615,46.25232946690307,173.76224448322836,510.846567126523,6872.367336266062,0.0008104771180366392,52.981155604242716,359.7256094100895,304.54591131109385,170.8413036185599
15 Jul 2026 01:28:00.000000000,-3337.1478747194187,3631.171030148478,4794.151304441456,-6.654633353355926,-2.201816723926745,-2.9631398416959427,0.004084197226463701,-0.004438313672282099,-0.005876145370801991,44.26813100996434,178.10880975802206,510.1645449106547,6873.032010970721,0.0007228628138427478,52.98323298675564,359.72056159126396,309.20457415927837,169.9892789367721
15 Jul 2026 01:29:00.000000000,-3728.7906914442724,3491.170112407067,4605.916565210955,-6.395334537191887,-2.4631870597115704,-3.3090607093880386,0.004563972172316837,-0.004267998580560809,-0.005646483577135737,42.11061267159545,-177.85550679728968,509.4175049230872,6873.752788707959,0.0006263620759797686,52.985487274836835,359.71587597319984,313.8964387134869,169.10396314098313
15 Jul 2026 01:30:00.000000000,-4104.02327004349,3335.8046731401037,4397.35471723743,-6.1078221668252795,-2.7137801994474255,-3.6404610391246197,0.005023973254881562,-0.00407888566576559,-0.00539188102612179,39.802855886959776,-174.10953196143652,508.6176944950183,6874.517011622533,0.0005224412721112969,52.98787860936609,359.71157871876153,318.62753791480407,168.17932495743617
15 Jul 2026 01:31:00.000000000,-4461.189594640985,3165.754726394412,4169.381277692011,-5.7933432196823675,-2.95249124177306,-3.955875429262452,0.005462161481375848,-0.0038717674687863287,-0.005113408635680116,37.36549075427717,-170.62827393305963,507.77815364279763,6875.311248985641,0.0004126626681818244,52.99036471336333,359.7076891538025,323.40899481808333,167.2042455666245
15 Jul 2026 01:32:00.000000000,-4798.712090433414,2981.7651054798225,3922.9976971888364,-5.453264586631614,-3.1782652479271625,-4.253905940266614,0.005876581717926424,-0.0036475178506073427,-0.004812245515925981,34.816708143510574,-167.38524818708396,506.9124935907266,6876.121531340695,0.00029865792121744453,52.9929016354529,359.70421942586995,328.2662753727983,166.15326591345632
15 Jul 2026 01:33:00.000000000,-5115.098662125297,2784.642320257714,3659.2871190187248,-5.089067758199775,-3.3901020503462416,-4.5332284895590185,0.006265372265944296,-0.0034070895195018026,-0.004489675585393885,32.172419636254006,-164.35403191187154,506.03466465876505,6876.9335947597265,0.00018210101374214837,52.99544452296881,359.7011742889309,333.2841804267365,164.9415947426436
15 Jul 2026 01:34:00.000000000,-5408.949396247857,2575.2511306685647,3379.409761082723,-4.7023429355377555,-3.58706089870949,-4.792599024332049,0.006626774446068303,-0.003151511071090772,-0.004147083534744319,29.44649272076784,-161.5092116920717,505.1587173953062,6877.733131023273,6.468812775144962e-05,52.997948411158085,359.6985510179881,339.13982762403305,162.89212668644427
15 Jul 2026 01:35:00.000000000,-5678.962892870807,2354.5108471505773,3084.5979350739694,-4.2947825684894845,-3.768264913172351,-5.030859431838353,0.006959142091868112,-0.0028818835078217304,-0.003785950094452942,26.651013201961277,-158.8268913195135,504.29856104655255,6878.506039383925,5.199368223254307e-05,53.000369014649145,359.69633945511526,160.48521816345843,345.3528754383874
15 Jul 2026 01:36:00.000000000,-5923.942192551336,2123.391370463266,2776.1507199628927,-3.8681743293640127,-3.9329053128222893,-5.246943144448526,0.007260950843098569,-0.0025993762146826788,-0.0034078465766971583,23.796545952081665,-156.28490017962798,503.4677236005328,6879.2386754943245,0.00016617142569298697,53.00266350729913,359.6945221862123,166.76404880460282,342.88016162585114
15 Jul 2026 01:37:00.000000000,-6142.80026509141,1882.9089853864057,2455.4283094520288,-3.4243935379775534,-4.080245386297943,-5.4398803953952255,0.00753080711744089,-0.0023052223787269196,-0.0030144286762759597,20.892378545072994,-153.8628088378681,502.67911771521517,6879.918093077395,0.0002763828771166646,53.004791276726195,359.6930748454408,171.9929406458779,341.45738385905156
15 Jul 2026 01:38:00.000000000,-6334.565027840895,1634.121924757255,2123.846055728337,-2.9653950609994424,-4.2096241711416935,-5.608803080704165,0.007767456632881501,-0.0020007138524762136,-0.0026074295319655537,17.946740988780782,-151.54182737745683,501.94481682902006,6880.532273995753,0.0003811551850575309,53.00671464026045,359.6919665421062,177.13732296712902,340.11913466607086
15 Jul 2026 01:39:00.000000000,-6498.383862902163,1378.1257223124026,1782.868234493231,-2.4932047163870044,-4.320459808847496,-5.7529491834246445,0.007969792350912504,-0.0016871954746527258,-0.0021886520677640593,14.966999998663704,-149.30463723335606,501.275845650629,6881.070342537291,0.00047915055821192576,53.00839950971048,359.69116040253704,182.30017066459848,338.7624627895089
15 Jul 2026 01:40:00.000000000,-6633.527604681638,1116.0483747410017,1434.00155883108,-2.009910221464306,-4.4122525437716575,-5.871666717954012,0.008136861712499766,-0.0013660588752149878,-0.001759960651151597,11.959829190444129,-147.1351889788891,500.6819890309367,6881.522759979072,0.0005691761733312796,53.00981599322371,359.6906142175831,187.51440030064987,337.3544768265203
15 Jul 2026 01:41:00.000000000,-6739.39397177545,849.0453352194788,1078.7884719204428,-1.5176517307579067,-4.484587336073925,-5.964417155000949,0.008267873043411353,-0.0010387358045327794,-0.0013232721228605855,8.931358067952297,-145.01848572085598,500.1716229302207,6881.881495814836,0.0006502029961164567,53.01093892360823,359.6902811843946,192.7980102992825,335.87720468616686
15 Jul 2026 01:42:00.000000000,-6815.5104201608165,578.2943624029774,718.8002508401926,-1.0186120167797033,-4.537136061643218,-6.030778291511545,0.008362201016985742,-0.0007066910397057376,-0.0008805462697017676,5.887303338233029,-142.94036312996346,499.7515708128338,6882.140172433359,0.0007213824147149092,53.011748303761124,359.69011072954146,198.16493194905232,334.31674220811766
15 Jul 2026 01:43:00.000000000,-6861.53639804765,304.99025037590746,355.62995571227486,-0.5150063533193309,-4.569659275466599,-6.0704465346135414,0.008419391075357871,-0.00037141493195800624,-0.0004337758267358874,2.83308628264085,-140.8872714914583,499.42698833335487,6882.294180504409,0.0007820598276490591,53.01222966129111,359.6900493990397,203.62831598409585,332.65996617825783
15 Jul 2026 01:44:00.000000000,-6877.264986482542,30.339466351349206,-9.114739893746703,-0.009072166251900408,-4.582007519045957,-6.083238574204099,0.008439162726905095,-3.441566911125742e-05,1.5023892172945075e-05,-0.22606011160767875,-138.84606158101312,499.20127863408646,6882.340762861426,0.000831784863831042,53.01237430600892,359.69004179971034,209.2018849119774,330.89318157923134
15 Jul 2026 01:45:00.000000000,-6862.623913824977,-244.44527605450173,-373.8188000410183,0.49694147879132655,-4.574122157142104,-6.06909242507223,0.008421411658352362,0.0003027886652071106,0.00046382562588257896,-3.284990657952031,-136.80377398953235,499.0760399647081,6882.279065251605,0.0008703180336268125,53.01217948565713,359.6900315753027,214.90067287583503,329.0013812955707
15 Jul 2026 01:46:00.000000000,-6817.675936466909,-518.1504794208112,-736.8671207969937,1.0007844794664336,-4.546035734208386,-6.028067826238863,0.008366210621304894,0.0006386781481696593,0.0009106009430907568,-6.338550614045237,-134.74743029565118,499.0510466781013,6882.1101529444995,0.000897633677318564,53.01164843703676,359.6899624002545,220.74155276108021,326.967718570543
15 Jul 2026 01:47:00.000000000,-6742.618582560679,-789.5673320102378,-1096.6518291774198,1.5002163163248992,-4.497871846218944,-5.9603459923262205,0.008273809076419765,0.0009717390998750821,0.0013533310444278858,-9.381478016200827,-132.66382395216917,499.12426396884473,6881.83699283449,0.0009139191289143145,53.01079033152462,359.68977897354785,226.7436927907899,324.77304997808176
15 Jul 2026 01:48:00.000000000,-6637.783259976488,-1057.497155075452,-1451.5795478464054,1.9930166145389836,-4.429844529050666,-5.866228719033189,0.008144631602277064,0.0013004720999616121,0.0017900174685084843,-12.408302249962194,-130.53930879389128,499.2918960224335,6881.464401327955,0.0009195700511819525,53.00962011583702,359.68942799516515,232.92899577793196,322.3954957491702
15 Jul 2026 01:49:00.000000000,-6503.63373414342,-1320.7567991364026,-1800.0785870903023,2.4769955744155876,-4.3422571699857,-5.746136851986995,0.007979275099780985,0.001623399849909676,0.0022186925838692494,-15.413235331301303,-128.35958370020472,499.54846655339554,6880.998958955068,0.0009151819156502098,53.008158250742724,359.6888591078726,239.3225338439997,319.81000465047157
15 Jul 2026 01:50:00.000000000,-6340.763985754507,-1578.183960934984,-2140.60602633727,2.95000419987765,-4.235500954107706,-5.6006081351613375,0.00777850484477674,0.0019390747967814816,0.0026374297547675845,-18.39005226131734,-126.10947329825702,499.88693004939796,6880.448893276741,0.0009015375884647366,53.00643035223553,359.6880257876828,245.95296348896142,316.98793853740636
15 Jul 2026 01:51:00.000000000,-6149.895462456719,-1828.6423936236897,-2471.654648648765,3.409944257888777,-4.110052862225811,-5.430294461503286,0.007543249462677551,0.0022460864410972113,0.003044353078398239,-21.331956712776403,-123.77270696446926,500.2988114233522,6879.823932253897,0.0008795909241037195,53.00446674140571,359.68688616720215,252.85287600020658,313.8967216007054
15 Jul 2026 01:52:00.000000000,-5931.873742526878,-2071.026983879125,-2791.7596931313665,3.8547779067552645,-3.9664732413391564,-5.235958554220543,0.007274594916719731,0.0025430682607363113,0.003437646603166471,-24.23142829887835,-121.33170225209165,500.7743712233033,6879.135130795943,0.0008504461443260119,53.00230191087361,359.68540377724884,260.05899826821894,310.4996392449149
15 Jul 2026 01:53:00.000000000,-5687.664632090527,-2304.268671008945,-3099.505392065394,4.282536937180426,-3.8054029724389125,-5.018470112195597,0.006973777615311827,0.0028287041930917106,0.003815562951466077,-27.080047918942245,-118.76736495110114,501.302793073422,6878.394673696792,0.0008153325682476789,52.9999739171374,359.6835481935528,267.6121038326452,306.7559267807637
15 Jul 2026 01:54:00.000000000,-5418.349720619874,-2527.3391847047806,-3393.5312616704396,4.691331576662315,-3.627560263543394,-4.778801457093762,0.0066421767570094764,0.0031017346305143747,0.004176431287573984,-29.868298431960266,-116.05892725416821,501.8723896286544,6877.6156585904955,0.0007755739475554093,52.99752370951167,359.6812955769987,275.55642229246865,302.6213598025367
15 Jul 2026 01:55:00.000000000,-5125.121422207104,-2739.255579843535,-3672.538117772849,5.0793588150898765,-3.433737098207797,-4.51802272282974,0.006281306036154029,0.0033609618962108846,0.00451866458730379,-32.585339593723404,-113.1838591951361,502.47082302704155,6876.811862906081,0.0007325512664470031,52.99499440747417,359.6786290977346,283.93825644941506,298.0496368853794
15 Jul 2026 01:56:00.000000000,-4809.277532424363,-2939.0845486096864,-3935.293790141968,5.444910216954392,-3.224795371304307,-4.2372966301056705,0.005892804836805261,0.0036052551814559886,0.004840766184401831,-35.2187594445461,-110.11790797752356,503.0853356203454,6875.997499068027,0.0006876574871185168,52.992430539168446,359.67553923555187,292.8034630861813,292.99489870409565
15 Jul 2026 01:57:00.000000000,-4472.215332443004,-3125.946492143462,-4180.638511861247,5.786379193195982,-3.001662744633041,-3.9378728897218633,0.005478429040870221,0.0038335549383970136,0.005141335586377931,-37.754310071419354,-106.83534595907503,503.7029866545985,6875.186962371028,0.0006422426186162233,52.989877254518575,359.67202395107097,302.19349846013546,287.4156824950062
15 Jul 2026 01:58:00.000000000,-4115.425273487861,-3299.019335886576,-4407.489962732295,6.102267713111062,-2.765328254904843,-3.6210822783198444,0.005040041570403752,0.0040448767346427245,0.005419073568544509,-40.175645093714955,-103.30954031481616,504.31089055438713,6874.394576054074,0.0005975481779492807,52.98737952687975,359.6680887246328,312.13999991608546,281.2803404584968
15 Jul 2026 01:59:00.000000000,-3740.4842756813887,-3457.5420747230273,-4614.847948314395,6.391192443700944,-2.5168377059163154,-3.2883304292163915,0.004579602774919892,0.004238314587468383,0.005672786570354125,-42.46409065730577,-99.51399143451277,504.89645253147637,6873.634338111438,0.0005546323882573241,52.98498135737197,359.6637464620115,322.6585227219493,274.5733029986344
15 Jul 2026 02:00:00.000000000,-3349.048675893232,-3600.818035900358,-4801.798698723579,6.651890310161359,-2.257288875344155,-2.9410913791293862,0.0040991607630147305,0.004413043806058808,0.0059013904323094515,-44.598502065522624,-95.42401120628139,505.44759738218255,6872.919674308099,0.000514292095610015,52.982724996012706,359.6590172686054,333.7431320885133,267.3004868378508
15 Jul 2026 02:01:00.000000000,-2942.84685942948,-3728.2178494770096,-4967.518773705977,6.8832234766816205,-1.9878265646836326,-2.580900909016002,0.0036008417608143855,0.004568323376864748,0.006103913520608081,-46.555283672873344,-91.01920274360592,505.95298754904604,6872.26320171955,0.00047699430767564815,52.980650193483406,359.6539280959391,345.3647902231894,259.4909081549712
15 Jul 2026 02:02:00.000000000,-2523.6716102966834,-3839.1821176954063,-5111.278562717218,7.084183751229607,-1.70963751850438,-2.2093497141050786,0.003086840564011352,0.004703497934581034,0.00627949929652136,-48.30867575297556,-86.28682108199996,506.4022267910183,6871.676506897001,0.00044283733851064206,52.97879349683459,359.6485122667145,357.4771003104193,251.19093885112522
15 Jul 2026 02:03:00.000000000,-2093.3722144449125,-3933.2237761679253,-5232.445370756732,7.253896421422781,-1.4239452365818943,-1.8280764346811156,0.0025594111307948053,0.004817999363713939,0.006427408390739921,-49.83142755005426,-81.2258920521778,506.7860461225025,6871.169942472963,0.000411564343110297,52.97718760166562,359.64280888669515,10.031999813878393,242.44861354465968
15 Jul 2026 02:04:00.000000000,-1653.846349875385,-4009.930141101337,-5330.486082500033,7.391623530893144,-1.1320046996756903,-1.4387605754652093,0.002020857344795117,0.004911348077830042,0.006547020245788795,-51.09596122165819,-75.851613495207,507.09646903534485,6870.752445678565,0.00038264634816311227,52.975860772322655,359.6368621538674,23.005246363905695,233.28814402700223
15 Jul 2026 02:05:00.000000000,-1207.0317968839497,-4068.9646379429832,-5404.96939884048,7.496766606727161,-0.8350970269625962,-1.043115337723392,0.0014735239578328805,0.004983154021103693,0.006637834386121985,-52.0760629641722,-70.199101350193,507.32695340127896,6870.431381848626,0.00035543871288382523,52.97483634045505,359.6307205770452,36.428377016912904,223.6779603873273
15 Jul 2026 02:06:00.000000000,-754.8980010567124,-4110.0682078344935,-5455.567641294693,7.568868848660592,-0.5345240804946882,-0.6428803847188409,0.000919787706040825,0.00503311743543293,0.006699471373706725,-52.74900112451493,-64.32515155238384,507.47250785648924,6870.212415551155,0.00032940261421115087,52.97413229088223,359.6244361177899,50.42206755457214,213.49735213204693
15 Jul 2026 02:07:00.000000000,-299.43752095485985,-4133.060389109218,-5482.058120869027,7.607616789826102,-0.23160302966186272,-0.2398145579248332,0.00036204857633997684,0.005061029428046235,0.006731673495628694,-53.0977863036957,-58.30668134569433,507.52978089037026,6870.099411502528,0.0003043814256442805,52.97376094217326,359.6180632708218,65.22457910063856,202.50802201491274
15 Jul 2026 02:08:00.000000000,157.34260798257878,-4137.840071776866,-5484.3240689277645,7.6128414370980915,0.07233911324958558,0.16431144108427284,-0.0001972788113021871,0.00506677237025027,0.006734305224433725,-53.11312657291297,-52.23517721275641,507.4971212905667,6870.094366925461,0.0002809293342379444,52.973728727655214,359.6116580992915,81.20130492932171,190.3445396957035
15 Jul 2026 02:09:00.000000000,613.4295624804021,-4124.385923570637,-5462.355128445275,7.5845188967066655,0.3759709769781745,0.5677223903672209,-0.0007557737510752756,0.0050503201463843305,0.0067073534763581666,-52.79459520036474,-46.207764675045205,507.37460903371147,6870.19737648076,0.0002606764282645491,52.97403608077799,359.605277242029,98.79346817835712,176.56564450814523
15 Jul 2026 02:10:00.000000000,1066.8134425484711,-4092.756486645787,-5416.247404707515,7.52277048786936,0.6779623260129255,0.9686458972538512,-0.0013110179784457563,0.00501173826462155,0.006650927682587654,-52.15068561555676,-40.31686832659595,507.16405615190627,6870.406630362967,0.00024659947035787517,52.974677426902424,359.59897691042005,118.31217052288247,160.86019727208182
15 Jul 2026 02:11:00.000000000,1515.4959740835077,-4043.08994453582,-5346.2030752126075,7.427862344092024,0.9769895579097199,1.3653197467577929,-0.0018606042300880797,0.00495118382917241,0.006565259672478079,-51.197737697771586,-34.64105093891267,506.8689775484543,6870.718445602072,0.00024276788930140865,52.97564128167912,359.59281189273713,139.5064901022837,143.4790828503723
15 Jul 2026 02:12:00.000000000,1957.4991721671392,-3975.603559462485,-5252.529559172883,7.300204498636019,1.2717411946587631,1.7559992371644522,-0.0024021448879733395,0.00486890536476721,0.006450703356036616,-49.9580366399673,-29.239099463934565,506.49453217941067,6871.127330063519,0.0002529958450301351,52.97691045428342,359.58683458365164,161.2009113207463,125.59778082187573
15 Jul 2026 02:13:00.000000000,2390.873933981514,-3890.5927806293107,-5135.638247734445,7.140349447730093,1.5609233586769624,2.138964489982889,-0.0029332807529044327,0.004765242472920396,0.006307734177795921,-48.45756078648593,-24.148108129298365,506.0474354600017,6871.626078095317,0.00027889419249739635,52.97846235189846,359.5810940561963,181.71088882913674,108.90080195528603
15 Jul 2026 02:14:00.000000000,2813.7085297893154,-3788.4300247327787,-4996.042796841813,6.948990182633183,1.8432652225344466,2.5125277194691815,-0.003451689983730285,0.004640625291197169,0.006136948303236569,-46.72383550721416,-19.384983869651524,505.5358441940922,6872.205896240483,0.00031923428403684407,52.98026938003105,359.57563519267273,199.86498660967072,94.55954955505766
15 Jul 2026 02:15:00.000000000,3224.1369598195038,-3669.5631306337764,-4834.3569856303775,6.726957679837248,2.1175244195607057,2.8750404442845707,-0.003955097226058276,0.004495573719525873,0.005939061489366971,-44.78419560895015,-14.950068301254738,504.96921575827054,6872.856556921846,0.0003711251437264132,52.98229943153464,359.57049788993584,215.42082793357127,82.8163699023653
15 Jul 2026 02:16:00.000000000,3620.3471442050186,-3534.5134909695853,-4651.292144369287,6.47521783771918,2.3824924001076617,3.224900620661709,-0.00444128293875875,0.004330696370563498,0.005714907581979769,-42.664572332405946,-10.831524921994866,504.3581436960907,6873.566577522692,0.000431387159972121,52.98451645563038,359.56571635324053,228.70688427013062,73.34276370631086
15 Jul 2026 02:17:00.000000000,4000.588912445758,-3383.8738644613654,-4447.654157293907,6.194867847910368,2.636999715602064,3.560559672937015,-0.004908092909559943,0.004146689198170341,0.005465436578259531,-40.38877845260506,-7.009510768701583,503.7141722875356,6874.323421838084,0.0004971637427684501,52.9868810967932,359.5613184911356,240.19836778067736,65.66349392674154
15 Jul 2026 02:18:00.000000000,4363.181758024113,-3218.305873882591,-4224.340047312101,5.887131990828845,2.8799212095847975,3.8805293933898626,-0.005353447931984461,0.0039443337559241015,0.005191712190888646,-37.97819052997394,-3.4596168713628064,503.0495930479544,6875.113720464922,0.0005659965326772774,52.98935139212367,359.557325422152,250.3195827349252,59.354234625290644
15 Jul 2026 02:19:00.000000000,4706.522323458921,-3038.537195899084,-3982.3341512593997,5.553356846874277,3.110181092237131,4.183388679753069,-0.0057753535976009926,0.0037244950387528277,0.004894908851689348,-35.451708843327374,-0.1554284015273609,502.37722647126776,6875.923506343665,0.0006357355012448396,52.991883514791795,359.5537511020403,259.3984567817605,54.08703990989689
15 Jul 2026 02:20:00.000000000,5029.09158043193,-2845.3584505700605,-3722.70389650902,5.195005918281187,3.326757871988798,4.467790074936721,-0.006171910137484289,0.0034881188634486118,0.004576308096535954,-32.82588918153778,2.9297289432997755,501.71019265636113,6876.738461365692,0.0007044462599030334,52.994432550320646,359.5506020781011,267.67635396550054,49.620531077827046
15 Jul 2026 02:21:00.000000000,5329.461669571908,-2639.6197999118504,-3446.59519192532,4.813653660997359,3.5286891154124453,4.732466070368095,-0.006541322230616688,0.003236228750030343,0.004237294282100188,-30.115166360698485,5.821698615034097,501.0616747327635,6877.544169728863,0.000770350894706471,52.99695329190247,359.54787737494814,275.3289908654711,45.77898057759026
15 Jul 2026 02:22:00.000000000,5606.3023645604435,-2422.2272667385605,-3155.2274485837297,4.410978931437199,3.7150760044941,4.976235131613996,-0.006881908680089712,0.002969922273245296,0.003879349594709964,-27.332115155130502,8.544886788797665,500.44467922216484,6878.32637356236,0.0008317991319762556,52.999401040609555,359.54556851364237,282.484951287951,42.433797359569326
15 Jul 2026 02:23:00.000000000,5858.387125711147,-2194.1387868953925,-2849.888248235546,3.988757859280776,3.8850876588198706,5.198007402970568,-0.007192111844790056,0.002690366863025451,0.0035040483248531345,-24.48771522218447,11.12198986538486,499.871797625852,6879.071226260365,0.0008872600763619994,53.00173239628755,359.5436596638072,289.2394175241028,39.48979560169244
15 Jul 2026 02:24:00.000000000,6084.598709056073,-1956.3600099882233,-2531.9276801444694,3.548856164510649,4.037965189289815,5.3967900465750756,-0.00747050670618239,0.0023987950450745973,0.003113050397181758,-21.591601560254514,13.573939686852018,499.3549736048927,6879.7655389636475,0.0009353264249593212,53.00390602509611,359.54212792589857,295.66377163930014,36.875593345697986
15 Jul 2026 02:25:00.000000000,6283.934298301751,-1709.9398657211823,-2202.752369605863,3.093220944371927,4.173025449770918,5.5716921714287935,-0.007715809441189604,0.002096499123967428,0.0027080941611712923,-18.65229187513993,15.919982935248628,498.9052801119284,6880.397015714065,0.0009747256195594746,53.005883390092436,359.54094373858464,301.812181862781,34.5370259770191
15 Jul 2026 02:26:00.000000000,6455.5101287981815,-1455.9659149678216,-1863.819224117326,2.6238719636908194,4.289664453665606,5.72192930859425,-0.00792688537178786,0.0017848253253095556,0.0022909884663028074,-15.677388255009655,18.17783796162312,498.5327107338869,6880.954472979922,0.0010043343315510455,53.00762943192401,359.54007140387785,307.7261003442044,32.43264828463723
15 Jul 2026 02:27:00.000000000,6598.565574916744,-1195.5595066442263,-1516.6289257395945,2.142892489724614,4.387360423754715,5.846827390778108,-0.00810275616441081,0.001465167426981155,0.001863604063612232,-12.673753993537076,20.363892337842145,498.2459893100364,6881.428039508249,0.0010231939339847816,53.009113187598516,359.539469720637,313.4373256852599,30.53067169656166
15 Jul 2026 02:28:00.000000000,6712.466674940839,-929.8707632951108,-1162.7192006001737,1.652419720194025,4.465676445858901,5.94582619753164,-0.008242606157423749,0.001138959922379251,0.0014278643925158753,-9.647668200743395,22.493418595676232,498.0524015989544,6881.809332802491,0.0010305254083561618,53.0103083364138,359.53909271510116,318.9700597234922,28.806907218437637
15 Jul 2026 02:29:00.000000000,6796.709070713662,-660.0734199844957,-803.6578986941576,1.154634860111524,4.524262699828041,6.0184822313451765,-0.00834578770661758,0.0008076707714339083,0.0009857358286407502,-6.6049616637649065,24.58079524019401,497.95765238319365,6882.091608943543,0.0010257426396399088,53.011193663437275,359.5388904554587,324.34222335057467,27.24344929842943
15 Jul 2026 02:30:00.000000000,6850.920342821117,-387.35954257284845,-441.03591906049184,0.6517529092315835,4.562858245047772,6.064470994902077,-0.008411825453051866,0.0004727938064479666,0.000539217483352797,-3.5511376993006545,26.63972645333077,497.9657509283232,6882.269882961463,0.0010084633927386164,53.011753432399864,359.5388099359134,329.5661716385656,25.827960350890322
15 Jul 2026 02:31:00.000000000,6874.861725964461,-112.93415269774327,-76.46001701383311,0.1460122271873597,4.581292341967067,6.083588645569613,-0.008440419435195332,0.0001358408692852735,9.033065783336628e-05,-0.49148174776390324,28.68345794429359,498.07892716311676,6882.341017516093,0.0009785175140213053,53.011977661487116,359.53879601457294,334.64883888140463,24.553525338128487
15 Jul 2026 02:32:00.000000000,6868.429193329411,161.99021224959412,288.4544686578566,-0.3603360525263046,4.579485295980161,6.07575300969064,-0.008431446987194322,-0.00020166623587267637,-0.00035889193541165326,2.568836640377084,30.72498889043745,498.2975803331809,6882.303778243609,0.0009359521164949851,53.01186229723991,359.5387923884769,339.5912171145358,23.41917285436845
15 Jul 2026 02:33:00.000000000,6831.6539031163,436.19897520333274,652.0909297911523,-0.8650386857723106,4.557448815217002,6.041003946224138,-0.008384963389214076,-0.0005382038847007671,-0.0008064170640239021,5.624665888497581,32.77728134345908,498.62026121707186,6882.158854760818,0.0008810337376242888,53.011409283587504,359.5387425885159,344.3868735419261,22.431357289912036
15 Jul 2026 02:34:00.000000000,6764.70200487649,708.4810022616185,1012.8388051003355,-1.3658509828373442,4.515285879256294,5.979503056571175,-0.008301201258074011,-0.0008722547777467758,-0.001250221857405012,8.670775085619972,34.853469159109814,499.04368830074213,6881.908846975638,0.0008142477839122916,53.01062652489709,359.5385909766189,349.01882794301554,21.60708101039107
15 Jul 2026 02:35:00.000000000,6667.873807820203,977.6340629818953,1369.1008594813381,-1.8605474000350322,4.45319012132243,5.891532744808721,-0.00818056869103577,-0.0012023159958730286,-0.001688304555685685,11.701753838081927,36.96706859857416,499.5627976016466,6881.558217014193,0.0007362961745267101,53.00952774379825,359.53828372759864,353.4532501538037,20.98019646436505
15 Jul 2026 02:36:00.000000000,6541.6023177343095,1242.4702391493165,1719.300387734253,-2.3469319840247453,4.371444732001892,5.777494639827858,-0.008023646200454291,-0.0015269068765741667,-0.002118695007073842,14.711905783384356,39.13219226818538,500.1708251394754,6881.1132077292505,0.0006480954669330436,53.00813223639901,359.5377697783276,357.62627002817095,20.61459582050752
15 Jul 2026 02:37:00.000000000,6386.45115348996,1501.8212536810697,2061.888304969176,-2.822848597912312,4.270420897759154,5.637907397828851,-0.007831182497918001,-0.0018445766264307394,-0.0025394648013064972,17.695132171139132,41.36376690397276,500.85942038459945,6880.58172938368,0.0005507815175472224,53.006464529318436,359.5370017275272,1.4140120985961655,20.634175922331657
15 Jul 2026 02:38:00.000000000,6203.111858249941,1754.5436922779957,2395.3500872559034,-3.286190862381896,4.150575792400467,5.4734039100704,-0.007604089207993679,-0.00215391159255708,-0.0029487369372305085,20.644801811466625,43.677753417653435,501.6187883975047,6879.973216696023,0.0004457391894196635,53.004553944684694,359.5359366703606,4.555393784644214,21.30003971882655
15 Jul 2026 02:39:00.000000000,5992.400624331271,1999.5240916590149,2718.212527738641,-3.7349117504452307,4.012450143992427,5.284727946528238,-0.007343434609791371,-0.0024535421254607355,-0.0033446949353339536,23.553603656941693,46.09136417518249,502.43785781771385,6879.298458975691,0.00033472726100007035,53.002434080862024,359.534536953173,6.412633287504088,23.24998803898744
15 Jul 2026 02:40:00.000000000,5755.254454176249,2235.683869682362,3029.0502754177287,-4.167032780705394,3.8566654034782184,5.072730271040468,-0.0070504365181335545,-0.002742148976843686,-0.0037255913208510366,26.41337845643335,48.623267033974365,503.3044713831036,6878.569406556376,0.0002204667253545319,53.00014221814092,359.532770835152,4.978957631822291,28.49081125467278
15 Jul 2026 02:41:00.000000000,5492.726782981445,2461.9840743321165,3326.4921260478955,-4.5806527611041465,3.6839205442532164,4.838364267485445,-0.006726454427183496,-0.0030184691883864403,-0.004089755419929109,29.2149265267527,51.2937573173773,504.20559526935244,6877.798957145671,0.00011109094484649878,52.99771865993436,359.5306130453694,350.18227078668,47.09462090492763
15 Jul 2026 02:42:00.000000000,5205.982591193996,2677.429930372972,3609.2270370589413,-4.973956042710883,3.494988524206947,4.582681119469256,-0.006372981046619618,-0.0032813014411303366,-0.004435600429251627,31.947790100876965,54.12486648918433,505.1275432411434,6877.000726041435,7.588403571408156e-05,52.995206021140156,359.5280452254884,274.6092845277849,126.47471862391617
15 Jul 2026 02:43:00.000000000,4896.293037279836,2881.075164415669,3876.0098410075852,-5.345220250974348,3.2907124431693786,4.306824587849208,-0.005991633361808201,-0.0035295108484460777,-0.004761629737466787,34.60001150234144,57.14035849108239,506.0562114040967,6876.188804415906,0.00017242978542087288,52.992648476242444,359.52505625045393,239.77860486658676,165.1125095501293
15 Jul 2026 02:44:00.000000000,4565.0296428923875,3072.0260911343653,4125.666634752707,-5.692823469733763,3.0720014293137443,4.0120254311825425,-0.0055841433475223995,-0.0037620331889106342,-0.005066442494381722,37.15787340156975,60.365540441995684,506.9773192386976,6875.377510035379,0.00028882982004205,52.99009098041332,359.52164242164395,234.9236281242778,173.7746061413778
15 Jul 2026 02:45:00.000000000,4213.6580638275,3249.4454453879657,4357.0998242476235,-6.015250860923881,2.8398262878905087,3.699595513899908,-0.005152348460302328,-0.003977878589139381,-0.00534873844226699,39.605635756221645,63.82678376085939,507.87665258041943,6874.58113486537,0.00040533722168610613,52.98757847733235,359.51780752920916,235.63062982742508,176.87473922035446
15 Jul 2026 02:46:00.000000000,3843.731480963561,3412.5559469723885,4569.29280750107,-6.3111007100704715,2.5952149447547437,3.370921645732829,-0.004698182022146968,-0.004176134676868585,-0.005607322037047621,41.925297026291084,67.55061791239751,508.74030427791433,6873.81369401122,0.0005179362407219276,52.98515510765554,359.5135627826054,238.14576552414036,178.1667571524326
15 Jul 2026 02:47:00.000000000,3456.883645785401,3560.643586634313,4761.3142808159955,-6.5790898941495435,2.33924771557415,3.0274591937816937,-0.004223663597573924,-0.004355969236058966,-0.005841105902581606,44.096425941968484,71.56223133535022,509.55490840465774,6873.088680365556,0.0006243806700438659,52.98286343203669,359.5089266106642,241.45808602362752,178.66161065246058
15 Jul 2026 02:48:00.000000000,3054.8216151289416,3693.0606237632983,4932.322155824119,-6.8180587739868574,2.0730524294822974,2.6707255057324457,-0.0037308894486715004,-0.004516632403136771,-0.006049113670786064,46.09613428025847,75.88321289279165,510.30786410960116,6872.418829181402,0.0007228970723880606,52.98074368233196,359.50392433479044,245.1883804443996,178.73850983390156
15 Jul 2026 02:49:00.000000000,2639.318209506817,3809.2282878313263,5081.56707705355,-7.026975517970198,1.7977994333739846,2.302293179278022,-0.003222023135944119,-0.004657458450516014,-0.006230482269729707,47.89928740492388,80.52842705819025,510.98754545857884,6871.815896569697,0.0008119525182188752,52.9788330541091,359.4985877211535,249.1639561070292,178.5701444621686
15 Jul 2026 02:50:00.000000000,2212.204228862625,3908.6391771283625,5208.395531766152,-7.204939867322077,1.514696500188906,1.9237832089566027,-0.0026992863124233697,-0.004777867205840764,-0.006384463724751417,49.47906853001334,85.50208335372169,511.5834939302809,6871.290455638736,0.0008902043897233676,52.977165052846395,359.4929544197701,253.29562727035773,178.2456954100547
15 Jul 2026 02:51:00.000000000,1775.3604589025097,3990.8593496559592,5312.252545561992,-7.35118635549745,1.2249836615043002,1.5368580375735557,-0.0021649497404499993,-0.004877365158804912,-0.006510426542060885,50.80800757650851,90.79337319405528,512.0865905789435,6870.851713658673,0.0009564949467942169,52.97576890525369,359.48706730043324,257.5331679716613,177.8153820507541
15 Jul 2026 02:52:00.000000000,1330.7095003585034,4055.530102162982,5392.683958763089,-7.465086995410491,0.9299279817406422,1.1432145353219305,-0.0016213245398777082,-0.004955546304537055,-0.006607856740387667,51.85953282883957,96.37248714313473,512.4892052511282,6870.507353253115,0.001009858529654065,52.974669046000145,359.4809736971507,261.8465104087954,177.30926414569936
15 Jul 2026 02:53:00.000000000,880.2074526987201,4102.369434260485,5449.338279861847,-7.54615344821205,0.6308182883805702,0.7445769258498044,-0.0010707536589328547,-0.005012092769948429,-0.0066763585925091766,52.609985188525066,102.18825347153854,512.7853206392451,6870.263400200121,0.0010495316322833876,52.973884688805455,359.47472457442126,266.2168752075416,176.746111878565
15 Jul 2026 02:54:00.000000000,425.83548299522687,4131.173195333502,5481.968113367501,-7.5940386863167,0.32895986997597093,0.34268967501557185,-0.0005156035428762228,-0.005046775264338134,-0.006715655131656027,53.04085969476982,108.16877066773236,512.9706293625429,6870.124119973125,0.0010749622466386971,52.97342948937194,359.4683736299756,270.63221918401484,176.1379584196143
15 Jul 2026 02:55:00.000000000,-30.408690028386474,4141.815912605398,5490.431160231992,-7.608538161450972,0.025669151486607103,-0.060689644883746,4.174403862193556e-05,-0.005059453387631003,-0.006725588466940013,53.14086466100366,114.22592857732921,513.0426026835232,6870.091944676462,0.001085816934816719,52.973311306025,359.461976349745,275.0847419732603,175.49259364259433
15 Jul 2026 02:56:00.000000000,-486.51936741566817,4134.251299231256,5474.690789727632,-7.589590485838967,-0.27773164532629613,-0.4637975050344542,0.0005989000549751954,-0.005050075820399709,-0.006706119939563053,52.90731369811826,120.2635622267201,513.0005298891919,6870.167431534135,0.0010819848932073987,52.97353206222127,359.45558903161736,279.56945113379885,174.81499937820212
15 Jul 2026 02:57:00.000000000,-940.4914677313052,4108.512441717494,5434.816182206183,-7.537277631427942,-0.5799198498123389,-0.8648715752111734,0.0011534762252946493,-0.0050186804117496615,-0.006657330140621222,52.34647251572134,126.18758897066118,512.8455277912337,6870.349253583931,0.0010635786435185663,52.97408771330267,359.44926779510035,284.0833082431088,174.10820368123217
15 Jul 2026 02:58:00.000000000,-1390.3291224035222,4064.7116663509737,5370.98204267749,-7.451824648557456,-0.879577692719732,-1.2621578760027596,0.001703093036595133,-0.004965394168352114,-0.006579418794158193,51.4727604585796,131.91562196235523,512.5805202244717,6870.634222714379,0.0010309311874221357,52.9749683180558,359.44306759424364,288.6247154517445,173.37379463731412
15 Jul 2026 02:59:00.000000000,-1834.05423975351,4003.0400846729635,5283.467885614322,-7.333598901860634,-1.1753976527819234,-1.653917919857291,0.002245387828571586,-0.004890433138227718,-0.006472704496153755,50.30703358657178,137.38378528252358,512.2101878482426,6871.017344666992,0.000984589591497754,52.97615821380529,359.43704125110816,293.1932188856838,172.61221731221698
15 Jul 2026 03:00:00.000000000,-2269.715008615145,3923.766818420372,5172.65689190662,-7.1831088177425455,-1.4660877928565585,-2.0384358317052556,0.002778023000203389,-0.004794102173161725,-0.00633762428713082,48.87439432302735,142.54962380537432,511.74088897962775,6871.49190511577,0.0009253050655697269,52.97763629196637,359.4312385266938,297.7893704048782,171.82291232885498
15 Jul 2026 03:01:00.000000000,-2695.3943120060358,3827.2379047983127,5039.034339484904,-7.001002134708978,-1.7503770775655665,-2.4140254381265436,0.003298694384538855,-0.00467679454204264,-0.006174733020717386,47.202000733150804,147.39138010495142,511.18055260962274,6872.049585435536,0.0008540196766209754,52.97937636922594,359.4257052456225,302.414735735629,171.0043080477156
15 Jul 2026 03:02:00.000000000,-3109.218020697128,3713.87488348648,4883.185609863428,-6.788063645344847,-2.027020662523007,-2.7790373115090627,0.0038051398269753765,-0.004538991360722337,-0.00598470248165141,45.31722082371195,151.90481224590067,510.5385451711662,6872.68060628623,0.0007718499094004529,52.98134764785643,359.4204824898996,307.07208964174276,170.15362567947292
15 Jul 2026 03:03:00.000000000,-3509.363135803592,3584.173067443074,4705.7937737532475,-6.545212417045261,-2.2948051429228227,-3.1318657525288276,0.004295147987621787,-0.004381260796219441,-0.0057683201965746085,43.24629232762386,156.0989298118971,509.8255130392951,6873.3738966781375,0.0006800673474519685,52.983515257108344,359.4156058758703,311.7659363729538,169.26635908561943
15 Jul 2026 03:04:00.000000000,-3894.0657486641826,3438.699500397236,4507.636760027758,-6.2734984778817555,-2.5525537465480035,-3.4709556906417287,0.004766567371352727,-0.004204256997886558,-0.005526487874263499,41.01349224046732,159.9917337262223,509.0532031441179,6874.117285748858,0.0005800768088620934,52.985840866210836,359.4111049270883,316.5037415609279,168.33504309125527
15 Jul 2026 03:05:00.000000000,-4261.628785584867,3278.0906048622946,4289.584113602481,-5.974098954217592,-2.799131453421822,-3.7948094784985744,0.005217315571046502,-0.004008718705780702,-0.005260219409104736,38.64072946374703,163.6065860790739,508.23426446139763,6874.897714084662,0.0004733923411869509,52.98828335825887,359.40700255406705,321.2990376842134,167.34614818510465
15 Jul 2026 03:06:00.000000000,-4610.429504057421,3103.049525722556,4052.5933494585975,-5.64831364825005,-3.033450021168282,-4.101993551999324,0.005645388690283617,-0.0037954674859443896,-0.004970638381234955,36.14744326675671,166.96943898106926,507.38203350756334,6875.701461062224,0.0003616116126869373,52.99079955319518,359.40331465010127,326.1805774369476,166.27092726724686
15 Jul 2026 03:07:00.000000000,-4938.926706604435,2914.3431757317417,3797.7059117811164,-5.297560046161229,-3.2544728922791357,-4.391144923923158,0.006048870891625394,-0.0035654055433826794,-0.004658974988600555,33.5506975581994,170.1068996896617,506.5103072962059,6876.514384379349,0.00024638976066108194,52.99334496723383,359.40004981026135,331.2275825458853,165.03016689790743
15 Jul 2026 03:08:00.000000000,-5245.667637852542,2712.798990805033,3526.042749277183,-4.923367751372084,-3.461219956614018,-4.6609774753011015,0.006425943998823535,-0.0033195130687131724,-0.0043265623534316415,30.86538462189735,173.04499095499116,505.6331075044357,6877.322167693409,0.00012941827289520325,52.99587459542758,359.3972091785586,336.79611972700025,163.26781135390297
15 Jul 2026 03:09:00.000000000,-5529.294530278232,2499.3014046527414,3238.7995199847833,-4.527372342210062,-3.6527721399958817,-4.910288005499157,0.006774897064149652,-0.0030588450807380713,-0.003974832154383491,28.10447813467115,175.80843536200862,504.76443983842415,6878.110572098143,1.2792229139516593e-05,52.99834370366643,359.39478642600994,356.1939419227015,147.67612135078653
15 Jul 2026 03:10:00.000000000,-5788.550764202072,2274.7880541121635,2937.2414413152796,-4.111308659098972,-3.8282757877347,-5.137961999374217,0.007094135796423348,-0.002784527735265895,-0.00360530954666862,25.279297428239484,178.42030760552393,503.91805276855035,6878.865687051924,0.00010328425913073958,53.00070861622041,359.39276786006843,163.03211409093922,344.6440481594392
15 Jul 2026 03:11:00.000000000,-6022.286608114325,2040.2457284506288,2622.6978036359715,-3.6770035329886306,-3.9869468104524373,-5.342979068038929,0.007382191733802531,-0.0024977540815135113,-0.003219607347292594,22.399761273456846,-179.09806950475522,503.10719991608875,6879.574176327871,0.00021560666175871927,53.00292748500483,359.3911326635742,169.0201491235735,342.46209754071515
15 Jul 2026 03:12:00.000000000,-6229.464506341419,1796.7060778924429,2296.556168340471,-3.2263679739681432,-4.128074558793921,-5.5244180188481025,0.00763773103721544,-0.002199779259072721,-0.0028194194783699245,19.47462042977499,-176.72707625607796,502.34441040549945,6880.223514592098,0.00032328212535006484,53.00496102705283,359.38985325914075,174.35290144422868,340.9354359498562
15 Jul 2026 03:13:00.000000000,-6409.163882432201,1545.2410986399932,1960.2562740177377,-2.7613888466415912,-4.251025393554382,-5.681461510292057,0.00785956277478341,-0.001891915141101269,-0.0024065136783388034,16.51166505283418,-174.4486571856788,501.6412714425822,6880.802210335432,0.00042489329745388214,53.00677321722237,359.3888957926081,179.58444530465434,339.51001199452315
15 Jul 2026 03:14:00.000000000,-6560.5854284816605,1286.9584136351618,1615.2836769554558,-2.2841200666293333,-4.3552459185035435,-5.813400248607447,0.008046646567702877,-0.001575524443032507,-0.001982723509075996,13.517907047586554,-172.24613332145574,501.0082272326331,6881.3000110842,0.0005191693146669233,53.00833192393642,359.38822072722957,184.82184378118512,338.07878714859464
15 Jul 2026 03:15:00.000000000,-6683.054852904682,1022.9963702404289,1263.163154734028,-1.7966733602703326,-4.440265844727241,-5.919636685115687,0.008198099471044537,-0.0012520143293143693,-0.0015499397044547794,10.499739605333483,-170.10399118011668,500.45439811258535,6881.708087099877,0.0006049950702772264,53.009609476736905,359.38778353818833,190.10508801904234,336.6017961785555
15 Jul 2026 03:16:00.000000000,-6776.026061924143,754.5189778151349,905.4519040234746,-1.3012086369596099,-4.505700457658853,-5.999688176552037,0.008313201971622827,-0.0009228295640557995,-0.001110100923406157,7.463077195174578,-168.00766356848686,499.98742343680556,6882.019190138523,0.0006814280125872859,53.010583155617766,359.3875354953499,195.45656236703826,335.05668164521666
15 Jul 2026 03:17:00.000000000,-6839.083753208325,482.7107098120132,543.7325658237141,-0.7999240303388718,-4.551252661073811,-6.053189574897348,0.008391402995185048,-0.0005894452630979631,-0.0006651839860235279,4.413479676772298,-165.94331018028214,499.61333133237446,6882.227784276812,0.0007477130823108434,53.01123559346021,359.387424520518,200.89305519734222,333.42668269206973
15 Jul 2026 03:18:00.000000000,-6871.945403646202,208.77119644452338,179.60611323686274,-0.2950456705195314,-4.57671457611654,-6.079895218374559,0.008432323832960855,-0.00025335931638198255,-0.00021719368570159288,1.3562642684488107,-163.89760143338958,499.33643793322875,6882.330146312054,0.0008032946116411961,53.01155508441037,359.38739610421976,206.42981450545102,331.696579031637
15 Jul 2026 03:19:00.000000000,-6874.462637126521,-66.0901648278553,-185.31536162499825,0.21118274552629882,-4.581968677814954,-6.0796803011949265,0.008435760913354625,8.39154420996194e-05,0.0002318477184196322,-1.7033909710218036,-161.85750615640345,499.15927812576956,6882.324433801488,0.000847824799354185,53.01153579268042,359.3873942659115,212.0823007762697,329.8509376508642
15 Jul 2026 03:20:00.000000000,-6846.621962325523,-340.65965284085746,-549.4159238479591,0.7165105145020607,-4.5669884564055,-6.052541606178338,0.008401687367262408,0.00042085923220922693,0.0006799112154602492,-4.7603485977137,-159.81008205703617,499.08256920405466,6882.210719407365,0.0008811685578320646,53.01117785800021,359.3873625407377,217.86714090524006,327.8731584538861
15 Jul 2026 03:21:00.000000000,-6788.544874833574,-613.7246915270656,-911.0830965500065,1.2186905448834513,-4.5318385960033645,-5.998597591347782,0.008330253357944963,0.0007559534044931173,0.0011249718443319945,-7.809414707793309,-157.74226703792277,499.10520815908035,6881.9909908481595,0.0009034046085717092,53.010487395758744,359.3872449754662,223.8027755587443,325.74482646539633
15 Jul 2026 03:22:00.000000000,-6700.487322382588,-884.0793149268867,-1268.7151475309563,1.7154899581436285,-4.476674668560601,-5.9180878288149685,0.008221785169389755,0.0010876885050460242,0.001565019461766454,-10.845239890775533,-155.64066917651596,499.2243026316252,6881.669116407668,0.0009148227529336627,53.009476391728256,359.38698711606366,229.90998364200107,323.44518693393707
15 Jul 2026 03:23:00.000000000,-6582.838536389277,-1150.5295993941997,-1620.7283230401238,2.2047005990319883,-4.401742346505004,-5.811371801526882,0.008076783070731081,0.0014145722380545303,0.0019980693566123307,-13.862214728938348,-153.4913535000524,499.4352348612139,6881.250776607355,0.0009159172732849634,53.00816249312074,359.386536969487,236.21235318625276,320.95067403076513
15 Jul 2026 03:24:00.000000000,-6436.11923742196,-1411.8990343421194,-1965.5639905017294,2.6841493825994704,-4.307376142789576,-5.678927070526268,0.00789591799893855,0.0017351372389431702,0.002422172595225076,-16.854356266497483,-151.27962463685083,499.73175728584687,6880.743363289468,0.0009073764205279724,53.00656869956051,359.3858459226744,242.7367135184025,318.23447828839664
15 Jul 2026 03:25:00.000000000,-6260.9792264472035,-1667.0338035512973,-2301.695652988711,3.151708408779826,-4.193997692154855,-5.521346832092981,0.007680027121997566,0.0020479485767219683,0.002835425990079732,-19.815181755820987,-148.98980622273828,500.10611780603847,6880.155847973995,0.0008900679051618652,53.004722959326905,359.3848696024522,249.51350556356252,315.26617593530267
15 Jul 2026 03:26:00.000000000,-6058.194377738198,-1914.80795003835,-2627.6357995718517,3.605304779691291,-4.062113592068375,-5.33933689029228,0.007430108363797218,0.0023516109117473686,0.003235981594433118,-22.73756591549552,-146.6050209634079,500.5492121404475,6879.498621927938,0.0008650202133680884,53.00265767790507,359.3835686611374,256.5770279525083,312.0114824612495
15 Jul 2026 03:27:00.000000000,-5828.663053064409,-2154.128398710412,-2941.942557354281,4.042930060249264,-3.9123128259390456,-5.1337120758969315,0.0071473139915310515,0.002644775245598812,0.003622055639842073,-25.613578024034627,-144.10698008478172,501.05076018321597,6878.78331090819,0.0008333993973263335,53.00040914744351,359.38190947386244,263.965447301775,308.4322420514556
15 Jul 2026 03:28:00.000000000,-5573.401960168116,-2383.939812497745,-3243.2261129900867,4.462649329005228,-3.745263794699513,-4.90539214723343,0.006832943375387346,0.0029261452103468487,0.003991936847501746,-28.434295623742017,-141.47579838161815,501.59950283715057,6878.022567998855,0.0007964807240449978,52.99801690713004,359.37986473518816,271.7203977789874,304.48682778222803
15 Jul 2026 03:29:00.000000000,-5293.5414815224585,-2603.2292593112193,-3530.1548737213193,4.862609773120021,-3.561710985626285,-4.655397212126034,0.00648843504188097,0.003194482857371099,0.004343994061667997,-31.18959274954714,-138.68986231124322,502.18341545018296,6877.229848351908,0.0007556142139931168,52.995523045735865,359.3774139443473,279.88592214518513,300.1312003907915
15 Jul 2026 03:30:00.000000000,-4990.320501920237,-2811.030668973579,-3801.461340394964,5.241048788806696,-3.3624713092690333,-4.3848427127057406,0.006115358147698662,0.003448613919395537,0.004676683171333973,-33.867902942608474,-135.72579489216272,502.7899337296586,6876.419169948772,0.0007121827218035563,52.99297145861961,359.37454377046345,288.5064451916197,295.3209347054593
15 Jul 2026 03:31:00.000000000,-4665.0807655514745,-3006.4290611593806,-4055.9476674779876,5.596301556176961,-3.148430136578243,-4.094934016384724,0.0057154034996360955,0.0036874325318381313,0.004988553303030523,-36.45596162608027,-132.55858379125644,503.4061878516038,6875.604864727006,0.0006675509913106485,52.99040707230776,359.37124829110854,297.6234738337878,290.01451947609985
15 Jul 2026 03:32:00.000000000,-4319.26079487393,-3188.564527332265,-4292.490887708863,5.926808064962327,-2.920537068735136,-3.7869606567819476,0.00529037424484161,0.003909905413160821,0.005278252285538462,-38.93853977302809,-129.16196831681245,504.01924041768046,6874.801324556828,0.0006230044519309257,52.98787505036164,359.3675290999054,307.2708849936244,284.1780694757123
15 Jul 2026 03:33:00.000000000,-3954.389404788973,-3356.635951606335,-4510.047781649374,6.231119574791534,-2.6798014718659298,-3.46229026786972,0.004842176347600405,0.00411507551591354,0.00554453140337426,-41.298192482288336,-125.5092150424925,504.6163239363042,6874.022746608416,0.0005796780730380175,52.985419994592505,359.3633952810964,317.4691291445236,277.7911219991879
15 Jul 2026 03:34:00.000000000,-3572.078846411404,-3509.904457375641,-4707.659374970559,6.507904500387097,-2.427287807789821,-3.1223622531807833,0.004372808957821566,0.004302065170521385,0.005786249469529258,-43.51506331626948,-121.5744431184384,505.1850736095693,6873.282882622681,0.0005384791393781509,52.98308515578647,359.35886325149374,328.21954269090526,270.8523245872626
15 Jul 2026 03:35:00.000000000,-3174.017615131422,-3647.6965683685517,-4884.455048768333,6.75595371796786,-2.164110790346836,-2.7686812296925085,0.003884354763140593,0.004470078753563745,0.006002376260825119,-45.56680835337479,-117.3346720359432,505.7137513848893,6872.594796490763,0.0005000136811017672,52.980911667949435,359.35395647242603,339.5011089390566,263.3826742176288
15 Jul 2026 03:36:00.000000000,-2761.962957723444,-3769.407074509884,-5039.656250515529,6.974185294183529,-1.8914303947245668,-2.4028102831332383,0.003378970399912776,0.0046184049190215355,0.006191995368073354,-47.42873060097518,-112.77272576669202,506.1914574705324,6871.970634364854,0.0004645333107308351,52.97893781968111,359.34870503676746,351.2728986524882,255.4230769676754
15 Jul 2026 03:37:00.000000000,-2337.7331130557486,-3874.501594538055,-5172.579795378798,7.161648642902832,-1.6104467447456903,-2.0263640681098596,0.002858876980810613,0.0047464184362631,0.006354306520091786,-49.07423829130617,-107.8809929539172,506.60832580668955,6871.421411270558,0.00043192395394884816,52.9771983756394,359.34314513821766,3.485176181646926,247.02324215574953
15 Jul 2026 03:38:00.000000000,-1903.1993205230522,-3962.518828752424,-5282.640749539731,7.317528118084182,-1.322394900360885,-1.6410017828169943,0.002326350777312199,0.004853581680246291,0.00648862744282997,-50.475744490014456,-102.66576868961285,506.95570031931993,6870.95681787703,0.00040175595984674376,52.975723960180396,359.3373184322567,16.100232963647876,238.22084916111953
15 Jul 2026 03:39:00.000000000,-1460.2776297701507,-4033.0724965100057,-5369.35488884292,7.441146052720302,-1.028539564828418,-1.2484200443543838,0.0017837140777425293,0.004939445821105821,0.0065943953167819985,-51.60608778701617,-97.15148552080682,507.22628915272134,6870.585050711383,0.0003734048853149563,52.97454051416037,359.3312712999948,29.121130786546207,229.01280452309894
15 Jul 2026 03:40:00.000000000,-1010.9205446252452,-4085.8529541834887,-5432.340727552537,7.531965254512888,-0.7301697283278759,-0.8503456870347389,0.0012333262221279166,0.0050036517562487585,0.00667116789036086,-52.44045286047646,-91.38368132612959,507.414294471183,6870.312668686687,0.00034623917487213736,52.97366883459324,359.3250540279815,42.62451753737081,219.3224265943661
15 Jul 2026 03:41:00.000000000,-557.1085335240364,-4120.62849021628,-5471.321113239037,7.589590968549375,-0.42859326224585664,-0.448528502706636,0.0006775747997251656,0.0050459308250765484,0.006718624302685078,-52.958604393103585,-85.42930193115377,507.5155158325754,6870.14447835531,0.000319865057365122,52.973124205387094,359.3187199184903,56.79322834385998,208.9668448320775
15 Jul 2026 03:42:00.000000000,-100.8414380681727,-4137.246294699228,-5486.124384867094,7.613772315953473,-0.12513147614491843,-0.04473393916301826,0.0001188669802352286,0.005066105339250285,0.00673656565931766,-53.14706213534213,-79.37322999888458,507.527425562315,6870.083449809378,0.00029442595745906663,52.972916125763376,359.3123243460689,71.94187085091309,197.6314149790823
15 Jul 2026 03:43:00.000000000,355.87018900955866,-4135.633101550335,-5476.685092030925,7.60440321539293,0.17888635225821992,0.3592642295177106,-0.00044037906112914517,0.005064088954418089,0.0067249153950741875,-53.000731249984305,-73.310934162253,507.44921498982643,6870.130664634462,0.0002709616542317126,52.97304814122572,359.3059237771157,88.51302582215106,184.87351893672698
15 Jul 2026 03:44:00.000000000,811.0137857660037,-4115.7955019669425,-5443.044274059041,7.561522791693983,0.48212846517115715,0.7616912486737394,-0.0009977426731020084,0.005039886898408671,0.0066837194432136085,-52.52355669702368,-67.33854901905019,507.28181084910216,6870.285296788777,0.00025178915564103677,52.973517780114804,359.2995747698998,106.97590349599562,170.22390889326562
15 Jul 2026 03:45:00.000000000,1262.5834920783368,-4077.8199283185368,-5385.349298374257,7.4853152727584735,0.7832661224343517,1.1607787334148927,-0.0015508092643353804,0.004993596062644587,0.006613146219226485,-51.7280140110299,-61.54278688155975,507.02786158686655,6870.5446267348825,0.00024065586053210336,52.97431659690533,359.2933329727926,127.50169655383074,153.5113548415779
15 Jul 2026 03:46:00.000000000,1708.5888391464198,-4021.8723081539842,-5303.853258163984,7.376109372835684,1.0809791005945835,1.5547720123990583,-0.002097178898548244,0.004925404952106798,0.00651348641211904,-50.6335832529787,-55.99315715793188,506.6916937653783,6870.904088601339,0.0002420300195608309,52.975430321493555,359.2872521385504,149.42952351309395,135.39670166590037
15 Jul 2026 03:47:00.000000000,2147.0633865559407,-3948.1973885005787,-5198.913930089791,7.234377157125163,1.3739611844701496,1.9419374529404012,-0.002634474997765009,0.004835593479198864,0.0063851525627707266,-49.26461588116677,-50.73797882951317,506.2792391900105,6871.357349603827,0.000259147285358227,52.97683911183287,359.28138317217093,171.13234563957923,117.50695269548493
15 Jul 2026 03:48:00.000000000,2576.0732756058414,-3857.1177311948204,-5070.992293520655,7.060732379951788,1.6609256411785631,2.320569753767044,-0.003160353195289653,0.004724532577564709,0.0062286783966204575,-47.64808428809181,-45.80424974857691,505.79793383277195,6871.896420417535,0.0002922439467588393,52.9785179054289,359.2757732292494,190.91427171211978,101.5379653845309
15 Jul 2026 03:49:00.000000000,2993.725667060912,-3749.0323806305514,-4920.650613650201,6.8559282865634374,1.9406106648997565,2.6889991894296,-0.0036725103690735447,0.004592683603210302,0.006044717866482828,-45.81160699294091,-41.20035336937381,505.25659005986665,6872.511794669744,0.0003389249343703205,52.980436863440005,359.2704648809035,207.99745364601995,88.26755610492314
15 Jul 2026 03:50:00.000000000,3398.177030820194,-3624.41520607864,-4748.5500918996695,6.620854867161386,2.2117847784667393,3.0455987874323522,-0.004168693872063177,0.004440597483074917,0.005834043851916573,-43.78196011104064,-36.92020151034475,504.66524410068916,6873.192615223392,0.0003958328192998444,52.982561899477176,359.2654953600748,222.49545786787087,77.58212915248434
15 Jul 2026 03:51:00.000000000,3787.6412543160977,-3483.812921623538,-4555.4480882248545,6.356535551208714,2.4732521753818073,3.3887914158033556,-0.004646710960770034,0.004268913567452439,0.005597546456879475,-41.58411423461093,-32.947610429553556,504.0349811135515,6873.926864453833,0.0004597746592222997,52.984855283686564,359.2608959026325,234.88637544993335,69.00356695289841
15 Jul 2026 03:52:00.000000000,4160.3975356262345,-3327.8427878636853,-4342.194921443341,6.06412333061907,2.7238579830067478,3.717056755033285,-0.005104438403449873,0.0040783581373647045,0.0053362308407051764,-39.240726007945746,-29.260157830393684,503.37774060410635,6874.701575292098,0.0005280192911174213,52.987276311355835,359.25669119495575,245.66404834052912,62.038004124919446
15 Jul 2026 03:53:00.000000000,4514.798026785928,-3157.190000710205,-4109.7302553149375,5.7448963019416075,2.9624934249104307,4.028938124644254,-0.005539832232500294,0.0038697425201700167,0.005051214520749685,-36.771968957011616,-25.832200280406003,502.7061053287201,6875.503059424473,0.0005982348160028805,52.98978202414008,359.2528989377965,255.22528088706486,56.28861620062218
15 Jul 2026 03:54:00.000000000,4849.275192117365,-2972.6047740732015,-3859.0790800820087,5.400252620491363,3.188100857415601,4.323049130784308,-0.005950937585101763,0.003643960766520646,0.00474372408526724,-34.19558809935939,-22.63702428255269,502.03307715960614,6876.317148709375,0.0006683688854150875,52.99232797106818,359.24952953412725,263.8635681858562,51.461891464433585
15 Jul 2026 03:55:00.000000000,5162.348846150824,-2774.8991247779018,-3591.347301278485,5.031704863209903,3.3996786527836806,4.5980800978461085,-0.00633589855787338,0.0034019868466419302,0.00441509126197011,-31.52708433387605,-19.648254157819334,501.37184369106063,6877.129445604738,0.0007365611309934285,52.99486899578992,359.2465859064738,271.79094814510574,47.345779022191735
15 Jul 2026 03:56:00.000000000,5452.632835636567,-2564.9433697882273,-3307.716949956571,4.640873801996489,3.5962858991261513,4.852804244077002,-0.006692967985405384,0.0031448713310416403,0.00406674829766865,-28.779961364469923,-16.84068818674675,500.7355396174783,6877.925578200845,0.0008010948026228581,52.99736003606377,359.24406344692386,279.1607406709421,43.78694968868423
15 Jul 2026 03:57:00.000000000,5718.8413304275045,-2343.6623476705063,-3009.441030969852,4.229481595137287,3.7770468852572314,5.0860835587753,-0.007020517036851083,0.002873737528569632,0.003700222615114503,-25.965991671249203,-14.190727142632129,500.1370071033926,6878.6914553298475,0.000860376692937255,52.999756921278895,359.2419501006252,286.08500984865043,40.6733338209544
15 Jul 2026 03:58:00.000000000,5959.794688671176,-2112.0313781840637,-2697.8380285615535,3.7993444111430614,3.9411553374016184,5.296874337076972,-0.007317044513923624,0.002589777065887375,0.003317130728305866,-23.095476043231805,-11.67652932120603,499.5885594832175,6879.413517179438,0.0009129346564912289,53.002017153851526,359.2402265811994,292.64681850135037,37.92186671554698
15 Jul 2026 03:59:00.000000000,6174.424862835249,-1871.0719758924117,-2374.286091180241,3.352364506581067,4.087878374049465,5.4842323276614255,-0.007581185724636156,0.002294244903807225,0.0029191714129697057,-20.177483520254,-9.277991942438847,499.1017526655698,6880.0789768801615,0.0009574252358127753,53.00410066063527,359.23886671418484,298.9085805987557,35.47013609850781
15 Jul 2026 04:00:00.000000000,6361.780314622617,-1621.8473357188343,-2040.2169201263766,2.8905217871422795,4.216560145370021,5.6473174490339035,-0.007811720803986077,0.0019884537995022884,0.0025081181469312585,-17.220066421873128,-6.976628681091338,498.68716856530807,6880.676048662612,0.0009926465682999351,53.005970501033524,359.2378379023134,304.91771596538166,33.27072726119435
15 Jul 2026 04:01:00.000000000,6521.030408833152,-1365.4576103644115,-1697.1093892570614,2.4158648889671923,4.3266251245154335,5.785398031433763,-0.008007582352084939,0.0016737682366828124,0.00208581085261126,-14.23044978084329,-4.755389595075558,498.35421474131095,6881.194158395575,0.0010175535013623297,53.00759351928569,359.2371017042725,310.7104778733192,31.287395260140137
15 Jul 2026 04:02:00.000000000,6651.469258693191,-1103.0350014218716,-1346.4829254812355,1.930501824912073,4.417581019877162,5.897854543887179,-0.008167862264404002,0.00135159785931608,0.0016541469917389297,-11.21519704718747,-2.598452664774835,498.11094417675776,6881.6241326154695,0.0010312729295649707,53.00894092940591,359.2366145166063,316.3145313306476,29.49248637412289
15 Jul 2026 04:03:00.000000000,6752.518998086553,-835.7386878042482,-989.8906820960981,1.4365902477128025,4.48902127988824,5.984182769447911,-0.00829181763750485,0.0010233904577112464,0.0012150720797441128,-8.180355190147147,-0.4910043486293746,497.9638988017294,6881.958362537612,0.0010331180400652055,53.009988822463214,359.236328346591,321.7506463648022,27.865244524148025
15 Jul 2026 04:04:00.000000000,6823.732459448643,-564.7496167225335,-628.9125390927444,0.9363273886560666,4.54062716524913,6.043996396184076,-0.008378875646443625,0.0006906245678760686,0.0007705697030310115,-5.131582843100305,1.5809813294231887,497.9179799301771,6882.190939994396,0.0010226005841372158,53.01071858728371,359.2361916622992,327.0337179877846,26.390790975166485
15 Jul 2026 04:05:00.000000000,6864.795239786586,-291.26518383533056,-265.14796633340296,0.43193973615600667,4.572169367426709,6.077028996874977,-0.008428637305478406,0.0003548017553931475,0.0003226511359018018,-2.074265258996656,3.630960761201113,497.97634827188205,6882.31776276616,0.0009994405906212556,53.01111723720356,359.2361503047463,332.1732051018983,25.05968506715315
15 Jul 2026 04:06:00.000000000,6875.527141301427,-16.493830332086986,99.79121306934745,-0.07432747662985989,4.5835091568300825,6.083135376542402,-0.008440880043197855,1.7438664154483354e-05,-0.00012665533460796914,0.9863802152904283,5.672034619577453,498.140355597242,6882.3366073459765,0.000963573169790028,53.01117763717638,359.2361484459011,337.17296418689284,23.868090141450864
15 Jul 2026 04:07:00.000000000,6855.882977347068,258.3504144439804,464.28812080022806,-0.5802209025033189,4.574599049087598,6.062292273693739,-0.008415559044981246,-0.000319941083223269,-0.0005753152594984456,4.045204551909674,7.717158351119573,498.40950949219257,6882.247167797732,0.0009151522759814421,53.010898627313246,359.23612957557776,342.030299222128,22.818723215902175
15 Jul 2026 04:08:00.000000000,6805.952738886755,532.0534156933253,826.7281438198497,-1.0834897544432127,4.545482983195209,6.014598408313704,-0.008352807337928515,-0.0006558150423793212,-0.0010212989324771616,7.0970298476009015,9.779351081292488,498.78147196048354,6882.05106001439,0.0008545515660516206,53.010285040771464,359.236037499735,346.7337806870427,21.92303557284908
15 Jul 2026 04:09:00.000000000,6725.961121119054,803.4064118303978,1185.5062380872846,-1.5818964477978212,4.496296010826999,5.940273877006314,-0.00825293461926705,-0.000988670068797204,-0.0014625922252637707,10.136551074575769,11.871905103501865,499.252091929177,6881.751791344536,0.0007823629247221167,53.00934761578142,359.235817332525,351.25882696876613,21.205630938621763
15 Jul 2026 04:10:00.000000000,6616.266414456026,1071.211459905219,1539.0341765866108,-2.073227135626397,4.427263501637459,5.839658903050057,-0.00811642485206585,-0.0013170103126843118,-0.0018972072321243364,13.158233312054584,14.008597942380188,499.8154710108632,6881.354696215792,0.0006993941218009882,53.00810280347151,359.23541646456414,355.5587195203062,20.71324991849559
15 Jul 2026 04:11:00.000000000,6477.358768460099,1334.2868190148429,1885.7477033975229,-2.555302064512933,4.338699874780523,5.713211956278056,-0.007943932675258494,-0.0016393649991012149,-0.0023231926073183033,16.15620091778194,16.203908194198704,500.46406119304885,6880.866839027512,0.0006066693032699022,53.00657247499015,359.23478549037725,359.54521333682163,20.534159126858473
15 Jul 2026 04:12:00.000000000,6309.857841601339,1591.4722437103458,2224.1135566438516,-3.0259856816739954,4.231006871973063,5.561507264430322,-0.007736278697779641,-0.001954295911747703,-0.002738643487877641,19.124114991041136,18.47323477931624,501.1887924800743,6880.29688619923,0.000505442691244173,53.00478353319497,359.23387907867414,3.0422391333452214,20.844448636168774
15 Jul 2026 04:13:00.000000000,6114.509853704895,1841.6341604748197,2552.636324630695,-3.4831964289231006,4.104671392094318,5.385231743761823,-0.007494443765556086,-0.0022604045070574105,-0.0031417109055315636,22.055035395430654,20.833116562471325,501.97922792370906,6879.65494983035,0.0003972600727162298,53.0027674358554,359.2326567701896,5.6575603358698325,22.036374639313536
15 Jul 2026 04:14:00.000000000,5892.184061652538,2083.670701670623,2869.865101304181,-3.9249161648646695,3.960262911418658,5.1851813820635275,-0.007219562305685526,-0.0025563385956471115,-0.0035306106054274738,24.941263653414527,23.301444981072226,502.82374295938286,6878.95240594034,0.00028421676314835197,53.00055963886249,359.23108368905844,6.338001964976303,25.163130252186935
15 Jul 2026 04:15:00.000000000,5643.868682219759,2316.5165729184287,3174.3999092840086,-4.349199163386093,3.7984305170116905,4.962257111730437,-0.006912914865723724,-0.0028407985398399564,-0.003903631205166631,27.774163371202487,25.897655604377164,503.7097255281275,6878.201690705605,0.00017037090332365807,52.998198969336855,359.2291311553315,1.1601988143169892,34.14809705952285
15 Jul 2026 04:16:00.000000000,5370.666288831623,2539.147731599431,3464.89786107693,-4.754180643852331,3.619899583516047,4.71746021398781,-0.0065759199746392,-0.0031125429291591115,-0.004259141645260878,30.543955791918904,28.642874393523385,504.6237931173979,6877.416078482686,7.67143008101357e-05,52.99572693974322,359.2267771879051,325.16758404248594,73.94785629007683
15 Jul 2026 04:17:00.000000000,5073.788711467399,2750.58585605379,3740.0790316148177,-5.138084796158892,3.42546812544607,4.451887297800537,-0.006210125456715107,-0.0033703937091041575,-0.004595597899937498,33.23949006689718,31.559979579425704,505.55202260188594,6876.609445700826,0.00011457517085942495,52.993187015141864,359.22400688914274,251.8071549253834,151.11542287786045
15 Jul 2026 04:18:00.000000000,4754.551470924281,2949.9025870080654,3998.7320179125004,-5.499232271694997,3.216002858191453,4.166724898314036,-0.005817199329734924,-0.0036132407522093,-0.004911548935576057,35.84799157315302,34.67351924675433,506.4801886088769,6875.796024916823,0.0002254700023068402,52.99062384651277,359.22081270451105,237.1161711311764,169.61354705027057
15 Jul 2026 04:19:00.000000000,4414.367780156067,3136.223524772798,4239.719164341789,-5.836047119065804,2.9924350011945053,3.863243739923403,-0.005398920414440928,-0.003840045873232404,-0.00520564192095049,38.35479806814474,38.00939722801877,507.3940060694129,6874.990153451233,0.00034260055760494413,52.988082483665494,359.217194552816,235.5098133105195,175.0270556524723
15 Jul 2026 04:20:00.000000000,4054.7421464571153,3308.731967739043,4461.981434706192,-6.147063150859929,2.755755856270512,3.5427927082941597,-0.004957168776098848,-0.004049846303547442,-0.005476626711160831,40.743103898899776,41.59420702801905,508.27937264148375,6874.206021066646,0.0004576618095763025,52.98560758158837,359.2131598248243,237.1582643927487,177.18577081837842
15 Jul 2026 04:21:00.000000000,3677.2636088748095,3466.67237965413,4664.542914919699,-6.430929734621331,2.507012192824727,3.2067925739491496,-0.004493916105982027,-0.004241757650176385,-0.005723359640645893,42.99374813695807,45.45406091110691,509.1226067968809,6873.457421110499,0.0005677194304790973,52.98324261418672,359.2087232504484,240.05473275349647,178.09648682288915
15 Jul 2026 04:22:00.000000000,3283.5986454673184,3609.3535749999332,4846.514932584297,-6.6864170072668205,2.24730146990569,2.85672950751972,-0.004011216136119981,-0.004414976373993121,-0.005944806672691253,45.08510401527196,49.61274304112938,509.91067754045014,6872.757509429542,0.0006707751682862303,52.981029109212756,359.2039066368969,243.55359412857175,178.40482823967687
15 Jul 2026 04:23:00.000000000,2875.4837849074274,3736.151613528954,5007.099782083903,-6.912420517341927,1.9777669227008838,2.4941484235815436,-0.003511195165579124,-0.004568781830244664,-0.0061400459641730775,46.99315295944058,54.08903860002715,510.631421969075,6872.118575176845,0.0007651688117507691,52.97900591780241,359.1987384825189,247.38703472150752,178.37860695529332
15 Jul 2026 04:24:00.000000000,2454.7179565438305,3846.5123965837342,5145.594045930229,-7.107965303587306,1.699592538384186,2.1206461863287105,-0.002996042755715182,-0.004702537918215781,-0.006308269908848501,48.69185099531386,58.893196550489684,511.27374716749006,6871.551827381936,0.0008494535710407628,52.97720853141304,359.1932534731877,251.4250420553096,178.14783148634874
15 Jul 2026 04:25:00.000000000,2023.1546124245508,3939.9539592323817,5261.391504982283,-7.272209421226849,1.4139979432808958,1.7378647063732944,-0.0024680026337664074,-0.004815694390175569,-0.006448786726757988,50.153905434689186,64.02271847804131,511.82781326885714,6871.067200846206,0.000922370449621631,52.97566845811321,359.18749187016095,255.5974836901531,177.78262847442625
15 Jul 2026 04:26:00.000000000,1582.6936540431732,4016.068453475199,5353.985631804306,-7.404446929150369,1.1222332202928267,1.3474839538833416,-0.0019293638246385976,-0.00490778787073814,-0.006561021668317799,51.35205466464923,69.45804829033014,512.2851948704473,6870.67318456785,0.0009828493784735527,52.974412669125655,359.18149880018194,259.8636346677345,177.32371549364348
15 Jul 2026 04:27:00.000000000,1135.2731957420478,4074.5238188266144,5422.971662824629,-7.504110351774038,0.8255736725361982,0.9512149092847766,-0.0013824520108246527,-0.004978442634202336,-0.006644517896642094,52.26086064828356,75.15919852207601,512.6390183808198,6870.376675499869,0.001030017843173292,52.97346312528714,359.1753234603749,264.1985894297463,176.7959894183023
15 Jul 2026 04:28:00.000000000,682.8611958818257,4115.065137444763,5468.048246120678,-7.570772628876363,0.5253145463652128,0.5507924690322351,-0.0008296211042512884,-0.005027371184211925,-0.006698937107060119,52.858874143925384,81.06467606773668,512.8840732769413,6870.182860008192,0.0010632105778512703,52.972836391684204,359.1690182518765,268.58658289871954,176.21520565671943
15 Jul 2026 04:29:00.000000000,227.44698616464817,4137.515671694793,5489.018662600234,-7.604148565240979,0.22276572451054166,0.1479683207240675,-0.000273244998136845,-0.005054374674268782,-0.006724059934757068,53.130847473731784,87.09393887677784,513.0168956629029,6870.095124932808,0.0010819777847198317,52.97254334717777,359.1626378574409,273.0174541880487,175.59151477784707
15 Jul 2026 04:30:00.000000000,-228.96727130184425,4141.777582621909,5485.791619127398,-7.604095789661931,-0.080753602069944,-0.2554962009788684,0.00028429054577010633,-0.005059343197219043,-0.006719786187338209,53.06953011141265,93.15379245085366,513.0358229416257,6870.114999668126,0.0010860907336301085,52.97258899386829,359.15623827918205,277.48466510443865,174.93144436173276
15 Jul 2026 04:31:00.000000000,-684.3751698340114,4127.832328262444,5458.3816127412765,-7.5706152298934,-0.38392027636924514,-0.6578372678991958,0.0008405959273560922,-0.005042255965668465,-0.006686134930669998,52.67658892969057,99.14778227152217,512.94101883411,6870.242130176983,0.0010755441818971268,52.9729723698059,359.1498758533485,281.98414459230565,174.23905491599967
15 Jul 2026 04:32:00.000000000,-1136.7746581211138,4095.7407411460417,5406.908865669712,-7.503851106790454,-0.685412525394038,-1.0572957130557714,0.0013932857147531277,-0.005003181392740017,-0.0066232444394618275,51.962393312935156,104.98640433570016,512.7344684060416,6870.474285341328,0.0010505553432125256,52.97368656644659,359.1436062593769,286.5136026664145,173.51662630609417
15 Jul 2026 04:33:00.000000000,-1584.1766254150866,4045.642784688915,5331.598831301614,-7.404090447273298,-0.9839153121366218,-1.4521241783971248,0.0019399866874570335,-0.004942277072543992,-0.006531372010557978,50.94472718888966,110.59559391540127,512.4199431869766,6870.807395537317,0.0010115593026035373,52.97471885052667,359.1374835405874,291.0721335049973,172.76505501942964
15 Jul 2026 04:34:00.000000000,-2024.6134430209083,3977.7569885502803,5232.781271777336,-7.271762112199403,-1.2781256831768075,-1.8405942469308096,0.002478345973723133,-0.004859789649313587,-0.006410893623001154,49.64678155949772,115.92170270501738,512.0029368922424,6871.23562280891,0.0009592008893318353,52.976050888206814,359.13155915368554,295.6600201538756,171.984049805951
15 Jul 2026 04:35:00.000000000,-2456.1474327929827,3892.379563429759,5110.888908402271,-7.107435331926883,-1.5667581046423453,-2.2210035492384126,0.003006039333777455,-0.0047560545537344715,-0.006262303415093123,48.09491016663224,120.93254788305923,511.49057268096595,6871.751461507586,0.0008943231088265828,52.97765906755218,359.1258810636806,300.27871312744367,171.17215340244078
15 Jul 2026 04:36:00.000000000,-2876.8792328204604,3789.8831962639692,4966.455646745115,-6.911817739535261,-1.8485497777020414,-2.591682832215034,0.0035207796304217594,-0.004631495575789597,-0.006086212936555551,46.316573570312464,125.61532672661347,510.8914833042006,6872.345867772862,0.0008179523101927317,52.97951491370042,359.120492900115,304.9310128822657,170.32656035831408
15 Jul 2026 04:37:00.000000000,-3284.9560298041665,3670.71552737248,4800.114379090888,-6.685752889539901,-2.1222659226787206,-2.9510029750486266,0.004020325515768741,-0.004486624235542852,-0.005883350123629726,44.33872856048424,129.97275026757134,510.2156659119914,6873.008415753652,0.0007312803338855346,52.98158558945109,359.1154331893673,309.6215784897782,169.44260863038514
15 Jul 2026 04:38:00.000000000,-3678.5796268573536,3535.3973118277736,4612.594367913882,-6.430217248661781,-2.3867050183766203,-3.2973819340903794,0.004502490347080805,-0.004322038907355804,-0.005654557937360235,42.18674085160487,134.01867346140463,509.47431369475,6873.727478021202,0.0006356439504576087,52.98383447251965,359.1107346764987,314.3580964306789,168.5126110186257
15 Jul 2026 04:39:00.000000000,-4056.0143145771794,3384.5202682351055,4404.71821528113,-6.1463166449882305,-2.6407039803624994,-3.6292915944570856,0.00496515132675158,-0.004138423648440529,-0.005400792599632538,39.883772876155696,137.77408868561204,508.6796269278184,6874.490427206978,0.0005325019788780445,52.98622179935708,359.10642374850426,319.15404486349024,167.52309108514464
15 Jul 2026 04:40:00.000000000,-4415.594512590388,3218.7446191094155,4177.398424474867,-5.835282162588113,-2.883143259064991,-3.945264502369208,0.005406258843466388,-0.0039365466816567996,-0.005123121360618961,37.45053894685168,141.26390098308195,507.84460636177556,6875.283855519999,0.0004234106116116904,52.988705364273734,359.10251996916196,324.036055272084,166.4474216485896
15 Jul 2026 04:41:00.000000000,-4755.732147805894,3038.796328366871,3931.6335619321394,-5.498465470792896,-3.112951835346095,-4.243900448010432,0.00582384597073168,-0.003717258481842791,-0.004822719731027869,34.9053107570522,144.51457362415456,506.9828322494256,6876.093808464512,0.00030999792871591776,52.99124126163167,359.09903573363096,329.0679212668091,165.22181607480226
15 Jul 2026 04:42:00.000000000,-5074.923735271854,2845.46404279331,3668.504029429548,-5.137333580363406,-3.3291120884229137,-4.523872865055043,0.006216038061291466,-0.0034814894189881423,-0.004500868118333871,32.26407364754606,147.55255000858403,506.1082326122948,6876.906028798838,0.00019394130290277656,52.993784658114386,359.09597604891337,334.46139459293744,163.63453230852159
15 Jul 2026 04:43:00.000000000,-5371.7571270684075,2639.595745987475,3389.16745865142,-4.753463023111456,-3.530664508240859,-4.783935009416986,0.006581062356463667,-0.003230246915716832,-0.004158947812297556,29.540760165705834,150.4032882033461,505.2348446179252,6877.7062065550135,7.699078771743308e-05,52.99629058154654,359.09333844405717,341.6929060474385,160.20915194336402
15 Jul 2026 04:44:00.000000000,-5644.917894662537,2422.095134998448,3094.853742608242,-4.348533456817539,-3.7167122221273976,-5.0229258768640745,0.006917257514729004,-0.0029646120852814747,-0.003798436277017434,26.747512122171194,153.0907406774609,504.3765731523981,6878.480230784866,3.991750827240961e-05,52.998714712438655,359.0911130118019,154.992883214044,350.715262419683
15 Jul 2026 04:45:00.000000000,-5893.195310440094,2193.917731752781,2786.859720873495,-3.924320703491992,-3.8864253037424397,-5.239775816893078,0.007223082949583561,-0.0026857358246827954,-0.0034209017185120264,23.894941717437547,155.6371376821209,503.5469508211075,6879.21443861599,0.0001537110134787663,53.00101416437236,359.08928258095585,165.59500153464978,343.9192058327506
15 Jul 2026 04:46:00.000000000,-6115.487894829273,1956.0667433155877,2466.543538213361,-3.4826892359463093,-4.039044831166646,-5.433511798857582,0.0074971278552031385,-0.0023948343486967297,-0.0030279969118423744,20.992375910788407,158.06296651276233,502.7589036849593,6879.895857196039,0.0002638597931069488,53.00314823952372,359.08782301659113,171.41630170731477,341.9039613624529
15 Jul 2026 04:47:00.000000000,-6310.808496554428,1709.5886870415895,2135.3186988426423,-3.025584135090265,-4.17388666048493,-5.603262285888438,0.0077381197943048804,-0.0020931841638109306,-0.002621452289623634,18.048077014990987,160.38707014067435,502.02452703059,6880.512434179882,0.00036870438019151285,53.00507914604565,359.0867036428441,176.7992307807116,340.3271039570342
15 Jul 2026 04:48:00.000000000,-6478.28887514588,1455.5687986764149,1794.6478411908258,-2.5550225481015647,-4.29034488151532,-5.748261672722548,0.007944932716979956,-0.0017821164930898767,-0.0022030683098774556,15.069437826260783,162.62681373692914,501.35487537515445,6881.053252571839,0.000466891444440258,53.00677266468225,359.08588778103575,182.09434835720444,338.8380978620155
15 Jul 2026 04:49:00.000000000,-6617.183756876049,1195.1262434516455,1446.0362606431243,-2.073084685405807,-4.387894923415178,-5.8678542451993,0.008116594281809017,-0.001463011177053629,-0.001774707139795064,12.063152594944258,164.79828610812584,500.75977071505565,6881.5087259775055,0.000557222626653333,53.008198752864914,359.0853333936879,187.39546428007498,337.34315862292243
15 Jul 2026 04:50:00.000000000,-6726.874337803707,929.4091520901435,1091.0252101701242,-1.5819044019765844,-4.466096279799183,-5.961497621894874,0.008252292357342733,-0.0011372900892560771,-0.001338283709897032,9.035366678832707,166.91651602890624,500.2476327418626,6881.870770639951,0.0006386648976750184,53.00933207562116,359.08499382324993,192.74285415887886,335.80203721276587
15 Jul 2026 04:51:00.000000000,-6806.87121055399,659.5895053938959,731.1850110103776,-1.0836594155925818,-4.524594825679709,-6.028765642107519,0.008351380588894963,-0.0008064101171278967,-0.0008957562087211191,5.991808398116687,168.99569220623644,499.8253343706669,6882.132951034788,0.0007103657402841992,53.01015245389824,359.0848186125779,198.1605613690938,334.1907176537584
15 Jul 2026 04:52:00.000000000,-6856.816694815614,386.857892640417,368.1080075701851,-0.5805612211119467,-4.563124701955274,-6.06935066910193,0.008413382931402695,-0.00047185577108622956,-0.000449116104221004,2.937906818647224,171.0493813371236,499.4980854610587,6882.290596265034,0.0007716664114371183,53.01064522234126,359.08475439285695,203.66701262523762,332.49080104032015
15 Jul 2026 04:53:00.000000000,-6876.486555244378,112.41817036332185,3.401402396060677,-0.07484476534911176,-4.581509747232449,-6.083065283060009,0.00843799706583451,-0.00013513149446321295,-3.77790452872534e-07,-0.12110082940122005,173.0907423590865,499.26934706917825,6882.3408850274245,0.0008221121177235297,53.01080149014512,359.0847458233599,209.27896568486048,330.68555741271007
15 Jul 2026 04:54:00.000000000,-6865.791094468579,-162.5179508355125,-361.3199915847689,0.43124204844357344,-4.579664461378652,-6.069843344424063,0.008425096634293725,0.00020224624500340453,0.0004484320315902484,-3.1800684923327136,175.13273721324015,499.1407779627109,6882.2828975013645,0.000861458706618054,53.01061830029525,359.0847365665673,215.0133255896312,328.7581090821876
15 Jul 2026 04:55:00.000000000,-6824.775613124296,-436.7363629986839,-724.4410434062826,0.9354489543051262,-4.5575944902342345,-6.029740415088827,0.008374732252903118,0.0005387569954390665,0.0008952851225584737,-6.233843889495485,177.188339692063,499.11221447535974,6882.117633130365,0.0008896756746425584,53.010098684292885,359.0846702814809,220.88816669545886,326.69040816313486
15 Jul 2026 04:56:00.000000000,-6753.620233231439,-709.0260321359942,-1084.3536023008405,1.43553394150541,-4.515396626226507,-5.9629335320130705,0.008287131284205473,0.0008728844026931082,0.0013381625024428375,-9.277170918798294,179.2707444973823,499.1816840908928,6881.847993909709,0.0009069453776391438,53.00925161129675,359.0844916176669,226.92342870908993,324.4625401022196
15 Jul 2026 04:57:00.000000000,-6652.63908567163,-978.18445508074,-1439.4637630316467,1.929273822279688,-4.4532583250717375,-5.869720335077982,0.008162696373649421,0.0012031242429572748,0.0017750651564139076,-12.304588418006164,-178.60642138798548,499.34545244877927,6881.478733448314,0.0009136583726528939,53.00809183247172,359.084147192476,233.1414674770145,322.05217246627376
15 Jul 2026 04:58:00.000000000,-6522.278866962472,-1243.0230729809973,-1788.1990598394777,2.414474675963148,-4.371456744168817,-5.750517558212682,0.008002002779636502,0.0015279923168760462,0.002204024530641769,-15.3103217598168,-176.4288835156255,499.5981027732728,6881.016372722096,0.0009104048358611894,53.00663962318496,359.0835865342068,239.56752654679227,319.43408297615946
15 Jul 2026 04:59:00.000000000,-6363.11677485732,-1502.3726130129728,-2129.0155512625893,2.8889820985276886,-4.2703573135274056,-5.6058588997329615,0.007805794548007322,0.0018460321202479495,0.002623112706011343,-18.288163647861484,-174.18150079811454,499.9326460656233,6880.469084067709,0.0008979619801335982,53.00492042749564,359.08276297448674,246.23013606839336,316.5797602261492
15 Jul 2026 05:00:00.000000000,-6175.85783645151,-1755.0883307125937,-2460.4047592282745,3.3506911902312986,-4.150411854979587,-5.436392294304482,0.007574979603451869,0.0021558222131228297,0.0030304521469639812,-21.23134037476562,-171.84804450074742,500.3406597825727,6879.846545562452,0.000877277325344205,53.00296441111827,359.08163447411056,253.1614008557393,313.45711527536554
15 Jul 2026 05:01:00.000000000,-5961.331646376205,-2000.0551263919897,-2780.900427323918,3.797556218952994,-4.012156269872406,-5.2428766147698225,0.007310623847513874,0.002455983217778186,0.003424224934596799,-24.132359789946815,-169.41098135998917,500.8124521696922,6879.159768487704,0.0008494475367653114,53.000805930665805,359.0801643676351,260.3970923940652,310.0303893318921
15 Jul 2026 05:02:00.000000000,-5720.488536240483,-2236.192510445187,-3089.0850649902313,4.227599902654304,-3.856207819302005,-5.026177837118707,0.00701394436847771,0.0027451843866222723,0.0038026814074312563,-26.982837456740675,-166.8512727775211,501.33724893928087,6878.420901066872,0.000815692324724334,52.99848292847191,359.07832201350897,267.9764026058768,306.26039972238095
15 Jul 2026 05:03:00.000000000,-5454.395199689057,-2462.459393886988,-3383.5962464942563,4.6389222610620084,-3.683262024142141,-4.787264706009145,0.006686301879563918,0.003022149693121015,0.004164148149423242,-29.77329821105716,-164.14821117621588,501.9033985886122,6877.643012094254,0.0007773225882676294,52.99603626362325,359.07608333811993,275.94115030761515,302.10533321994285
15 Jul 2026 05:04:00.000000000,-5164.229800233455,-2677.8586821881113,-3663.132635873762,5.029708993885529,-3.494089214562758,-4.5272039413779375,0.006329192508612148,0.0032856634113732036,0.00450703528158746,-32.49295197708971,-161.27932812109296,502.4985923527814,6876.839858422042,0.0007357016233612924,52.99350899097835,359.0734312640621,284.33416757475726,297.52235951666523
15 Jul 2026 05:05:00.000000000,-4851.276591366239,-2881.441652300046,-3926.4597115410374,5.398239350408611,-3.2895307604009227,-4.247155028760806,0.005944239066629489,0.003534575163521869,0.004829843031788412,-35.12944587897328,-158.22042803948125,503.1100945796076,6876.025640541755,0.0006921979304094215,52.99094560088853,359.0703560148899,293.19657006763805,292.47036079166975
15 Jul 2026 05:06:00.000000000,-4516.920080359151,-3072.312094685271,-4172.415166828296,5.74289346289276,-3.070495014607488,-3.9483646369652146,0.005533181920557501,0.00376780442733483,0.005131167574616226,-37.66860031923819,-154.94582728714016,503.72497920193604,6875.214750682144,0.0006481282430687803,52.98839123305243,359.06685529088685,302.56370823412755,286.91398046083026
15 Jul 2026 05:07:00.000000000,-4162.638768591609,-3249.6302041034073,-4399.913965385991,6.06215912362946,-2.8379530020903596,-3.632160706731368,0.00509786959018386,0.0039843445082844865,0.005409706149196291,-40.09414596993861,-151.42891039386478,504.33036796161196,6874.421517944757,0.0006046903947592902,52.98589087841188,359.0629343125783,312.4599209698358,280.8288695287454
15 Jul 2026 05:08:00.000000000,-3789.998502260135,-3412.616204836646,-4607.953032949186,6.354637992462796,-2.5929338856334847,-3.299946253047882,0.00464024918163478,0.004183265993092178,0.005664261479561962,-42.387492864412124,-147.64314943418123,504.91366610331164,6873.659955014175,0.0005628882647936376,52.98348858322957,359.0586057311336,322.89288342666526,274.2073388523956
15 Jul 2026 05:09:00.000000000,-3400.6454679247045,-3560.553697900959,-4795.615569510146,6.6190512279439035,-2.336520239287373,-2.953192921958603,0.004162356756210229,0.004363719710985771,0.005893745534352028,-44.52758291446826,-143.56375722331356,505.4627913975362,6872.94351091253,0.0005234558475403638,52.981226669467006,359.0538894071149,333.8493406351416,267.06262565028436
15 Jul 2026 05:10:00.000000000,-2996.298867586526,-3692.7927195669963,-4962.074968328698,6.8542445408037755,-2.069843157780093,-2.593434340141148,0.003666307718302892,0.004524939237011052,0.006097182673077631,-46.49090254331219,-139.17013717345654,505.9663925609333,6872.2848341243325,0.00048679399398248867,52.97914498530865,359.04881206141357,345.2950115526044,259.428989643211
15 Jul 2026 05:11:00.000000000,-2578.743307931389,-3808.7525021584565,-5106.598330433079,7.05919267298231,-1.7940772282280344,-2.2222592924175735,0.0031542872904215063,0.004666242979000111,0.006273712235853135,-48.25175833075779,-134.44921391640685,506.4140534085631,6871.695550199638,0.000452939165024716,52.97728019915842,359.04340680443727,357.18171430865016,251.3545880525067
15 Jul 2026 05:12:00.000000000,-2149.820938054096,-3907.923929604182,-5228.54956528636,7.233003308945671,-1.5104353878336945,-1.8413047588466978,0.002628541123423196,0.0047870358926446225,0.006422590636681572,-49.78293471071108,-129.39953138201753,506.79647938739583,6871.18605766223,0.0004215845096372163,52.9756651496744,359.03771255186945,9.463601331278866,242.8852407685862
15 Jul 2026 05:13:00.000000000,-1711.423369493415,-3989.8716815551816,-5327.392070094089,7.374920428385885,-1.2201636885245108,-1.4522488393403328,0.0020913660717111864,0.004886810870510498,0.006543193022215774,-51.056839699363856,-124.03565711840393,507.10566349254793,6870.765345706243,0.00039216677358284367,52.97432826342262,359.0317733372665,22.121974369223373,234.0396156697592
15 Jul 2026 05:14:00.000000000,-1265.4834118017773,-4054.236061055892,-5402.690981802414,7.484327110639605,-0.9245359867190319,-1.0568035900341317,0.0015451011453156281,0.00496514985141215,0.006635014558111248,-52.04717844046906,-118.39197170486064,507.3350289500336,6870.440836772849,0.0003640202746078236,52.973293050536476,359.0256375336632,35.19591682410973,224.77859667226895
15 Jul 2026 05:15:00.000000000,-813.9666562293313,-4100.7345017684265,-5454.114997186545,7.560747801319781,-0.6248485737725158,-0.656707792114632,0.0009921186322078943,0.0050217246913645645,0.00669767139799832,-52.731060164832826,-112.52452338584435,507.4795464533998,6870.218256659792,0.0003365899000070044,52.97257768738636,359.0193569979498,48.81541854214116,214.97215935578657
15 Jul 2026 05:16:00.000000000,-358.8629394788027,-4129.162751609064,-5481.437757572457,7.6038500508220315,-0.3224147602688009,-0.2537196706413046,0.0004348153693940284,0.005056297833138278,0.006730901384068318,-53.09126014945252,-106.50960166197922,507.53582416107577,6870.101534343715,0.0003096976861814303,52.972194693719466,359.01298615321326,63.23363054830955,204.36711667463598
15 Jul 2026 05:17:00.000000000,97.82228108831883,-4139.395730382469,-5484.538795698793,7.613445732678813,-0.018559425300272218,0.15039042177452344,-0.00012439587137338064,0.00506872280466383,0.00673456451898319,-53.11819389421035,-100.4383218866856,507.50216909116995,6870.092733191251,0.0002838712925373981,52.97215071004958,359.0065810253214,78.84851492786471,192.5654695430655
15 Jul 2026 05:18:00.000000000,554.0766097378727,-4131.388059614156,-5463.404043039982,7.589491747354142,0.2853864595928505,0.5538473434876677,-0.0006830949279372288,0.005058944566956415,0.006708643235778871,-52.81111906232796,-94.40778586388197,507.3786189871499,6870.192014710231,0.0002607416444973513,52.972446379290766,359.0001982508485,96.17533613704451,179.05191600443405
15 Jul 2026 05:19:00.000000000,1007.8894215268425,-4105.174263333129,-5418.125896635833,7.532090214225989,0.5880913232643823,0.9548785130016697,-0.0012388627724080241,0.0050269997228064725,0.0066532424796574155,-52.17823131675881,-88.51074789582577,507.16694416865926,6870.397635451702,0.000243414939019982,52.97307633477075,358.99389407401003,115.66251572771964,163.3779969927868
15 Jul 2026 05:20:00.000000000,1457.260567603968,-4060.8686390461166,-5348.902845125994,7.441488151367002,0.8882284962735708,1.3517212575575932,-0.0017892900691597394,0.00497301658825165,0.006568589603137448,-51.23562628719771,-82.82637241779298,506.8706193247964,6870.70597712599,0.00023637385323048153,52.97402929486146,358.9877233504043,137.21067922879612,145.6430499353706
15 Jul 2026 05:21:00.000000000,1900.2090459239578,-3998.664798648411,-5256.038654355853,7.318076639598178,1.184481712219423,1.742630149602861,-0.0023319858173925525,0.004897215116918979,0.006455034060106493,-50.00541962468758,-77.41418637709693,506.49476565037037,6871.1116094453155,0.00024410777197859208,52.97528826256068,358.98173857531685,159.6261567731546,127.04070859984377
15 Jul 2026 05:22:00.000000000,2334.7816062916727,-3918.8348795410993,-5139.941113626864,7.162389464344536,1.4755505997665785,2.1258843183713028,-0.002864586124313683,0.004799906658575783,0.006313046872698896,-48.51349877880739,-72.312027034294,506.04606416836964,6871.607384663052,0.0002687238472725333,52.97683082648508,358.97598895384937,180.94879599322115,109.53109065539017
15 Jul 2026 05:23:00.000000000,2759.061258187079,-3821.728426820489,-5001.120344472827,6.975101226316317,1.7601561546225584,2.4997947218519516,-0.003384763145782383,0.004681493523662195,0.006143219832350269,-46.787367056542585,-67.53744850760008,505.53264152101667,6872.184562246731,0.0003089407402705281,52.97862955792343,358.9705195294391,199.73233049077797,94.56042963480793
15 Jul 2026 05:24:00.000000000,3171.1756492082923,-3707.7709481046054,-4840.186674793206,6.757024910177313,2.0370461787885845,2.8627113617986275,-0.003890234218890667,0.004542468317602339,0.005946264386033586,-44.854388932032634,-63.091294292002054,504.9639299456569,6872.832961610918,0.0003614842773697597,52.98065249688416,358.9653703862269,215.66633683380212,82.43911833792242
15 Jul 2026 05:25:00.000000000,3569.305281265142,-3577.4621433880116,-4657.848082308618,6.509108899327736,2.3050006720583514,3.2130304212529435,-0.004378771195875828,0.004383413002787653,0.005723010151151681,-42.74055867412114,-58.96207703786936,504.35050357627574,6873.541140350732,0.00042281523798025616,52.98286371848309,358.96057593950485,229.13984851021132,72.77809524005026
15 Jul 2026 05:26:00.000000000,3951.6915309637607,-3431.3738132812514,-4454.907212618209,6.2324334248331015,2.562837158097802,3.5492013005372756,-0.0048482099718318026,0.004204997642094888,0.005474402997684678,-40.46976962057855,-55.130168816327156,503.70389362167913,6874.296594966428,0.0004898536308762136,52.985223969585675,358.9561643268071,240.7037603572157,65.02644038156978
15 Jul 2026 05:27:00.000000000,4316.64443978802,-3270.1474501771772,-4232.257978763057,5.928206437621096,2.8094159245108727,3.8697335237829114,-0.005296460179371933,0.004007978775314433,0.005201502633362669,-38.06348466597214,-51.571271080056796,503.03638536161395,6875.085980660948,0.0005600242576106728,52.98769136436594,358.9521569104707,250.83526049021717,58.70694370891529
15 Jul 2026 05:28:00.000000000,4662.550239271286,-3094.4915181433785,-3990.8817509064384,5.597758895092961,3.0436451535350524,4.173203484433732,-0.0057215150052428755,0.003793197381167644,0.004905479629928694,-35.54068846288102,-48.25900503820328,502.3608002639547,6875.895346434598,0.0006311202674081167,52.9902221263995,358.94856790045384,259.893164037125,53.46077155814459
15 Jul 2026 05:29:00.000000000,4987.878575728304,-2905.1784288843614,-3731.84314684584,5.242539456691535,3.2644859171037135,4.458260994371898,-0.006121461064253843,0.003561576379877764,0.004587611832212324,-32.91801474663357,-45.16668385678393,501.69026685193626,6876.710381400145,0.0007011803137752361,52.99277136408261,358.94540410410406,268.1356458410095,49.029734114361936
15 Jul 2026 05:30:00.000000000,5291.189399004422,-2703.041222743512,-3456.285436261728,4.8641085873061645,3.4709570075287375,4.723635598129614,-0.006494488248780545,0.003314117637051505,0.004249280099917272,-30.209967712209988,-42.26842278212317,501.03798422948444,6877.516668006524,0.0007684135116214619,52.99529386558411,358.9426648072312,275.74727161030626,45.229254365904076
15 Jul 2026 05:31:00.000000000,5571.1394797644125,-2488.9699655124355,-3165.4255740344074,4.464132072815211,3.662139572887319,4.968142610899507,-0.0068388994549104425,0.003051898436340338,0.0038919633415805165,-27.429182304760776,-39.539759648091696,500.41698239561697,6878.299937696173,0.0008311628029740438,52.997744899197635,358.9403417885711,282.8611573066891,41.926208762027166
15 Jul 2026 05:32:00.000000000,5826.488520286858,-2263.907873731384,-2860.5488805157966,4.044373958359102,3.837181524545303,5.190688837042889,-0.0071531200751256815,0.0027760673992483806,0.0035172328149840923,-24.586689380159015,-36.95793680257555,499.83988363494854,6879.046324434889,0.0008878929549377221,53.000081004876385,358.9384194672741,289.5747054908342,39.02319085375945
15 Jul 2026 05:33:00.000000000,6056.104824584573,-2028.8471831489412,-2543.0033892905008,3.606688926925226,3.9953016832348296,5.390277924633865,-0.00743570713546318,0.0024878398403618347,0.0031267456818923002,-21.692166849179067,-34.50196186574451,499.3186693512453,6879.742611550856,0.0009371930094721002,53.00226076290266,358.9368751807478,295.9602833154806,36.447833229444996
15 Jul 2026 05:34:00.000000000,6258.97049495578,-1784.8247770455012,-2214.19388564686,3.1530141433197363,4.135793629787482,5.566015311376144,-0.007685357948849082,0.0021884925590741067,0.0027222378222132152,-18.754167910819188,-32.152531896824534,498.86445670591155,6880.37646740123,0.0009777866338567928,53.004245526064125,358.9356795878184,302.07238501899343,34.145644893693536
15 Jul 2026 05:35:00.000000000,6434.186123819633,-1532.917593150679,-1875.5756616424605,2.6853605963540277,4.258029227088769,5.7171127180668275,-0.007900918155956026,0.0018793580829319645,0.0023055159314072627,-15.780323615669152,-29.891878535585843,498.4872893272904,6880.936665554844,0.0010085462800901905,53.00600010237233,358.93479718997884,307.95243858466426,32.0752044273741
15 Jul 2026 05:36:00.000000000,6580.974951904945,-1274.2378298614997,-1528.6480162224905,2.2058039798386564,4.361461781088797,5.842892147695527,-0.008081389024574398,0.0015618183901034727,0.0018784489414998915,-12.777520511594904,-27.70357141521095,498.1959461650221,6881.41328543494,0.0010285085725967068,53.00749337625249,358.9341869613783,313.6320336742693,30.20493182392571
15 Jul 2026 05:37:00.000000000,6698.686466535119,-1009.9279743422073,-1174.947531274849,1.7164751604987356,4.445628810786154,5.942789351251933,-0.00822593388522527,0.0012372981525791398,0.0014429588244461841,-9.75205596829427,-25.572302789331882,497.99777227609536,6881.797889705089,0.0010368892563850922,53.00869885724153,358.9338030763016,319.1350656551962,28.5109441872878
15 Jul 2026 05:38:00.000000000,6786.799416862577,-741.1556768112378,-816.0411567156825,1.219550287946666,4.5101543999686955,6.016356725329928,-0.00833388359318248,0.0009072575544804911,0.0010010108534509697,-6.709774625464699,-23.48366655792731,497.8985349475238,6882.083675098546,0.001033096601769571,53.00959514653198,358.9335957211709,324.479095248872,26.97569576908205
15 Jul 2026 05:39:00.000000000,6844.92422641345,-469.1084968525804,-453.51913963707096,0.7172406081328859,4.554751107089843,6.063265611578246,-0.008404740918242136,0.0005731847508285458,0.0005546034118984914,-3.656189702437711,-21.423938452244826,497.9023080912417,6882.265593878997,0.0010167425304833664,53.010166313170274,358.9335119766056,329.67608278182144,25.58724336973278
15 Jul 2026 05:40:00.000000000,6872.804787157384,-194.98854888358488,-88.98783416281543,0.21178204702549974,4.579221413899407,6.083307973838699,-0.008438183782725648,0.00023658804244577542,0.00010575745279548468,-0.5965929216040246,-19.379860032587466,498.01138729909076,6882.340443669436,0.0009876509938985696,53.01040217333105,358.9334967538501,334.73253805080094,24.3390960986281
15 Jul 2026 05:41:00.000000000,6870.319623454917,79.99292507058273,275.9375700957595,-0.29457536454463357,4.583458698224633,6.076397435284236,-0.00843406728985334,-0.00010101214948483197,-0.00034349427849992176,2.4638432996890036,-17.338426621567695,498.2262373330662,6882.306923983668,0.0009458633585653605,53.01029846781667,358.93349376896657,339.6489960593761,23.230739242922812
15 Jul 2026 05:42:00.000000000,6837.482418581619,354.62102642085915,639.6403622495793,-0.7995781510347699,4.5674477214790405,6.042569664845831,-0.008392424503884215,-0.0004380914203973436,-0.0007911181390128858,5.5199678475614,-15.286677833790316,498.5454731639658,6882.1656584294105,0.0008916407929528791,53.009856934740306,358.93344653751495,344.41853105364777,22.26911982454253
15 Jul 2026 05:43:00.000000000,6774.441901005878,627.6826856008089,1000.5096278548051,-1.3009800619882708,4.531264626921614,5.98198210950442,-0.008313465969976895,-0.0007731295385741984,-0.0012350904772480862,8.566553636159387,-13.211488657142318,498.965874978502,6881.919182208175,0.0008254639843393808,53.009085276210996,358.9332993721087,349.02364418885963,21.471758521079167
15 Jul 2026 05:44:00.000000000,6681.481092120518,897.9721328515029,1356.9475310165458,-1.7965526760659813,4.475076450240458,5.894913076417078,-0.008197577985383678,-0.001104618528217175,-0.0016734083938697007,11.598197610693749,-11.09935893161398,499.48243687050785,6881.5718951997405,0.0007480311285156357,53.0079970197151,358.9329983652257,353.4300257665907,20.872987018319805
15 Jul 2026 05:45:00.000000000,6559.015921610576,1164.2963251249414,1707.3765222007348,-2.2840958652833994,4.3991401495337525,5.781760176134035,-0.008045319656089607,-0.0014310705890192529,-0.002104100254427589,14.609214533723364,-8.936199532485839,500.0884482362288,6881.129981574043,0.0006602565287836558,53.00661127674859,358.9324923399356,357.5736175476293,20.536885296675575
15 Jul 2026 05:46:00.000000000,6407.593220997249,1425.4803006105526,2050.2464339620383,-2.7614480482069377,4.303801167051368,5.643038145140251,-0.007857418797436157,-0.001751025766690406,-0.0025252358417836773,17.59352096317686,-6.70711469852236,500.7756062263639,6880.601297504487,0.0005632759236212092,53.00495240306599,358.9317337517839,1.3315700655045521,20.586323933638646
15 Jul 2026 05:47:00.000000000,6227.888110049393,1680.3724332886366,2384.0414280809473,-3.2264961649586144,4.189491539991717,5.47937607242593,-0.007634766757241633,-0.0020630592961246013,-0.0029349360455938975,20.5445057253072,-4.396181998163531,501.5341569875184,6879.995229150704,0.0004584769252792535,53.00304956663972,358.93067952598614,4.448661638860918,21.276544730842467
15 Jul 2026 05:48:00.000000000,6020.700794626165,1927.8495610876898,2707.286759253289,-3.6771853121347093,4.056727582087872,5.291514060580323,-0.007378412257661735,-0.0023657885480370144,-0.0033313819990641955,23.454883147337828,-1.986234816906018,502.3530628681894,6879.322523622761,0.0003476223577844018,53.00093623104296,358.9292918152137,6.3147477425575005,23.21771101212535
15 Jul 2026 05:49:00.000000000,5786.9527980417,2166.821962653254,3018.5553224469154,-4.111527981993216,3.906107161542485,5.080299356860846,-0.007089554367235368,-0.0026578795210539337,-0.0037128235880723405,26.316525476696363,0.5413423871442764,503.2201922839946,6878.59509612154,0.0002334062809264193,52.99864956344658,358.92753866473214,5.081618297303531,28.25805003847773
15 Jul 2026 05:50:00.000000000,5527.682651176161,2396.238159360767,3316.473953282152,-4.527612857280549,3.738306603999622,4.846681993696246,-0.00676953472557044,-0.0029380528336291514,-0.004077587274624063,29.120271501431084,3.20678758142618,504.12252854226864,6877.825816862538,0.00012329438661185158,52.99622977773441,358.9253945732203,352.1961247384517,44.950725684261975
15 Jul 2026 05:51:00.000000000,5244.041069249447,2615.089521013921,3599.7294532448204,-4.923613120635829,3.554077251588013,4.591709981053582,-0.006419829149171396,-0.003205089183073517,-0.004424083193813726,31.855709763857227,6.032072676452272,505.04639362487603,6877.028281725619,7.514031502182068e-05,52.99371942436684,358.9228409395672,284.24485639113567,116.70916185175636
15 Jul 2026 05:52:00.000000000,4937.28564541266,2822.414655567968,3867.074314141446,-5.297794245348683,3.3542417106247315,4.316524094987984,-0.006042038751711236,-0.0034578342536118285,-0.004750811503022801,34.51093749141037,9.040904732215502,505.97768272199255,6876.2165708264265,0.00016374799356304177,52.99116263954151,358.91986638781094,242.8131979240241,161.9479848551469
15 Jul 2026 05:53:00.000000000,4608.775093068067,3017.303565214785,4117.332118891397,-5.648521242137566,3.139689821283136,4.022352307494751,-0.0056378807061134364,-0.0036952030668830297,-0.005056367977279538,37.07230128271881,12.25854448759801,506.9021051989044,6875.404999375241,0.0002792563878239742,52.9886043668974,358.9164669646984,236.40409054576372,172.16426211240258
15 Jul 2026 05:54:00.000000000,4259.9630701303695,3198.901553150928,4349.4025984532145,-5.974265344262268,2.9113743824712133,3.7105039025307116,-0.005209178776370188,-0.0039161837842480295,-0.005339448866019869,39.52413379869468,15.711339398743585,507.8054276577551,6874.607865273296,0.0003958966205376923,52.98608956547153,358.9126462064516,236.5955411055917,175.77999298509582
15 Jul 2026 05:55:00.000000000,3892.391619282767,3366.4128673336004,4562.266327347496,-6.27361012049368,2.6703066643410525,3.3823633218312623,-0.0047578537309826505,-0.004119840978996578,-0.00559885503762371,41.84851351872572,19.42583451165969,508.6737148212051,6873.839197899705,0.0005089724134742955,52.983662417840286,358.90841507373364,238.86963074072082,177.31310012418254
15 Jul 2026 05:56:00.000000000,3507.684258723472,3519.10406942009,4754.9890428009185,-6.5452570119791105,2.4175517393790265,3.039383782035487,-0.004285913741113014,-0.00430531840867285,-0.005833495454374612,44.02509310783277,23.42729638477641,509.4935641063958,6873.112512465572,0.000616082964993701,52.9813655523566,358.9037917560095,242.04621404896227,177.94373034289265
15 Jul 2026 05:57:00.000000000,3107.5387579577828,3656.307118890909,4926.725574953832,-6.788030294715191,2.1542236609641963,2.683080701773329,-0.0037954448501865026,-0.004471841326404155,-0.006042390031442825,46.03106596268047,27.737482676358606,510.2523299655596,6872.440574161541,0.0007153982802803899,52.979239293128444,358.8988013488876,245.69115705051254,178.10601675147726
15 Jul 2026 05:58:00.000000000,2693.7196329466788,3777.4221640093597,5076.723377802189,-7.000881473998435,1.8814805157859977,2.315024973931837,-0.0032886015827074226,-0.004618718375491243,-0.006224671940513613,47.84136684111427,32.371547085785444,510.93833433456376,6871.835176106666,0.000805356450054159,52.97732095088425,358.8934754101971,249.60923857724694,177.99517751320568
15 Jul 2026 05:59:00.000000000,2268.0503944268885,3881.920032768052,5204.325652554049,-7.182893120777412,1.6005193736967107,1.93683611448016,-0.0027675977415402967,-0.004745343115452386,-0.0063795894234319655,49.42922216161335,37.33413222233318,511.541059841431,6871.306934827197,0.0008845955768763306,52.97564416713849,358.8878514026652,253.70050172186006,177.7111645861295
15 Jul 2026 06:00:00.000000000,1832.4055825435419,3969.344418295756,5308.974056850947,-7.333282162219415,1.3125711555860087,1.5501753151904398,-0.0022346974249218593,-0.004851195231969886,-0.0065065071865806545,50.76716165898981,42.61501047641097,512.0513227743119,6870.865106660283,0.0009519424922433351,52.97423832312669,358.88197203303343,257.90899440175747,177.30992339171195
15 Jul 2026 06:01:00.000000000,1388.7026201429273,4039.3137543436574,5390.210994830561,-7.451402640025687,1.0188954368382284,1.156738423530497,-0.001692206271838421,-0.004935841477837252,-0.00660490743913226,51.82855241389505,48.18506993823197,512.4614231832214,6870.517428098044,0.0010064177218375445,52.97312802383544,358.8758844992971,262.20136883455945,176.82479360874402
15 Jul 2026 06:02:00.000000000,938.8935162534315,4091.522777431057,5447.681484288256,-7.536747950112107,0.7207752010372708,0.7582488691281941,-0.0011424629296324868,-0.004998936393882882,-0.0066743906403953805,52.58960017554845,53.9938746545815,512.7652698844702,6870.269982668236,0.0010472446272505457,52.97233266613094,358.86963965930755,266.556870981637,176.276520030701
15 Jul 2026 06:03:00.000000000,484.95645047564494,4125.743773030432,5481.134598252877,-7.588952576317141,0.4195115559273906,0.3564505526769873,-0.0005878307188063891,-0.005040222849811116,-0.006714676009034638,53.03158905579743,59.970175964862264,512.958478544999,6870.127096497056,0.001073858359477276,52.97186609851329,358.86329113531474,270.9622392937979,175.67835414649505
15 Jul 2026 06:04:00.000000000,28.887268321947914,4141.827503821389,5490.424479146075,-7.607793328924727,0.1164184213692844,-0.04689928981782866,-3.0689457390863896e-05,-0.005059532439896191,-0.0067256018399300165,53.14295483698686,66.026297761044,513.0384414405077,6870.091264223529,0.0010859127891911075,52.97173637841917,358.85689437022967,275.4089298750382,175.03882932198243
15 Jul 2026 06:05:00.000000000,-427.30908314560224,4139.703818575827,5475.510924393106,-7.593190096179377,-0.18718280284336253,-0.4500372370144164,0.0005265726042934731,-0.005056785758630884,-0.006707125660959921,52.92070701410114,72.06618667797599,513.0043679032201,6870.163106440072,0.0010832845529418697,52.97194563128681,358.85050565208616,279.89153331446045,174.36334432608044
15 Jul 2026 06:06:00.000000000,-881.6271502189164,4119.381940660417,5436.459542910905,-7.545206113781013,-0.48996858256785397,-0.8512008373914445,0.001081566794369746,-0.005031992573409082,-0.006659324251093643,52.37081462079415,77.99552095191531,512.857294899449,6870.341359326776,0.001066073791620058,52.97249001382138,358.84418112388084,284.40684629785176,173.6550920818649
15 Jul 2026 06:07:00.000000000,-1332.0695692597856,4080.9504355372155,5373.441482413118,-7.464047753868865,-0.7906186023436238,-1.248635761530831,0.0016319120359503136,-0.0049852518976585625,-0.006582393522776177,51.5074446268422,83.73138360792802,512.60006760254,6870.622896632703,0.0010346013881908042,52.97335978207665,358.837975796072,288.95333141216344,172.91560022321195
15 Jul 2026 06:08:00.000000000,-1776.6556363252903,4024.5768569916063,5286.732727937919,-7.35006383138332,-1.0878211198276457,-1.640602943233644,0.002175242928827254,-0.004916751961077275,-0.006476648262504572,50.35126961378296,89.20919903165522,512.2372902521554,6871.00278364221,0.00098940265532624,52.97453946314205,358.83194257908195,293.5308332385948,172.14501535375248
15 Jul 2026 06:09:00.000000000,-2213.4298206187636,3950.5070722016158,5176.712972519299,-7.203744422236464,-1.3802783149808906,-2.025385700283275,0.0027092179513916697,-0.004826770059033784,-0.0063425217041221775,48.9272853442367,94.38577810662791,511.7752480152016,6871.474362254027,0.0009312175271997037,52.976008127415184,358.8261313526983,298.1404973624361,171.34218437311966
15 Jul 2026 06:10:00.000000000,-2640.470192242357,3859.0642661957286,5043.864061515497,-7.025719184619949,-1.6667116261072619,-2.401296823901306,0.0032315278306962896,-0.0047156722573053955,-0.006180564901603908,47.26261336095324,99.23870238868965,511.22180098554793,6872.0293657995035,0.000860977393619004,52.97773975668646,358.8205880887238,302.7849021865189,170.5045229769497
15 Jul 2026 06:11:00.000000000,-3055.8967341171506,3750.647626775526,4888.768012832416,-6.816755172259906,-1.9458670630277501,-2.766685623455979,0.003739904115797303,-0.004583912915999624,-0.005991445852059522,45.38463988090429,103.76320221656184,510.58625187817626,6872.658061742121,0.0007797887884338988,52.97970370159062,358.8153540422033,307.4684971542825,169.62757771835714
15 Jul 2026 06:12:00.000000000,-3457.879507208517,3625.7307116262627,4712.104616173785,-6.577754126678419,-2.216520485397209,-3.1199449098814345,0.004232127976649979,-0.004432033992189402,-0.005775948314211117,43.31965761852266,107.96790918490959,509.8791893842978,6873.3494199370925,0.000688914214947993,52.98186522041986,358.8104650254237,312.1986100075074,168.7040190000997
15 Jul 2026 06:13:00.000000000,-3844.6466373420817,3484.8595001511194,4514.648615568419,-6.309749234730588,-2.4774828314797186,-3.459517897656376,0.004706039233068055,-0.004260664073996621,-0.0055349702590948196,41.09201910331364,111.87058293549943,509.1123095551211,6874.09130369555,0.0005897504713813304,52.984186089872935,358.8059507773956,316.98772286425833,167.72136520641695
15 Jul 2026 06:14:00.000000000,-4214.492091174797,3328.6501334945965,4297.26648070744,-6.013901337860345,-2.727605279860716,-3.7839050013971502,0.005159545600842985,-0.004070517096345244,-0.0052695218869611374,38.723716839873,115.4944539351903,508.2982179662517,6874.870680497984,0.000483804969416506,52.98662527705555,358.80183443991797,321.8590711581589,166.65638392964834
15 Jul 2026 06:15:00.000000000,-4565.783207940911,3157.786347417718,4060.912774263146,-5.691494580984816,-2.9657843234200576,-4.09167049896794,0.005590632121263419,-0.0038623906867984474,-0.004980723142523102,36.23427330070243,118.8654224957953,507.4502157775301,6875.673848844216,0.00037267089469237435,52.98913966097476,358.7981321493978,326.86275359516776,165.45898213096075
15 Jul 2026 06:16:00.000000000,-4896.967953083491,2973.0166039656547,3806.626124111009,-5.343931491365994,-3.1909667319817467,-4.381449029192541,0.005997370723834058,-0.0036371640936847965,-0.004669800666394956,33.64083012248478,122.01009742617417,506.5820731343487,6876.486677418464,0.00025800369154131805,52.99168479089987,358.7948527516613,332.13553487766615,163.992403483093
15 Jul 2026 06:17:00.000000000,-5206.581859328303,2775.1509293989693,3535.524811449904,-4.9727274815572,-3.402154377142977,-4.651951888495769,0.006377929848661156,-0.003395795649149424,-0.004338084121821658,30.95834925886057,124.95453556057618,505.70779364902165,6877.294852496042,0.0001415148484269347,52.99421566831135,358.79199764476675,338.25607374748756,161.67800034138224
15 Jul 2026 06:18:00.000000000,-5493.254620568802,2565.057467513236,3248.801988056779,-4.579504775262635,-3.5984088902630758,-4.9019730875788845,0.006730584043692964,-0.00313931973037228,-0.003987001850448968,28.199865063978464,127.72351101351146,504.8413739433518,6878.084129328586,2.5567930902526628e-05,52.996687538738,358.78956075267064,356.2876615154284,147.45249517456745
15 Jul 2026 06:19:00.000000000,-5755.716304031219,2343.658759280672,2947.7205383357805,-4.165985760689054,-3.778856122481039,-5.130395126608878,0.007053723431210032,-0.0028688431864593283,-0.003618075817119106,25.37674861031948,130.34015718706152,503.996562416846,6878.840583125169,9.100846651589158e-05,52.999056679599796,358.7875286302554,160.74696331086494,346.799239221746
15 Jul 2026 06:20:00.000000000,-5992.803146664536,2111.927761659897,2633.6076043787266,-3.7339857825280056,-3.9426903740853847,-5.336194445547163,0.007345862928953484,-0.002585541211253697,-0.0032329158210982535,22.498962058711484,132.82585616496056,503.18662151860735,6879.550855201127,0.0002031220372313172,53.001281170231536,358.78588069796945,168.1749659446636,343.17726448325027
15 Jul 2026 06:21:00.000000000,-6203.462902588239,1870.883620412332,2307.8487948917664,-3.2854053909041308,-4.089178359667065,-5.518446505287607,0.0076056511027801635,-0.0022906526535463024,-0.002833212966309237,19.575292026135013,135.20028347967042,502.42409783609776,6880.2023899003925,0.0003107897793996362,53.003321630561324,358.78458960202977,173.8948647095189,341.2633967232139
15 Jul 2026 06:22:00.000000000,-6386.759709767636,1621.5872137817612,1971.8821015029787,-2.822222073233404,-4.217662875333629,-5.676330455311811,0.007831878520946377,-0.001985474768221622,-0.002420732399435349,16.6135578650636,137.48154467718035,501.7206042626959,6880.7836580127305,0.0004125246115435634,53.00514191545364,358.7836216939578,179.30966564039426,339.6546529640026
15 Jul 2026 06:23:00.000000000,-6541.878445882209,1365.1364859022653,1627.1915485904483,-2.3464815027271015,-4.327566134891894,-5.80913334465678,0.00802348547891308,-0.0016713574254644792,-0.001997305342897563,13.62079484128792,139.68636190604437,501.0866183634129,6881.284362605696,0.0005070430879701499,53.00670975248829,358.7829376211179,184.65707558630706,338.11335112498534
15 Jul 2026 06:24:00.000000000,-6668.1285456134365,1102.6615907474654,1275.300605294489,-1.8602883449991523,-4.41839274334426,-5.916253835150755,0.008179568971507253,-0.0013496968098226246,-0.0015648204688543978,10.603414397320494,141.83028442214888,500.5313008209467,6881.695623471964,0.0005932244481266189,53.00799731192464,358.7824930179659,190.01630446093623,336.56030744270174
15 Jul 2026 06:25:00.000000000,-6764.947254293117,835.319869269771,917.7653907347634,-1.365796671628468,-4.489732278284351,-5.997205379088667,0.008299388788916687,-0.001021928651813443,-0.0011252146750871403,7.567344749417952,143.92790766788036,500.0623375132776,6882.010136751129,0.0006701218088116678,53.008981698775386,358.78223928592604,195.42561035278408,334.9572909969966
15 Jul 2026 06:26:00.000000000,-6831.9022959908325,564.290684056973,556.1677055925518,-0.8652000363594352,-4.541261452782303,-6.051618827729848,0.008382372632541357,-0.0006895210493264084,-0.0006804633420126254,4.518155478404317,145.99309274006526,499.6858083531542,6882.222306718786,0.0007369759124279802,53.00964535826891,358.78212444828,200.90945392534684,333.27986891858757
15 Jul 2026 06:27:00.000000000,-6868.69393764211,290.7701373126901,192.10792507011752,-0.36072127565232837,-4.572745837053699,-6.0792444421182825,0.008428120156015056,-0.0003539669454081777,-0.00023257016248236857,1.4611698490877225,148.03918267895986,499.40608551643095,6882.328347233715,0.0007932267277470666,53.00997638748781,358.78209406508176,206.4872617699512,331.5086426219243
15 Jul 2026 06:28:00.000000000,-6875.15643467058,15.965699206799709,-172.80221023153518,0.14539789966982322,-4.584041120519176,-6.079953283618474,0.008436405857540857,-1.6776339054070003e-05,0.0002164433514464719,-1.5984314798819799,150.07921489468342,499.2257631114164,6882.3263508895625,0.0008385218754585572,53.00996874761046,358.78209219204376,212.17697095496257,329.62570282656196
15 Jul 2026 06:29:00.000000000,-6851.258847676164,-258.9092253963924,-536.9468678199145,0.6509074510733054,-4.575093900670337,-6.053737968075377,0.008407180770161067,0.00032053168734885566,0.0006645485719233229,-4.6555118031455525,152.1261307563168,499.1456197094039,6882.216324517532,0.0008727215029217451,53.00962237292275,358.7820623665537,217.99676187384048,327.6128962718384
15 Jul 2026 06:30:00.000000000,-6797.1052240710205,-532.6407631604671,-898.7134227514855,1.1535596241008732,-4.54594199032794,-6.000712774464574,0.008340572919274161,0.0006564370356130587,0.0011097205503360532,-7.704881303833988,154.19298425960108,499.1646144839566,6882.000190318999,0.0008958994210869013,53.00894317457774,358.78194860348196,223.96607317290068,325.4508103514598
15 Jul 2026 06:31:00.000000000,-6712.934142967161,-804.0200424295828,-1256.499744220012,1.651119550956677,-4.496714240265491,-5.921113106103799,0.008236886538156461,0.0009894266635336931,0.0015499487828612801,-10.74119813533416,156.29315195751101,499.2799170120801,6881.681752556965,0.000908340394906549,53.007942938931926,358.7816963832208,230.1063031825222,323.1180712517899
15 Jul 2026 06:32:00.000000000,-6599.117626071127,-1071.8486382731464,-1608.7214306028277,2.141375769803958,-4.427629879621488,-5.8152943097455685,0.008096600060736887,0.0013180025705152429,0.001983247826745871,-13.758864170361656,158.44054604351547,499.48697009407,6881.266630389727,0.0009105335120614028,53.00663912214506,358.7812536145345,236.44135645371017,320.59079699939116
15 Jul 2026 06:33:00.000000000,-6456.159421736366,-1334.943963686833,-1953.8189548008452,2.6221505883551144,-4.338997381880196,-5.683729864955829,0.007920362926944095,0.0016406896091452237,0.002407667651257732,-16.751911845024267,160.64983155170518,499.7795842695533,6880.7621580714,0.000903161551523574,53.00505454456224,358.78057155518303,242.99808770857092,317.8421531165486
15 Jul 2026 06:34:00.000000000,-6284.692673582185,-1592.1445788386736,-2290.2646826410232,3.091310222348915,-4.231212869310258,-5.527008962907684,0.007708991266736274,0.0019560430409650206,0.0028213036162079087,-19.713878409072255,162.93664687496133,500.15006206554324,6880.177254361192,0.000887086225701982,53.003216990171936,358.77960567405404,249.80663459668276,314.8420194997273
15 Jul 2026 06:35:00.000000000,-6085.476989130516,-1842.3153911598095,-2616.569728435584,3.546774643766471,-4.104758073473593,-5.34583349989349,0.007463462538763175,0.002262655761236858,0.0032223059798915828,-22.637663817948056,165.3178238312169,500.58934942358263,6879.5222635593,0.0008633290624481042,53.001158718118255,358.7783164394762,256.90058061642645,311.5568271684236
15 Jul 2026 06:36:00.000000000,-5859.3949276688645,-2084.3527202715904,-2931.290613460498,3.986527078987742,-3.9601978736197494,-5.141014516321688,0.007184909224034398,0.002559165127964373,0.0036088888527656057,-25.5153685828209,167.81159875170565,501.08721123393207,6878.808771111919,0.0008330475097119719,52.99891589481239,358.7766700197468,264.3168359355969,307.9496771560189
15 Jul 2026 06:37:00.000000000,-5607.447929960817,-2317.189203153866,-3233.03569509361,4.408623103339643,-3.798177438365235,-4.913468116574937,0.006874611684393991,0.0028442593413015435,0.003979338527912044,-28.33810832835897,170.43779869572836,501.63242746578254,6878.049397190206,0.000797505577001283,52.99652795660404,358.7746388833598,272.0950621783107,303.9809154809008
15 Jul 2026 06:38:00.000000000,-5330.751715441608,-2539.7985165813448,-3520.4713365789385,4.811199285428957,-3.619418998926514,-4.66421090875964,0.0065339903057434435,0.003116683331736652,0.0043320211358033175,-31.095802917021548,173.21797581141718,502.21300603267355,6877.257572037297,0.0007580379925773425,52.994036914220366,358.7722022882493,280.27640414026007,299.60940124031555
15 Jul 2026 06:39:00.000000000,-5030.531175127009,-2751.199895614382,-3792.3277898030683,5.192481342034281,-3.4247182842872266,-4.394355006003576,0.006164597051093405,0.003375244128361961,0.004665389588248612,-33.77694029063396,176.17544674765418,502.8164082763711,6876.447297190221,0.0007160065398801136,52.99148661122637,358.7693466512593,288.9012522887522,294.79474397417476
15 Jul 2026 06:40:00.000000000,-4708.114790602721,-2950.462428802051,-4047.404766019224,5.550791771914941,-3.2149406499949036,-4.105102632527094,0.0057681065514901325,0.003618815692676442,0.00497798979527977,-36.368319413134564,179.33517163196586,503.42978279165015,6875.632896912168,0.0006727471585546771,52.988921949595564,358.7660657911979,298.0058011328229,289.50074521627437
15 Jul 2026 06:41:00.000000000,-4364.928611145981,-3136.7091126777723,-4284.57667207313,5.884556944420442,-2.9910169328112173,-3.797740378231164,0.005346306856096436,0.0038463432146210908,0.005268466153464513,-38.85478392493173,-177.276621985114,504.04020324666624,6874.828764314532,0.0006295069762707063,52.98638809607976,358.76236104104004,307.6173846302585,283.7000630678848
15 Jul 2026 06:42:00.000000000,-4002.4898222713323,-3309.1206500611497,-4502.797492306413,6.192313626009192,-2.753939063209983,-3.473633145064485,0.004901089960645955,0.004056846882100139,0.005535566323678646,-41.21896963243263,-173.63319874584485,504.63490587467487,6874.049106707482,0.0005873723116787261,52.983929683428194,358.7582412271802,317.74907280459485,277.37961562141294
15 Jul 2026 06:43:00.000000000,-3622.3999398074,-3466.938978578562,-4701.105298885198,6.472714934486585,-2.5047554667893013,-3.1342178270303838,0.004434442218026169,0.004249425143774443,0.005778145327182102,-43.44110598802639,-169.70861882552651,505.2015224148217,6873.307694692505,0.0005471924887087046,52.98159002061535,358.7537225159912,328.3948479978396,270.5454048081653
15 Jul 2026 06:44:00.000000000,-3226.337664046189,-3609.470517636593,-4878.626375764576,6.724535716741948,-2.244566284129017,-2.7809967634981607,0.003948434724283245,0.004423257495583315,0.005995169003015154,-45.4989346279709,-165.47975797879184,505.72830445475995,6872.617619406103,0.0005095100384362842,52.97941032609456,358.74882813030126,339.52766042720157,263.2244610006661
15 Jul 2026 06:45:00.000000000,-2816.0514286021958,-3736.0891237977403,-5034.578943814111,6.9466773508434,-1.9745184365852364,-2.4155310026341272,0.0034452137566962303,0.004577606829089644,0.006185716879406076,-47.36783469019041,-160.92918086651025,506.2043353657242,6871.991062143769,0.0004745140084306787,52.977428997702006,358.74358794070247,351.10325080275635,255.46102061034136
15 Jul 2026 06:46:00.000000000,-2393.351678432102,-3846.2387460907557,-5168.276476757018,7.13817197741195,-1.6958005630901354,-2.039433408436152,0.002926991322129337,0.0047118213842615286,0.006348984517592752,-49.02126784656783,-156.04887412555416,506.61972631147125,6871.4390803439255,0.0004420362426653797,52.975680932198664,358.7380379388779,3.0721077829373504,247.30456890046483
15 Jul 2026 06:47:00.000000000,-1960.1029110689954,-3939.43577421218,-5279.130599491081,7.298186168156277,-1.4096378503681652,-1.6543616412278372,0.0023960358544519657,0.004825336350728263,0.0064842853878357585,-50.43166089539259,-150.84457681554218,506.96579314631083,6870.971413599677,0.0004116070010864173,52.97419690656779,358.73221960220553,15.400075654680483,238.78923262340925
15 Jul 2026 06:48:00.000000000,-1518.215514581709,-4015.2710738387527,-5366.653562049326,7.426024041282159,-1.1172867762227514,-1.262011037738533,0.0018546630845426297,0.004917675166928423,0.006591052344249341,-51.57180795257011,-145.34003207480953,507.23521138524245,6870.596312998903,0.00038257601303689245,52.97300303209733,358.7261791608448,28.09587276073651,229.9062619546961
15 Jul 2026 06:49:00.000000000,-1069.6374351363472,-4073.411704370777,-5430.460283923848,7.521129834215517,-0.8200297828241866,-0.8641074132460149,0.0013052270829174769,0.00498845055715465,0.006668838751882034,-52.41677570717495,-139.58002192703776,507.4221468223813,6870.320396677762,0.000354293952878767,52.9721202909892,358.7199667802998,41.24277148907131,220.57235090322538
15 Jul 2026 06:50:00.000000000,-616.3457064169007,-4113.602315360644,-5470.269964720985,7.583089943750233,-0.5191698944149753,-0.46239980489715127,0.0007501114634785312,0.005037365349651522,0.006717319323386269,-52.94613170359095,-133.63078451239372,507.52235978579057,6870.14853401682,0.00032634680814725635,52.971564163774275,358.71363567390614,55.03234168497184,210.59589433059978
15 Jul 2026 06:51:00.000000000,-160.33787251518527,-4135.666218682754,-5485.907258172289,7.611634442485511,-0.21602529158382908,-0.05865317234141021,0.00019172071923101642,0.005064213107520138,0.00673629070692372,-53.146129306288785,-127.57668316837339,507.53328144181285,6870.083760420262,0.00029884704288421406,52.971344354198386,358.7072411610163,69.79700651390375,199.64443254492866
15 Jul 2026 06:52:00.000000000,296.3766644265321,-4139.50613416047,-5477.303007401886,7.606638078363038,0.0880761474306327,0.34535893039818744,-0.00036752834898093155,0.005068878599380743,0.006725671860179152,-53.01136504442969,-121.51297638928898,507.4540609954742,6870.127224104045,0.00027280183436130236,52.971464616509735,358.7008396875869,86.02423618806476,187.23045804785374
15 Jul 2026 06:53:00.000000000,751.7853411617613,-4125.104606967912,-5444.494540134548,7.568120761519377,0.39180232942644966,0.7478616997894382,-0.0009252151587525525,0.0050513381262383625,0.006685504231090493,-52.545471825080405,-115.53595071346534,507.2855830725021,6870.2781657857595,0.00025055267251719576,52.971922688253464,358.69448782658066,104.28552445694335,172.78243952821478
15 Jul 2026 06:54:00.000000000,1203.8811440822908,-4092.5240956173134,-5387.6255231884215,7.496247539619459,0.6938224444483793,1.1470864329657555,-0.0014789238792148438,0.005011659710860669,0.006615951752174597,-51.76064953278221,-109.73279395046748,507.03045501055675,6870.533931623817,0.00023607432138358548,52.972710329797955,358.68824127594746,124.92121126211386,155.95999969315912
15 Jul 2026 06:55:00.000000000,1650.6713031393192,-4041.9067298540317,-5306.945376269411,7.391328059702388,0.9928124712918385,1.5412778720045246,-0.00202625202382676,0.0049500031475223985,0.006517300643959882,-50.676168471210595,-104.17370186065851,506.69296423062144,6870.890019204532,0.0002344102828037184,52.97381346991137,358.68215387200746,147.3915690121241,137.302829473488
15 Jul 2026 06:56:00.000000000,2090.1859380409387,-3973.473738279166,-5202.8082457548,7.253815511478839,1.2874606815093332,1.928701530256633,-0.002564819152157198,0.004866619896997167,0.0063899590058039595,-49.316249002823746,-98.90775013538953,506.2790063026395,6871.340155827154,0.00024950796410938607,52.9752124548144,358.6762766357957,169.92350269260578,118.58398838028673
15 Jul 2026 06:57:00.000000000,2520.4866254355557,-3887.524546075647,-5075.671539906422,7.084305044257862,1.576473132016794,2.3076509871048674,-0.003092275722423459,0.0047618528035200626,0.006234456161643947,-47.70780767520569,-93.9626427035032,505.7959847607835,6871.876407798687,0.0002818825491220277,52.97688239628685,358.6706568693295,190.47872844731842,101.84172636962525
15 Jul 2026 06:58:00.000000000,2939.6748552400686,-3784.435543852783,-4926.094027825366,6.883531647452949,1.8585791347309242,2.676455135231441,-0.0036063121269305776,0.004636135602915455,0.006051441718486988,-45.878468237717335,-89.3473433191249,505.25268416087056,6872.489318926907,0.00032886429828706746,52.97879361263666,358.6653373178616,208.08170984437297,88.05154799396159
15 Jul 2026 06:59:00.000000000,3345.9003436091966,-3664.6585293759463,-4754.733505492673,6.652367483120217,2.132536689532892,3.033485361567057,-0.004104667927284975,0.004489992180918116,0.005841684282340231,-43.85505476438221,-85.0561908907777,504.6591183022077,6873.168075900137,0.00038667050763217635,52.980912154682734,358.66035541303995,222.85936959808677,77.08650106318808
15 Jul 2026 07:00:00.000000000,3737.3691692977086,-3528.7188248468965,-4562.34403347361,6.391818658392111,2.397137864325776,3.3771626397029157,-0.004585141291491381,0.00432403553856898,0.005606069773905542,-41.662611070942305,-81.07328280093625,504.02635595481297,6873.9006977728095,0.00045180146929383935,52.98320040738563,358.6557426104106,235.37295558849956,68.38531096719069
15 Jul 2026 07:01:00.000000000,4112.35169949001,-3377.213073433517,-4349.772752279619,6.103021426060186,2.651214103221255,3.7059645079100023,-0.005045598616803065,0.004138966416867149,0.0053455992807538155,-39.32387835154418,-77.37635739882872,503.3663268342176,6874.674246344984,0.0005213577151675688,52.98561775641346,358.6515238330249,246.18579855791384,61.38462327575041
15 Jul 2026 07:02:00.000000000,4469.1902703388105,-3210.806720027515,-4117.956283136239,5.787237803204565,2.8936414408903404,4.018431902958255,-0.005483984301638777,0.003935571531093155,0.005061386381003799,-36.85911625733637,-73.93984220570351,502.69161094402466,6875.475053837925,0.0005929250300472367,52.98812130777324,358.64771703102207,255.73737408213182,55.64494201258828
15 Jul 2026 07:03:00.000000000,4806.30658714761,-3030.231182526812,-3867.9167236982184,5.445850600297305,3.123345598399135,4.313175816392676,-0.00589833061396138,0.0037147213695914827,0.004754653880022231,-34.286151466095376,-70.73703346468805,502.0152147518163,6876.28896393724,0.0006644126050771609,52.99066664769869,358.6443328649851,264.34466091653394,50.849271501089454
15 Jul 2026 07:04:00.000000000,5122.208808561828,-2836.2807215846765,-3600.757250485972,5.080357857167814,3.339306932988446,4.5888837362467,-0.006286767582088376,0.003477367512872279,0.004426729903849852,-31.620558842120932,-67.74152698471944,501.3503379689165,6877.10158200476,0.0007339422298668785,52.99320862927217,358.64137451863024,272.2320528998812,46.77320459532857
15 Jul 2026 07:05:00.000000000,5415.498279177181,-2629.809018446636,-3317.6573420863133,4.69236668702515,3.5405652119439575,4.844325834249661,-0.006647532817196005,0.003224539436203371,0.00407904330340054,-28.875907034752522,-64.92807121619659,500.7101349576785,6877.898530058261,0.0007997885022039173,52.99570217179184,358.638837644139,279.55920062495653,43.25708108595161
15 Jul 2026 07:06:00.000000000,5684.875875174831,-2411.7254723739884,-3019.867639668186,4.283586535607911,3.7262241787107104,5.078360856148033,-0.006978981165190526,0.0029573407689915707,0.003713118337500971,-26.06402429677948,-62.273007468818584,500.10747498211555,6878.6657019923305,0.0008603533384779118,52.99810305867721,358.6367104409783,286.4413041833028,40.18569497296597
15 Jul 2026 07:07:00.000000000,5929.147928230809,-2182.9912310985114,-2708.704463967883,3.8558218691696133,3.8954558780285167,5.289941671146541,-0.007279594069306519,0.002676944991704386,0.0033305686133507355,-23.195258512621894,-59.75443255883941,499.55470563811946,6879.389514466693,0.0009141609671037341,53.00036871974403,358.6349738667863,292.9628755554509,37.474532034455976
15 Jul 2026 07:08:00.000000000,6147.23169398687,-1944.614969783947,-2385.5440105755847,3.410964312275606,4.047504706128057,5.478120435762675,-0.00754798851809744,0.002384590564503687,0.0029330902810645702,-20.27871793944927,-57.35218490565227,499.06342383945304,6880.057148926267,0.0009598644041671922,53.002458983970676,358.6336019764642,299.18688759279047,35.060620746467116
15 Jul 2026 07:09:00.000000000,6338.160332870815,-1697.6484360084232,-2051.8162480387964,2.950984264035598,4.181691152048572,5.642053327682586,-0.007782925452272443,0.0020815754956013937,0.002522454497520821,-17.32248712802283,-55.04772477117566,498.64425868756155,6880.656780342075,0.0009962578727892852,53.00433678941654,358.63256238340404,305.160850617762,32.8964555297605
15 Jul 2026 07:10:00.000000000,6501.08737301498,-1443.1817803104273,-1708.9985459266725,2.477922029199072,4.297415196941436,5.781004806562339,-0.007983317497136244,0.0017692513682651357,0.0021004991894232137,-14.333817220380281,-52.823955612121324,498.30667041126105,6881.177788472677,0.0010222917569707283,53.00596883772956,358.6318168345194,310.92086405355354,30.945944915591188
15 Jul 2026 07:11:00.000000000,6635.290627454138,-1182.3386937761434,-1358.609062512251,1.9938785082264292,4.394159339854566,5.894351361152323,-0.008148235896306063,0.0014490168611467882,0.0016691201662441194,-11.319292427335986,-50.66501625372744,498.0587693244473,6881.610947743053,0.0010370879424643784,53.00732618167923,358.63132188885646,316.49431297424746,29.181714743753247
15 Jul 2026 07:12:00.000000000,6740.175540660381,-916.2713759796853,-1002.1999240598212,1.5010054977827814,4.471491220914522,5.981584705614197,-0.008276916530416399,0.0011223108092589904,0.0012302616499751823,-8.284975784285352,-48.556061626591244,497.9071584163785,6881.948592214955,0.001039954152398057,53.0083847353549,358.6310296876471,321.90162210270535,27.583353870581835
15 Jul 2026 07:13:00.000000000,6815.277942774623,-646.1553582401642,-641.3502297891014,1.0014956598126272,4.529065816018848,6.042314392387006,-0.008368764912532134,0.0007906048642507693,0.0007859063037157029,-5.236537820624513,-46.48304180333093,497.85680276391594,6882.184752575233,0.0010303963569514014,53.009125698056174,358.630888802069,327.15730451419483,26.13636513461534
15 Jul 2026 07:14:00.000000000,6860.266193569324,-373.18420860085433,-277.65891837912136,0.4975722232279665,4.566627181041089,6.076269814339311,-0.008423360073261804,0.0004553958247913397,0.0003380648562244061,-2.1793719101350946,-44.43248387575763,497.91092844655674,6882.315262587283,0.0010081286546181575,53.00953588444451,358.63084514363453,332.2704111722387,24.8317154597096
15 Jul 2026 07:15:00.000000000,6874.942702172257,-98.56414612173523,87.26246668453112,-0.008521512934577691,4.584009728041352,6.083301575087154,-0.008440457263833766,0.00011819771609316081,-0.00011123456987569805,0.8812999856511058,-42.39127794418482,498.07095306406273,6882.337833024966,0.000973080266606456,53.00960795519848,358.6308429210498,337.2443652734397,23.66600112561723
15 Jul 2026 07:16:00.000000000,6859.244812825378,176.49140701747206,451.79707456006474,-0.5145328024199872,4.5811390209473615,6.063382213098967,-0.008419989428327484,-0.0002194662951913408,-0.00055995730980279,3.940327583183725,-40.346466525791,498.3364493175594,6882.252091725638,0.0009253995137632552,53.00934054418588,358.63082562655796,342.0760093360688,22.642400278375696
15 Jul 2026 07:17:00.000000000,6813.24505137219,450.7673065153271,814.3300682975356,-1.0182101259884806,4.558032083489922,6.0166062723631875,-0.008362067419021648,-0.0005560720599277175,-0.0010060730666133222,6.992535054170484,-38.2850356211174,498.70514243557875,6882.059589045929,0.0008654549223075811,53.00873828000425,358.63073703429706,346.75342766321324,21.772850057057067
15 Jul 2026 07:18:00.000000000,6737.150731677928,723.0521706908689,1173.2559306777948,-1.517313841393018,4.514797217691238,5.943189719762264,-0.00826697895336461,-0.0008901025866779579,-0.001447566756048429,10.032622866300608,-36.1937052713634,499.1729415252646,6881.763768665334,0.0007938340501512142,53.007811701613825,358.6305221929933,351.2515619077433,21.082430617072905
15 Jul 2026 07:19:00.000000000,6631.302925702801,992.1438396888584,1526.985715668899,-2.0096267341309777,4.451633336755696,5.843468716667925,-0.008135186334341337,-0.001220056071106718,-0.001882449164549599,13.055065224210615,-34.05871760064151,499.7340042260194,6881.369904343956,0.0007113415370107936,53.00657706965985,358.6301283955005,355.523364965381,20.618210831176167
15 Jul 2026 07:20:00.000000000,6496.174805385366,1256.8547802544178,1873.9542071902392,-2.492964396032728,4.368828821644302,5.717897759438888,-0.007967322981274892,-0.0015444537261557316,-0.002308767303995696,16.053999573159658,-31.865621102114712,500.38083335846267,6880.88500388585,0.0006190001375250646,53.00505607692178,358.62950610805115,359.4809036390192,20.46814523225092
15 Jul 2026 07:21:00.000000000,6332.369368765689,1516.0174079098422,2212.626947957257,-2.9651853621631807,4.266759915768287,5.567047210260806,-0.00776418883721491,-0.0018618473300343083,-0.0027246143549427607,19.023104520479542,-29.5990514638716,501.1044036146856,6880.317682174999,0.0005180651202981067,53.00327546310302,358.62860984289154,2.950854601889093,20.80557767725787
15 Jul 2026 07:22:00.000000000,6140.616566811244,1768.4892993707977,2541.507102644752,-3.424200941157343,4.145888676976538,5.3916002459337395,-0.00752674474099705,-0.002170826417457175,-0.0031281391014959855,21.955462444441533,-27.24251186430922,501.89431574398293,6879.678005722095,0.000410085902777403,53.00126654085313,358.6273989589191,5.553568359552846,22.010177038897314
15 Jul 2026 07:23:00.000000000,5921.769851128455,2013.1582693343312,2859.1421214185684,-3.867984679859358,4.006760510195949,5.192349257620591,-0.0072561058684742705,-0.0024700250497984902,-0.0035175547754168193,24.84340309725222,-24.778159915753218,502.73897516643,6878.977311676501,0.0002971557127784355,52.999064641470845,358.6258383763509,6.2969661894794005,25.07403995223022
15 Jul 2026 07:24:00.000000000,5676.802166096275,2248.947287270895,3164.1301719972516,-4.294581409759243,3.8500013076245603,4.970191739082521,-0.006953534358034166,-0.002758128110868662,-0.0038911472417004593,27.678324841226743,-22.18661505524252,503.62579150641375,6878.228004707192,0.0001832031246141949,52.99670849013559,358.62389919284885,1.672195793884988,33.50603488596187
15 Jul 2026 07:25:00.000000000,5406.8014118914,2474.819211568554,3455.1263107552963,-4.702115830028523,3.676314226170382,4.726125704445039,-0.0066204312484077436,-0.0030338770887834063,-0.00424728247675634,30.45049107004226,-19.44681019787356,504.5413951883359,6877.443335533022,8.60737754654253e-05,52.99423952174306,358.62155919041,331.33961432856745,67.64581888029417
15 Jul 2026 07:26:00.000000000,5112.965407363561,2689.7813202115885,3730.8483659140043,-5.088800589672221,3.4864761338447137,4.461244678991114,-0.006258327857618714,-0.0032960753167814915,-0.004584413306628991,33.14880131325411,-16.53592613940005,505.4718669810205,6876.637165178569,0.00010833559081389334,52.99170114944649,358.618803224129,257.4341397342776,145.3584860286478
15 Jul 2026 07:27:00.000000000,4796.59638373049,2892.889619134977,3990.082508515824,-5.45294383921805,3.2813337579975994,4.176732307841122,-0.005868876736021232,-0.0035435926604459695,-0.004901085392319742,35.76054018677791,-13.429467803463353,506.4029762176917,6875.823719244792,0.000216228470917663,52.98913799882079,358.6156234862058,239.21174589786915,167.38807217897764
15 Jul 2026 07:28:00.000000000,4459.095041615468,3083.2529113660944,4231.688489581192,-5.792956230156132,3.061799568676596,3.8738566276650768,-0.005453842321433979,-0.003775369651992834,-0.0051959424667373365,38.27111370339043,-10.101568691313396,507.32042335215476,6875.017336612495,0.0003330776321304784,52.98659512115028,358.6120196405855,236.70884570581268,173.69817179414082
15 Jul 2026 07:29:00.000000000,4101.954205030371,3260.036612066305,4454.604524540173,-6.1073573478238,2.828847429980877,3.5539640458317674,-0.005015091414694484,-0.003990421083317787,-0.005467730842141262,40.663792726861494,-6.525642651490473,508.21008253367376,6874.23221704108,0.000448449063635493,52.9841171996898,358.60799882604067,237.99936513030917,176.2148638321833
15 Jul 2026 07:30:00.000000000,3726.752106567479,3422.4662965146103,4657.851808653218,-6.394781570329618,2.583508051181548,3.2184730697228323,-0.0045545835879310425,-0.004187839083704855,-0.005715303225855701,42.919498813310405,-2.675534855678948,509.05823998634025,6873.482172089148,0.0005590742678331994,52.98174776285247,358.6035755277,240.71142735462828,177.31002764003506
15 Jul 2026 07:31:00.000000000,3335.1453383144885,3569.830969940606,4840.538649636792,-6.653983352263087,2.326864267626298,2.86886782644482,-0.004074361617869502,-0.004366795714468262,-0.005937621889853165,45.01668899584579,1.4726570444001346,509.8518241534814,6872.780383670437,0.0006628581764240957,52.979528418139225,358.59877131945825,244.10045579287572,177.72824000458374
15 Jul 2026 07:32:00.000000000,2928.8615029315474,3701.486049836447,5001.864206039697,-6.88384193713973,2.0600461792021667,2.506691410013779,-0.0035765420231965574,-0.004526545122144969,-0.006133761252022817,46.93142189803039,5.937941631543332,510.57862380458033,6872.139174374239,0.0007580990403381775,52.97749812024402,358.5936144818389,247.86240032503983,177.77354903847925
15 Jul 2026 07:33:00.000000000,2509.6915989580466,3816.856052969165,5141.121822043281,-7.083365506689421,1.7842261714743448,2.1335390894321993,-0.003063305766536505,-0.004666425297792853,-0.006302909934327801,48.637712265687036,10.730924499813868,511.22749059068025,6871.569793431,0.0008433260570242473,52.97569248615464,358.5881395021209,251.85119505619303,177.59201658909234
15 Jul 2026 07:34:00.000000000,2079.4821738292926,3915.436980733264,5257.701951256045,-7.2516947781097105,1.5006138417121033,1.7510514071140748,-0.0025368891598760352,-0.004785859490783546,-0.0064443723635935635,50.1082919170413,15.849613069077659,511.7885228639388,6871.082221896746,0.0009172628136932143,52.97414316923346,358.5823864656081,255.98861805813894,177.2618587087817
15 Jul 2026 07:35:00.000000000,1640.1272773565825,3996.798397720111,5351.094663725292,-7.388106062242331,1.210450849008812,1.360907193038786,-0.0019995749953560646,-0.004884357328525651,-0.0065575699842111805,51.31587162800482,21.27509518592908,512.2532279388009,6870.685000273392,0.0009788245430740567,52.97287730321784,358.5764003487486,260.2294817849422,176.82825549066436
15 Jul 2026 07:36:00.000000000,1193.560247607996,4060.585199445991,5420.89173179657,-7.492013796315903,0.9150057047146334,0.9648165160161656,-0.0014536839026775949,-0.004961515690102478,-0.006642042146895122,52.23491751063162,26.968112166732748,512.6146603577115,6870.385081381832,0.001027125193227165,52.97191702584759,358.5702302265926,264.5462583739518,176.31872605320999
15 Jul 2026 07:37:00.000000000,741.745360313779,4106.519066064892,5466.788291622748,-7.562972564480797,0.6155685166053799,0.5645135897153476,-0.0009015659176429378,-0.00501701937829168,-0.006697446732423222,52.843807875224336,32.86788361023573,512.8675341262708,6870.187710869881,0.0010614864609058993,52.97127909042734,358.56392840850435,268.92158003549247,175.750628464781
15 Jul 2026 07:38:00.000000000,286.66937215063757,4134.399599622436,5488.584078081034,-7.600678617960384,0.31344569770523056,0.16174964781294404,-0.00034559223085616034,-0.00505064162870036,-0.006723560561093143,53.1270515252542,38.89443079386271,513.0083072955691,6870.096337272241,0.0010814457411976424,52.97097457208876,358.55754951732547,273.3442947410858,175.13510439206948
15 Jul 2026 07:39:00.000000000,-169.6670123603921,4144.105142996713,5486.18423162827,-7.604970904397258,0.0099546486253834,-0.24171420006425506,0.00021185292692595003,-0.005062244486409511,-0.006720279627147074,53.077105606824546,44.95484655858711,513.0352376893146,6870.112553054624,0.0010867616438963487,52.97100867385989,358.5511495281349,277.8072715469635,174.47927412881623
15 Jul 2026 07:40:00.000000000,-625.2577212042206,4135.593279159137,5459.599676255248,-7.575831613076098,-0.2935815793553265,-0.6441141220151206,0.0007683803157177183,-0.005051779070617627,-0.006687619183809314,52.695331451959476,50.95261648650117,512.9484089965853,6870.236067571838,0.0010774164259260768,52.971380635902754,358.54478478346573,282.3061331837677,173.78750436760873
15 Jul 2026 07:41:00.000000000,-1078.0999134514288,4108.901009784827,5408.947068224658,-7.513386239340137,-0.5958396341026212,-1.043690718612481,0.001321603691710894,-0.005019285740386295,-0.006625713694501348,51.99181913840682,56.797844607446294,512.7497268761475,6870.464712358808,0.0010536150243919888,52.972083749478784,358.53851100224506,286.83851756685146,173.0621470523316
15 Jul 2026 07:42:00.000000000,-1526.2025673448986,4064.1446126188234,5334.448315766926,-7.417903167954301,-0.895501219456935,-1.4386961707144355,0.001869147847628828,-0.0049648941599641574,-0.006534816646170065,50.98413143881234,62.41583695295113,512.4428851437768,6870.794478657469,0.0010157805642759456,52.97310547537336,358.5323822998097,291.4036705056972,172.303947026401
15 Jul 2026 07:43:00.000000000,-1967.595028908454,4001.5191773606616,5236.429670388599,-7.289792771590048,-1.1912584528270875,-1.8274013717018518,0.0024086567457095548,-0.004888823254203292,-0.006415300210060527,49.69531301042624,67.75221303649758,512.0333025391512,6871.2195865699405,0.0009645463401645131,52.97442766468763,358.52645023614986,296.002279362426,171.51220871941086
15 Jul 2026 07:44:00.000000000,-2400.3354918088176,3921.2978202325994,5115.320390995176,-7.129606017289062,-1.4818192164103072,-2.208103034204084,0.0029378017958967538,-0.004791381034577328,-0.00626765472204237,48.15164634844387,72.77408064597012,511.52803099190174,6871.732584720361,0.0009007443669595342,52.976026878121274,358.5207629090703,300.6365307905325,170.68473873427578
15 Jul 2026 07:45:00.000000000,-2822.5193786711075,3823.830577869379,4971.650982680341,-6.938032570908125,-1.7659124933813815,-2.57913075924986,0.0034542903207815,-0.004672964263769701,-0.006092487938238988,46.380584144649546,77.46803586264777,510.9356367271821,6872.3244788153,0.0008253906750174608,52.9778747981512,358.5153641081375,305.3104537054314,169.81750317680059
15 Jul 2026 07:46:00.000000000,-3232.287593368383,3709.542981747252,4806.051012836543,-6.715898387368874,-2.0422936783551595,-2.938854052977037,0.003955874237749247,-0.004534057923107833,-0.005890524017108052,44.40912137510544,81.83633447583844,510.2660559660647,6872.984887017119,0.0007396676003246226,52.97993872689043,358.51029254423116,310.0307426621156,168.90380454630875
15 Jul 2026 07:47:00.000000000,-3627.8346130335485,3578.934315081392,4619.246508229147,-6.464162773202035,-2.309749848961776,-3.2856892726934483,0.004440358971892557,-0.004375234437270371,-0.005662602166674434,42.262690486615824,85.89252230686611,509.53042738279777,6873.702219594809,0.0006449034014926181,52.982182160916345,358.50558116820923,314.80856972762155,167.93247009421512
15 Jul 2026 07:48:00.000000000,-4007.4163876621897,3432.5755550089525,4412.056937907739,-6.1839149075719835,-2.567104982545437,-3.618106480293175,0.004905612595728812,-0.004197152607428156,-0.0054096748917981325,39.96453465205543,89.65740717426462,508.74090387476747,6874.463879898614,0.0005425496533316585,52.98456543301154,358.5012565906445,319.66377605551367,166.8836604381156
15 Jul 2026 07:49:00.000000000,-4369.358014483041,3271.107003880123,4185.39178821145,-5.876369808647621,-2.8132250990874854,-3.9346361771765195,0.00534957517500963,-0.004000556203601106,-0.0051328057766332575,37.53545242684501,93.15580466872554,507.9104465754562,6875.256483324539,0.0004341571386842345,52.9870464095905,358.49733861281214,324.63581200575044,165.7179295847838
15 Jul 2026 07:50:00.000000000,-4712.06115334374,3095.235614768686,3940.2467379012783,-5.54286373421999,-3.0470233082721254,-4.233875890649247,0.005770268276726783,-0.0037862721635562673,-0.004833166733642159,34.99379652545651,96.41415501343266,507.0526043895362,6876.066090600542,0.0003213519672186313,52.989581231607595,358.493839877194,329.81844130555766,164.34152086216395
15 Jul 2026 07:51:00.000000000,-5034.011148952325,2905.7320176677895,3677.699443295093,-5.18484900843485,-3.267464735761199,-4.514496578089235,0.0061658045797558705,-0.0035552083517261398,-0.0045120346594178795,32.35562633080622,99.45892110943059,506.1812826426143,6876.878451443507,0.00020581959076486692,52.99212508597731,358.4907656436579,335.5122009390902,162.45390707087017
15 Jul 2026 07:52:00.000000000,-5333.783825356079,2703.427254446157,3398.904945469018,-4.803888270765958,-3.473571300939206,-4.775248811589043,0.006534397509064026,-0.003308350834957204,-0.004170787442754402,29.63493976203936,102.31560509805699,505.31050470783714,6877.679254414682,8.937944445052215e-05,52.994632993995886,358.488113695297,343.5637322657298,158.20845935363167
15 Jul 2026 07:53:00.000000000,-5610.051917992255,2489.2092323654533,3105.090713913292,-4.401648148572996,-3.6644263160338526,-5.014968702845605,0.006874370796844714,-0.003046760638623459,-0.0038108992802090647,26.843934944767256,105.00821547759055,504.45417068665625,6878.454378643832,2.8548186210010104e-05,52.99706060294779,358.4858743756486,144.88553438964303,0.6926937595851419
15 Jul 2026 07:54:00.000000000,-5861.5911089086785,2264.0189078241056,2797.551343525001,-3.9798923607349304,-3.839178874632389,-5.23258352579649,0.00718416786322479,-0.0027715699576379106,-0.00343393526927907,23.99327169596077,107.55904212607938,503.62581737168455,6879.190143008556,0.00014134045894261508,52.999364967013314,358.48403075671035,164.20509088204943,345.17914440242254
15 Jul 2026 07:55:00.000000000,-6087.285631413005,2028.8462139523056,2477.6429244207247,-3.5404742667316427,-3.9970479963365046,-5.427116993069612,0.007462360895272281,-0.002483977805962522,-0.00304154526222724,21.09231661986199,109.98863032447498,502.8383837964315,6879.873548347945,0.0002513715532167806,53.00150530376898,358.48255893487027,170.77311590072435,342.4171171692953
15 Jul 2026 07:56:00.000000000,-6286.133411501255,1784.7257476944853,2146.7771067075014,-3.085328882962912,-4.1373264937186125,-5.597694141827017,0.007707659497824412,-0.0021852451014165828,-0.002635456981114513,18.14936456357049,112.31587629907149,502.10398667073275,6880.492508362661,0.0003562641803262986,53.00344371298596,358.4814284496662,176.43077182080836,340.565471868768
15 Jul 2026 07:57:00.000000000,-6457.250714960354,1532.732234047886,1806.4148850003328,-2.616464395822591,-4.259384527917349,-5.743545785122747,0.007918918786454305,-0.0018766891956627837,-0.002217468412347933,15.171834605006023,114.55819206603077,501.43370990600516,6881.036065009377,0.00045462716768944646,53.00514584507879,358.4806028180858,181.8719611521527,338.9303300458662
15 Jul 2026 07:58:00.000000000,-6599.87627105192,1273.9757871148865,1458.0601300561282,-2.135953208832306,-4.362672820191385,-5.864012486500127,0.008095146793364835,-0.001559677872317315,-0.0017894395162313035,12.166441805070292,116.73170606699186,500.8374122460578,6881.494584435838,0.000545251861079522,53.006581507423796,358.480040175132,187.26664106970333,337.3417601418456
15 Jul 2026 07:59:00.000000000,-6713.374846154024,1009.5969895454541,1103.2528973452102,-1.6459225687452903,-4.446725488534267,-5.958548018226541,0.008235511062194997,-0.0012356228498149563,-0.0013532833050850588,9.139347530598442,118.85147921668504,500.32355673678444,6881.859929821791,0.0006270996742646969,53.007725197842724,358.4796940094428,192.68153946013268,335.7330611003866
15 Jul 2026 08:00:00.000000000,-6797.2402436527655,740.7618137173905,743.5625446393019,-1.148544822687184,-4.51116248103405,-6.02672226726842,0.008339344318765938,-0.0009059728385204805,-0.000910956360165834,6.096291853549536,120.93172485587964,499.8990653928115,6882.125607886623,0.000699313564979266,53.00855655581086,358.4795139811615,198.15232401897825,334.0685928915696
15 Jul 2026 08:01:00.000000000,-6851.097709693439,468.65640961577594,380.58069270023117,-0.6460273648917098,-4.555691580973677,-6.0682235577697705,0.008406149114364827,-0.0005722062129841718,-0.00046444887223450355,3.0427117507746955,122.98602691553067,499.56920195740236,6882.286886289887,0.0007612303863730532,53.00906072338104,358.47944680770496,203.7033491214692,332.3240292366813
15 Jul 2026 08:02:00.000000000,-6874.70572808288,194.4817857533505,15.914064856550558,-0.14060233717723117,-4.580109962650534,-6.082860364304401,0.008435601359794645,-0.00023582337106827755,-1.5774304453471255e-05,-0.016151185986763045,125.02755429418492,499.3374851126242,6882.340879678414,0.0008123908175134997,53.009228609389666,358.47943720192774,209.3547229916038,330.4792900160048
15 Jul 2026 08:03:00.000000000,-6867.957191616263,-80.55158939311748,-348.82275739508674,0.3654838481825246,-4.584305281434548,-6.070562396384241,0.008427552683648039,0.00010166114050377023,0.00043304121427796007,-3.0751499210828586,127.0692717109356,499.20563389251873,6882.286602711771,0.0008525460114156709,53.009057052202394,358.4794288461903,215.1253858067549,328.51546272944313
15 Jul 2026 08:04:00.000000000,-6830.879941316064,-355.2292371168775,-712.0146246597925,0.8699810912717134,-4.568256286565924,-6.031381041454894,0.008382031570334337,0.0004387266481872511,0.0008799696492560191,-6.1291345204766445,129.12414857604728,499.17354639826715,6882.124989015143,0.0008816606215727722,53.00854887803454,358.47936538524164,221.03470191565793,326.4132098394897
15 Jul 2026 08:05:00.000000000,-6763.636669440864,-628.3381405286196,-1072.0531171288255,1.3706462191783462,-4.532032950475052,-5.965489160708944,0.008299243261188369,0.0007738544313113453,0.0013229918531012348,-9.172854624258447,131.20536799588848,499.2393122291078,6881.8588756513445,0.0008999120336761421,53.00771285371497,358.47919142039854,227.10342899757762,324.15179917626295
15 Jul 2026 08:06:00.000000000,-6666.524186565659,-898.6722098581496,-1427.3438104968097,1.865253558115505,-4.47579611383914,-5.873180239295765,0.008179568418556214,0.0011055357688273175,0.0017601082713078855,-12.200858394503848,133.3265380258557,499.39925834480727,6881.492953357341,0.0009076856953027185,53.00656353462116,358.47885348753346,233.35439656266232,321.7084250121247
15 Jul 2026 08:07:00.000000000,-6539.9720574691055,-1165.0377120540863,-1776.3134718320593,2.351605389560864,-4.399796651017243,-5.754866899698382,0.0080235605811711,0.0014322798632382104,0.0021893494416684416,-15.207384419918306,135.5019067023923,499.6480273853139,6881.033683440123,0.0009055664538537727,53.005121010360455,358.4783010015635,239.8130226315183,319.05769097523404
15 Jul 2026 08:08:00.000000000,-6384.540614903127,-1426.2586361705744,-2117.417147645869,2.827542219262865,-4.304374165770712,-5.611078793980048,0.007831942462017917,0.0017526215565660086,0.0026087861759045024,-18.186242948684452,137.7465810904393,499.97868680995305,6880.4891828588325,0.0008943257867137383,53.0034105525829,358.47748715076966,246.5077012764915,316.1712221266841
15 Jul 2026 08:09:00.000000000,-6200.918364485425,-1681.1819667683324,-2449.1451075335385,3.2909527915626824,-4.189955232133191,-5.442459897080146,0.007605601156625414,0.002065128758795171,0.0030165393198684502,-21.130682713563033,140.07674829443522,500.3828666002804,6879.869079617684,0.0008749047273386005,53.00146217104359,358.4763697250801,253.47003228751424,313.01743494512704
15 Jul 2026 08:10:00.000000000,-5989.918797872619,-1928.682838590063,-2770.0296082532896,3.7397837862618726,-4.057051199803539,-5.24976522918693,0.007345582351595336,0.0023684095182238494,0.0034107890012604744,-24.03323959449169,142.5098926347824,500.8509227142946,6879.184341147727,0.0008483921423924537,52.99931008566467,358.4749118636384,260.73480971207346,309.56154847557355
15 Jul 2026 08:11:00.000000000,-5752.476634975985,-2167.6695470484538,-3078.651444933941,4.172049141049593,-3.9062555873825686,-5.033857040278204,0.007053083638797166,0.0026611186737462984,0.003789783288474983,-26.885563583774243,145.06499729459497,501.3721229979458,6878.447078850464,0.0008159977861044086,52.99699212384396,358.4730827083241,268.33962775510867,305.7659781621932
15 Jul 2026 08:12:00.000000000,-5489.643519212288,-2397.088390577017,-3373.646258206019,4.585838949102639,-3.7382410900505993,-4.795700494078006,0.006729447047233675,0.002941964039618228,0.004151846198247531,-29.678221228387528,147.76270973252258,501.93485186322545,6877.670332404535,0.0007790192555374638,52.99454905359427,358.47085795162155,276.3239013168162,301.59131509207174
15 Jul 2026 08:13:00.000000000,-5202.583192608405,-2615.928322560291,-3653.7105683751697,4.979327888630122,-3.5537562308343404,-4.536358891840849,0.0063761509189058695,0.003209712087718908,0.004495385009528234,-32.40047232657772,150.6254368150924,502.52682973735455,6876.8678377899605,0.0007388016498715099,52.99202386424917,358.4682202690014,284.72705044296924,296.9981413794142
15 Jul 2026 08:14:00.000000000,-4892.56617995766,-2823.2253923755857,-3917.607510247993,5.350783148640643,-3.3536216863736654,-4.256988478489606,0.005994801253053684,0.0034631931039763907,0.004818896856456604,-35.040022772436345,153.6773166094699,503.13534307749995,6876.05378325602,0.0006966885543551284,52.98946100741889,358.46515962807206,293.5856040941339,291.9499262870595
15 Jul 2026 08:15:00.000000000,-4560.964013157752,-3018.066956963174,-4164.172244808303,5.698571822782623,-3.1387263190757135,-3.9588328746912897,0.005587122644708768,0.00370130580957619,0.005120974591846544,-37.58276097068186,156.94398810139234,503.74748063017967,6875.242557648164,0.000653963250872394,52.98690561160148,358.4616734688859,302.92911373989625,286.417112581479
15 Jul 2026 08:16:00.000000000,-4209.243028334885,-3199.595646271884,-4392.317026568886,6.02116775051816,-2.910022947734323,-3.643217178481191,0.0051549489384129015,0.003923021450063984,0.005400311929182764,-40.0124943702912,160.45204819056826,504.3503715901639,6874.4484956110555,0.0006117803358131406,52.98440268434247,358.4577667521142,312.77513294573333,280.38213695493374
15 Jul 2026 08:17:00.000000000,-3838.9577694027016,-3367.0130678379355,-4601.035908026569,6.317157791885834,-2.6685238881581532,-3.31154177910849,0.004700213709345604,0.004127387367579976,0.0056557078869653036,-42.31071671525734,164.2280511383138,504.931421374821,6873.685624204018,0.0005710908386215576,52.981996316074785,358.4534518741065,323.1241901212257,273.84445734638024
15 Jul 2026 08:18:00.000000000,-3451.744032339555,-3519.5832376180724,-4789.409065173883,6.58524752848356,-2.4152962941515805,-2.965275923973578,0.004224940670353872,0.004313530080247273,0.005886070570577562,-44.45645654029116,168.2968802565085,505.47854086819507,6872.967415401058,0.0005325687900676066,52.97972889976005,358.4487484502086,333.95658188446447,266.82375970556086
15 Jul 2026 08:19:00.000000000,-3049.3115847387985,-3656.6357259744846,-4956.6067304141425,6.824266388868892,-2.1514573274209887,-2.6059510769988297,0.0037312340917056283,0.004480657903661108,0.006090420341037229,-46.42628266777778,172.67932780909427,505.98036519557076,6872.306548806143,0.0004965531756240225,52.9776403801887,358.4436829701322,345.2335714298328,259.3587598113398
15 Jul 2026 08:20:00.000000000,-2633.4365951541868,-3777.5685093534007,-5101.892721455278,7.0331722011791165,-1.878169182777565,-2.2351541036690534,0.003221269299989005,0.004628063153154136,0.006267892424433442,-48.19456877639084,177.38879458426507,506.42645835382643,6871.714688700313,0.00046302373738497964,52.97576754628505,358.43828833131295,356.9055516768761,251.49904036386206
15 Jul 2026 08:21:00.000000000,-2205.9538064684307,-3881.850519717804,-5224.627556782759,7.211055179326996,-1.5966339924580804,-1.854520314483598,0.002697283307193578,0.00475512397214273,0.006417739024143957,-49.73413587738984,-177.5727868468995,506.80750033567006,6871.202279257363,0.00043162849438572255,52.97414337901279,358.4326032585302,8.92847087454028,243.28862567257755
15 Jul 2026 08:22:00.000000000,-1768.7484870481767,-3969.023885137183,-5324.271150120027,7.357141351553008,-1.3080886306864112,-1.4657263948593677,0.002161565599861277,0.004861305831415321,0.006539330996742114,-51.01737988309088,-172.21935844274037,507.11545373685726,6870.778361424709,0.0004017732709403824,52.97279646649949,358.42667161996167,21.2877493030711,234.74206529330357
15 Jul 2026 08:23:00.000000000,-1323.748192857485,-4038.705856127942,-5400.385077863754,7.470795441421995,-1.0137994368388765,-1.0704832458137425,0.0016164491013664947,0.004946162745383897,0.006632159153475325,-52.01792746346311,-166.58456780304664,507.3437072164923,6870.450414575476,0.0003727722293336218,52.97175049681202,358.4205416518154,34.02747361441125,225.81524006813504
15 Jul 2026 08:24:00.000000000,-872.9143730781809,-4090.5904133551226,-5452.63441483809,7.551523211566879,-0.7150568729533032,-0.6705287562222746,0.0010643013019322272,0.00500933824739258,0.006695835243364984,-52.71273151608562,-160.72371384688063,507.4871935834089,6870.224225601758,0.00034405167567600354,52.97102383743933,358.41426510518227,47.28305613356407,216.37270323967454
15 Jul 2026 08:25:00.000000000,-418.2338511620942,-4124.449553182047,-5480.789134860903,7.598973279708285,-0.4131701289036895,-0.267620524271143,0.0005075155356145468,0.005050566161254596,0.006730092666871371,-53.0843344341977,-154.71245175669537,507.54248070042536,6870.103787646565,0.00031540535246431825,52.97062920900137,358.4078963303185,61.31663931478841,206.1522764390208
15 Jul 2026 08:26:00.000000000,38.28978732892071,-4140.134248286566,-5484.725073583523,7.612938414833893,-0.10946168651595227,0.13647145697471944,-5.149762951688554e-05,0.005069671198882305,0.006734786958834457,-53.12286063872869,-148.6415149069819,507.5078338276483,6870.091230169969,0.0002873184604216028,52.97057345902627,358.4014913145628,76.5500405365245,194.73210535673743
15 Jul 2026 08:27:00.000000000,494.6448690353428,-4137.575081183703,-5464.4244518820515,7.593356319074329,0.19473814759896613,0.5399721368772503,-0.0006103189315703841,0.0050665694075301485,0.006709896070549784,-52.82725231214892,-142.60796865607065,507.3832484625288,6870.186781520762,0.0002613894378138642,52.97085743985638,358.39510669098894,93.56292272599944,181.5324895975548
15 Jul 2026 08:28:00.000000000,948.8203386921854,-4116.782549055606,-5419.975958807661,7.540309897995431,0.4980967319017547,0.94110875587831,-0.0011665289360077772,0.005041268476111675,0.006655520461797857,-52.20540607104185,-136.70488564750977,507.1704531750054,6870.388764645161,0.00024079930251621497,52.97147599288775,358.38879873539224,112.94329044948047,165.9653870762414
15 Jul 2026 08:29:00.000000000,1398.8144658518415,-4077.847038774229,-5351.574393753266,7.454027018891889,0.7992845941555901,1.3381181942203095,-0.0017177165903618486,0.004993867905838547,0.006571883007852925,-51.27317097807975,-131.01202459754086,506.8728823787729,6870.6936260161165,0.00023040349103907278,52.97241803945026,358.3826223694807,134.78175564029783,147.9401487736941
15 Jul 2026 08:30:00.000000000,1842.643521735056,-4020.9384715080378,-5259.519868164179,7.334879753530566,1.0969809416417184,1.7292543092456982,-0.0022614878643062233,0.004924559034653173,0.006459328705468699,-50.05249037911135,-125.58965001831876,506.4956194235365,6871.09599731761,0.0002354224830283107,52.97366677673162,358.37663018798844,157.92181051047416,128.6132463000457
15 Jul 2026 08:31:00.000000000,2278.350395132952,-3946.3056168225594,-5144.216567823211,7.183383098825274,1.3898791681311233,2.1127952485525348,-0.00279547452109534,0.00483362489773682,0.006318324152388394,-48.569158189813805,-120.47634401686418,506.045310835136,6871.588788873191,0.00025858771536553727,52.97519997527306,358.3708715270072,180.1155180436018,110.23258185940976
15 Jul 2026 08:32:00.000000000,2704.013115817965,-3854.2750767740645,-5006.171077545411,7.000193166387393,1.6766923470174069,2.4870507243558704,-0.0033173430583689194,0.004721439897243022,0.006149456762990658,-46.85065351570568,-115.69031232460577,505.5300529704492,6872.16331327656,0.00029861250845775514,52.97699037275046,358.3653915901142,199.58160654241183,94.579394135499
15 Jul 2026 08:33:00.000000000,3117.753253303603,-3745.2499411819313,-4845.9902710627275,6.78610482998914,1.9561586981185497,2.850369231792448,-0.003824803843452579,0.004588469244918741,0.0059534336705775355,-44.924369003640926,-111.23290568279671,504.9592527879048,6872.809437168713,0.00035179877860006437,52.979006157034426,358.3602306478584,215.91913275950913,82.05459556274579
15 Jul 2026 08:34:00.000000000,3517.7441580753884,-3619.7081160829066,-4664.378770005681,6.54204881888883,2.2270470133159583,3.2011451907433726,-0.004315620452885773,0.004435268135110865,0.005731080259098954,-42.816361066438624,-107.09299099057216,504.3434648595407,6873.5157586197665,0.00041420563193367136,52.98121152993134,358.3554233248234,229.58684583100722,72.19940875679895
15 Jul 2026 08:35:00.000000000,3902.2190117060227,-3478.200328323968,-4462.135977202711,6.269088244816111,2.4881620235699247,3.537825987228703,-0.00478761921127303,0.004262480604091452,0.005483338265693591,-40.55060320616057,-103.25115954921723,503.69420716162443,6874.269807121689,0.00048251187835751566,52.98356734156625,358.3509979869396,241.22228970493688,64.3762644071549
15 Jul 2026 08:36:00.000000000,4269.478651440884,-3321.3478104168394,-4240.152691121836,5.968414551423346,2.7383496869224437,3.8589188865637087,-0.00523869890156528,0.004070838023963043,0.005211263386103373,-38.148644592055284,-99.68322635218077,503.0237585720883,6875.058262787841,0.0005540216721459923,52.98603178411188,358.3469762398962,251.36112171686574,58.04948297390992
15 Jul 2026 08:37:00.000000000,4617.899134369292,-3149.839671032664,-3999.407310000197,5.641342876992408,2.976502374294438,4.162997786795475,-0.005666840605036564,0.0038611571858174613,0.004916022324232814,-35.62955440064623,-96.36285077178049,502.3449413661543,6875.867190994762,0.0006264721657612208,52.98856113251341,358.3433725475858,260.39512143778444,52.82726606032202
15 Jul 2026 08:38:00.000000000,4945.93900568175,-2964.4299580444463,-3740.9616362865163,5.289306824496778,3.2015639269460427,4.448709777169425,-0.006070117605824031,0.0036343379245998373,0.004598889225117599,-33.01004457593079,-93.26333477021285,501.67089232910854,6876.682288398754,0.0006978766944472868,52.991110519024694,358.3401939772811,268.59984473429876,48.43404251747008
15 Jul 2026 08:39:00.000000000,5252.146235358863,-2765.9344226430167,-3465.956294216518,4.913852637405664,3.4125345569269365,4.7147814631541145,-0.006446705279552333,0.0033913602457466266,0.004261241441470531,-30.30468900002261,-90.35875303235775,501.01482638614556,6877.489136021758,0.0007664327705709958,52.993634727777355,358.3374400760549,276.16874634592585,44.67634597424154
15 Jul 2026 08:40:00.000000000,5535.164787667636,-2555.2269948585504,-3175.605775762525,4.51663278499209,3.6084755595872102,4.960025016781916,-0.006794890868478421,0.003133280920231598,0.003904554593418785,-27.526183102636747,-87.62458773662465,500.3897968745539,6878.273454934675,0.0008304774892987543,52.99608899525556,358.3351028805273,283.2393659485277,41.4166288224234
15 Jul 2026 08:41:00.000000000,5793.740788262388,-2333.2359827213963,-2871.193132750782,4.099398967148226,3.788513805500111,5.183343909022352,-0.0071130830331723495,0.0028612295242432793,0.003530396894498837,-24.685609234995848,-85.03802005143588,499.80845674222456,6879.02135997764,0.0008884718645911228,52.99842980245488,358.3331670597675,289.9112007733911,38.55538958724761
15 Jul 2026 08:42:00.000000000,6026.728254493556,-2100.940009307319,-2554.0643355885236,3.6639945556862914,3.9518459780153585,5.383738279709592,-0.007399821057920998,0.002576403909911754,0.0031404227309618517,-21.792688489685563,-82.57799696857941,499.2828250391947,6879.71960695051,0.0009390016212771989,53.000615644663206,358.3316101886648,296.25749803650365,36.01938042972982
15 Jul 2026 08:43:00.000000000,6233.0943557834635,-1859.363703947989,-2225.622321732396,3.2123464965784314,4.097742522255517,5.560309900309426,-0.007653783584544058,0.002280065107446905,0.0027363655003233745,-18.856009797746278,-80.22515910421552,498.82406306736027,6880.355828786397,0.000980786828669051,53.00260776521404,358.33040314689265,302.3329995069436,33.75386245375099
15 Jul 2026 08:44:00.000000000,6411.924172634499,-1609.5731659483854,-1887.3207596947645,2.746456705354714,4.2255512717120505,5.712266685613973,-0.007873796741552381,0.001973531670381185,0.0023200297303275046,-15.883233381388042,-77.96168785529831,498.4422644603242,6880.9187563867645,0.0010126957931376754,53.00437084021605,358.3295106362201,308.17905375013027,31.717493284997104
15 Jul 2026 08:45:00.000000000,6562.424925019032,-1352.671221140057,-1540.657556969642,2.2683929956602866,4.334700719768799,5.838926712328188,-0.008058841543084892,0.0016581734911570675,0.001893282519977619,-12.881269225362564,-75.77110980445767,498.1462632776107,6881.398420050433,0.0010337603998292067,53.00587360215036,358.32889180700556,313.8270045424774,29.87893842894064
15 Jul 2026 08:46:00.000000000,6683.929643535804,-1089.7924935246515,-1187.1681426889581,1.780279588542267,4.424702905445932,5.9397217054654305,-0.008208060431879122,0.001335405125882097,0.0014580443596280408,-9.856433119344125,-73.63808172884892,497.9434639126822,6881.786327764199,0.0010431911266064714,53.00708939132562,358.32850098259104,319.3004179737603,28.21464389616469
15 Jul 2026 08:47:00.000000000,6775.9002597994295,-822.0983160161188,-828.4185580443692,1.2842872571127004,4.495155885432777,6.014199957451267,-0.00832076285615147,0.0010066786815434263,0.0010162794056986385,-6.814583697953769,-71.54816967340062,497.8396962358651,6882.07561703787,0.0010403905737863689,53.00799662547789,358.3282884687265,324.61648307719236,26.707435260350255
15 Jul 2026 08:48:00.000000000,6837.930096009112,-550.7715058734058,-465.9983894579252,0.7826231675937545,4.545745767982414,6.062028649770971,-0.008396429780887818,0.0006734763296817241,0.0005699852993449751,-3.761244212038813,-69.48762902740154,497.8390989264534,6882.261177452096,0.001024964749353596,53.00857917926672,358.3282014335787,329.7867637312435,25.34576541089152
15 Jul 2026 08:49:00.000000000,6869.745737475482,-277.01103175323254,-101.5135811131674,0.27752048316238154,4.57624828840934,6.08299555276532,-0.008434717052261292,0.0003373025209678765,0.00012118263147763611,-0.7017127857028925,-67.443188370647,497.9440334031312,6882.339741634396,0.0009967316294308577,53.008826667028565,358.3281848427109,334.8173532845135,24.12355955535721
15 Jul 2026 08:50:00.000000000,6871.208276003353,-2.0266003976217384,263.42083528109276,-0.22877219869774967,4.586529910648469,6.077010085635606,-0.008435457554093488,-3.240166192222602e-07,-0.000328095833249801,2.358835182061273,-65.40183727924331,498.1550301505512,6882.309942975441,0.0009557267469697428,53.00873462387342,358.32818243239376,339.7083490818511,23.04074030055734
15 Jul 2026 08:51:00.000000000,6842.31391636621,272.9668082595461,627.1880547633355,-0.7340015016308191,4.576548444479863,6.0441037256869805,-0.008398662119532697,-0.00033787840747196785,-0.0007758160542143962,5.415248926239024,-63.35061678874193,498.4707685793363,6882.17233903165,0.000902205807558963,53.00830458201836,358.32813770403266,344.45236690489315,22.104712806289957
15 Jul 2026 08:52:00.000000000,6783.193942580446,546.7544283137327,988.1768182654471,-1.2359199433003416,4.546353173448803,5.9844297631258225,-0.00832451917948413,-0.0006738377939297913,-0.0012199536112618892,8.462305069060278,-61.276410483845325,498.8880908639505,6881.9294002158695,0.0008366446751423286,53.00754404111093,358.3279949220685,349.031446070835,21.33345927538086
15 Jul 2026 08:53:00.000000000,6694.114045213088,818.1271880638168,1344.7886974728115,-1.7322965502367096,4.496084494065329,5.898262405125835,-0.008213393161870043,-0.0010066894450755013,-0.0016585044769085275,11.494607770320927,-59.16573405534091,499.4020494981341,6881.585464041342,0.0007597376972447003,53.006466333172355,358.32770009774435,353.4108887841786,20.76169919271008
15 Jul 2026 08:54:00.000000000,6575.473015447983,1085.887153963531,1695.4453066842275,-2.220927340414933,4.4259730723898185,5.785995240178881,-0.00806582167135817,-0.0013349387177874535,-0.00208949554449885,14.506482781900278,-57.00452160537732,500.0059876112546,6881.146655840094,0.0006723967504189938,53.00509038465351,358.327201941354,357.5265934152379,20.453555646808688
15 Jul 2026 08:55:00.000000000,6427.80081600726,1348.852909710164,2038.5954038246912,-2.699645602022028,4.336338529444176,5.6481390807435945,-0.007882511507077446,-0.0016571167836429835,-0.0025109947993539688,17.491861818537505,-54.77790808989844,500.69165041980256,6880.620777509328,0.0005757571664311693,53.003440379908525,358.32645276621497,1.2569472734342089,20.530662173109903
15 Jul 2026 08:56:00.000000000,6251.756043198339,1605.864842665577,2372.721844036373,-3.166331900869446,4.227587671883901,5.485319208702416,-0.007664333596201196,-0.001971788042221607,-0.002921121030135539,20.44415355096917,-52.470009302354526,501.4493255661022,6880.017166435484,0.0004712087271347269,53.00154533212599,358.325409328427,4.352754689690262,21.242234311310966
15 Jul 2026 08:57:00.000000000,6048.122798252699,1855.7903109430897,2696.3483509132075,-3.6189237540919432,4.1002122888796855,5.298272053958603,-0.007412316937842796,-0.00227755715027198,-0.003318052989953738,23.35609748506332,-50.063704138441544,502.26800953624473,6879.346527291752,0.0003605170751154444,52.99943856937961,358.3240335877208,6.230348015416818,23.171958275653832
15 Jul 2026 08:58:00.000000000,5817.806989682498,2097.5286658640803,3008.046072407496,-4.0554249139463465,3.9547865400801903,5.087841341498085,-0.007127641666609365,-0.0025730756066565364,-0.003700037931172377,26.219597142877536,-47.54042916521306,503.13559686576167,6878.620739890093,0.00024634929956423196,52.99715714494482,358.32229337602905,5.1829828809082645,28.02659540101969
15 Jul 2026 08:59:00.000000000,5561.832091546375,2330.01610608908,3306.439890670573,-4.473914212496777,3.791963962752972,4.8549737462870866,-0.006811631360554773,-0.0028570478465184306,-0.00406539945645491,29.025529529787214,-44.880003634029414,504.0390884437099,6877.85264668398,0.00013562184484715512,52.994741182347184,358.3201629621164,353.8635292955699,43.15329078743031
15 Jul 2026 09:00:00.000000000,5281.334385246256,2552.230341491165,3590.2144575413954,-4.872553925501145,3.612474128664449,4.600714098384979,-0.006465744718107153,-0.0031282368091834515,-0.004412544643149074,31.763529214562304,-42.06051517494126,504.96481492134933,6877.055823856454,7.649102211928035e-05,52.99223316674159,358.31762350240757,293.817498943513,107.00654579370779
15 Jul 2026 09:01:00.000000000,4977.557714749529,2763.1950467292418,3858.1199299917007,-5.24959762164343,3.4171189829155546,4.326200182583474,-0.006091566739317935,-0.0033854689601905425,-0.004739970419755423,34.42174802321966,-39.058313803944635,505.8986710221518,6876.244340183835,0.00015552767858493518,52.98967719514753,358.31466337021675,246.1737850998989,158.45747795830977
15 Jul 2026 09:02:00.000000000,4651.8477869299995,2961.984086439286,4108.9773825247785,-5.603397471139189,3.206768897789981,4.032657177720799,-0.005690799539404977,-0.0036276387597044876,-0.005046269188630816,36.98659617068227,-35.84818568148824,506.82635643586605,6875.432508038387,0.00026983111588531106,52.98711819877066,358.3112783576887,237.98541853368457,170.45306498422948
15 Jul 2026 09:03:00.000000000,4305.646050055442,3147.7254959480147,4341.683876230131,-5.932410995416564,2.982358474712557,3.7213917806022434,-0.005265252920249295,-0.0038537125832789542,-0.005330133707324765,39.44247873309464,-32.40380831634983,507.73361895658485,6874.634630980542,0.00038651761563997537,52.98460115111164,358.307471747009,237.60503116256965,174.64068102374037
15 Jul 2026 09:04:00.000000000,3940.4831843309153,3319.6052033835117,4555.217166864148,-6.235207246811691,2.7448821266971386,3.3937860582523007,-0.004816834815429664,-0.004062732113035856,-0.005590361256694901,41.771553996854564,-28.69862275837655,508.6064955869102,6873.864752396446,0.0005000313989702437,52.98217027579506,358.30325424977997,239.6176803342148,176.43527238954172
15 Jul 2026 09:05:00.000000000,3557.972238877502,3476.8704809536575,4748.640036898385,-6.51047241378688,2.4953894722766603,3.051291070133782,-0.004347541711660996,-0.004253817227755155,-0.005825857137440602,43.95355850477479,-24.707286880132852,509.43154746950955,6873.136409562813,0.0006077854827757472,52.9798682680361,358.2986438157029,242.64912577048972,177.2110806552074
15 Jul 2026 09:06:00.000000000,3159.8014496201413,3618.8331149683404,4921.1042389008935,-6.757014852908389,2.2349805699272025,2.6954202991345753,-0.003859449133552222,-0.0044261684286995735,-0.006035637547252461,45.96576748239751,-20.407877789938443,510.1960847135048,6872.462397372585,0.0007078844531443157,52.97773554340709,358.2936653140685,246.2036552249605,177.46381709341424
15 Jul 2026 09:07:00.000000000,2747.7267723385744,3744.87228584474,5071.854039855017,-6.973769553549085,1.964801019563108,2.3277429266983876,-0.0033547022619632503,-0.004579068845570999,-0.0062188319003015245,47.78318569242729,-15.784957089644651,510.88837744634435,6871.854545738657,0.0007987341561407026,52.97580952707106,358.28835009372176,250.06120235793793,177.41354494540514
15 Jul 2026 09:08:00.000000000,2323.5641646610397,3854.437150847242,5200.22935803796,-7.159802044909227,1.6860369549044225,1.949876983648952,-0.0028355067359979716,-0.004711885869992947,-0.006374684654169856,49.379083903397635,-10.833454174909512,511.4978497315006,6871.323514414729,0.0008789519860099623,52.97412399592583,358.28273542933755,254.1100729382672,177.1719534093697
15 Jul 2026 09:09:00.000000000,1889.1816501248113,3947.0491236481507,5305.668485863125,-7.314311757413048,1.3999099475620627,1.5634824042128672,-0.002304119670792569,-0.0048240724680113116,-0.006502556714051417,50.72599342160924,-5.563020420261064,512.0152533389111,6870.878608640947,0.0009473486438314529,52.97270848516309,358.2768638637567,258.2881294697784,176.80117324586323
15 Jul 2026 09:10:00.000000000,1446.4911966469622,4022.3038459584777,5387.71039362511,-7.436634851835796,1.1076718406656239,1.1702540066813685,-0.0017628409016300101,-0.004915168219772216,-0.006601926478978094,51.79722243687659,-0.0020731562004236617,512.4328187291982,6870.527618642445,0.0010029304661320505,52.971587769609485,358.27078245803574,262.5585024629558,176.33806577499718
15 Jul 2026 09:11:00.000000000,997.4404409389987,4079.872847453578,5445.9966103778515,-7.526246529670061,0.8105995269599662,0.7719144202606855,-0.0012140044487711384,-0.004984800134330872,-0.006672390593841245,52.5688441521973,5.799687933269798,512.7443810071467,6870.276685591453,0.0010449074692406534,52.9707814288996,358.26454196236983,266.8983244740571,175.80548913776838
15 Jul 2026 09:12:00.000000000,544.004289590669,4119.504891035516,5480.272679242189,-7.582762837351446,0.5099896836063476,0.3702069741119445,-0.0006599701795647333,-0.005032683281500207,-0.00671366446230821,53.02193417665011,11.771672105735433,512.9454790078291,6870.130196193162,0.0010727018356557335,52.97030350405874,358.2581959224881,271.29302897790967,175.2179997493926
15 Jul 2026 09:13:00.000000000,88.17642688814217,4141.027001132159,5490.3891852999195,-7.605941975141089,0.20715347364278824,-0.033111438403497874,-0.0001031156304845785,-0.005058621275066343,-0.006725582565035226,53.144657428582704,17.826646729764686,513.033426095508,6870.090707579962,0.0010859546642792391,52.97016225147113,358.2517997371852,275.73326911309357,174.58493389914096
15 Jul 2026 09:14:00.000000000,-368.03924131024695,4144.345173284016,5476.302354938174,-7.59568511890345,-0.09658877791177357,-0.4362775097782499,0.00045417205906744904,-0.005062506634086264,-0.006708098616979971,52.93371973602031,23.868681938215243,513.0073516772692,6870.158903704139,0.0010845299785786798,52.97035999850503,358.2454096835574,280.2131725930959,173.9121531972739
15 Jul 2026 09:15:00.000000000,-822.6371784319264,4129.44476369022,5438.074226064881,-7.552036759846545,-0.3999129264362879,-0.8375286735912907,0.0010095041569055455,-0.005044321040305325,-0.0066612855856702435,52.394792554587546,29.803228209337018,512.8682128578206,6870.333583912401,0.001068515501712906,52.970893103289356,358.23908192698946,284.7293301405777,173.20305650349047
15 Jul 2026 09:16:00.000000000,-1273.6188140915613,4096.390557794284,5375.8723891375585,-7.4751845638415135,-0.7014963626167211,-1.2351102568722996,0.0015604983522566473,-0.0050041354957359166,-0.006585335573419308,51.541788487243025,35.54684652240582,512.6187760872233,6870.611683871094,0.0010382199719502865,52.97175201931719,358.23287153327936,289.2802215330822,172.45915424261412
15 Jul 2026 09:17:00.000000000,-1719.0011181234133,4045.3265173322043,5289.969299409818,-7.365458748310348,-1.000023373853205,-1.627282621312267,0.00210478683336049,-0.004942110378334444,-0.006480559558251049,50.39519408288656,41.034265023258726,512.2635690788588,6870.9883284960115,0.000994166931163866,52.97292146372332,358.22683150016445,293.8659367469751,171.6803476130922
15 Jul 2026 09:18:00.000000000,-2156.8251226817956,3976.4752056478824,5180.741161314333,-7.223330971200163,-1.294190505614889,-2.0123282841857195,0.002640024484419996,-0.004858495379686027,-0.006347386969736548,48.97989588920002,46.22155975402434,511.80880369906396,6871.456916029641,0.0009370850314346469,52.97438068627287,358.2210118252406,298.48814129844135,170.86496358262002
15 Jul 2026 09:19:00.000000000,-2585.1643629011332,3890.1368915083103,5048.666386489469,-7.049412723430765,-1.5827119149834095,-2.3885590081127352,0.003163897249419208,-0.004753629299371435,-0.006186365063879728,47.32297678118138,51.085647502283116,511.26227095216143,6872.009231908024,0.000867894994455848,52.97610383434307,358.2154586265753,303.15031297119515,170.0095184745531
15 Jul 2026 09:20:00.000000000,-3002.1332060027585,3786.6883321678306,4894.3236276760035,-6.844453213640495,-1.8643247068679316,-2.7543228463258203,0.0036741307001580377,-0.004627939663771842,-0.005998158052378659,45.45183963686921,55.62122587279967,510.6332096026324,6872.635590573287,0.000787693438671578,52.978060407504984,358.21021333143113,307.8583866222244,169.1080734474689
15 Jul 2026 09:21:00.000000000,-3405.8950380012493,3666.581237068365,4718.3893915986755,-6.609336732253722,-2.137794241124873,-3.108011127028795,0.004168498830508601,-0.004481942126693587,-0.005783545928424278,43.39283120111521,59.83654348714911,509.9321503877864,6873.325002925468,0.000697733870945263,52.98021579374866,358.2053119473009,312.62216966996607,168.15081925770684
15 Jul 2026 09:22:00.000000000,-3794.6702763527996,3530.3404143426337,4521.63523503586,-6.345079481008417,-2.4019193961838905,-3.448065356879566,0.004644833083115668,-0.00431623960584358,-0.005543422927369829,41.17037907973905,63.749114475766554,509.17073817515524,6874.065366671094,0.0005994052470577045,52.98253187796994,358.2007844280405,317.4584730602178,167.1209455044701
15 Jul 2026 09:23:00.000000000,-4166.744175994515,3378.561603258002,4304.924549630282,-6.052825854289785,-2.65553777183524,-3.77298401970597,0.005101031596846861,-0.00413152110566157,-0.005278795556785104,38.80655927763669,67.3820344659038,508.36153480422894,6874.8436764255885,0.0004942087154845641,52.984967712072724,358.1966541462299,322.39867897684684,165.98707308546884
15 Jul 2026 09:24:00.000000000,-4520.474395587541,3211.9089968123835,4069.2089424738765,-5.733844159804992,-2.897530810893147,-4.081329242694452,0.0055350686428777465,-0.003928560174411604,-0.004990780127752537,36.320977593159135,70.76114973436016,507.5178057148525,6875.646250068143,0.00038373380270349133,52.98748023496355,358.19293748103075,327.5100413693304,164.6819537884316
15 Jul 2026 09:25:00.000000000,-4854.298289859115,3031.112460088755,3815.524221419937,-5.3895217687531565,-3.1268288162429796,-4.371733298133536,0.0059450041988020055,-0.0037082129460717208,-0.004680599723842466,33.73085363852649,73.91306921546683,506.65329379761977,6876.458967537265,0.0002696382741896106,52.99002502983601,358.1896435287889,332.9720466032622,163.0261097082247
15 Jul 2026 09:26:00.000000000,-5166.739893668765,2836.964451388215,3544.985996000766,-5.021359689107597,-3.3424158370384047,-4.642904905290076,0.006328993591742287,-0.003471415721303379,-0.0043495805498648486,31.051219339925915,76.86388300983486,505.78198419482567,6877.267518001541,0.0001536588861912386,52.99255710548745,358.1867739415265,339.4987107673635,160.3055359549539
15 Jul 2026 09:27:00.000000000,-5456.416563060142,2630.316654859651,3258.7849071276105,-4.630966560404241,-3.5433343951231318,-4.89363529363221,0.006685297122298456,-0.003219182046329201,-0.0039991476096143995,28.295170042919167,79.6384163692928,504.91786402506995,6878.057651149221,3.832983544374159e-05,52.995031687979946,358.1843228962012,356.3801347658615,147.23014552287162
15 Jul 2026 09:28:00.000000000,-5722.045238671679,2412.07633513146,2958.1815011488575,-4.220052074084944,-3.7286900205970337,-5.122803985999429,0.0070122895684868475,-0.0029525992586330856,-0.0036308196758192035,25.47412886134789,82.259861291867,504.07468118966403,6878.81542821746,7.894369828470924e-05,52.9974050087684,358.1822771953333,157.73040675466748,349.6858667616592
15 Jul 2026 09:29:00.000000000,-5962.448297317285,2183.202426366816,2644.5007663947745,-3.790419829959126,-3.8976555638077395,-5.329384258435942,0.007308469454146543,-0.002672824476879818,-0.003246203527505331,22.598101620960023,84.74965919945885,503.2657065352169,6879.527468335317,0.0001906979330999131,52.9996350754674,358.1806164973173,167.2076314965631,344.01461387580645
15 Jul 2026 09:30:00.000000000,-6176.558958402619,1944.7013701572885,2319.1263529694884,-3.343959646505016,-4.049475250059991,-5.512448232416821,0.007572467958482355,-0.0023810800246375444,-0.00284698744659272,19.675911041265675,87.12754161138852,502.50350368425296,6880.181185785325,0.0002983205759904016,53.001682411721376,358.17931367246376,173.39061514954264,341.63760193982915
15 Jul 2026 09:31:00.000000000,-6363.426213138175,1697.6227187060006,1983.4944992108863,-2.8826393503264507,-4.183468443071072,-5.671171555197248,0.0078030573384981665,-0.0020786482903750914,-0.002434933982939066,16.715405886908282,89.41166437963935,501.7997107977639,6880.76501390166,0.000400159073085029,53.00351075316884,358.1783352785915,179.01179441124953,339.82241750919064
15 Jul 2026 09:32:00.000000000,-6522.219246271719,1443.0545217730482,1639.087690861489,-2.4084960778645983,-4.299033083723868,-5.804837625066829,0.007999158732825319,-0.0017668660385900643,-0.0020118720136215887,13.723644972917537,91.61879307815889,501.16483839385484,6881.26861151876,0.0004949059868122159,53.005087687247055,358.17764214792095,184.47914510737914,338.1611097427626
15 Jul 2026 09:33:00.000000000,-6652.2313222843595,1182.1185178317644,1287.4280815194595,-1.92362713020144,-4.39564877199423,-5.912841320412341,0.008159849221526603,-0.001447118201713041,-0.0015796881416624395,10.707058158354855,93.7645129933773,500.6080871128852,6881.683048161765,0.0005814318795356188,53.006385225553196,358.17719007502126,189.91950397955884,336.5268682858294
15 Jul 2026 09:34:00.000000000,-6752.8831106732005,915.9651517465468,930.0707053035825,-1.4301804292169706,-4.472879462064691,-5.994692194668958,0.008284368021162362,-0.0011208311946161388,-0.0011403174953542672,7.67158755324264,95.86344807479827,500.13718899169305,6882.000964526818,0.0006587844491484879,53.00738029864791,358.17693059383373,195.3896464668977,334.86294512470334
15 Jul 2026 09:35:00.000000000,-6823.725428046963,645.768443006863,568.5965148063283,-0.9303446302415074,-4.530375743537936,-6.050017103416434,0.008372121706518658,-0.0007894658064337189,-0.0006957340058463919,4.622812591817636,97.9294804638543,499.7582753917527,6882.216705229506,0.0007261997919308728,53.00805516453396,358.17681183014776,200.9227461993573,333.1361947007373
15 Jul 2026 09:36:00.000000000,-6864.441378253584,372.7207300660477,204.6052792752448,-0.42633895243629183,-4.567876685280554,-6.078562234958971,0.008422688366139313,-0.00045450973563461493,-0.0002479402549007315,1.5660627075638351,99.97596690861158,499.47577422543225,6882.32642129595,0.000783113324234963,53.0083977235474,358.17677941463734,206.54288202578124,331.32256646736954
15 Jul 2026 09:37:00.000000000,-6874.847875583865,98.02731762781802,-160.29162050151155,0.07959720675150911,-4.585211222661762,-6.080194521591979,0.008435820614369004,-0.00011746984333912268,0.00020104300399366508,-1.4934787247032402,102.01595130454507,499.29233855239494,6882.328140424421,0.000829168017032703,53.008401734032816,358.1767774404076,212.27070503719466,329.40143743652624
15 Jul 2026 09:38:00.000000000,-6854.8965401926625,-177.09894526851002,-524.4784629606514,0.5852148027687144,-4.582299073701504,-6.054902415249466,0.008411447405935888,0.0002201357921000087,0.0006491875383067343,-4.550675623732601,104.06237434351131,499.20880798790785,6882.221803643832,0.0008642192353911355,53.00806692491014,358.17674944826484,218.12607516717435,327.35297513983886
15 Jul 2026 09:39:00.000000000,-6804.673959172627,-451.44312778681734,-886.3424837665012,1.0882657478181776,-4.559151174769228,-6.002796018165138,0.008349674620850771,0.0005567859315246222,0.0010944684248702548,-7.600342142940943,106.12828216759105,499.2242036937651,6882.009267626296,0.0008883358830840013,53.007399003049706,358.17663942235754,224.12949671218868,325.15670166923263
15 Jul 2026 09:40:00.000000000,-6724.401311128025,-723.7936914819973,-1244.2811622913548,1.5865135131799302,-4.5158696318399665,-5.924106566373563,0.008250784407377556,0.000890964251807496,0.0015348748128740347,-10.637143876581868,108.22703621240166,499.3357570287895,6881.694272560854,0.0009017976903305531,53.00640955522057,358.1763927786643,230.30302125632113,322.79059032002266
15 Jul 2026 09:41:00.000000000,-6614.433356544075,-992.9479470771151,-1596.7094578917142,2.0777436559065725,-4.452647188761738,-5.8191852711215555,0.00811523330201164,0.0012211673524901965,0.0019684205416744664,-13.655493854244437,110.37252614974746,499.53897123946757,6881.282376148608,0.0009050885313948315,53.00511584623479,358.1759573288772,236.6708819783894,320.2304308659571
15 Jul 2026 09:42:00.000000000,-6475.256800644938,-1257.7174650238323,-1942.0669578124255,2.5597741973754284,-4.369766219362291,-5.6885015303473425,0.007943649160538909,0.0015459126042574845,0.00239315449773875,-16.64943975541591,112.57938693823436,499.82771489165594,6880.780854922088,0.0008988856555643046,53.00354051674342,358.17528420265705,243.25995589592202,317.44936691905934
15 Jul 2026 09:43:00.000000000,-6307.48803970079,-1516.9334116000605,-2278.824899468049,3.0304657840873217,-4.267597255371059,-5.5326405291179315,0.007736826960593127,0.0018637457559217236,0.002807170602276501,-19.612538659286166,114.86321926158043,500.19434510098097,6880.198574708759,0.0008840446602980137,53.00171118591581,358.1743287119343,250.10006342633918,314.4175960008765
15 Jul 2026 09:44:00.000000000,-6111.870305801262,-1769.4517831657095,-2605.493031160289,3.487731565268967,-4.146597066908054,-5.352300254106233,0.007495723556606307,0.002173248224665854,0.0032086173326176482,-22.53771556636132,117.24080971337789,500.6298580293108,6879.5458326363205,0.0008615799182532642,52.999659965922454,358.1730511419547,257.22405268965565,311.1022849073409
15 Jul 2026 09:45:00.000000000,-5889.270228891375,-2014.1585123254342,-2920.6262769499594,3.929546727096112,-4.007306316571956,-5.14828795267255,0.007221451480762828,0.0024730440027464604,0.0035957066920993827,-25.4171020009094,119.73034240508143,501.12406359277117,6878.834173603559,0.0008326399782108803,52.99742289670999,358.17141745495957,264.66755805624217,307.4678108696915
15 Jul 2026 09:46:00.000000000,-5640.67383830068,-2249.974421135707,-3222.8311733650758,4.353957629543155,-3.850346811819623,-4.9215160717526345,0.006915271900538762,0.0027618061252817233,0.003966722559094872,-28.24185142002113,122.35158641206138,501.66578088549613,6878.076184604923,0.0007984771926481907,52.99503931098128,358.169399894041,272.46826299389704,303.47649846249857
15 Jul 2026 09:47:00.000000000,-5367.1820290456635,-2475.8599980560875,-3510.7720478436154,4.7590904987370894,-3.676418383303489,-4.6729977154387905,0.006578586853582838,0.0030382626565329776,0.004320028363172046,-31.001929233430047,125.12603253751357,502.2430504700571,6877.285270688938,0.0007604105151353063,52.99255114054285,358.16697747634544,280.66444471181194,299.0900747657517
15 Jul 2026 09:48:00.000000000,-5070.005520804335,-2690.819977083929,-3783.176911222394,5.14315963504434,-3.4862954190407494,-4.403841662798909,0.0062129308817162965,0.003301202163423914,0.004654074051427175,-33.68587747813806,128.0769369566797,502.8433594265905,6876.475416645597,0.0007197801685510753,52.9900021762379,358.1641363668023,289.29256104543794,294.2720823407127
15 Jul 2026 09:49:00.000000000,-4750.45933963619,-2893.907699350965,-4038.8430391258926,5.504475104673618,-3.2808230857107437,-4.1152469890823715,0.0058199621934900605,0.0035494786603775795,0.004967402328802455,-36.280558341812394,131.2292071464357,503.453874888464,6875.660938749872,0.0006778929561159639,52.98743729452348,358.16087012566084,298.3837160920883,288.99141351247846
15 Jul 2026 09:50:00.000000000,-4409.956854241935,-3084.2292393590833,-4276.64221972395,5.841449890094781,-3.0609132690142578,-3.808497334013844,0.005401453476956748,0.0037820160208638003,0.005258654170939986,-38.77088783098954,134.60903661220155,504.06168172145624,6874.856231035312,0.0006359578071473254,52.98490166436094,358.1571798252855,307.95909744381095,283.2268731145496
15 Jul 2026 09:51:00.000000000,-4050.0033998268073,-3260.947279960383,-4495.52564794781,6.152606481814458,-2.8275402648903047,-3.484954860426879,0.004959282479961118,0.003997811863973841,0.005526573625170023,-41.139582222144256,138.2431610858677,504.654020021268,6874.075510633828,0.0005950133085843789,52.98243994845757,358.1530740340909,318.0250002895455,276.972154424211
15 Jul 2026 09:52:00.000000000,-3672.1895234887697,-3423.2847220638478,-4694.528448824609,6.436582900764072,-2.5817362525656287,-3.14605394511985,0.004495422464928444,0.004195940935797964,0.0057700119301257275,-43.36695675947326,142.15757694360468,505.2185182035868,6873.332566696153,0.0005558529412274016,52.98009551301541,358.14856866771964,328.5688370856075,270.239829589485
15 Jul 2026 09:53:00.000000000,-3278.183885511654,-3570.528016880821,-4872.773815057035,6.692138146572033,-2.3245865789477085,-2.7932946416455153,0.004011932630682456,0.004375558014215675,0.005987930995750388,-45.43083878659975,146.3755487044616,505.74341763320496,6872.640517305814,0.0005189592336909459,52.9779096600119,358.143686710039,339.5583432217436,263.06214411919746
15 Jul 2026 09:54:00.000000000,-2869.725851072935,-3702.0302102308847,-5029.476746292448,6.91815707211358,-2.057224881911569,-2.4282359519173355,0.0035109485785947956,0.004535900373516672,0.006179406295308983,-47.30668410690895,150.91476649399814,506.21778497441437,6872.01157862185,0.0004844632775245867,52.97592089565158,358.13845780875477,350.9465117563414,255.48608236036566
15 Jul 2026 09:55:00.000000000,-2448.617806715348,-3817.2136900213886,-5163.947379656692,7.113654688852089,-1.7808280776580816,-2.0524889402031623,0.002994672883061469,0.004676289851506905,0.006343629228664109,-48.968008898075546,155.78364039612143,506.63170873389885,6871.456850239843,0.0004521477466424291,52.97416424800207,358.1329177527767,2.6840748635983847,247.56088631690258
15 Jul 2026 09:56:00.000000000,-2016.7172355572052,-3915.572629444033,-5275.593903050724,7.277779910506767,-1.4966112347083949,-1.6677097194559884,0.0024653658061744165,0.004796134562914988,0.0064799090169094156,-50.38725539347023,160.97698214391517,506.97647679954684,6870.986120450189,0.00042150689744340647,52.97267064596479,358.1271078404914,14.73962562214632,239.31793417606715
15 Jul 2026 09:57:00.000000000,-1575.9285846885077,-3996.6751197079593,-5363.925044403193,7.409818744479156,-1.2058223543569817,-1.2755923362060673,0.001925336179867868,0.004894930306384095,0.006587674192417295,-51.537175560525206,166.47173420242973,507.2447321450766,6870.60769470832,0.00039186689494099977,52.97146637065143,358.12107415012076,27.12578034696392,230.74457833586848
15 Jul 2026 09:58:00.000000000,-1128.194957592424,-4060.164987234735,-5428.552131543154,7.509196941253631,-0.9097370747063762,-0.8778615765892144,0.0013769324584127134,0.004972261707742217,0.006666473741431195,-52.3927208335406,172.22386977366358,507.4306042626784,6870.328250217491,0.0003625604613521177,52.97057258895686,358.11486672502093,39.92958753133934,221.75373686097683
15 Jul 2026 09:59:00.000000000,-675.4896637991108,-4105.7632911942665,-5469.190718609269,7.575482111724704,-0.6096533128517447,-0.476265712706666,0.0008225339292284869,0.00502780314050195,0.006715977953409322,-52.93326431315675,178.1678623893384,507.52981429707745,6870.152719070687,0.0003331499692408274,52.97000497766279,358.1085386884308,53.34695261950426,212.14946914014797
15 Jul 2026 10:00:00.000000000,-219.80765741188927,-4133.269498060342,-5485.661775969134,7.608385321196104,-0.3068858575620712,-0.07256920556706521,0.00026454205448251083,0.005061319457842998,0.006735979021698821,-53.14479503096218,-175.78012312659766,507.53975227878044,6870.084201910903,0.0003037079212488586,52.96977344479732,358.1021453032857,67.72114741502136,201.58846693313563
15 Jul 2026 10:01:00.000000000,236.8431043786569,-4142.562330551692,-5477.892441514203,7.607762166806926,-0.002760922928612654,0.33145462153442506,-0.00029462809542385833,0.0050726665621817005,0.0067263914287824,-53.02160174658243,-169.7151229903278,507.45952528747483,6870.123913555322,0.0002751877245684178,52.969881953246244,358.0957429938554,83.57432889458357,189.54853603031953
15 Jul 2026 10:02:00.000000000,692.4503519052271,-4133.6002889020465,-5445.916331959796,7.573613342533949,0.3013893277989898,0.7340309269243754,-0.0008525563636767835,0.005061791830128532,0.006687252137826774,-52.567004738442726,-163.73356320928278,507.28997581520593,6870.2711614962445,0.0002499117483681929,52.97032844978942,358.08938834654214,101.57169865774854,175.36443728623976
15 Jul 2026 10:03:00.000000000,1145.0062122342995,-4106.42184293486,-5389.873413469422,7.506084692936152,0.6042322798714787,1.1333907005319543,-0.0014068260362714744,0.00502873440096217,0.006618720599109873,-51.7929263952514,-157.9230974073505,507.0336700409184,6870.523357647724,0.00023202117503410684,52.97110490085576,358.0831371076345,122.2368960483054,158.51249398446473
15 Jul 2026 10:04:00.000000000,1592.5159062169914,-4061.1452938996104,-5310.009431571909,7.405466753633476,0.9044403778870332,1.5277781086129414,-0.001955032431194317,0.004973625324827728,0.006521078563922326,-50.71842465294798,-152.35460269815837,506.6948561712628,6870.876063156902,0.00022712253651958306,52.97219743438553,358.0770431958233,145.20845064500037,139.3541398274231
15 Jul 2026 10:05:00.000000000,2033.0064025438865,-3997.96830553708,-5206.674901021405,7.272193773430114,1.200696641150942,1.9154578212488569,-0.00249479159737271,0.0048966875590972965,0.00639472968822753,-49.36758601321144,-147.07791126787524,506.2793934457243,6871.323065550957,0.0002399831782490164,52.97358658529469,358.0711577470583,168.6058911445969,119.76981052083147
15 Jul 2026 10:06:00.000000000,2464.534997516581,-3917.1671043860492,-5080.323656995877,7.106842210198837,1.491700173766043,2.2947223090530957,-0.003023749166011302,0.004798235789244445,0.006240198892565157,-47.76726874912716,-142.12143642147655,505.79465284559865,6871.856486951738,0.00027151192965745865,52.975247640184435,358.0655282087296,189.99948394006677,102.18920564235066
15 Jul 2026 10:07:00.000000000,2885.197788701858,-3819.0953499736397,-4931.510969897572,6.910128690376645,1.776171658051684,2.663899093243492,-0.00353958938615372,0.004678676042612511,0.006058131434444544,-45.94510000743068,-137.49472728233454,505.2493909837658,6872.466921565519,0.0003187600597772989,52.977151075168194,358.06019749929175,208.163652686358,87.83786949488426
15 Jul 2026 10:08:00.000000000,3293.138009961191,-3704.1826762737446,-4760.8912270464,6.682907420377653,2.0528588177759595,3.021357930346394,-0.004040044363755497,0.004538505057319247,0.0058492916419128965,-43.92795063261477,-133.1925551994548,504.6535990824726,6873.143600155009,0.0003774669995511253,52.97926307902431,358.05520324828456,223.23594920840057,76.57822058321734
15 Jul 2026 10:09:00.000000000,3686.554194599223,-3572.932906702473,-4569.21518578249,6.426167037578939,2.320541835178511,3.3655179094199315,-0.004522903506203095,0.004378309360854325,0.00561456124753859,-41.740937032259666,-129.1993033873428,504.01832936548595,6873.874578728901,0.00044379492806894945,52.98154615236103,358.05057713025445,235.87404878450505,67.75255667474107
15 Jul 2026 10:10:00.000000000,4063.708132669739,-3425.9219459456867,-4357.326803910018,6.1410268888708295,2.5780387030186005,3.6948544360394666,-0.004986023157273786,0.00419876401106744,0.005354937260342292,-39.40688473337998,-125.4928745185463,503.3555015932715,6874.6469482520615,0.0005146665566709099,52.98395977212506,358.04634430439495,246.71956227237962,60.7192429721067
15 Jul 2026 10:11:00.000000000,4422.932587657846,-3263.7953531677667,-4126.159655147154,5.828732726318724,2.824210489887735,4.007906073360189,-0.0054273363883501746,0.004000630950715483,0.005071529312235892,-36.94613956823847,-122.04776968672303,502.6776928489675,6875.447061791628,0.0005875847399936858,52.98646110962174,358.0425229698684,256.2582896968829,54.99245877332943
15 Jul 2026 10:12:00.000000000,4762.638737380976,-3087.265602478305,-3876.732939055905,5.490651811979973,3.0579664942451794,4.303281206987487,-0.005844862892096288,0.0037847569275201924,0.004765556417401964,-34.3766100891553,-118.83729658886868,501.9979140297201,6876.260775180543,0.000660421792262655,52.989005789265654,358.0391240446678,264.83184539016395,50.230572526094114
15 Jul 2026 10:13:00.000000000,5081.323303398334,-2897.109038152297,-3610.147097133149,5.128267427788167,3.278269259752671,4.579664496729872,-0.006236718907409762,0.003552070936464299,0.004438343090485616,-31.713945416712114,-115.83502354095778,501.32937680470826,6877.073697007335,0.0007312832671250553,52.991548674559404,358.0361509736785,272.677193796085,46.19660616099308
15 Jul 2026 10:14:00.000000000,5377.57533320746,-2694.1625337868713,-3327.5790490195477,4.743172791186551,3.484139422086518,4.8358230753446625,-0.006601127085838095,0.0033035811458493264,0.004091314776663071,-28.971779460308458,-113.01564968795063,500.6852550566519,6877.87144353682,0.0007984362755025482,52.994044667321305,358.03359966929895,279.9602414500179,42.724643191177904
15 Jul 2026 10:15:00.000000000,5650.082599687223,-2479.319866443275,-3030.2770652836302,4.337064383010516,3.6746603553459267,5.070612451929664,-0.006936426195397499,0.0030403712776528352,0.0037259925595494524,-26.16199655287556,-110.35545706925953,500.0784450179501,6878.639894036088,0.0008602786050934672,52.99644950595609,358.0314585856186,286.7991906165772,39.696475095153005
15 Jul 2026 10:16:00.000000000,5897.637582838299,-2253.527818787933,-2719.555295845288,3.9117347007357304,3.8489825846913046,5.282982075965874,-0.007241080546451524,0.0027635964231708275,0.0033439871272727423,-23.294991958573664,-107.8324810047231,499.52132843616664,6879.3654419314835,0.0009153313024475793,52.998720548591116,358.0297089247473,293.2798805694386,37.026259998898915
15 Jul 2026 10:17:00.000000000,6119.142999885919,-2017.7820242756152,-2396.7879757763735,3.469064457445209,4.006327931021656,5.471980517274376,-0.007513689014130928,0.002474478285677961,0.002946991991995905,-20.379913406627896,-105.42650097046025,499.0255431463134,6880.035237255981,0.0009622441003134507,53.00081752718192,358.02832497156726,299.4657489778756,34.650561194080325
15 Jul 2026 10:18:00.000000000,6313.6168512650565,-1773.122572485482,-2063.403332906185,3.0110142545241594,4.145993353403416,5.636760217405974,-0.007752993527300815,0.0021742998551655185,0.002536775976082432,-17.424877903219524,-103.11892360310904,498.6017653827031,6880.6374159685565,0.0009998074222444388,53.002703259221384,358.02727455085767,305.4043291417595,32.5218497529279
15 Jul 2026 10:19:00.000000000,6480.196951937939,-1520.629393758583,-1720.8772242938458,2.5396157638999526,4.267354455666728,5.776581769302518,-0.00795788689572221,0.0018643995342874401,0.0021151749967304747,-14.437162895576577,-100.89260551139319,498.25950802428883,6881.161311934433,0.0010269672231393299,53.00434430445505,358.0265195986268,311.1315204525245,30.604233865576468
15 Jul 2026 10:20:00.000000000,6618.1449198852715,-1261.417444269611,-1370.7265311479075,2.0569624633719163,4.369868625096042,5.890817684468561,-0.008127419846199295,0.001546164746810883,0.001684083197129976,-11.423373526622218,-98.73164610539389,498.00693873313867,6881.597647649574,0.001042840364401158,53.00571155499644,358.0260168373928,316.6743982037859,28.870648780344563
15 Jul 2026 10:21:00.000000000,6726.849596460589,-996.6317145205071,-1014.5023441145541,1.565199975949259,4.4530777734706755,5.978955610349922,-0.008260807151873854,0.0012210250748456652,0.0012454434914427705,-8.389589048962922,-96.62116852621703,497.8507216148552,6881.938700166867,0.0010467290588783622,53.00678074843389,358.025718543394,322.0530245922526,27.30104551125864
15 Jul 2026 10:22:00.000000000,6805.829876566572,-727.4420859488017,-653.7829729525116,1.0665160708988102,4.516610653807095,6.040600965073684,-0.008357432746363525,0.0008904449822091786,0.0008012376051849064,-5.34149202329787,-94.54709863730022,497.7958856080207,6882.178439132265,0.001038133430513626,53.0075328949014,358.02557339201906,327.2815238813583,25.881315346068323
15 Jul 2026 10:23:00.000000000,6854.736930264051,-455.0380618257104,-290.16681641512827,0.5631303901511482,4.560184729965399,6.075478962060637,-0.008416853731723135,0.000555916192992187,0.00035347570741884785,-2.28448406815733,-92.49594676154386,497.84572230330616,6882.312634355495,0.0010167615705558438,53.00795461062349,358.02552736644157,332.36854168133226,24.602830207291724
15 Jul 2026 10:24:00.000000000,6873.355801397605,-180.62339986621657,74.7348703836161,0.057283968634554545,4.583607580703958,6.083436003145106,-0.008438803209630703,0.00021894980390032898,-9.581425741989976e-05,0.7762081234646263,-90.4545935244231,498.0017153140869,6882.338930912241,0.0009825367263766325,53.008038352115435,358.02552471329386,337.31708052480155,23.462606693943382
15 Jul 2026 10:25:00.000000000,6861.606373053553,94.5893250723039,439.3052727725458,-0.44877137918677373,4.5867778246919535,6.064440425566849,-0.008423191883429345,-0.00011893178437118156,-0.0005445974220718486,3.835432898503071,-88.4100791612715,498.2635026830427,6882.256890392477,0.0009356014940419501,53.00778254698675,358.02550892843533,342.1235464835239,22.464259065463544
15 Jul 2026 10:26:00.000000000,6819.543694076408,369.384199171998,801.9293384928886,-0.9527837319156821,4.5696855582776275,6.018582595349284,-0.008370108403568395,-0.0004562030262136076,-0.0009908429115731447,6.888016388752257,-86.3493945528942,498.62887313041114,6882.06799755467,0.0008763191697359416,53.00719161913517,358.0254237553388,346.77557998472395,21.620168016717376
15 Jul 2026 10:27:00.000000000,6747.35766537954,642.5474593629095,1161.0010856085255,-1.4525117173578765,4.532412303316022,5.946074346948981,-0.008279818453678041,-0.0007913433878539615,-0.0014325346975258705,9.92866443737544,-84.25927182677252,499.0937962485214,6881.775632308288,0.0008052728706200207,53.00627590798944,358.025214178436,351.24771423731954,20.955821841224665
15 Jul 2026 10:28:00.000000000,6645.372089306948,912.8729652125307,1514.9308573490953,-1.9457350770817252,4.475130467923565,5.847247776442445,-0.008152762596726882,-0.0011228454095505462,-0.001867682269518504,12.951860245157144,-82.1259725032827,499.6524860437007,6881.385007608422,0.0007232639610078402,53.00505148333499,358.02482739388245,355.49268176038936,20.518509497690516
15 Jul 2026 10:29:00.000000000,6514.043089750845,1179.1676239898643,1862.152485528981,-2.4302650662279786,4.398102328490449,5.722553402699163,-0.007989552926521601,-0.0014492225839172759,-0.002294331006944029,15.95175420208449,-79.93507190852894,500.2974965409963,6880.903074492936,0.0006313135856819294,53.003539859098375,358.0242137406143,359.4230250998233,20.39570950115006
15 Jul 2026 10:30:00.000000000,6353.956915020944,1440.2567405579148,2201.1303252524767,-2.903954618702184,4.301678546490236,5.57255771777234,-0.007790968589908773,-0.0017690169665838726,-0.002710572142648148,18.922042262869525,-77.67124008166881,501.01984751824295,6880.338396109591,0.0005306776630873166,53.001767611246606,358.02332757529234,2.86836274354316,20.75782363530163
15 Jul 2026 10:31:00.000000000,6165.827139515643,1694.9892647158483,2530.3661250711157,-3.3647082124516383,4.186296238430663,5.397940153932819,-0.007557950265298818,-0.0020808064431425415,-0.0031145522208513143,21.85582913756699,-75.31802199391598,501.8091778420596,6879.700993154225,0.0004229084182062633,52.99976590664098,358.0221280757777,5.4614591447871454,21.972106583094487
15 Jul 2026 10:32:00.000000000,5950.491283995629,1942.2429098417902,2848.4056985601987,-3.810491375189504,4.05247662156503,5.199489500213504,-0.007291593701938612,-0.002383211586614426,-0.0035044819664502374,24.745472599038195,-72.85762407953074,502.65392335339914,6879.002163658803,0.00031009562444804495,52.997569951244955,358.02057995903294,6.266868053700854,24.97402228134212
15 Jul 2026 10:33:00.000000000,5708.906877643738,2180.9291181613135,3153.8453653858883,-4.239339777504499,3.90082226161659,4.978099805881613,-0.0069931424335294865,-0.0026749020504699154,-0.003878644497373353,27.58240552743412,-70.27072060344749,503.5415158071512,6878.254280521368,0.00019605074759403856,52.99521836749329,358.0186541008717,2.12922260619263,32.918953555807285
15 Jul 2026 10:34:00.000000000,5442.146988064379,2409.997849637884,3445.3381322789905,-4.649367867552594,3.7320139516707664,4.734765811812559,-0.006663979793299284,-0.0029546024555582996,-0.004235402829980164,30.35693319871863,-67.5363032716382,504.4585990169719,6877.470570548157,9.621978670294955e-05,52.992752511862605,358.0163280467716,336.2813014937109,62.57413571775863
15 Jul 2026 10:35:00.000000000,5151.395247899684,2628.4421732931505,3721.5995868629325,-5.0387770092220245,3.5468072535136113,4.470577953232311,-0.00630562036099539,-0.0032210977426235282,-0.0045732066453641985,33.058005225699546,-64.6316119815264,505.39125809756723,6876.664879077639,0.00010321431412933122,52.9902157447176,358.01358640482596,263.6825445403808,138.9801407994288
15 Jul 2026 10:36:00.000000000,4837.9404087922085,2835.30264169232,3981.4134799330855,-5.4058630935525,3.3460287339942623,4.186716978697437,-0.005919700972141516,-0.0034732379751299222,-0.0048905983017215405,35.672965151993644,-61.53220499924722,506.3252575337161,6875.851424471866,0.00020725210396511858,52.98765266533027,358.0104211140689,241.48776140326981,164.98216871560024
15 Jul 2026 10:37:00.000000000,4503.170455010682,3029.671431296297,4223.636974488568,-5.749023600998987,3.130571929484465,3.8844482305056243,-0.005507971418930575,-0.003709942591358288,-0.005186218096858794,38.18728694042624,-58.212253890247055,507.24628373590696,6875.044546891844,0.00032365547906455734,52.98510832556067,358.00683158355054,237.9752429623228,172.3019357868455
15 Jul 2026 10:38:00.000000000,4148.566310176674,3210.6962333643883,4447.20554251513,-6.066764099631166,2.9013930712126976,3.565115631022848,-0.005072284963926511,-0.003930204117313977,-0.005458808801367658,40.58431771203189,-54.64518115924859,508.14018776183855,6874.258455821398,0.0004392783676283208,52.98262743604469,358.00282469984995,238.8736423225869,175.21079370292776
15 Jul 2026 10:39:00.000000000,3775.6951712191326,3377.583882026268,4651.137493146437,-6.357704171306513,2.6595066032366583,3.230135417765012,-0.0046145887744566344,-0.0041330913616918164,-0.005707219495317966,42.84506135835164,-50.80479148992386,508.99322398340666,6873.506980769742,0.0005504410416350752,52.98025357884644,357.99841470299947,241.3872603915049,176.5044439637426
15 Jul 2026 10:40:00.000000000,3386.2035039765997,3529.6037079990892,4834.538118337115,-6.620582764051731,2.405980523162571,2.8809896676047524,-0.004136914376632642,-0.004317752127309047,-0.005930408758592512,44.94805876860532,-46.66706737924124,509.79228065177773,6872.803329472718,0.0006549342234312437,52.978028440400976,357.9936229331175,244.65945722249523,177.0395266057553
15 Jul 2026 10:41:00.000000000,2981.80973480842,3666.090608167395,4996.6034445230935,-6.854262974165168,2.1419315735299422,2.519219647329738,-0.003641368205870024,-0.004483415477700181,-0.006127447269688519,46.869446149892944,-42.2127808948337,510.52509854826855,6872.159857730268,0.000751009007385398,52.97599107820089,357.9884774523092,248.3459297091792,177.16034262782878
15 Jul 2026 10:42:00.000000000,2564.296672236248,3786.447822837379,5136.6235808793535,-7.057736265774576,1.868520309187569,2.146419024138098,-0.0031301223156968865,-0.004629393605180429,-0.0062975198774988,48.58329782241571,-37.43097469008433,511.180474195728,6871.587854770621,0.0008371683202448964,52.97417723407246,357.98301254856403,252.28302691556036,177.03053882845145
15 Jul 2026 10:43:00.000000000,2135.50369207168,3890.149413909687,5253.985656692945,-7.230126138674199,1.5869460631201093,1.7642269656974003,-0.002605405286884527,-0.00475508335031047,-0.0064399272144268,50.0623715487907,-32.32314058253059,511.7484444339639,6871.097347726528,0.000912117286264835,52.97261870605827,357.97726813042647,256.3837561292118,176.7371019637701
15 Jul 2026 10:44:00.000000000,1697.3187187664678,3976.742438472457,5348.1763420321995,-7.37069125718251,1.298441830185923,1.3743211553144596,-0.0020694933583696278,-0.004859967422404512,-0.006554086918112477,51.2793525381615,-26.907550865657402,512.2204495237485,6870.696928453132,0.0009747559042596985,52.97134278988434,357.9712890231553,260.59812713029066,176.33001472927086
15 Jul 2026 10:45:00.000000000,1251.6700349240868,4045.848813390939,5418.783947310511,-7.4788280535159455,1.0042690852539389,0.9784107437562444,-0.0015247017826547386,-0.004943615368952835,-0.006639534525724912,52.2086135529271,-21.222736920799882,512.5894723289388,6870.393605518373,0.0010241842899459102,52.970371799763576,357.9651241787605,264.89580341872016,175.83960481771805
15 Jul 2026 10:46:00.000000000,800.5179501025547,4097.1668673732,5465.500098522716,-7.55407281882774,0.7057125494107024,0.5782292555185518,-0.0009733763923582234,-0.005005684341008205,-0.006695924103080818,52.82836304332473,-15.328763817582484,512.8501515278523,6870.192683761769,0.0010597109307603902,52.969722676891074,357.95882581381096,269.2577034857755,175.28494396141386
15 Jul 2026 10:47:00.000000000,345.8463592677525,4130.47257773558,5488.120985897904,-7.5961032937208195,0.40407491537311613,0.1755274640159066,-0.00041788534640914296,-0.0050459196907001996,-0.006723028655446414,53.12286842320093,-9.305039642871236,512.9988672180468,6870.0976733546995,0.0010808603089997228,52.9694066924492,357.952448490167,273.67161202912183,174.6782370535851
15 Jul 2026 10:48:00.000000000,-110.34577935131304,4145.620489691397,5486.5481844892465,-7.604739767846009,0.1006715411504894,-0.2279337525275328,0.00013938898575603095,-0.005064155434825571,-0.006720740363424041,53.08429563067218,-3.244173267133783,513.0337976980484,6870.110229808743,0.0010873783059887464,52.969429250284016,357.9460481547766,278.1297533698725,174.0272490833999
15 Jul 2026 10:49:00.000000000,-566.0530178839713,4142.54431648584,5460.789045859116,-7.5799456953414515,-0.20317488070585174,-0.6303905648535751,0.00069605805500052,-0.0050603146048138065,-0.006689070668587677,52.71370024457716,2.7572730186300447,512.9549466332243,6870.230125878238,0.0010792346315279698,52.96978979267214,357.93968115536103,282.62740131429723,173.3366956358695
15 Jul 2026 10:50:00.000000000,-1019.2720148690353,4121.257219096725,5410.956660541364,-7.521827829521757,-0.5061396718154901,-1.0300833475065716,0.0012497351360811076,-0.005034409496342204,-0.006628150223854525,52.02089155337172,8.609021329612414,512.7641402377781,6870.45525579112,0.0010566219128219753,52.970481810795455,357.93340324925407,287.1620806453449,172.60904176321245
15 Jul 2026 10:51:00.000000000,-1468.0101250408825,4081.8517646063115,5337.2693914569,-7.430635876677548,-0.8069015287796003,-1.4252638267406557,0.001798043364315845,-0.004986541819775233,-0.006538228707271783,51.02320883731235,14.23575436334537,512.4649945308819,6870.781671727559,0.0010199512909501807,52.9714929597135,357.9272686227438,291.7331424819858,171.84492698350726
15 Jul 2026 10:52:00.000000000,-1910.2939538714227,4024.4995626988148,5240.0499789353835,-7.306761665256105,-1.10414788989134,-1.814202212886809,0.002338623863753504,-0.004916902742614214,-0.006419674484619086,49.743547790660266,19.582360700039633,512.0628531493345,6871.2036519513595,0.0009698445107431693,52.97280527579988,357.92132893809816,296.3416182659237,171.043311639606
15 Jul 2026 10:53:00.000000000,-2344.177847618379,3949.4505801377804,5119.724218541034,-7.150737823355926,-1.396580300726658,-2.1951943073090803,0.0028691440189699963,-0.004825772803320011,-0.0062729740906949365,48.208117267676585,24.615236276528606,511.56469662306836,6871.713799492717,0.0009071225926270774,52.97439549282227,357.91563242496636,300.99034315056673,170.20135383665354
15 Jul 2026 10:54:00.000000000,-2767.752289099354,3857.0321335410754,4976.8192135462195,-6.963235954577973,-1.6829197701290377,-2.5665685719786677,0.0033873059340972494,-0.004713521669138164,-0.006098731490566288,46.44436022429666,29.32037142838772,510.9790244399656,6872.303169786797,0.0008327912618104961,52.97623545112514,357.91022303206233,305.68443493066496,169.31393081328267
15 Jul 2026 10:55:00.000000000,-3179.15216873717,3747.6475613392695,4811.961204691889,-6.745064300047806,-1.9619121061078217,-2.9266931469220783,0.003890855108870553,-0.004580607698706851,-0.005897667066946747,44.47930857071716,33.699561579255274,510.3157116418217,6872.961425196824,0.0007480233941116295,52.97829259274986,357.90513965397906,310.4323823120167,168.37255094102827
15 Jul 2026 10:56:00.000000000,-3576.5648996427594,3621.774576500718,4625.872980855116,-6.497164873031275,-2.2323332187345666,-3.2739827974726685,0.004377589347738735,-0.004427577267464972,-0.005670616276794883,42.338460789997455,37.7660387379919,509.5858421001903,6873.677013900446,0.0006541388373362866,52.98053053382778,357.9004154467043,315.24838771028334,167.36301115745272
15 Jul 2026 10:57:00.000000000,-3958.238344624695,3479.963302477763,4419.370875461149,-6.220610052188612,-2.4929943743115435,-3.606905769492245,0.004845367898584984,-0.004255063805530612,-0.0054185279102265714,40.04514052669759,41.54042241379202,508.80152101495173,6874.437370198055,0.000552582134514126,52.98290970423085,357.8960772438234,320.1577012319935,166.2600631747451
15 Jul 2026 10:58:00.000000000,-4322.488522289857,3322.8339958244487,4193.361354864045,-5.916598620135141,-2.742747382166259,-3.923990526858388,0.005292120801046972,-0.004063786498535383,-0.005142461886658629,37.620230599643094,45.04743601804795,507.9756695534409,6875.229132921362,0.0004448991044987428,52.985388043289774,357.89214508367957,325.21029145454656,165.0137428435418
15 Jul 2026 10:59:00.000000000,-4667.707058490412,3151.074460200604,3948.8372066668644,-5.5864512359111265,-2.980489692242984,-4.2238323413775545,0.005715858403332422,-0.0038545485997111243,-0.004843586521376864,35.08216493806989,48.3134949068842,507.12180489769776,6876.038378284136,0.0003327148624452745,52.98792173940441,357.88863185577134,330.52308040481444,163.5071352682709
15 Jul 2026 11:00:00.000000000,-4992.368348916074,2965.437157823376,3686.8733378027096,-5.231605332875862,-3.2051693787641784,-4.50509970155866,0.0061146809879628035,-0.003628235304610874,-0.004523175200920574,32.44707724823401,51.36508037530169,506.2538092819017,6876.850863233904,0.00021772510364082123,52.99046600060051,357.885543072678,336.4570946790561,161.37922372942688
15 Jul 2026 11:01:00.000000000,-5295.036398160318,2766.736026026847,3408.6221943675764,-4.85360943771855,-3.415789982377615,-4.7665405031080414,0.00648678842799629,-0.0033858111443268294,-0.0041826024124735186,29.729031133452658,54.22773804747124,505.385691873037,6877.652275138561,0.0001018158457408841,52.99297584253917,357.8828767715142,344.9991770098471,156.64317810538407
15 Jul 2026 11:02:00.000000000,-5574.371300514606,2555.843008303238,3115.3088175149473,-4.454116911431972,-3.6114151807885886,-5.006987981045547,0.006830489780973583,-0.0031283168610966943,-0.003823339084185651,26.940281344112393,56.92553220997554,504.53134756493944,6878.428483484322,1.9166658185316354e-05,52.99540688017018,357.88062354675344,123.3568150632499,22.091526010010377
15 Jul 2026 11:03:00.000000000,-5829.135327972387,2333.684311069172,2808.2255522081805,-4.034879119190167,-3.791173255900436,-5.22536634104685,0.007144212709429346,-0.002856865736752484,-0.0034469472028539096,24.091535602842896,59.480812352150764,503.7043169085903,6879.165789173823,0.00012908527424634306,52.99771610914732,357.87876671384925,162.53327279224993,346.7210213204961
15 Jul 2026 11:04:00.000000000,-6058.198591556156,2101.2363993505564,2488.726428223893,-3.5977380429052186,-3.9542613241269784,-5.420696046153444,0.007426512612065547,-0.0025726393585181863,-0.0030550736946426617,21.192200419550097,61.91418186172475,502.91755148076874,6879.851167004331,0.00023892486241928755,52.99986266329039,357.87728260092797,170.05320198775743,343.0070324554805
15 Jul 2026 11:05:00.000000000,-6260.544243131386,1859.5217466117404,2158.2212354495546,-3.144618357631566,-4.099949295846364,-5.59209871447396,0.007676081336518776,-0.002276882815630698,-0.0026494435668581685,18.250603406144347,64.24459041870868,502.18318899030885,6880.472496976239,0.00034383754930090727,53.001808534785766,357.8761409634715,176.02869075920816,340.8374936737941
15 Jul 2026 11:06:00.000000000,-6435.273186381392,1609.6043559906957,1818.1693181675837,-2.677519000696177,-4.227583530041344,-5.738801584002379,0.007891755344326703,-0.0019708993350818953,-0.0022318523287946043,15.274190124166164,66.48949712260732,501.5123423291486,6881.018780234837,0.0004423593905376009,53.003519244454885,357.8753055148233,181.63163166340425,339.04053667842237
15 Jul 2026 11:07:00.000000000,-6581.608267587544,1352.5850722242922,1470.0731156018794,-2.198504270232501,-4.336590151033751,-5.8601415022455425,0.008072523199997888,-0.0016560443780965779,-0.0018041577271517358,12.269696621832916,68.66507030498339,500.9149065906401,6881.4803356843495,0.0005332649504741742,53.00496445028211,357.8747345632489,187.12725772522307,337.35095428616165
15 Jul 2026 11:08:00.000000000,-6698.897919296985,1089.5967054775804,1115.4714784552025,-1.7096944974113764,-4.426477995904249,-5.955568400987796,0.008217532259229162,-0.0013337192317662186,-0.0013682708483824684,9.243300430789818,70.78640327935649,500.39938779796137,6881.84897362917,0.0006155080873175771,53.00611848346086,357.87438174448187,192.61371324506067,335.6706292730018
15 Jul 2026 11:09:00.000000000,-6786.619232834249,821.798990113455,755.9327934298991,-1.21325634386932,-4.496841163655845,-6.0246482201867435,0.008326094439930138,-0.0010053641434265021,-0.0009261466573579907,6.200753513912466,72.86773427660935,499.97275671374837,6882.118143190394,0.0006882264645894088,53.00696080247534,357.8741968369372,198.14003192525612,333.95055586858496
15 Jul 2026 11:10:00.000000000,-6844.380438901723,550.3734030808776,393.0479497385774,-0.7113927823737963,-4.547361140402182,-6.0670652496196364,0.00839769097750495,-0.0006724510580333263,-0.00047977405772124096,3.147500885939012,74.92266471352427,499.64033064304584,6882.283050708507,0.0007507522075811782,53.00747635716088,357.874126645338,203.73723053462527,332.1597456868148
15 Jul 2026 11:11:00.000000000,-6871.922779165603,276.5178680350224,28.423183319753683,-0.2063328244259722,-4.577808478756952,-6.082623862375725,0.008431976074068644,-0.00033647602792353777,-3.116557070012409e-05,0.08878861901748905,76.96437369764793,499.4056856051093,6882.340746868336,0.0008026213334688515,53.00765585625659,357.8741159372317,209.42911787300355,330.27441833744973
15 Jul 2026 11:12:00.000000000,-6869.121755682192,1.4413724737775868,-336.32716415971356,0.29967893691144415,-4.588044014074862,-6.071249620473875,0.008428779379093754,1.0486257213647373e-06,0.0004176532587580611,-2.9702351543260663,79.00582897206228,499.2706006476291,6882.290180858925,0.0008435802538985972,53.00749593364985,357.874108416021,215.23684981348384,328.2734459480776
15 Jul 2026 11:13:00.000000000,-6835.987749213519,-273.64147391879334,-699.5879334597915,0.8043928973078652,-4.57801960512125,-6.032989739613045,0.008388107254159262,0.0003386023147782717,0.0008646546132010499,-6.024422731625942,81.05999581144535,499.2350354247256,6882.1322204962535,0.000873588771004827,53.00699921028793,357.87404771336844,221.18117749730536,326.1361045289117
15 Jul 2026 11:14:00.000000000,-6772.666001838461,-547.5159109442615,-1059.7504444543613,1.3055650509016734,-4.547778391996796,-5.968012907146545,0.008310142800318995,0.0006746642599226387,0.0013078191911495367,-9.068529375923514,83.14004597650519,499.297141475952,6881.869637878745,0.00089281930214488,53.006174250562914,357.87387838352436,227.2837275467341,323.8407933225713
15 Jul 2026 11:15:00.000000000,-6679.43596370271,-818.9725005232178,-1415.2197625850222,1.800967565179705,-4.497454569563072,-5.87660845461118,0.008195244650336265,0.0010077215494453486,0.0017451469120022775,-12.097112446021095,85.25956885002073,499.45330694615046,6881.507060798412,0.0009016521765965913,53.005035413832886,357.8735468820154,233.5678263701109,321.3642100721971
15 Jul 2026 11:16:00.000000000,-6556.710008183159,-1086.8125713051836,-1764.421896605527,2.2883992475108395,-4.427272680046288,-5.759184893332892,0.00804394455133772,0.0013362770913371127,0.0021746674193027864,-15.104423606386305,87.43278631656598,499.69823379532124,6881.050890780177,0.000900666874705063,53.00360260359211,357.87300251148565,240.0590712139096,318.68077956046267
15 Jul 2026 11:17:00.000000000,-6405.03152408778,-1349.8536066335284,-2105.8108898510313,2.765695832029424,-4.337546433790972,-5.61626782856749,0.007856943783954367,0.0016588573723542567,0.002594450269602892,-18.08429049240511,89.67477168158833,500.02504588358903,6880.509189253865,0.0008906290511419767,53.00190091861122,357.8721983179041,246.7857117505048,315.7622716379397
15 Jul 2026 11:18:00.000000000,-6225.072397689644,-1606.9345479415733,-2437.8757683768504,3.230740019074457,-4.228677072137523,-5.448497274125612,0.007635108489973611,0.001974019944269894,0.003002614704231748,-21.029984098028347,92.0016706782585,500.4254256965623,6879.8915339626465,0.0008724730961849954,52.99996021210624,357.8710919212838,253.7788257569902,312.57762519223905
15 Jul 2026 11:19:00.000000000,-6017.629901326786,-1856.9209866348745,-2759.147310794538,3.6814712040825213,-4.1011512909692565,-5.256624395296387,0.007379463992485644,0.0022803605650265507,0.0033973389116359167,-23.934068128927567,94.43091892498082,500.8897769177484,6879.208848266149,0.0008472798318811874,52.997814566628996,357.86964626619204,261.0722099414403,309.0930570078166
15 Jul 2026 11:20:00.000000000,-5783.6230089263545,-2098.710218744033,-3068.204606444207,4.1158948385359295,-3.9555387475000057,-5.041507712972203,0.0070911882137345604,0.0025765199333901085,0.003776868703506783,-26.78822677232829,96.981444388336,501.4074095704908,6878.473206493741,0.0008162487083751024,52.99550169387371,357.86783027867057,268.701847720923,305.27259371780127
15 Jul 2026 11:21:00.000000000,-5524.088162070378,-2331.236138099477,-3363.6813706338075,4.532091372098901,-3.7924891762415687,-4.804108806063272,0.00677160430385037,0.0028611899667271095,0.004139525542774496,-29.583068021415578,99.67383452417465,501.96674405215316,6877.697618933592,0.0007806635774071187,52.99306226993625,357.86561941788847,276.70476088410186,301.07921991995215
15 Jul 2026 11:22:00.000000000,-5240.174513074079,-2553.473945414577,-3644.271987994449,4.928224732189776,-3.6127291427375416,-4.545487552484297,0.006422172602803303,0.0031331195841975924,0.00448371387893669,-32.3079012549547,102.53043459996923,502.55553007546627,6876.895800399005,0.0007418508496951301,52.990539217722166,357.86299611264104,285.11702009663014,296.4768675026981
15 Jul 2026 11:23:00.000000000,-4933.138673962306,-2764.4446524437094,-3908.737257482145,5.302550304704106,-3.4170584655189566,-4.2667969511456665,0.006044482062274429,0.003391119971220288,0.004807927764289421,-34.95049082346558,105.5753249062961,503.1610763186228,6876.0819265883965,0.0007011287723064918,52.98797694915325,357.85995007487145,293.9707231534438,291.43343728041776
15 Jul 2026 11:24:00.000000000,-4604.339002193687,-2963.2193622453424,-4155.9098151415465,5.653422387163553,-3.206346337817301,-3.969277568472745,0.005640241251946352,0.003634069313606955,0.005110756741346841,-37.49679281988327,108.83409912589512,503.77048646713456,6875.2703826469005,0.0006597470378457554,52.985420580553324,357.856478484532,303.28992150518155,285.92487241306907
15 Jul 2026 11:25:00.000000000,-4255.229455493654,-3148.923308489087,-4384.699213370399,5.979301092972243,-2.9815271808678547,-3.6542516530375675,0.005211269070944084,0.0038609170026080095,0.0053908910085245145,-39.93069119206168,112.3333343950197,504.3708973029229,6874.475508442938,0.0006188174780759658,52.98291513508903,357.85258604239726,313.0858697987306,279.9399088715157
15 Jul 2026 11:26:00.000000000,-3887.3530492348905,-3320.739638647648,-4594.096638025519,6.278758692474929,-2.7435962601966475,-3.323116960981792,0.004759485278263066,0.004070687325174098,0.005647125888427309,-42.233763212925716,116.09960936165122,504.9497145545334,6873.711345095064,0.0005792397328290248,52.980504746390714,357.84828488977945,323.35262717641905,273.4844742043545
15 Jul 2026 11:27:00.000000000,-3502.3349504704315,-3477.912927771221,-4783.179247237973,6.550485382917349,-2.4936050951734887,-2.9773403331348938,0.004286900939923074,0.004262482661293483,0.005878365632295844,-44.38512404581283,120.15790055532588,505.4948423576681,6872.991387223352,0.0005416305986214242,52.97823187747538,357.8435943964471,334.0648277284181,266.58391721101486
15 Jul 2026 11:28:00.000000000,-3101.8752430323093,-3619.752411311551,-4951.114118201441,6.793294485013386,-2.232656690429052,-2.618451062227363,0.0037956088813967523,0.004435486222643685,0.006083626610371152,-46.36142522926225,124.52919192823404,505.9949023796906,6872.328345261167,0.0005062711543114433,52.976136568840694,357.83854082039164,345.1799748999127,259.2807137178539
15 Jul 2026 11:29:00.000000000,-2687.7413980950373,-3745.6349271216204,-5097.161790429708,7.006127068488165,-1.9619006155786851,-2.248034085513101,0.003287774212749341,0.004588964370722773,0.006262039942228797,-48.13710831483457,129.22720473181133,506.43943892398835,6871.733921951769,0.00047308908343740596,52.974255729095816,357.8331568453968,356.64735835018627,251.62554995742542
15 Jul 2026 11:30:00.000000000,-2261.760484342693,-3855.0075582699756,-5220.679396010733,7.188056012570695,-1.6825279572132208,-1.867723034631974,0.0027656249771917185,0.00472226855743602,0.006412853626768389,-49.68503225644812,134.25434263704446,506.8191066412695,6871.218606876706,0.00044169169468736533,52.97262248075411,357.82748100451875,8.424398947953307,243.66097786296095
15 Jul 2026 11:31:00.000000000,-1825.8111514299828,-3947.3899696681774,-5321.123369196931,7.338289509901848,-1.3957661644377326,-1.4791931708508983,0.0022314429560035287,0.004834836934931824,0.006535434235849792,-50.97758287804805,139.59728452236098,507.1258378244629,6870.791492525534,0.000411457075443046,52.97126557284286,357.821556999629,20.499504592790935,235.398559583696
15 Jul 2026 11:32:00.000000000,-1381.815419856461,-4022.376432707172,-5398.051729258025,7.4561740236918626,-1.1028738065040116,-1.0841542301089258,0.0016875546423804626,0.004926195678985539,0.006629268231350454,-51.98831094016496,145.2231132756837,507.35298664380053,6870.460115027664,0.0003816805135532813,52.97020887080734,357.81543292904763,32.91973514061688,226.79120293778456
15 Jul 2026 11:33:00.000000000,-931.7303097553195,-4079.637533130518,-5451.125931884597,7.541196708239005,-0.8051352584430798,-0.6843431987540826,0.0011363223800779677,0.004995960067803476,0.006693962961337607,-52.694015791354545,151.0772807750457,507.4954480806418,6870.230322232476,0.0003517686863606344,52.96947093281825,357.8091604369393,45.82273394948278,217.70123028049917
15 Jul 2026 11:34:00.000000000,-477.5393405000963,-4118.921558252153,-5480.112285584855,7.592987302197597,-0.5038553281955138,-0.2815170376759264,0.000580135647747974,0.005043835355975499,0.006729247387451611,-53.07700940398222,157.08477255875178,507.5497497368545,6870.106171353772,0.00032148251876634016,52.96906468005801,357.802793799538,59.47448809245688,207.86261873424232
15 Jul 2026 11:35:00.000000000,-21.243932445245388,-4140.0555603752955,-5484.882930491523,7.611319502390963,-0.20035383663367207,0.12255463018982606,2.1402454791142482e-05,0.005069617471625001,0.0067349725793226034,-53.127126654569324,163.15524796360606,507.51411512545496,6870.089857892863,0.0002912527630478864,52.9689971668916,357.7963889644239,74.31220014842881,196.83812886277286
15 Jul 2026 11:36:00.000000000,435.145258133108,-4142.946093889592,-5465.4163778131915,7.596111823646654,0.1040398396338714,0.5260968559059854,-0.0005374591936460353,0.005073193561828715,0.006711112007367062,-52.842994420187146,169.1916907927575,507.38849748439196,6870.1816770316545,0.0002626164929502346,52.96926945504856,357.7900025599049,90.9682748067441,183.99531854523926
15 Jul 2026 11:37:00.000000000,889.6170403772239,-4127.5796240977925,-5421.7976089001995,7.547427947346932,0.4079922540604106,0.9273367126086433,-0.0010940298131076444,0.005054542398031685,0.006657761647071494,-52.23220903634177,175.10072152723004,507.1745835959259,6870.3800181482275,0.00023877357022016155,52.96987659408939,357.7836908921125,110.16595655585515,168.6109057735264
15 Jul 2026 11:38:00.000000000,1340.1683957093894,-4094.0226063003465,-5354.217733541217,7.465476558252542,0.7101713962288555,1.3245106443114327,-0.0016458969902020985,0.005013734644556357,0.0065751398962190346,-51.310370708378954,-179.1980052813443,506.8757675365639,6870.681392559049,0.00022489419869388885,52.97080770853344,357.77750894765103,132.2190621770304,150.37103664283848
15 Jul 2026 11:39:00.000000000,1784.8131595377513,-4042.421234176692,-5262.973207779235,7.350610666023729,1.0092522098610701,1.7158718039843703,-0.0021906640187725856,0.004950932983283348,0.006463587293107501,-50.09924771916088,-173.76548911039546,506.4970947262514,6871.080494042932,0.00022696791853961536,52.97204619012091,357.7715094195384,156.07637629940322,130.3268902719395
15 Jul 2026 11:40:00.000000000,2221.5906467431714,-3973.0008570134905,-5148.464612235113,7.203326404874938,1.3039221136439398,2.099697368233394,-0.0027259586687000807,0.0048663920766487245,0.006323566009459353,-48.6245377995105,-168.641058603315,506.04517708795566,6871.570291156948,0.0002484950234289385,52.97356999180407,357.7657417737543,179.20258745810918,111.0137432035529
15 Jul 2026 11:41:00.000000000,2648.5741894170687,-3886.0650659109074,-5011.194992727523,7.024261302229717,1.592886514426287,2.474295814000533,-0.0032494421253003183,0.004760458341754784,0.006155659079655364,-46.91369369393359,-163.84357547254604,505.52808056863665,6872.142149821315,0.0002882507094455671,52.97535201824671,357.7602513730295,199.41081992968645,94.61843800341158
15 Jul 2026 11:42:00.000000000,3063.8795546910546,-3781.9944497767383,-4851.767765919022,6.814192005293396,1.8748743004688904,2.8380141401080197,-0.003758818125930269,0.0046335695014052,0.005960569319222324,-44.99413470476143,-159.37490306362594,504.955186707134,6872.78598413695,0.00034206920617735055,52.97736060588549,357.7550786734405,216.17991896128464,81.6620984344847
15 Jul 2026 11:43:00.000000000,3465.673209786847,-3661.245022719335,-4670.884193835246,6.57403145331389,2.148643300128031,3.1892450133266856,-0.004251842304427445,0.004486253868967199,0.005739117874451003,-42.891978485110926,-155.22426764338275,504.33703036004306,6873.4904329111205,0.00040555968655032104,52.97956008400997,357.75025850812074,230.04889195817665,71.60568863553644
15 Jul 2026 11:44:00.000000000,3852.1804006397097,-3524.3463254102408,-4469.340432434434,6.3048254831216735,2.4129856886885244,3.526433815093011,-0.004726331738337829,0.004319129322018612,0.005492242343294043,-40.63127828844902,-151.37248397536604,503.68511610855285,6874.243058913319,0.0004751401505944375,52.9819114068713,357.7458194707771,241.75467798526594,63.712243942534016
15 Jul 2026 11:45:00.000000000,4221.693009772469,-3371.89920408187,-4248.024160924807,6.007748856375852,2.6667333232486645,3.8480855612743454,-0.005180174674911726,0.004132901915584794,0.005220994403215638,-38.23366948959201,-147.79548374864154,503.0117162611982,6875.030567471264,0.0005479903294637341,52.98437284556468,357.7417834100093,251.89760057662804,57.381418354394754
15 Jul 2026 11:46:00.000000000,4572.577158286951,-3204.5732721805166,-4007.9108003910706,5.684100699064751,2.908762982501086,4.1527716634353675,-0.005611340391401298,0.003928364085309719,0.004926536882271767,-35.71830593363632,-144.46696665585253,502.32965373249266,6875.8390406538465,0.0006217924660223731,52.986900727367875,357.73816504335315,260.90458011499976,52.186272376026594
15 Jul 2026 11:47:00.000000000,4903.280516586425,-3023.1040610818786,-3750.0593321834212,5.335299346807463,3.1380014855481204,4.439136496605776,-0.0060178891293514005,0.0037063923956782035,0.004610140216872297,-33.10197803272498,-141.36022480721567,501.6520734058544,6876.654182983147,0.0006945363702037277,52.989450209376315,357.73497169789715,269.06910005326284,47.83330696469072
15 Jul 2026 11:48:00.000000000,5212.339287959388,-2828.28986799201,-3475.607728853846,4.962876593923275,3.3534306610764575,4.705903735053931,-0.006397982020570276,0.003467944789850209,0.004273178242990615,-30.399329663455703,-138.44929308369794,500.9922058728964,6877.461574376232,0.000764409378866282,52.99197607267099,357.7322031820086,276.59351080398096,44.12015975057806
15 Jul 2026 11:49:00.000000000,5498.384829304074,-2620.988310902637,-3185.7680127733347,4.568471349461189,3.554092135997557,4.951882414900651,-0.006749890909620091,0.0032140573076556494,0.003917123281645101,-27.623117054019854,-135.70959835534723,500.3631276683074,6878.24692584826,0.0008297436892781821,52.99443352289714,357.7298517904231,283.619644857062,40.90498997062911
15 Jul 2026 11:50:00.000000000,5760.149873610519,-2402.11260240305,-2881.820960133487,4.153822709618454,3.73909191080901,5.175972680303295,-0.0070720079626567555,0.002945840245981224,0.0035435404904814653,-24.78447434855163,-133.11826069033037,499.7775222812334,6878.99633341712,0.000888997140366444,52.99677898302922,357.72790244249984,290.24895574356896,38.08633949734662
15 Jul 2026 11:51:00.000000000,5996.474319603567,-2172.6275561491625,-2565.1104706815418,3.7207624629092493,3.907604687725984,5.3771711687170285,-0.00736285494018208,0.0026644737461568504,0.0031540814680177413,-21.89316609184852,-130.65416636587142,499.24744630961214,6879.696525639745,0.0009407524670910461,52.998970864246196,357.72633295115116,296.5554589280955,35.590191881035004
15 Jul 2026 11:52:00.000000000,6206.3105551578365,-1933.5453418593193,-2237.0376262300997,3.2712070519207344,4.05887791710217,5.5545759904685035,-0.007621092008475171,0.002371202807268196,0.002750477116115362,-18.957817186832045,-128.29789937319612,498.78410512542956,6880.335100286862,0.0009837263071719666,53.00097030124548,357.72511441755,302.5940617112909,33.361642325708324
15 Jul 2026 11:53:00.000000000,6388.728282774089,-1685.9210067673284,-1899.0544636522916,2.807149023251612,4.192235527911007,5.707391258644225,-0.007845525957677403,0.002067331735286771,0.0023345297814345678,-15.986117237466495,-126.03159063405718,498.3976423293176,6880.900745826008,0.0010167828870516337,53.00274183896973,357.7242117445578,308.4059761504953,31.359484593526485
15 Jul 2026 11:54:00.000000000,6542.918817545014,-1430.8477835005333,-1552.657490663045,2.3306480050457075,4.307081309103384,5.8349311271361435,-0.00803511769690885,0.0017542180525581433,0.0019081047158176641,-12.984999848881902,-123.83872342543376,498.09694708808183,6881.383443632398,0.001038949356007714,53.00425405859792,357.72358425965285,314.0222621588162,29.55266768113289
15 Jul 2026 11:55:00.000000000,6668.198830646367,-1169.4522062875496,-1199.380975127967,1.843821259130765,4.402901910530991,5.936623297604821,-0.00818898890502486,0.0014332659062480523,0.0014731209137945765,-9.960799391686301,-121.70391878622776,497.8894831676526,6881.774647180673,0.0010494308898920215,53.005480131747326,357.72318643624965,319.4661330373251,27.917990017772624
15 Jul 2026 11:56:00.000000000,6764.013514434912,-902.8890592128148,-840.7900408724875,1.3488338619133555,4.479269434790215,6.012011960072705,-0.008306427721264916,0.001105919026083217,0.0010315414007354287,-6.919388638291971,-119.61271464612724,497.78114309847655,6882.067434882944,0.0010476243607102152,53.00639829312033,357.7229687005031,324.7543939533493,26.438660677524773
15 Jul 2026 11:57:00.000000000,6829.939148689579,-632.3361818470847,-478.47360492666763,0.8478885746033422,4.535843594764042,6.060760136768093,-0.008386893376518,0.0007736532946217861,0.0005853630612416461,-3.8663010002963865,-117.55134579716923,497.7761304463144,6882.256633721707,0.0010331297899202753,53.006992223291626,357.7228783092749,329.8982098085671,25.103531167905693
15 Jul 2026 11:58:00.000000000,6865.685051338654,-358.9891589882452,-114.03719278352952,0.34321546884882714,4.572373415726722,6.082651404588258,-0.008430019684318663,0.0004379690035965249,0.00013660611013117932,-0.8068411234570709,-115.50652758849587,497.8768726186396,6882.338911371896,0.0010057590963390526,53.007251334936775,357.72286028361424,334.90326433599915,23.90693596225024
15 Jul 2026 11:59:00.000000000,6871.094901120614,-84.05592236971458,250.90433047864914,-0.1629386217644792,4.588698465538924,6.077590977991423,-0.008435617325886996,0.00010038287765280882,-0.0003126966822322887,2.2538124967521544,-113.46524360318004,498.0839660274151,6882.312835101859,0.000965541890425119,53.00717095752394,357.7228583811936,339.7692346599926,22.84921754872566
15 Jul 2026 12:00:00.000000000,6846.147423949722,191.24870696401652,614.7340744835523,-0.6683207507815847,4.5847496015637805,6.045606141086472,-0.00840367489121627,-0.0002375800461185821,-0.0007605108905637646,5.310509330376558,-111.41453605239595,498.3961547692788,6882.178896375893,0.0009127283189992452,53.006752417298415,357.72281609043785,344.48830936321156,21.93820795919772
15 Jul 2026 12:01:00.000000000,6790.956439226547,465.70850640098644,975.8404440784485,-1.1706825332227704,4.560549228341146,5.986846024974767,-0.0083343586592169,-0.0005743945911557386,-0.00120481133836409,8.358029590901326,-109.34129687095731,498.81034329215584,6881.939500737158,0.0008477893160574515,53.00600301124684,357.7226776287661,349.04211708765945,21.192299758325788
15 Jul 2026 12:02:00.000000000,6705.7702668594175,738.1113402198259,1332.6244269071942,-1.6677907696292424,4.516211065611491,5.901580733803626,-0.0082280111233261,-0.000908543574000871,-0.0016435928814625778,11.390984528772762,-107.2320573502471,499.3216428122765,6881.598923213376,0.0007714152529456135,53.0049358756076,357.72238892728785,353.395653115571,20.646519054514055
15 Jul 2026 12:03:00.000000000,6590.970500262562,1007.2546195003857,1683.5068092768568,-2.157437945399034,4.451939431825829,5.790199830305595,-0.008085148295367118,-0.001238525805033252,-0.0020748809513735987,14.403710749953998,-105.07277456471338,499.9234505480072,6881.16323014453,0.0006845154041830835,53.003569751356615,357.7218985845545,357.48489747350646,20.36490699672739
15 Jul 2026 12:04:00.000000000,6447.070154982628,1271.9507047066597,2026.9352824175298,-2.6374525335910435,4.36802805365218,5.653210198614944,-0.00790645584249732,-0.0015628638701642647,-0.0024967417453895186,17.390154975137968,-102.84861392994665,500.6075601666549,6880.640168965774,0.000588224408236301,53.00192865091481,357.72115877259245,1.1896460306871504,20.467688293266097
15 Jul 2026 12:05:00.000000000,6274.711206797849,1531.032222940929,2361.3914024939395,-3.1057090332755077,4.264858417044776,5.491233308676151,-0.007692784131060864,-0.0018801116125762702,-0.0029072919594815864,20.343745548697395,-100.54372920908402,501.36430121573227,6880.039028076735,0.0004839336632579238,53.00004143206154,357.72012607923637,4.266821279138412,21.19796007171793
15 Jul 2026 12:06:00.000000000,6074.661537056942,1783.3572729534947,2685.397369355005,-3.560137680609496,4.142897680034428,5.305001912412337,-0.007445142273807848,-0.0021888612429298918,-0.0033047079736183175,23.257246960083123,-98.14104456608165,502.18270474771674,6879.370469476667,0.0003734105281938805,52.997941286664826,357.7187622720035,6.158043341710043,23.114120540315298
15 Jul 2026 12:07:00.000000000,5847.811306612729,2027.8144923240002,2997.5225909643723,-3.9987337759261408,4.002696171410498,5.095356206849493,-0.007164691287825857,-0.002487750016313167,-0.003687234412855797,26.122593783097575,-95.62204846879428,503.0506918606603,6878.6463373327615,0.00025929525641947917,52.995665153330535,357.71703497010213,5.283242300133382,27.796256364282925
15 Jul 2026 12:08:00.000000000,5595.168782904626,2263.327962788527,3296.3900026805813,-4.419566577043418,3.8448845027928296,4.863239503477097,-0.0068527364853535905,-0.002775466427137425,-0.004053192025246115,28.930700987621133,-92.96661724723403,503.9552814761572,6877.87944606675,0.00014804463144991935,52.993253064397955,357.7149182128446,355.26849028654385,41.61831031877943
15 Jul 2026 12:09:00.000000000,5317.855647511211,2488.861931416574,3580.68211300308,-4.8207877164907975,3.6701703241661825,4.609693446174318,-0.006510719224671834,-0.003050755885327016,-0.004400984834184201,31.671248886979807,-90.15289805400505,504.88281336813174,6877.08335188601,7.983821571943842e-05,52.9907474388492,357.71239291452656,302.8400237209995,97.85405884020909
15 Jul 2026 12:10:00.000000000,5017.101813802338,2703.4253272096676,3849.146749994091,-5.200639108167543,3.479334754715606,4.335852822002034,-0.006140208153491919,-0.003312425851624227,-0.0047291065421815985,34.3324436010986,-87.1572981667672,505.81918224334237,6876.272111944564,0.00014785230412502938,52.98819233363425,357.7094471979211,249.89269714405586,154.60865803027374
15 Jul 2026 12:11:00.000000000,4694.239786160097,2906.0760546288025,4100.602485274183,-5.557460316824479,3.2732285217585124,4.042940010037604,-0.005742890075075534,-0.0035593504229871277,-0.005036146180416977,36.90075864920508,-83.95465115132323,506.75007855721174,6875.460035494389,0.0002605747185876978,52.985632666624745,357.7060766005974,239.67685776943674,168.63176899028525
15 Jul 2026 12:12:00.000000000,4350.698593604817,3095.925047540765,4333.943715198279,-5.889695371460168,3.0527678407103185,3.7322591132477263,-0.00532056056205436,-0.0037904743720676925,-0.005320793015661493,39.360671233241874,-80.51866046425366,507.6612317228493,6874.661431478189,0.0003772085330087896,52.98311342489083,357.70228415059955,238.6621702473984,173.45373299675654
15 Jul 2026 12:13:00.000000000,3987.99733158737,3272.140069023146,4548.145381490944,-6.195899010981582,2.8189300684185006,3.40518981722057,-0.004875114433967647,-0.004004816656841364,-0.005581840741609932,41.69441923065754,-76.82275490225813,508.538651430676,6873.89035702182,0.0004911175919321707,52.980678872231714,357.69808031021216,240.39121364349612,175.53197451421318
15 Jul 2026 12:14:00.000000000,3607.738346204105,3433.9492443811073,4742.26731619737,-6.474742357107489,2.572749160885646,3.0631810175171093,-0.0044085362035934115,-0.004201473428417585,-0.005818190997196979,43.88182299823861,-72.84151928714627,509.36886293295163,6873.160371214146,0.0005994909336305593,52.978371769886635,357.6934827889844,243.26746785326915,176.46301482439122
15 Jul 2026 12:15:00.000000000,3211.6000952219415,3580.6443165236105,4915.458198239749,-6.725018015270287,2.3153109645157985,2.7077442545859305,-0.0039228905780381166,-0.004379620571212473,-0.006028856261769425,45.9002397886129,-68.55286902055488,510.13913235161584,6872.48429841441,0.0007003574244187071,52.97623262410277,357.68851622936046,246.72623470534464,176.8115510180497
15 Jul 2026 12:16:00.000000000,2801.3297201051246,3711.583614528458,5066.959111114723,-6.945644609072492,2.0477483676353843,2.3404469917801793,-0.003420313088363062,-0.004538515820700335,-0.006212962191047566,47.724744964327186,-63.941085503856634,510.83767832972273,6871.874005114196,0.0007920869451990623,52.974298973749704,357.6832117705672,250.52006465184098,176.82502944829602
15 Jul 2026 12:17:00.000000000,2378.7353627854527,3826.194727743697,5196.106693297611,-7.135670757553195,1.7712363363203023,1.962905768192809,-0.0029030008974425736,-0.00467750050451806,-0.0063697494574490665,49.328654769788606,-59.00067522197906,511.45386665494203,6871.34019410348,0.0008732745758416832,52.97260473045324,357.67760649846787,254.52448098566992,176.6279217027343
15 Jul 2026 12:18:00.000000000,1945.678260273868,3923.9768791292595,5302.335874709498,-7.294278507063848,1.4869868556184216,1.5767792539854204,-0.002373203819295158,-0.004796000957339776,-0.006498575163712321,50.68450381969024,-53.74071808751439,511.97838482955547,6870.892219360526,0.0009427141051448198,52.97117958278898,357.6717427911553,258.67066901883777,176.28903565639146
15 Jul 2026 12:19:00.000000000,1504.0646494544937,4004.5029927126584,5385.182194148291,-7.420786230919438,1.1962437942658148,1.1837612318160555,-0.001833215563323676,-0.004893529659764452,-0.006598913897564579,51.76554371010211,-48.18893988613912,512.4033939347684,6870.537924707103,0.0009993972657894351,52.97004847494333,357.66566757181056,262.9179809965517,175.84901082591392
15 Jul 2026 12:20:00.000000000,1055.8375135908086,4067.421451030931,5444.2836938869295,-7.514651010222979,0.9002777080746293,0.7855735240655235,-0.001285365197371792,-0.004969686147789757,-0.006670358489268538,52.547717700531265,-42.3943036793353,512.7226555312684,6870.283508853832,0.0010425204940282713,52.9692311689383,357.65943148198556,267.2412900369883,175.3329647298116
15 Jul 2026 12:21:00.000000000,602.9682012844004,4112.457539258294,5479.382388715002,-7.575470508433529,0.6003805944738585,0.3839588820025054,-0.0007320088075419667,-0.005024157734585088,-0.006712620526598279,53.01189533714282,-36.42673738443082,512.93163174563,6870.13341901028,0.0010714928633507943,52.96874189804829,357.6530879898324,271.62463429740086,174.75684904811732
15 Jul 2026 12:22:00.000000000,147.44794791042162,4139.414573396562,5490.325307571082,-7.602984350488305,0.2978606083233571,-0.01932615002699914,-0.00017552131913627558,-0.0050567200824471956,-0.006725530675926663,53.14597237556795,-30.37302085072608,513.0275571089737,6870.090274759931,0.0010859426122221906,52.968589117438384,357.6466924489557,276.05780265165976,174.1308642899638
15 Jul 2026 12:23:00.000000000,-308.7206709997659,4148.174710452437,5477.065106616938,-7.597075014757851,-0.005963252763930815,-0.42251838468496555,0.00038171156984835564,-0.005067237649670827,-0.006709038839876681,52.946351471078735,-24.32894859504009,513.0094811358485,6870.154823405511,0.0010857210918792499,52.96877535635173,357.6403011244058,280.5344132890391,173.46138155227538
15 Jul 2026 12:24:00.000000000,-763.5323254646426,4138.69943898071,5439.660253183331,-7.557768243006669,-0.3097664867853376,-0.8238551470452113,0.0009373013976481174,-0.00505566403204076,-0.006663214174864246,52.41840564230834,-18.38928646829452,512.8782810561003,6870.325927483792,0.001070903566046465,52.96929717439826,357.63397020287164,285.05080999654166,172.7520466008822
15 Jul 2026 12:25:00.000000000,-1214.987526905388,4111.02974875166,5378.274780517931,-7.4852329700555575,-0.6122244432331534,-1.2215814270281014,0.0014888649497266492,-0.005022042205741657,-0.006588244974365417,51.57579116233187,-12.63798731204569,512.6366445376872,6870.600584634321,0.0010417865976948082,52.97014522267916,357.62775480440644,289.6054474453007,172.0043949454538
15 Jul 2026 12:26:00.000000000,-1661.1012054072037,4065.285978671731,5293.177613746867,-7.379780771251448,-0.9120176906090199,-1.6139570207363236,0.0020340323317180626,-0.004966504668077072,-0.006484438409767945,50.43880600218622,-7.14101560564985,512.2890226639713,6870.973979491981,0.0009988819357397058,52.971304408651974,357.62170801302864,294.1986100442834,171.21813333871114
15 Jul 2026 12:27:00.000000000,-2099.911239284453,4001.6673424500236,5184.741467963974,-7.241864822347091,-1.2078373890621612,-1.9992636515570694,0.0025704551602022912,-0.004889273462414846,-0.006352220107560387,49.03222493226334,-1.9430308733519104,511.8415538532708,6871.439566761361,0.0009429069366873419,52.972754161831254,357.6158799431524,298.8324134411177,170.3911386127657
15 Jul 2026 12:28:00.000000000,-2529.4869074724243,3920.45113192817,5053.44131994947,-7.072078363238843,-1.498390660545967,-2.375812060245108,0.0030958149201345576,-0.004790660063637687,-0.006192133528411,47.383089996252366,2.932215223865325,511.3019598307213,6871.989184130438,0.0008747716527178371,52.97446879566145,357.6103168582058,303.5111290585675,169.51913345743225
15 Jul 2026 12:29:00.000000000,-2947.937234654386,3821.9915984994063,4899.852455732359,-6.871152654407327,-1.7824059471628666,-2.741949050760154,0.0036078315258198028,-0.004671065089924814,-0.006004839100430393,45.51881916304283,7.478882566771932,510.6794151805375,6872.613193194371,0.0007955628053087719,52.97641795922126,357.6050603568283,308.24200281153765,168.5948679893196
15 Jul 2026 12:30:00.000000000,-3353.41919830457,3706.7185136622556,4724.648097093049,-6.63995441304809,-2.058638346172143,-3.096064475573766,0.004104272110070264,-0.004530977802024573,-0.005791113053348416,43.46581223787757,11.704831803559353,509.98439241865697,6873.3006460972165,0.0007065249585512673,52.978567170852,357.6001466409872,313.03700965371826,167.60636545677642
15 Jul 2026 12:31:00.000000000,-3744.145766002984,3575.1354105265887,4528.596611182569,-6.379482714934419,-2.325874907506014,-3.4365981406256725,0.0045829600475031625,-0.0043709753418796436,-0.005551845889040159,41.24857143107677,15.627327290864006,509.22848492677116,6874.039475162044,0.0006090393450444426,52.980878424371646,357.59560587875984,317.91667631112534,166.53309971830586
15 Jul 2026 12:32:00.000000000,-4118.3937304938,3427.817509035353,4312.558308770161,-6.090865348181762,-2.582939876724633,-3.7620466062054216,0.005041784201960069,-0.004191721661998222,-0.005288040424145935,38.88925613521465,19.269326565326367,508.4242104746409,6874.816702379375,0.0005046010970331441,52.98331085726805,357.5914616730186,322.9191784273472,165.33689826474088
15 Jul 2026 12:33:00.000000000,-4474.511309274977,3265.409328741327,4077.4818381169084,-5.775354606221941,-2.8286998633607254,-4.070969856145604,0.005478708367840225,-0.003993966093684548,-0.005000809337369117,36.407555591499055,22.656619601539358,507.58479842094306,6875.618665263411,0.000394796588613942,52.98582146918048,357.5877306452958,328.1254146228908,163.93686827991365
15 Jul 2026 12:34:00.000000000,-4810.92547462797,3088.6219943300366,3824.400183359091,-5.434322509798599,-3.0620689114196633,-4.361997803594998,0.005891780854755745,-0.003778541503045187,-0.0046913721563827376,33.82076763243894,25.815814009270603,506.7239640169427,6876.431255274316,0.000281286916374607,52.98836587809472,357.58442214223373,333.7459575087229,162.1224456958346
15 Jul 2026 12:35:00.000000000,-5126.148979648044,2898.2302405120213,3554.426278222824,-5.069255451224261,-3.2820134459652373,-4.633836598088058,0.006279144148652516,-0.0035463619890068574,-0.004361051627310803,31.14399445857394,28.77303232040195,505.8556735315998,6877.240164749127,0.00016583476553472614,52.99089910101307,357.58153806972564,340.5713476545772,159.10310124051486
15 Jul 2026 12:36:00.000000000,-5418.787045483547,2695.069124572677,3268.7482481692396,-4.6817482588209165,-3.4875570670087503,-4.8852746952701365,0.006639044562470251,-0.0032984200810160774,-0.004011269415620746,28.390392721167412,31.553150520117203,504.9939041630893,6878.031138091048,5.1077433122044854e-05,52.99337634542504,357.57907285778884,356.47237128366413,147.00806270551638
15 Jul 2026 12:37:00.000000000,-5687.543675057787,2480.03045666492,2968.624296464082,-4.2734976850730275,-3.677785159668477,-5.115188647996572,0.0069698417748664575,-0.003035783403181016,-0.0036435411002890155,25.571437876815622,34.17941908357261,504.1524028886735,6878.790222842669,6.720036198653991e-05,52.99575379770515,357.57701355677165,153.61377329939535,353.67260182759026
15 Jul 2026 12:38:00.000000000,-5931.227558960249,2254.058959832304,2655.377252212173,-3.84629532847828,-3.8518492878543373,-5.322548575612632,0.0072700181447663504,-0.0027595907820036707,-0.003259470437477622,22.697179692175197,36.67333883048101,503.3444485232702,6879.504016218276,0.00017834763923328453,52.997989394608716,357.5753400633633,166.0934568036419,344.99883462577816
15 Jul 2026 12:39:00.000000000,-6148.757540005566,2018.148173763045,2330.3888010246546,-3.4020200062115182,-4.008971337632428,-5.506423267203921,0.007538187676199207,-0.0024710477842393172,-0.002860742883450843,19.7764772353806,39.054697431655384,502.5826212974761,6880.159902699995,0.000285879113720735,53.000043564318744,357.5740254724469,172.8342238707455,342.0639804316211
15 Jul 2026 12:40:00.000000000,-6339.167604224451,1773.3361183077404,1995.0934216440698,-2.942629602280352,-4.148447376067112,-5.6659848745725805,0.00777310450716462,-0.002171421686440569,-0.00244911838635822,16.817208899609486,41.34170126659786,501.878584220563,6880.746278412321,0.00038779895762719533,53.00187992401688,357.57303654875864,178.68863840578572,340.01549878675513
15 Jul 2026 12:41:00.000000000,-6501.611367767304,1520.7007348476673,1650.9720544752493,-2.470152423639353,-4.2696511917405475,-5.800513151708486,0.007973670790963984,-0.0018620358890620548,-0.002026423471886916,13.826457238430484,43.55115958310926,501.2428803574799,6881.252758182601,0.0004827593704649716,53.00346592170009,357.5723343101016,184.28705469456645,338.22306060410887
15 Jul 2026 12:42:00.000000000,-6635.366031391228,1261.3551255840484,1299.5455304973816,-1.9866781044683475,-4.3720374843745295,-5.909399199608118,0.008138943842575934,-0.0015442638024032763,-0.0015945426667398597,10.81067069355611,45.69869395604196,500.68474991822717,6881.670361470476,0.0005696182786054141,53.004773410926354,357.57187471201286,189.81418146502563,336.50198377749365
15 Jul 2026 12:43:00.000000000,-6739.8357768377555,996.442612728669,942.3677914018754,-1.4943481062859867,-4.455144672997472,-5.992148678431815,0.00826814243095742,-0.0012195222452472683,-0.0011554093213240696,7.775805415986053,47.798957100058075,500.21197073359997,6881.991673702468,0.000647416599961573,53.00577914833608,357.5716094218886,195.3484032325747,334.7739114723187
15 Jul 2026 12:44:00.000000000,-6814.554582482052,727.1316413208634,581.018933946642,-0.9953458684846386,-4.518597294907964,-6.048384453130624,0.008360652106577628,-0.0008892644087654137,-0.0007109959081501061,4.727450826080619,49.86585245544924,499.8307252763706,6882.210979976172,0.0007153852346688132,53.00646520513689,357.5714866690589,200.93279227488597,332.9957997578387
15 Jul 2026 12:45:00.000000000,-6859.188439092332,454.6105509676901,217.0981133930007,-0.4918866700370032,-4.56210797120645,-6.077848643721885,0.008416029468924247,-0.0005549724502313223,-0.0002633038873389763,1.67094264850043,51.91275072792635,499.545496889353,6882.324368592068,0.0007729548128595908,53.006819285239104,357.57145215590583,206.59660971523033,331.13841610828615
15 Jul 2026 12:46:00.000000000,-6873.536950339219,180.0822431312191,-147.78365756320235,0.01379273169623309,-4.585478918828031,-6.080404057228043,0.008434005299048369,-0.00021814979080533251,0.00018564675756394802,-1.3885329093142549,53.95270254506003,499.3589973121055,6882.329802422616,0.0008197635620402356,53.0068349443572,357.5714500140705,212.36348300882162,329.178161485359
15 Jul 2026 12:47:00.000000000,-6857.534306767694,-95.24122834131363,-512.0107767743579,0.5194446150888421,-4.588602993693443,-6.056034984759083,0.008414486497168321,0.0001196868010056479,0.0006338282015968979,-4.445840275730044,55.99864816747004,499.27212696945617,6882.2271567244,0.0008556620355043205,53.00651170612743,357.5714237889467,218.25508976398004,327.09338607751056
15 Jul 2026 12:48:00.000000000,-6811.249626222374,-370.14411497279264,-873.9703491625489,1.0228208885760797,-4.571464254680644,-6.004847354139631,0.008357556794027287,0.0004570152527219399,0.0010792155598996981,-7.495797457880158,58.06362613145868,499.28396881582046,6882.018222629659,0.000880714225579442,53.00585507309512,357.5713174351353,224.29307391070574,324.8624726908989
15 Jul 2026 12:49:00.000000000,-6734.886658118544,-643.4124507717187,-1232.059473044741,1.521683691088544,-4.534138043459262,-5.927068235663281,0.008263476223073938,0.0007923162678739786,0.0015197976481322083,-10.533077368125925,60.160983007354844,499.3918158359225,6881.706676201712,0.0008951948237553451,53.00487643227445,357.57107630536166,230.500177633357,322.4627043828536
15 Jul 2026 12:50:00.000000000,-6628.782853394138,-913.8395196358751,-1584.6924775918806,2.0138159245262472,-4.4767905806735335,-5.823044705794936,0.008132679366212023,0.0011240813518153124,0.001953587601653593,-13.552104059764112,62.30458620277643,499.5912316062957,6881.2980135920225,0.0008995824671615541,53.00359285683884,357.57064811537015,236.90097698474523,319.869528428023
15 Jul 2026 12:51:00.000000000,-6493.40780637845,-1180.2312841717783,-1930.3080732467488,2.497031645666777,-4.3996780843490795,-5.6932420807322,0.007965772410505478,0.00145082069496166,0.002378633237998174,-16.546940307703267,64.50904086289056,499.87614264190785,6880.799453479509,0.0008945488126492156,53.00202680733496,357.5699838677908,243.522369714497,317.05606809165124
15 Jul 2026 12:52:00.000000000,-6329.361079087921,-1441.4117475588807,-2267.376377833171,2.9691862477097657,-4.3031454215827765,-5.538241538477785,0.007763529072312333,0.0017710708296283782,0.002793027054099749,-19.511162853328596,66.7899102245552,500.2389606074416,6880.219808590443,0.0008809432208025951,53.000205737589255,357.5690387186028,250.39384650747994,313.9928510211837
15 Jul 2026 12:53:00.000000000,-6137.369422530517,-1696.2282209014807,-2594.405782381791,3.4281863657299017,-4.187624309404637,-5.358737154281728,0.007526885466476066,0.0020834019835482393,0.003194915760250454,-22.43772155126775,69.16393590972284,500.6707318806812,6879.569328675643,0.0008597727076492967,52.99816161216967,357.56777277085956,257.54750166938095,310.64779822565345
15 Jul 2026 12:54:00.000000000,-5918.283413398905,-1943.5564695912462,-2909.949622344293,3.871999445486999,-4.05363108505053,-5.155532379817153,0.007256934017061059,0.0023864250628282077,0.0035825092663598034,-25.318778720295633,71.64925003465876,501.1613114316084,6878.859517851021,0.0008321766253414843,52.99593034383492,357.56615178154107,265.0176769680988,306.9865799401826
15 Jul 2026 12:55:00.000000000,-5673.073527990644,-2182.305713543612,-3212.6126218215436,4.298662921157282,-3.901764069629293,-4.929536001116176,0.006954916515344053,0.002678798206791943,0.003954089049680511,-28.14552540099427,74.26556385574406,501.69955753610344,6878.10292967173,0.000799395272103404,52.993551160835494,357.5641477689979,272.84007557588154,302.9735014360101
15 Jul 2026 12:56:00.000000000,-5402.82567827184,-2411.423457695885,-3501.0570806367487,4.706292954364078,-3.732700552235697,-4.681757614007613,0.006622216446646177,0.0029592328707050454,0.004308015851751676,-30.907972271050447,77.03430688597541,502.27354348747036,6877.3129437067755,0.0007627313553670483,52.99106591518357,357.5617395101089,281.0501415310476,298.57312336177546
15 Jul 2026 12:57:00.000000000,-5108.736237650553,-2629.9001308598167,-3774.0087764898644,5.093092694193969,-3.5471934238695186,-4.413302658489652,0.006260350707396467,0.003226499403576099,0.004642736667381457,-33.594715157783725,79.97867469433123,502.8707822064919,6876.5035276971985,0.000723503071498537,52.98851834407438,357.558912918265,289.68050460175255,293.75281673733923
15 Jul 2026 12:58:00.000000000,-4792.106586235174,-2836.773512829935,-4030.2625569666147,5.4573600254120525,-3.3460674920516467,-4.125367055108127,0.005870960840508873,0.0034794321029206414,0.004956791008235859,-36.192679155482686,83.12352167500326,503.4784594834371,6875.688989616468,0.0006829877903182537,52.9859532974865,357.5556612953533,298.7573979192664,288.48634523549924
15 Jul 2026 12:59:00.000000000,-4454.337207105268,-3031.1329315345165,-4268.687598785841,5.79749477960238,-3.1302155077624856,-3.819231486998458,0.005455803911954067,0.003716933740618984,0.005248816439690853,-38.686852334282264,86.49500640348063,504.0836715113333,6874.883724101467,0.0006423563811829239,52.98341594561094,357.551985453182,308.29624359319234,282.75827954103625
15 Jul 2026 13:00:00.000000000,-4096.921366432144,-3212.1232139159524,-4488.232314288417,6.112005391199809,-2.9005939363032525,-3.4962553708320874,0.005016743145422455,0.0039379795664227476,0.005517553405851728,-41.0600311997997,90.11986345491523,504.6736623845811,6874.101957787642,0.0006026006204239336,52.980950980132995,357.54789370206146,318.2971285947164,276.5685215018639
15 Jul 2026 13:01:00.000000000,-3721.43841117183,-3378.948376107371,-4687.928887741378,6.399514987124524,-2.658218502942823,-3.157870558569778,0.004555738422145362,0.004141620806951362,0.005761849372142813,-43.292616683270964,94.02414336710389,505.2360573336584,6873.357498063542,0.0005644601772352185,52.97860182352106,357.5434017066202,328.74161103696423,269.93549794305324
15 Jul 2026 13:02:00.000000000,-3329.5467185491107,-3530.875040289629,-4866.897426499307,6.658766904776224,-2.404159542842003,-2.8055748097792277,0.00407483674004933,0.004326987688109996,0.005980662327684317,-45.36252197428344,98.23124750757533,505.7590876361806,6872.6634896606965,0.0005283608412799437,52.97640986035197,357.53853221130487,339.5929413230159,262.8959396720042
15 Jul 2026 13:03:00.000000000,-2922.9763317058705,-3667.2355673300754,-5024.349714386015,6.888629638318658,-2.1395371828481795,-2.4409250714688877,0.0035761627099894786,0.004493292016206378,0.0061730636986447015,-47.245280060562465,102.7591162980531,506.2318033785427,6872.0321833213475,0.0004943799635046183,52.97441370432847,357.5333146403339,350.80187777019546,255.49906606397226
15 Jul 2026 13:04:00.000000000,-2503.521315757077,-3787.4308958934917,-5159.592556796223,7.088101217355947,-1.8655163804490489,-2.0655305990909536,0.0030619091492561728,0.004639829358588303,0.006338240730237339,-48.914462670959466,107.61655127363899,506.6442705287889,6871.474720541535,0.0004622554922896003,52.97264851402578,357.52778457909335,2.319430857440709,247.79384107800405
15 Jul 2026 13:05:00.000000000,-2073.031868144555,-3890.933080159915,-5272.030708943331,7.256313025187449,-1.5833018425916614,-1.6810459487601008,0.0025343278151852776,0.004765980869267409,0.006475498400318191,-50.34252915347606,112.79890969827677,506.98774911273233,6871.000938081208,0.00043144942368697687,52.9711453695511,357.5219831461082,14.116308359540295,239.80952843542659
15 Jul 2026 13:06:00.000000000,-1633.406216670304,-3977.287519565842,-5361.169380382667,7.3925330657868065,-1.294132844362896,-1.2891638670081325,0.001995720300717235,0.004871214803580622,0.006584260924574367,-51.502191633203886,118.2838157560683,507.25484965001203,6870.619195568773,0.0004012666586077183,52.96993072122801,357.5159562666559,26.207632139233603,231.53097518499806
15 Jul 2026 13:07:00.000000000,-1186.5823379978451,-4046.114875105068,-5426.616310414894,7.496168689497017,-0.999277964827035,-0.8916081007474443,0.001448429098129681,0.004955087767603255,0.006664072914646928,-52.36828901612608,124.02799710586557,507.4396653984235,6870.336229117018,0.0003710224552823858,52.96902592014516,357.50975386087066,38.681946468799055,222.86960377741275
15 Jul 2026 13:08:00.000000000,-734.5295287932786,-4097.112667686105,-5468.083410233564,7.5667687872271605,-0.7000297547667684,-0.4901261467245287,0.0008948288181233477,0.005017245741296633,0.006714600240535606,-52.920002664987344,129.966642763027,507.5378783651393,6870.157033413955,0.0003402537943898088,52.96844683895813,357.50342896072044,51.735829952382275,213.62880057158276
15 Jul 2026 13:09:00.000000000,-279.2398611130261,-4130.056554856833,-5485.387968742348,7.604025461782153,-0.39769934881396785,-0.0864819567904467,0.00033731753839210093,0.005057424910907585,0.006735630643249618,-53.143059364481566,136.01645439558703,507.54683746741944,6870.084774266503,0.0003089871772440837,52.96820358973032,357.4970367715138,65.7171402825256,203.4606715322878
15 Jul 2026 13:10:00.000000000,177.280446872674,-4144.801282899194,-5478.453419864035,7.607775183007131,-0.09361103256147099,0.31755138710777575,-0.00022169175679468946,0.0050754523378363165,0.006727074131864907,-53.031441017000695,142.0826301336289,507.4656076580312,6870.120733061969,0.00027810563430220685,52.96830034387293,357.4906336945794,81.17226950739276,191.8187874356701
15 Jul 2026 13:11:00.000000000,633.0197139394742,-4141.281311880618,-5447.309669929625,7.5779994308520715,0.21090322604823486,0.7201990158866668,-0.0007797796929597223,0.005071246481961857,0.006688963186333312,-52.588154746713556,148.06861701646332,507.294989269266,6870.264284081004,0.0002498725525539856,52.96873525742543,357.4842763285081,98.84781509909182,177.9565132837224
15 Jul 2026 13:12:00.000000000,1085.9695021719408,-4119.511111787255,-5392.09298442844,7.514824827499325,0.5145092727286331,1.1196916230371765,-0.0013345290294242758,0.005044817587820373,0.006621452774246881,-51.82484363816952,153.88630542780055,507.0375072710477,6870.512905051352,0.00022852750668805177,52.969500503038866,357.47802046669017,119.45652093778587,161.16106780645757
15 Jul 2026 13:13:00.000000000,1534.1333158677078,-4079.585128339785,-5313.045434047476,7.41852275652102,0.8158762819607506,1.5142728097494578,-0.0018835332439526016,0.004996267932993001,0.0065248201775918255,-50.76035066571898,159.46414207488698,506.6973705819186,6870.8622207823,0.00022020398541754396,52.97058240812095,357.47192010899755,142.87298430272264,141.5578169517786
15 Jul 2026 13:14:00.000000000,1975.5352621712718,-4021.6774176048652,-5210.51390060965,7.289508463944747,1.1136822826150767,1.902206413531413,-0.0024244052274869604,0.0049257919243728505,0.0063994646074301284,-49.4186257015683,164.75153864319245,506.28040201509293,6871.306079171777,0.0002305921171843749,52.97196169670594,357.46602650515683,167.16748856999723,121.07644165593406
15 Jul 2026 13:15:00.000000000,2408.228642165388,-3946.040949050613,-5084.948644262785,7.128339633285272,1.4066196844336434,2.2817838068090888,-0.002954786132839992,0.004833676023017279,0.006245906578102726,-47.826466297424155,169.7193692459884,505.7939398831009,6871.836658337954,0.00026113606368135996,52.97361383075929,357.4603872468838,189.47127611135184,102.58566539263637
15 Jul 2026 13:16:00.000000000,2830.304440595344,-3853.0065773172005,-4936.901434134211,6.935714424296801,1.6934007941305627,2.6513311497493377,-0.003472354409718935,0.004720298464511611,0.006064786994846285,-46.011501142045695,174.3574943556791,505.24671272241864,6872.444603102469,0.0003086126203473662,52.975509444851866,357.4550454248933,208.24307915133744,87.62672373638011
15 Jul 2026 13:17:00.000000000,3239.899681722534,-3742.98168370399,-4767.023245688266,6.712468963607019,1.9727633077913187,3.0092165786628193,-0.003974835045627319,0.004586128737257912,0.005856865903451602,-44.000646640629725,178.67070482380055,504.6486890302043,6873.119188550282,0.0003682233032635084,52.977614866469835,357.4500388658014,223.62626293708894,76.0562215790364
15 Jul 2026 13:18:00.000000000,3635.2056180438894,-3616.4484892474757,-4576.061529242394,6.459574274687066,2.2434757637560137,3.3538573079794634,-0.00446000901637161,0.004431726774486412,0.005623020842742067,-41.8190911438325,-177.3256731351616,504.01090432485563,6873.848507918514,0.0004357566652273929,52.97989271269936,357.4453994624669,236.39057585882503,67.10438335549712
15 Jul 2026 13:19:00.000000000,4014.4757178909163,-3473.9620422776716,-4364.857055511224,6.178132634887353,2.5043429374320647,3.6837266201406615,-0.004925722932567266,0.004257741812634501,0.005364244737512229,-39.489744282408886,-173.60971023198806,503.34526824555076,6874.619681632166,0.0005079475060200086,52.982302552661956,357.44115260969966,247.26592063996463,60.04128215444404
15 Jul 2026 13:20:00.000000000,4376.0334171022705,-3316.1478845776483,-4134.340345760975,5.869373348743793,2.7542111564748524,3.997360713844049,-0.005369898846972484,0.0040649108647143085,0.0050816432656403945,-37.03303811819506,-170.15598378629238,502.6643547858711,6875.419083914874,0.0005822153976266157,52.984801623906165,357.4373167553118,256.788364215404,54.330830090481584
15 Jul 2026 13:21:00.000000000,4718.279599531128,-3143.6994015976825,-3885.527695980369,5.534647929214525,2.991973511946414,4.2933653774464275,-0.005790544173541411,0.003854056763521269,0.00477643164218704,-34.466963288309195,-166.93781469067807,501.981179105142,6876.2325830667205,0.0006563975837165156,52.98734559000301,357.433903074501,265.32531651270153,49.60559972001849
15 Jul 2026 13:22:00.000000000,5039.6997706063685,-2957.3748637748986,-3619.5168066554397,5.175424682286899,3.2165749381493844,4.570422450696507,-0.006185761643920329,0.003626085726616204,0.004449930761176161,-31.807243458747507,-163.92874480792932,501.30896466960786,6877.0457912260845,0.000728585088105558,52.98988932586299,357.4309152732742,273.12649008892544,45.61586454490837
15 Jul 2026 13:23:00.000000000,5338.870888102738,-2757.994167697637,-3337.4820320199074,4.793282695123237,3.4270171313581774,4.827296034959633,-0.006553759215731264,0.0033819844063405595,0.004103562651462001,-29.067578113291503,-161.10342451656123,500.6609047329506,6877.8443192246405,0.00079703872895975,52.992387716805766,357.4283495243846,280.3639430023296,42.18955622313396
15 Jul 2026 13:24:00.000000000,5614.467814430761,-2546.435287719526,-3040.669265145561,4.389905233680619,3.6223632755320283,5.062838409622889,-0.006892859828132615,0.0031228163927276616,0.00373884521059166,-26.259907972982095,-158.4380767883725,500.0499223629969,6878.614032012769,0.000860152911894687,52.99479645717784,357.4261945368375,287.15872817117724,39.2056152334843
15 Jul 2026 13:25:00.000000000,5865.269355314955,-2323.6304505930584,-2730.3904778426395,3.9670725623185263,3.8017425415217705,5.275995610688493,-0.007201510888336745,0.0028497181480655466,0.003357386195717011,-23.394675966933956,-155.91067543564205,499.48843334717714,6879.341300078859,0.0009164459356224428,52.997072834332236,357.4244317576712,293.59788074111304,36.57700347313463
15 Jul 2026 13:26:00.000000000,6090.163850700331,-2090.562047739838,-2408.0179370183714,3.5266542051324987,3.9643543253492872,5.465812626785325,-0.00747829336616009,0.0025638943645009383,0.0029608764680070327,-20.481069552146497,-153.500940851892,498.9881163558502,6880.013242318733,0.0009645644814648915,52.99917648405665,357.42303570234054,299.7452041733927,34.23991807713621
15 Jul 2026 13:27:00.000000000,6288.154285151147,-1848.2583018509542,-2074.978121830777,3.070600676393994,4.109472190941553,5.631438168051446,-0.007721930366022361,0.002266612747281326,0.002551082502286853,-17.527238415416353,-151.19022583785386,498.5596947003037,6880.617955928011,0.0010032952787339122,53.00107010405835,357.4219744077593,305.64818466870815,32.14687684739766
15 Jul 2026 13:28:00.000000000,6458.362886894322,-1597.7887065791972,-1732.745368616333,2.6009347153041187,4.2364474832893855,5.77212896462274,-0.007931295044917387,0.0019591982401317817,0.0021298381922736213,-14.540486505941487,-148.9613399083144,498.21273388778957,6881.144729096938,0.0010315798804730848,53.00272011287314,357.4212099998815,311.3424740414324,30.262235179581428
15 Jul 2026 13:29:00.000000000,6600.035187016432,-1340.2592600934495,-1382.8352730972233,2.119742068023796,4.344712579406186,5.887253553826771,-0.008105417751626355,0.0016430267239384779,0.0016990360007976396,-11.527440070801989,-146.79834279846133,497.95545894382724,6881.584232576216,0.0010485301031366613,53.0040972425513,357.4206993656638,316.8548071361449,28.559268400175203
15 Jul 2026 13:30:00.000000000,6712.543513137705,-1076.8075151644643,-1026.7978817213248,1.629161867365922,4.433783746683941,5.976295518607489,-0.008243492264741201,0.0013195182317008913,0.001260617519846083,-8.494194731456943,-144.68632559824897,497.7945951455247,6881.928686556152,0.0010534425995051937,53.005177054663086,357.4203949173945,322.20486575726574,27.018307547847314
15 Jul 2026 13:31:00.000000000,6795.389895126574,-808.5974701879902,-666.2107060994812,1.131376667377621,4.503263581248867,6.038856144133426,-0.008344881024865396,0.0009901297368063633,0.0008165635230185166,-5.4464452156250704,-142.6111897039405,497.73523539002633,6882.171999748216,0.0010458115796441677,53.00594037054197,357.4202454357932,327.40637778062137,25.625639935887857
15 Jul 2026 13:32:00.000000000,6848.208364042633,-536.8143270920092,-302.67159631718147,0.6286021960699097,4.552843002641962,6.074656464874868,-0.008409119265142834,0.0006563475817464128,0.00036888360552699874,-2.3896015107831587,-140.55942841683833,497.7807369187002,6882.309878073012,0.0010253390487003306,53.00637360821804,357.42019697685714,332.46758508876405,24.373040860165712
15 Jul 2026 13:33:00.000000000,6870.766629449551,-262.6591433701257,62.20848962950951,0.12307689456247713,4.582302785506164,6.083538680540342,-0.00843591796978528,0.00031967962511120093,-8.039448024932729e-05,0.6711048416709229,-138.5179126394578,497.93264954108815,6882.33990093079,0.0009919421937681816,53.006469020159436,357.42019382632185,337.39108070038765,23.25793608897324
15 Jul 2026 13:34:00.000000000,6862.967124456161,12.656593512352652,426.8127819406135,-0.3829486852874742,4.591514613836202,6.06546692598017,-0.008425165605782383,-1.83528085421933e-05,-0.0005292356779008212,3.730520705343685,-136.47368007968137,498.1906768662383,6882.261563644633,0.0009457577930747222,53.00622482770691,357.4201794848521,342.17285686871367,22.284353366995198
15 Jul 2026 13:35:00.000000000,6824.847412244732,287.9164403667389,789.5260216553129,-0.8872225502089539,4.580441648603298,6.020527387309766,-0.00837692859924727,-0.00035622308588742843,-0.0009756085471601265,6.783474057374273,-134.41372625291203,498.55267137168465,6882.076285314441,0.0008871438112947213,53.00564524992236,357.42009766642343,346.8001483988684,21.46507869071181
15 Jul 2026 13:36:00.000000000,6756.5799523535015,561.9044918444741,1148.7417705880555,-1.387501926178437,4.549138605063143,5.948927763877838,-0.008291450549890427,-0.0006924074362548319,-0.0014174961273426612,9.824675996674534,-132.32479512474123,499.0146634389162,6881.787381979972,0.0008166788083443351,53.004740426445856,357.41989329229864,351.24714117815483,20.825947368778188
15 Jul 2026 13:37:00.000000000,6658.47122950544,833.410863912448,1502.8696695155356,-1.881563835183616,4.497751341628734,5.850996083095778,-0.008169150204840958,-0.0010253930447795736,-0.001852906622223412,12.848618591333913,-130.19316735951327,499.57092378046934,6881.40000565484,0.0007351607251213616,53.00352623582989,357.4195134630037,355.4664422351501,20.414373558861755
15 Jul 2026 13:38:00.000000000,6530.960252233597,1101.2371381257908,1850.342606211048,-2.3672155146915883,4.426515967684096,5.727178882343918,-0.008010618230508009,-0.0013536859770977067,-0.0022798837887087514,15.849465033852434,-128.0044448599275,500.2140579965233,6880.921050440746,0.0006436088773531706,53.00202401266729,357.4189083911704,359.3712080953957,20.31722152044363
15 Jul 2026 13:39:00.000000000,6374.616432861944,1364.2017381812616,2189.6237559743627,-2.8423046096244446,4.335757482975119,5.5780387789760555,-0.007816612850795763,-0.0016758188509580683,-0.002696516920748996,18.820928466376582,-125.74333175881381,500.93513134838787,6880.3590275493825,0.0005432794471833094,53.00026016860971,357.4180322787797,2.7941452304078562,20.701804793813583
15 Jul 2026 13:40:00.000000000,6190.136864476536,1621.1452111584524,2519.213458750917,-3.3047290711331674,4.22588796608466,5.40425145566677,-0.007588054434281545,-0.001990358177548028,-0.0031009503305403532,21.756135748726756,-123.393414569499,501.7238212398064,6879.723911636071,0.00043572670241105716,52.998265724063884,357.41684412344205,5.380187928808757,21.923207983036477
15 Jul 2026 13:41:00.000000000,5978.343014299317,1870.9353870305504,2837.655898725734,-3.7524467020405643,4.097404333859808,5.206602093820781,-0.007326019131283767,-0.0022959113047238727,-0.0034913922426258676,24.647472466330903,-120.93694831931909,502.56859436913476,6879.026961368587,0.0003230358021609765,52.996075758917144,357.4153084395305,6.246398447005583,24.864386291499326
15 Jul 2026 13:42:00.000000000,5740.176856292071,2112.472391462886,3143.545554371767,-4.183484295339614,3.950885697386879,4.985981292351715,-0.007031731677990348,-0.002591132906200597,-0.003866123033186293,27.48640577998355,-118.35466192050391,503.45690506948677,6878.280517610717,0.00020891167966825117,52.993728792057524,357.41339588155876,2.5413391712118227,32.37679308365179
15 Jul 2026 13:43:00.000000000,5476.696468823079,2344.6934885449623,3435.533389274849,-4.595946319344361,3.7869903431231324,4.7433805127322,-0.006706557491026366,-0.0028747309729074202,-0.004223502763213636,30.263282580725516,-115.62560578053645,504.3754109969663,6877.497782981221,0.0001069332664770709,52.991266100693515,357.4110837588847,340.27959515904354,58.445857109403455
15 Jul 2026 13:44:00.000000000,5189.071125784883,2566.577731900132,3712.332756583635,-4.988023110767348,3.6064523700179447,4.479887093750787,-0.006351994181903275,-0.003145472275588548,-0.004561977971755421,32.96710227050964,-112.72707896675792,505.31020206507435,6876.692586850906,9.93924435776107e-05,52.988730991520235,357.40835643285436,270.4980625846943,132.03469387106057
15 Jul 2026 13:45:00.000000000,4878.5759116494955,2777.150404499944,3972.7249925814426,-5.357998544862501,3.410078014882767,4.1966788808541855,-0.005969662626168292,-0.003402187283390609,-0.00488008771653554,35.58526700980869,-109.63469341129144,506.24703835711347,6875.879140059571,0.00019858229281512825,52.98616803660893,357.4052055894488,243.96256431213453,162.37748991136507
15 Jul 2026 13:46:00.000000000,4546.585892563896,2975.487229478771,4215.56467758522,-5.704257159604508,3.198741698863736,3.895018515311711,-0.005561297711233895,-0.0036437745332861373,-0.005176468862056506,38.10331840558806,-106.3226594582221,507.17159267588386,6875.071783768094,0.0003143473171186569,52.983622287495756,357.40163038279195,239.31434542355973,170.83300719753038
15 Jul 2026 13:47:00.000000000,4194.569876753938,3160.7183362040505,4439.784545074779,-6.025290718389271,2.973381827691263,3.5762474277695806,-0.005128738888212515,-0.0038692044614938525,-0.005449860637134702,40.504679574336535,-102.76440954876254,508.0696934065287,6874.284736911805,0.00043015584906236815,52.981138481311596,357.3976374470868,239.7831080215432,174.17154828395252
15 Jul 2026 13:48:00.000000000,3824.0837982224543,3332.0319678000033,4644.400022591357,-6.319704202735351,2.7349963774532426,3.241779579143148,-0.004673920636585358,-0.004077522717258827,-0.0056991084951186705,42.77043658886831,-98.93370992513158,508.92756346630074,6873.531846689373,0.0005418232526047682,52.97876025291326,357.3932407769411,242.08315737582151,175.67881018285655
15 Jul 2026 13:49:00.000000000,3436.7637580566643,3488.6779181711922,4828.513390458919,-6.586221232708719,2.4846382960797513,2.8930949893510056,-0.00419886293853347,-0.004267852989850598,-0.0059231673233854885,44.87921424176094,-94.80643092480317,509.7320512858426,6872.826346413228,0.0006470055705198168,52.97652936685361,357.38846147824034,245.2310855070525,176.33820084975693
15 Jul 2026 13:50:00.000000000,3034.318757628964,3629.9706883278986,4991.317546729768,-6.82368891813681,2.2234107486008003,2.5317330912727534,-0.003705661844049455,-0.004439399388487917,-0.0061211040596861445,46.80722669591699,-90.3631292835987,510.47084999993865,6872.18062486765,0.0007439002842924056,52.974484982662524,357.38332739409947,248.8379049318184,176.53870555771576
15 Jul 2026 13:51:00.000000000,2618.5231576611463,3755.2923534151255,5132.099368902545,-7.031082147968525,1.9524622317082623,2.1592859436800778,-0.0031964801889341954,-0.004591448420396245,-0.006292099779121902,48.52860868237473,-85.59250076031763,511.1327013112739,6871.606011074747,0.0008309814977993269,52.97266296631063,357.37787261250986,252.7207133612127,176.46322236541423
15 Jul 2026 13:52:00.000000000,2191.2088965719186,3864.0951332989794,5250.24266487748,-7.207507328304789,1.6729815803129617,1.7773913329379083,-0.002673538508113307,-0.004723370615585188,-0.006435451319005173,50.016145325288434,-80.4955414909651,511.7075808186382,6871.112578065225,0.0009069347026578333,52.97109525990436,357.3721368644612,256.78301437206954,176.2082416564602
15 Jul 2026 13:53:00.000000000,1754.2575008301594,3955.9036608291226,5345.230707287367,-7.35220558161291,1.3861928858237944,1.3877257891895645,-0.0021391061671900695,-0.0048346218472659795,-0.0065505725082040216,51.242498292169536,-75.08988804604516,512.1868619610433,6870.708968896227,0.0009706440697626132,52.96980932062978,357.366164823132,260.9696526103959,175.82891118606426
15 Jul 2026 13:54:00.000000000,1309.5919192496697,4030.3169429914105,5416.648346768783,-7.464555420468317,1.0933503428979545,0.9919975387288881,-0.001595492718190251,-0.004924744399501223,-0.006636995070127504,52.18194948637818,-69.41334609864133,512.5634561140653,6870.402247760779,0.0010211955571959972,52.96882763873985,357.3600053165264,265.2472859971007,175.35856415992328
15 Jul 2026 13:55:00.000000000,859.1682123522447,4087.010011082704,5464.183700929496,-7.544074908892435,0.795733038580901,0.5919394104940922,-0.0010450394639256125,-0.004993367824271952,-0.006694369254748334,52.812540091199224,-63.525262914923495,512.8319267757718,6870.197778599293,0.001057884253842858,52.968167342989474,357.3537104673885,269.59500295910357,174.8181023165957
15 Jul 2026 13:56:00.000000000,404.9671271652295,4125.735256797066,5487.629416738979,-7.590423323073311,0.4946396951921903,0.1893017112822088,-0.0004901112029548034,-0.005040209628412551,-0.006722464251994493,53.11829828480077,-57.50446878889642,512.9885761925794,6870.099133160768,0.0010802216129943325,52.96783990038826,357.34733477553453,273.99945005539354,174.2208686376351
15 Jul 2026 13:57:00.000000000,-51.01441278111974,4146.32345172391,5486.883504853911,-7.603402321110144,0.19138337618870763,-0.21415491843284648,6.6911886621877e-05,-0.0050650758242625485,-0.006721168429157071,53.09109995789043,-51.4432634409915,513.0315031948151,6870.108029976412,0.0010879407120306952,52.96785091548751,357.34093415868944,278.45215359840927,173.57532607812806
15 Jul 2026 13:58:00.000000000,-506.77187316110417,4148.68444827164,5461.9497450337885,-7.5829566286096615,-0.11271383754910913,-0.6166666584015672,0.0006236422772190658,-0.005067861364277793,-0.00669048941617246,52.731694769629016,-45.43824499396749,512.9606314352473,6870.224305206555,0.0010809986616509973,52.96820003267795,357.33456496867,282.9479954193288,172.88658216315153
15 Jul 2026 13:59:00.000000000,-960.3017011819206,4132.807560425256,5412.937662325815,-7.529174243632113,-0.4163261944576892,-1.0164736635463532,0.001177693092698192,-0.005048550475698157,-0.0066305540567381865,52.049609773874025,-39.58006308439734,512.7777076489656,6870.4459158115815,0.001059575741249437,52.968880943173424,357.3282830001227,287.48434660492865,172.1572556139238
15 Jul 2026 14:00:00.000000000,-1409.6099158824104,4098.761623142555,5340.0620741968505,-7.442286160955576,-0.7181296362136131,-1.41182721199057,0.001726686140748504,-0.005007216895178764,-0.006541608221411141,51.061958440591845,-33.944652284062954,512.4862699785642,6870.768974981327,0.0010240710794250448,52.96988149652957,357.322142509227,292.0606186710988,171.38792553264872
15 Jul 2026 14:01:00.000000000,-1852.7206674204992,4046.6947295359,5243.642209263824,-7.32266561202563,-1.0168071726814196,-1.80099683757686,0.002268260035216153,-0.004944023997869951,-0.006424016471643009,49.7914848828193,-28.587853550494035,512.0915868336888,6871.187819244045,0.0009750948503749704,52.97118391472108,357.31619525951373,296.6781297186056,170.57726559285234
15 Jul 2026 14:02:00.000000000,-2287.684736126218,3976.8336453829697,5124.100398816841,-7.170826813601615,-1.3110542609871685,-2.1822774370716735,0.0028000784610918224,-0.004859224800051808,-0.006278261543534489,48.26432190561955,-23.54398515872751,511.6005671772127,6871.695106168571,0.00091345706800731,52.97276510501417,357.31048961152715,301.3402810520501,169.7218677475288
15 Jul 2026 14:03:00.000000000,-2712.5879415620893,3889.4829009654186,4981.960342970136,-6.987423215185654,-1.5995841803968436,-2.5539963401771946,0.003319838626302346,-0.004753161808644445,-0.006104943612892247,46.50790084103142,-18.82766702572237,511.02164355115826,6872.281941079349,0.0008401531534793711,52.974597066146224,357.30506967224636,306.05314990317163,168.81564980740458
15 Jul 2026 14:04:00.000000000,-3125.559431164841,3785.0235607883055,4817.844954065089,-6.7732452330434025,-1.8811333927373775,-2.9145203277249006,0.003825279931187658,-0.004626266679794609,-0.005904779289146785,44.549289260943596,-14.437569217657291,510.36462957044364,6872.938030727211,0.0007563465457161095,52.97664738069926,357.2999745191988,310.8267983675703,167.8485467741723
15 Jul 2026 14:05:00.000000000,-3524.7798172484163,3663.911672423209,4632.473780925704,-6.529217457181269,-2.154466875677293,-3.26226258011459,0.004314192872104048,-0.0044790596437151425,-0.0056786002799428924,42.414050971766756,-10.360778242586846,509.64055402003675,6873.651861408666,0.0006633487445563255,52.97887978504785,357.2952375128191,315.67804945319614,166.80373502481015
15 Jul 2026 14:06:00.000000000,-3908.489130318886,3526.6763965531254,4426.660018752423,-6.25639531716662,-2.4183834134371156,-3.5956895343542716,0.00478442817877833,-0.0043121486480909715,-0.005427351662816626,40.12558980890978,-6.576866685768035,508.8614740851594,6874.4108986050005,0.0005625973968612689,52.981254806909334,357.2908857091483,320.63672139265685,165.65139819014237
15 Jul 2026 14:07:00.000000000,-4274.994555753727,3373.917821335821,4201.307110894912,-5.955961193334721,-2.671720826460027,-3.91332762405838,0.005233906163271171,-0.0041262281664331815,-0.0051520896939459436,37.70487286777608,-3.0612060759801896,508.0402706203184,6875.201804831656,0.00045563362913068304,52.98373045934071,357.28693938314734,325.7613333657319,164.3330215766605
15 Jul 2026 14:08:00.000000000,-4622.6779202858215,3206.304465342311,3957.4049503304636,-5.629219961578931,-2.9133611185972756,-4.213769872892542,0.005660626244662244,-0.003922077623623466,-0.004853979092665861,35.170415481823746,0.2125922282785672,507.19042871260984,6876.010672050047,0.00034408206924490994,52.9862629790387,357.2834116710342,331.1864129517849,162.71408480961435
15 Jul 2026 14:09:00.000000000,-4950.002893878183,3024.5704747916843,3696.0256906993723,-5.2775939630078,-3.1422355171617817,-4.49568230790056,0.006062676587898941,-0.0037005593859866723,-0.00453428973569309,32.53842596007498,3.2710267878922106,506.32580711122785,6876.823264709837,0.00022964919456238273,52.98880759601972,357.28030833793275,337.3124606877362,160.394097318031
15 Jul 2026 14:10:00.000000000,-5255.521872379176,2829.5125222868796,3418.319178765186,-4.902617393661313,-3.357329378509367,-4.757810155815309,0.006438243781671695,-0.0034626162727946458,-0.004194392708676209,29.823033902122965,6.139686103873874,505.46040036699395,6877.6252692628295,0.00011427807386264695,52.991319321202326,357.27762767496944,346.1406812715634,155.37186712101345
15 Jul 2026 14:11:00.000000000,-5537.882506097365,2621.986416016896,3125.5080225486586,-4.505930114665258,-3.5576869292144377,-4.998983782353319,0.006785622462069898,-0.0032092685506737687,-0.003835755670008559,27.036550993472964,8.842690000653302,504.60809774471403,6878.402545829992,1.580139384285776e-05,52.99375373809279,357.2753605276663,81.75824634524001,63.560237980535696
15 Jul 2026 14:12:00.000000000,-5795.83383967785,2402.903430233724,2818.882311844101,-4.089270889209151,-3.742415810890098,-5.218124332207858,0.00710322477266358,-0.0029416103805489334,-0.003459937493802058,24.189733152546534,11.402447557381759,503.7824431261628,6879.141377613964,0.00011698113500242605,52.99606778469312,357.27349045520737,160.4951008650033,348.6292829132955
15 Jul 2026 14:13:00.000000000,-6028.2320292476825,2173.226369776994,2499.794010420931,-3.6544700595326955,-3.910691395234558,-5.414249025958572,0.007389589545995827,-0.0026608057001072326,-0.003068582177182851,21.29202705670745,13.83962038639196,502.9964002031613,6879.828713637139,0.00022652775969289756,52.998220511910226,357.2719940178662,169.2442605839754,343.6860065379567
15 Jul 2026 14:14:00.000000000,-6234.045603817753,1933.9653834496632,2169.651041858481,-3.2034416844621085,-4.061760835099388,-5.58647606956531,0.007643391075437717,-0.0023680835324440827,-0.0026634120081800183,18.351793314222277,16.17321181830429,502.26212726007196,6880.452400453769,0.00033142781579036535,53.00017380514354,357.2708411876217,175.58925990952062,341.14689699773277
15 Jul 2026 14:15:00.000000000,-6412.360239395636,1686.173543107251,1829.9110936128798,-2.7381751657416116,-4.194946817335232,-5.734029132577583,0.0078634473524373,-0.0020647327291631185,-0.002246220013695194,15.376504173142953,18.420728273391553,501.5907657561842,6881.001398634499,0.00043008990939276024,53.001893056359656,357.26999587483306,181.3718270987711,339.1702504980794
15 Jul 2026 14:16:00.000000000,-6562.383016202572,1430.9422073531932,1482.0751664948075,-2.260726399195256,-4.309650983930994,-5.856241352722558,0.008048727636784579,-0.0017520961659597623,-0.0018188617203528348,12.372916846598972,20.598378227773747,500.9922467367412,6881.46598005491,0.0005212630252567526,53.003347774816184,357.2694165618247,186.97657856726323,337.37147668865475
15 Jul 2026 14:17:00.000000000,-6683.446131781202,1169.3961907036364,1127.6808991961998,-1.773208494401696,-4.4053569895271805,-5.952558827129122,0.008198359235056137,-0.0014315644239390613,-0.0013832462807387828,9.347225187493256,22.721287652516775,500.47511882514993,6881.837902332809,0.0006038909239260384,53.00451212565832,357.2690570323274,192.53899427849734,335.6151229265991
15 Jul 2026 14:18:00.000000000,-6775.010045622907,902.688760934599,768.2956997724352,-1.2777821138039132,-4.481633165752114,-6.022543554075202,0.008311633374208328,-0.00110456900333849,-0.0009413270346699813,6.305193189305582,24.803719925096747,500.04640118023525,6882.11055714984,0.0006771050270782548,53.00536538686293,357.268867184017,198.12348378849484,333.83680785263266
15 Jul 2026 14:19:00.000000000,-6836.666034199562,631.9964890018331,405.5097180053975,-0.7766454887636199,-4.538134765955763,-6.065875793736443,0.008388010064610872,-0.0007725751270230938,-0.0004950915886656591,3.2522740319296473,26.859294200194313,499.71146434635017,6882.279089652791,0.0007402323364229512,53.005892316426255,357.2687939099697,203.76855579749528,331.99805143403864
15 Jul 2026 14:20:00.000000000,-6868.138138904396,358.5139774092006,40.928694294938026,-0.2720241758067082,-4.574605767723532,-6.08235582185686,0.008427121865042204,-0.00043707420273602217,-4.6551511099103065e-05,0.19371838701303684,28.90120004246246,499.47394139043666,6882.34048665369,0.0007928040397992867,53.00608342325489,357.2687820335501,209.50210894824775,330.0709837417758
15 Jul 2026 14:21:00.000000000,-6869.284493340856,83.44849412327785,-323.8332778992367,0.23383937902726398,-4.590880214956625,-6.071905056420088,0.008428776485727218,-9.957602229935512e-05,0.0004022682488261061,-2.8653244010230483,30.942408465035548,499.335671120117,6882.293631921651,0.0008345617434789551,53.00593513690348,357.2687752803613,215.34771345176216,328.03206288794365
15 Jul 2026 14:22:00.000000000,-6840.098020573137,-191.98545991321947,-687.1610380558269,0.7386963963628024,-4.586883086179437,-6.03456654410579,0.008392958176765334,0.00023839921842362452,0.000849340103455855,-5.919708746281736,32.995880853599644,499.29667452666547,6882.139327473924,0.000865460379971555,53.00544987307361,357.2687172701559,221.32761311786166,325.8590725536537
15 Jul 2026 14:23:00.000000000,-6780.706495294504,-466.5716209711191,-1047.4456544356588,1.2403023666968054,-4.562630680947735,-5.970504800383968,0.008319827884437891,0.0005753289893062464,0.0012926446103346798,-8.96419541569687,35.07477787287825,499.3551649134472,6881.880280414063,0.0008856673934361735,53.004635993617725,357.2685525112766,227.46435935550184,323.52948754983066
15 Jul 2026 14:24:00.000000000,-6691.371970298753,-739.0974413972554,-1403.0916910256467,1.7364276264178042,-4.518230521635089,-5.8800050043311645,0.00820972217063711,0.0009096964950389035,0.0017301811764626669,-11.993350837532983,37.19267048767832,499.5075914736364,6881.521055517703,0.0008955579806782122,53.00350766164748,357.26822738006246,233.78180151364145,321.01948304771423
15 Jul 2026 14:25:00.000000000,-6572.489571070891,-1008.3595481254597,-1752.5244071084394,2.224867833115969,-4.45388077331264,-5.7634715564414885,0.008063150921632732,0.0012399986533097012,0.002159978564929972,-15.001439612249436,39.36375469068591,499.74871538999315,6881.06799441603,0.0008957062116646429,53.0020845941949,357.2676910679842,240.30572263785393,318.30329841126905
15 Jul 2026 14:26:00.000000000,-6424.585666663196,-1273.169152125022,-2094.196851680755,2.7034542687500185,-4.369869189755754,-5.621426014647965,0.007880793891396827,0.0015647538953612726,0.0025801050913055986,-17.982306605707834,41.6030702908688,500.07171686448146,6880.529102859227,0.0008868718260379179,53.00039171668528,357.2668964797295,247.0642211515552,315.35285512980323
15 Jul 2026 14:27:00.000000000,-6248.315429210465,-1532.3573807153434,-2426.5968160396897,3.1700639026466573,-4.266571598657029,-5.454504430272002,0.007663496147495308,0.0018825097080693602,0.002988678406469208,-20.929244894878565,43.926721909504884,500.46833086420736,6879.913908142787,0.0008699824091879844,52.99845872522018,357.26580106635305,254.08783743302635,312.13762988640343
15 Jul 2026 14:28:00.000000000,-6044.459798389264,-1784.7805055972324,-2748.2536093254616,3.622629150905495,-4.144449943760883,-5.2634541115025355,0.007412262504035667,0.002191849844205052,0.003383874773442949,-23.834845807294066,46.35209670516087,500.929008809515,6879.233289335194,0.0008461104888005303,52.99631956430563,357.26436757869357,261.4093530898486,308.6248549668759
15 Jul 2026 14:29:00.000000000,-5813.921870772424,-2029.3250406438287,-3057.744623607399,4.059147274413177,-4.004049905732659,-5.049129847118651,0.007128251045079713,0.0024914011381294643,0.00376393776097775,-26.690827492050907,48.898067628674674,501.4431029431281,6878.4992834447075,0.0008164448625486198,52.99401182916772,357.2625647276837,269.06313066438497,304.78017828123967
15 Jul 2026 14:30:00.000000000,-5557.72273731627,-2264.91268490749,-3353.7016571828863,4.477689364129715,-3.845998127036333,-4.812489627383079,0.006812765850086808,0.0027798398747194645,0.004127186291192546,-29.487839124683127,51.58516225265753,501.9990697166751,6877.7248710951335,0.0007822551997955412,52.99157610314536,357.260367739774,277.0838134268132,300.5689633462598
15 Jul 2026 14:31:00.000000000,-5276.996795101134,-2490.505087902663,-3634.8169670664097,4.876408869376282,-3.6709990688380736,-4.554589902260222,0.006467249044754953,0.0030558976727442307,0.0044720219969558534,-32.21523937176327,54.43566422148195,502.584688220097,6876.923745639368,0.0007448487480316198,52.989055241815365,357.2577587975358,285.5041889603281,295.9584255285808
15 Jul 2026 14:32:00.000000000,-4972.986561892099,-2705.1084159719157,-3899.8490241220074,5.2535496322857895,-3.479831529926041,-4.276580419295052,0.006093272300919656,0.0033183668558584953,0.004796935860818784,-34.86085072707173,57.473595788503566,503.1872894627047,6876.110069916981,0.0007055180226161841,52.9864936164659,357.2547273575392,294.3520801298213,290.9207409604644
15 Jul 2026 14:33:00.000000000,-4647.037024084972,-2907.7777003823267,-4147.627946870813,5.607453399118818,-3.273344858820781,-3.9796986846159736,0.005692527912045162,0.003566105298593242,0.005100514126081392,-37.41069665721575,60.72450470475794,503.7939921927748,6875.298225056163,0.0006654790259827249,52.983936330273814,357.25127033976315,303.646329319472,285.4370622450648
15 Jul 2026 14:34:00.000000000,-4300.58955014989,-3097.6209496865217,-4377.060592627042,5.936566786551627,-3.0524548906544586,-3.665264090618595,0.005266819565042788,0.0037980407472249646,0.005381443487139112,-39.84873732866777,64.21494717260188,504.391940912239,6874.502555829953,0.0006258013202498487,52.98142842104502,357.24739218505,313.3923531599004,279.50196373197747
15 Jul 2026 14:35:00.000000000,-3935.175402793697,-3273.8030107758163,-4587.135287217361,6.239447688072508,-2.8181396400525736,-3.3346717530124677,0.004818052919700386,0.004013174626194177,0.005638515579939924,-42.15663335675485,67.9715243074714,504.9685417979451,6873.737117100451,0.0005873345814544488,52.97901406463417,357.2431047794789,323.5783674377067,273.12721667062164
15 Jul 2026 14:36:00.000000000,-3552.4088837676095,-3435.5491648983643,-4776.9261770639105,6.514771112052211,-2.5714347802355313,-2.9893860981701894,0.004348226099237784,0.004210585353977279,0.005870630810600466,-44.313586530622906,72.0193029833129,505.5116923741724,6873.015425827667,0.0005506409523898259,52.97673579316794,357.23842724686375,334.1740525219732,266.34312390622097
15 Jul 2026 14:37:00.000000000,-3153.980145577534,-3582.148446689149,-4945.597189813983,6.761334448706608,-2.313428936944178,-2.630934239233543,0.0038594201764347584,0.004389431198380988,0.006076801567186648,-46.29633140860481,76.37945489005835,506.01000098269515,6872.350222983717,0.0005159472619393553,52.974633741950846,357.23338561295765,345.1337675788994,259.1953058455708
15 Jul 2026 14:38:00.000000000,-2741.647704375482,-3712.9566759142504,-5092.405591932544,6.9780621678786705,-2.045258823709841,-2.2608991763681616,0.0033537897255148407,0.004548952709055034,0.006256154869322705,-48.07937817070867,81.06601681325648,506.45299235709393,6871.7532495044725,0.0004831333704201789,52.97274493843921,357.2280123472162,356.40598637856925,251.73526488593777
15 Jul 2026 14:39:00.000000000,-2317.230688073326,-3827.3991931539226,-5216.705133710934,7.164009953231801,-1.7681042425536944,-1.8809128530887789,0.0028335534930402154,0.004688474771712361,0.006407934518149702,-49.63562505652199,86.08185812301606,506.8312959174189,6871.235040135884,0.00045176988151170226,52.97110264593688,357.22234579016003,7.949354942458759,244.00432805488873
15 Jul 2026 14:40:00.000000000,-1882.6008532903063,-3924.973292017324,-5317.94877396462,7.318368281002239,-1.483182971553128,-1.4926490968880035,0.002300985219172437,0.004807408327528009,0.006531502806599009,-50.93744979502361,91.41427373371167,507.1368137494903,6870.804738697372,0.00042121013768889033,52.9697357737053,357.2164294764095,19.754376522084893,236.01196236618134
15 Jul 2026 14:41:00.000000000,-1439.6744041946595,-4005.250341688749,-5395.690978283701,7.440465452887156,-1.191745557994706,-1.097816468693573,0.0017584046243014552,0.004905251803076762,0.006626341851372529,-51.95832978674157,97.03107441987025,507.3628656119437,6870.46993789736,0.00039073209104521637,52.968668364009275,357.21031136536607,31.86948086215776,227.7097059330674
15 Jul 2026 14:42:00.000000000,-990.4036456961635,-4067.8775946473224,-5449.5895860687515,7.529770092984047,-0.8950700331974146,-0.6981510421340429,0.0012081685581468347,0.004981592293812611,0.006692054603886176,-52.67491361603685,102.87846416658502,507.50430871519666,6870.236546404,0.0003597226909089453,52.96791916525982,357.204042993137,44.431971599146785,218.96022098208894
15 Jul 2026 14:43:00.000000000,-536.7685028476646,-4112.5796752947535,-5479.407242744667,7.585893118029781,-0.5944565626556798,-0.2954091303919975,0.0006526622921929317,0.005036106539227105,0.006728365589836467,-53.06928531916857,108.88207546285643,507.557630434167,6870.1086854046125,0.0003279075256456022,52.96750129888666,357.19767856074606,57.70730925399489,209.49801130201945
15 Jul 2026 14:44:00.000000000,-80.76793779369245,-4139.159745977633,-5485.012394521951,7.608589188636788,-0.2912220430667807,0.10864002427063417,9.429092265246014e-05,0.005068561720077963,0.006735121415923861,-53.13099180439108,114.95197096825645,507.5210125450185,6870.088616387685,0.00029565453122960296,52.967422025909045,357.1912739747745,72.14019400271529,198.87833993706704
15 Jul 2026 14:45:00.000000000,375.5887048421769,-4147.500347533964,-5466.379843902998,7.597757646958342,0.013305343876862488,0.5122215853200421,-0.0004645291583366494,0.00507881610219795,0.006712291073712363,-52.85834486980719,120.99119634746171,507.39436601209536,6870.176701358697,0.00026441563791911553,52.96768261739722,357.18488585751345,88.40296954819048,186.428825793754
15 Jul 2026 14:46:00.000000000,830.2903933822016,-4137.5639120429205,-5423.5908648549475,7.553442943423323,0.31779161209568385,0.9135624693271989,-0.0010213787731720126,0.005066819539674744,0.006659966054497874,-52.25863938069517,126.90607676737831,507.17933579138446,6870.371396162569,0.00023735507082524982,52.96827833116706,357.1785705441819,107.34361348839414,171.3014537578653
15 Jul 2026 14:47:00.000000000,1281.333114851214,-4109.392945972026,-5356.832877235239,7.475834552096215,0.6209024779730815,1.310898694841802,-0.0015738445036111999,0.005032613842456413,0.00657836027847162,-51.347224422647734,132.61568776108913,506.87927555966445,6870.669277038253,0.0002198842696857348,52.96919849515389,357.1723830850625,129.5241781743264,152.93413432128867
15 Jul 2026 14:48:00.000000000,1726.7285602475856,-4063.1098823950165,-5266.398680713088,7.365266371048315,0.9213088850655119,1.7024827211932123,-0.0021195273221063047,0.004976333001041217,0.006467809824950676,-50.145690463960065,138.05829765535287,506.4991927217679,6871.065099980968,0.00021877557584874474,52.97042669600785,357.1663762702827,154.07781104784127,132.19368371993824
15 Jul 2026 14:49:00.000000000,2164.5127583425965,-3998.916601474639,-5152.6852491346335,7.222215601136983,1.2176925376939671,2.086590764642861,-0.0026560513562664716,0.004898203250785412,0.006328772437242458,-48.67963638831647,143.19382970618463,506.0456644912557,6871.551891943068,0.00023845647436025584,52.971941069574214,357.160599694627,178.2002484351634,111.88433059967078
15 Jul 2026 14:50:00.000000000,2592.754626477119,-3917.0936189760364,-5016.192087074968,7.047301093986176,1.508751433101195,2.461530077367989,-0.003181072826141286,0.004798542951741084,0.006161826767308929,-46.97648639887245,148.0027619162714,505.5267262796957,6872.121072370264,0.0002778565778374532,52.9737146881014,357.15509887897315,199.21766658080537,94.67986541804369
15 Jul 2026 14:51:00.000000000,3009.5644062161496,-3817.998943240626,-4857.519151255174,6.841281157966203,1.7932053800524368,2.8256461721903925,-0.0036922891803311373,0.004677762246967372,0.00596767130903393,-45.06368491355568,152.48271298880786,504.9517340646822,6872.762603055661,0.00033229614586238087,52.97571603729214,357.1499144640492,216.4494861843405,81.26083631254251
15 Jul 2026 14:52:00.000000000,3413.1019509802745,-3702.0666018471684,-4677.364340615304,6.605050809776059,2.0698014894487766,3.177329972827333,-0.004187448444106239,0.004536362459691837,0.00574712296628259,-42.967409902514895,156.64409214833267,504.33120283280454,6873.46516380493,0.00039687884791349623,52.977909574708846,357.14508149076914,230.52709643996107,70.9958254289489
15 Jul 2026 14:53:00.000000000,3801.5848320078976,-3569.804840123244,-4476.520560156004,6.339638458983707,2.337319619899542,3.515024865898028,-0.004664358773959402,0.004374935181590039,0.005501115192487398,-40.711793942865945,160.50585690142177,503.67662360634165,6874.216350950144,0.0004677402172691603,52.98025635959294,357.14062878001766,242.30169492838348,63.03360935449711
15 Jul 2026 14:54:00.000000000,4173.296228282032,-3421.7939947672066,-4255.872365181372,6.046202013664932,2.594577758342834,3.837233627184599,-0.005120898196581056,0.004194161004428467,0.005230695639589989,-38.31855853632905,164.09195567115916,503.00026195557064,6875.002895336757,0.0005419318600305601,52.9827147428839,357.13657842283885,252.44515124976962,56.70229576255537
15 Jul 2026 14:55:00.000000000,4526.59256526799,-3258.6840471605356,-4016.3921944174676,5.726024397307802,2.8404373127661806,4.142525190719158,-0.005555024489419633,0.003994807844870821,0.004937023252365937,-35.80694233544587,167.42864625578207,502.31494126470994,6875.810896041898,0.0006170824894905656,52.98524110515407,357.13294539013066,261.42179920203296,51.53753145949015
15 Jul 2026 14:56:00.000000000,4859.910866974877,-3081.1918623581255,-3759.136202389741,5.380508470121746,3.073808291280211,4.429541225766092,-0.005964785142087024,0.003777728815463211,0.004621364749817573,-33.19381447716626,170.54264502078257,501.6338143498473,6876.626065775745,0.0006911603434522573,52.98779062932431,357.129737268661,269.5435644172562,47.227374918792954
15 Jul 2026 14:57:00.000000000,5171.7757853955645,-2890.0981214215826,-3485.2397037488595,5.011171352212364,3.2936543389788704,4.697002483289366,-0.006348327318190121,0.003543859598360046,0.004285090441362628,-30.493889138971493,173.45995611414375,500.9701273124054,6877.4339836727995,0.000762344067324817,52.990318094411805,357.12695412814367,277.0216619993566,43.560598756398726
15 Jul 2026 14:58:00.000000000,5460.806271464028,-2686.2439565263885,-3195.91224459099,4.619638151280393,3.4989976016922437,4.943714870781201,-0.00670390772391428,0.003294215287160688,0.003929669338347625,-27.71998366159268,176.2052076153515,500.33697974178267,6878.220351008935,0.0008289619184192375,52.99277867619464,357.1245885216282,284.0020621087631,40.391224200432866
15 Jul 2026 14:59:00.000000000,5725.721851988005,-2470.5273001946525,-2892.4323183816036,4.207635103684353,3.6889233838212263,5.168575212202838,-0.007029902271587717,0.0030298866683370613,0.003556663530767016,-24.88328428035966,178.8013404698101,499.7470855444239,6878.971245283922,0.0008894691305812386,52.99512874056449,357.1226256191471,290.58802277431914,37.61598827492756
15 Jul 2026 15:00:00.000000000,5965.348477756086,-2243.898962023186,-2576.141746740518,3.776982144621326,3.8625845661271145,5.370576648529199,-0.007324815419027937,0.0027520359268070156,0.003167721817131487,-21.993599263642825,-178.7304708034644,499.21253876572877,6879.673368098017,0.000942445764275393,52.997326615479075,357.1210434721509,296.85420887165157,35.16022475905497
15 Jul 2026 15:01:00.000000000,6178.62390919746,-2007.3584483445563,-2248.4397480373564,3.3295849306306327,4.019205748728115,5.548813634085197,-0.007587289057324915,0.002461891771434313,0.00276457259085893,-19.059589727089044,-176.37075339142788,498.7445887753375,6880.314282322515,0.0009866051812826725,52.99933332782115,357.11981340398853,302.8556076381085,32.96894855358191
15 Jul 2026 15:02:00.000000000,6364.602607606069,-1761.9495423513197,-1910.7767194220135,2.867426345395844,4.158087084685591,5.702486484590544,-0.007816110814392896,0.002160743988759052,0.0023490160036008477,-16.088974867477393,-174.10158750952155,498.3534291005446,6880.882634225736,0.001020807585447312,53.001113292107185,357.1189005194086,308.6332356696876,31.001148511895558
15 Jul 2026 15:03:00.000000000,6522.460102044451,-1508.7556642751517,-1564.6477605113787,2.3925575276570914,4.278607770502085,5.830905434634614,-0.008010221647975418,0.0018499374488349406,0.0019229154462558219,-13.088712094623055,-171.90641287450833,498.0480040107015,6881.368356461444,0.001044075387517995,53.002634938860176,357.1182643239228,314.2178300036137,29.226096135606348
15 Jul 2026 15:04:00.000000000,6651.4968046188205,-1248.895033175298,-1211.585969399969,1.907088467674088,4.38022916162241,5.933494165187249,-0.008168722601000501,0.0015308655982805381,0.0014881884032376166,-10.065154521683048,-169.76981452536592,497.8358366781366,6881.762848158391,0.001055608422226665,53.003871271546934,357.117859442021,319.6322269475006,27.6209664783405
15 Jul 2026 15:05:00.000000000,6751.141249824204,-983.5156537540139,-853.155543908695,1.4131782258875034,4.462497483587806,6.009792765670116,-0.008290880604939271,0.0012049634904015617,0.0010467967543748753,-7.024189202235091,-167.67730201626404,497.72288236815416,6882.059128758197,0.0010547977719723896,53.004800342263174,357.1176364213474,324.8928349884209,26.16936492964689
15 Jul 2026 15:06:00.000000000,6820.952737090785,-713.7901532616514,-490.94472295554294,0.9130248339063646,4.52504611283169,6.059460099996362,-0.008376133232388422,0.0008737004142400791,0.000600736613555944,-3.9713598382222695,-165.61508928654575,497.7134096501411,6882.251962731669,0.0010412373967545532,53.00540563780538,357.1175426085981,330.0104167404655,24.86054492640558
15 Jul 2026 15:07:00.000000000,6860.6233594404885,-440.9104950212158,-126.55860459243873,0.40885494355214297,4.567597405110921,6.082275551710456,-0.008424092312203556,0.0005385721942344538,0.00015202780542530439,-0.9119777172111685,-163.56987820442913,497.8099120805429,6882.337952845675,0.00101473307430376,53.00567636936994,357.11752308148453,334.9902520162202,23.689244512768845
15 Jul 2026 15:08:00.000000000,6869.979405252691,-166.08259626748793,238.3881214640459,-0.09708670585314055,4.589964054172975,6.078140129786735,-0.008434546342855807,0.00020109324157159276,-0.00029729690759564,2.148775453942305,-161.52864611336295,498.0130522015944,6882.315600248482,0.0009753084020667631,53.00560766083828,357.1175216202664,339.8316133658804,22.656210411870088
15 Jul 2026 15:09:00.000000000,6848.982124446622,109.47912109263117,602.2784880839708,-0.6025479285378798,4.592049968317145,6.047076923594822,-0.008407461665241388,-0.000137211554993014,-0.0007452027286404897,5.205749266600072,-159.47843615485434,498.32163904064527,6882.1853302728305,0.0009232078704121473,53.00520063241237,357.1174817015699,344.5262904774193,21.769673223074626
15 Jul 2026 15:10:00.000000000,6797.727854852744,384.557217631983,963.5005725760863,-1.105279766437388,4.573850657894835,5.989230902824733,-0.008342982371131558,-0.00047481500766300924,-0.0011896637371765259,8.253727408886808,-157.40614836723407,498.7326396036173,6881.949483512524,0.0008588973746350034,53.004462378222954,357.11734749694557,349.0555473786459,21.04838981137436
15 Jul 2026 15:11:00.000000000,6716.447509070679,657.9367320359381,1320.4547869277294,-1.603047120812157,4.535453132345675,5.904868065574926,-0.008241428958540947,-0.0008101957840111917,-0.0016286736838183964,11.287328098310729,-155.29832939245605,499.2412241507887,6881.612272391978,0.0007830631795538649,53.00340583841132,357.1170648584641,353.3841444240438,20.527620913453593
15 Jul 2026 15:12:00.000000000,6605.5054266182,928.4106558828568,1671.5610976375667,-2.093639266756487,4.477035310930923,5.794373945134622,-0.008103295759793515,-0.0011418464456168147,-0.002060256548868787,14.300898660174635,-153.14095902287963,499.84084434467053,6881.179704105943,0.0006966117806243484,53.00204956805215,357.11658227397453,357.4482511016449,20.27121793254916
15 Jul 2026 15:13:00.000000000,6465.397600575471,1194.7853586483254,2015.2661371852673,-2.574880178497996,4.398864956741119,5.658251493028504,-0.007929247197214433,-0.0014682812826941763,-0.002482476750948938,17.288400670918637,-150.91923287629135,500.5233426879608,6880.659471442538,0.0006006768398559658,53.00041740710362,357.11585177515974,1.1292104596948163,20.397858129477395
15 Jul 2026 15:14:00.000000000,6296.749292140435,1455.8859347484058,2350.0501704281855,-3.04463859720351,4.301298148667458,5.497118362442387,-0.007720112940063556,-0.001788043862905489,-0.002893448901743849,20.24328197849488,-148.61734243003127,501.27909104268554,6880.060813601613,0.000496650844717138,52.99853805731293,357.1148297824367,4.190097076098404,21.144486293614875
15 Jul 2026 15:15:00.000000000,6100.3120504574,1710.5614454630709,2674.433880837477,-3.5008377780222855,4.184777310695622,5.311703622030681,-0.007476882055492677,-0.002099714221031068,-0.0032913470153171703,23.158331861812254,-146.21825687371174,502.0971554566147,6879.394349671951,0.0003863018802033271,52.99644457363836,357.11347787184513,6.096627957773377,23.04540351306195
15 Jul 2026 15:16:00.000000000,5876.960158700575,1957.6900298688838,2986.9849434257203,-3.941464859131817,4.0498288219832235,5.1028439351729595,-0.007200696262223039,-0.0024019156267273026,-0.0036744130954904195,26.025515724580355,-143.70351636630213,502.9654840333817,6878.6718879205,0.000272243626540956,52.99417377924381,357.1117634504815,5.382551591724909,27.56687782788696
15 Jul 2026 15:17:00.000000000,5627.686530623518,2196.1838604312006,3286.324353445097,-4.36457980242306,3.897060234610278,4.8714792438668,-0.006892842405829774,-0.0026933208789765573,-0.004040965040592381,28.83578624944526,-141.05305417334424,503.8711141786352,6877.906214467517,0.00016054256529211413,52.991765614455545,357.10966032867265,356.4703853423321,40.28640657705233
15 Jul 2026 15:18:00.000000000,5353.59808458859,2424.993920604023,3571.1324823733726,-4.768323862913846,3.727157128572922,4.618647999534662,-0.006554744284830006,-0.0029726580896424276,-0.004389403823704889,31.578869213383644,-138.2450769467847,504.8003952432333,6877.110865265949,8.495372801441682e-05,52.98926243121647,357.10714917892005,310.9776663895919,89.58646524858915
15 Jul 2026 15:19:00.000000000,5055.910624438344,2643.1145836185665,3840.1548352983755,-5.150927551770983,3.540879635474957,4.345481985032945,-0.006187953958651452,-0.0032387159315780986,-0.004718219924203859,34.24302472621702,-135.256049403134,505.73922236849654,6876.299885564376,0.00014081764656667054,52.98670824551557,357.10421787363856,253.99817260102236,150.37328644377232
15 Jul 2026 15:20:00.000000000,4735.943258443956,2849.5879735687877,4092.2074865007753,-5.510718065706641,3.339058663434028,4.053200773066261,-0.005794142667467733,-0.003490348340411093,-0.005025999004186168,36.8147892994355,-132.06085300649434,506.6732772182558,6875.48758121197,0.0002515105726008536,52.98414796098998,357.10086169587515,241.48838845658148,166.69039383853962
15 Jul 2026 15:21:00.000000000,4395.112388976022,3043.508091859714,4326.182172744551,-5.846126163219057,3.1225918559793913,3.7431058660657026,-0.005375091489168111,-0.003726478671819271,-0.005311426840281941,39.2787119699924,-128.63321812509832,507.58827125344624,6874.688266256216,0.00036797846533108533,52.981626577384084,357.09708341941194,239.77025183126722,172.21585533911573
15 Jul 2026 15:22:00.000000000,4034.925306496619,3224.02469404049,4541.051026463246,-6.155692475448821,2.8924393172061156,3.4165745614470233,-0.004932681852307047,-0.003946103330195212,-0.005573293539500797,41.61710998694053,-124.94656292759613,508.47018726216703,6873.91601129497,0.0004822356874259667,52.9791883977973,357.09289325697176,241.19160700069537,174.60183006723796
15 Jul 2026 15:23:00.000000000,3656.9734220089426,3390.346903942739,4735.870933612242,-6.438073246084405,2.6496191342421715,3.0750535841325783,-0.004468886007944069,-0.004148294893552682,-0.005810497078719677,43.8098874505717,-120.97540167103557,509.3055149924561,6873.184396975023,0.0005912021712327155,52.976876248653234,357.0883086775611,243.90191827948638,175.69885476484384
15 Jul 2026 15:24:00.000000000,3262.9251722534905,3541.7465538553097,4909.78750340117,-6.692045500595883,2.395202726265218,2.720052525423962,-0.0039857575487595555,-0.004332204768232731,-0.006022046218245876,45.834483827949775,-116.6974915420588,510.0814769373715,6872.506276885308,0.0006928191059909408,52.97473072608253,357.0833540962666,247.25926965548777,176.14884425397574
15 Jul 2026 15:25:00.000000000,2854.5186317800926,3677.5612411469997,5062.0386393725385,-6.916511649933233,2.130310046999191,2.353137123925923,-0.00348542205131602,-0.004497065418612574,-0.0062070628544629745,47.6660456608178,-112.09683821058428,510.7862405820539,6871.893553880232,0.0007854161734319181,52.97278948193098,357.07806044204256,250.98604993817278,176.22940643134254
15 Jul 2026 15:26:00.000000000,2433.5538655893392,3797.1970932881077,5191.957703334585,-7.110503537605697,1.8561046649346995,1.975922420406308,-0.0029700678907215003,-0.004642192215680629,-0.006364783873273159,49.277935775575344,-107.16753032644226,511.409113729715,6871.356973593973,0.0008675643363260922,52.97108656189472,357.0724646111993,254.94386984711576,176.07892536857332
15 Jul 2026 15:27:00.000000000,2001.8850554170747,3900.1312345836295,5298.976265457238,-7.273185941672705,1.5737887426191184,1.590065814435052,-0.0024419372632221914,-0.004766984955196054,-0.006494562574219664,50.6426938114141,-101.91808114422514,511.9407198682433,6870.905938577168,0.0009380396019049267,52.96965180735831,357.06660881623486,259.05671109108795,175.77341246371932
15 Jul 2026 15:28:00.000000000,1561.4124319904784,3985.913949122181,5382.626435393205,-7.403859544621701,1.2845979333730417,1.1972600465747896,-0.0019033174308932537,-0.004870929095139093,-0.0065958697325418795,51.73351705162326,-96.37552802477451,512.3731509121953,6870.548346111084,0.0009958186408926474,52.96851033138467,357.0605398415339,263.27987538928943,175.35755768777932
15 Jul 2026 15:29:00.000000000,1114.0740447845292,4054.170535455165,5442.542770599652,-7.501963384411235,0.9897962108744007,0.7992261259737512,-0.0013565321842492206,-0.004953596760290468,-0.006668294362672136,52.52622141107096,-90.58809719200912,512.7000950484354,6870.290452337698,0.0010400840511088547,52.96768207799909,357.0543082189967,267.58582270609054,174.85889164953807
15 Jul 2026 15:30:00.000000000,661.8374000168808,4104.602849366946,5478.463759116988,-7.567076799198338,0.6906706443200665,0.39770621963567293,-0.0008039335008638042,-0.005014647555103303,-0.006711544236684371,53.001472827473286,-84.62504899143231,512.91693782135,6870.1367648954465,0.0010702316427338423,52.967181472446036,357.0479673381517,271.9571016164257,174.2948555556316
15 Jul 2026 15:31:00.000000000,206.69099691009745,4136.990531782901,5490.232874939829,-7.59892087656329,0.3885261294939157,-0.0055434834397017595,-0.00024789336550702087,-0.005053829222881885,-0.006725446206085982,53.146899628624325,-78.57270131247732,513.0208350101416,6870.089965775775,0.0010858766963884926,52.967017168501364,357.0415725063367,276.3825734572861,173.67657740402365
15 Jul 2026 15:32:00.000000000,-249.3642082960691,4151.191919422265,5477.799204824488,-7.59735941555999,0.08468008413799467,-0.40875992245137505,0.0003092042956284994,-0.00507097817942696,-0.006709946361349596,52.958601836381455,-72.5267015091295,513.010756272389,6870.150865621563,0.0010868578258398493,52.967191897224644,357.0351799754665,280.8552994303028,173.01098523882115
15 Jul 2026 15:33:00.000000000,-704.3233816442228,4147.144636268305,5441.217645961125,-7.562399406849186,-0.21954288548057568,-0.8101803203408523,0.0008649716218791262,-0.00506601993882179,-0.006665110049008908,52.441653216819965,-66.58202026788476,512.8874989528057,6870.318390182147,0.0010732377888543877,52.96770241976078,357.0288459524234,285.37133544523545,172.30201267042457
15 Jul 2026 15:34:00.000000000,-1156.1864051090058,4124.8658643049985,5380.6486744398235,-7.494191032707719,-0.5228163405876397,-1.2080493363508806,0.0014170248252446992,-0.005038969440329818,-0.006591121754241766,51.60945177944252,-60.823115885161414,512.6536718813619,6870.589599125396,0.0010453009380036436,52.968539584984484,357.022625610447,289.9290696319612,171.5512617250955
15 Jul 2026 15:35:00.000000000,-1602.9664558888358,4084.452292347848,5296.357684923116,-7.393027185125612,-0.8238173826404794,-1.6006262075031414,0.0019629922578442405,-0.004989931275212742,-0.006488284843162684,50.48210438192462,-55.31664169115951,512.313649410608,6870.95973689209,0.001003547202078952,52.96968849095035,357.0165721187987,294.52893182663087,170.75829371213712
15 Jul 2026 15:36:00.000000000,-2042.6985422520147,4026.0797421521997,5188.713902436325,-7.259342496682748,-1.1212320363681127,-1.9861918699014476,0.0025005225960154265,-0.004919099798945269,-0.006357021141528325,49.08427144736831,-50.1079933740505,511.8734963662836,6871.422314766352,0.0009486826220633452,52.971128747301044,357.01073570773065,299.1734217432546,169.92060139003107
15 Jul 2026 15:37:00.000000000,-2473.4479664803634,3950.0024714030737,5058.188867771947,-7.093711875718011,-1.4137606356427481,-2.3630560491524397,0.0030272931899745343,-0.00482675910619025,-0.006197870316177545,47.44295200653919,-45.22159465196099,511.3408650075144,6871.969222834594,0.0008816065697516215,52.972834834025605,357.0051627850944,303.8675057271277,169.03321252847618
15 Jul 2026 15:38:00.000000000,-2893.318684852428,3856.552153685269,4905.35449871074,-6.896848534656724,-1.7001232030532758,-2.729564306784122,0.0035410186173227744,-0.004713282836558654,-0.006011489013822734,45.58557752787555,-40.66382833868482,510.7248655112297,6872.590870018682,0.0008033958729739638,52.97477655027892,356.99989512008636,308.61958013344974,168.08772681665988
15 Jul 2026 15:39:00.000000000,-3300.4615338650324,3746.1365361455078,4730.8807301378865,-6.669601498455835,-1.9790648118707252,-3.08410502650518,0.004039459466076733,-0.0045791337720715595,-0.005798649703235177,43.53859988802194,-36.427226775283714,510.0359119071981,6873.2763499050425,0.0007152861805993506,52.97691954540443,356.9949691084098,313.44350411641153,167.07028332664538
15 Jul 2026 15:40:00.000000000,-3693.0822910792413,3619.2377763090694,4535.532737203962,-6.412952579114186,-2.24936091651845,-3.425116320632312,0.004520431352844866,-0.0044248631768008875,-0.00556023915437283,41.32659541532854,-32.49477967318765,509.2855457916191,6874.013629653872,0.0006186510721144555,52.97922592286508,356.99041513174694,318.3629738005528,165.957186554925
15 Jul 2026 15:41:00.000000000,-4069.449538077642,3476.4104604481613,4320.167747002775,-6.1280128022513445,-2.5098226347354204,-3.7510928331257447,0.004981814169904805,-0.004251109833717251,-0.005297256494923939,38.971806767724466,-28.843670872735224,508.48624053333907,6874.789758870291,0.0005149798080824624,52.981654906516184,356.9862570227426,323.4217818040604,164.70464706761138
15 Jul 2026 15:42:00.000000000,-4427.9022923132325,3318.2793069591266,4085.7314457271027,-5.8160182728343335,-2.7593019616423207,-4.060592411768478,0.005421561529918764,-0.0040585987232054305,-0.005010810772584988,36.494006740441826,-25.448168999745036,507.6511890509717,6875.591094958674,0.00040585587283898045,52.98416355756145,356.98251164494127,328.71153125243995,163.22106760776572
15 Jul 2026 15:43:00.000000000,-4766.8573737612705,3145.5365595395774,3833.2539901183786,-5.478325469536842,-2.996696892713414,-4.352242617941117,0.005837710359781242,-0.0038481392931332,-0.0047021179598168514,33.91057162813855,-22.28166924338351,506.7940785739728,6876.403541167777,0.00029294400327605223,52.98670752964528,356.9791885950349,334.46474424033636,161.27393470340178
15 Jul 2026 15:44:00.000000000,-5084.8164718886555,2958.9390763773176,3563.8456339757968,-5.116405960590525,-3.220956429777524,-4.624747038847907,0.006228390578896184,-0.0036206232743714174,-0.004372497344479542,31.236674206545494,-19.31801749315353,505.9288560965236,6877.212793277758,0.00017803098554173974,52.989241848862406,356.97629003270237,341.50868349649215,158.03599701967792
15 Jul 2026 15:45:00.000000000,-5380.372878091626,2759.3051232226408,3278.69198274586,-4.731840538590183,-3.4310854413971836,-4.876891363700493,0.006591834773954515,-0.003377021996737796,-0.004023367252882084,28.485532747090065,-16.532287446370283,505.0694884808743,6878.004590685122,6.381021524316508e-05,52.99172170502296,356.97381064105747,356.56457426850824,146.78604343738817
15 Jul 2026 15:46:00.000000000,-5652.217848789224,2547.5108799948944,2979.048891605825,-4.326312777257546,-3.6261493466637433,-5.107549182694429,0.006926387771943766,-0.0031183831725055556,-0.0036562400688021613,25.66867535129669,-13.90117027716537,504.22972135578476,6878.764967515015,5.597661961147965e-05,52.994103240306146,356.9717377184824,147.76928186997492,359.3872254151062
15 Jul 2026 15:47:00.000000000,-5899.146564732088,2324.4866724913663,2666.237024993833,-3.9016020195825796,-3.8052785896309484,-5.315687465677744,0.007230515998353621,-0.0028458271218985993,-0.0032727165228478563,22.796196003763328,-11.403105712960576,503.4228410764843,6879.480499338486,0.00016608814750368226,52.99634432146938,356.9700514002969,164.80093182731062,346.16143669850715
15 Jul 2026 15:48:00.000000000,-6120.063652871748,2091.2129427689256,2341.6360981598827,-3.459575813842418,-3.9676728704270796,-5.500371676363131,0.007502816496373107,-0.002560542426040002,-0.002874479242013743,19.876990368433166,-9.0182497693738,502.6614440555735,6880.1385410985085,0.0002734707232160414,52.99840528205717,356.968725006437,172.2187317790857,342.54949122594553
15 Jul 2026 15:49:00.000000000,-6313.988238356494,1848.7159738220905,2006.678823970079,-3.0021818215474814,-4.112605098613676,-5.660770477863632,0.00774202548081598,-0.0022637810068235867,-0.00246328556812116,16.91896668441444,-6.7283453191401374,501.9572177319707,6880.727451956032,0.00037544677327130597,53.0002496215648,356.9677255091549,178.33772245480142,340.2363719060465
15 Jul 2026 15:50:00.000000000,-6480.058495904439,1598.0633862437774,1662.8445908136855,-2.531439229135935,-4.239425034657966,-5.796159986311988,0.007947026293782898,-0.0019568526444043188,-0.0020409596692371927,13.929231434023805,-4.516539192649642,501.32073731157146,6881.236802957968,0.0004706046895124388,53.001844649253265,356.9670141125751,184.07970377259556,338.30030423152743
15 Jul 2026 15:51:00.000000000,-6617.535671950091,1340.359426571958,1311.6528999986576,-2.0494297029987005,-4.347562586493958,-5.9059275313646475,0.008116856639119588,-0.0016411189592534425,-0.0016093839888797986,10.914251808491834,-2.3671732688269485,500.7612821861501,6881.657563701088,0.0005577845992175503,53.003162061266536,356.96654693404236,189.699787893316,336.4862028962412
15 Jul 2026 15:52:00.000000000,-6725.807551566707,1076.7400689540339,954.6565933867489,-1.5582879348964038,-4.436530730064404,-5.989574885495909,0.008250714967904499,-0.001317986895356581,-0.0011704900911870893,7.879998147617679,-0.2655658096802794,500.286675615381,6881.982264516979,0.0006360189458948451,53.00417844085943,356.9662757753515,195.30159290775447,334.69047774391186
15 Jul 2026 15:53:00.000000000,-6804.391347200235,808.3679535506512,593.4349041794522,-1.0601918318014922,-4.505928025437115,-6.0467209280874625,0.008347965911359655,-0.0009889017580548384,-0.0007262489805754309,4.832069991056758,1.8022081783879926,499.90315084549013,6882.205131128236,0.0007045327633111115,53.00487567287832,356.9661489703959,200.9394429230246,332.8588332884473
15 Jul 2026 15:54:00.000000000,-6852.93598967983,536.4271867112732,229.5863656440287,-0.557352410416556,-4.5554407035204285,-6.0771037153358645,0.008408144660968158,-0.0006553398681399475,-0.0002786609852199449,1.7758094774659583,3.849533608735645,499.61524634305886,6882.32218921792,0.000762751610218952,53.005241265131765,356.96611229435865,206.64837515318288,330.9562612071961
15 Jul 2026 15:55:00.000000000,-6871.2238057426,262.11802932489513,-135.2783858731099,-0.052003461873028824,-4.584844302484998,-6.080581932804646,0.008430960218726686,-0.0003188009055630398,0.00017025469264139397,-1.2835942364564275,5.88946808786852,499.42573225511916,6882.331336903347,0.0008103088520139197,53.005268570912165,356.96610991855607,212.4552835340524,328.9558962941049
15 Jul 2026 15:56:00.000000000,-6859.1715703596465,-13.348499119927524,-499.543876105142,0.4536089437531014,-4.594004837618686,-6.057135713889146,0.008416297457943572,1.9199976328296547e-05,0.000618470647749772,-4.341005974166651,7.9349516911650255,499.33556958057574,6882.232383700187,0.0008470501872580446,53.00495690865822,356.96608539412904,218.38381481425336,326.8341199280109
15 Jul 2026 15:57:00.000000000,-6816.830926411861,-288.7560724116401,-861.5970878620869,0.9572370406293941,-4.582879493382309,-6.006866814364515,0.008364217961241576,0.00035714017921540097,0.001063962046392738,-7.391247480048787,9.999015596952999,499.34390286957006,6882.027055191588,0.0008730346842474035,53.00431157655245,356.96598264731267,224.45683343669626,324.56809474928576
15 Jul 2026 15:58:00.000000000,-6744.38816865385,-562.8885365487092,-1219.834747154008,1.4566419640899781,-4.5515168317473105,-5.92999814035629,0.00827495962109004,0.0006934977410699906,0.001504717384099817,-10.428998862061093,12.09499176219915,499.44808657534765,6881.7189632648615,0.0008885319857104766,53.0033437616911,356.9657469687336,230.6978133439098,322.1343724189794
15 Jul 2026 15:59:00.000000000,-6642.163393341768,-834.5353866651795,-1572.6705617850878,1.9496042872700838,-4.500056516333263,-5.826872634305796,0.00814893501140494,0.0010267593791751654,0.0019387491059458645,-13.448695064431575,14.236725587658865,499.64374448679285,6881.313542430847,0.0008940154626881026,53.00207034532276,356.9653259793196,237.13169000594638,319.50804116924866
15 Jul 2026 16:00:00.000000000,-6510.609019302543,-1102.4972130063024,-1918.5423742362145,2.4339344247635335,-4.42872855726773,-5.697951530594848,0.007986728571156223,0.001355428406373586,0.0023641039745771245,-16.444413810077116,16.43879266703689,499.9248609892403,6880.817953384457,0.0008901511117406371,53.00051360748344,356.9646705557431,243.78538196824897,316.6622038549634
15 Jul 2026 16:01:00.000000000,-6350.3076905041635,-1365.5910874696483,-2255.9191915507527,2.9074828333326863,-4.337852086908184,-5.543811999244118,0.007789092649498492,0.0016780324357536808,0.002778873076662369,-19.409751336033697,18.716719052802397,500.2839022550396,6880.240955582516,0.0008777819295248456,52.998700836137374,356.9637356990313,250.68803919552528,313.56772923746314
15 Jul 2026 16:02:00.000000000,-6161.9695742705435,-1622.6558629825565,-2583.3080562185564,3.3681499436730933,-4.227833681448574,-5.365144202320242,0.007556942490857464,0.0019931307958952716,0.0031812013694775426,-22.33768216094996,21.087201648609852,500.71196487181317,6879.592751196223,0.0008579073695261796,52.996663847624916,356.96248133094457,257.8709855815771,310.1933091371036
15 Jul 2026 16:03:00.000000000,-5946.429073101867,-1872.5573590208608,-2899.2607236816116,3.813895762323395,-4.099165247848619,-5.162747793214847,0.007291350256068446,0.0022993215883499044,0.0035692966833579484,-25.220399180474576,23.568320801607616,501.19894888958027,6878.884803324235,0.0008316572874742614,52.99443842679726,356.9608730039981,265.3672560188112,306.5059210668514
15 Jul 2026 16:04:00.000000000,-5704.640971543803,-2114.1934078594486,-3202.380114033088,4.242749088852269,-3.9524214993564626,-4.93752789364518,0.00699353818162862,0.0025952483279578263,0.003941438107770737,-28.0491307707672,26.179730117005583,501.7337518210303,6878.129631820955,0.0008002595327286835,52.99206369665008,356.9588825124631,273.2105746310539,302.47184974871044
15 Jul 2026 16:05:00.000000000,-5437.676042653694,-2346.498737641476,-3491.3265076716307,4.652816300211597,-3.7882570460499823,-4.690490586973847,0.006664871000183838,0.002879606120756464,0.004295983709182713,-30.81393259908742,28.942797877375273,502.30447977019884,6877.34059049194,0.0007650001063779026,52.98958142853053,356.9564883934844,281.43359051935244,298.0584511678665
15 Jul 2026 16:06:00.000000000,-5146.716141293767,-2568.4496700112063,-3764.823457075107,5.042289661405225,-3.6074031292389397,-4.422737969166227,0.006306847741779125,0.0031511473447610166,0.004631377542415352,-33.50345397885964,31.880658921078588,502.8986715991574,6876.531629728098,0.0007271747354095889,52.987035305061596,356.9536763092816,290.0652124598845,293.23681772923675
15 Jul 2026 16:07:00.000000000,-4833.048813721103,-2779.0686118475396,-4021.663389385228,5.40945512912742,-3.4106640301973723,-4.1354628003783604,0.005921093043823519,0.0034086868137602633,0.004946155937652162,-36.104682593867985,35.018114140427784,503.5035318718187,6875.717048888591,0.0006880310930428163,52.98447014878321,356.9504393036042,299.12701918595343,287.98536788729234
15 Jul 2026 16:08:00.000000000,-4498.061454734855,-2977.4283224875526,-4260.71287710189,5.752699622520007,-3.198913184543316,-3.829942800789384,0.005509348092672197,0.003651106416448688,0.005238953061065142,-38.60267827405216,38.38128631504242,504.10616823661223,6874.911242895111,0.0006487021592132262,52.981931130136765,356.94677792774786,308.6290328555817,282.2940726495383
15 Jul 2026 16:09:00.000000000,-4143.235044978781,-3162.6559397237074,-4480.917556806123,6.070517742452052,-2.9730890336507643,-3.5075346339056344,0.005073461313974905,0.003877359235936772,0.005508505763561315,-40.980317509921136,41.99690735855828,504.6938289215453,6874.128447568536,0.0006101338202954125,52.97946296880597,356.9427002338066,318.5656622820592,276.16851237722926
15 Jul 2026 16:10:00.000000000,-3770.137501925416,-3333.9367497178087,-4681.3066783966015,6.361517927480442,-2.7341906438464725,-3.1696676192599824,0.004615378919578475,0.004086473166042866,0.005753657746697607,-43.2180868085195,45.89107961387135,505.25413610880463,6873.382488223378,0.0005730138825488002,52.9771091425636,356.93822163510623,328.9132643538152,269.6323154568021
15 Jul 2026 16:11:00.000000000,-3380.4166785874436,-3490.517687798689,-4860.997269798933,6.624428040741003,-2.483273122846488,-2.817837214307927,0.004137135405557103,0.004277554050994232,0.005973363087618878,-45.29398533324403,50.08733790950444,505.7753111234662,6872.686535939975,0.0005377144453016764,52.97491111765994,356.93336463623336,339.63125579486774,262.7260466896601
15 Jul 2026 16:12:00.000000000,-2975.7930441897993,-3631.710558820666,-5019.197904430081,6.858100387232654,-2.2214428610680734,-2.45359830253812,0.0036408440791792945,0.004449788381841019,0.006166689172568378,-47.18362375919929,54.6038685075606,506.2463876019408,6872.052875762447,0.0005042629793722856,52.972907614423804,356.9281584373155,350.6686118729949,255.50070879103725
15 Jul 2026 16:13:00.000000000,-2558.052080935659,-3756.894967355323,-5155.212060839507,7.06151616518225,-1.949852623204534,-2.0785583215373546,0.0031286876782003273,0.004602445591630234,0.006332819099384679,-48.860630391169586,59.44985914170078,506.6574090911278,6871.492690829838,0.0004723567329722494,52.97113392113635,356.92263841948164,1.9766662122446776,248.00494283818867
15 Jul 2026 16:14:00.000000000,-2129.036430665516,-3865.520949440201,-5268.441065884218,7.233789358325443,-1.6696965129128931,-1.6943702611467037,0.0026029091236756076,0.004734879991838169,0.0064710536083882565,-50.29748334843965,64.62120732441,506.99960785824226,6871.015866142635,0.0004414288634541314,52.96962126839487,356.91684552051385,13.527743603654226,240.26639577004363
15 Jul 2026 16:15:00.000000000,-1690.6378247195094,-3957.111298902844,-5358.386614500911,7.374170077960758,-1.3822048307700912,-1.302725558129828,0.002065802431060425,0.004846532395592535,0.006580812604117132,-51.4668572002337,70.09621499766291,507.2655620552688,6870.630815306321,0.00041076528477774013,52.96839627511918,356.91082551175805,25.338378117504977,232.2685026301029
15 Jul 2026 16:16:00.000000000,-1244.788829736746,-4031.2635824041195,-5424.652860621955,7.482047364540332,-1.0886388429717513,-0.9053469101197377,0.001519703785835847,0.004936931472121062,0.006661636327620099,-52.343481042264855,75.83236337066468,507.4493287723943,6870.344333184205,0.0003796647580722374,52.96748047608804,356.9046281890359,37.496811257345605,223.92298880671765
15 Jul 2026 16:17:00.000000000,-793.4544415230996,-4087.6518383178663,-5466.948075045535,7.556951458413017,-0.7902854756894109,-0.5039810282156137,0.0009669827725928326,0.005005694873196885,0.006713186232910052,-52.90634721575511,81.7655605801286,507.5465509243637,6870.161476940306,0.00034763834442403323,52.966889939449366,356.8983064918956,50.197313232888355,215.03554918732013
15 Jul 2026 16:18:00.000000000,-338.6235585542227,-4126.027955388493,-5485.085867138282,7.598555548234766,-0.4884519477180754,-0.10039134462430306,0.0004100337312787744,0.0050525301613697435,0.0067352456055688355,-53.14092237662871,87.81305366490888,507.55453633709845,6870.085477468744,0.0003146630234261218,52.966634981049765,356.89191556679253,63.78687497528552,205.25915659623374
15 Jul 2026 16:19:00.000000000,117.69963379274883,-4146.222727806516,-5478.985968148286,7.606677003651802,-0.184460352136863,0.30364931065994577,-0.00014873279423796308,0.005077235600490112,0.006727720001456289,-53.0408825302594,93.88028709496392,507.4723078342324,6870.1176826941955,0.00028153928010801217,52.966719980708575,356.88551179087347,78.82596540847706,194.03330499504492
15 Jul 2026 16:20:00.000000000,573.504337533402,-4148.146583937434,-5448.674574677002,7.581278096321386,0.12035780371614514,0.7063660518764586,-0.0007068985694866161,0.005079700731569422,0.006690637399865884,-52.60892117122674,99.87059351261634,507.300623561608,6870.2575336975015,0.0002504368503555529,52.967143303744464,356.87915177366,96.12755071401074,180.54499070065975
15 Jul 2026 16:21:00.000000000,1026.7818442433602,-4131.789986466151,-5394.284251550249,7.522466210379354,0.42466709147656,1.1059892868308279,-0.001262046183462236,0.005059906903197809,0.00662414829266921,-51.85640030970589,105.69541726748591,507.04196722911263,6870.5025740762785,0.00022562221127365797,52.96789732918707,356.8728913544181,116.59032867323675,163.89547852884598
15 Jul 2026 16:22:00.000000000,1475.5342345636654,-4097.223502216771,-5316.053393978981,7.43049354030823,0.7271336800626413,1.5007620624012488,-0.0018117676291162308,0.005017927595538432,0.0065285254913248075,-50.801945381958994,111.28253423686111,506.7005083927222,6870.848492401658,0.00021369476352651215,52.96896858420175,356.86678461298624,140.37920803584356,143.91982290719994
15 Jul 2026 16:23:00.000000000,1917.783044130546,-4044.597540395871,-5214.325249577506,7.305756271046049,1.026430870471324,1.888947394218659,-0.0023536729927054446,0.004953928622764442,0.0064041637610029985,-49.46936685889983,116.5806004971495,506.28203334280283,6871.28919708349,0.00022135692672959297,52.97033798235943,356.8608829117413,165.59485502849714,122.51732183536602
15 Jul 2026 16:24:00.000000000,2351.5778647136626,-3974.1417585496456,-5089.546501547725,7.148793232340449,1.3212446375512334,2.268835567109109,-0.0028853992985312916,0.004868168160908709,0.006251579207897035,-47.885399107020106,121.55977447038006,505.79384760637186,6871.816922416376,0.00025075952941444954,52.9719811615282,356.8552339856732,188.88798298971915,103.03722769912676
15 Jul 2026 16:25:00.000000000,2775.0048487531003,-3886.164136132556,-4942.265415195943,6.960284017008585,1.6102791676847208,2.638751390611577,-0.003404619541523959,0.0047609965740568454,0.006071408381161459,-46.077670479263645,126.20932122602999,505.2446515091084,6872.42236405278,0.00029842238592419116,52.97386891538431,356.84988109681643,208.31975638538117,87.4183436767758
15 Jul 2026 16:26:00.000000000,3186.1950847944195,-3781.0497163086184,-4773.129550965782,6.741046551124534,1.8922623792450337,2.9970613910231405,-0.003909051929302777,0.004632856003149821,0.005864407040158171,-44.07314171015868,130.53358844971282,504.6443906739879,6873.094841646733,0.0003589405039003574,52.97596771086673,356.8448622680305,224.03149373011664,75.51932120577759
15 Jul 2026 16:27:00.000000000,3583.332810566482,-3659.2590174600487,-4582.883048380597,6.49203410338533,2.1659514102385327,3.3421809180715334,-0.004396469337613557,0.004484279671611628,0.0056314485256271606,-41.89707242729883,134.54760701531112,504.00408375378487,6873.82248593714,0.00042768842559573695,52.97824028236712,356.8402096098066,236.9235302594622,66.43979765880817
15 Jul 2026 16:28:00.000000000,3964.663429658054,-3521.3261168989084,-4372.363486717613,6.214331721152077,2.4301380547567946,3.6725811406348305,-0.004864708964813211,0.004315890858941419,0.005373521670793807,-39.572456123914094,138.27313442116355,503.33563009887945,6874.592447103777,0.0005012023485869339,52.98064629207582,356.8359487520247,247.82548701283838,59.350127563638324
15 Jul 2026 16:29:00.000000000,4328.501297070003,-3367.856410443917,-4142.4983298654115,5.909152081964249,2.6836541269614598,3.9867959021466595,-0.005311682156755907,0.004128401496234933,0.005091728193115517,-37.11981113215147,141.73551443333463,502.651600442772,6875.391120836966,0.000576818519789085,52.983143044728095,356.83209839077784,257.3279470446987,53.659706645374264
15 Jul 2026 16:30:00.000000000,4673.237238160766,-3199.5240529490775,-3894.3009647854874,5.577830751919879,2.9253767282441245,4.283428402430252,-0.005735384347137998,0.003922610330353724,0.00478727950001671,-34.55721038003925,144.96141119354246,501.9650140380999,6876.204388223798,0.0006523411587558122,52.985686244026276,356.8286699582465,265.8252743084929,48.97415314171283
15 Jul 2026 16:31:00.000000000,4997.345765308687,-3017.0690863269056,-3628.8663449883716,5.221820845777126,3.154233390513028,4.56115766937015,-0.0061339050450891774,0.0036994006131212814,0.004461492855676728,-31.900452366319094,147.97730823149274,501.2891059856502,6877.0178652755885,0.0007258485666257798,52.98823077727643,356.8256674215181,273.58006308978685,45.030858513350566
15 Jul 2026 16:32:00.000000000,5299.391956224887,-2821.294263400261,-3347.3662528612576,4.84268708850452,3.369207065801516,4.818744780552628,-0.006505437783642743,0.0034597372757588936,0.004115786862615331,-29.16330246314207,150.80860338162262,500.63708875893974,6877.817157711305,0.0007955964891369876,52.990731514281585,356.8230872138264,280.7703859260809,41.65173960937645
15 Jul 2026 16:33:00.000000000,5578.03795812175,-2613.0615777264265,-3051.0441971005234,4.442099283624935,3.569340930287248,5.055038792628188,-0.006848289924382969,0.0032046635545012734,0.003751676220858316,-26.35775808809559,153.4791325275841,500.02191212630447,6878.588116475846,0.0008599766930830253,52.99314410628786,356.82091829938037,287.5199760616643,38.71305623889353
15 Jul 2026 16:34:00.000000000,5832.049082420766,-2393.288511521294,-2741.209964130691,4.021825200271221,3.7537429691152995,5.268982334401708,-0.0071608922044015325,0.0029352970457692655,0.0033707657447877835,-23.49431012133945,156.01098336989494,499.45602580132197,6879.317089416119,0.000917505151614897,52.99542577079021,356.8191423705933,293.916923138759,36.1267154478069
15 Jul 2026 16:35:00.000000000,6060.299455625579,-2162.944015868064,-2419.2338450623124,3.583722898066133,3.921590307387427,5.4596168188523935,-0.007441807900906043,0.0026528251794111146,0.002974743632042691,-20.582186004365443,158.4244947335053,498.95114920163905,6879.991164566417,0.0009668257144818521,52.99753604826634,356.81773417408715,300.025292285847,33.82865234120635
15 Jul 2026 16:36:00.000000000,6261.77719336891,-1923.044239486467,-2086.540562440589,3.1297325165811354,4.072133252376013,5.62608722946737,-0.0076897414837208975,0.0023585001113028683,0.0025653739963619406,-17.62956833075506,160.7383678623677,498.51805265764045,6880.598400609155,0.0010067215122970068,52.999437517421754,356.81666195964317,305.89244992829157,31.771504128463132
15 Jul 2026 16:37:00.000000000,6435.589066495664,-1674.6480244311851,-1744.6029236766085,2.661867563961866,4.204699012498417,5.7676464375238075,-0.007903546624740496,0.0020536330502344386,0.002144488694345882,-14.643787749336099,162.96984058071195,498.1663542807938,6881.128040279121,0.0010361297162101589,53.00109645627886,356.8158880440182,311.5537513839882,29.919922331552673
15 Jul 2026 16:38:00.000000000,6580.964630364161,-1418.8521891228309,-1394.9352305912055,2.1822057470925524,4.318695059885062,5.883659009280034,-0.008082233436722812,0.0017395880477478348,0.0017139784941521098,-11.631491784129945,165.13489308768933,497.90433647329326,6881.570702767128,0.0010541570719989665,53.00248343742143,356.8153694795642,317.0355595618631,28.247553842862132
15 Jul 2026 16:39:00.000000000,6697.259791325677,-1156.7866210556663,-1039.0864768588144,1.6928793931445263,4.413612105488701,5.973604465429905,-0.008224974821381206,0.0014177752929953693,0.0012757836513874537,-8.59879257767929,167.24846660616382,497.73878573681725,6881.918551548739,0.0010600946190338606,53.00357384688867,356.8150588156696,322.3571573783294,26.73512822226614
15 Jul 2026 16:40:00.000000000,6783.9597875555455,-889.6092032967974,-678.6333672576922,1.1960655192495948,4.489026658594956,6.037079959573222,-0.008331111816628848,0.0010896439673052528,0.0008318839732886584,-5.55139716087052,169.32468446517336,497.6748590218566,6882.165434508644,0.0010534305833300207,53.00434831758342,356.8149049394985,327.5318680750725,25.3693370557242
15 Jul 2026 16:41:00.000000000,6840.681565002856,-618.5006004892449,-315.17319446416735,0.6939756131564289,4.544603146228691,6.073802347761436,-0.008400157850375388,0.0007566747251425059,0.0003842884670123648,-2.4947240146148992,171.37707063784634,497.7159793582009,6882.306993744878,0.0010338608032481,53.00479306958803,356.81485398102274,332.56753053112635,24.142358288632654
15 Jul 2026 16:42:00.000000000,6867.175533161294,-344.65893140678264,49.683389391558464,0.18884519281332848,4.580095572240704,6.083609627265118,-0.008431801825761026,0.00042037187769919685,-6.497532096944503e-05,0.565990354201995,173.4187641928473,497.86376293231336,6882.340743006212,0.001001296317541974,53.00490015144429,356.8148502662786,337.4663380327008,23.052017077206862
15 Jul 2026 16:43:00.000000000,6863.326689561348,-69.29435618692945,414.3196680842869,-0.31707678325970845,4.59534870067814,6.066461729413553,-0.008425909982757164,8.225536316182775e-05,-0.0005138721585257232,3.625591212037574,175.46273019536613,498.11797914286086,6882.266111330973,0.0009558679919608573,53.00466757821791,356.81483730191025,342.2238894423718,22.102734223335123
15 Jul 2026 16:44:00.000000000,6829.155106278369,206.37639287319396,777.1201845633066,-0.8215385803712548,4.590298753268341,6.022440658497079,-0.008382526503858435,-0.0002561474066495532,-0.0009603700527944377,6.678908266772289,177.52196874099877,498.4765444888707,6882.084452101321,0.0008979283563517888,53.004099364003494,356.81475877356763,346.82704850206727,21.307666465836878
15 Jul 2026 16:45:00.000000000,6764.815776252959,481.13550762065205,1136.4780528676142,-1.3222963512065453,4.564973616326215,5.951749976096986,-0.008301872859800592,-0.0005933097304306171,-0.0014024511228286473,9.72065775361612,179.60972427406622,498.93555044387244,6881.799017388881,0.000828051294772087,53.00320544839878,356.8145595404795,351.24970843634856,20.6929414690278
15 Jul 2026 16:46:00.000000000,6670.59782175036,753.7695980057485,1490.8022196140244,-1.8171247231859067,4.519492557979065,5.854713637608505,-0.00818434590927319,-0.0009277137395628125,-0.0018381222975986692,12.745340479538259,-178.26030276163402,499.48932476500215,6881.414898130532,0.0007470311747060661,53.00200151835425,356.81418660861925,355.444433877832,20.306015494181295
15 Jul 2026 16:47:00.000000000,6546.923071752834,1023.0751544769439,1838.5246366074298,-2.3038272360211414,4.454065462125959,5.73177419493781,-0.008030514793398242,-0.0012578583674605387,-0.002265425721532674,15.74713229790442,-176.07374058919876,500.1305249976691,6880.938931322653,0.0006558852639381354,53.000508728651354,356.81359006529624,359.3251113175904,20.233022558327182
15 Jul 2026 16:48:00.000000000,6394.344019403424,1287.863950138445,2178.1073071588607,-2.780246558960488,4.368991590855616,5.583490386183648,-0.007841116690941006,-0.0015822670805553996,-0.002682448758757453,18.71976337906526,-173.8153271777251,500.8502622840753,6880.379576041778,0.0005558696335399991,52.99875332605017,356.81272395871787,2.727640149662977,20.63808301820486
15 Jul 2026 16:49:00.000000000,6213.54117471736,1546.968354857775,2508.049170135346,-3.24427442160717,4.264657891988214,5.410534139364595,-0.007617051513772874,-0.0018994952922421306,-0.0030873334971046906,21.65638255145899,-171.4686903315784,501.63825298483164,6879.746760677694,0.000448539884063899,52.99676618383918,356.81154710704095,5.308829151233735,21.86440674442744
15 Jul 2026 16:50:00.000000000,6005.319831582206,1799.2465346483355,2826.8927875416225,-3.6938611977015356,4.141536872847154,5.213687022763169,-0.007359375645103254,-0.002208137390813012,-0.0034782856674964373,24.54940300598065,-169.01613344128512,502.48299509254224,6879.051704287581,0.0003359755760226884,52.994582255090606,356.81002382273186,6.234449320469085,24.74623996988654
15 Jul 2026 16:51:00.000000000,5770.606271511688,2043.5875110404213,3133.2308035273363,-4.127025087712282,4.000184065191253,4.993836179080228,-0.007069294834548817,-0.0025068333235817118,-0.0038535829100775154,27.390325947954143,-166.438439883621,503.3719659668175,6878.306715437903,0.00022178418972374706,52.99223995434509,356.8081245395331,2.9162959688688117,31.8718029210116
15 Jul 2026 16:52:00.000000000,5510.443429658761,2278.916056748552,3425.712145043008,-4.5418608532422695,3.8412351093535104,4.751969784229988,-0.00674815637243136,-0.002794274691079552,-0.00421158233433136,30.16953961735428,-163.7147186742722,504.2918375602455,6877.524972285096,0.00011806377096493997,52.989780478694954,356.8058263311021,343.55767955440353,55.0377987502922
15 Jul 2026 16:53:00.000000000,5225.986051187997,2504.197405701334,3703.0479368949723,-4.936548063899073,3.665402487974426,4.489172074178706,-0.0063974406764142335,-0.003069210320115481,-0.004550727341090464,32.876092912033535,-160.82232811211583,505.2287050391622,6876.720287950702,9.703168562549923e-05,52.98724708028533,356.80311331229717,277.75543396917453,124.64740506024013
15 Jul 2026 16:54:00.000000000,4918.495368235102,2718.441757376067,3964.0171065998297,-5.3093588251472035,3.4734719412465807,4.2066179847093235,-0.006018752418805068,-0.00333045129614961,-0.004869553689535034,35.497446298857774,-157.73693410821727,506.16832453377276,6875.9068654686835,0.00019026650914925197,52.98468430308866,356.7999769161646,246.65522902485642,159.55496127860903
15 Jul 2026 16:55:00.000000000,4589.333329347038,2920.708557313339,4207.471657140765,-5.658664963477561,3.266298596306274,3.90556744939769,-0.0056138113250188,-0.00357687545042822,-0.005166694812239156,38.01920872243056,-154.43278648394895,507.09635567643653,6875.099046719082,0.00030516780506715407,52.982137197417345,356.79641604185804,240.7319041981702,169.28563482470315
15 Jul 2026 16:56:00.000000000,4239.956414485946,3110.1105376539813,4432.341588438346,-5.982944652785421,3.0448028433212406,3.5873594004434977,-0.0051844427651251525,-0.0038074313098313993,-0.0054408863974822865,40.424879030613134,-150.88332887503623,507.9986046005981,6874.311059815353,0.0004210881220030049,52.97965052601007,356.792437071038,240.72990560448457,173.09498409989388
15 Jul 2026 16:57:00.000000000,3871.9090694436272,3285.8175034632864,4637.639450984263,-6.28078847286571,2.809965990008124,3.253405515415136,-0.004732568248474473,-0.0040211415279995735,-0.005690970271286053,42.6956253184697,-147.06229109962166,508.8612631684903,6873.556769383823,0.0005332246122317939,52.97726797565688,356.78805375256957,242.80009317342765,174.83215132865084
15 Jul 2026 16:58:00.000000000,3486.816793866956,3447.0598524700995,4822.464517610319,-6.550904897238378,2.562825724828516,2.9051837505459948,-0.004260195921723525,-0.004217105829120345,-0.005915897628026467,44.81015632061529,-142.94543429663247,509.67114036409896,6872.849434067369,0.0006390745865001899,52.97503138821047,356.7832869576577,245.81584914197902,175.62375413387107
15 Jul 2026 16:59:00.000000000,3086.37891709874,3593.1318176011273,4986.006561720994,-6.792125212915326,2.304471417069186,2.544231698117577,-0.00376941114964456,-0.004394503501270707,-0.006114731664457191,46.74476451487199,-138.51310385414533,510.41588201969245,6872.201475407566,0.0007367745042267072,52.97298002447477,356.77816430983546,249.33861837893,175.90834533089495
15 Jul 2026 17:00:00.000000000,2672.3610957420287,3723.3944233089046,5127.549232474867,-7.003407879086893,2.0360392795261375,2.172139801843131,-0.0032623672424728386,-0.004552595483453118,-0.006286649680468661,48.47364586177308,-133.7536534728144,511.0841753284031,6871.624262015711,0.0008247667656551006,52.971149873868036,356.7727196964094,253.16443550677408,175.8898859715378
15 Jul 2026 17:01:00.000000000,2246.5875663351176,3837.2781481475754,5246.473019325901,-7.183842334941054,1.7587074167266794,1.7905444602192253,-0.002741276375264523,-0.004690726096252418,-0.006430944716352729,49.969614243389195,-128.66758869615086,511.66593492193147,6871.127912640839,0.0009017159246529233,52.96957302194182,356.7669926700134,257.1865122204303,175.67515823523357
15 Jul 2026 17:02:00.000000000,1810.9331858387004,3934.2852873381426,5342.257800019402,-7.332652268898215,1.4736907786694269,1.4011210437299613,-0.0022084007221599114,-0.004808324464204664,-0.006547026792405134,51.20530979131014,-123.27191456470302,512.1524676522138,6870.72112138999,0.0009664896666855558,52.96827708681077,356.76102775086105,261.34414181386796,175.32486115191236
15 Jul 2026 17:03:00.000000000,1367.3152918576538,4013.992010172597,5414.484967575655,-7.449198362449128,1.1822360370937852,1.0055768477603082,-0.0016660438116706275,-0.004904905679115727,-0.006634423816913105,52.15492602930744,-117.60371275021024,512.5366135996983,6870.411007958598,0.0010181594340373473,52.96728473433184,356.7548736419807,265.60076848985335,174.8755415764027
15 Jul 2026 17:04:00.000000000,917.6854137272529,4076.0501080398362,5462.839132990897,-7.53298052157502,0.8856163984460614,0.6056439993049653,-0.0011165420907622667,-0.004980071750208388,-0.0066927822228388814,52.79633947135372,-111.72161039820962,512.8128612320818,6870.202995296048,0.001056006709377907,52.966613280486015,356.7485823712745,269.9335286512875,174.35005321019995
15 Jul 2026 17:05:00.000000000,464.02086483734263,4120.188429626995,5487.109401367908,-7.583639607511394,0.5851263651296494,0.20307233219663207,-0.0005622566695141008,-0.00503351238145034,-0.006721867384965001,53.113341238101,-105.7038530047704,512.9774350499864,6870.100716669221,0.0010795297895821426,52.96627438788344,356.7422083754459,274.3278529775728,173.76295486100173
15 Jul 2026 17:06:00.000000000,8.316245910157264,4146.214000478491,5487.190219979483,-7.6009586765267425,0.28207645441430484,-0.20037775720735676,-5.5652048074204475e-06,-0.005065005607916495,-0.006721563856898,53.09751837401878,-99.64242036892693,513.0283544754562,6870.105953601628,0.0010884488652872697,52.96627386166466,356.7358075419128,278.7745151236514,173.1234620957884
15 Jul 2026 17:07:00.000000000,-447.42511152039424,4154.012824602715,5463.081797412278,-7.58486373560023,-0.022212117311489102,-0.6029424640019261,0.000551146127819527,-0.00507441831647534,-0.006691875457878542,52.74931449813813,-93.63393439296985,512.9654631628079,6870.218605665401,0.001082708390710835,52.96661154833049,356.72943622547695,283.26796148742073,172.4371178345997
15 Jul 2026 17:08:00.000000000,-901.1997326117381,4143.5503662454275,5414.8900934747735,-7.535424017605295,-0.3264127785007703,-1.0028617298925977,0.0011054906319413042,-0.005061706663997204,-0.006632925222645523,52.07797302225986,-87.76940619433606,512.7904283363293,6870.436692591767,0.001062476254993557,52.96728133923506,356.7231502570149,287.8053692917481,171.70673463236938
15 Jul 2026 17:09:00.000000000,-1351.012588787816,4114.871710312049,5342.826380041636,-7.452851776054284,-0.6291989685795502,-1.398386391331428,0.0016550891175648957,-0.005026916397651535,-0.006544955215886018,51.10037930822012,-82.12538139185729,512.5067101850892,6870.756388650861,0.001028139541117212,52.968271278648686,356.71700396153665,292.38616684042876,170.9328747813264
15 Jul 2026 17:10:00.000000000,-1794.8856605960575,4068.10140029167,5247.206373488391,-7.337501595881083,-0.9292495202622242,-1.7877853122186376,0.002197578016826367,-0.004970183069483271,-0.006428326196341404,49.83912327024527,-76.7584289362424,512.1195017701649,6871.1720887372585,0.0009802968263560087,52.969563774472824,356.7110492028229,297.01190410534656,170.11398007051034
15 Jul 2026 17:11:00.000000000,-2230.8664445802533,4003.442952912077,5128.448939906295,-7.189869213350021,-1.2252540512166494,-2.1693524913728552,0.0027306176413336098,-0.004891732127811041,-0.0062835171031702065,48.320259242269884,-71.7035835736763,511.63564032291026,6871.676505090257,0.0009197470986597818,52.97113590789941,356.7053344713516,301.68647112791035,169.24615371204646
15 Jul 2026 17:12:00.000000000,-2657.036374454894,3921.1780492055013,4987.074374923992,-7.010589835223337,-1.515918356937559,-2.5414141329951083,0.003251900625931187,-0.004791878858483691,-0.00611112432509017,46.5712050240484,-66.9760799356474,511.0634912336783,6872.260793083503,0.000847475465033916,52.972959836581474,356.69990403149575,306.41678452235715,168.32247414015677
15 Jul 2026 17:13:00.000000000,-3071.5191261784803,3821.6654022089865,4823.702260745762,-6.8004359449968526,-1.7999697947700486,-2.9023356656159707,0.0037591605903241664,-0.004671028138552902,-0.005911860699944625,44.61906255617757,-62.57505870218877,510.41280644562636,6872.914704041436,0.0007646359323669564,52.975003284251,356.6947971429222,311.2142778533643,167.33150490435128
15 Jul 2026 17:14:00.000000000,-3472.4887757359475,3705.339302196486,4639.0489039846125,-6.560314582509651,-2.076162646649063,-3.250528691727826,0.004250181036965504,-0.00452967396152858,-0.00568655418873236,42.48946023846275,-58.48792962816258,509.69455937579926,6873.626762588848,0.0006725316826010066,52.97723010821295,356.6900473698365,316.0980259947625,166.25417054445333
15 Jul 2026 17:15:00.000000000,-3858.1777775982086,3572.707841164919,4433.924359045087,-6.291264082691938,-2.3432834453795532,-3.584457846611171,0.004722804484839237,-0.0043683986845509835,-0.005436146158021282,40.20588180429423,-54.694461213533316,508.9207588801983,6874.38446561812,0.0005725935383458542,52.97960093478349,356.6856819901597,321.1016745059024,165.05682740609285
15 Jul 2026 17:16:00.000000000,-4226.884730933638,3424.35081930925,4209.229043251911,-5.9944502597894695,-2.6001562462645635,-3.9026475408799803,0.005174941818543843,-0.004187871945019473,-0.00516168920238102,37.78937863089779,-51.17012272154559,508.10424515608116,6875.174499575855,0.00046635806738728753,52.98207385155421,356.68172151503495,326.2906109928357,163.6740924249546
15 Jul 2026 17:17:00.000000000,-4576.981899989058,3260.9173373626786,3965.9499515104876,-5.67116202500323,-2.8456478228686115,-4.203688557383684,0.005604581819220949,-0.00398884919909015,-0.00486434444623249,35.25854764120941,-47.888554100949705,507.258470825453,6875.982972432442,0.00035544957265911314,52.98460514436891,356.678179327093,331.8124434327188,161.95836489887276
15 Jul 2026 17:18:00.000000000,-4906.922454227424,3083.123080109962,3705.156480278356,-5.322806428461894,-3.0786727625037833,-4.486244469080666,0.0060098008155358785,-0.003772169827425593,-0.004545378257266178,32.62967202459731,-44.823240674029826,506.3972707609909,6876.79565641082,0.0002415848287229407,52.98715006611268,356.6750614438317,338.0915343088329,159.4852923968945
15 Jul 2026 17:19:00.000000000,-5215.247393556301,2891.747297863948,3427.995872653309,-4.950903120305065,-3.2981984342627255,-4.749057841120948,0.006388772380856317,-0.0035387547643607486,-0.004206158319181331,29.916947688697807,-41.948551683572624,505.5346244891259,6877.598237323547,0.0001267526115111771,52.98966362385341,356.67236641036317,347.07476626973556,154.3080050909493
15 Jul 2026 17:20:00.000000000,-5500.592123713632,2687.629494451025,3135.68829874787,-4.557078230768929,-3.503249799764986,-4.990956177271122,0.006739776985639893,-0.003289603611787858,-0.0038481490194517106,27.132743565000283,-39.2403120274096,504.684415225785,6878.376566204639,2.1473416123700197e-05,52.99210137054472,356.6700853233793,45.47095133709312,99.71770648470418
15 Jul 2026 17:21:00.000000000,-5761.692647094839,2471.665832078971,2829.5215879738334,-4.14305767510923,-3.692914034699698,-5.210857568503525,0.007061211496001749,-0.0030257912051513155,-0.0034729061177573924,24.287864058792998,-36.67605306405076,503.8601897573063,6879.116908831624,0.00010507933798549947,52.994420187411954,356.6682019860619,157.97133695953488,351.023167242694
15 Jul 2026 17:22:00.000000000,-5997.391334849399,2244.8052654381363,2510.845632448373,-3.710659895956827,-3.8663449276746227,-5.407776000045939,0.007351598402239284,-0.0027484636122523153,-0.00308207067876111,21.391796277772787,-34.235054842229054,503.0749234633829,6879.806188719054,0.00021418998813026654,52.996579043293444,356.6666931912328,168.33131668507747,344.46901434851856
15 Jul 2026 17:23:00.000000000,-6206.642247061758,2008.0454194149852,2181.066483378192,-3.261788063022546,-4.022767022003018,-5.580826272602321,0.007609594650603516,-0.0024588335556607758,-0.0026773622673265537,18.452934059186493,-31.89826018569165,502.3407947812602,6880.432219229435,0.0003190387424456547,52.99853971760078,356.66552912790826,175.10819275391646,341.49796829258895
15 Jul 2026 17:24:00.000000000,-6388.515969259608,1762.428226877643,1841.6401649230302,-2.798421757757345,-4.161479465905723,-5.729228493886087,0.007833999949585968,-0.0021581752632884124,-0.0022605714226472755,15.478776541461192,-29.64811511682204,501.6689733249293,6880.9839205959715,0.0004178206738693531,53.000267474185584,356.6646739041391,181.09083716099764,339.3211817432138
15 Jul 2026 17:25:00.000000000,-6542.203935393449,1509.0353450363975,1494.0662326244435,-2.322608178363505,-4.281859537260932,-5.852312098098277,0.00802376441918974,-0.0018478187640344848,-0.0018335514444774124,12.476102281075626,-27.468370760571016,501.0694256941477,6881.451517881007,0.0005092472789806603,53.001731674246074,356.6640861770976,186.81379781807212,337.4041330753775
15 Jul 2026 17:26:00.000000000,-6667.02220978699,1248.9833708840167,1139.8811059452826,-1.8364529082188135,-4.383365810485737,-5.9495193535409445,0.008177995461205007,-0.0015291436607801608,-0.0013982095441293875,9.451121609333896,-25.343868229529328,500.550742735512,6881.826716205347,0.0005922489992497208,53.00290631746163,356.66371987939027,192.45697020428602,335.56695437301494
15 Jul 2026 17:27:00.000000000,-6762.41470336457,983.4188780953323,780.6512067398344,-1.3421102980459163,-4.465540935399152,-6.0204083221476195,0.00829596373133462,-0.001203572424088617,-0.0009564974275073225,6.409610690540478,-23.260318742969215,500.1199916519028,6882.1028499708345,0.0006659498534404339,53.00377050178892,356.66352502894614,198.10246380692317,333.72756460871807
15 Jul 2026 17:28:00.000000000,-6827.95580268124,713.5132994990086,417.96593750183905,-0.8417735188108022,-4.5280140009393985,-6.064655239267977,0.008377108109607654,-0.0008725632635537864,-0.0005104013940796237,3.3570309974072146,-21.20408515605336,499.7825959040184,6882.275003257091,0.000729671240767021,53.00430879376666,356.6634486082544,203.79721723149746,331.8390541278622
15 Jul 2026 17:29:00.000000000,-6863.352393875858,440.4576807406673,53.43053496658728,-0.33766434812038315,-4.570502460337504,-6.082056287455439,0.008421039581453193,-0.0005376026444004925,-6.193204858741415e-05,0.2986379204180825,-19.161967198774985,499.5422453161814,6882.340099093614,0.0007829393147084307,53.004511502737515,356.6634354976083,209.57365224410708,329.869030180942
15 Jul 2026 17:30:00.000000000,-6868.445267571756,165.4573320464779,-311.3411639689822,0.16797724234971412,-4.592813598674762,-6.072528744136133,0.008427543960159368,-0.00020019752589703463,0.0003868862672434019,-2.760417868982721,-17.120990341825877,499.4008382012614,6882.296955881531,0.0008254907930812334,53.00437485407294,356.6634294459641,215.45797209325232,327.791318163987
15 Jul 2026 17:31:00.000000000,-6843.209894905597,-110.27359400323256,-674.7340060448859,0.6729036273242759,-4.594845528573202,-6.0361114897222174,0.008396583401914508,0.0001381325947425598,0.0008340262080432164,-5.81499278648943,-15.068196841958304,499.35845667070384,6882.146309851211,0.0008572757096196296,53.00390105825543,356.6633740623444,221.474029096188,325.58209358937523
15 Jul 2026 17:32:00.000000000,-6787.756569192714,-385.51757007725166,-1035.138816594669,1.1748701229943515,-4.576587704944713,-5.972964869784967,0.008328296687073734,0.0004758637444572992,0.0012774682034567201,-8.859852984044624,-12.990436880867694,499.41337561383216,6881.890803082356,0.0008784565232317623,53.003098274499614,356.6632138103502,227.64536059544278,323.2178456889157
15 Jul 2026 17:33:00.000000000,-6702.329912156974,-659.0591780784898,-1390.9596669319983,1.6716455625552462,-4.538120955109948,-5.883369912125298,0.008222998268962714,0.0008114755516849139,0.0017152111616104612,-11.889573832428422,-10.874157657230766,499.562105133921,6881.534937264301,0.0008894032784156131,53.0019804694477,356.66289498827626,233.99636795498319,320.67419798727025
15 Jul 2026 17:34:00.000000000,-6587.307748081875,-929.690580450028,-1740.6210756964292,2.161022778677423,-4.479617026039598,-5.767726906766769,0.008081176109189167,0.0011434592488266215,0.0021452829791104625,-14.898432728784114,-8.705188810396814,499.7994655375764,6881.084994024254,0.0008906845862196816,53.000567173325024,356.66236667752275,240.553028537162,317.92519591198385
15 Jul 2026 17:35:00.000000000,-6443.199353593024,-1196.2169500105342,-2082.5751063712873,2.6408289213625227,-4.401337655812125,-5.626553363843197,0.007903488343985172,0.0014703255123109087,0.002565750744511807,-17.880291613341786,-6.468523764842636,500.11869330791893,6880.548923283898,0.000883054173750357,52.99888313775,356.661581642544,247.34328421579625,314.94291789197734
15 Jul 2026 17:36:00.000000000,-6270.643094980351,-1457.461830101907,-2415.3083242672637,3.1089355429385583,-4.303633181471236,-5.460481370867579,0.007690758850099335,0.0017906120587459896,0.0029747305322041393,-20.828465468695065,-4.148098751444768,500.5115758692975,6879.936201705901,0.0008674326548848946,52.99695790113853,356.66049716638196,254.39712423122845,311.69739214545297
15 Jul 2026 17:37:00.000000000,-6070.403468934642,-1712.2723977116143,-2737.3485777199835,3.563268386460178,-4.186940700159761,-5.270254376771506,0.007443971791832039,0.0021028909227703285,0.0033703966938019624,-23.73557304126261,-1.7265748283262718,500.96861238847913,6879.257663849245,0.0008448840095929234,52.99482526927894,356.65907580700383,261.7462994837271,308.1568820671666
15 Jul 2026 17:38:00.000000000,-5843.367566239442,-1959.5246033673504,-3047.27157004102,4.001816819327961,-4.051781804581901,-5.0567234352378545,0.007164265249554406,0.0024057753518568876,0.003750990568535232,-26.593366209961303,0.814866142472844,501.4791973677353,6878.525309153128,0.0008165860345282477,52.99252272016831,356.6572860609658,269.42354449667977,304.2886639893638
15 Jul 2026 17:39:00.000000000,-5590.54098127315,-2198.128162976987,-3343.7071908266535,4.422642860329645,-3.8987599173930323,-4.820842944094431,0.0068529240447543615,0.002697926265398953,0.004114828551072086,-29.3925350698134,3.4966919736864908,502.03182338017274,6877.752088304223,0.000783793786203323,52.99009074355173,356.655102922604,277.46114226007,300.0604621108678
15 Jul 2026 17:40:00.000000000,-5313.043193087013,-2427.031378348557,-3625.3455775332504,4.823889755321881,-3.7285572519592085,-4.563665920791278,0.006511371879773156,0.0029780582365750746,0.004460309470344782,-32.122487283324126,6.341124668990733,502.61429898299883,6876.951672902268,0.0007477948910266756,52.98757212677894,356.6525083287115,285.88866693497266,295.44270561782247
15 Jul 2026 17:41:00.000000000,-5012.102446300921,-2645.225764849185,-3890.942880694646,5.20379006417071,-3.5419314289978585,-4.286338856201485,0.006141162917428459,0.0032449449687829038,0.004785921251058509,-34.77110317475021,9.372128194182993,503.2139776250697,6876.138212620459,0.0007098557677790229,52.98501119956108,356.6494914807881,294.72982302383514,290.41168939467
15 Jul 2026 17:42:00.000000000,-4689.050162095793,-2851.750466462896,-4139.326708729817,5.5606732290801855,-3.339711779910098,-3.990096190147433,0.005743972927846934,0.0034974242528572016,0.005090246848937705,-37.324473269292405,12.615203755457845,503.8179932397631,6875.326084253958,0.0006711586622979306,52.982453050956735,356.64604903897697,303.9985267056472,284.9534926286533
15 Jul 2026 17:43:00.000000000,-4345.3149111563625,-3045.696440388141,-4369.4012309101445,5.8929726018504995,-3.122795368112659,-3.676254452179433,0.005321590120663702,0.0037344024019718646,0.005371969464303161,-39.766633669649615,16.096885473110888,504.4134981803838,6874.529637161325,0.0006327313816332776,52.97994273242956,356.6421851841657,313.69479316002077,279.06809148527196
15 Jul 2026 17:44:00.000000000,-3982.4159815698576,-3226.210395184567,-4580.151919652722,6.199231914638249,-2.892142759442185,-3.346206110294667,0.00487590577751332,0.003954858175209138,0.005629877057057997,-42.07932814231756,19.84379504052694,504.9878992079345,6873.762939632471,0.0005953750289688901,52.97752446108533,356.6379115469941,323.801573144336,272.7725225909275
15 Jul 2026 17:45:00.000000000,-3601.956575411131,-3392.4984683306134,-4770.649915837516,6.478111185261883,-2.64877357176277,-3.0014131685641714,0.004408904784837519,0.004157846209644993,0.005862866196908039,-44.24184509104088,23.881086838866175,505.529087370998,6873.0395306609635,0.0005595995343389082,52.97524083721386,356.6332470049623,334.28423286227746,266.10140328386433
15 Jul 2026 17:46:00.000000000,-3205.6166681233694,-3543.829630808193,-4940.056003245138,6.728392053770367,-2.3937618323935417,-2.643400552183275,0.00392265615633245,0.004342499992338853,0.006069945297272295,-46.23100238443353,28.230116382799707,506.0256578169722,6872.372181466351,0.0005255808579202071,52.97313209002446,356.6282173510647,345.0945316403593,259.1029541151521
15 Jul 2026 17:47:00.000000000,-2795.145564838486,-3679.538808003027,-5087.624180455269,6.948982551766829,-2.128231169938429,-2.2737493154097237,0.0034193036140749995,0.0045080344082176465,0.006250237285965771,-48.021379568204786,32.90523109107632,506.467115832321,6871.772670906693,0.0004931548906468176,52.97123536498043,356.6228548397628,356.18038328077506,251.8292377287994
15 Jul 2026 17:48:00.000000000,-2372.354187577156,-3799.029707728711,-5212.70482058454,7.138921309692658,-1.8533498647255116,-1.8940897044009315,0.002901056281401796,0.004653747905768924,0.00640298177249217,-49.58591548841183,37.90976063371439,506.8440657168593,6871.251578647997,0.0004618591609763604,52.96958406541422,356.6171976182285,7.501471149846641,244.32054405815538
15 Jul 2026 17:49:00.000000000,-1939.1071268568826,-3901.7773475641325,-5314.747411068174,7.29738120989804,-1.5703257794422503,-1.5060941032819533,0.002370179522787028,0.0047790243266361155,0.006527536776045097,-50.896981750255875,43.23161111439163,507.1483794442061,6870.818099625953,0.0004310250576410473,52.96820726015225,356.6112890529053,19.049694505458277,236.58494433076817
15 Jul 2026 17:50:00.000000000,-1497.3144907056283,-3987.330274906224,-5393.302867288249,7.423672494814776,-1.2804011888629634,-1.1114698880644491,0.0018289859448583977,0.004883334442718611,0.00662338007343352,-51.927984928386955,48.8393184859744,507.3733424379028,6870.479882949388,0.00039991488795481934,52.96712916771587,356.60517696323626,30.873602214235973,228.5738577257003
15 Jul 2026 17:51:00.000000000,-1048.9235834837123,-4055.3124741979336,-5448.025415224962,7.51724533994916,-0.9848475249175347,-0.7119522094895804,0.0012798265565772985,0.0049662372430538376,0.006690110223187972,-52.65542562775252,54.67983999017129,507.5137741932537,6870.242897965052,0.0003678964782148695,52.96636872631042,356.59891277615327,43.10812751608173,220.15231701970836
15 Jul 2026 17:52:00.000000000,-595.9104463360752,-4105.424956689171,-5478.674039473009,7.577691900797547,-0.6849600509175497,-0.3092967226560743,0.0007250820713320155,0.005027381010825405,0.0067274473182908,-53.0611624543706,60.67946112301998,507.5661218915606,6870.111329734828,0.0003346591700320805,52.96593925729293,356.5925506162682,56.014589535686625,211.0589675160653
15 Jul 2026 17:53:00.000000000,-140.2712905771961,-4137.447028853662,-5485.113493947137,7.604747841287415,-0.38205247662946895,0.09472772141412916,0.00016715431810732852,0.005066504220546974,0.006735233505126343,-53.134455965432835,66.74865835548421,507.528525581769,6870.087505678715,0.00030050291771447,52.96584822814907,356.5861463479361,70.03810983760735,200.84865095229378
15 Jul 2026 17:54:00.000000000,315.9861451360113,-4151.237236232432,-5467.314873432519,7.59829334911638,-0.07745152417058619,0.4983464092418237,-0.0003915422799373161,0.005083436279364225,0.00671343329731574,-52.87330315746147,72.79055189293774,507.40085393982565,6870.171854614281,0.000266776086710091,52.966097119238384,356.57975658617875,85.87782899555894,188.8221894090039
15 Jul 2026 17:55:00.000000000,770.8512830968114,-4146.733980027425,-5425.355744861277,7.558353640594381,0.22750854637618168,0.8997861115768001,-0.0009485892087461876,0.005078098129457587,0.0066621337032127855,-52.28469628235954,78.71118324177941,507.18471005621495,6870.36289888654,0.00023655685708363105,52.96668139671761,356.5734376940558,104.49069946622119,174.02259292093078
15 Jul 2026 17:56:00.000000000,1222.3194098850465,-4123.955804290537,-5359.4198378631145,7.485098954525304,0.5314914434917813,1.2972824322646157,-0.0015015724016739019,0.0050505027136468015,0.0065815441656506,-51.38373107216075,84.42905679349606,506.88340714477073,6870.657279734128,0.0002154121544419953,52.967590592159326,356.56724478430226,126.70135177750916,155.62519377363412
15 Jul 2026 17:57:00.000000000,1668.4003639295474,-4083.001352024237,-5269.796294792433,7.378844031486501,0.8331643745515181,1.6890871477257232,-0.0020480908643750544,0.005000755299250158,0.006471996303218402,-50.19181743595205,89.88171161921193,506.50191450911063,6871.049815488608,0.0002108808503487065,52.96880848747638,356.56123074299074,151.91376659936734,134.22597490895026
15 Jul 2026 17:58:00.000000000,2107.1271763392424,-4024.048989031153,-5156.878481138666,7.240047071863504,1.1312035910828802,2.0734755245267364,-0.0025857654343355435,0.004929053645615794,0.006333943429701676,-48.73445273715926,95.02832143780851,506.04677454605036,6871.533591657848,0.00022848454889428635,52.970313401884226,356.5554452926041,177.09723326795472,112.85561186109086
15 Jul 2026 17:59:00.000000000,2536.564633497764,-3947.356094910248,-5021.162358016121,7.069308163359905,1.4242999387895763,2.4487536005963446,-0.0031122477141008534,0.004835687987571587,0.006167959811516034,-47.03903043665175,99.8486997293304,505.5259920053942,6872.100081410583,0.00026743148436092994,52.972078575808474,356.5499341111795,198.99947144138238,94.76635153780327
15 Jul 2026 18:00:00.000000000,2954.8177292844425,-3853.258021256278,-4863.244419362164,6.867367166669344,1.7111644003878121,2.8132654130808787,-0.0036252292062998424,0.004721040802531581,0.0059747396177862525,-45.133018505400614,104.33994191129169,504.94889716086504,6872.7392944633,0.0003224802142416626,52.97407264491412,356.54473802319006,216.72872677776246,80.84991694884232
15 Jul 2026 18:01:00.000000000,3360.039974060348,-3742.166717896185,-4683.819197576382,6.635101046742702,1.9905336170480634,3.1654001527214217,-0.004122450662975044,0.0045855863182246714,0.005755095504651054,-43.042654287490706,108.51208753763846,504.3259849733516,6873.439951880176,0.0003881646752117458,52.97626019582321,356.5398922765792,231.02267349310688,70.36860501784562
15 Jul 2026 18:02:00.000000000,3750.441526757171,-3614.5690289279364,-4483.676342651305,6.3735206367817065,2.2611753715908707,3.5035992210891944,-0.004601711647057999,0.004429889717270251,0.00550995677561587,-40.792149241165006,112.38386208165072,503.6687327412157,6874.18968384027,0.00046031396110045574,52.97860239362895,356.53542591878954,242.86416153369137,62.33953973714469
15 Jul 2026 18:03:00.000000000,4124.297115680366,-3471.0246614079642,-4263.697281360571,6.0837668228107,2.5218940137395283,3.826363163281972,-0.005060880282586089,0.004254605986730993,0.0052403670507604125,-38.40331090639553,115.97909084940089,502.9893991262298,6874.975247009624,0.0005358479762101062,52.981057670035234,356.53136128285826,253.00424892732374,56.0116400964005
15 Jul 2026 18:04:00.000000000,4479.953712847363,-3312.163830835161,-4024.8514648931036,5.767106138621889,2.7715358046786127,4.132258444770473,-0.005497903153206549,0.004060478364162234,0.00494748138360488,-35.895462876251145,119.32398690916618,502.3008078113127,6875.782757789288,0.0006123436112222682,52.983582459869965,356.5277135927282,261.9470460734848,50.88077602025779
15 Jul 2026 18:05:00.000000000,4815.837926287964,-3138.684588987156,-3768.192215246993,5.424925763822198,3.008994155309628,4.4199240375330975,-0.005910815289491844,0.0038483363322670354,0.004632562766839258,-33.28555326625339,122.44527370119107,501.6161193780712,6876.5979373997325,0.0006877496517435053,52.98613197286279,356.52449069472186,270.0233937156939,46.616090569198384
15 Jul 2026 18:06:00.000000000,5130.4630742832815,-2951.349841327094,-3494.852182976078,5.058727921945712,3.233214729735584,4.688077777156722,-0.0062977501659005645,0.00361909311744026,0.004296977974078801,-30.58836686016999,125.36899360978492,500.94859527946306,6877.406364515665,0.0007602375907787573,52.9886609869545,356.52169291993795,277.4532982510662,42.99756474582613
15 Jul 2026 18:07:00.000000000,5422.435905553862,-2750.9840629634423,-3206.0384312477318,4.670123680751929,3.443200383101996,4.9355224498224235,-0.0066569496119239764,0.003373742654899185,0.003942192696018688,-27.81678242545478,128.11982929324327,500.3113580150195,6878.193730990432,0.0008281327096629528,52.99112464902879,356.5193130799481,284.3866862277697,39.87526305477083
15 Jul 2026 18:08:00.000000000,5690.4629296978455,-2538.4697240676965,-2903.0271637274755,4.260826162964637,3.638015900919925,5.161151565947552,-0.006986773530349031,0.003113355992956193,0.0035697659436144265,-24.982038587626207,130.72078261625583,499.7171517826044,6878.94609611068,0.0008898881969381509,52.99347926883459,356.51733659581254,290.9284542550718,37.1442835912417
15 Jul 2026 18:09:00.000000000,5933.3563228844405,-2314.7434376779684,-2587.158116455606,3.832643182590819,3.8167925055853322,5.363954775963324,-0.007285709301119004,0.0028390771173389478,0.0031813437031715354,-22.09398761094469,133.1930889711642,499.178107972604,6879.650134807172,0.0009440817409023986,52.995683091998636,356.51574175804694,297.1537905234719,34.72943646147796
15 Jul 2026 18:10:00.000000000,6150.039374948954,-2080.791844900788,-2259.82863657275,3.3874693293952,3.978732095080777,5.543022883369029,-0.007552380742638157,0.0025521181895994402,0.0027786518462524475,-19.161327065627113,135.55627815203138,498.70551987780516,6880.293375315882,0.0009894235716914586,52.997697038413094,356.5145001128444,303.11767293604316,32.5757455357534
15 Jul 2026 18:11:00.000000000,6339.551445631678,-1837.6472546318548,-1922.4874734326845,2.927277531877608,4.123111178870157,5.697552410895391,-0.007785556502122646,0.0022537542077627694,0.0023634883162588355,-16.19180595326712,137.82832087952158,498.30963090962683,6880.864421941866,0.0010247699192147983,52.999485392911865,356.51357696762585,308.860861787673,30.642455599968617
15 Jul 2026 18:12:00.000000000,6501.052399769844,-1586.3830570020436,-1576.6283102432967,2.45411013695408,4.249284476825731,5.826849677378856,-0.00798415774303786,0.0019453171091060439,0.0019377146291185607,-13.192405673481069,140.02582125110948,497.9994404331406,6881.353158821176,0.0010491384468372363,53.00101643601168,356.51293200685205,314.4137311892841,28.899200712378263
15 Jul 2026 18:13:00.000000000,6633.826493789875,-1328.1089317596968,-1223.7830668295076,1.9700695522118812,4.3566881486835225,5.930334345798876,-0.008147265003210518,0.0016281893494256348,0.0015032467445979828,-10.169498244258726,142.1642304892875,497.782531058815,6881.750930904176,0.001061723604730531,53.00226300357398,356.5125200070823,319.7987155638817,27.323557443137027
15 Jul 2026 18:14:00.000000000,6737.285688825274,-1063.9658746867667,-865.5150063734598,1.4773085038628302,4.4448426239879835,6.007542406815875,-0.008274124113842447,0.0013037970080688245,0.0010620453828976849,-7.128985144233287,144.25806767576714,497.66492085958765,6882.050698790992,0.001061910621441902,53.003202965519165,356.5122916385399,325.03181328978354,25.899540926498407
15 Jul 2026 18:15:00.000000000,6810.972369185277,-795.1210668530125,-503.4116809623271,0.9780199700733825,4.5133550057259235,6.0581285670052685,-0.008364151067875997,0.0009736024766296362,0.0006161058727089582,-4.076420495650005,146.32113997948926,497.65094352361393,6882.247164528744,0.0010492873184515374,53.00381961517668,356.51219433889077,330.1233806407355,24.616810581946844
15 Jul 2026 18:16:00.000000000,6854.561448654947,-522.7626130152148,-139.07775245533597,0.4744268550326783,4.56192102478287,6.0818680166827495,-0.008416935761417901,0.0006390968043803397,0.00016744763442551037,-1.0171223482522531,148.36675926356537,497.7431589146448,6882.3368660222595,0.0010236532469633968,53.00410196245,356.51217324368866,335.07829813924377,23.47050339433218
15 Jul 2026 18:17:00.000000000,6867.861851176946,-248.0941766986265,225.87227352522024,-0.031228526326634153,4.590326526895858,6.078657558628514,-0.008432244535727173,0.0003017917791643663,-0.0002818965911261218,2.0437242647368405,150.40795467081585,497.9422959064895,6882.3182383034555,0.0009850258993832283,53.004044925693236,356.5121721569594,339.8954477468113,22.46175633627748
15 Jul 2026 18:18:00.000000000,6850.817356761686,27.670459547801638,589.8213617622789,-0.5366950797171822,4.598448478792578,6.048516085957597,-0.008410021478857,-3.6788168732576916e-05,-0.0007298916486098546,5.100968942325594,152.45768237467252,498.2472287004475,6882.191640535562,0.0009336440103561519,53.003649418998044,356.5121345447162,344.5662458429702,21.599172988157935
15 Jul 2026 18:19:00.000000000,6803.50680792868,303.3128795911597,951.1572705766863,-1.0397236038143307,4.58625548556768,5.991584404666673,-0.008350388466120599,-0.00037511414849740124,-0.0011745108858860725,8.149398730854422,154.52903447976075,498.6549871436714,6881.959348284639,0.0008699683258824398,53.00292233344806,356.5120045337903,349.07163326972153,20.90183308642945
15 Jul 2026 18:20:00.000000000,6726.143676508447,577.6155354169861,1308.2798446919528,-1.5380774278254417,4.553807816897589,5.908124403803573,-0.008253643943026448,-0.0007116609832519508,-0.001613746959921101,11.183638691653934,156.63544924341193,499.1608008610324,6881.625511255112,0.0007946808719733324,53.00187641277729,356.51172789832555,353.37619922881373,20.405168220352294
15 Jul 2026 18:21:00.000000000,6619.074995146737,849.3672356799743,1659.608238990208,-2.0295429395737665,4.501256945276958,5.798517583547041,-0.008120260478922005,-0.00104491528468124,-0.002045622410326534,14.198046735115142,158.79092440956583,499.7581763135707,6881.1960773444425,0.0007086851870360818,53.00053002573643,356.51125301649904,357.416395339689,20.172747376596988
15 Jul 2026 18:22:00.000000000,6482.779662265164,1117.368592056385,2003.5880351532135,-2.511939931747089,4.428844604913439,5.663262958540483,-0.007950881143341975,-0.0013733833389852341,-0.0024681998867170105,17.186599143849584,161.01023441559286,500.4390052234923,6880.678684509518,0.0006131136778528284,52.99890683929417,356.5105317806074,1.0752222325164298,20.321589964489977
15 Jul 2026 18:23:00.000000000,6317.866133461718,1380.4373950268161,2338.6982144120425,-2.9831316976711637,4.33690138508746,5.502974360399247,-0.007746314775299804,-0.0016955987209477598,-0.002879591924803234,20.142763100133312,163.30915032559548,501.19370217646053,6880.082522538161,0.0005093594201224094,52.99703539854557,356.509520444502,4.121894226801986,21.082500778196035
15 Jul 2026 18:24:00.000000000,6125.069516307014,1637.413891694476,2663.4579512368437,-3.4410348128964485,4.225844876527984,5.318377169226452,-0.007507530240739203,-0.002010129561892549,-0.0032779701800891184,23.059352479133814,165.70465816754512,502.0113686445724,6879.418167372631,0.0003991903346299088,52.99494862083724,356.5081803934839,6.045051415944933,22.966857581798717
15 Jul 2026 18:25:00.000000000,5905.2480891370315,1887.165939489767,2976.433194737163,-3.8836285448592482,4.0961773935455685,5.1103045090710175,-0.007235649782300241,-0.0023155854066624513,-0.0036615740411379515,25.928363293672,168.21516630254928,502.8799801804934,6878.697391124389,0.00028519388483334266,52.99268321312049,356.50647882314536,5.481038020522656,27.338332460277996
15 Jul 2026 18:26:00.000000000,5659.379267707056,2128.5940110906076,3276.243006755803,-4.308963839685936,3.9484832981924254,4.879692946422475,-0.0069319415813318816,-0.002610623606843057,-0.004028718561566153,28.740785688505916,170.8606846755709,503.7865931261575,6877.932951342809,0.00017310102345671446,52.990279022882945,356.5043893153126,357.5122117082987,39.114582243469066
15 Jul 2026 18:27:00.000000000,5388.555046409167,2360.6360275503816,3561.565628076985,-4.715171842624203,3.7834259555098075,4.627577733966186,-0.006597811660289949,-0.002893955210532321,-0.004377801668025955,31.48639062435474,173.66294716364442,504.7175668646034,6877.138363447541,9.154828848253387e-05,52.98777833416244,356.50189230102643,318.08993648262737,82.34425540567472
15 Jul 2026 18:28:00.000000000,5093.976943140162,2582.271998434838,3831.1442467592747,-5.10047191635687,3.601744350917536,4.355087643874181,-0.006234795257122141,-0.003164350322703323,-0.004707310619747186,34.15349189760398,176.64543144257783,505.65879742424556,6876.3276604984285,0.00013453104148901276,52.98522512109617,356.4989754025436,258.50956077235946,145.7320138112967
15 Jul 2026 18:29:00.000000000,4776.950478817545,2792.528449671635,4083.7924452958723,-5.463179129334797,3.404249401979061,4.06343943585802,-0.0058445477993025125,-0.0034206429221818194,-0.005015827711071167,36.72868869994559,179.83320766992622,506.59595812154305,6875.515144658944,0.0002426650483824919,52.982664272185666,356.4956336484236,243.43068260998058,164.61826742240413
15 Jul 2026 18:30:00.000000000,4438.879223988785,2990.4826217655163,4318.39930601257,-5.801711193983147,3.1918199971402967,3.7539320051062632,-0.0054288356078584605,-0.0036617351375413903,-0.005302035230034696,39.19660161125793,-176.7474823792362,507.51474289581483,6874.715134803549,0.00035883735161503617,52.98014079895392,356.49186955808767,240.93280228472912,170.92352158311738
15 Jul 2026 18:31:00.000000000,4081.2584459696714,3175.2664229747447,4533.934156800703,-6.114594841965641,2.9653987936369406,3.4279402541159,-0.004989526445231501,-0.0038866009934879204,-0.005564719697284732,41.539627029348125,-173.07004784495444,508.40110804464274,6873.941714733733,0.0004733907055227789,52.977699042924854,356.48769309445015,242.02031749294446,173.6433818592891
15 Jul 2026 18:32:00.000000000,3705.668390515596,3346.0701239464333,4729.4509418705775,-6.400471630400561,2.72598780564502,3.0869087304220857,-0.004528580014332834,-0.0040942896526428236,-0.00580277542676155,43.73775272102259,-169.1089348734292,509.24150820020526,6873.2084863995115,0.0005829222021054327,52.975381894865244,356.48312148559575,244.55318772646766,174.91788969239673
15 Jul 2026 18:33:00.000000000,3313.7672322202875,3502.1457821174135,4904.092204659536,-6.658103178817425,2.474643812016798,2.7323450694606928,-0.004048038498707675,-0.0042839281861134755,-0.006015207459660548,45.76850054443308,-164.84174589294358,510.02312258724214,6872.528332382063,0.0006852714923601357,52.97323003999616,356.47817891872756,247.80314921764568,175.4753075478651
15 Jul 2026 18:34:00.000000000,2907.2837276921746,3642.8103858844606,5057.092672294758,-6.8863758415765695,2.2124736106904765,2.365813278420246,-0.003550017216994599,-0.0044547239138912455,-0.0062011339319894354,47.607088784401434,-160.25221528133753,510.7340678619536,6871.913191682045,0.0007787232465792535,52.971281242407095,356.47289611190234,251.45939021555688,175.62644378105048
15 Jul 2026 18:35:00.000000000,2488.0096051601276,3767.4487100866577,5187.782433058231,-7.084304824313766,1.9406291442428623,1.9889268931394315,-0.0030366954462679786,-0.004605966361407882,-0.006359787941776636,49.2269279358481,-155.3340189192897,511.3635941370152,6871.373852584929,0.0008618222897513437,52.96956968120426,356.46730977112566,255.36838753831574,175.52481627295523
15 Jul 2026 18:36:00.000000000,2057.7917235458103,3875.515875730331,5295.589700115219,-7.251037755672401,1.660302518168618,1.6033420360621422,-0.0025103074491729495,-0.004737028881359964,-0.006490518984091479,50.60056435773597,-150.09510823650413,511.9022611419048,6870.919766047229,0.0009333258825813196,52.96812535000362,356.46146194246296,259.44635598742735,175.25420324584135
15 Jul 2026 18:37:00.000000000,1618.5240333199915,3966.5396080839105,5380.04315632959,-7.385857727098015,1.372720930512827,1.210750399187969,-0.0019731337201683453,-0.00484736999016968,-0.006592794020921046,51.701143285136226,-144.56183537256925,512.3420918400778,6870.5588826716,0.000992195128708656,52.96697353025847,356.45539927056143,263.6442578797588,174.86363399848207
15 Jul 2026 18:38:00.000000000,1172.1393706597896,4040.1221883042404,5440.773876312589,-7.488185813851843,1.0791415285454735,0.8128721720227156,-0.001427492448358892,-0.004936534467564425,-0.006666198250295826,52.50435588272093,-138.78168963562004,512.6767012177073,6870.297515923499,0.0010375985039024129,52.96613434761032,356.4491721766855,267.9319782211114,174.3832140317407
15 Jul 2026 18:39:00.000000000,720.6011156468658,4095.942094610048,5477.516822941957,-7.557583089702271,0.7808462054353587,0.4114489309363562,-0.0008757311756848369,-0.00500415425991419,-0.006710435627208467,52.99066694815308,-132.82325921307873,512.9013983661907,6870.140233793863,0.001068918386065405,52.965622418991146,356.442833970692,272.2904776167876,173.83197246317823
15 Jul 2026 18:40:00.000000000,265.89474454160944,4133.755329722223,5490.111916473056,-7.593752146107579,0.4791363474548352,0.00823650324360445,-0.000320218617600346,-0.005049949228736611,-0.006725329188830307,53.14743914934732,-126.77239098591185,513.0132603969873,6870.089780638041,0.0010857569913903598,52.96544659661443,356.4364399125758,276.7076245124409,173.22203013094926
15 Jul 2026 18:41:00.000000000,-189.98069442567265,4153.3964318618755,5478.504675080605,-7.5965381242660825,0.1753275402503576,-0.39500218315505753,0.00023666340169032268,-0.005073727769466507,-0.006710821213626047,52.97047045899117,-120.7245733766275,513.0111771492582,6870.147030427859,0.0010879401246413846,52.965609813294414,356.43004624001037,281.17587476951644,172.56092037598893
15 Jul 2026 18:42:00.000000000,-645.021152693616,4154.779167063049,5442.746426256258,-7.565929265367123,-0.12925575875045162,-0.7965042554213204,0.0007925279532540318,-0.005075387321740037,-0.006666973238284418,52.46453461872799,-114.77497035222594,512.8958660752592,6870.310972146927,0.0010755179862243138,52.966109031761604,356.4237091789868,285.6909554431446,171.85290562739715
15 Jul 2026 18:43:00.000000000,-1097.2261716902024,4137.896900954731,5382.994088990696,-7.50205698094166,-0.4332855756595983,-1.1945140485460635,0.0013449910060545798,-0.005054914781555385,-0.006593965941357897,51.642769470786234,-109.00853715859586,512.6698571140482,6870.578727545633,0.0010487626788013775,52.96693529882626,356.4174839548429,290.2511474653646,171.09969508156036
15 Jul 2026 18:44:00.000000000,-1544.607462935666,4102.822648523586,5299.509527153295,-7.405195441620997,-0.7354357972001824,-1.5872902469635224,0.001891679488173819,-0.005012386812655115,-0.006492098885081918,50.52508823436668,-103.49261204235087,512.3374477895181,6870.945600956627,0.001008162279130093,52.96807390341111,356.4114238210499,294.8569789171693,170.30075178359849
15 Jul 2026 18:45:00.000000000,-1985.1974489863962,4049.7088007420875,5192.658474978775,-7.275760679093024,-1.0343875632642834,-1.9731130060809752,0.0024302394632651093,-0.004947970045981196,-0.0063617900957314176,49.13603440811184,-98.27332732406093,511.90462919312773,6871.405160360203,0.0009544114867152204,52.96950463566262,356.4055791227002,299.51127100362737,169.45324699057463
15 Jul 2026 18:46:00.000000000,-2417.0577357551388,3978.7865273475745,5062.909036150853,-7.114309192832061,-1.3288346676099672,-2.350291043055149,0.0029583444718585344,-0.0048619211447849826,-0.006203575448441938,47.50256181040729,-93.37578231392042,511.378983934035,6871.949348386879,0.000888398973555498,52.97120214258866,356.39999641115924,304.21959280675634,168.55160573478489
15 Jul 2026 18:47:00.000000000,-2838.287486176039,3890.3648555491322,4910.829758675531,-6.921536050496847,-1.617488957748108,-2.717168683801675,0.003473704076672362,-0.004754586703893248,-0.006018107811129131,45.652113796847814,-88.8069074698763,510.76955755760565,6872.568621458113,0.0008111916637810002,52.97313637398619,356.3947176253395,308.9913431611703,167.58642523578922
15 Jul 2026 18:48:00.000000000,-3247.0316644505397,3784.829425036732,4737.0872886029,-6.698272468928683,-1.8990857229440465,-3.072132850213094,0.0039740726374325516,-0.0046264029436481795,-0.005806155892724528,43.61119330736453,-84.55963315276905,510.0867053453155,6873.252114800452,0.0007240162959513068,52.97527311084892,356.3897793539445,313.8420082869554,166.5422175209168
15 Jul 2026 18:49:00.000000000,-3641.489119276337,3662.640920406568,4542.443606725264,-6.445482861615106,-2.1723890566939614,-3.413619968049557,0.004457258324582841,-0.0044778951528268,-0.005568602734016691,41.40445028717798,-80.6172074681335,509.34191681076175,6873.987830630978,0.0006282388251176068,52.97757456700537,356.3852121916277,318.79796690059794,165.3926045281578
15 Jul 2026 18:50:00.000000000,-4019.9204736078555,3524.3331830196335,4327.752853665545,-6.164261338435942,-2.436197177158319,-3.7401227721385752,0.00492113236369217,-0.0043096768308564775,-0.00530644377559432,39.0542105272081,-76.9569589547182,508.5476205930952,6874.762846408423,0.0005253427016312191,52.98000005345977,356.3810402003048,323.90760624261515,164.0892022483347
15 Jul 2026 18:51:00.000000000,-4380.655787619776,3370.5110054065863,4093.9577503334885,-5.85582764461893,-2.689347685944254,-4.050196981481167,0.005363638481925865,-0.004122448476514135,-0.005020784435082763,36.58033048203275,-73.55321716838739,507.71697281424827,6875.563539681899,0.0004169085959606999,52.98250669381026,356.3772804851502,329.2707726867461,162.53217023744781
15 Jul 2026 18:52:00.000000000,-4722.101960960239,3201.847612551635,3842.085622412724,-5.5215225279539135,-2.9307227426036873,-4.342467813040562,0.00578280251098131,-0.003916995972974003,-0.0047128371309030645,34.000265147324846,-70.37938159615067,506.8636323014842,6876.375825755249,0.0003046047135720579,52.98505017822504,356.37394289266683,335.1347670393723,160.47421638864222
15 Jul 2026 18:53:00.000000000,-5042.749839603196,3019.081835913738,3573.2440396728484,-5.162802526861692,-3.1592541290501863,-4.61563629907019,0.006176742079641261,-0.003694188519675576,-0.004383917692485645,31.32925817382163,-67.4092674193261,506.00152637467454,6877.1854041262095,0.00019023886469051815,52.987585542777595,356.37102983622054,342.33669022034485,157.0782512693491
15 Jul 2026 18:54:00.000000000,-5341.1809924935715,2823.014987606628,3288.616083001177,-4.781234176259038,-3.3739281754504513,-4.868485369715264,0.006543676312571861,-0.0034549760676646393,-0.0040354411066350244,28.58058976772626,-64.61789844564579,505.14461114629376,6877.978009462497,7.652767408525072e-05,52.99006796049181,356.3685362520695,356.6568124898111,146.564018858745
15 Jul 2026 18:55:00.000000000,-5616.074123062984,2614.507443964779,2989.455254501761,-4.378487633723284,-3.5737905166856274,-5.099885659816506,0.006881935434992137,-0.00320038622194094,-0.0036689165603671836,25.76584097843378,-61.981907632679736,504.3066304736067,6878.739662748926,4.5651195320117346e-05,52.992453530236226,356.36644968681884,139.11046867810217,7.916201228070492
15 Jul 2026 18:56:00.000000000,-5866.211081056635,2394.474949640707,2677.080048526466,-3.9563297348094895,-3.757950646583986,-5.308800996910142,0.007189970173273682,-0.002931520585457948,-0.0032859417562260016,22.895150286548105,-59.47967520459235,503.50087782540487,6879.456918184958,0.00015394154393856297,52.99470004963209,356.3647505147462,163.28934453980733,347.5431320435324
15 Jul 2026 18:57:00.000000000,-6090.482440869294,2163.884655371942,2352.8682041196694,-3.5166164934057775,-3.925586235861219,-5.49429352633875,0.007466360827355913,-0.0026495505278185173,-0.002888196488475708,19.977450200105906,-57.09130070398257,502.73996537117137,6880.117101435751,0.0002611016349927293,52.996767758409426,356.3634122813209,171.53592376390495,343.1023493617557
15 Jul 2026 18:58:00.000000000,-6287.892613764477,1923.7509046335426,2018.2506620126924,-3.061285070545596,-4.075947179114746,-5.655528429281135,0.007709825886503334,-0.00235571237565804,-0.0024774354875570464,17.02067902256795,-54.79847603688108,502.03560456147454,6880.7085349452445,0.00036310529943771503,52.99862003914907,356.362402166911,177.95624374537923,340.48783961507837
15 Jul 2026 18:59:00.000000000,-6457.5644630015395,1675.1307864557282,1674.7052519263657,-2.592345242853646,-4.208359336419595,-5.79177819044941,0.007919230061031509,-0.0020513020355982597,-0.002055480558425954,14.031967356129792,-52.58430386444567,501.3984023377456,6881.220746207023,0.0004584434978005434,53.000224063082115,356.3616815626885,183.85587546536135,338.3940574432666
15 Jul 2026 19:00:00.000000000,-6598.743393001398,1419.119473737983,1323.7501384685281,-2.111870409571081,-4.3222279360621165,-5.902426374209428,0.008093591598900792,-0.0017376690720676388,-0.001624212053975953,11.017801309168103,-50.43308926165422,500.83767688576046,6881.644655158343,0.000545931839256623,53.00155136956616,356.36120674864765,189.57572552439032,336.48012333152866
15 Jul 2026 19:01:00.000000000,-6710.800886248303,1156.8453683452203,966.9370562941291,-1.6219881846183024,-4.417040606760061,-5.986970870941222,0.008232088767394013,-0.0014162102776873174,-0.0011855597440621401,7.984165558728158,-48.33012120889588,500.36129652886956,6881.972737211318,0.000624592191411214,53.002578369007786,356.3609296619241,195.24890556305522,334.61295382574275
15 Jul 2026 19:02:00.000000000,-6793.2374646276985,889.4650760942159,605.8443673503358,-1.1248706271562423,-4.492370010318232,-6.045026579524505,0.00833406538865668,-0.0010883627858170296,-0.0007414931558032328,4.936669897398865,-46.26145290462867,499.97554494855046,6882.199158857511,0.0006936429098716702,53.00328676032899,356.36079874198686,200.94253863426567,332.7254547665656
15 Jul 2026 19:03:00.000000000,-6845.68505529343,618.1582363912751,242.069974925377,-0.6227241703927068,-4.547876049005528,-6.076327496813954,0.008399035329947286,-0.0007555967865251181,-0.0002940114749909881,1.8806630009702001,-44.213684977670574,499.68501542776846,6882.319883271867,0.0007525041378751609,53.00366385556458,356.3607598379119,206.69810421768472,330.7761758582942
15 Jul 2026 19:04:00.000000000,-6867.908744903037,344.1222327072773,-122.77586921806258,-0.11777931370653133,-4.583307625940862,-6.080728190745529,0.008426685872377887,-0.0004194079182164161,0.00015486688867881877,-1.1786629077850674,-42.17375259564138,499.4925362478072,6882.332743888493,0.0008008042320492812,53.0037028057963,356.3607571618243,212.54608386771997,328.7346645880081
15 Jul 2026 19:05:00.000000000,-6859.807910086911,68.56681124499462,-487.07782713834416,0.38771985262788217,-4.598503941333235,-6.058204640131262,0.008416879894714553,-8.130941437184869e-05,0.0006031149617284668,-4.23617293284856,-40.12871562239192,499.39912874505154,6882.23748451492,0.0008383839783511583,53.00340272435601,356.3607342717842,218.5122596533519,326.5751673439591
15 Jul 2026 19:06:00.000000000,-6821.41671625864,-207.29136395825086,-849.222768142906,0.8915262178828451,-4.593395312412294,-6.00885443108271,0.008369656836634213,0.0002571759081296004,0.0010487079743919374,-7.2866924394805155,-38.065549989849124,499.40399886719194,6882.035765177377,0.0008652974994078526,53.002768705029645,356.36063506682723,224.6208049501683,324.2735381802803
15 Jul 2026 19:07:00.000000000,-6752.903981252588,-482.23419068048014,-1207.6070546659219,1.3914002426768006,-4.56800351017299,-5.932896307160518,0.0082852324268282,0.0005945237295611508,0.0014896341152678097,-10.324908608971814,-35.9709381026173,499.50456237723984,6881.7311335383965,0.0008818093727148768,53.00181173483714,356.36040477664767,230.89597074998596,321.8055520701983
15 Jul 2026 19:08:00.000000000,-6654.572404705663,-755.0476138507652,-1560.643781947337,1.8851204981452072,-4.52244161148587,-5.830669077574719,0.008163997183132727,0.0009292162858151554,0.0019239051529480404,-13.345267144092254,-33.83105630963657,499.6965031571752,6881.328962378777,0.0008883876688037692,53.00054850282015,356.3599909284831,237.3630709520267,319.14591919126934
15 Jul 2026 19:09:00.000000000,-6526.857168501918,-1024.5270875793053,-1906.769933331835,2.3704940797418907,-4.45691337054165,-5.702629894853572,0.008006513720672596,0.0012597503156320379,0.002349566809117467,-16.34186056889011,-31.63135830676388,499.97386338225573,6880.836354280285,0.0008856926508107374,52.9990011081026,356.3593442741245,244.04904668944968,316.2677201961723
15 Jul 2026 19:10:00.000000000,-6370.323917888094,-1289.4829852820271,-2244.453413881301,2.845366825532091,-4.371712118848948,-5.549351920157926,0.007813512919686119,0.0015846448113653717,0.0027647087741800914,-19.308304450204062,-29.356354963291693,500.329163689488,6880.2620152638,0.0008745608192834553,52.99719667227111,356.35841966063924,250.98269779161558,313.1421743756854
15 Jul 2026 19:11:00.000000000,-6185.666136963317,-1548.745930011182,-2572.199926265577,3.307633272725679,-4.2672192079353355,-5.371521400652999,0.0075858890275145386,0.00190244849426117,0.003167474266448716,-22.23759778143985,-26.98939383990291,500.75355086844473,6879.61609971927,0.0008559838548006502,52.99516686281772,356.35717682941095,258.1945630155571,309.7387590869975
15 Jul 2026 19:12:00.000000000,-5973.701936082594,-1801.1720180771379,-2888.5596545103604,3.755246291192516,-4.143902013387302,-5.169934188898464,0.007324693789849538,0.0022117469445690732,0.0035560690501744235,-25.121963818449522,-24.512446131041447,501.23697007362887,6878.910029495111,0.0008310818147635342,52.992947335970015,356.35558112927924,265.7163586285145,306.02577087150706
15 Jul 2026 19:13:00.000000000,-5735.3702722190155,-2045.6479102953715,-3192.1337231155976,4.186226338672217,-4.002311522775083,-4.945491738931704,0.007031129714359249,0.002511169326308202,0.003928769840721622,-27.952668026060977,-21.90591571204952,501.7683581078722,6878.156290484628,0.0008010697079401092,52.99057710866989,356.35360413112204,273.57983425601157,301.9714693530415
15 Jul 2026 19:14:00.000000000,-5471.726626460215,-2281.0957666385393,-3481.58040124499,4.59867028908643,-3.8430795332602745,-4.699196617492251,0.006706542584208928,0.00279939465848775,0.004283932042387104,-30.719810783678923,-19.148495466053554,502.33585396423626,6877.368210446872,0.0007672163802907785,52.988097870731174,356.3512241328674,281.81488590970577,297.54596400692276
15 Jul 2026 19:15:00.000000000,-5183.938165528289,-2506.4780017088196,-3755.621024070883,4.9907597925757194,-3.6669154871931537,-4.4321475715959435,0.006352413345410538,0.0030751575977714597,0.004619996782296182,-33.4120945872845,-16.21711140152506,502.9270225450942,6876.5597221222115,0.0007307946693059698,52.98555324928293,356.348426545947,290.4468106256647,292.72395937300143
15 Jul 2026 19:16:00.000000000,-4873.278416484304,-2720.8018401954027,-4013.0456058898444,5.360769133357646,-3.4746029757469548,-4.145534195369278,0.005970349493134833,0.003337253710299125,0.0049354972208740305,-36.016569393041415,-13.087016534573332,503.5290873031889,6875.745115943247,0.0006930223207393793,52.98298803846755,356.3452041561917,299.4927461474758,287.4883152811841
15 Jul 2026 19:17:00.000000000,-4541.1214856019915,-2923.123653322354,-4252.718122222465,5.707072558988426,-3.266995941581363,-3.8406312397130935,0.005562076079506635,0.0035845442231048205,0.005229064136043299,-38.51836648570012,-9.732124728734258,504.12916746908184,6874.938786798273,0.0006549946251223918,52.980447407998724,356.3415572544523,308.95766524942223,281.834052496143
15 Jul 2026 19:18:00.000000000,-4188.935853770776,-3112.553059161173,-4473.58144072994,6.028151061863708,-3.045014611704845,-3.5187926080102567,0.005129426461384233,0.0038159602589561666,0.005499430795798265,-40.90044209316696,-6.1257082108207594,504.71451553787,6874.154979375424,0.0006176124968603874,52.977976104578964,356.3374936344831,318.8307943883272,275.77193409357847
15 Jul 2026 19:19:00.000000000,-3818.2777817430447,-3288.2567715433465,-4674.661883346736,6.322598600576872,-2.8096411911549253,-3.1814450798183422,0.004674332895726305,0.004030506569265608,0.005745437147375386,-43.14336818072867,-2.2416151562758433,505.2727507791977,6873.4075366033185,0.0005815137483934535,52.97561766032296,356.3330284580365,329.0838855184455,269.33019373355324
15 Jul 2026 19:20:00.000000000,-3430.7843591011,-3449.462184111555,-4855.07340450402,6.589127754866059,-2.5619153469207165,-2.830081802393333,0.0041988170775312,0.004227264790091006,0.005966033364012164,-45.22523000285951,1.9438193746186654,505.79208469898134,6872.709655611207,0.000547019638966426,52.973413622227454,356.328183989403,339.6731031533098,262.5526487459144
15 Jul 2026 19:21:00.000000000,-3028.1662310290217,-3595.460677771899,-5014.021372645562,6.826574813148527,-2.302929509770605,-2.4662555871283236,0.0037049807003600955,0.004405396254634809,0.006160282800298209,-47.12171640941239,6.44902306334372,506.2615346106047,6872.0736554633095,0.0005141112990773343,52.97140281637312,356.3229892040329,350.54603720094195,255.49168749931087
15 Jul 2026 19:22:00.000000000,-2612.200036906779,-3725.610641400019,-5150.805944381166,7.033904295912972,-2.0338240194697685,-2.0915720447300976,0.0031949961014207115,0.004564144401379744,0.006327364413343358,-48.80651328537402,11.283564607381095,506.6711217563299,6871.510760683148,0.0004824489255974651,52.96962065994262,356.3174792780432,1.6543951742496286,248.19557744888488
15 Jul 2026 19:23:00.000000000,-2184.7205944267375,-3839.3401971193216,-5264.825022564097,7.210212921452856,-1.7557821363649104,-1.7076825893637748,0.0026710970358246417,0.004702836821903146,0.006466574712053539,-50.25211915506511,16.443876466628435,507.01205074737663,6871.030904281602,0.00045143995889617274,52.968098533304506,356.3116949676103,12.971730569015977,240.69073706627566
15 Jul 2026 19:24:00.000000000,-1747.6128624723792,-3936.1496227649886,-5355.5767912906595,7.354733022501966,-1.470024939663291,-1.3162773382841364,0.0021355696041557267,0.004820886991934655,0.006577329294650458,-51.4311732984139,21.908934305102747,507.2768674537027,6870.642553643996,0.000420353537360678,52.96686322335532,356.30568188916817,24.515139725958623,232.96003933059615
15 Jul 2026 19:25:00.000000000,-1302.8037154296644,-4015.6134652913133,-5422.661822309971,7.466835423307039,-1.1778061300448608,-0.9190779298157177,0.001590743341777368,0.004917795731609526,0.006659164036330555,-52.31829770995341,27.636971840080484,507.4595928639702,6870.35256222368,0.00038847321922809246,52.96593644805612,356.2994897131509,36.371167090306336,224.9169068613373
15 Jul 2026 19:26:00.000000000,-852.2535610184572,-4077.3823398581153,-5465.784748601123,7.54603178657952,-0.8804067516963083,-0.5178302791409047,0.001038982458756462,0.004993152434610666,0.006711735979078904,-52.89229843551985,33.564619793702235,507.55583084491485,6870.166049539984,0.00035528457025941026,52.965334470660764,356.293171285514,48.72940495026457,216.3717126055259
15 Jul 2026 19:27:00.000000000,-397.94783316558346,-4121.18441017057,-5484.755501948382,7.591976438722945,-0.5791298465350339,-0.11429728836400822,0.00048267720558183334,0.005046636100549698,0.006734823967386366,-53.13838415183112,39.60967894473433,507.5628481523864,6870.08631149584,0.0003207136076688842,52.965067810542095,356.28678169265487,61.93137299288675,206.9829007337894
15 Jul 2026 19:28:00.000000000,58.111609009486735,-4146.826546348059,-5479.490112248283,7.604467679861442,-0.275295051474392,0.2897484750942672,-7.576467130911313e-05,0.005078016202704054,0.006728329069595452,-53.0499259750038,45.677852018906385,507.47962547806134,6870.114762518764,0.0002854702161312235,52.96514105580497,356.2803772862887,76.5421676226165,196.18533779270777
15 Jul 2026 19:29:00.000000000,513.9151453967023,-4154.195157204499,-5450.011067056688,7.583448582691262,0.029766851912197547,0.6925321194856573,-0.0006339264316570966,0.005087153407191471,0.006692274802322329,-52.629303345152,51.67236985352904,507.3068787539592,6870.250910499786,0.00025160195705678994,52.96555278106176,356.27401468562283,93.42447644842105,183.1162987001659
15 Jul 2026 19:30:00.000000000,967.4540916347207,-4143.256694347439,-5396.447230576872,7.5290072812358355,0.33471942680306677,1.0922837776870236,-0.0011893908515361337,0.005074000155513934,0.00662680716949874,-51.887595466595194,57.50424085655838,507.0470503782644,6870.492364960862,0.00022333108029453928,52.9662955718718,356.2677497745424,113.65100450701507,166.70304100773637
15 Jul 2026 19:31:00.000000000,1416.7293979117294,-4114.05782600549,-5319.0333219400145,7.441376747438593,0.6382261015406425,1.4872459530149729,-0.0017397487949893156,0.005038601110853103,0.006532194511915589,-50.843207679137805,63.10057559926455,506.70427046922805,6870.834878332913,0.00020763766596325908,52.96735615544331,356.26163671166864,137.72296298755526,146.44431665784163
15 Jul 2026 19:32:00.000000000,1859.7603189119998,-4066.725278974809,-5218.108953305002,7.320934050401636,0.9389557125068471,1.8756808499209416,-0.002282607897486207,0.004981093456759817,0.006408827147710385,-49.51980827808715,68.40927522267586,506.28428869699604,6871.272419677329,0.00021230320915162536,52.96871563529743,356.25572697088717,163.87304313473814,124.10739855017009
15 Jul 2026 19:33:00.000000000,2294.59302373077,-4001.4653476136646,-5094.117229042347,7.168199090221333,1.2355880600927673,2.255877676223666,-0.002815601405022383,0.004901707027228275,0.006257216771940426,-47.94406596427325,73.39977944641444,505.7943776855048,6871.797279643701,0.00024038763734744273,52.97034982573889,356.25006842941076,188.24244648921567,103.55105075126299
15 Jul 2026 19:34:00.000000000,2719.30911396027,-3918.5630694121,-4947.602908121144,6.98383279599264,1.5268194668541766,2.626159901266355,-0.003336397203913563,0.00480076424047871,0.006077995575194105,-46.14360685457407,78.06075297648518,505.2432094142824,6872.4002049295705,0.00028818976710172573,52.972229680193294,356.24470451963447,208.39341613785885,87.21299766747102
15 Jul 2026 19:35:00.000000000,3132.0340174631533,-3818.381067375102,-4779.210132828698,6.768634775865376,1.8113683249195818,2.9848924515471826,-0.0038427070620620793,0.0046786797968175,0.005871915026588393,-44.14543475977271,82.39609495980334,504.6407064819982,6873.070560003699,0.0003496197739448767,52.97432180579399,356.2396734598377,224.45295753602568,74.96620361243566
15 Jul 2026 19:36:00.000000000,3530.9452245791126,-3701.358060299943,-4589.679728156314,6.523540406210279,2.0879806172723625,3.33048882202636,-0.004332296086849952,0.004535960096879661,0.005639844262410722,-41.974879900796005,86.42053612980085,503.99787051441547,6873.796513379311,0.00041959208064099496,52.976589055062796,356.23500757744864,237.47398503733248,65.75772662747138
15 Jul 2026 19:37:00.000000000,3914.280332710326,-3568.0070430348046,-4379.84607760729,6.249617347134026,2.3554353947506046,3.6614180776366716,-0.004802992388905344,0.004373202333776451,0.0053827680194766785,-39.65501937951489,90.15565840407811,503.32659040427586,6874.565245284909,0.0004944329714850091,52.97899118415087,356.23073273687856,248.39890894896655,58.64513173134375
15 Jul 2026 19:38:00.000000000,4280.344864529922,-3418.913139962867,-4150.633582809034,5.948061472821936,2.612550187687998,3.9762117157382773,-0.005252696920026037,0.004191093207497941,0.005101784047243988,-37.206457831522165,93.62672391054039,502.6394334531037,6875.363173187351,0.0005713956916758516,52.981485565922256,356.226867882107,257.8774010106627,52.97872569708239
15 Jul 2026 19:39:00.000000000,4627.519824298045,-3254.731136358054,-3903.0527162607195,5.620192207695896,2.858186328023511,4.273470356372523,-0.005679393434552415,0.003990407211873891,0.004798099937136368,-34.64735067753769,96.86038002673041,501.94942283639597,6876.176191280329,0.0006482537407910305,52.98402794518468,356.22342470208696,266.3319240351535,48.33602761345567
15 Jul 2026 19:40:00.000000000,4954.268956509863,-3076.1826937242026,-3638.195678555569,5.267447262805885,3.0912541549415122,4.551870223785718,-0.006081158506623865,0.0037720044484765743,0.004473029314500323,-31.993571534512835,99.88313459297284,501.2698051253368,6876.989919771523,0.000723074605703765,52.986573222627534,356.2204074249353,274.03803619775704,44.441464741644495
15 Jul 2026 19:41:00.000000000,5259.145670723246,-2884.053256996145,-3357.231673815094,4.891376771653558,3.3107180743138658,4.810169379431198,-0.006456171516412328,0.003536827925424406,0.0041279873452117625,-29.25895197657476,102.72043308847192,500.6138118603222,6877.789959587861,0.0007941102030650121,52.98907625351992,356.21781274447585,281.1796516688015,41.111111970933955
15 Jul 2026 19:42:00.000000000,5540.799596626841,-2679.188663298261,-3061.401819501193,4.493636830233936,3.5156014400147932,5.047213664231543,-0.00680272450321483,0.0032859003070189,0.0037644855209837988,-26.45554642676032,105.39617003051217,499.9944193734154,6878.562147980729,0.0008597503981331672,52.991492646966975,356.21562988041245,287.88299370972084,38.21873875204584
15 Jul 2026 19:43:00.000000000,5797.9827338595205,-2462.4914639464228,-2752.0137093921417,4.075982452611636,3.704991223392953,5.261942306113486,-0.007119231769801795,0.0030203200896143046,0.003384125701266077,-23.593894003216356,107.93249463164912,499.42411118857484,6879.292810452727,0.0009185092473749534,52.993779551523765,356.2138407709683,294.2370547181958,35.67534902292037
15 Jul 2026 19:44:00.000000000,6029.5551619990565,-2234.9169734359543,-2430.4356511844153,3.640259960517346,3.8780424360624144,5.453393147987006,-0.007404239116544234,0.002741257192110198,0.0029885934074679304,-20.68326238964555,110.34980506766095,498.91464738066264,6879.969004453491,0.0009690279759260292,52.99589641321853,356.21242039452676,300.3060521290401,33.41672522150308
15 Jul 2026 19:45:00.000000000,6234.490277479878,-1997.4690612748147,-2098.090602881053,3.1883988330866915,4.033982270754031,5.620707451488922,-0.00765643257316929,0.002449947959132092,0.002579650379092231,-17.731867313565882,112.66685683406305,498.47684523909317,6880.5787504034,0.0010100862009688135,52.997805692542066,356.21133721446455,306.1371572702125,31.39569928836815
15 Jul 2026 19:46:00.000000000,6411.879526017224,-1751.1957046298462,-1756.4498347741016,2.7224030507038366,4.172113925341147,5.763134233024345,-0.007874646496998074,0.0021476895903468625,0.002159126421675343,-14.747066321970872,114.90093533829348,498.12037545338495,6881.111245802801,0.0010406167242486717,52.999473527703394,356.21055373919745,311.7653786579853,29.57726917835767
15 Jul 2026 19:47:00.000000000,6560.936601395569,-1497.184321823358,-1407.026346375768,2.24434197472837,4.2918200763376175,5.880034090928733,-0.008057870911685043,0.001835834023435667,0.0017289105946114616,-11.735528389355421,117.06806097297647,497.85357781347886,6881.557058469474,0.0010597211899169136,53.00087033242045,356.2100271874207,317.21667496303536,27.935485653495956
15 Jul 2026 19:48:00.000000000,6681.001084226871,-1236.556908683332,-1051.3680700165771,1.7563408123913644,4.39256597017948,5.970882485935562,-0.00820525796298193,0.001515781310247252,0.001290941802716533,-8.703382332167227,119.1832075354612,497.6833000965427,6881.908295313446,0.0010666849669839537,53.001971317692764,356.2097102466703,322.50991110187033,26.451495907645413
15 Jul 2026 19:49:00.000000000,6771.5414974609985,-970.4650015768055,-691.050894960669,1.2605707231133718,4.473902103410322,6.035272441502152,-0.00831612738076263,0.001188972539488596,0.0008471988724525858,-5.656347621052803,121.26052333834112,497.6147633992597,6882.158743502194,0.001060990224782013,53.00275692836664,356.20955191166496,327.6579967946041,25.112404687490265
15 Jul 2026 19:50:00.000000000,6832.157759000451,-700.0844925881721,-327.6715477339072,0.7592386286826475,4.535466466444262,6.072916635827338,-0.008389970856237187,0.0008568823720004242,0.00039969020875711117,-2.599851355132947,123.31354988215674,497.6514566755853,6882.303981379024,0.0010423265523486914,53.00321318682806,356.20949838751653,332.6683677897727,23.910792715309952
15 Jul 2026 19:51:00.000000000,6862.583015683578,-426.61032369896975,37.15963414822171,0.2545767949079088,4.576986329796513,6.083648863463677,-0.008426455252121238,0.0005210112625704961,-4.955686179348727e-05,0.46086487598236187,125.35543645507222,497.7950626678865,6882.3414570669,0.0010105987505477504,53.00333193781769,356.2094940417366,337.54282614864775,22.84487602782031
15 Jul 2026 19:52:00.000000000,6862.684847081732,-151.251087954912,401.82599674291606,-0.2511677436238474,4.598279556436991,6.067424851117049,-0.00842542459352472,0.00018287745269578777,-0.0004985069447640284,3.5206446277788004,127.39915114099475,498.0454167861097,6882.270533302843,0.0009659316765386362,53.00311099012442,356.20948238814333,342.27659573991764,21.91945008724715
15 Jul 2026 19:53:00.000000000,6832.465831939018,124.77643357394838,764.7118935260609,-0.7557438413700512,4.599255429113435,6.024322419361748,-0.008386900805920864,-0.0001559911768674268,-0.0009451275075372855,6.574319224399617,129.45768989204333,498.4004998136105,6882.092497693647,0.0009086723204482811,53.00255415274808,356.20940708523193,346.8562004264707,21.148011190242713
15 Jul 2026 19:54:00.000000000,6772.063474581771,400.25276972433323,1124.2099992415522,-1.2569069066297904,4.579914986956507,5.954540989374739,-0.008311083189184526,-0.0004940653011393415,-0.0013873997609031544,9.616609918172246,131.54428581032758,498.8564646176528,6881.810538245526,0.0008393897700984653,53.00167116499491,356.209212931327,351.25528959580697,20.556930530534277
15 Jul 2026 19:55:00.000000000,6681.7494931572755,673.9612625779814,1478.7285746473049,-1.752429497882815,4.540350871269893,5.858400441202891,-0.008198346645455476,-0.0008298223002252266,-0.0018233293701312386,12.642026126936472,133.67262069971355,499.4076963374597,6881.429684684417,0.0007588746681406734,53.00047752184737,356.20884683891785,355.4264581108919,20.19363384591196
15 Jul 2026 19:56:00.000000000,6561.928476037403,944.6935468922995,1826.6986436609566,-2.2401117778597324,4.480746685958082,5.736339337308491,-0.00804923869675826,-0.0011617542715109128,-0.002250956877317066,15.644756223836543,135.85704027275128,500.0469048331543,6880.956716733284,0.0006681420166887336,52.99899419780151,356.20825877100134,359.2844191391873,20.14342819910965
15 Jul 2026 19:57:00.000000000,6413.135917062944,1211.2549767925268,2166.5810454305133,-2.7177917545304413,4.401375883400048,5.588912531990749,-0.00786447535755388,-0.0014883758182693133,-0.002668367725708245,18.61854724891423,138.11277298148806,500.76524752488746,6880.400041135131,0.0005684474128733521,52.99724727415253,356.20740262290883,2.6683357572548867,20.567170002140138
15 Jul 2026 19:58:00.000000000,6236.035644422151,1472.4699717121935,2496.873325281362,-3.1833552425078713,4.302600191580955,5.416788193560477,-0.007644935940908155,-0.0018082315348916668,-0.0030737017867861877,21.556569818929976,140.45614998194083,501.5524801498693,6879.769539789806,0.0004613471308822158,52.995267476409296,356.2062370341529,5.24655999643337,21.796525625203476
15 Jul 2026 19:59:00.000000000,6031.416661789421,1727.1872546415568,2816.1164302592942,-3.634745483780796,4.184867602821543,5.220744271687471,-0.007391656897547587,-0.0021199031179032347,-0.003465162304525003,24.45126452414542,142.90481975128452,502.3971324319907,6879.076391897852,0.0003489142974128916,52.9930896300919,356.20472611596335,6.230076575362106,24.62052735045227
15 Jul 2026 20:00:00.000000000,5800.189423822256,1974.2849571099066,3122.9011770708453,-4.06997237309131,4.048709948355805,5.0016644470012865,-0.007105824803803672,-0.002422016043702143,-0.003841024188255829,27.294166379372268,145.47794463305354,503.28670520621415,6878.332873465616,0.00023466680974383263,52.990752044594544,356.20284008186763,3.260159616549622,31.397916378874413
15 Jul 2026 20:01:00.000000000,5543.381571191038,2212.675566864144,3415.8744625501854,-4.487121240373814,3.894740086236006,4.7605336037005515,-0.006788768619090718,-0.0027132457653961713,-0.004199641600924703,30.07570470842971,148.19635710051278,504.20788517645474,6877.552137912429,0.0001295072136684277,52.98829583604636,356.20055577022504,346.2826366508369,52.182878591163025
15 Jul 2026 20:02:00.000000000,5262.133152942304,2441.3106959509437,3693.7451893053862,-4.884361150297498,3.723648732487713,4.498432868538072,-0.006441951342776129,-0.0029923233941964184,-0.004539454808058906,32.78497761271785,151.08263956817908,505.14677321705034,6876.747981828878,9.624747428462429e-05,52.98576420116226,356.19785704968297,285.25971296343005,117.01322001285497
15 Jul 2026 20:03:00.000000000,4957.691366170168,2659.185648742638,3955.2898818407716,-5.259952686790034,3.5362009670917374,4.216534261072378,-0.006066961204172,-0.0032580408459894294,-0.004858996272802387,35.40950355542635,154.16107184346103,506.0891219548452,6875.934600159258,0.00018235888130246395,52.98320165491821,356.19473510046544,249.58486777181346,156.49547049647887
15 Jul 2026 20:04:00.000000000,4631.404844661691,2865.3437713855674,4199.357971163465,-5.612255198266111,3.3332324471847743,3.9160950005116058,-0.005665502512129995,-0.0035092554453302113,-0.005156895997495659,37.93495851174393,157.45736394464345,507.02057829060345,6875.126335221676,0.000296133206716966,52.9806532455023,356.19118856673725,242.23408523827555,167.6536526201366
15 Jul 2026 20:05:00.000000000,4284.717529418136,3058.8805660849084,4424.87672859054,-5.939733486841676,3.1156453599058787,3.5984515138713644,-0.005239386286938863,-0.0037448939926983064,-0.005431886129872424,40.34491679462914,160.9980598055229,507.92692652880123,6874.337424033876,0.00041208233188555965,52.97816376037321,356.1872235774385,241.71631579918605,171.9788203216085
15 Jul 2026 20:06:00.000000000,3919.162154749126,3238.947555570297,4630.855832114931,-6.240963931877756,2.884404146590168,3.2650131886157427,-0.004790520788710073,-0.0039639563142435195,-0.005682804869141829,42.62062835759727,164.8094640436053,508.7943278783037,6873.581748387506,0.0005246490582378611,52.97577693739338,356.18285363538195,243.5390942522277,173.96344082697712
15 Jul 2026 20:07:00.000000000,3536.353384023156,3404.7558849444895,4816.391551221983,-6.5146400445496155,2.6405310286196073,2.917255910550806,-0.004320902038872726,-0.004165518321298965,-0.005908599716432418,44.74088590755466,168.91592179175342,509.6095522525235,6872.872592009034,0.0006311437541482387,52.97353469489559,356.1780993766368,246.4142788948617,174.8956555797935
15 Jul 2026 20:08:00.000000000,3137.9806291887344,3555.5796498807686,4980.670538411198,-6.759577455598222,2.3851013632643627,2.5567154246584582,-0.003832604417712017,-0.004348734616592695,-0.006108330125818495,46.68206058338132,173.33729505943694,510.3601985276523,6872.22240896958,0.0007296333650992254,52.97147639419253,356.1729882045841,249.84837312948545,175.26895875363044
15 Jul 2026 20:09:00.000000000,2725.800587915502,3690.7589417563477,5122.973217843436,-6.974718342851421,2.1192388554291584,2.184980552951445,-0.003327771404126547,-0.004512840692139822,-0.006281169621451931,48.41841037610717,178.08556738989546,511.0348997003427,6871.642607264094,0.0008185253401760036,52.96963814745129,356.16755380515036,253.61438001883545,175.31034286186178
15 Jul 2026 20:10:00.000000000,2301.629531697425,3809.702601783077,5242.676763472131,-7.159135308417298,1.8441106484666887,1.8036862994848326,-0.002808606500878946,-0.004657154764750542,-0.006426407445711668,49.92277930137306,-176.83928126362918,511.62350971183463,6871.1433511795985,0.0008964618413135243,52.96805218304715,356.1618355518238,257.5943721557792,175.1377290970751
15 Jul 2026 20:11:00.000000000,1867.3353775976225,3911.8906774947154,5339.257660708811,-7.312034717592567,1.5609223142966964,1.4145068685790534,-0.002277364372672868,-0.004781079300164124,-0.006543449808664467,51.16778794100579,-171.453628658936,512.1172690643889,6870.7333857200065,0.0009622933419510818,52.966746279489,356.15587781096235,261.7216800556037,174.8177791877029
15 Jul 2026 20:12:00.000000000,1424.8295755418455,3996.876576077081,5412.293847122464,-7.432759512512289,1.270912760099074,1.0191486182706508,-0.0017363422025049313,-0.0048841022730678136,-0.0066318208022975896,52.12754390706561,-165.79383428437907,512.5089467393029,6870.419885959531,0.0010150763749924123,52.96574327779889,356.14972915965984,265.95631425131694,174.39047358639425
15 Jul 2026 20:13:00.000000000,976.0588422867409,4064.288909973217,5461.466428877859,-7.520791513425764,0.9753490660004995,0.6193429672231109,-0.0011878712563965026,-0.004965798210947444,-0.0066911630425422666,52.779761645759635,-159.91780300149338,512.7929563266786,6870.208333763867,0.0010540785895060503,52.96506068084689,356.14344152994835,270.27333126171595,173.88074581468987
15 Jul 2026 20:14:00.000000000,522.9967724323224,4113.833030982474,5486.560970608948,-7.575753219330438,0.6755212655632199,0.2168392699450518,-0.0006343086280637241,-0.005025829060393173,-0.006721238088128457,53.10799742195985,-153.90318865612772,512.9654446895918,6870.102423856978,0.0010787849867536954,52.96471034661391,356.137069294364,274.6568651219665,173.30445126812356
15 Jul 2026 20:15:00.000000000,67.63535619667141,4145.2922497118825,5487.468357220776,-7.597409117656701,0.372737078642402,-0.18660232764584264,-7.802912376541362e-05,-0.005063944910767971,-0.006721926679240211,53.103550675233535,-147.84164044856482,513.0243519046966,6870.104000726657,0.0010889027801343593,52.964698280710245,356.1306683089155,279.09688071690846,172.67161423495898
15 Jul 2026 20:16:00.000000000,-388.02356680143043,4158.528737757234,5464.185226763256,-7.585666509952327,0.06831660442492106,-0.5892180423580493,0.0004785827634460961,-0.00507998459994906,-0.006693228824455008,52.766558910136894,-141.82979200013662,512.9694416449446,6870.213027361603,0.0010843637045076099,52.965024531739665,356.1242949302978,283.58734507872083,171.9882569597257
15 Jul 2026 20:17:00.000000000,-841.9768889623476,4153.484110426741,5416.813974059237,-7.540575857264352,-0.23641301883443697,-0.989247609061201,0.0010331408474982366,-0.0050738762172410105,-0.006635263750929792,52.10598052726939,-135.95900553322514,512.8023015951353,6870.427586301476,0.0010653232117829878,52.96568319130151,356.11800502452894,288.12520172322087,171.2574256710572
15 Jul 2026 20:18:00.000000000,-1292.2288224025076,4130.179688182474,5345.5623252590185,-7.462330645374816,-0.5401229813049567,-1.3849414289843118,0.001583265270765759,-0.005045637507745325,-0.006548269718179727,51.13847050322373,-130.3064313345006,512.5263139167856,6870.743912966517,0.0010321563017783625,52.96666249859607,356.11185298438795,292.70985333511055,170.47970825510575
15 Jul 2026 20:19:00.000000000,-1736.799464183165,4088.716435349916,5250.742483975057,-7.351266766469988,-0.8414881903779103,-1.7745677026149231,0.0021265906124638143,-0.00499537617352398,-0.006432603683857689,49.8864619370721,-124.92936465317244,512.1465962039189,6871.156460718648,0.0009854499234798985,52.96794504777397,356.10589077288506,297.34302942787986,169.65336694281999
15 Jul 2026 20:20:00.000000000,-2173.733309821365,4029.274575013772,5132.769850183056,-7.207861410412369,-1.1391926740357774,-2.156419537455402,0.0026607741376538487,-0.004923290053359195,-0.006288740792354296,48.37592825637828,-119.86355886239745,511.6699137947585,6871.6579965986275,0.0009259920126887896,52.9695080943772,356.10016700947557,302.02903596648736,168.77408901560466
15 Jul 2026 20:21:00.000000000,-2601.1076854020334,3952.1128794612623,4992.161313707632,-7.032731455797208,-1.431934990817705,-2.528822018953499,0.0031835042316238882,-0.0048296671545398785,-0.006117273646725753,46.63427179998167,-115.12486772355804,511.1045647249797,6872.239726188412,0.0008547573421556216,52.971323955493986,356.09472611504356,306.7755175837736,167.83422489197832
15 Jul 2026 20:22:00.000000000,-3017.041067917139,3857.567636068187,4829.533124888918,-6.8266313486082195,-1.7184336365278365,-2.890139230210642,0.0036925090535248773,-0.004714885502989147,-0.005918911315865299,44.68862756358762,-110.71290765327778,510.46023902381444,6872.89144557133,0.0007728904754841437,52.97336049661329,356.0896075306092,311.59509464684936,166.82115133283628
15 Jul 2026 20:23:00.000000000,-3419.7012626757505,3746.0512891812227,4645.598345985628,-6.590450454724398,-1.9974324354977184,-3.2387812028094025,0.004185565426945531,-0.004579412767402767,-0.0056944780162833325,42.56468779332141,-106.61541640817526,509.7478544616904,6873.601717909267,0.0006816862788062745,52.97558169665481,356.0848450234591,316.5087621875989,165.71387274562892
15 Jul 2026 20:24:00.000000000,-3807.3134057761335,3618.050759361284,4441.163888039359,-6.325209871923859,-2.2677059014875094,-3.573210777420333,0.004660507968345652,-0.004423805609578181,-0.005444911404654154,40.28601581520941,-102.81236225769216,508.97937125322903,6874.358071735094,0.000582568769816944,52.977948281284995,356.08046609282695,321.5533406943259,164.47557058558024
15 Jul 2026 20:25:00.000000000,-4178.167758735678,3474.12544234629,4217.127139353184,-6.032058687527361,-2.5280645503035446,-3.891950348878878,0.0051152384370187435,-0.004248708711065511,-0.005171260416305357,37.87374728576364,-99.27931502794009,508.1675885964278,6875.147217673559,0.00047706998254783644,52.98041841343655,356.0764914855936,326.79964884500777,163.0354307689526
15 Jul 2026 20:26:00.000000000,-4530.627261684989,3314.9048912258772,3974.4721933277096,-5.712269669362896,-2.777360143163178,-4.193588466523318,0.005547735268982008,-0.0040548534224739965,-0.004874682581736199,35.34656089825828,-95.98994516167805,507.3259262802595,6875.955279964819,0.00036681380678699633,52.982948428948724,356.07293483048153,332.40469008085057,161.23645719701238
15 Jul 2026 20:27:00.000000000,-4863.134810715503,3141.086186722735,3714.265685365003,-5.367234380611178,-3.0144908366317402,-4.476786256582904,0.005956063239126411,-0.003843055985348887,-0.00455644075980314,32.72081499806901,-92.91772303461237,506.468194911323,6876.768038875888,0.00025352620964747187,52.98549360445245,356.0698023972044,338.8051102319241,158.64201417557405
15 Jul 2026 20:28:00.000000000,-5174.220224659792,2953.4310019650875,3437.652250582987,-4.998457712904396,-3.2384062121163772,-4.74028362999257,0.006338383177199938,-0.0036142152798106526,-0.0042178992323865785,30.010772112271592,-90.03697626882602,505.60835858524996,6877.571179856676,0.00013923060613300474,52.988008944055935,356.0670929848181,347.85720035765905,153.39582356635233
15 Jul 2026 20:29:00.000000000,-5462.5068663146985,2752.7623698613643,3145.849616430925,-4.6075518370773825,-3.4481121552082477,-4.9829052359015815,0.006692961646372666,-0.003369310057259102,-0.003860519115056444,27.228858729708946,-87.32347475431929,504.7602940508005,6878.350545132208,3.1634133272378975e-05,52.99044997105086,356.0647979413052,28.345511308244806,116.7133501632223
15 Jul 2026 20:30:00.000000000,-5726.717883288223,2539.961163029394,2840.1433467458255,-4.19622957686803,-3.6426755529802346,-5.2035661188049005,0.007018180478649786,-0.003109395625799567,-0.003485853050872644,24.385928034539997,-84.75469032084624,503.9375505740058,6879.092383329869,9.34559053336897e-05,52.9927735107611,356.0629013141019,154.79022307548428,354.0744322252245
15 Jul 2026 20:31:00.000000000,-5965.682034171355,2315.962298197281,2521.8812563702227,-3.7662972175672182,-3.821228775699223,-5.40127703567318,0.007312546049784894,-0.0028355999663865618,-0.003095539169206993,21.49150782875559,-82.30984456744302,503.1531147963435,6879.783592723493,0.00020192349124497136,52.994938450801385,356.06138012899123,167.295986404313,345.3744396964374
15 Jul 2026 20:32:00.000000000,-6178.339066678032,2081.7506790393686,2192.467518096558,-3.3196467689172118,-3.9829739084217413,-5.575149388835878,0.0075746981682413145,-0.0025491192691116694,-0.002691294307543651,18.554025412278772,-79.96982627910992,502.41918488614704,6880.411953738484,0.00030667461107616514,52.99690646539572,356.0602047925532,174.5805383980237,341.8956583818997
15 Jul 2026 20:33:00.000000000,-6363.744615795951,1838.3568934889677,1853.3564863421916,-2.8582477092153886,-4.127186697692544,-5.7243997307707,0.007803418449420363,-0.0022512128922908587,-0.0022749065120108995,15.581007018758855,-77.71703368518925,501.74695820000426,6880.966346508197,0.0004055538096141295,52.99864269102217,356.0593396111948,180.78674815104935,339.49524404893555
15 Jul 2026 20:34:00.000000000,-6521.074591843883,1586.8526836491951,1506.046264547872,-2.384138245382993,-4.253220179097246,-5.848353798402428,0.00799763804334201,-0.0019431977594601797,-0.0018482268492344411,12.579252727307118,-75.53517725760966,501.1464364951151,6881.43694949779,0.0004972189758753723,53.00011634148893,356.0587434177154,186.638031191219,337.44980767598366
15 Jul 2026 20:35:00.000000000,-6649.629030655602,1328.3462084367877,1152.0720457529374,-1.8994161314302522,-4.360507952772308,-5.946450037035847,0.00815644459373629,-0.0016264422247383704,-0.0014131605815707105,9.55498950546464,-73.40906493377844,500.62625246421237,6881.815415521308,0.0005805831592275426,53.00130125159495,356.05837029450055,192.36719435439124,335.5265702308674
15 Jul 2026 20:36:00.000000000,-6748.8353808765,1063.9771210125955,792.9992580812423,-1.4062290950617775,-4.448567076128744,-6.018242577600518,0.008279088308392357,-0.001302359448162517,-0.0009716577722659908,6.514005829130907,-71.32438227289106,500.1935210018974,6882.095021861444,0.0006547615586670461,53.002176339766315,356.05817038069824,198.07674037351245,333.62305770198583
15 Jul 2026 20:37:00.000000000,-6818.2512065482515,794.9114848093568,430.41654890446176,-0.9067649288567107,-4.517000545976783,-6.06340363540597,0.008364987036255005,-0.0009724003364378758,-0.0005257034040104062,3.4617715918932035,-69.26747388750454,499.85371816170453,6882.270791658091,0.0007190693952667108,53.00272598146932,356.0580907492691,203.82310001860907,331.68286855210164
15 Jul 2026 20:38:00.000000000,-6857.566286716724,522.3365535332692,65.92864319005767,-0.4032413083220794,-4.5654993458746596,-6.081725303984509,0.00841373026250405,-0.0006380461153289487,-7.730710712118338e-05,0.4035470226588269,-67.22512855386626,499.61059023431244,6882.3395842497775,0.0007730275404181402,53.00294028675509,356.0580763385542,209.6437010105317,329.66860437858276
15 Jul 2026 20:39:00.000000000,-6866.604097678981,247.45544184606342,-298.8508870609583,0.1021045960482689,-4.593844038780879,-6.073120723701886,0.008425081951696289,-0.0003008006092524572,0.00037150739578340966,-2.6555157648597745,-65.18436798031576,499.4660947821655,6882.300152722817,0.0008163677191090449,53.00281527696544,356.05807092201513,215.5676206118153,327.55121688379654
15 Jul 2026 20:40:00.000000000,-6845.322667619665,-28.518285513746385,-662.306904372646,0.6070266419483563,-4.60190588985347,-6.037624611478375,0.008398982185366909,3.78176893209065e-05,0.0008187130140133405,-5.710275073002472,-63.1322378195183,499.4203748187779,6882.1531675339975,0.0008490350251906073,53.002352957394585,356.0580180991045,221.6204464347877,325.3051466229357
15 Jul 2026 20:41:00.000000000,-6793.814797698169,-304.3660776494365,-1022.8299998178013,1.1092803005737757,-4.589647509376492,-5.975393144999111,0.008335547572427719,0.00037628367213664917,0.0012622900623491698,-8.755502320001643,-61.055598850137486,499.4717666402026,6881.901205711574,0.000871186912511541,53.001561284525316,356.05786228985744,227.82676867983164,322.90583032383785
15 Jul 2026 20:42:00.000000000,-6712.307648058741,-578.8698855040867,-1378.8237608007075,1.6066332300575719,-4.557123011161558,-5.886703202006061,0.008235070424270274,0.0007130736990364774,0.0017002369635700342,-11.785781692514494,-58.940916180002176,499.616841120103,6881.548705790088,0.0008831882474349141,53.00045402831235,356.05754971567677,234.21157307650665,320.32830751367567
15 Jul 2026 20:43:00.000000000,-6601.161691660866,-850.8176448548419,-1728.7119741308547,2.096875763487244,-4.504477687215333,-5.771950962448901,0.008098016717033973,0.0010466736226727605,0.002130580761487729,-14.795403245522794,-56.77404482077569,499.85047758842774,6881.101889284144,0.0008856021281505174,52.999050531833866,356.0570293489992,240.80104190105862,317.54641908639644
15 Jul 2026 20:44:00.000000000,-6460.869043183965,-1119.008725433859,-2070.9457265903384,2.5778312398513155,-4.431947204826229,-5.631649888224292,0.007925022883192608,0.0013755866664054539,0.002551387331737818,-17.778245838132797,-54.540011167329084,500.16596874714935,6880.568650139532,0.0008791761664343205,52.997375372444495,356.056253815075,247.62295680661333,314.5324040818281
15 Jul 2026 20:45:00.000000000,-6292.05117446673,-1382.2593178263771,-2404.010366264008,3.047366109466262,-4.339856337352756,-5.4664281017590355,0.007716891496508073,0.0016983410726321496,0.002960771186274731,-20.727646181924474,-52.222792042619524,500.55515445185216,6879.958414202309,0.000864823833095736,52.995457930307126,356.05518022989713,254.70674385349858,311.25685429583433
15 Jul 2026 20:46:00.000000000,-6095.456031924072,-1639.4077306163117,-2726.432289342431,3.5033997498490295,-4.228617244749701,-5.277025190613065,0.00747458593353638,0.0020134974463182115,0.0033569047789321063,-23.636250240136782,-49.80509647734046,501.0085816235069,6879.281971304821,0.0008436003035510192,52.9933318718247,356.053770959416,262.0831097993428,307.6890776682022
15 Jul 2026 20:47:00.000000000,-5871.954575069745,-1889.319571346495,-3036.7855188868716,3.943913933473468,-4.098727324114773,-5.064288470434978,0.007199224110392154,0.0023196557278245154,0.003738027233259837,-26.495843390449856,-47.26816094152173,501.5156870624619,6878.551283070679,0.0008166720250034824,52.99103455700771,356.05199428655504,269.7831569080704,303.7979831949208
15 Jul 2026 20:48:00.000000000,-5622.5367586133625,-2130.8927861822704,-3333.6980440991606,4.366961895161836,-3.9507666541758266,-4.829168742876098,0.006892071406246677,0.002615461740098418,0.004102452429497371,-29.297156385514775,-44.59157725521655,502.0649995287369,6877.779269977514,0.0007852790174543486,52.98860638117351,356.049824974127,277.8368296390777,299.5536340085723
15 Jul 2026 20:49:00.000000000,-5348.306983535576,-2363.0625347046107,-3615.8578909361736,4.770676953834721,-3.7853950605701305,-4.572715588354324,0.006554532894694353,0.002899613268134633,0.0044485764053498805,-32.02964559274089,-41.75318506670529,502.64435713518543,6876.979581579908,0.0007506888452581191,52.98609006254916,356.047244713621,286.2705614896706,294.92960035803793
15 Jul 2026 20:50:00.000000000,-5050.4790450596065,-2584.805877930216,-3882.018897366203,5.153280650688111,-3.6033488309514947,-4.296072235810784,0.006188145003876514,0.0031708656394868534,0.004774884039717054,-34.68124885448261,-38.729078937951115,503.2411358771422,6876.1663540781,0.0007141414936175437,52.98352988832716,356.04424245176705,295.10409516385477,289.9061393178023
15 Jul 2026 20:51:00.000000000,-4730.370607500405,-2795.146259453063,-4131.006169133302,5.513090373372277,-3.405437110350281,-4.000470052798335,0.005794566736198714,0.0034280367916582313,0.005079955011998501,-37.23812343896958,-35.49380480536594,503.8424849938191,6875.353959618289,0.0006767854177281784,52.98097093247778,356.0408145890183,304.34669536659186,284.47398193017034
15 Jul 2026 20:52:00.000000000,-4389.397237587303,-2993.1577614462008,-4361.721194514433,5.848526443142964,-3.192538007824778,-3.687222699398834,0.005375570563158246,0.0036700118207035498,0.005362469039575489,-39.684381100659664,-32.02085175687434,504.43556481991993,6874.5567518258185,0.0006396072010716803,52.97845825914149,356.0369650462705,313.99338919111364,278.638092814308
15 Jul 2026 20:53:00.000000000,-4029.066029035538,-3177.969119130022,-4573.146599149648,6.1581186490056075,-2.9655944452942564,-3.357719988659132,0.004933033110360699,0.0038957470198790786,0.005621210415328099,-42.00184856140402,-28.283579381168604,505.007782835135,6873.788812102563,0.0006033607298010957,52.97603612570195,356.0327051985459,324.02239676451194,272.42023957732164
15 Jul 2026 20:54:00.000000000,-3650.9688519098586,-3348.767479144158,-4764.350524556558,6.440512219359152,-2.725609778607884,-3.0134214945462765,0.004468925736760611,0.004104273429092643,0.005855071881936829,-44.169900820084315,-24.256748591196324,505.5470237468347,6873.063701168795,0.0005685060312259155,52.97374719966456,356.02805367667287,334.3953473936261,265.85877678480693
15 Jul 2026 20:55:00.000000000,-3256.775260720981,-3504.8018890268227,-4934.490616344741,6.694473227372047,-2.4736432194523523,-2.6558499459912817,0.00398530509358042,0.004294699922414854,0.006063057886843011,-46.165439333105304,-19.918823922952274,506.0418696382001,6872.394220199791,0.0005351713268220447,52.971631803239866,356.02303604037667,345.0618822690914,259.0040434314108
15 Jul 2026 20:56:00.000000000,-2848.2250952681306,-3645.386506667487,-5082.817610390856,6.918893431135432,-2.2108050847475886,-2.286584442560495,0.0034843037352552744,0.004466215869865588,0.006244287272436783,-47.96311373100226,-15.2551521965724,506.48180647025293,6871.792185704482,0.000503152048927928,52.969727199055775,356.0176843284549,355.9695826158303,251.908435020588
15 Jul 2026 20:57:00.000000000,-2427.120808058468,-3769.9035201307875,-5208.678507278842,7.1127945534133685,-1.938251897847351,-1.9072535238567974,0.002968120837736111,0.004618093416391704,0.006397995463576525,-49.53590476496991,-10.261948838495766,506.8574135320982,6871.268222023531,0.0004719559402796871,52.96806692970831,356.01203649393506,7.079028208680518,244.61134533130542
15 Jul 2026 20:58:00.000000000,-1995.3195517439829,-3877.805769635594,-5311.519327142814,7.275332008490562,-1.6571813632819339,-1.5195281210756706,0.002439013057019319,0.004749689420222105,0.006523536211593276,-50.85617986529968,-4.950701446231414,507.16053277920616,6870.831574994065,0.0004408950244398836,52.966680222916295,356.0061357341495,18.382970615054408,237.1199935054182
15 Jul 2026 20:59:00.000000000,-1554.7250595028338,-3968.6190646980262,-5390.887438652755,7.405798085170855,-1.3688272341020171,-1.1251144154354038,0.0018992855458980055,0.00486044709662849,0.00662038295766976,-51.897277299190975,0.6478482981973243,507.3844153758116,6870.489949945348,0.00040921772750549066,52.96559147289058,356.0000297275567,29.929116504190006,229.38664111093013
15 Jul 2026 21:00:00.000000000,-1107.2793507162714,-4041.944190511732,-5446.433457263724,7.503624595439823,-1.0744540882501177,-0.7257466246466073,0.0013512831271248027,0.004949897409333344,0.006688129871799578,-52.635552476242495,6.481411883624945,507.52384315720457,6870.249376760941,0.00037627386343940206,52.96481980718025,355.99376979078403,41.848460548566464,221.28025964961265
15 Jul 2026 21:01:00.000000000,-654.9542937125906,-4097.458598551792,-5477.91270902064,7.568384997749872,-0.77535202792407,-0.323179735362863,0.0007973816059080478,0.005017660248644628,0.006726492617811422,-53.05264109842726,12.47693369559537,507.5752231437648,6870.114104276765,0.00034171687193744964,52.96437874674477,355.9874099708497,54.39527352932313,212.54654289058078
15 Jul 2026 21:02:00.000000000,-199.74305684132906,-4134.917777158273,-5485.186257196448,7.59979600242983,-0.4728313137564985,0.08081780317253065,0.00023997919047192003,0.005063445427556258,0.006735308883275953,-53.1375190295323,18.545314378656926,507.5366536661908,6870.086525786745,0.0003057762932176104,52.96427596534359,355.9810060886511,68.00896521660054,202.74604445181203
15 Jul 2026 21:03:00.000000000,256.34852126003994,-4154.1562985108,-5468.221489878114,7.597718664530852,-0.16821694390711528,0.48447141117062065,-0.00031851202051596974,0.005087053522866881,0.006714538706544978,-52.88786879277185,24.58976133363826,507.4079610966076,6870.167136907365,0.00026968378556292325,52.96451315256847,355.9746147506871,83.40268178578017,191.16558086115475
15 Jul 2026 21:04:00.000000000,711.3106116190413,-4155.088538970658,-5427.0922673403165,7.562158966681664,0.1371568130738655,0.8860077243080647,-0.0008756745332575863,0.0050883765740857454,0.00666426461335342,-52.31037892993445,30.51604414886837,507.19070662012575,6870.354526515137,0.00023638723927961352,52.9650859829976,355.9682923466087,101.62259727826041,176.75894058064281
15 Jul 2026 21:05:00.000000000,1163.1380944897667,-4137.709070272328,-5361.978628718764,7.493267891462409,0.4419519233260893,1.2836619424747835,-0.0014290939891310453,0.005067398648285403,0.0065846915689727545,-51.419889615044646,36.24210411302038,506.8881629237231,6870.645400923964,0.0002115155351921453,52.965984192056816,355.9620940503776,123.7578787329824,158.4369193595139
15 Jul 2026 21:06:00.000000000,1609.839247959317,-4102.092719538794,-5273.166058142657,7.39134097963657,0.7448321225662561,1.6756851699118416,-0.001976367782267606,0.005024196263355656,0.006476146730938738,-50.23762746101985,41.70475415318589,506.5052611229698,6871.034640919904,0.0002033233289358831,52.96719175726946,355.95607284284074,149.571961422683,136.43604547496224
15 Jul 2026 21:07:00.000000000,2049.444394526924,-4048.394296592493,-5161.044311192878,7.256817367555603,1.0444684719130222,2.060351734144634,-0.002515113812578456,0.004958938657328828,0.0063390789813497295,-48.78898562756773,46.86241714428405,506.04850868978093,6871.515390725044,0.00021859387754964954,52.96868718169375,355.9502785730831,175.88050119512533,113.94062785196965
15 Jul 2026 21:08:00.000000000,2480.0144742242046,-3976.847987596279,-5026.105803336267,7.090278294388787,1.3395449246713569,2.4359664693753276,-0.0030429794140961024,0.004871887876764399,0.006174058198904495,-47.10132461195131,51.69423787413048,505.52587958497077,6872.079177427364,0.0002569769638504593,52.9704438745208,355.94475707528466,198.7531114476107,94.8810195268702
15 Jul 2026 21:09:00.000000000,2899.649512152231,-3887.7664147041996,-4868.943562913498,6.8924450677538,1.6287638923010148,2.8008719474115598,-0.0035576504868195633,0.004763398650900733,0.005981774223635157,-45.20213435293146,56.196783154302736,504.9466782347355,6872.716058896578,0.0003126220633174348,52.972430622070526,355.93954935677954,217.01865160728332,80.42832957508482
15 Jul 2026 21:10:00.000000000,3306.4969475807666,-3781.5393621688654,-4690.248752357908,6.664176475019972,1.910851795567045,3.153455636109929,-0.004056860847100011,0.00463391801205023,0.005763035460187443,-43.117710605496114,60.37971768593726,504.32137941749306,6873.414797714655,0.00037941885416462024,52.97461214080793,355.9346908717747,231.536954332716,69.72269628111432
15 Jul 2026 21:11:00.000000000,3698.7597909564292,-3658.632170267115,-4490.807762628617,6.406465627187349,2.184564584247554,3.4921569617858137,-0.004538401793247377,0.004483984614336638,0.005518767056160514,-40.87234325141821,64.26153057029461,503.66144654144983,6874.163058191134,0.0004528633874725472,52.97694970253732,355.93021089363896,243.44295407783264,61.629158903941644
15 Jul 2026 21:12:00.000000000,4074.704574375293,-3519.583799487484,-4271.498887376684,6.120436222933094,2.4486932058912276,3.8154742482638007,-0.00500013186586098,0.004314227702196261,0.005250008592838347,-38.48792577030408,67.86592072992488,502.97913118830473,6874.947623115016,0.000529740477205876,52.97940182064522,355.92613199693943,253.57539083974362,55.30895421114684
15 Jul 2026 21:13:00.000000000,4432.669060416627,-3365.00456866553,-4033.288585093217,5.807338222184706,2.702069001138891,4.121971501461879,-0.005439986763769077,0.004125365678644854,0.0049579112255000325,-35.98386682280853,71.21905425023401,502.2872571671336,6875.754626526648,0.0006075772623211944,52.981924985174935,355.9224696583599,262.480596582614,50.215730285904094
15 Jul 2026 21:14:00.000000000,4771.069673525154,-3195.57357224268,-3777.227339572384,5.468542921654419,2.94356900003743,4.410285004576741,-0.005855989354135953,0.003918204222451147,0.004643734211735746,-33.377193753835776,74.34766022027438,501.5989926563763,6876.569798479115,0.0006843053688317929,52.98447443364794,355.9192319836374,270.5087471637656,45.999294776294896
15 Jul 2026 21:15:00.000000000,5088.4086180076665,-3012.035783364125,-3504.4451310972354,5.105537428688767,3.1721210910965807,4.6791296857773474,-0.006246259702911351,0.003693633912358937,0.004308840779282282,-30.68276225778943,77.2778184501819,500.92761430048614,6877.378717510223,0.0007580907285580743,52.98700494391638,355.91641956528235,277.8885192003283,42.43095814757381
15 Jul 2026 21:16:00.000000000,5383.280646435378,-2815.1988513806205,-3216.146533272166,4.719918535085044,3.3867090321784574,4.9273052172850855,-0.00660902502839032,0.00345262731695108,0.003954693287923512,-27.913512843120657,80.03426579426265,500.2862673626912,6878.167066368109,0.0008272566136206691,52.98947163494344,355.9140254735914,284.77358619943493,39.35703761221342
15 Jul 2026 21:17:00.000000000,5654.379442632014,-2605.9296042023575,-2913.6054529068356,4.313385998523986,3.5863772703106798,5.153701802661529,-0.006942629471134271,0.0031962355216289973,0.003582847658056436,-25.08073682522643,82.64006493447692,499.68772620445145,6878.920886432051,0.0008902547146491325,52.9918307612771,355.91203538101496,291.2703026075083,36.671173082186634
15 Jul 2026 21:18:00.000000000,5900.503584063234,-2385.150267986936,-2598.1595330253554,3.8877352461416725,3.7702355359893867,5.357305607768344,-0.007245543560758912,0.0029255840727716855,0.0031949470513081527,-22.194330737525515,85.11651220889964,499.1441594566158,6879.626826251413,0.0009456606358153162,52.994040487105664,355.9104278176416,297.4542463328832,34.29778458990601
15 Jul 2026 21:19:00.000000000,6120.562049546712,-2153.8344187442044,-2271.204241766456,3.4448495221843296,3.9374631767022867,5.537203790493965,-0.007516373250355257,0.0026418683305923204,0.0027927148046015186,-19.263028847651512,87.48319456671936,498.6669042584797,6880.272379692077,0.0009921816078971204,52.9960616261578,355.90917455316594,303.38029291703555,32.181998004287
15 Jul 2026 21:20:00.000000000,6313.57923976029,-1913.0026825673224,-1934.186672625796,2.9866915094605107,4.087313194318548,5.6925890849970235,-0.007753868390800589,0.0023463482374436826,0.002377946639386618,-16.294610174951547,89.75813389315022,498.2662538609586,6880.846109333169,0.0010286699265525724,52.997858334331625,355.90824109848006,309.088883602085,30.28337679695201
15 Jul 2026 21:21:00.000000000,6478.69948005648,-1663.718203309472,-1588.5990840994893,2.515294462174994,4.219115951711305,5.82276389794979,-0.00795693051166405,0.0020403425191604643,0.0019525021825070286,-13.296080294774395,91.95797835335912,497.9512627158258,6881.337850998015,0.0010541384925399969,52.9993987427913,355.90758731789066,314.6099884791293,28.571958677616237
15 Jul 2026 21:22:00.000000000,6615.190977592938,-1407.0818985597064,-1235.9722092510408,2.0327528954320857,4.332282515527694,5.9271438770799785,-0.008124619783014026,0.0017252223526240105,0.0015182958551089537,-10.27383029290255,94.0982156927196,497.72957290135196,6881.738895627883,0.0010677763236969116,53.00065552034203,355.9071681410338,319.9656145184437,27.025747302108954
15 Jul 2026 21:23:00.000000000,6722.449207733113,-1144.2275266988906,-877.8683679925794,1.5412128840009902,4.426307604381427,6.005260916163774,-0.008256161044244285,0.0014024045463204003,0.0010772872029900695,-7.233776217426485,96.19339388926986,497.60726536872517,6882.042145111711,0.0010689627274637161,53.00160635516484,355.90693436178645,325.17133596455994,25.629181575197354
15 Jul 2026 21:24:00.000000000,6799.999708039874,-876.3165895694952,-515.8744168640711,1.042862029563549,4.500772114889504,6.05676556545165,-0.008350948793301772,0.0010733442917148098,0.0006314707555032337,-4.1814827412239515,98.25734147597123,497.5887390380835,6882.242239162571,0.0010572793076549555,53.00223434743755,355.90683350992674,330.2370979937674,24.372331656591495
15 Jul 2026 21:25:00.000000000,6847.500261917947,-604.5330968406633,-151.59457278029126,0.5399191614182949,4.555345201829872,6.081428822188024,-0.008408551050048226,0.0007395275555889891,0.00018286551461456425,-1.1222747968070619,100.30338429779637,497.67662023696715,6882.335650870903,0.0010325193019141048,53.00252830596147,355.906810780017,335.16738547134696,23.250729839252617
15 Jul 2026 21:26:00.000000000,6864.742458008193,-330.07821943483447,213.35685146670596,0.03462384027111843,4.589785893172442,6.079143282279551,-0.008428712026741492,0.0004024631926221091,-0.0002664958141903702,1.9386591411769925,102.34455823055322,497.8717043703415,6882.320749157498,0.0009946940041737856,53.00248294362739,355.90681000104274,339.9607022150187,22.26589090041145
15 Jul 2026 21:27:00.000000000,6851.652615720369,-54.16486039612989,577.3627612419644,-0.47077426183712856,4.603944225706174,6.049923641099146,-0.00841135356098521,6.367486442623776e-05,-0.0007145777302829351,4.996168565759548,104.39381900785078,498.1729310551707,6882.197826979519,0.0009440362926564032,53.0020989683539,355.9067746295844,344.6081143846559,21.426768312450722
15 Jul 2026 21:28:00.000000000,6808.292071738677,221.9878277250648,938.8106044361608,-0.9740260303666065,4.597761892320258,5.993906538692534,-0.00835657528505691,-0.0002753071439836039,-0.00115935286236112,8.045043765282518,106.46425112364504,498.57739326180763,6881.969094798251,0.0008810016519282128,53.00138306799065,355.90664874891735,349.0902768555963,20.752727463713086
15 Jul 2026 21:29:00.000000000,6734.8568268601875,497.1599495276289,1296.099666907889,-1.4728935501626252,4.571272397543379,5.911349752076057,-0.008264653539333562,-0.0006129541166487005,-0.0015988127853499266,11.079916521991443,108.56927798423136,499.08038029919646,6881.638639482592,0.0008062677354065107,53.000347789557786,355.9063780563562,353.37166408722265,20.27931438500192
15 Jul 2026 21:30:00.000000000,6631.676557043845,770.1363679864513,1647.6483001226209,-1.9651606455202681,4.524600723541706,5.802630744668054,-0.008136039051319816,-0.0009477470155213484,-0.0020309786088980523,14.095155197597306,110.72287512387825,499.6754537805317,6881.212349481663,0.0007207349461556496,52.99901131506277,355.90591082144846,357.3890892047472,20.06973627119325
15 Jul 2026 21:31:00.000000000,6499.212996971299,1039.7121710713022,1991.9010429267419,-2.448643245826511,4.4579625142675,5.668244589971985,-0.007971353432482597,-0.0012781844158542353,-0.0024539112230368455,17.08475063195017,112.93978729237602,500.3545550311117,6880.697807737819,0.0006255341620554532,52.997397137961435,355.90519879805913,1.0272968148895858,20.239268284432764
15 Jul 2026 21:32:00.000000000,6338.057708668511,1304.698075214813,2327.3356006146287,-2.9211995078027955,4.371662790674737,5.508801293230939,-0.007771384563188269,-0.0016027901841925223,-0.002865721096160126,20.04218917316882,115.23574835104922,501.10814176917125,6880.104154415265,0.0005220585711217222,52.99553364607916,355.90419807433904,4.061592076773284,21.01262412439518
15 Jul 2026 21:33:00.000000000,6148.929251733093,1563.9257379995124,2652.4696460430623,-3.3807396302046606,4.266094214738363,5.325022540719735,-0.007537080955775819,-0.00192012082283975,-0.0032645775324874186,22.96030910041224,117.62769978931776,501.9253513202438,6879.441922074211,0.00041207512900722756,52.99345361845121,355.9028698455829,6.002394427093056,22.87940197290031
15 Jul 2026 21:34:00.000000000,5932.66977538285,1816.252953649971,2965.8674094771145,-3.8252353027461616,4.141734924285364,5.117737911474654,-0.007269545202767344,-0.002228772414931053,-0.003648717311507436,25.831136815856176,120.13399870102324,502.79418712988513,6878.7228464157915,0.00029814550605286095,52.991193645047396,355.9011810965042,5.578807085725868,27.110514692509305
15 Jul 2026 21:35:00.000000000,5690.241055840442,2060.5687063312726,3266.146026057671,-4.2527287377515535,3.999145964283129,4.887880590460062,-0.006970026626500681,-0.002527387115128479,-0.004016452646998328,28.64569967680188,122.77459839052747,503.701724929214,6877.959656149146,0.00018570912606849467,52.98879347969244,355.8991051809077,358.42578662367913,38.07102000230903
15 Jul 2026 21:36:00.000000000,5422.720005437589,2295.798057905383,3551.9816122134844,-4.661341240426168,3.8389683431188213,4.636482625340337,-0.006639913260276729,-0.002814659144982389,-0.00436617842320203,31.39381354880226,125.57117329718312,504.6343345896164,6877.165845881679,9.933366895297894e-05,52.98629533765408,355.89662228872606,324.1896274394828,76.11463578914208
15 Jul 2026 21:37:00.000000000,5131.2936822473575,2520.906848559737,3822.11504492938,-5.049281281374909,3.661919744520679,4.364669771116601,-0.006280723289710526,-0.0030893402643829733,-0.004696378681961553,34.06384561217198,128.54714332851938,505.5779134804138,6876.355436201213,0.00012910871029129012,52.98374315032688,355.89371979223904,263.4310338722384,140.680667829573
15 Jul 2026 21:38:00.000000000,4817.25383099568,2734.906190622182,4075.357420473007,-5.414852042883789,3.468790927050772,4.073655967878794,-0.005894096083473187,-0.0033502447035442984,-0.005005632351928314,36.64245742675557,131.72752979642704,506.5181270163905,6875.542725302258,0.0002340678556016957,52.981181790175654,355.8903924655743,245.51500686199785,162.40412301458673
15 Jul 2026 21:39:00.000000000,4481.99098749587,2936.856737791264,4310.595171893538,-5.756458418196547,3.2604418435892843,3.764737496856434,-0.005481782944982442,-0.0035962535565736645,-0.005292618233340555,39.11434082202407,135.13854569282907,507.4406520475186,6874.742036608047,0.0003497960640283281,52.978656279605715,355.88664257369567,242.15358826499642,169.57296497114515
15 Jul 2026 21:40:00.000000000,4126.988179869195,3125.872713962294,4526.794827297678,-6.072613450388692,3.037797512917383,3.4392868588699814,-0.005045637697775149,-0.0038263186458719813,-0.005556119260925933,41.46197111837976,138.80678933226713,508.3314187946027,6873.967466854736,0.00046458801793546024,52.97621099768871,355.88247982946933,242.8788865928656,172.655088312242
15 Jul 2026 21:41:00.000000000,3753.814260420267,3301.1256877202086,4723.007393502738,-6.361944204186467,2.801843674487445,3.098746417308081,-0.0045876072128086245,-0.004039465880519687,-0.005795026085681875,43.665419665745986,142.75788025734803,509.1768471644357,6873.232639040243,0.0005746541956919435,52.97388889869201,355.8779212196729,245.2220209454781,174.11937474557524
15 Jul 2026 21:42:00.000000000,3364.1169022581976,3461.8480803855796,4898.372352121395,-6.623197070028988,2.5536222558153066,2.7446218450104434,-0.004109721970547971,-0.004234798142072991,-0.006008340028535778,45.702290879475235,147.01436737656633,509.9640734763484,6872.55046449994,0.0006777166650447879,52.971730756131926,355.8729907031214,248.35827807059067,174.79053610644385
15 Jul 2026 21:43:00.000000000,2959.615294635794,3607.336397203985,5052.1212574106385,-6.8552425046717,2.294226679744415,2.378475411070985,-0.003614086730119928,-0.004411497736756968,-0.006195175464404442,47.547875336042836,151.59278319480947,510.6811638890065,6871.932918163302,0.000772009622057404,52.96977444560716,355.8677187863325,251.94032524779365,175.01590161525635
15 Jul 2026 21:44:00.000000000,2542.092570602398,3736.95417282146,5183.580927272827,-7.057079216540526,2.0247970362578163,2.0019191397857123,-0.0031028713616924864,-0.004568828459385258,-0.0063547617022331375,49.17563226593705,156.4998595452514,511.3173111210571,6871.390830773436,0.0008560494918511884,52.968054278971415,355.8621419842717,255.79818622518755,174.96544212818333
15 Jul 2026 21:45:00.000000000,2113.3879999783635,3850.1346235843807,5292.176220620358,-7.227837806817226,1.746515140672833,1.6166078699300703,-0.0025783018795831306,-0.004706137319284934,-0.006486444431419742,50.558116422301474,161.7282019623905,511.8630114022322,6870.933701525332,0.000928573719001598,52.96660040149166,355.85630217572077,259.83970632775385,174.73130525812465
15 Jul 2026 21:46:00.000000000,1675.3889799417007,3946.3830004224114,5377.432395889438,-7.366783878831794,1.4605994970953855,1.2242322384673296,-0.0020426516912563065,-0.004822855976220927,-0.006589686799954473,51.66842323988915,167.25214024266927,512.310218963206,6870.569534204086,0.0009885272840343667,52.9654382625227,355.85024586467216,264.01120202479586,174.36716607396394
15 Jul 2026 21:47:00.000000000,1230.0228547362135,4025.2786371156876,5438.977046820028,-7.473320628786,1.1683001830851678,0.8265116088463503,-0.0014982330607418441,-0.004918501933885878,-0.006664070187551488,52.48212172269353,173.02492193664324,512.6524757654664,6870.304699489898,0.0010350642299374031,52.964588168931904,355.8440233607596,268.27981304667816,173.90587528257203
15 Jul 2026 21:48:00.000000000,779.2485952385384,4086.476689619713,5476.541612717926,-7.5469909302036084,0.870893668728683,0.4251869604352692,-0.0009473887682883921,-0.004992679536413032,-0.00670929473256872,52.97947800998289,178.97863544079635,512.8850145795162,6870.1438256488855,0.0010675533177903365,52.96406492905338,355.83768789312734,272.62480931336887,173.36815262513812
15 Jul 2026 21:49:00.000000000,325.0483684118447,4129.709562839538,5489.9624613085925,-7.587478922917596,0.5696775808552019,0.02201375251525011,-0.0003924839314886485,-0.005045080803868953,-0.006725179657355519,53.14759091025186,-174.97208619990863,513.0048339362091,6870.089719355437,0.0010855835831092202,52.96387759336162,355.83129467333845,277.0329988294098,172.7671793267994
15 Jul 2026 21:50:00.000000000,-130.5809739153022,4154.788021825344,5479.18154301368,-7.594611115012266,0.26596542109314925,-0.3812452262401958,0.00016410205737789834,-0.005075486137088484,-0.006711663428179093,52.98195697598184,-168.92256075570577,513.0107438977558,6870.1433178982015,0.0010889679435985436,52.9640292963604,355.82489992373513,281.49618279972407,172.11114333846044
15 Jul 2026 21:51:00.000000000,-585.6364578910736,4161.601984835906,5444.246616073539,-7.568357003131605,-0.03891875504608458,-0.7828270135891465,0.0007199835316300158,-0.005083764913161054,-0.006668803772920645,52.487049196465534,-162.96813386020645,512.9033820196188,6870.303673515857,0.0010777439859734254,52.96451720241317,355.81855988831614,286.0097183461116,171.4046769836659
15 Jul 2026 21:52:00.000000000,-1038.117573391303,4150.120996121272,5385.311042443247,-7.508829213151768,-0.3436456918908448,-1.180975626675195,0.0012727765476552202,-0.00506987598153956,-0.00659677756408434,51.67574337354442,-157.1942490659425,512.6851992999909,6870.5679700946475,0.0010521715191414336,52.96533255642463,355.81232984345024,290.57173924282847,170.6496365857276
15 Jul 2026 21:53:00.000000000,-1486.0348537660593,4120.394376629468,5302.633154876009,-7.416283159628781,-0.6468863141503651,-1.5739492038238618,0.00182010693918597,-0.005033868061035347,-0.006495880561646738,50.56775657388091,-151.66892544117005,512.3604163391749,6870.931571944276,0.001012726731377309,52.966460838453294,355.80626312576254,295.1828263292226,169.84543240895292
15 Jul 2026 21:54:00.000000000,-1927.4184206947814,4072.551051216461,5196.575196101007,-7.291116218905385,-0.9473171281106548,-1.9600271263169482,0.0023596184852218015,-0.004975880025564897,-0.006366526994014875,49.18751278780299,-146.4390322766069,511.9349503555587,6871.388103856941,0.000960092949222514,52.96788201952201,355.80041019420395,299.84606298381254,168.98897352348752
15 Jul 2026 21:55:00.000000000,-2360.326464697615,4006.7990513316336,5067.601831580731,-7.133866407522426,-1.2436256362556297,-2.3375171095396556,0.002888981242258154,-0.004896141059473873,-0.0062092489465214555,47.56191840424667,-141.53034793384504,511.41631412718857,6871.929561152224,0.0008951481177335183,52.969570914129015,355.79481774273034,304.56753491025745,168.07416833619632
15 Jul 2026 21:56:00.000000000,-2782.853631312135,3923.42469263193,4916.278238029397,-6.945210554859061,-1.5345157565589431,-2.7047622505937987,0.003405900080363267,-0.004794970649942092,-0.006024695510255654,45.71842703248024,-136.95035544205655,510.8134883463617,6872.546447923239,0.0008189492354788177,52.97149762327607,355.78952787912897,309.3575071197582,167.09074789674918
15 Jul 2026 21:57:00.000000000,-3193.139282203864,3822.7914275632884,4743.2677707331495,-6.725961956912271,-1.818713235595897,-3.0601480164794626,0.003908123449151951,-0.0046727783775161015,-0.00581363163675187,43.68359164835719,-132.6923882261732,510.1367692867951,6873.227941233657,0.0007327141160965899,52.97362806025289,355.78457738436913,314.2328595929987,166.02183048997466
15 Jul 2026 21:58:00.000000000,-3589.375599637914,3705.3383736758074,4549.329213774688,-6.477067497000783,-2.0949710420833596,-3.4021091534522983,0.004393452385335301,-0.004530063461177724,-0.005576936639302736,41.48213529785774,-128.73995714317005,509.39759408493,6873.962078576682,0.000637801084131389,52.975924549971815,355.7799970654339,319.22222008104046,164.8387890497605
15 Jul 2026 21:59:00.000000000,-3969.815501889743,3571.5785193202964,4335.313618541237,-6.19960421905645,-2.362074724606743,-3.7291364943514265,0.004859749753618033,-0.004367414006345698,-0.005315602273042057,39.136466762605835,-125.07053878722697,508.6083463239267,6874.735965502946,0.0005356877742557719,52.978346491365464,355.7758112130058,324.3776825252274,163.48953290997807
15 Jul 2026 22:00:00.000000000,-4332.780336279358,3422.0966094588143,4102.160737443604,-5.894775340199632,-2.618847714183015,-4.039783636665473,0.005304949693903541,-0.004185505903549208,-0.005030730326985759,36.66652625561748,-121.65852600505588,507.7821449746011,6875.535999960313,0.0004279519776857666,52.980851071254676,355.7720371735059,329.80527783298834,161.86803715134502
15 Jul 2026 22:01:00.000000000,-4676.667315896066,3257.5467155298643,3850.895061466518,-5.563905691358616,-2.8641565492634227,-4.33267346025832,0.005727067231783744,-0.003985101328252512,-0.004723529666532513,34.08984770945087,-118.47732410534547,506.9326200838031,6876.348109573885,0.00031626487495398325,52.98339401719543,355.76868504301143,335.76146614181374,159.71785040984028
15 Jul 2026 22:02:00.000000000,-4999.9566653196825,3078.6494948100412,3582.621472265954,-5.208436578133559,-3.0969159975936282,-4.606504449788014,0.006124207983943951,-0.0037670467889510464,-0.004395312663037874,31.42174594859884,-115.50071844966502,506.07367889944464,6877.157997832957,0.00020245170006738625,52.98593037612513,355.76575748845465,343.07516468043315,156.21006703459648
15 Jul 2026 22:03:00.000000000,-5301.218440470264,2886.1891462730287,3298.5205216445875,-4.829920058405569,-3.3160940466330158,-4.860056783679362,0.006494577878539021,-0.0035322706815169814,-0.004047490962781805,28.675563428766154,-112.70368339630969,505.21926637207923,6877.95139495421,8.922930292131796e-05,52.988415305173994,355.7632496992911,356.74911630159426,146.3419585204109
15 Jul 2026 22:04:00.000000000,-5579.118987584666,2681.010071752499,2999.8433536693724,-4.430012638682694,-3.520716731699587,-5.092198148703577,0.006836492791733062,-0.00328178031174298,-0.0036815705548269794,25.862934450915127,-110.06279382829464,504.38312416600115,6878.714309059186,3.6976058333312525e-05,52.99080486078473,355.76114947052923,125.89681465930464,21.000048241639714
15 Jul 2026 22:05:00.000000000,-5832.4270066553945,2464.0132531158756,2687.9062872084464,-4.010468397462558,-3.7098727690462123,-5.301889237253469,0.0071483879878522765,-0.0030166583573554315,-0.0032991461111775105,22.99404227075506,-107.55637042089215,503.5785524379794,6879.433273247301,0.0001419370463576436,52.993056772304456,355.75943741574224,161.50542223460513,349.1971932842344
15 Jul 2026 22:06:00.000000000,-6060.019185378872,2236.1523581679394,2364.085079278098,-3.5731315508941757,-3.88271795969581,-5.488188883291139,0.007428827243254976,-0.002738058753138434,-0.0029018945896849995,20.0778564897882,-105.16445608689746,502.81817869026776,6880.095584167509,0.00024877919449818776,52.99513118647363,355.75808730638687,170.77604349403416,343.7323110935584
15 Jul 2026 22:07:00.000000000,-6260.8853708069455,1998.4295900764996,2029.808892241087,-3.1199284835182803,-4.038479329182036,-5.65025879280539,0.007676511523725529,-0.002447201993024587,-0.002491568104952915,17.12234569529675,-102.86869154805224,502.11373796781936,6880.689527793627,0.0003507776335379739,52.996991369731816,355.757066531557,177.54101720778635,340.7730869136814
15 Jul 2026 22:08:00.000000000,-6434.133247502063,1751.8912972038547,1686.5539905198534,-2.6528592746213597,-4.176458968424451,-5.787367825518741,0.007890287088627514,-0.0021453698587013243,-0.0020699860928088095,14.134664801395855,-100.65213504939189,501.4758685425724,6881.204588293461,0.00044627746635781263,52.99860435598815,355.756336670194,183.61422111523024,338.50566883407794
15 Jul 2026 22:09:00.000000000,-6578.992493068012,1497.6233622921122,1335.8371950187272,-2.173988758508283,-4.296037541852601,-5.898895786553735,0.008069152890989502,-0.0018338995951492965,-0.0016390268087823404,11.121319002021796,-98.49905460433162,500.91392700671497,6881.631636148755,0.0005340610454119403,52.9999415284438,355.75585416577536,189.44134246300948,336.4843969229503
15 Jul 2026 22:10:00.000000000,-6694.818384455874,1236.7463919379777,979.209125831684,-1.6854371645361994,-4.396677430593484,-5.9843366897911405,0.008212267151105008,-0.0015141775686068689,-0.0012006182201888549,8.088307460524785,-96.39470965322096,500.4358263819891,6881.963092028436,0.0006131370625073909,53.000979125197276,355.7555710917068,195.190006937693,334.54167393038705
15 Jul 2026 22:11:00.000000000,-6781.0948314107745,970.4107291499063,618.2472659776054,-1.189370389799671,-4.477925481035581,-6.043301458683504,0.008318952994553309,-0.0011876324557132134,-0.00075672836753152,5.041250356538324,-94.32513133174464,500.0479004465304,6882.193063338031,0.0006827162162729455,53.001698659686376,355.7554359940582,200.9419087415801,332.59583481861864
15 Jul 2026 22:12:00.000000000,-6837.436816787274,699.7913134743419,254.54888080480555,-0.6879899636960037,-4.539415332325836,-6.075520035234535,0.008388703053487104,-0.0008557280231151487,-0.00030935528411841774,1.9855030264551286,-92.27690556055136,499.75479699170893,6882.317450854679,0.0007422128224844088,53.00208724850336,355.7553947968787,206.74571801231667,330.5982389251261
15 Jul 2026 22:13:00.000000000,-6863.592227177491,426.082414644342,-110.27617072022495,-0.18352276899541328,-4.5808693002773255,-6.0808428736009805,0.008421182950675085,-0.0005199555682766332,0.00013948342412531663,-1.0737391238815015,-90.23696003433697,499.5594021589889,6882.334023402604,0.0007912500508037579,53.00213784073488,355.7553917542443,212.63585976007494,328.51449059177475
15 Jul 2026 22:14:00.000000000,-6859.443061297006,150.49226693545629,-474.61269540367255,0.3217894116536967,-4.602099799654772,-6.05924180116423,0.008416233605756622,-0.00018182610067550383,0.0005877612274973111,-4.13134136436468,-88.1923543101585,499.4627973845523,6882.242459115119,0.0008296637001554778,53.00184934470063,355.7553704322916,218.64043381726745,326.3165187722108
15 Jul 2026 22:15:00.000000000,-6825.006007799541,-125.76236766139067,-836.8474576406556,0.8257004518252947,-4.603010291750732,-6.0108102367838425,0.008373872325168483,0.00015713765121111298,0.001033453432874395,-7.1821325648551,-86.13007118254707,499.46424981428146,6882.044352455227,0.0008575029160298145,53.001226649760625,355.7552747040298,224.78501916399216,323.97877226178326
15 Jul 2026 22:16:00.000000000,-6760.432388553843,-401.4616787011206,-1195.3764650015419,1.3259704663752365,-4.583595749419943,-5.935762763088622,0.00829429265573789,0.0004954093179626549,0.0014745479351645095,-10.220806857941547,-84.03680716603314,499.5612363607449,6881.743186813358,0.0008750271873211227,53.0002805427044,355.75504973938183,231.09469361966174,321.4761995671189
15 Jul 2026 22:17:00.000000000,-6666.007467842213,-675.3882999231685,-1548.6122089487446,1.8203763515308287,-4.543942637159085,-5.834434056883014,0.008177863014513582,0.0008314669611018169,0.0019090558401051237,-13.241820572932786,-81.89876010223507,499.7495008782503,6881.3442731522855,0.0008826992438952774,52.999027520089264,355.7546429730291,237.59517118199966,318.78311114162994
15 Jul 2026 22:18:00.000000000,-6542.149132340636,-946.3327862281868,-1894.9908225021227,2.3067222072251345,-4.4842284092474385,-5.70727718884079,0.008025124121850493,0.001163801049581139,0.0023350218424224305,-16.23928088866481,-79.70141271475495,500.0231432499347,6880.854655813148,0.0008811735369325795,52.997489499729866,355.7540050329487,244.31341919890912,315.87256180882235
15 Jul 2026 22:19:00.000000000,-6389.40595103464,-1213.0990462952245,-2232.979117529141,2.7828495713924566,-4.404720534241757,-5.554861310424846,0.00783678529090838,0.0014909222545597919,0.00275053425004155,-19.20682253661867,-77.42931253187444,500.3747385327215,6880.282987215648,0.0008712799334631477,52.99569343632406,355.75309061325964,251.2778795902024,312.71612916343565
15 Jul 2026 22:20:00.000000000,-6208.454628334267,-1474.5097027828688,-2561.0814655911836,3.246647399718987,-4.305775059103245,-5.377868752222877,0.007613719649435976,0.001811368983224478,0.003153734556343882,-22.137468796529298,-75.06585132405606,500.79548370853433,6879.639373768295,0.000854002126436968,52.9936708478989,355.75185927587324,258.51829315948567,309.2840889167428
15 Jul 2026 22:21:00.000000000,-6000.09686750164,-1729.4113530016787,-2877.846487883412,3.6960617292665323,-4.18783473077997,-5.177091563456541,0.007356958380918461,0.0021237145798245647,0.003542826473396996,-25.023473068728617,-72.59305159840744,501.2753690590726,6878.935195837548,0.0008304500710877579,52.991457261346056,355.75027616676505,266.06504831900344,305.54606586927133
15 Jul 2026 22:22:00.000000000,-5765.255665036089,-1976.6797041271318,-3181.873521724204,4.129104970263555,-4.051426697064896,-4.953427527162671,0.0070676840926406454,0.002426574132943895,0.003916084355529045,-27.856137660829425,-69.99137453744035,501.80337072891257,6878.18290509634,0.0008018255470196077,52.989091586757716,355.7483126340777,273.94792797226336,301.4722867715446
15 Jul 2026 22:23:00.000000000,-5504.971059814541,-2215.224558446723,-3471.81883322989,4.5438647770067835,-3.8971598118844266,-4.707875689347265,0.0067472234253543525,0.0027186108392127234,0.004271860957853142,-30.625607387901795,-67.23957412040122,502.36766067676945,6877.395802975205,0.0007693798078728858,52.98661543154912,355.7459467370696,282.19412030871996,297.0355693232635
15 Jul 2026 22:24:00.000000000,-5220.39536353303,-2443.994625715412,-3746.401548185014,4.938512455969194,-3.7257215727903614,-4.44153144320635,0.006397039027279797,0.0029985418863646062,0.004608594492278464,-33.320637625611745,-64.31463731080997,502.9558299427,6876.587804264262,0.0007343624039011086,52.98407236643591,355.74316363676746,290.8254217459207,292.2141190793311
15 Jul 2026 22:25:00.000000000,-4912.787901294645,-2661.9821414304397,-4004.4092756440928,5.311310876666376,-3.537874720262512,-4.15558121124315,0.006018721017966097,0.003265143831962752,0.00492481496128872,-35.92834028543191,-61.19187142726679,503.5551209819301,6875.773190157777,0.0006979609534799484,52.9815071562057,355.7399558613189,299.85473904717406,286.99502723763425
15 Jul 2026 22:26:00.000000000,-4583.5092930502715,-2868.227271640483,-4244.703401395041,5.66062185829564,-3.334453529487889,-3.851296768803431,0.005613978063576238,0.003517257465986191,0.005219149765389291,-38.43391780078099,-57.845227805328015,504.1526647324046,6874.96635519282,0.0006612332847592712,52.9789649688671,355.73632344118005,309.282331617177,281.37802830811347
15 Jul 2026 22:27:00.000000000,-4234.01530800571,-3061.8222867674326,-4466.224031028914,5.9849130124234735,-3.116359825551955,-3.5300292522323033,0.0051846281842184445,0.0037537921604752556,0.00549032859990411,-40.82040588631748,-54.24798426559789,504.7357180884912,6874.181552606687,0.0006250362535681556,52.97649057716228,355.7322739116728,319.0927072533713,275.37860438633726
15 Jul 2026 22:28:00.000000000,-3865.850325097975,-3241.9154887593813,-4667.994564932196,6.282764028794966,-2.884558752531778,-3.1932028936073253,0.004732589399110646,0.003973729718365629,0.005737187667257853,-43.06846184179585,-50.3739417924267,505.2918975417294,6873.432642629924,0.0005899594713018516,52.974127566584876,355.727822182699,329.2535575006372,269.02904988394647
15 Jul 2026 22:29:00.000000000,-3480.640433233838,-3407.7148776998956,-4849.125889990797,6.552872397485711,-2.640074325862082,-2.8423085219384383,0.004259870305827641,0.004176127745219236,0.005958673245474746,-45.15625711961787,-46.199308647087655,505.8094049111657,6872.73284814051,0.0005562760240943873,52.97191756394967,355.72299027782526,339.71831393155037,262.37591539269386
15 Jul 2026 22:30:00.000000000,-3080.0862052299153,-3558.4915457123525,-5008.820175126091,6.7940585659215245,-2.383984795670398,-2.478896867985444,0.0037685606756346617,0.004360122577095516,0.006153844664947137,-47.05955921627056,-41.70542011461866,506.2772413130192,6872.094521940157,0.0005239239517381392,52.96989950021312,355.7178069472293,350.4335311046751,255.47262492755002
15 Jul 2026 22:31:00.000000000,-2665.955179342765,-3693.582787602818,-5146.3742599329535,7.005270533624822,-2.117417846644064,-2.1045717065966505,0.003260822126607243,0.0045249318021725726,0.006321876749409982,-48.752112580861535,-36.882331749660544,506.68540580048415,6871.5289296774445,0.0004925297099789651,52.96810892065266,355.7123071612919,1.3513439749112246,248.36701877181562
15 Jul 2026 22:32:00.000000000,-2240.074081990907,-3812.3949191482434,-5261.182627634953,7.1855878908104405,-1.841545657540419,-1.7209828668914546,0.0027388789196066293,0.004669856418450811,0.006462061781889907,-50.206437753609755,-31.733081463186537,507.02507543053616,6871.046052142448,0.0004614778656358569,52.966577354685796,355.70653149372185,12.446233993315287,241.08458768290032
15 Jul 2026 22:33:00.000000000,-1804.3208248308263,-3914.405795244097,-5352.739955289373,7.334225309095172,-1.5575798408269925,-1.3298191369050567,0.002205008904818088,0.004794282673953024,0.00657381106002672,-51.395140971580126,-26.278023977461938,507.28876387597325,6870.654410301802,0.0004300228978073013,52.96533175656255,355.70052540505696,23.735207198600122,233.60829515171508
15 Jul 2026 22:34:00.000000000,-1360.6163087881416,-3999.1670212822933,-5420.643235671979,7.450535493624608,-1.2667662802531954,-0.9328010856507056,0.0016615346252686026,0.004897683631758021,0.006656656097885591,-52.29273982772856,-20.558174243252672,507.4704560892464,6870.360916036778,0.00039743466510940863,52.96439402691404,355.6943384392609,35.30205262416915,225.8543193862752
15 Jul 2026 22:35:00.000000000,-910.916067081919,-4066.305852114065,-5464.59346654547,7.534011605881876,-0.970379881611838,-0.5316738221464573,0.0011108145687082046,0.00497962050086008,0.006710249527946624,-52.877856807656165,-14.63617566198683,507.5657169328401,6870.170751099835,0.0003631743651987501,52.96378062370918,355.6880233475496,47.329852848008535,217.6395431859139
15 Jul 2026 22:36:00.000000000,-457.20177872233813,-4115.526773803451,-5484.396904093887,7.584289165451645,-0.6697192496038182,-0.12819970795174507,0.0005552345445551251,0.0050397437706827105,0.006734365751449961,-53.135444789151556,-8.593665505025715,507.5717721131592,6870.087276322546,0.0003271172765328297,52.96350226958501,355.6816351550454,60.15088721387305,208.63165117083568
15 Jul 2026 22:37:00.000000000,-1.4726835112750432,-4146.612764086499,-5479.965878213856,7.601147437186982,-0.36610130176822375,0.2758489626779352,-2.8008516209534415e-06,0.005077794176241322,0.006728901369330354,-53.05857105400125,-2.5246709570226296,507.4875601864257,6870.111972598954,0.000289878283747699,52.96356376080424,355.67523018678804,74.3264260508374,198.269336032629
15 Jul 2026 22:38:00.000000000,454.2630707914806,-4159.426228062993,-5451.319168129165,7.584510307752696,-0.060855828907317756,0.6786973026994808,-0.0005608767309744034,0.005093603515587794,0.006693875418116657,-52.64930061359813,3.4739496386867326,507.31375484285013,6870.2444146385005,0.0002533608507243358,52.963963881281984,355.6688650704152,90.75167089972395,185.65735878990233
15 Jul 2026 22:39:00.000000000,907.9971184972865,-4153.909606174246,-5398.581937491491,7.534446652598413,0.24467998942804786,1.0785751808048525,-0.0011165764130139633,0.00508709533091485,0.006629429420804032,-51.91842817426663,9.312778972070213,507.0527571166128,6870.48227794022,0.00022167590001568249,52.96469542325347,355.66259573319957,110.65349553673259,169.5688082500907
15 Jul 2026 22:40:00.000000000,1357.7295728013721,-4130.085652027844,-5321.985228778813,7.451170191276555,0.549167106368107,1.473724567495844,-0.00166748998902582,0.0050582854531592315,0.006535827247138746,-50.88413643988751,14.91826800675684,506.70865761230067,6870.82137889102,0.00020207766148316146,52.965745314249624,355.6564764113368,134.90256385707715,149.1329836080158
15 Jul 2026 22:41:00.000000000,1801.4776984661385,-4088.0573781015223,-5221.865017478116,7.335038825881827,0.8512701575893818,1.8624068667430778,-0.0022112229978239013,0.00500728240122117,0.006413454766352552,-49.569948753993835,20.237563777971378,506.28716928176505,6871.255747341824,0.00020346059191985163,52.967094848150715,355.6505586890773,161.9855559737941,125.86316881722058
15 Jul 2026 22:42:00.000000000,2237.2845292372676,-4028.0076678947826,-5098.660827273444,7.1865534545128025,1.1496630303814313,2.242910219954675,-0.0027454052586026296,0.004934287615750707,0.006262819261037758,-48.002465655057364,25.239384392259023,505.79553172741504,6871.777730474359,0.00023002659355994648,52.96872001622765,355.644890584807,187.52625316457903,104.1355480941335
15 Jul 2026 22:43:00.000000000,2663.227398214008,-3950.198553686396,-4952.913908310408,7.006356249241242,1.4430344411657157,2.613556766718974,-0.0032676998958938277,0.004839595498354293,0.006084548559765992,-46.20930910131143,29.911789271676852,505.2423884463444,6872.378126244083,0.00027791517945170246,52.97059193229534,355.6395157003217,208.46374790250505,87.01099631190803
15 Jul 2026 22:44:00.000000000,3077.426348713569,-3854.970159751675,-4785.264981613395,6.79522838633765,1.7300935087428417,2.9727098439632296,-0.0037758125788838748,0.004723593219387862,0.005879389837048151,-44.217524704912734,34.2582236465782,504.63763886177037,6873.046344179133,0.00034026238547058343,52.97267734441966,355.634472448486,224.89212236630308,74.39540088154415
15 Jul 2026 22:45:00.000000000,3478.0523923772544,-3742.7393117286024,-4596.4515539293725,6.554087215622229,2.009575308095557,3.3187811018356785,-0.004267500981103225,0.004586760249535326,0.005648208020376799,-42.052512578795664,38.29311328052553,503.9922674098513,6873.770590838597,0.00041146964138151916,52.97493922407439,355.62979337296673,238.04310058420762,65.05700996013785
15 Jul 2026 22:46:00.000000000,3863.3355804638304,-3613.9978138094925,-4387.304808687348,6.283982855925396,2.2802463868197598,3.6502375109474605,-0.004740584450597747,0.004429667568829441,0.005391983743646767,-39.737433167173364,42.037860682875205,503.31815235561584,6874.538076793087,0.00048764137090276773,52.977337422261385,355.62550457216446,248.98687033958296,57.92561085256144
15 Jul 2026 22:47:00.000000000,4231.572853540543,-3469.3103965878227,-4158.74608038683,5.986094204824537,2.540910223304345,3.9656082318149273,-0.005192953860306679,0.004252976501335666,0.005111810781224165,-37.29297743419018,45.51764358440766,502.62785739528874,6875.335241595427,0.0005659485703023396,52.97982938091394,355.6216252375446,258.43710285775995,52.28751058279338
15 Jul 2026 22:48:00.000000000,4581.135634036426,-3309.3123397601285,-3911.782921657369,5.6617243532391885,2.7904126026904503,4.263491313470948,-0.005622581588610544,0.004057437124784331,0.004808892900434143,-34.73738349070528,48.75909077113945,501.93440945522616,6876.147992865447,0.0006441365989093683,52.98237088691865,355.61816731460925,266.845476295138,47.69101260942451
15 Jul 2026 22:49:00.000000000,4910.477125783464,-3134.7067753680767,-3647.50477425539,5.312295398870678,3.027646883777824,4.542560184780092,-0.0060275315645900735,0.0038438862095556787,0.004484540078710353,-32.08660035540446,51.78873329073258,501.2510664111841,6876.9619553305565,0.0007202641382896633,52.98491685533597,355.6151352924433,274.50053492728347,43.847557786551015
15 Jul 2026 22:50:00.000000000,5218.1392843150925,-2946.26167899827,-3367.0782576388324,4.939342657157797,3.251559127242044,4.801569898741317,-0.006405969290641678,0.0036132446424691775,0.004140164035372797,-29.35452611758409,54.632063684076186,500.59107871568364,6877.762725446809,0.0007925805386003893,52.98742212788439,355.6125261255842,281.5918224952662,40.56759110843206
15 Jul 2026 22:51:00.000000000,5502.759421843686,-2744.806558191473,-3071.7420911941144,4.544508273976222,3.4611530532174073,5.039363087593567,-0.006756171740944473,0.0033665143003664697,0.0037772730422844254,-26.553272515063,57.31303487047521,499.9674491258319,6878.536127084631,0.0008594744919588258,52.98984227248896,355.6103292894951,288.24784075730844,37.722603190225946
15 Jul 2026 22:52:00.000000000,5763.076411263743,-2531.22884929305,-2762.8016688100793,4.129534250793827,3.655494794441265,5.254875584740862,-0.0070765370239493095,0.003104774348880677,0.0033974659924575854,-23.693427191775637,59.853857567648426,499.3926948581942,6879.268463700355,0.0009194585319130636,52.99213436968508,355.6085269686521,294.5583223391525,35.22285739151257
15 Jul 2026 22:53:00.000000000,5997.936454393426,-2306.4700360529973,-2441.6233071658676,3.696254900140703,3.833717409920367,5.447141668642695,-0.00736559368250992,0.0028291769500417945,0.003002425718364614,-20.78429833234687,62.274989430972155,498.8786165527085,6879.946762436824,0.0009711714520970474,52.99425777191449,355.60709437378483,300.5875222426634,33.00409822432972
15 Jul 2026 22:54:00.000000000,6206.298380973374,-2071.5215054069195,-2109.628191804751,3.246588756877461,3.9950251235614447,5.615298883925291,-0.00762200950348483,0.0025409423774565543,0.002593911571770753,-17.834135026361793,64.59524041246426,498.43607839559786,6880.559005704841,0.0010133894308096587,52.99617482224379,355.6060001825897,306.38233868469666,31.01943037585345
15 Jul 2026 22:55:00.000000000,6387.238446719017,-1827.4201580054023,-1768.2860477162121,2.7825299785951825,4.1386972524647145,5.7585923961472405,-0.007844599704907097,0.0022413535499394175,0.0021737512935204014,-14.850321918404408,66.8319437460388,498.0748036261177,6881.0943459926775,0.001045040905176343,52.997851519772034,355.60520709598165,311.9773816754299,29.234249939699705
15 Jul 2026 22:56:00.000000000,6539.954600967694,-1575.2437931517836,-1419.108563703781,2.3061392763188158,4.264091790656014,5.876378838906386,-0.008032334371850651,0.0019317500085225554,0.0017438322200524642,-11.839549607722994,69.00116027660509,497.80318943084313,6881.5432999332925,0.0010652223814341679,52.99925811995596,355.60467249996117,317.398172530006,27.623044665990744
15 Jul 2026 22:57:00.000000000,6663.770197172297,-1316.1062898154746,-1063.642602188464,1.8195344242391691,4.370648615936889,5.968129615303564,-0.008184345018812345,0.0016135213756569417,0.001306091890887137,-8.807963738088057,71.1178966376573,497.6281449113235,6881.897918022158,0.0010732134976848052,53.00036965925111,355.60434922124824,322.6631384498573,26.167399098666156
15 Jul 2026 22:58:00.000000000,6758.137122640233,-1051.1526072474471,-703.4632282415256,1.3248804042197968,4.457892290245734,6.033433620116335,-0.008299930167590801,0.0012881003482430582,0.0008625081374595803,-5.76129635694424,73.19632638372353,497.55495540112827,6882.151926820417,0.0010684902914427261,53.00116639482579,355.6041863632342,327.7847661301953,24.85484064912443
15 Jul 2026 22:59:00.000000000,6822.638327455843,-781.5536304136742,-340.16659349781304,0.8243792470908008,4.525434427385814,6.0719993542917665,-0.008378559843802418,0.0009569552883608749,0.0004150887480505225,-2.7049833066947326,75.2500087958874,497.5871759122248,6882.300840986199,0.0010507360181162724,53.001634151625424,355.60413020732267,332.77008726028697,23.67835374570848
15 Jul 2026 23:00:00.000000000,6856.989736416007,-508.5008868955885,24.63728789226488,0.32025963799727214,4.572975606123193,6.0836564094165295,-0.008419878915189017,0.0006215824859340059,-3.413918452736268e-05,0.3557286229374293,77.2921036302329,497.7265559201191,6882.342043043883,0.0010198491496934323,53.0017645707193,355.6041251636838,337.6205199952536,22.636537987006577
15 Jul 2026 23:01:00.000000000,6861.041531970159,-233.20116310118402,389.33183297876724,-0.18523364281191096,4.60030681136386,6.068356306500176,-0.008423709209525182,0.0002834981755131666,-0.0004831401170785732,3.4156811626272034,79.33558223505368,497.9729970660302,6882.274829414131,0.0009759484373114462,53.001555254622126,355.6041147544997,342.3309297313892,21.734546974010986
15 Jul 2026 23:02:00.000000000,6834.778800528667,43.12895149375912,752.3012143859387,-0.6898503695774717,4.607310391274658,6.02617268053619,-0.008390050384647017,-5.576960312908765e-05,-0.000929880990066063,6.469707138430703,81.39343666444962,498.324544679058,6882.10042187201,0.0009193752250831343,53.00100980711584,355.6040426122853,346.88752855053104,20.986188462908327
15 Jul 2026 23:03:00.000000000,6778.321538997331,319.2685627876926,1111.9376760490798,-1.1913455354329814,4.593960523663114,5.957300809683085,-0.008319079532775098,-0.0003946892090040917,-0.001372342118151176,9.512532700875639,83.47888892605138,498.77741332071633,6881.821944262409,0.0008506936828019819,53.00013776696955,355.60385347559014,351.26376556128855,20.41803361813073
15 Jul 2026 23:04:00.000000000,6691.924022929039,593.9979836665386,1466.6488011758775,-1.6874899561086112,4.560323190524701,5.862056495326313,-0.008211149534821908,-0.0007317335743933616,-0.0018085279140000665,12.53867575107255,85.60560243553526,499.32604584888065,6881.444364967176,0.0007706905759522076,52.998954436836065,355.6034941645028,355.41232918422554,20.077414325989654
15 Jul 2026 23:05:00.000000000,6575.973542168604,866.1042293749169,1814.8646938866154,-2.1760807389310597,4.50655566524288,5.7408743065297685,-0.008066786204031609,-0.0010653882581959672,-0.0022364773275826864,15.5423370414147,87.78789709699055,499.9632048072095,6880.974406268694,0.0006803784250375269,52.9974806104549,355.60291451870455,359.24883926773947,20.048730689424072
15 Jul 2026 23:06:00.000000000,6430.988514220583,1134.3864676757926,2155.045037000874,-2.6549515460265867,4.432905522326144,5.594305209260361,-0.007886684275937165,-0.0013941592904623038,-0.002654273890473248,18.51728032382467,90.04096804101162,500.6800942905074,6880.420422378928,0.0005810120025273937,52.99574220308605,355.60206828157584,2.6157650410750284,20.489532704408386
15 Jul 2026 23:07:00.000000000,6257.61598970856,1397.6613955752275,2485.685989850136,-3.1219825848372915,4.339709184637834,5.423013607076681,-0.007671702324924476,-0.001716580727074744,-0.0030600552654670593,21.45669782395365,92.38110563576107,501.46650983220337,6879.792248483866,0.0004741476444249684,52.99376979179985,355.6009139147676,5.192646583324744,21.720298445804016
15 Jul 2026 23:08:00.000000000,6056.628568151149,1654.7685154330527,2805.3268917521154,-3.5751102644095742,4.227390027675752,5.2277738255497965,-0.007422856708276988,-0.0020312218428960183,-0.003452022216531499,24.35305732630808,94.82591045797717,502.31101332478045,6879.101023681885,0.0003618513352032063,52.99159807382939,355.5994153289671,6.232470876059079,24.488057701057176
15 Jul 2026 23:09:00.000000000,5828.920745783158,1904.5752845802324,3112.556738860856,-4.012336462237865,4.096456064471304,5.009466077380236,-0.007141314646444687,-0.0023366939017452682,-0.0038284469279662174,27.19792742121728,97.3944907584129,503.2011295278817,6878.358991156615,0.0002475582668266621,52.98926525262465,355.5975425180359,3.5777459037002806,30.95031759313837
15 Jul 2026 23:10:00.000000000,5575.504720257826,2145.982114083274,3406.0204044247625,-4.4317373535087805,3.947497238001045,4.769071948890562,-0.0068283865645461395,-0.0026316564543022074,-0.004187680620209698,29.981778252332294,100.10762060024334,504.1235603524531,6877.579279315642,0.00014119045443998347,52.98681236250554,355.59527208546564,348.57821561450055,49.75734738458586
15 Jul 2026 23:11:00.000000000,5297.505679732152,2377.927193989224,3684.424575006566,-4.831471762170574,3.781182350568419,4.507669451224897,-0.006485517823408141,-0.002914823127880263,-0.004528160427129143,32.69375683312637,102.98782306271593,505.0644128370364,6876.775667936713,9.708556252947723e-05,52.98428254387738,355.5925876539482,292.7711545223748,109.37188368638394
15 Jul 2026 23:12:00.000000000,4996.156606040727,2599.39112421638,3946.543377862976,-5.20978900109038,3.598255661365463,4.2264276811490396,-0.00611427997222536,-0.0031849668859911732,-0.004848415518433291,35.32143931346924,106.05932337936201,506.0094365562544,6875.962343590556,0.00017492058566914056,52.981720281821644,355.5894801510189,252.7695619801362,153.1809360442163
15 Jul 2026 23:13:00.000000000,4672.792623401027,2809.4013321507937,4191.2236773924615,-5.565036176390484,3.399533184368779,3.926601136819531,-0.0057163616501643534,-0.003440924748173508,-0.0051470724670703094,37.85056839157674,109.34779074046462,506.9442661196985,6875.153648751783,0.00028726156849945907,52.97917062150135,355.58594796582764,243.82746089355436,165.93048813484762
15 Jul 2026 23:14:00.000000000,4328.844925359502,3007.0362599526297,4417.390021272647,-5.895664938646772,3.185898718852995,3.6095237333203283,-0.005293559262701559,-0.003681601975702373,-0.005422859881543915,40.2647935770973,112.87975543519195,507.8546644274043,6874.36382906807,0.0004031462041135872,52.976678374206344,355.58199697443405,242.74476201155946,170.82063343856328
15 Jul 2026 23:15:00.000000000,3965.834313521639,3191.4293064887474,4624.0492195566085,-6.200237670721594,2.9582996441895086,3.2766025612426297,-0.004847767542783994,-0.003905975738279598,-0.005674612334011402,42.54544651352882,116.68155455699132,508.7267624385692,6873.606783233533,0.0005161007711627697,52.97428732800934,355.57764043327813,244.3012408857207,173.0715982947794
15 Jul 2026 23:16:00.000000000,3585.364382024529,3361.7725106764597,4810.294542536656,-6.477433108409627,2.7177425092840757,2.929311429211084,-0.004380970098410501,-0.0041130982898395195,-0.005901273631640258,44.671403902043465,120.77763661784168,509.5472913743441,6872.89581981069,0.0006232156769604761,52.97203947690201,355.57289874285095,247.02692867301982,174.1533511661193
15 Jul 2026 23:17:00.000000000,3189.1143817754446,3517.3199647821043,4975.309525556568,-6.72605139559009,2.465288445117378,2.5691842281959283,-0.0038952300286766404,-0.004302099688101313,-0.0061018994854091764,46.61911587589612,125.18806710856484,510.30380350362765,6872.243425171686,0.0007224786326836798,52.96997428193838,355.5677990858161,250.36748332328074,174.62023156793077
15 Jul 2026 23:18:00.000000000,2778.831798238138,3657.3909478549363,5118.371371128005,-6.945018580080682,2.2020484264874423,2.197808151856894,-0.0033926806761149873,-0.004472190102317285,-0.006275659642225143,48.36290324010664,129.92516202486652,510.9848779422152,6871.661046488889,0.0008122584796774092,52.968127977333275,355.5623749460315,254.070739286038,174.72440052587675
15 Jul 2026 23:19:00.000000000,2356.324676061526,3781.372770963864,5238.853940655204,-7.133390559777584,1.92917840634004,1.8168168032252487,-0.0028755165601367367,-0.004622661754990398,-0.006421839545746652,49.87564149887577,134.98938171560346,511.58030822013677,6871.158893405996,0.0008911733698360369,52.966532933661746,355.556665517041,258.00671979126173,174.59582850375205
15 Jul 2026 23:20:00.000000000,1923.4537232007747,3888.7233272137837,5336.230329774514,-7.290356490880359,1.64787434317994,1.427883213946637,-0.0023459845190232594,-0.00475289054670548,-0.0065398415940939895,51.129933650732234,140.36497140614202,512.0812687301105,6870.74576167002,0.0009580557627877745,52.96521708928981,355.5507150104611,262.10235442161354,174.3075780795819
15 Jul 2026 23:21:00.000000000,1482.1242264225439,3978.973340662331,5410.075022773379,-7.4152416710581095,1.3593671390903384,1.0327127982645472,-0.0018063750693855741,-0.004862337414475881,-0.006629186062431694,52.099803851943435,146.01629186437043,512.4804575530704,6870.428881609449,0.0010119468503126182,52.964203459962796,355.54457187649683,266.3139876356402,173.90329570562375
15 Jul 2026 23:22:00.000000000,1034.2778093113734,4051.7283092185244,5460.065622769666,-7.507509910343824,1.0649175030329812,0.6330362601207996,-0.0012590139716437835,-0.004950549468294436,-0.006689511748789066,52.76280708579099,151.88616252321205,512.7722135571807,6870.213793912698,0.001052100199451527,52.96350973509969,355.5382879502913,270.61446201055577,173.41012877797854
15 Jul 2026 23:23:00.000000000,581.8840631391839,4106.670137407539,5485.9841553305705,-7.566765401454333,0.7658107514576394,0.2306024683465685,-0.0007062539758399312,-0.005017160946900714,-0.006720576395153271,53.10226698601295,157.89752788526357,512.9526060791477,6870.1042546991475,0.0010779873641449855,52.96314796781908,355.5319175391408,274.9865309970039,172.8453132172935
15 Jul 2026 23:24:00.000000000,126.93208032026347,4143.558455534889,5487.717944014698,-7.59275409924627,0.4633515559827246,-0.17282868791100742,-0.0001504667085797834,-0.005061894029428626,-0.006722256928617075,53.10919666838133,163.95907993026344,513.0194959160833,6870.102171391944,0.0010893024820506515,52.96312436407838,355.52551646656354,279.41929304383723,172.21973969589484
15 Jul 2026 23:25:00.000000000,-328.5780803527163,4162.231622316286,5465.260056975134,-7.585364616318461,0.15885864606871775,-0.5754934535382604,0.0004059653498341813,-0.005084559525278711,-0.006694549547158097,52.78342749474024,169.9741853823742,512.9725667796216,6870.207570400236,0.001085964500142526,52.963439174573764,355.519141090049,283.9061913432613,171.5399542541637
15 Jul 2026 23:26:00.000000000,-782.6439677847522,4162.607408472636,5418.709324308074,-7.544628638546354,-0.14634052663271058,-0.9756313629278652,0.00096065685418782,-0.005085057462237502,-0.0066375696708730544,52.13363152412843,175.85114139253272,512.8133267893503,6870.418597108842,0.0010681163815796468,52.964086691251374,355.51284730966006,288.4438961157836,170.80927637941892
15 Jul 2026 23:27:00.000000000,-1233.2693232802542,4144.683359171817,5348.269926313123,-7.4707208608094415,-0.45091515631018697,-1.3714923885271244,0.0015112276094911992,-0.005063377575327084,-0.0065515517557014095,51.17623109217724,-178.48780045828735,512.5450800081451,6870.731548157017,0.0010361210012035113,52.965055348453696,355.50668958488814,293.03174312448783,170.02836085121092
15 Jul 2026 23:28:00.000000000,-1678.4726469176621,4108.5368335515295,5254.250553324768,-7.363958439590258,-0.7535364773674712,-1.7613440739258046,0.0020553106711663416,-0.005019599693556375,-0.006436848959708407,49.93349986830097,-173.1006598719239,512.1728684474297,6871.140935474276,0.0009905536435712136,52.966327926899524,355.50071997694965,297.67159138842817,169.19534037532472
15 Jul 2026 23:29:00.000000000,-2116.2957165222233,4054.3247199387934,5137.063138294051,-7.2247999557000595,-1.0528831786143238,-2.1434786419241587,0.00259056058472138,-0.004953894007719436,-0.006293932633737665,48.43132792549806,-168.02391089896835,511.70338539352673,6871.6395810329595,0.0009321911599766613,52.96788185690233,355.49498723331925,302.3680942708981,168.30555482454935
15 Jul 2026 23:30:00.000000000,-2544.8120295369354,3982.282825807521,4997.221163932167,-7.053843877365033,-1.3476468294196682,-2.5162200659439478,0.0031146618105321105,-0.004866521193927883,-0.0061233915979037575,46.697100192929454,-163.27403079762917,511.1448613272614,6872.2187407818155,0.0008619979598700869,52.969689615502155,355.48953593051095,307.12952110403387,167.35072991790315
15 Jul 2026 23:31:00.000000000,-2962.1351374607334,3892.7249420412745,4835.337546998115,-6.8518265114961,-1.6365373081862709,-2.877931090507383,0.0036253373677374405,-0.004757832358042882,-0.005925931153869785,44.757983387120085,-158.85111684133943,510.50692412446415,6872.868255747443,0.0007811091382760653,52.9717192105491,355.4844056901086,311.9695101906707,166.31722449129262
15 Jul 2026 23:32:00.000000000,-3366.4268417310877,3786.041581713318,4652.12210326441,-6.6196194293464705,-1.918288221198601,-3.227020183261613,0.004120357716786645,-0.004628268759341213,-0.005702371775433352,42.63973283613439,-154.74323956783635,509.80043563285864,6873.576727836962,0.0006908112238281958,52.973934743259754,355.47963048178326,316.9106784136192,165.18242112386952
15 Jul 2026 23:33:00.000000000,-3755.905219067412,3662.698394391813,4448.378597858523,-6.358226352092414,-2.191662297190462,-3.5619483973558115,0.0045975498820793265,-0.004478361264349688,-0.0054536474118916925,40.36599114078134,-150.9305709054661,509.03730711608324,6874.331717452572,0.0005925214054282246,52.97629703939996,355.4752380255092,321.9924469449143,163.90690062260728
15 Jul 2026 23:34:00.000000000,-4128.852443427417,3523.2342579436117,4225.001387071102,-6.068779482266513,-2.455456739999719,-3.8812361190569855,0.0050548068002050665,-0.0043087294817189745,-0.005180803340430549,37.95797822620766,-147.3887841055066,508.2302964331817,6875.119959643599,0.0004877671235083781,52.978764338048215,355.4712493034545,327.28983831151766,162.4156451044614
15 Jul 2026 23:35:00.000000000,-4483.622370875696,3368.259050979275,3982.9716593893468,-5.752535268546004,-2.708508518520114,-4.183469671459735,0.0054900968566808294,-0.0041200805234896535,-0.004884993498882159,35.434454732514745,-144.09158203706127,507.39279017432665,6875.9275951801565,0.0003781715878724863,52.98129302588628,355.4676781901245,332.9662546654109,160.54525982434353
15 Jul 2026 23:36:00.000000000,-4818.647853129169,3198.4511103661725,3723.353285301731,-5.410869593982523,-2.949699570132465,-4.467307741400674,0.00590147355757415,-0.003913207342638583,-0.004567477238049262,32.811854434736034,-141.0124213209083,506.5385742925318,6876.740412643766,0.00026546850366644073,52.983838404166505,355.4645312072622,339.46207159198894,157.85537941350503
15 Jul 2026 23:37:00.000000000,-5132.447744841543,3014.554379841063,3447.288287650723,-5.045272381765356,-3.177961890653646,-4.731487592945018,0.0062870852619723375,-0.003688986598625236,-0.004229615437462061,30.104506790368248,-138.12558860896755,505.68159704802594,6877.544097398001,0.000151705959162421,52.986355474928104,355.4618074078405,348.52549221882117,152.59781376341653
15 Jul 2026 23:38:00.000000000,-5423.633569682843,2817.375257372234,3155.9919464875547,-4.657341617359924,-3.3922824812888592,-4.9748310279363,0.006645184886749568,-0.0034483760101091426,-0.003872865940082346,27.32489615746084,-135.40679906326548,504.83572830572234,6878.324483136775,4.32151783833733e-05,52.988799732690964,355.4594983912431,19.987789999016307,124.94130518108521
15 Jul 2026 23:39:00.000000000,-5690.915810270116,2607.7791508047712,2850.747554903025,-4.248776791801164,-3.5917081207128763,-5.196250051617581,0.006974139475655026,-0.003192411159182651,-0.0034987782702665116,24.483924791966814,-132.8334650245903,504.0145193878319,6879.0678016121865,8.222714424775195e-05,52.991127947752986,355.45758844941696,150.7003132976172,358.0345236874234
15 Jul 2026 23:40:00.000000000,-5933.109787526815,2386.686753277422,2532.900844865157,-3.821371777553755,-3.7753499286929926,-5.394752199781415,0.007272439520083714,-0.002922201725850726,-0.003108987619183713,21.591161455217154,-130.38474953516263,503.23096777262185,6879.760926124528,0.00018974308645605515,52.993298927350835,355.4560548414939,166.11550508870985,346.4250471522959
15 Jul 2026 23:41:00.000000000,-6149.1410959557315,2155.0700519477764,2203.854104733552,-3.3770071556105377,-3.94238768657802,-5.569445483252201,0.007538707903275515,-0.0026389271386346295,-0.0027052080929004956,18.65506714458439,-128.04148715007136,502.4972909385897,6880.391604417125,0.00029434032824725975,52.99527424132232,355.454868192157,174.00055207550238,342.34571195622095
15 Jul 2026 23:42:00.000000000,-6338.0505626660915,1913.9480856586727,1865.0600127608116,-2.9176420201457876,-4.092073879616557,-5.7195429058640785,0.007771708340481635,-0.0023438316429165705,-0.0022892252391846384,15.683195394771955,-125.7860280708266,501.824713573406,6880.948676761401,0.0003932916452995046,52.997018899515005,355.45399300683016,180.45741251142508,339.6945849038378
15 Jul 2026 23:43:00.000000000,-6498.998699813323,1664.3824692729781,1518.0152134792527,-2.4453052948360767,-4.223737426492763,-5.844366513511392,0.00797035318466827,-0.002038218800550881,-0.0018628878852837833,12.682367987658216,-123.6020418625313,501.2232721949496,6881.422275241993,0.00048517945950334306,52.99850196901858,355.4533882947233,186.44830626025143,337.50947285513587
15 Jul 2026 23:44:00.000000000,-6631.269622394399,1407.472704445259,1164.253666334708,-1.9620866026497572,-4.336787062708224,-5.943350934331455,0.008133710471966123,-0.0017234454484547051,-0.0014280993370250103,9.658828685560593,-121.47430302854121,500.7016409650598,6881.804000557119,0.0005688942836347377,52.999697120339086,355.4530082888758,192.26918216063763,335.4944550138695
15 Jul 2026 23:45:00.000000000,-6734.2744060723835,1144.351298544928,805.3397982147558,-1.4701267382473304,-4.430714346487238,-6.016046373595366,0.008261010089514468,-0.0014009151571112175,-0.0009868080063769422,6.618378417288857,-119.38847121097625,500.2669821174907,6882.087073031821,0.0006435407728080142,53.00058309286502,355.4528032506354,198.04606463091034,333.5235359428381
15 Jul 2026 23:46:00.000000000,-6807.553862856472,876.1787152459647,442.8614935586969,-0.9716077988780206,-4.505096258712194,-6.062121031367858,0.008351648957682669,-0.0010720712420784996,-0.0005409975495119173,3.5664956257641633,-117.33087252714724,499.92482397465443,6882.266454994846,0.0007084272816844357,53.001144071378626,355.45272034448726,203.84608162117885,331.529617205122
15 Jul 2026 23:47:00.000000000,-6850.7807159942395,604.1381819031931,78.42295748642252,-0.4687430355831504,-4.5595973719454355,-6.081362916343813,0.008405195139172832,-0.0007383893939691319,-9.267661168053027e-05,0.5084454981668988,-115.28828455102301,499.6789690018385,6882.338942186442,0.0007630691032284917,53.001369966915384,355.4527045679319,209.71220551866952,329.4697560320407
15 Jul 2026 23:48:00.000000000,-6863.76115928555,329.4303802167484,-286.36251120897555,0.036233508570357516,-4.593971567774851,-6.073681035344665,0.008421390800858098,-0.0004013700007782509,0.00035613171518958863,-2.5506182941656594,-113.24772498234542,499.53143375444637,6882.303222432529,0.0008071928414244603,53.0012565969452,355.4526997200808,215.67665335325856,327.3117646779184
15 Jul 2026 23:49:00.000000000,-6846.435790140819,53.268047783684764,-649.879799337239,0.5410775027885015,-4.608063286426976,-6.039105944597759,0.008400153974699594,-6.253024471213735e-05,0.0008034006074174407,-5.605555825291044,-111.1962426231989,499.4824219287784,6882.159900430961,0.0008407385959999877,53.00080576160891,355.4526493919969,221.766886865245,325.02820990701497
15 Jul 2026 23:50:00.000000000,-6798.879909999869,-223.12948103330405,-1010.5192723579573,1.0435449025031704,-4.601808297686663,-5.97778965594224,0.008341579095558748,0.0002766039384453203,0.0012471102778543526,-8.651143661175059,-109.12070859987422,499.5303310471265,6881.911488132469,0.0008638587875626528,53.000025214568,355.4524979613148,228.0086223370575,322.593402718396
15 Jul 2026 23:51:00.000000000,-6721.303190129252,-498.54176601207683,-1366.6840425125486,1.5414025190891891,-4.5752339875107415,-5.890004898309244,0.008245936304022313,0.0006145059477750588,0.0016852586773996139,-11.681974678019296,-107.00760567517888,499.6717926123451,6881.562360849813,0.0008769130721798918,52.99892852887578,355.45219157369354,234.4274657577347,319.98176274749767
15 Jul 2026 23:52:00.000000000,-6614.0487052357585,-771.7527546449867,-1716.797173578249,2.032438511812434,-4.528459160165155,-5.776143742006155,0.008113669534772201,0.0009496565623815501,0.0021158720108358986,-14.692351450254922,-104.84281397349898,499.9017448756961,6881.1186798777735,0.0008804589756087535,52.997534860127665,355.4516790937073,241.04981714265213,317.1669135293339
15 Jul 2026 23:53:00.000000000,-6477.5913416935355,-1041.5562494449455,-2059.308784434892,2.514472730268759,-4.461693361096578,-5.636715600292613,0.007945393433772948,0.0012805518551276531,0.002537014954724554,-17.676169600980288,-102.61139259704902,500.2135366939879,6880.588283040375,0.0008752378861106253,52.99586861096157,355.4509130084519,247.90329597056552,314.1212566684842
15 Jul 2026 23:54:00.000000000,-6312.535591396588,-1306.7613205017703,-2392.7030146913617,2.985366838671548,-4.375235730919017,-5.472344629272112,0.007741889163901855,0.001605710891510221,0.0029468004726470897,-20.626787394885852,-100.29735870046275,500.59906032634944,6879.980545184684,0.0008621559549536669,52.99395900272452,355.4498502678256,255.01675483049172,310.8159578302053
15 Jul 2026 23:55:00.000000000,-6119.612746243923,-1566.1976355843367,-2715.5048170443274,3.4430341576721717,-4.269473405703408,-5.28376655306147,0.007504099180633502,0.0019236831370396936,0.0033433991344743253,-23.53687781086105,-97.88346904195264,501.0489104540365,6879.306211200649,0.0008422592928086189,52.99183956176984,355.448453046628,262.41984509458626,307.2213807428656
15 Jul 2026 23:56:00.000000000,-5899.677511972544,-1818.720681118242,-3026.2865428064847,3.8854491647766127,-4.1448794830820885,-5.071824946381448,0.0072331210783315005,0.0022330555064177956,0.003725047861553806,-26.398259495285266,-95.35101449267194,501.55256621222026,6878.577204650783,0.0008167026493236047,52.989547529367734,355.4466894148865,270.1420353988418,303.30806843565864
15 Jul 2026 23:57:00.000000000,-5653.704063413764,-2063.2168486626147,-3323.6742890892715,4.310656600679367,-4.0020105773967005,-4.837467011010657,0.006930200613935366,0.0025324589976687918,0.004090058033074746,-29.201703597586498,-92.67964637471296,502.0985926116316,6877.8064155330185,0.0007867105914223252,52.98712320557686,355.4445339045079,278.21095680437514,299.04839784389486
15 Jul 2026 23:58:00.000000000,-5382.781566214817,-2298.608362995591,-3606.353978408548,4.716780135740037,-3.841503990149022,-4.581738885863106,0.006596724029573597,0.0028205748671572013,0.004436822907680372,-31.93671489990509,-89.84726599334559,502.6748574074885,6877.007471065656,0.0007535301972672887,52.98460923860825,355.4419679621302,286.64997775038927,294.4190046750829
15 Jul 2026 23:59:00.000000000,-5088.109192611054,-2523.858029563717,-3873.0771439340506,5.102030558139877,-3.664074524296994,-4.305780532734272,0.006234209797220896,0.0030961403140533253,0.004763824330946014,-34.59128845074071,-86.83002666851762,503.2687592468951,6876.194493669774,0.0007183747085085775,52.982049872196605,355.4389802800351,295.47503540734687,289.40395193067843
16 Jul 2026 00:00:00.000000000,-4770.990660947216,-2737.9737807873476,-4122.666396167496,5.464713452714698,-3.4705109724677055,-4.010820240989739,0.0058442999105984585,0.0033579536560425964,0.005069638717426189,-37.15164794533953,-83.60252206217127,503.867462794223,6875.381850527379,0.0006823587861356868,52.97949016425463,355.435566998811,304.69100960204764,283.99835591428484
