UTCG,r_x,r_y,r_z,v_x,v_y,v_z,a_x,a_y,a_z,lla_Lat,lla_Lon,lla_Alt,coe_Semi-major_Axis,coe_Eccentricity,coe_Inclination,coe_RAAN,coe_Arg_of_Perigee,coe_True_Anomaly
15 Jul 2026 00:00:00.000000000,-2125.4612209110105,-3936.771178745955,-5224.271789169885,7.240020610677866,-1.4157248802731912,-1.8787303776876758,0.0025923712584720203,0.004810558759252448,0.006401688578959566,-49.672095702589026,-50.73450038164476,512.3872657606731,6878.136985127256,8.169974504895222e-10,52.999999925686176,6.888892760876659e-08,0.0,251.9999999445085
15 Jul 2026 00:01:00.000000000,-1686.7073579228145,-4012.9984307742616,-5325.396259567643,7.379787340794961,-1.1242663296220878,-1.490870523288309,0.0020559116779549796,0.004902712809574074,0.006524279738413082,-50.97021651293832,-45.40311954436539,512.8797111100984,6877.708674806472,9.449851305674734e-05,52.99864097210881,359.99410443243744,122.72114011831195,133.08717067790755
15 Jul 2026 00:02:00.000000000,-1240.5386899582977,-4071.5848443820196,-5403.0452629766505,7.487094232835757,-0.8279103889075041,-1.0964984033883522,0.0015106217481611528,0.004973391737899909,0.006618212529118115,-51.98754559375527,-39.788299094214196,513.2979215843818,6877.3757806014055,0.00018398305129760972,52.99758042131809,359.9880086950217,128.95218249271335,130.66441908943702
15 Jul 2026 00:03:00.000000000,-788.9173048388076,-4112.27541725057,-5456.879897070599,7.561481190812603,-0.5279544975389472,-0.6973454276114409,0.0009588694743803693,0.005022308116804215,0.006683103861177969,-52.70086478202435,-33.94398667655532,513.6359485318529,6877.144138148822,0.000267877806725996,52.99683680617841,359.9817641406457,135.34088721912005,128.08394585286197
15 Jul 2026 00:04:00.000000000,-333.82861806566876,-4134.893456437601,-5486.665759905264,7.602630887809356,-0.22571066386953795,-0.2951624080643195,0.0004030447293301102,0.005049265305516632,0.006718692167671766,-53.09240274965867,-27.94461152282193,513.8894504889761,6877.017799259968,0.00034578872644379236,52.99642306252654,359.97542467133366,141.89341508805452,125.33955037559808
15 Jul 2026 00:05:00.000000000,122.72722680082786,-4139.341288880313,-5492.273894850098,7.6103698216921645,0.07749998920641635,0.10828774168173086,-0.00015444941386096237,0.005054157665845847,0.006724837693175664,-53.15184797064321,-21.880054905573008,514.0557596248059,6876.9989623106385,0.0004175037409280526,52.996346302163516,359.96904585387506,148.6141276169274,122.42683124588342
15 Jul 2026 00:06:00.000000000,578.7440055254852,-4125.600644411126,-5473.681297262755,7.584668854248669,0.38035268689991836,0.511237318543665,-0.0007112052394835237,0.005036970621563314,0.0067015225704397715,-52.87763428575695,-15.847096104248058,514.133918907919,6877.08793498842,0.00048298610943527283,52.996607689059246,359.96268393754383,155.5049608890593,119.34381288282121
15 Jul 2026 00:07:00.000000000,1032.2180775773156,-4093.7327110601677,-5430.970982629113,7.525643238907253,0.6815244644791776,0.9119211407148321,-0.0012648188861545688,0.004997780575051067,0.006648850703709673,-52.27714507725807,-9.939145680287321,514.1246895030664,6877.2831299724185,0.0005423602346656016,52.99720242089179,359.95639486022696,162.564659490118,116.09171209088011
15 Jul 2026 00:08:00.000000000,1481.1570369589629,-4043.877862932363,-5364.331616573849,7.43355213917485,0.9796996201299626,1.3085838459071177,-0.0018128988344151206,0.004936754685015017,0.006567047463734065,-51.365776793982846,-4.236825674698337,514.0305283452184,6877.581093574812,0.0005958895119760477,52.99811981616464,359.95023326062466,169.78798811402137,112.67572693900271
15 Jul 2026 00:09:00.000000000,1923.5883189689878,-3976.255061447137,-5274.056707811052,7.308797636853951,1.2735751502505988,1.6994871655651744,-0.0023530744353375006,0.004854150498956389,0.006456459185973677,-50.165126340118114,1.1984190534695327,513.8555362783711,6877.976566829101,0.0006439462146507431,52.99934350526304,359.94425151402305,177.16501559510363,109.10575319978965
15 Jul 2026 00:10:00.000000000,2357.5677322272727,-3891.160931251476,-5160.54336580101,7.151923226189216,1.5618661580392073,2.0829171626676284,-0.002883004526074163,0.004750315424299293,0.006317552450355546,-48.7007647885605,6.326743326693187,513.6053775829008,6878.462577973617,0.0006869740804719514,53.000851721963954,359.9384988087202,184.68058820478706,105.39691150299133
15 Jul 2026 00:11:00.000000000,2781.187884970349,-3788.9685126983527,-5024.2906256570295,6.963611787574172,1.8433112249942727,2.4571914190712842,-0.003400386169760143,0.004625686013060388,0.006150913108902654,-47.00006431147017,11.128783329074828,513.2871721476051,6879.030564757493,0.0007254451424777987,53.00261769013118,359.9330202794313,192.3141215033637,101.56975590551262
15 Jul 2026 00:12:00.000000000,3192.586474163803,-3670.1256934541975,-4865.89734374879,6.744683032524507,2.1166777332138795,2.8206661560276145,-0.003902963545743375,0.004480787027454175,0.005957245017520992,-45.09040332326521,15.602243516361142,512.9093619676244,6879.670524497321,0.0007598133447394461,53.0046100986451,359.9278562129595,200.03982735086734,97.65004726721682
15 Jul 2026 00:13:00.000000000,3589.954405424392,-3535.153322589623,-4686.05966851345,6.496090410475449,2.380767124229713,3.1717432686243265,-0.004388537001962832,0.004316230247739157,0.0057373684201660145,-42.99788824560728,19.75755903030303,512.4815540641489,6880.37118934159,0.0007904684148581689,53.00679365606016,359.92304134009356,207.82744611509546,93.66802138831348
15 Jul 2026 00:14:00.000000000,3971.5437111522533,-3384.6430114346017,-4485.568092241717,6.218917467728076,2.634420077664603,3.5088772516250306,-0.00485497226467399,0.004132712979390321,0.005492217928016349,-40.74658040542141,23.613670142550657,512.014342321804,6881.120223765327,0.0008176940726867929,53.009129715084654,359.9186042261803,215.64347522697037,89.65716075266914
15 Jul 2026 00:15:00.000000000,4335.675233693489,-3219.254626564035,-4265.304091072095,5.914373649662329,2.8765215903641606,3.8305819906626803,-0.0053002097834709255,0.003931016215101118,0.005222840034285595,-38.358133753816674,27.19448057910347,511.519111118762,6881.904440925115,0.0008416346899081923,53.0115769557564,359.91456677101064,223.45278940296294,85.65257455261407
15 Jul 2026 00:16:00.000000000,4680.746039861093,-3039.7134815230984,-4026.236362110254,5.583789539207259,3.1060059339749855,4.135437389170929,-0.005722274171060136,0.0037120024073827866,0.004930390105790942,-35.851724613024814,30.526188324368373,511.007823976544,6882.7100341626765,0.000862273839674857,53.01409211517085,359.9109438267101,231.220461840271,81.6891776857098
15 Jul 2026 00:17:00.000000000,5005.23653279793,-2846.807235304178,-3769.416668488373,5.228611527525845,3.3218614663558825,4.422095797996684,-0.006119283679012103,0.003476612809973128,0.004616128795722812,-33.24416528047766,33.63544336765909,510.49280077217657,6883.5228196594835,0.0008794268494133179,53.01663075081764,359.90774294022975,238.91354786724693,77.79990723805469
15 Jul 2026 00:18:00.000000000,5307.717227036086,-2641.382507139221,-3495.975305276712,4.850395916895617,3.5231352698535314,4.689288211514805,-0.006489459634252083,0.003225864351852317,0.004281417829802346,-30.550118128368005,36.54818220000657,509.9864873269186,6884.328486023732,0.0008927477605351184,53.0191480240132,359.90496422482033,246.5025998851392,74.01420761609737
15 Jul 2026 00:19:00.000000000,5586.855152753058,-2424.341218855898,-3207.116201428995,4.450802460765229,3.7089375874820703,4.935830191438455,-0.006831135744907279,0.0029608460142608838,0.003927715126773847,-27.782352912733305,39.28896679124692,509.50122140233543,6885.112846437735,0.0009017493953659704,53.02159948959054,359.9026003625641,253.96274195439122,70.35695597275165
15 Jul 2026 00:20:00.000000000,5841.419855703513,-2196.6366778331517,-2904.111675350213,4.031587351812685,3.8784460265431275,5.160627477545712,-0.007142767172234353,0.0026827146904715203,0.003556569226899441,-24.9520115656499,41.88067467681511,509.04899928765616,6885.862088916989,0.0009058339012884259,53.023941877925374,359.9006367377501,261.2742225424711,66.8479094108787
15 Jul 2026 00:21:00.000000000,6070.288960158065,-1959.2694154549815,-2588.2968641730686,3.5945956753601407,4.030909498305404,5.362681243362974,-0.007422939254850028,0.0023926905185728277,0.003169613016201906,-22.068860397842162,44.34441975087565,508.6412472420051,6886.563020232583,0.0009043304043930184,53.02613385554167,359.8990516985496,268.4224551482174,63.50166425019651
15 Jul 2026 00:22:00.000000000,6272.45326344486,-1713.2827978564233,-2261.063849366826,3.1417533525136117,4.165651862120936,5.541092954566215,-0.007670375765604936,0.0020920516891969926,0.0027685567497747767,-19.141520041118785,46.69961643105646,508.28860205395466,6887.203299131744,0.0008965362839155189,53.02813675094667,359.89781694220903,275.3976237950152,60.32805036733445
15 Jul 2026 00:23:00.000000000,6447.021332384447,-1459.758427643594,-1923.8555038223367,2.6750586046730143,4.282075242842204,5.695068788557398,-0.007883946578822916,0.0017821287427784924,0.002355180394378372,-16.17766989346269,48.964127413070344,508.00070489205604,6887.771654655767,0.0008817589405689023,53.02991523298385,359.896898016823,282.1939610048695,57.33285299993354
15 Jul 2026 00:24:00.000000000,6593.223574041146,-1199.8113571071217,-1578.1590879995008,2.1965729783633,4.379662991651856,5.823923575384733,-0.008062674627503633,0.001464298383620653,0.0019313253275452162,-13.184227540218957,51.154456070542615,507.78601243994694,6888.258085601403,0.0008593555706392685,53.03143792985464,359.89625493070054,288.80879918828157,54.518761083748544
15 Jul 2026 00:25:00.000000000,6710.4157557794315,-934.5851351860034,-1225.4996250273252,1.7084119764248684,4.4579822624297,5.927084222902356,-0.008205742035243048,0.001139976850681192,0.0014988854469432302,-10.167505593694814,53.28595938949226,507.6516290372776,6888.65403749725,0.0008287691774771092,53.032677978023806,359.8958428584641,295.2414576258386,51.886479951520556
15 Jul 2026 00:26:00.000000000,6798.08195258889,-665.2467120287195,-867.4330867546006,1.212735348229833,4.516686178533131,6.004092592770054,-0.008312495317969088,0.0008106128969338687,0.001059797759839715,-7.133349314514249,55.37306745218121,507.60316318458854,6888.952553865485,0.0007895597157890953,53.033613491476586,359.89561293138445,301.4919584351309,49.43601500541577
15 Jul 2026 00:27:00.000000000,6855.836902990022,-392.9812264094566,-505.53942460306934,0.7117370975382457,4.55551556829886,6.054607798503501,-0.00838244956326803,0.00047768043984732915,0.0006160325364970696,-4.087258709982087,57.429502174620815,507.64461132244486,6889.148399005595,0.0007414298066025228,53.03422794320811,359.89551309796013,307.5594532698379,47.168244622243385
15 Jul 2026 00:28:00.000000000,6883.427758509897,-118.98670243442233,-141.41548062814778,0.2076352716603463,4.574300251611347,6.078407902190657,-0.008415291511343046,0.00014267095480013968,0.00016958312354220121,-1.034498836454059,59.46849229381154,507.7782712713708,6889.238150060403,0.000684244878314919,53.03451045237764,359.89548903959053,313.44003829320127,45.08710475581697
15 Jul 2026 00:29:00.000000000,6880.735215659841,155.5313170970345,223.3321845992939,-0.29733840041852094,4.572959864417974,6.075390992553664,-0.008410881481744339,-0.0001929143093764249,-0.00027754447687754647,2.0197980609051474,61.50298426137995,508.00468713110456,6889.220256695495,0.0006180479313435457,53.03445597222243,359.895485125204,319.12319124870623,43.20315142063955
15 Jul 2026 00:30:00.000000000,6847.774023491472,429.3651726835188,587.0945098458138,-0.8009489505232241,4.551504212985231,6.045575633593986,-0.008369254109776665,-0.0005275722084558639,-0.0007233421496822857,5.070535054917241,63.54585025596163,508.3226268011869,6889.095067329253,0.0005430695169619166,53.03406537556551,359.8954453881349,324.5849343887864,41.540397303398436
15 Jul 2026 00:31:00.000000000,6784.692864074502,701.3104971258468,948.267158927216,-1.3009686224800394,4.51003315484091,5.989100679930241,-0.00829061787981376,-0.0008598055873865581,-0.0011658102151359611,8.112554258904298,65.61009530937041,508.7290926163423,6888.864821478165,0.00045973432389309615,53.03334543654569,359.8953145081037,329.7724758652309,40.151669906058224
15 Jul 2026 00:32:00.000000000,6691.773607552798,970.1716031895522,1305.2577163855024,-1.7951872600060237,4.44873600859459,5.90622446193027,-0.00817535346570913,-0.0011881310839715364,-0.001602967866327932,11.140538360566097,67.70906572746458,509.21936490814244,6888.533608416829,0.0003686683559920493,53.03230870900795,359.8950387811528,334.5631899420171,39.15963086734467
15 Jul 2026 00:33:00.000000000,6569.42994771311,1234.7668218565807,1656.492815632178,-2.2814225605452734,4.3678905000188895,5.797323350652701,-0.008024010909897341,-0.0015110867665440136,-0.002032863382505928,14.148906524427256,69.85666061974383,509.7870776291846,6888.107292981831,0.0002707223204610756,53.03097330379074,359.89456706058706,338.6265769309128,38.89481556970703
15 Jul 2026 00:34:00.000000000,6418.205428161645,1493.9337636994726,2000.4251628563695,-2.757530126890832,4.267861256758717,5.662889719253764,-0.007837305695895075,-0.0018272395249667975,-0.002453584010828159,17.131701128902876,72.06754735043401,510.42432452490993,6887.593409955629,0.0001671068546242357,53.0293625689026,359.8938516525532,340.7461742363365,40.57372165249074
15 Jul 2026 00:35:00.000000000,6238.770873175315,1746.5344767886324,2335.5404211756377,-3.2214132522521846,4.149097868679653,5.503529323697593,-0.007616113787278978,-0.002135192141405607,-0.0028632654185387378,20.082461694681637,74.35737986965765,511.12179373050054,6887.0010290431555,6.112588077769041e-05,53.02750467826219,359.89284915063615,330.88645835875536,54.23190658893373
15 Jul 2026 00:36:00.000000000,6031.921241002016,1991.4604757017723,2660.3639210358624,-3.6710323793702737,4.012132535033856,5.3199581311633475,-0.0073614657242885165,-0.0024335899758996986,-0.003260100629012179,22.994082301174835,76.74301579307594,511.8689281204172,6886.340592981412,6.19151747733618e-05,53.02543213625723,359.89152119500665,202.72055744653406,186.1962747435204
15 Jul 2026 00:37:00.000000000,5798.571920773006,2227.6376175778933,2973.467164704265,-4.104414180155946,3.8575773232142474,5.112998629326202,-0.00707453988261953,-0.0027211272124415785,-0.0036423483692966945,25.85864889735452,79.24272318321472,512.6541082605492,6885.623731797038,0.00017396374507981736,53.023181206829065,359.88983514291084,192.6798068652731,200.03552144655117
15 Jul 2026 00:38:00.000000000,5539.754497203007,2454.0308027427,3273.4740947975774,-4.519660208957031,3.686121066784007,4.883575653583577,-0.006756655010006753,-0.0029965526229052933,-0.004008340772167544,28.667253395824662,81.87636040772819,513.4648544163517,6884.863056634176,0.00028950139029454923,53.02079127709011,359.8877646389088,194.46426491178661,202.04961696402702
15 Jul 2026 00:39:00.000000000,5256.612009858872,2669.648479156032,3559.0670990908716,-4.914955089702708,3.498525932658851,4.632711772219995,-0.0064092621630218215,-0.0032586748189543393,-0.0043564903928185504,31.409782625934746,84.66550110607122,514.2880437625112,6884.071936912379,0.00040479974859398244,53.018304166605326,359.8852900749735,198.0235933103258,202.28892572975565
15 Jul 2026 00:40:00.000000000,4950.393735941283,2873.5469317754532,3828.992726306206,-5.2885742046142035,3.2956236887338117,4.361522271400993,-0.006033936168594297,-0.0035063669746224603,-0.0046852965169243,34.07468263140127,87.63345989505281,515.1101387231184,6883.2642648345945,0.0005180234682294188,53.01576339440185,359.8823989325195,202.13693079858913,201.97433253588378
15 Jul 2026 00:41:00.000000000,4622.449527269417,3064.8343398096376,4082.0670901000635,-5.63889085961954,3.0783117039083288,4.07120978277181,-0.005632366734356169,-0.003738571015652457,-0.004993350754738718,36.648703198259454,90.80515181020381,515.9174222460113,6882.45421144696,0.0006275097671552083,53.01321341649231,359.87908600042175,206.46885007061078,201.44128541739792
15 Jul 2026 00:42:00.000000000,4274.223733366803,3242.674586800265,4317.180941087835,-5.964382908973755,2.847548712298872,3.7630585962372716,-0.005206349325494637,-0.003954301283233619,-0.005279341931182134,39.116634945619424,94.20668933285366,516.6962357782398,6881.655978554284,0.0007316508721621268,53.010698847201326,359.8753534653312,210.89080851957564,200.81834479008106
15 Jul 2026 00:43:00.000000000,3907.2487435325233,3406.2908102671995,4533.304389167801,-6.26363882828799,2.6043503727011297,3.4384286995265443,-0.004757775918519181,-0.00415264769194788,-0.005542060298327019,41.46106307512593,97.86458742365576,517.4332157549437,6880.883550819163,0.0008288925470253633,53.00826367785749,359.8712108727033,215.34311881669558,200.16521280587384
15 Jul 2026 00:44:00.000000000,3523.1381810953244,3554.9686795692332,4729.491260971894,-6.5353632315681445,2.349784652805996,3.0987495840879653,-0.004288625728072585,-0.004332778410348756,-0.005780401107956304,43.66217912023054,101.80441691843866,518.1155245349984,6880.150452321207,0.0009177529602369314,53.005950506453374,359.866674959295,219.79403462042063,199.51364763223998
15 Jul 2026 00:45:00.000000000,3123.5797832632597,3688.0593922722105,4904.883079493057,-6.778381833150802,2.08496706575818,2.745513854292798,-0.0038009559902761345,-0.004493942101946303,-0.005993367594665949,45.69771495857145,106.04873720175677,518.7310719033327,6879.469511729798,0.0009968461655345867,53.00379979168349,359.8617693599936,224.2245534302138,198.88266064002715
15 Jul 2026 00:46:00.000000000,2710.327999746697,3804.98238093338,5058.7126551065185,-6.991645859935997,1.8110557841885284,2.3802706736687704,-0.003296892867407189,-0.004635469769348517,-0.00618007342644511,47.54308952148927,110.61418131885276,519.2687235032753,6878.852640055541,0.0010649061047400914,53.001849144346224,359.856524194156,228.62179214174603,198.28514094124037
15 Jul 2026 00:47:00.000000000,2285.196342905356,3905.2277236271275,5190.307279128036,-7.1742359227064565,1.5292466541442122,2.0046190782543376,-0.0027786225217312803,-0.004756776248871584,-0.006339744685970389,49.17188045721843,115.5077048750217,519.7184928522399,6878.310624696125,0.0011208096212037958,53.00013266844943,359.8509755385999,232.9756824414537,197.73116013619958
15 Jul 2026 00:48:00.000000000,1850.0495216433867,3988.358252783785,5299.091512732089,-7.325365357577534,1.2407681285092442,1.620201183391352,-0.002248382386506966,-0.004857361403609439,-0.006471721446716946,50.556735264589705,120.72228667381628,520.0717139213962,6877.852943190306,0.0011635977377227726,52.998680363500824,359.84516479642406,237.27707184927175,197.22987145715047
15 Jul 2026 00:49:00.000000000,1406.7953903624004,4054.0113580474676,5384.589565586804,-7.4443830498645625,0.946876136472454,1.228695306217858,-0.0017084526445268185,-0.004936811063764814,-0.0065754590090877476,51.67079685014773,126.23278405448549,520.3211916163531,6877.487599743234,0.00119249476029032,52.997517598407924,359.83913797262835,241.51642255189722,196.79081116293173
15 Jul 2026 00:50:00.000000000,957.3767438441715,4101.900479698885,5446.427259702868,-7.5307757525765355,0.648848903026635,0.8318090226728212,-0.0011611479056435551,-0.0049947977574888594,-0.006650528854409274,52.48961634396415,131.99309333191397,520.461327873085,6877.220987196969,0.0012069249524874974,52.9966646661769,359.8329448690785,245.68270537063768,196.4250048341814
15 Jul 2026 00:51:00.000000000,503.7629879366999,4131.816290017121,5484.33357510356,-7.584169910913568,0.3479817297539574,0.4312721741976294,-0.0006088090597512677,-0.005031081272610171,-0.006696619370708854,52.993361951062624,137.9359929367407,520.4882214764883,6877.057776695319,0.001206526693289271,52.99613642720392,359.8266382128689,249.7622317674417,196.14613566085075
15 Jul 2026 00:52:00.000000000,47.941715436258306,4143.627560528513,5498.141774702571,-7.6043330022227975,0.0455817460959999,0.028829836548911636,-5.3795267622947724e-05,-0.005045509081505659,-0.006713536393356313,53.16895178491481,143.9767298566246,520.3997401118,6877.000836840057,0.0011911642396156242,52.99594204742329,359.8202727331745,253.73719193346574,195.97200667121922
15 Jul 2026 00:53:00.000000000,-408.0897839971021,4137.281713604812,5487.790106459917,-7.591174398300656,-0.2570373614433208,-0.37376473917590947,0.0005015239589922939,-0.005038016653136461,-0.006701203592561285,53.011632480742826,150.0204018777758,520.1955635694269,6877.051183662126,0.0011609375240405908,52.99608483593502,359.81390420271,257.58360801306014,195.9265878430813
15 Jul 2026 00:54:00.000000000,-862.3330513660319,4112.805057282571,5453.322081435014,-7.544745753786743,-0.558560635851386,-0.774757204734599,0.001054776643618158,-0.005008627666211247,-0.006659662726225243,52.52558627453552,155.97179739611482,519.8771974381871,6877.207962240749,0.00111619093017871,52.99656218501374,359.8075884604143,261.2682526768009,196.0430978767004
15 Jul 2026 00:55:00.000000000,-1312.7969949187207,4070.30270253788,5394.886326835748,-7.4652409209197925,-0.8576771461860554,-1.172399204324623,0.0016035962571594898,-0.004957454128189462,-0.006589073764217154,51.7233931663124,161.7453130635297,519.4479570393049,6877.468460302816,0.00105752291220574,52.99736561362538,359.8013804324923,264.74375522405813,196.3688984420966
15 Jul 2026 00:56:00.000000000,-1757.5064073028195,4009.9581625963856,5312.736013622363,-7.352995387339098,-1.153085288352767,-1.5649554676106385,0.0021456297153971886,-0.004884696392798444,-0.006489714874009779,50.62450238649002,167.27253500334683,518.91292177305,6877.828153628677,0.0009858001230997478,52.99848091378041,359.79533316881685,267.9404532780684,196.97364283073375
15 Jul 2026 00:57:00.000000000,-2194.510434511185,3932.032634227329,5207.227858716774,-7.208485230149699,-1.4434980835632436,-1.950710897286568,0.0026785455170824945,-0.004790643059379765,-0.00636198224506238,49.253120319419196,172.5060647522655,518.2788604698135,6878.280782583934,0.0009021834773409037,52.99988839726346,359.7894969115916,270.7521606478768,197.9635084303515
15 Jul 2026 00:58:00.000000000,-2621.890967329316,3836.863961401113,5078.820702443236,-7.0323255763547,-1.7276484666323588,-2.327977640491059,0.003200042070506736,-0.0046756707273101356,-0.006206389715896983,47.63599476143915,177.41956393534124,517.554128757968,6878.818458596418,0.0008081820394066883,53.001563238528135,359.78391821252416,273.0099840453518,199.50738032807067
15 Jul 2026 00:59:00.000000000,-3037.770925325706,3724.8652822103145,4928.073662532384,-6.8252685572053755,-2.004294554418297,-2.6951021308821517,0.003707856245129246,-0.004540243570092246,-0.006023568156262401,45.80047719112073,-177.99496320337903,516.7485398787132,6879.431798907943,0.0007057712073558534,53.00347590786489,359.77863911406433,274.43133632465333,201.88783836804788
15 Jul 2026 01:00:00.000000000,-3440.3224026086264,3596.5233606069532,4755.643866899594,-6.588200742229416,-2.2722248823531537,-3.0504720850327143,0.0041997721705515426,-0.004384912686327968,-0.005814264547056695,43.77306554747139,-173.73127252585957,515.8732107924214,6880.110087458354,0.0005976658287249612,53.0055926873653,359.77369640904794,274.5146957524812,205.60639814946086
15 Jul 2026 01:01:00.000000000,-3827.7746436867715,3452.3966053077775,4562.283768495397,-6.322140037827423,-2.5302635943028933,-3.3925234331674394,0.004673630288951086,-0.004210315180183291,-0.005579340694521233,41.57846315032076,-169.7731945153142,514.9403858265844,6880.841459312021,0.00048799180940160955,53.00787626074945,359.7691209918191,272.3129364992202,211.61018076936094
15 Jul 2026 01:02:00.000000000,-4198.421816857684,3293.1127791911367,4348.8380468440055,-6.02823203550867,-2.7772755680181764,-3.7197471602877057,0.005127336648423502,-0.004017172920067315,-0.005319771510362173,39.239083167237375,-166.09842988554823,513.9632405079547,6881.613105619235,0.0003840323309129296,53.01028636681624,359.76493731230494,265.9680754701648,221.75716618651913
15 Jul 2026 01:03:00.000000000,-4550.630551681322,3119.3664036617315,4116.240102451933,-5.707745796153857,-3.0121714553408405,-4.030696029600294,0.005558872405190026,-0.0038062909235231502,-0.005036642788505572,36.77488515335639,-162.68151692130598,512.9556685942199,6882.411495727283,0.000300524137627925,53.0127805051451,359.76116294275306,252.22679382468135,239.30067185444864
15 Jul 2026 01:04:00.000000000,-4882.8472063426925,2931.915863800514,3865.508152084193,-5.3620690591866556,-3.2339126132470466,-4.323991156070565,0.005966303483540538,-0.00357855531840957,-0.004731148412231094,34.20343057390983,-159.49594682097512,511.9320556656582,6883.222612722915,0.0002644481846099642,53.01531468174128,359.75780826486033,229.2972444047083,266.0325453990495
15 Jul 2026 01:05:00.000000000,-5193.604830144566,2731.5802216343022,3597.7409349613663,-4.992702869194347,-3.441515898894193,-4.598328394056101,0.0063477903224603595,-0.0033349308334387267,-0.004404586929677693,31.540065350338608,-156.51554877612205,510.9070429451715,6884.032198409231,0.00029608479003218876,53.01784418159232,359.75487628296395,205.85147157606772,293.2807448351266
15 Jul 2026 01:06:00.000000000,-5481.529786058483,2519.2357465488826,3314.1130422082606,-4.601255617311598,-3.6340582992219757,-4.852484499530211,0.006701597620703599,-0.003076457778144709,-0.004058357445233208,28.798163642932987,-153.71531318024566,509.89528527673826,6884.826003502177,0.000377902016721713,53.02032435460513,359.7523625667317,191.38594573646435,311.5488040665281
15 Jul 2026 01:07:00.000000000,-5745.347998272745,2295.8121736986127,3015.8698843496927,-4.18943650045959,-3.810681363488077,-5.085323024558557,0.007026103976223983,-0.002804248480527549,-0.003693954785329677,25.9893902986689,-151.0718139933747,508.91120739631344,6885.5900386823405,0.000482354808790849,53.02271140113018,359.7502553245465,184.61873436314406,322.1186617965072
15 Jul 2026 01:08:00.000000000,-5983.890790058888,2062.288703211921,2704.322314261582,-3.759048408174371,-3.9705954055064585,-5.295799899603652,0.0073198113030337065,-0.00251948316082692,-0.003312963911070225,23.123956985589107,-148.56336185289064,507.96876276588074,6886.310822062203,0.0005938849265611004,53.02496314325726,359.74853560648336,182.2123480498413,328.32781539919665
15 Jul 2026 01:09:00.000000000,-6196.10027808221,1819.68975501687,2380.840925694075,-3.311980254077965,-4.113083441408304,-5.4829686580378185,0.007581353898832712,-0.0022234052317331213,-0.00291705356597981,20.210859100272113,-146.16998600544804,507.0811993006753,6886.975618633704,0.0007048360633499595,53.027039768288795,359.74717763348434,182.20905519884502,332.1340060878387
15 Jul 2026 01:10:00.000000000,-6381.034290539958,1569.0804961729325,2046.8500502316244,-2.850198776828382,-4.2375048285422405,-5.645985257048588,0.007809507030979411,-0.0019173160283004298,-0.0025079691643685826,17.25808820516584,-143.8733136296564,506.26083629343213,6887.572667347709,0.000810924748159819,53.028904531257865,359.74614924709897,183.61082894918664,334.53527180115543
15 Jul 2026 01:11:00.000000000,-6537.870778245757,1311.5621596406581,1703.8214782800135,-2.3757398433869295,-4.343298571729755,-5.784112449991252,0.008003194907442699,-0.0016025689845773825,-0.0020875249444503533,14.272819306047577,-141.65639208720327,505.5188567219035,6888.091391650392,0.0009093615110104578,53.03052440405123,359.74541247205957,185.89192221699906,336.05737193508855
15 Jul 2026 01:12:00.000000000,-6665.911689989606,1048.2671754166656,1353.26793230734,-1.890699295420042,-4.429986264509052,-5.896723667212026,0.008161497901000002,-0.0012805632875343938,-0.0016575954279393716,11.261574787451837,-139.503482893779,504.8651189124956,6888.522589557601,0.0009981291849975064,53.03187065961563,359.7449241819019,188.75792969614258,336.99472507592003
15 Jul 2026 01:13:00.000000000,-6764.586286187115,780.3541368379716,996.7363230506371,-1.3972233873380422,-4.497174635245489,-5.9833063654231236,0.00828365890253281,-0.0009527370524379652,-0.0012201062463471466,8.23036807031741,-137.39984459084513,504.3079912243567,6888.858599688961,0.0010756906281967097,53.032919380845996,359.744636856051,192.0340836297114,337.5221129290225
15 Jul 2026 01:14:00.000000000,-6833.4538679569905,509.00262659149007,635.8008216684269,-0.8974988716270839,-4.544557671012006,-6.043464809810104,0.008369088690653862,-0.0006205600766066919,-0.0007770244105847877,5.184830572760262,-135.33151392882743,503.85421301645096,6889.093440100282,0.0011408625481667,53.033651885066895,359.74449941508465,195.61138502330166,337.74854877789545
15 Jul 2026 01:15:00.000000000,-6872.205902300447,235.4079284744079,272.05578281228986,-0.39374279349325664,-4.571918295898083,-6.076922258105058,0.008417370218645621,-0.0002855262395935869,-0.00033034811554842576,2.130325682697182,-133.28508972399064,503.5087846731267,6889.222917241141,0.0011927578824246499,53.034055056492775,359.74445811956895,199.41908728111343,337.74479349853266
15 Jul 2026 01:16:00.000000000,-6880.667527937564,-39.22434776083338,-92.89144474268147,0.11180793777447141,-4.579129584786305,-6.083522521744734,0.008428261739084056,5.08543723567873e-05,0.00011790381602541922,-0.9279466002335054,-131.2475205716907,503.27488890006595,6889.244702913369,0.001230757716248642,53.03412158066837,359.74445751661256,203.40982770412194,337.55822369646216
15 Jul 2026 01:17:00.000000000,-6858.798430528909,-313.6837001537194,-457.42778197568606,0.6169071291156726,-4.5661554985405495,-6.063230885798181,0.00840169870665589,0.0003870635321453402,0.0005657027361911644,-3.984850802291622,-129.2058956858081,503.1538448781187,6889.158377705994,0.0012544958288927335,53.033850076618364,359.7444414174753,207.55117928838465,337.22127953532623
15 Jul 2026 01:18:00.000000000,-6806.693080394049,-586.7601978552318,-819.9417191860906,1.1193099611821493,-4.533051131836982,-6.016134376415548,0.008337794422776428,0.0007215830374858352,0.001011021100005165,-7.0352194328292805,-127.14723709468646,503.14509619143024,6888.965440017553,0.0012638480040542573,53.03324512424151,359.7443538889355,211.82063715031964,336.7564779373218
15 Jul 2026 01:19:00.000000000,-6724.580330355172,-857.2499446422479,-1178.830611971331,1.6167836470181909,-4.4799624703934375,-5.942441371922017,0.0082368394095729,0.0010529028831291513,0.0014518433950239486,-10.073755341227745,-125.05829103193278,503.246232749194,6888.66928043586,0.0012589222390511194,53.03231718634293,359.74414024090584,216.20253133301372,336.17949940869437
15 Jul 2026 01:20:00.000000000,-6612.822375896393,-1123.9605132110041,-1532.5079343274567,2.1071180159378957,-4.407125659957477,-5.842480561150393,0.008099299525592853,0.001379529346531247,0.0018861769480020905,-13.09492952972319,-122.9253165289431,503.4530462158563,6888.275121911144,0.0012400478906865228,53.03108242656934,359.7437479927469,220.6860669850013,335.50114750606065
15 Jul 2026 01:21:00.000000000,-6471.913084350032,-1385.7163211501852,-1879.410450012422,2.588135948047008,-4.314865794936282,-5.716699259961019,0.007925812859184995,0.0016999928964632502,0.0023120624883242956,-16.092870895699246,-120.73386998503295,503.7596177731763,6887.789926815922,0.0012077627698698352,53.029562426367114,359.74312780116367,225.26405062208298,334.72862224003677
15 Jul 2026 01:22:00.000000000,-6302.475704217243,-1641.3639201173553,-2218.0052641721063,3.0577035876959173,-4.203595239839909,-5.565661103931841,0.007717185458314029,0.0020128558392758606,0.0027275843548064437,-19.06124426214142,-118.46858603347123,504.15843637953617,6887.222272620261,0.0011627977333320643,53.02778380588534,359.742234333145,229.93205021725942,333.866359677846
15 Jul 2026 01:23:00.000000000,-6105.259969916112,-1889.7771706917997,-2546.7967184953127,3.513740268305021,-4.07381150160952,-5.390043141719238,0.00747438597656233,0.002316719625251823,0.003130880242668404,-21.993112963103872,-116.11295766645354,504.6405450840748,6886.582198506961,0.001106058638382005,53.02577775546539,359.7410270684372,234.6878415973508,332.9165852726607
15 Jul 2026 01:24:00.000000000,-5881.138621157173,-2129.8622765907326,-2864.333094801187,3.9542280863042105,-3.9260946752889647,-5.190632359417047,0.007198539332057272,0.0026102317469406063,0.0035201504002700564,-24.880782283254877,-113.64912285238685,505.19571241263515,6885.88102579713,0.001038605728962801,53.023579485960305,359.73947101721967,239.53105521865518,331.8796668531095
15 Jul 2026 01:25:00.000000000,-5631.1033597047035,-2360.5626534080498,-3169.213093926389,4.377221068207766,-3.761104489250716,-4.968321671227978,0.006890919491309864,0.0028920921727889196,0.0038936662003397574,-27.71562038073642,-111.05767153813086,505.81262538120797,6885.131155539424,0.0009616306587276984,53.02122760758655,359.7375373401969,244.46297764899666,330.75431295072957
15 Jul 2026 01:26:00.000000000,-5356.260269445345,-2580.8636086994998,-3460.0920590169344,4.780853881870986,-3.5795769792279244,-4.724105415791011,0.006552941500077275,0.0031610592719964014,0.004249778027213548,-30.487854238151385,-108.31749701183416,506.47910031992234,6884.345847026707,0.0008764314554972344,53.01876344829574,359.7352038599814,249.48649497926544,329.53762924665426
15 Jul 2026 01:27:00.000000000,-5057.82472841017,-2789.7968120764117,-3735.6879147779314,5.16335005051867,-3.382320822658101,-4.459074400503528,0.006186152889583451,0.0034159551996081586,0.0045869224391701345,-33.18634014402563,-105.40573037993198,507.1823074127941,6883.538981334705,0.0007843858052965376,53.01623032374521,359.7324554546667,254.60620487566354,328.22500642982334
15 Jul 2026 01:28:00.000000000,-4737.115843632669,-2986.44453592243,-3994.786796863172,5.52302963596481,-3.170213366278054,-4.174410538062971,0.005792224589134198,0.0036556707248325366,0.004903628583297557,-35.7983118978437,-102.29781768032974,507.90900467708593,6882.724814223324,0.0006869230916213798,53.013672771819614,359.7292843264952,259.8287950372131,326.8097417051257
15 Jul 2026 01:29:00.000000000,-4395.550441609714,-3169.9436492956443,-4236.2483481930985,5.858316365132973,-2.944196380604019,-3.871381120368245,0.0053729414740889105,0.003879169498833581,0.005198523858340416,-38.30911633192575,-98.9678266389467,508.6457770198627,6881.917722899998,0.0005854956735359092,53.011135765300644,359.72569014081216,265.16395422259404,325.2821277882363
15 Jul 2026 01:30:00.000000000,-4034.636648285747,-3339.4893497120497,-4459.010661857583,6.167744181750676,-2.705271574672261,-3.551332774553358,0.004930192670368186,0.004085491770328096,0.005470338836794905,-40.70195609947308,-95.3891031050019,509.3792760148038,6881.131951214689,0.00048154993470008985,53.00866391667731,359.72168003277335,270.6265627284211,323.62726250706663
15 Jul 2026 01:31:00.000000000,-3655.967093559711,-3494.3386193635843,-4662.094852757188,6.449963211913204,-2.4544959036727185,-3.2156851449242696,0.0044659617288849585,0.004273757569475469,0.005717911473967372,-42.957675268050146,-91.53543022624622,510.09645613098843,6880.381357841162,0.0003764977147646427,53.006300689237705,359.71726848167515,276.2425539053091,321.81918742203527
15 Jul 2026 01:32:00.000000000,-3261.2117756606567,-3633.813394328164,-4844.6092428366555,6.7037451387477045,-2.1929767005158385,-2.865924342424206,0.003982316768982756,0.004443169390097085,0.005940190644255602,-45.05464475225293,-87.38286258783279,510.78480331044705,6879.679171899882,0.00027168898571761107,53.004087628474736,359.7124770551146,282.06797363864314,319.8018285374604
15 Jul 2026 01:33:00.000000000,-2852.1106209024433,-3757.303437101494,-5005.753147154462,6.927987986841923,-1.9218666603660015,-2.503596200556425,0.003481400673955749,0.0045930144078000345,0.006136239055174665,-46.96883065327532,-82.9123860893387,511.4325520219489,6879.037760302403,0.00016838809951549947,53.00206362747672,359.7073340275056,288.27580771787484,317.4021691778582
15 Jul 2026 01:34:00.000000000,-2430.4657741400447,-3864.2689044568356,-5144.820250289585,7.121720321599898,-1.6423587047244357,-2.1302993734138065,0.002965421404439148,0.004722666277443077,0.006305235597312753,-48.67415342374179,-78.11345080673884,512.028887204266,6878.468410848524,6.777608958710069e-05,53.000264239366594,359.701873879774,295.993744181585,313.49248793855435
15 Jul 2026 01:35:00.000000000,-1998.133654765847,-3954.2426041634744,-5261.201564649,7.284104872104082,-1.3556807488951776,-1.7476783077686129,0.002436642477102944,0.004831586557376527,0.006446477193792602,-50.143256606990285,-72.98819151088465,512.5641278438245,6877.9811347957475,2.9568633958286344e-05,52.998721049011046,359.69613668910335,111.7720775981036,141.52245474710148
15 Jul 2026 01:36:00.000000000,-1557.0168126287595,-4026.8319354053237,-5354.387964003207,7.414441588250138,-1.0630903939145762,-1.3574161174976132,0.001897373635650969,0.004919325806850896,0.006559380211391243,-51.34877986888595,-67.5557686964319,513.0298892979912,6877.584492251137,0.00012190356808113694,52.99746111515804,359.69016741964043,123.32237020310914,133.78047010817903
15 Jul 2026 01:37:00.000000000,-1109.0556173434031,-4081.720508968679,-5423.9722872325865,7.5121701441457756,-0.7658695610613885,-0.9612273846425553,0.0013499617243998426,0.004985524403956893,0.00664348149667578,-52.26514888160234,-61.85579831883142,513.419221869221,6877.285443318185,0.00020919322872226478,52.99650649289866,359.68401512677514,130.34663944630495,130.56447797518413
15 Jul 2026 01:38:00.000000000,-656.219813903309,-4118.669444226501,-5469.651008555149,7.5768718997234865,-0.46531908451406856,-0.5608509080016088,0.0007967817562990412,0.005029913126134347,0.006698439093372167,-52.87074534372006,-55.94950167931452,513.7267235477628,6877.089227472809,0.00029079410528955586,52.995873844907464,359.6777320891972,137.0948131165695,127.62451107206033
15 Jul 2026 01:39:00.000000000,-200.4999767051847,-4137.518340826368,-5491.22547168761,7.608271331644132,-0.1627532752785796,-0.15804241687287782,0.00024022815249739705,0.00505231352960982,0.006724032689471033,-53.15013392772607,-49.91732460553651,513.948625266553,6876.999273151549,0.00036637187887734085,52.99557414832724,359.67137288414597,143.87704006887645,124.65038063539632
15 Jul 2026 01:40:00.000000000,256.10110651105657,-4138.185923705696,-5488.602686345594,7.606236942806191,0.1405055324683852,0.24543273504988516,-0.0003172938815620254,0.005052638157117989,0.006720163833144885,-53.0958801513605,-43.85258832768997,514.0828474459516,6877.017139019478,0.00043578024219222556,52.99561250244828,359.66499342236335,150.77186742481294,121.56349969759428
15 Jul 2026 01:41:00.000000000,711.5770897976697,-4120.670360673876,-5461.795686312089,7.570781657379262,0.4431324429648198,0.647806882622554,-0.0008733768878264493,0.005030890594704356,0.006686855945012163,-52.70949581701708,-37.85209182427558,514.1290270444539,6877.142487851833,0.0004990456662523653,52.99598804053131,359.65864995987477,157.80747658058465,118.33564756960094
15 Jul 2026 01:42:00.000000000,1163.9267325405433,-4085.049252346343,-5410.923449025108,7.502062705441669,0.7438054596713103,1.0473173572703212,-0.0014256196450050673,0.004987165387588872,0.006624254139748048,-52.0012448592462,-32.00584016741669,514.0885147720055,6877.373093420554,0.0005563491382417418,52.99669394726158,359.65239810417773,164.99345402447304,114.95719951346477
15 Jul 2026 01:43:00.000000000,1611.1625408848633,-4031.479294720983,-5336.210377306458,7.400380998242494,1.041210936933044,1.4422137787523854,-0.001971635667038531,0.004921647816302534,0.0065326248582496605,-50.98886567170486,-26.388460684099854,513.9643425629155,6877.704880230133,0.0006080005317131245,52.997717581437975,359.6462918324552,172.32905579026624,111.42886277039614
15 Jul 2026 01:44:00.000000000,2051.3193564907683,-3960.195615190527,-5237.985344523518,7.266179992061276,1.3340490138717194,1.8307653189648687,-0.0025090617601939984,0.004834613523350613,0.006412355296895796,-49.69556178014877,-21.05413134517072,513.7611618441002,6878.131995405268,0.0006544052649616651,52.99904070162688,359.6403825392453,179.80576078271287,107.75912370060789
15 Jul 2026 01:45:00.000000000,2482.4628618402126,-3871.5107833239,-5116.680305195413,7.100044035833648,1.6210390210170644,2.2112679249044715,-0.003035566682048656,0.004726427971187784,0.0062639526078046475,-48.147746244636366,-16.03546567236494,513.4851535697911,6878.646911500183,0.0006960241098277692,53.000639790681696,359.6347181303851,187.4082003948188,103.96331860768395
15 Jul 2026 01:46:00.000000000,2902.6979709444563,-3765.813498354947,-4972.828473871161,6.902696195365343,1.9009248487953159,2.582051486016386,-0.003548859936557482,0.004597545704237384,0.006088042833263403,-46.37297007456335,-11.34557032994295,513.1439114240987,6879.240558485218,0.0007333280626810892,53.00248647327669,359.6293421792704,195.11475328391114,100.06303937349958
15 Jul 2026 01:47:00.000000000,3310.1770737945694,-3643.5669560260185,-4807.062076061706,6.674995545270686,2.1724802651027355,2.941486928619883,-0.004046700726482434,0.004448509379548088,0.005885369526761493,-44.39829621436914,-6.981915620539541,512.7463000147579,6879.902482675339,0.0007667512319045191,53.00454801896016,359.62429316026714,202.89831402092886,96.08536518268428
15 Jul 2026 01:48:00.000000000,3703.1081023226716,-3505.3068982638615,-4620.1096761359395,6.417933918908711,2.4345141669404717,3.2879932170716613,-0.004526907070167025,0.00427994852649933,0.005656792007613181,-42.24919985233352,-2.930728007405592,512.3022902919516,6880.621029906238,0.000796645554671284,53.00678792172715,359.61960377278643,210.727437784793,92.06171815883441
15 Jul 2026 01:49:00.000000000,4079.7623850357954,-3351.639350145195,-4412.7930884172465,6.132632106687121,2.68587574854978,3.620044237945418,-0.004987365072034277,0.004092577991286653,0.00540328319011261,-39.948947756650036,0.8289746755385639,511.82277481968765,6881.383549841636,0.0008232415702788488,53.009166545768764,359.61530036784546,218.5678818719928,88.02632213711385
15 Jul 2026 01:50:00.000000000,4438.482256924562,-3183.238049742254,-4186.023879257551,5.820335494246481,2.925459565819941,3.9361755399487626,-0.005426038318391239,0.0038871960211572564,0.005125926927351264,-37.51834853944757,4.322131785793238,511.31936589808595,6882.176617919778,0.0008466192288962828,53.01164182590338,359.61140248713883,226.38443003851074,84.01437855170455
15 Jul 2026 01:51:00.000000000,4777.688390787346,-3000.841577738095,-3940.799469625478,5.482409134274209,3.1522104740599595,4.23499089874717,-0.0058409773527429215,0.003664681945205303,0.00482591481260761,-34.975755919476576,7.575264345398288,510.8041798756348,6882.986271123216,0.0008666917394283218,53.014170010247156,359.6079225226046,234.14279481399655,80.06016429464101
15 Jul 2026 01:52:00.000000000,5095.886815828062,-2805.2501951537324,-3678.198849712871,5.120332249017623,3.365128413687626,4.515168672513396,-0.006230329165454127,0.00342599341058208,0.004504542384131903,-32.3372244741699,10.614882014367982,510.28961129238354,6883.798253490918,0.0008832039124309048,53.01670643195893,359.6048655023404,241.81135972366073,76.19528960796416
15 Jul 2026 01:53:00.000000000,5391.675589332213,-2597.3223991298987,-3399.377919225757,4.735692164925663,3.563273016118494,4.775467911044423,-0.006592346617044807,0.0031721631395659595,0.004163204688255696,-29.61674365224725,13.466507961045986,509.78810074893613,6884.598267093477,0.0008957446744206,53.01920629640823,359.60222900648193,249.36255208880533,72.44732533663667
15 Jul 2026 01:54:00.000000000,5663.751087470902,-2377.9712084313774,-3105.564469347314,4.330177686144921,3.7457680002708083,5.014734178866833,-0.0069253977000659234,0.002904295180850743,0.003803391166526206,-26.826500729254942,16.154152846109202,509.3119005924016,6885.372224063643,0.0009037718243685251,53.021625469868624,359.60000321434393,256.7737133449433,68.83893260264247
15 Jul 2026 01:55:00.000000000,5910.913881873707,-2148.1601921641404,-2798.052824804535,3.9055719196911567,3.9118053287546877,5.2319050510346,-0.007227974531669422,0.0026235606371001917,0.003426679844359772,-23.97714295455101,18.700095100786193,508.8728426396599,6886.106495223779,0.0009066459940712285,53.023921255843355,359.5981710817976,264.027429211709,65.38753256645276
15 Jul 2026 01:56:00.000000000,6132.074169592564,-1908.8992570766034,-2478.1981669894863,3.4637445718329745,4.060649092086152,5.42601523943832,-0.007498701960810321,0.002331192862492494,0.003034730814346618,-21.078022881480955,21.12485873415134,508.4821122113135,6886.788150879837,0.0009036703002175123,53.026053145374476,359.59670864560314,271.11136635414624,62.10546963764861
15 Jul 2026 01:57:00.000000000,6326.256725475729,-1661.2402107281976,-2147.4105616254087,3.006643742360452,4.191639089225483,5.596201307492083,-0.007736345669427559,0.0020284821359442718,0.0026292790235384776,-18.137419775341602,23.447311439704976,508.1500327193524,6887.405189462183,0.0008941322840309153,53.0279835281757,359.5955854491377,278.01771473222504,59.000568940200104
15 Jul 2026 01:58:00.000000000,6492.605347808951,-1406.2721196866005,-1807.1487169687714,2.5362872507267507,4.304194073451161,5.741705932104479,-0.007939819644852936,0.001716769828063799,0.0022121263902704254,-15.162735373251321,25.684831042116645,507.8858649321609,6887.946749886351,0.0008773452452170939,53.02967835214364,359.59476508190835,284.74234864810364,56.07697502616697
15 Jul 2026 01:59:00.000000000,6630.38677034904,-1145.1164837499462,-1458.9135009427482,2.0547535353303297,4.3978146340451065,5.86188167390009,-0.008108192904211267,0.0013974420929447919,0.0017851332937488178,-12.160665293659696,27.85350699394828,507.6976248288912,6888.4033037808,0.0008526867770066531,53.03110771973607,359.5942058231355,291.28379794968134,53.336180383415
15 Jul 2026 02:00:00.000000000,6738.994016580945,-878.922248878757,-1104.2412478412568,1.564172174164602,4.4720856865084695,5.956194219726116,-0.008240695358629802,0.0010719231283377664,0.0013502094956976346,-9.13734894125511,29.968356714195824,507.59192365155235,6888.766824079919,0.000819633021894746,53.032246410836876,359.5938613780555,297.64206975032005,50.778203382410275
15 Jul 2026 02:01:00.000000000,6817.949175123761,-608.8606830927671,-744.6968872716383,1.0667140815155014,4.526678546975432,6.024225065503679,-0.00833672271569046,0.0007416680592960985,0.0009093045689861731,-6.098501432190168,32.04354538491254,507.57383337036674,6889.030926903119,0.000777787786204706,53.03307432303683,359.59368169382907,303.8172789739987,48.40295735846159
15 Jul 2026 02:02:00.000000000,6866.905578676,-336.12014092570365,-381.8669297612769,0.5645814410622919,4.5613525701201425,6.065673612380593,-0.008395840332849012,0.00040815551078345324,0.0004643979213928021,-3.049531268756073,34.09260359415328,507.64678030314025,6889.190984128327,0.0007269061384517041,53.03357682172374,359.593613840701,309.8079109050143,46.2119876565443
15 Jul 2026 02:03:00.000000000,6885.649372657968,-61.900743162762275,-17.3523448939398,0.05999744047960532,4.575956334044,6.080358654791302,-0.008417785952038886,7.287994349518437e-05,1.748851441442698e-05,0.004352533465040749,36.12864087779523,507.8124690818556,6889.244204608806,0.0006669124905067599,53.03374499396717,359.59360294282345,315.6082783411843,44.21101404648737
15 Jul 2026 02:04:00.000000000,6874.100463728317,212.59100057978392,347.23863107407334,-0.4448041237564903,4.570428360296203,6.068219245284336,-0.008402471265393058,-0.0002626561662138675,-0.0004294156145857893,3.0580402732542655,38.164555449431845,508.0708385535846,6889.1896825672675,0.000597913494816979,53.03357580187642,359.59359314245376,321.20413907113607,42.414312795050755
15 Jul 2026 02:05:00.000000000,6832.312842543445,486.1475983010648,710.2977204718775,-0.9475893002796296,4.544797362178015,6.029314927667081,-0.008349982284133204,-0.000596950216823156,-0.0008743079126763683,6.10642486445624,40.21324167168923,508.42005055289286,6889.028412315763,0.0005202065640184431,53.0330721328723,359.59352858056644,326.56384718099787,40.85356489695296
15 Jul 2026 02:06:00.000000000,6760.474279421886,757.5659827123992,1070.2238244075184,-1.446134423349788,4.499182019681044,5.9638253369558205,-0.008260578504044946,-0.0009285073551216092,-0.0013151938375131364,9.144305195061092,42.287797389253484,508.85651180768855,6888.763269082205,0.0004342859873935479,53.03224274611525,359.5933543767464,331.6174509219553,39.59875774087922
15 Jul 2026 02:07:00.000000000,6658.905395888056,1025.6528906625454,1425.4302000822809,-1.9382364681912503,4.43379028465808,5.872049171609746,-0.008134690885649361,-0.0012558482455758246,-0.0017501012334935119,12.16628613420468,44.401733243099734,509.37492855851576,6888.398956358617,0.0003408528268119728,53.031102116144424,359.59301759120075,336.1973694989903,38.81750785765461
15 Jul 2026 02:08:00.000000000,6528.058119319779,1289.23018695309,1774.3515579448908,-2.421723251066206,4.348918224973187,5.754402550373405,-0.007972918687904958,-0.0015775166515579154,-0.0021770904461966244,15.16667171792491,46.56918551834834,509.9683928017386,6887.941920810441,0.0002408558307801753,53.02967017656766,359.59246815214794,339.8198284206353,38.9936251181206
15 Jul 2026 02:09:00.000000000,6368.51353203452,1547.1401052739097,2115.4510423357833,-2.8944634069897464,4.2449484212797675,5.611416772559482,-0.007776025215992856,-0.0018920867494533068,-0.0025942640704585637,18.139347941956935,48.8051328187694,510.6284984290798,6887.400236384328,0.0001357649852928432,53.02797196837934,359.5916597324096,340.40960412392684,42.202367673652084
15 Jul 2026 02:10:00.000000000,6180.979130044356,1798.2503799500298,2447.227060574323,-3.3543760821931365,4.122347934594887,5.443735506593265,-0.007544932563092506,-0.002198170104530794,-0.0029997762377707254,21.077651487615313,51.12561463861311,511.3454849457574,6886.78345981268,3.396631664027578e-05,53.02603719913108,359.59055055996043,308.20563389046754,78.20483163015787
15 Jul 2026 02:11:00.000000000,5966.285510323912,2041.4592434039498,2768.219927082323,-3.799440283701515,3.9816658668517815,5.252111436950056,-0.007280715441395727,-0.0024944222464411544,-0.0033918413610338513,23.974220687686046,53.5479462690559,512.1084059232004,6886.102460225064,9.481119588818082e-05,53.02389972072299,359.5891041483437,196.9733482425526,193.23561827288034
15 Jul 2026 02:12:00.000000000,5725.382508708608,2275.7002656769896,3077.018291069345,-4.227703834535569,3.8235305400151764,5.037402404111176,-0.006984594210543387,-0.0027795487931558966,-0.0037687422690173417,26.820825247568358,56.090918762887924,512.9053188909065,6885.3692260282405,0.0002088427377773234,53.02159693498466,359.58728993429924,193.5049312924288,200.5025733746079
15 Jul 2026 02:13:00.000000000,5459.334813427926,2499.9470139714526,3372.2653184816036,-4.637291889864184,3.6486463220570204,4.800567075736753,-0.006657927222994751,-0.003052311084683515,-0.004128837679794946,29.608171913918945,58.774963958126435,513.7234930052788,6884.596652601502,0.00032463835997822917,53.01916913745823,359.5850838115614,195.99432331541462,201.81178432157992
15 Jul 2026 02:14:00.000000000,5169.31708174665,2713.217511932505,3652.664601277655,-5.026414976698948,3.457790130059545,4.542660189831922,-0.006302202608430257,-0.0033115312999246957,-0.004470568978420669,32.325684816614164,61.62225164553426,514.5496305560895,6883.798314665279,0.000439591022539284,53.016658810856526,359.5824685515806,199.732111127501,201.87268948071159
15 Jul 2026 02:15:00.000000000,4856.608589212856,2914.5784802434655,3916.98576958436,-5.393376527196844,3.251807641906938,4.264827412229495,-0.005919029622895604,-0.003556097043503281,-0.004792466281935237,34.961262196531756,64.65666755327887,515.370098186162,6882.988227414915,0.0005519336736161173,53.01410988053215,359.5794341038805,203.90145902608973,201.5021470529242
15 Jul 2026 02:16:00.000000000,4522.587442603843,3103.149342007392,4164.06978482785,-5.736579883063094,3.0316092484521593,3.9682998512458125,-0.005510129684933856,-0.0037849654021164677,-0.00509315379186232,37.5010165359039,67.90359592216313,516.1711636048343,6882.1806006657225,0.0006600165987208508,53.01156694494147,359.5759777709349,208.24807837618658,200.95446533264314
15 Jul 2026 02:17:00.000000000,4168.724388755808,3278.105978313275,4392.833894536333,-6.054534755762991,2.7981657776971613,3.6543882718487155,-0.005077327213860291,-0.003997166481276176,-0.005371354449343151,39.92901387592496,71.38939939427316,516.9392335683679,6881.389590330841,0.0007622437057871927,53.00907449451361,359.5721042545121,212.66772565053768,200.3339045670618
15 Jul 2026 02:18:00.000000000,3796.5762522879095,3438.6842211938365,4602.2762319375925,-6.34586313381442,2.552504021576518,3.32447705038064,-0.004622540377160483,-0.004191806445410349,-0.005625893924108382,42.22704162765828,75.14045541108891,517.6610889719889,6880.629051551297,0.0008570790689465225,53.0066761325273,359.5678255727289,217.10977719918964,199.6911021396407
15 Jul 2026 02:19:00.000000000,3407.779035459831,3584.183073038316,4791.480045972126,-6.609304634540962,2.295702094237703,2.980017908582483,-0.004147771838787927,-0.004368070092381901,-0.0058557039793751915,44.37445342472434,79.18158271179591,518.3241130431841,6879.9122977209045,0.000943067432850493,53.00441381156082,359.5631608493056,221.5463261290087,199.0539756976942
15 Jul 2026 02:20:00.000000000,3004.0407134957704,3713.967643140428,4959.617549529437,-6.84372130268521,2.028884648645244,2.622523462867879,-0.003655099585671891,-0.004525223001464449,-0.0060598252651877455,46.34816406572971,83.53369542035286,518.9165088327982,6879.251869502871,0.0010188578565766698,53.002327098805594,359.55813597866614,225.960085476076,198.43982003962606
15 Jul 2026 02:21:00.000000000,2587.133758396634,3827.471793621221,5105.953375811328,-7.04810186244772,1.753217975790719,2.253560621382524,-0.003146667892736224,-0.004662613299785876,-0.006237409600698051,48.12289348000635,88.21059170197898,519.4275024610498,6878.659317724815,0.0010832273732125615,53.00045248303526,359.5527831727455,230.3388952231731,197.86080020760343
15 Jul 2026 02:22:00.000000000,2158.887423821597,3924.200488323322,5229.8476345620675,-7.221565432530677,1.4699050080541143,1.8747438577010072,-0.0026246784667125315,-0.004779673093827609,-0.006387721807932907,49.67177594272291,93.21496547500328,519.8475288792337,6878.145003770602,0.0011351034125888903,52.99882273530009,359.5471403973605,234.67287482712402,197.32679911761605
15 Jul 2026 02:23:00.000000000,1721.179822876999,4003.7318395082407,5330.758561566254,-7.363364715732222,1.1801802452989727,1.4877283860485275,-0.002091381792140004,-0.0048759196157149715,-0.006510141163628293,50.96744150261217,98.53405725398567,520.1683972464037,6877.7179207681465,0.0011735843358372786,52.997466334489474,359.54125070796005,238.95271307487897,196.8471279048473
15 Jul 2026 02:24:00.000000000,1275.9298300735354,4065.718848176781,5408.244756152755,-7.472888675354153,0.8853046195143117,1.0942032592180004,-0.0015490686825014822,-0.004950956130083021,-0.006604162530354051,51.983617507791465,104.13580530417792,520.3834333843226,6877.385538507685,0.0011979576953971428,52.99640696778477,359.53516149625557,243.16843035820295,196.4317638892532
15 Jul 2026 02:25:00.000000000,825.088837842616,4109.890834736547,5461.967002652186,-7.549664710469924,0.5865603110081086,0.6958844066167607,-0.0010000620236019168,-0.005004472644965821,-0.006669397224917648,52.69717303589235,109.96676598370145,520.4875971575232,6877.153674622436,0.001207716010738871,52.99566311473288,359.52892366087053,247.3082619245875,196.09246759895944
15 Jul 2026 02:26:00.000000000,370.6323973790827,4136.054557428196,5491.6896726832065,-7.593360340799365,0.28524552677961124,0.2945076266943332,-0.00044670868067040625,-0.005036246464827973,-0.00670557367475296,53.090351528971695,115.95314830585872,520.4775730223345,6877.026394129353,0.0012025700266351219,52.99524772222555,359.5225907163861,251.3574170553375,195.84402389457637
15 Jul 2026 02:27:00.000000000,-85.44822704165583,4144.095016506289,5497.2817059203635,-7.603784409837048,-0.017330750358830763,-0.1081784547184435,0.00010862847271084501,-0.005046142614764482,-0.006712537900729345,53.15276975568213,122.00575365948696,520.3518323943238,6877.005938966882,0.0011824596525305303,52.9951679760998,359.5162178562995,255.29647010092387,195.70585125812244
15 Jul 2026 02:28:00.000000000,-541.1545615621828,4133.975942637598,5478.717167618733,-7.5808878120881875,-0.3198540348746301,-0.5104194506618693,0.0006635784546427399,-0.00503411415763347,-0.006690253854991183,52.88270375955682,128.02841195948122,520.1106668956975,6877.092688687073,0.001147563136827025,52.99542517340226,359.5098609861808,259.099054695289,195.70430791825146
15 Jul 2026 02:29:00.000000000,-994.4894556138979,4105.739968373116,5436.075381691843,-7.524763746993704,-0.6210096277724801,-0.9104622956702737,0.0012157700615402654,-0.005000202415115334,-0.006638803627917731,52.287309630409666,133.9281413120101,519.7561919598409,6877.285152964856,0.0010983056345068639,52.99601469761784,359.50357574390273,262.728332579806,195.87622337423872
15 Jul 2026 02:30:00.000000000,-1443.4656157661575,4059.508481901879,5369.540638606348,-7.435647498587837,-0.9194879163223071,-1.3065623369940174,0.0017628398011828696,-0.004944537093445411,-0.006558387524544899,51.3817155653446,139.62450896624608,519.2923206882444,6877.579996083693,0.0010353694439088883,52.99692609737636,359.49741652399086,266.1313009159014,196.2745914327552
15 Jul 2026 02:31:00.000000000,-1886.1141120024727,3995.4811626432393,5279.40147782155,-7.313915736358589,-1.2139896783035737,-1.696990426246976,0.002302439930744714,-0.00486733630388157,-0.006449323996459701,50.18724128896222,145.05602425869407,518.7247082748638,6877.972093050398,0.0009597104136113319,52.99814326735349,359.4914355231712,269.2291694829559,196.9781933538555
15 Jul 2026 02:32:00.000000000,-2320.4928274931913,3913.9351986181523,5166.049545016123,-7.160085329404368,-1.5032313839040905,-2.0800400020645604,0.0028322466531574626,-0.004768906457852797,-0.006312049401667459,48.729198919871095,150.1826156125854,518.0606677331614,6878.454616486881,0.0008725897860222618,52.9996447283022,359.48568182376636,271.90027254451303,198.10868631632908
15 Jul 2026 02:33:00.000000000,-2744.6948223713703,3815.224185993096,5029.978024958496,-6.9748116630235275,-1.785950486928909,-2.4540341523243074,0.0033499685161260317,-0.004649642007079582,-0.006147117552154359,47.03473734669474,154.9845884567743,517.3090580808768,6879.01915294885,0.0007756417431210286,53.001404001421044,359.4802005310307,273.9480415448758,199.86263103376263
15 Jul 2026 02:34:00.000000000,-3156.8565812853467,3699.776711750243,4871.7796516375565,-6.758886444549441,-2.060910694942703,-2.81733264174132,0.0038533550464563233,-0.004510024991276277,-0.00595519899865521,45.13105460562093,159.45928343677178,516.4801465545248,6879.655846838061,0.0006710243894366674,53.003390070615104,359.4750319795458,275.03735228674174,202.57514486446004
15 Jul 2026 02:35:00.000000000,-3555.1661136594053,3568.094621129902,4692.144298215212,-6.513234983732458,-2.32690720550104,-3.1683388873244014,0.004340205636504842,-0.004350624348209733,-0.0057370799919352275,43.044119056809244,163.6167903457101,515.5854468372462,6880.353569609733,0.0005617762426766311,53.005567924660745,359.47021102265234,274.5605233979448,206.85390360144345
15 Jul 2026 02:36:00.000000000,-3937.870874681131,3420.750972344149,4491.856150525471,-6.238912932430671,-2.5827718928065626,-3.5055068604051147,0.0048083786834722175,-0.0041720949378719245,-0.005493661056109477,40.797891148472004,167.47575150322763,514.6375356854153,6881.100111539344,0.0004527142964723979,53.00789916987785,359.465766417446,271.3465140972208,213.8699439274778
15 Jul 2026 02:37:00.000000000,-4303.285474128207,3258.387682086408,4271.790469244706,-5.937102468911674,-2.8273784260956663,-3.8273478899070645,0.005255800962258272,-0.0039751762283858245,-0.005225955104241373,38.41395425104128,171.0598307871727,513.6498507258118,6881.882392908018,0.00035279546719590944,53.010342702664644,359.46172031623405,263.1009608628034,225.91762692687092
15 Jul 2026 02:38:00.000000000,-4649.79913930441,3081.7128665733835,4032.9099475080916,-5.609107913763941,-3.0596472979442444,-4.132437337382977,0.005680477194223753,-0.003760690592372864,-0.004935085028322114,35.911437580702085,174.3950434201638,512.6364725593976,6882.6866911028155,0.00028045744892652173,53.01285543018165,359.45808787351024,246.28127512565337,246.5395405285522
15 Jul 2026 02:39:00.000000000,-4975.882897651494,2891.497884253109,3776.2606726446984,-5.256350767290892,-3.2785507376239984,-4.419421110310368,0.0060804997533617285,-0.0035295411636238195,-0.004622280697563864,33.30712394678217,177.50790668211602,511.61189464105723,6883.498879812712,0.0002649471460040458,53.01539302660799,359.45487697548833,221.5162088532622,275.1069340116329
15 Jul 2026 02:40:00.000000000,-5280.0964441091,2688.574087889124,3502.9677028368783,-4.880364162290484,-3.483117481789915,-4.687021976393746,0.0064540584340159034,-0.003282709209763643,-0.004288875307041574,30.615659247367017,-179.57573472045706,510.59078469803285,6884.304676242711,0.00031585053189458985,53.01791071174305,359.4520880970952,200.32858802323423,300.0969845722718
15 Jul 2026 02:41:00.000000000,-5561.094658079101,2473.829295464313,3214.230271853217,-4.482786731232906,-3.672437372278748,-4.934045638360827,0.006799450185846652,-0.0030212509823108603,-0.003936301026712095,27.849806374125716,-176.83137865509408,509.58774169282964,6885.089892073069,0.0004074240806799395,53.020364038308344,359.44971428913277,188.6716562411624,315.55645369627916
15 Jul 2026 02:42:00.000000000,-5817.63373496941,2248.20399122437,2911.316637523393,-4.0653558929278315,-3.845665748767915,-5.159386526134984,0.007115088707447493,-0.0027462940153304533,-0.0035660839141591354,25.020707603841288,-174.23618325962144,508.61705251851464,6885.840683766089,0.0005153536604659733,53.022709674123504,359.4477412960028,183.59682019411534,324.43394164604166
15 Jul 2026 02:43:00.000000000,-6048.57689780359,2012.6872701597292,2595.5585922737037,-3.629900570656064,-4.002027602612693,-5.362033261467801,0.007399513778979856,-0.002459032854659151,-0.003179838068991608,22.138135176616768,-171.7690524121838,507.6924527256428,6886.543797773973,0.0006272799826709078,53.02490616539098,359.4461478021016,182.1265915404516,329.70694546189463
15 Jul 2026 02:44:00.000000000,-6252.899655328593,1768.312541268811,2268.3456567683475,-3.1783333612331117,-4.140821457439013,-5.5410737492509465,0.007651400203262653,-0.0021607242109622075,-0.002779259022067805,19.21072018411763,-169.4105763551312,506.826895611147,6887.186806233706,0.0007369719805085318,53.026914667627906,359.4449058027346,182.66775498766464,332.9686907280372
15 Jul 2026 02:45:00.000000000,-6429.694574458468,1516.1530070147478,1931.1189804492076,-2.7126421823555016,-4.261422942090276,-5.695699849884939,0.007869566223863637,-0.0018526815445228074,-0.0023661163722788867,16.24615636416226,-167.1428874547264,506.0323339428535,6887.758328851291,0.0008407664363851938,53.02869963132433,359.44398109319815,184.40909404774098,335.0304056161975
15 Jul 2026 02:46:00.000000000,-6578.175536776941,1257.3169384335795,1585.3649754668595,-2.234881433605316,-4.363288022357978,-5.8252115883245486,0.008052981285778827,-0.001536269102234977,-0.0019422457003082174,13.2513791494323,-164.94947027947617,505.319518443091,6888.248236878557,0.000936183091898203,53.030229430178984,359.44333386755983,186.91629535416428,336.32641632649285
15 Jul 2026 02:47:00.000000000,-6697.681451185447,992.9427673201227,1232.608713087773,-1.7471627143997357,-4.44595585958653,-5.929020857760067,0.008200773008986775,-0.0012128954413734194,-0.001509539807627826,10.232722322373625,-162.8149503283334,504.69781690955074,6888.647835372047,0.0010213888260894636,53.0314769207507,359.44291941674163,189.94182949215894,337.1042659782605
15 Jul 2026 02:48:00.000000000,-6787.679397608506,724.194018769489,874.4071140791419,-1.2516451497173888,-4.5090512667140565,-6.0066545793109745,0.008312233254525682,-0.0008840064883131092,-0.0010699393467651396,7.196055577724492,-160.72487557635705,504.17505751037595,6888.95002028952,0.0010949767542858255,53.0324199235531,359.4426889136974,193.33647310642488,337.51319219171825
15 Jul 2026 02:49:00.000000000,-6847.767179929378,452.25410902255925,512.3419667538026,-0.7505253813540277,-4.5522867355575505,-6.057757283540626,0.008386823173652767,-0.0005510781922081042,-0.0006254229245653696,4.146906647893152,-158.665498273748,503.75739935910156,6889.149407422214,0.0011558693011735931,53.03304161698904,359.44259027196756,197.00598908514635,337.64744656741493
15 Jul 2026 02:50:00.000000000,-6877.675269976645,178.32103503329756,148.01280824386583,-0.24602728853999514,-4.575464013091847,-6.08209308494912,0.008424177147607086,-0.00021560884488566582,-0.00017799677477971132,1.0905716948367137,-156.62356010409923,503.4492329607416,6889.242430670491,0.0012032731972105545,53.0333308370469,359.4425690624913,200.88862927682737,337.5687916132104
15 Jul 2026 02:51:00.000000000,-6877.2681283650345,-96.39801662775446,-216.97029388407316,0.2596084932321969,-4.578475209020015,-6.079547026733405,0.008424105543804914,0.00012088885289697769,0.00027031589217718914,-1.9677824085936608,-154.5860811152365,503.25311253451133,6889.227407738083,0.0012366568962111771,53.03328227733743,359.44256947257975,204.9427909160772,337.31884394937555
15 Jul 2026 02:52:00.000000000,-6846.544892238791,-370.6921129916559,-580.9940214014055,0.7641351825174696,-4.561303421957923,-6.050125779857138,0.008386596236786975,0.0004568958917163525,0.0007174857454203012,-5.023020391872213,-152.54015125524623,503.1697215765161,6889.104571933235,0.0012557373454031631,53.03289658580701,359.4425352900895,209.1399095397836,336.9261810173999
15 Jul 2026 02:53:00.000000000,-6785.639424400097,-643.3520408926793,-942.4491075638059,1.2653105162701583,-4.524022876927097,-5.993957687662912,0.008311814864928232,0.0007908951287054508,0.0011614882733655,-8.069942055172804,-150.4727225450083,503.1978723439695,6888.8760694101065,0.001260469918793203,53.03218035629083,359.4424108954361,213.460195099876,336.4106045935103
15 Jul 2026 02:54:00.000000000,-6694.8197228429635,-913.1757667331897,-1299.7376223117008,1.7609073921251615,-4.466798572410923,-5.911292154684791,0.008200103817997977,0.0011213794443143022,0.0016003146824715318,-11.103183472307574,-148.37039972049854,503.33453924051105,6888.545921846217,0.0012510384350390034,53.03114601493548,359.4421422438579,217.8899852425932,335.78578714424395
15 Jul 2026 02:55:00.000000000,-6574.486694270142,-1178.973860456662,-1651.2802013417904,2.2487244129469737,-4.3898854408244405,-5.802498385770181,0.008051979976459154,0.0014468597880286046,0.002031982631911571,-14.117112462126254,-146.21922753994153,503.5749253804597,6888.1199552172275,0.0012278436949039035,53.02981160338854,359.44167782052455,222.4200585464748,335.06095823902797
15 Jul 2026 02:56:00.000000000,-6425.172299658527,-1439.5748547659668,-1995.5231804450239,2.726596259880738,-4.293627031716102,-5.6680634888851795,0.007868131244842707,0.0017658730238239416,0.0024545466856504567,-17.105714764551394,-144.00447395622447,503.9125609273506,6887.6056959805,0.0011914897656505393,53.02820046249518,359.4409695515089,227.04454188606482,334.2419968597466
15 Jul 2026 02:57:00.000000000,-6247.5370842743005,-1693.8305113423492,-2330.945597505341,3.1924038234117935,-4.178453732207246,-5.5085899618545815,0.007649411945410466,0.002076989492147235,0.0028661083717734944,-20.062467242268582,-141.71041022636305,504.3394311596461,6887.012236603292,0.0011427676862684527,53.02634082201663,359.4399736544268,231.76020298751834,333.3321385477188
15 Jul 2026 02:58:00.000000000,-6042.3671086418935,-1940.6209668375054,-2656.0660259504602,3.6440840264736174,-4.044880543936631,-5.3247925895861945,0.007396837157558381,0.0023788202133990096,0.0032648257500102764,-22.980194365093237,-139.32009215727376,504.84613162989126,6886.350072950728,0.0010826365382672442,53.0242653035705,359.43865141359464,236.5660089901,332.33241658025827
15 Jul 2026 02:59:00.000000000,-5810.5703007715165,-2178.859732698067,-2969.449205197987,4.07963927927512,-3.893504439988347,-5.117494783883591,0.007111576104915338,0.002670023668097335,0.0036489224020653586,-25.850904343278224,-136.81515167049287,505.42204726878066,6885.63091657508,0.001012202003420199,53.02201034554686,359.43696986587855,241.46288858004417,331.2418996159212
15 Jul 2026 03:00:00.000000000,-5553.172253386935,-2407.4985244029212,-3269.7124357025496,4.497146512053367,-3.7250013288347947,-4.887624402622119,0.006794944705140248,0.0029493121004425314,0.004016695774785866,-28.66560176570978,-134.17561556170367,506.0555518536607,6884.867485406323,0.0009326926525809466,53.01961556015895,359.43490238497134,246.45367931349202,330.0577441966221
15 Jul 2026 03:01:00.000000000,-5271.311492918767,-2625.5318974117968,-3555.5317085246957,4.8947657391725885,-3.5401226551388754,-4.6362090887462,0.006448397407740678,0.003215457305213233,0.0043665248240059434,-31.414074807049307,-131.37977985886386,506.7342239200487,6884.0732767284435,0.0008454343001751122,53.017123034006794,359.4324291536736,251.54329061942917,328.7750316198038
15 Jul 2026 03:02:00.000000000,-4966.234249610436,-2832.001668978195,-3825.6475418499294,5.270748115629619,-3.339691669286575,-4.364371172174666,0.00607351844881501,0.003467295870910687,0.004696876924127836,-34.08465752326939,-128.40418486250897,507.4450749496585,6883.262326628431,0.000751822829721714,53.0145765845536,359.42953751570957,256.73919347906485,327.3862781874482
15 Jul 2026 03:03:00.000000000,-4639.288760173959,-3026.001106951702,-4078.870499543847,5.623443454871719,-3.1245993987180127,-4.073322179222688,0.005672012653217949,0.0037037338658308127,0.005006314026891283,-36.66397224232228,-125.22375897974277,508.1747855198071,6882.448960321431,0.0006532959571687522,53.01202098571064,359.4262222007509,262.0525226858971,325.88033293026155
15 Jul 2026 03:04:00.000000000,-4291.919136151124,-3206.6788686546906,-4314.08636946743,5.95130718448289,-2.895800354578226,-3.7643569946886966,0.005245695911503433,0.003923750967302127,0.0052934980707681845,-39.13666465162735,-121.81222911905525,508.90994504418654,6881.647537884422,0.0005513044668752185,53.00950117628775,359.42248541862966,267.50053133787077,324.23992315629954
15 Jul 2026 03:05:00.000000000,-3925.6588321785457,-3373.24267501211,-4530.260982104091,6.252906723870171,-2.6543080067596834,-3.4388477210761836,0.004796485450209776,0.004126404045696656,0.005557195657704383,-41.48515618738792,-118.14292938398863,509.63729076991325,6880.872199971532,0.0004472835737110581,53.00706146538042,359.4183368209855,273.1125121110381,322.4357332760631
15 Jul 2026 03:06:00.000000000,-3542.123749267731,-3524.962706974526,-4726.444652555454,6.5269272747425395,-2.4011900594500415,-3.0982372780873764,0.004326390004309589,0.004310830226733911,0.005796282029470349,-43.689455915833264,-114.19017022811096,510.3439418110916,6880.136618040866,0.0003426254111775548,53.004744748824365,359.4137933310327,278.9463195092385,320.40988270796663
15 Jul 2026 03:07:00.000000000,-3143.005008461735,-3661.174713223676,-4901.776231594656,6.7721770214039,-2.1375635575621956,-2.7440327831407383,0.0038374999859646245,0.004476249464238078,0.0060097443876252574,-45.727097448541926,-109.93133935435006,511.0176241875142,6879.453753496172,0.00023865519785335195,53.00259175065451,359.4088788444359,285.14654711468893,318.01774883808173
15 Jul 2026 03:08:00.000000000,-2730.061430285288,-3781.282819886697,-5055.486753805284,6.987591743008156,-1.864589852282769,-2.3777987507595184,0.003331977727151954,0.004621966662876483,0.006196684610575569,-47.573293011154476,-105.3498615851002,511.6468830877575,6878.835629946752,0.00013662509182613578,53.00064030306034,359.4036238066223,292.2540851864422,314.7184096844889
15 Jul 2026 03:09:00.000000000,-2305.1117551444067,-3884.762034605172,-5186.9026730201,7.172238844062745,-1.583469451450211,-2.001150145259124,0.0028120478561894017,0.004747373395762725,0.00635632142837017,-49.201418732116245,-100.4390024269479,512.2212788781169,6878.293122517717,3.8012656253963675e-05,52.998924677640254,359.3980646740429,306.2162852441633,304.56447962511146
15 Jul 2026 03:10:00.000000000,-1870.0266392734507,-3971.160438782885,-5295.448677260744,7.325320812518825,-1.2954367776647122,-1.6157453173787668,0.0022799878482493477,0.004851949263551656,0.006487992117947476,-50.583946870735595,-95.20621613515999,512.7315637233075,6877.83576781059,5.8349224503765486e-05,52.99747497983957,359.39224326898403,113.9733692559208,140.615700566411
15 Jul 2026 03:11:00.000000000,-1426.7204603733344,-4040.1010630805195,-5380.650077057361,7.4461781165858465,-1.0017548543103143,-1.2232788518417435,0.0017381187719963515,0.0049352629423555765,0.006591153782403976,-51.693899277545064,-89.67731525530733,513.1698360614402,6877.471597728569,0.00014852557814090282,52.99631661732421,359.38620603942337,124.57906153492902,133.8183104416581
15 Jul 2026 03:12:00.000000000,-977.1429661044072,-4091.283442412231,-5442.134762613548,7.534291552291059,-0.70370993670903,-0.8254743488662087,0.001188796235930059,0.004996972965949397,0.0066653842750837395,-52.50679098750673,-83.89928594417593,513.5296705765846,6877.206999947286,0.00023356554145096198,52.99546985171496,359.3800032371417,131.9893233901273,130.21630898919258
15 Jul 2026 03:13:00.000000000,-523.2707981050936,-4124.484847593829,-5479.634726486423,7.5892840534143255,-0.4026061032042949,-0.4240771593970979,0.0006344015214369151,0.005036828282700092,0.006710382822462579,-53.00286496735556,-77.94035268889972,513.8062217300924,6877.04660734309,0.0003128527295540574,52.99494944161447,359.3736880286704,138.99049663367424,127.02331470019406
15 Jul 2026 03:14:00.000000000,-67.09892339260307,-4139.561191638631,-5492.987149572848,7.6109219742800205,-0.09975981860676172,-0.020847090704520226,7.733287531360239e-05,0.005054668621634262,0.00672597039150036,-53.16923610827522,-71.88623664137803,513.9962993406328,6876.993218189307,0.00038610821326537945,52.994764383223554,359.3673155549776,145.9603097250472,123.86155914949394
15 Jul 2026 03:15:00.000000000,389.36799553540504,-4136.447609370251,-5482.135049092045,7.5991158538870565,0.20350551936322395,0.3824489034078998,-0.00048000307668253126,0.005050424694143859,0.006712089836409143,-53.00145867708693,-65.83259381438903,514.0984151390064,6877.047748409737,0.00045324841183552576,52.994917753094406,359.36094195657176,153.008575613317,120.62118964037471
15 Jul 2026 03:16:00.000000000,844.1242610302496,-4115.15870961543,-5447.127488039085,7.553920667296804,0.5058650413425401,0.7840440352852356,-0.0010351998417696222,0.005024118248826643,0.006668805847614783,-52.50409956129371,-59.87503302616942,514.1127996631435,6877.2092166402135,0.0005143599505113215,52.99540665574518,359.35462338139143,160.17707601212769,117.26038542113285
15 Jul 2026 03:17:00.000000000,1295.1718004505215,-4075.7884997682613,-5388.119346282666,7.475535567263282,0.8059978667538324,1.1821789874647874,-0.0015858595483576007,0.004975861986816341,0.006596304712011095,-51.69015251459985,-54.09914581249508,514.0413892991992,6877.474762304878,0.0005696765668607311,52.99622227698489,359.34841499305986,167.4813544126935,113.76356516030155
15 Jul 2026 03:18:00.000000000,1740.528795635109,-4018.509983018588,-5305.370654146109,7.3643031160098635,1.1025925550106714,1.5751091967081554,-0.002129601461768413,0.0049058593353593265,0.00649489388071773,-50.579461446908546,-48.572975198356694,513.8877837148855,6877.839696367258,0.0006195497053674439,52.99735004191506,359.3423699971449,174.92289685518594,110.12920665237915
15 Jul 2026 03:19:00.000000000,2178.2382510690345,-3943.574429048367,-5199.245489991857,7.220708004065077,1.3943525386517504,1.9611121059965304,-0.0026640705752855533,0.00481440406641107,0.006365001325921114,-49.196572180386276,-43.34331079222609,513.6571743689125,6878.297583877164,0.0006644119074019128,52.99876987471119,359.3365387026504,182.49341499422027,106.36556421075163
15 Jul 2026 03:20:00.000000000,2606.376469840491,-3851.3103195567533,-5070.210444077708,7.045375250393245,1.6800015285235441,2.3384943710334025,-0.003186946317171607,0.00470187973886632,0.006207174657482005,-47.56849824070134,-38.435784379241056,513.3562452143203,6878.840356906684,0.0007047340132034188,53.00045655548036,359.3309676353462,190.17668871464778,102.48882648427882
15 Jul 2026 03:21:00.000000000,3023.0614060582716,-3742.121970611447,-4918.83265181239,6.83906787590705,1.9582888795649058,2.7055990056715076,-0.0036959514040930917,0.004568758934198231,0.006022079958395292,-45.72278102725549,-33.85770388758751,512.9930471414956,6879.458455961635,0.0007409784513227999,53.00238016777227,359.3256987185749,197.94975114988145,98.52193183842033
15 Jul 2026 03:22:00.000000000,3426.4608618620705,-3616.4878345672655,-4745.777400548676,6.602684041015722,2.22799490373639,3.0608124479618137,-0.004188860857485393,0.0044156022482689595,0.0058105002890004274,-43.686041463822654,-29.60222928179376,512.576848125181,6880.140997473659,0.0007735519605666809,53.00450662872162,359.3207685359834,205.78410480416008,94.4933525931395
15 Jul 2026 03:23:00.000000000,3814.800496557588,-3474.9584851703717,-4551.805315246363,6.337253637302833,2.4879361142709424,3.4025715253504645,-0.004663511184274025,0.004243056998046768,0.005573333804738275,-41.48305278469818,-25.652718260270596,512.1179614453797,6880.875964530679,0.0008027618329744766,53.00679829234515,359.3162076891342,213.6472227487576,90.43559414186718
15 Jul 2026 03:24:00.000000000,4186.371614804835,-3318.154290495337,-4337.769129736454,6.043934323861784,2.7369703828232312,3.729370294086262,-0.0051178097059573786,0.0040518555986298705,0.005311591428160184,-39.1362593835771,-21.98652300130717,511.6275547386645,6881.6504175962355,0.0008287799433727154,53.009214615237866,359.31204026123,221.50435251897605,86.38339131972141
15 Jul 2026 03:25:00.000000000,4539.5387002474545,-3146.762779550885,-4104.610051933752,5.72400700031725,2.974001988398037,4.039766724324306,-0.005549744001313185,0.0038428135652178314,0.005026394015219549,-36.66562577632654,-18.57794204298622,511.11744299826483,6882.4507216091615,0.0008516182770877789,53.01171287282584,359.30828339628187,229.3204890757792,82.37173565299685
15 Jul 2026 03:26:00.000000000,4872.7466605576,-2961.53570973718,-3853.353733178194,5.378870711156193,3.197986534281028,4.332389198905057,-0.0059573914107441586,0.003616827097200663,0.004718968959656396,-34.08870170324655,-15.400313907572476,510.59986896962045,6883.262785550241,0.0008711184090274367,53.014248913461294,359.30494700103907,237.06230016087702,78.43395015787159
15 Jul 2026 03:27:00.000000000,5184.527749647426,-2763.2858438452795,-3585.1058539228507,5.010036979665577,3.4079357067062532,4.605942790543334,-0.0063389285318852,0.00337487020499435,0.004390646184317485,-31.42081147275246,-12.427380468358153,510.08727467509675,6884.072310319154,0.0008869556721673315,53.01677793700141,359.3020335747663,244.69977492541156,74.60004080590286
15 Jul 2026 03:28:00.000000000,5473.508132832001,-2552.883446936732,-3301.047340207263,4.619123574457842,3.6029218468233264,4.859215279355755,-0.006692640620653391,0.003117991346917457,0.0040428534774164014,-28.675302238801244,-9.634091441347397,509.59206803699664,6884.865040589883,0.0008986569761928109,53.01925528410657,359.29953816968316,252.20741708233155,70.89550340492792
15 Jul 2026 03:29:00.000000000,5738.41406107704,-2331.2525152046396,-3002.429227724663,4.2078477171448805,3.7820823057970467,5.091082870456218,-0.00701693079764638,0.002847309551512682,0.0036771111430072573,-25.863809216720774,-6.997011948802522,509.126388742525,6885.6270162098035,0.0009056297926866324,53.02163722233241,359.2974484825823,259.5648928130236,67.34067566451257
15 Jul 2026 03:30:00.000000000,5978.077621176955,-2099.3667507643927,-2690.567192767854,3.778018746043374,3.944623551694874,5.300515569902872,-0.00731032894976646,0.002564010011108814,0.003295025948970593,-22.99651337692441,-4.494464585753203,508.7018775987638,6886.34481868352,0.0009071989679555262,53.02388171517632,359.29574507587023,266.75713871697695,63.95062915789195
15 Jul 2026 03:31:00.000000000,6191.442029813955,-1858.2452982351888,-2366.835771872299,3.331530257684855,4.089824996271394,5.486582176703141,-0.007571500207871753,0.002269339143170295,0.0028982843702399,-20.08237911141612,-2.106503463853589,508.32945365116285,6887.005808338464,0.0009026478115501368,53.02594916056716,359.294401723905,273.77400809178704,60.73552289480859
15 Jul 2026 03:32:00.000000000,6377.566440990506,-1608.9482608776348,-2032.662294509225,2.8703517551252125,4.217042509941693,5.648454848963779,-0.007799252879669867,0.0019645991291111073,0.002488645142827028,-17.129366927493123,0.18521189168159607,508.0191032788904,6887.5983479076285,0.0008912602172764583,53.027803085853655,359.2933858784089,280.60956972454153,57.70130432687239
15 Jul 2026 03:33:00.000000000,6535.630238298983,-1352.5720159432171,-1689.5205556570966,2.3965198393937817,4.325711594156798,5.785413203660911,-0.00799254571430172,0.0016511419519717558,0.002067931159552773,-14.144620684496438,2.3975978826055053,507.77968532992764,6888.112008485859,0.0008723611958155228,53.02941078713839,359.29265924455456,287.261170709122,54.850646274491936
15 Jul 2026 03:34:00.000000000,6664.936785907702,-1090.2443506793322,-1338.9242574384596,1.9121289876228973,4.4153501820984555,5.896847911912161,-0.008150494382847295,0.0013303629683673662,0.0016380207570169875,-11.134631327542463,4.546355132532911,507.6187561155811,6888.537754116583,0.0008453539267327763,53.03074390180742,359.2921784575295,293.7283396935206,52.18404337568713
15 Jul 2026 03:35:00.000000000,6764.916614970539,-823.1194421250497,-982.4202511852885,1.4193219682413436,4.485561041052988,5.982263755037256,-0.008272377063721015,0.0010036940611210816,0.0012008384580002246,-8.105380268866831,6.646186939968725,507.5424177495441,6888.868101642348,0.0008097521226362845,53.03177890429876,359.2918958474802,300.0115442921786,49.701054326972205
15 Jul 2026 03:36:00.000000000,6835.130025392416,-552.3727053227651,-621.5816132405943,0.9202799498329813,4.536033752992239,6.041282111028379,-0.008357639036564274,0.0006725964313387781,0.000758345249309978,-5.062466049672144,8.711018756994145,507.55519289499154,6889.097252898227,0.0007652070630670483,53.03249751652052,359.2917602793761,306.1107194793708,47.40177310613011
15 Jul 2026 03:37:00.000000000,6875.269086447257,-279.19553588293496,-258.00058945840715,0.41721236567569703,4.566546253685909,6.073642846222536,-0.008405896202294079,0.0003385530980266684,0.0003125284875263249,-2.0112180197016465,10.754214524600217,507.65992848214574,6889.221196834166,0.0007115290886230163,53.03288702583804,359.2917180528975,312.0233180311455,45.288778115794194
15 Jul 2026 03:38:00.000000000,6885.159023605404,-4.789973872061665,106.71855531209378,-0.08765339964154852,4.576965915021332,6.079205592844103,-0.008416937466006448,3.0611817406943932e-06,-0.00013460846428429838,1.043199295603701,12.788788810665565,507.8577303895318,6889.237779709291,0.0006487036866103292,53.03294050518145,359.2917138465849,317.7412958048387,43.37014646569582
15 Jul 2026 03:39:00.000000000,6864.75898300843,269.6366832139793,470.96674551720673,-0.5920824318858126,4.567250159980886,6.0579503995114905,-0.008390725938326125,-0.0003323759452044198,-0.000581056758188037,4.095687588068759,14.82761556145627,508.14793045923915,6889.14674209835,0.0005769026492102224,53.03265693154427,359.2916916896025,323.2456301295078,41.6649351274496
15 Jul 2026 03:40:00.000000000,6814.162169265744,542.8772901622706,833.1373231619298,-1.0938427455513349,4.537446604806344,6.009977748600891,-0.008327398935763654,-0.0006662565556058658,-0.0010248126258201851,7.141118467118017,16.883635281624976,508.52808655554486,6888.949722072549,0.0004964914023560618,53.03204120092324,359.291595944121,328.494695536474,40.21480474010653
15 Jul 2026 03:41:00.000000000,6733.59535655642,813.7302580370709,1191.6332580938215,-1.5907157067505264,4.487692728109922,5.935507941341734,-0.008227266780201564,-0.0009970884236840808,-0.0014638878689066748,10.17423606156828,18.97006282367332,508.9940156965247,6888.650224551829,0.0004080353752679008,53.03110403956019,359.29137228111205,333.3953549926735,39.11292791129613
15 Jul 2026 03:42:00.000000000,6623.417777322536,1081.004924200711,1544.8743026189532,-2.0805063492132314,4.418215071930345,5.834879858485251,-0.008090810422409674,-0.0013233965543000663,-0.0018963201610233897,13.189555098881428,21.10059778049623,509.53985960828714,6888.253557458698,0.0003123153177219201,53.0298618131515,359.29096863251715,337.71524915828866,38.59169949994625
15 Jul 2026 03:43:00.000000000,6484.119397055762,1343.5268605628164,1891.3040534335767,-2.561053514102784,4.329327984826064,5.708549111142399,-0.007918677936396798,-0.0016437307022798033,-0.0023201830508688156,16.181250961080888,23.289638692906774,510.1581813903834,6887.766735920006,0.00021040116835578836,53.02833623746591,359.2903361031928,340.7234546389788,39.38207791756486
15 Jul 2026 03:44:00.000000000,6316.318587729571,1600.1430930121933,2229.3968849170788,-3.0302397477532104,4.221431921904886,5.557085602740779,-0.0077116799509794,-0.0019566726049158227,-0.0027335955656483087,19.14303810758581,25.552500735459045,510.84009135725535,6887.198356350935,0.00010425214040905064,53.026553995519244,359.28942982674886,338.56664700997965,45.33742167782136
15 Jul 2026 03:45:00.000000000,6120.759216243302,1849.727206014259,2557.664719254196,-3.486000895988632,4.095011321075838,5.381170528827856,-0.00747078410336161,-0.0022608428587551476,-0.003134731323895056,22.068033169492168,27.90563390185733,511.5753995505816,6886.558442800238,2.8541418246437612e-05,53.024546268072285,359.2882097503882,245.27070647620747,142.43188333689073
15 Jul 2026 03:46:00.000000000,5898.307167755627,2091.184307636953,2874.6636006003,-3.926335339253056,3.9506320786551834,5.181592846496339,-0.007197108615738408,-0.0025549073818278535,-0.0035218270808111012,24.94859905793126,30.366834457570647,512.3527919151719,6885.858268428647,0.0001288308466173104,53.02234818571429,359.2866413351415,195.19104631466598,196.3100806843387
15 Jul 2026 03:47:00.000000000,5649.946326940967,2323.4558317523033,3179.0000425269495,-4.349312819160092,3.7889386506710667,4.959245249399877,-0.006891915106201503,-0.002837583413494741,-0.0038931906437850495,27.776166763719353,32.95543580762395,513.1600267076103,6885.110155422156,0.0002439282397272387,53.01999821214574,359.28469615934483,194.63062792460093,200.6690813645711
15 Jul 2026 03:48:00.000000000,5376.774042960564,2545.524155819014,3469.337120230913,-4.75308281405847,3.610650808714667,4.71511968756939,-0.006556600754720902,-0.0031076450165957053,-0.004247208112730164,30.54103244136012,35.69245492164623,513.9841473702177,6884.327257002267,0.00035977970281828394,53.01753746945668,359.2823524148984,197.58522611727176,201.5131373017276
15 Jul 2026 03:49:00.000000000,5079.996106262593,2756.417014444288,3744.4002814069026,-5.135882428576126,3.416560080925269,4.450302473467157,-0.006192689948335607,-0.0033639280593229844,-0.004582350416628639,33.232129319173545,38.60065581646806,514.8117078568714,6883.523325480614,0.000474214711714617,53.0150090171925,359.2795952877557,201.4548254904558,201.44228808693035
15 Jul 2026 03:50:00.000000000,4760.921267246403,2955.2116907603013,4002.9828521746476,-5.496043769548537,3.207525909692571,4.165969016941277,-0.005801825530675313,-0.0036053346674389582,-0.004897179135473726,35.83677764062266,41.704471050756766,515.6290062431736,6882.712470512149,0.0005855072253857469,53.012457097790104,359.276417216041,205.66649344671262,201.02948777163124
15 Jul 2026 03:51:00.000000000,4420.95532815557,3141.038969631274,4243.9512171091565,-5.832000788247401,2.984471557786821,3.863378231823777,-0.005385759774972109,-0.0038308371492180027,-0.005190351612275295,38.340422184591134,45.029695043734094,516.4223223890817,6881.908911828394,0.0006920195843505977,53.00992636154043,359.2728180213853,210.0229275902696,200.4720573354091
15 Jul 2026 03:52:00.000000000,4061.594840772053,3313.086838457403,4466.249654796596,-6.142295575605209,2.7483797942337023,3.543866656299162,-0.004946345195214993,-0.004039481408384693,-0.005460625376895632,40.72637715273221,48.6028304703262,517.178155441924,6881.126730780863,0.0007921696622198624,53.007461084580974,359.268804911218,214.43837209220075,199.8557682383612
15 Jul 2026 03:53:00.000000000,3684.4204428654375,3470.6039233353495,4668.904813014518,-6.42558410387388,2.5002883899109984,3.208842327299955,-0.004485525296484421,-0.004230389870024412,-0.005706861916436275,42.97561361444172,52.44993652692249,517.8834570660521,6880.379624996558,0.000884442734186183,53.005104393535554,359.2643923520203,218.86943908452366,199.22402099908874
15 Jul 2026 03:54:00.000000000,3291.089866731314,3612.9026499793786,4851.029809859433,-6.680641413681085,2.241285451167032,2.8597784468738197,-0.00400532535207519,-0.004402763952902235,-0.005928029837871253,45.066645901228526,56.594809177853044,518.5258564520208,6879.68067034649,0.0009674130710457011,53.002897510300194,359.2596018157572,223.29137260193212,198.6015812783902
15 Jul 2026 03:55:00.000000000,2883.3306530159425,3739.3621204757205,5011.827949389857,-6.906366250324087,1.9725046174779768,2.498206875357519,-0.003507843279580997,-0.004555886129436154,-0.006123207478976954,46.97559899585002,61.056344930233664,519.0938733847214,6879.042094259592,0.0010397675734131256,53.000879030121276,359.25446140391625,227.68830226132962,198.00432627707872
15 Jul 2026 03:56:00.000000000,2462.9326026785575,3849.430698422041,5150.596042346484,-7.101785156912224,1.695120146561918,2.125711482672565,-0.0029952406696892786,-0.004689121618849103,-0.006291585029042595,48.67656342676971,65.84504197644787,519.5771159264766,6878.475064183616,0.001100329005146437,52.99908424553682,359.2490053557013,232.04864136252476,197.4438467622177
15 Jul 2026 03:57:00.000000000,2031.7399994508696,3942.628296311499,5266.727324273192,-7.266056034623961,1.4103419075857069,1.7439213853037754,-0.002469734002348427,-0.004801919760876571,-0.006432466223194485,50.142354845221575,70.95882174719868,519.9664595875937,6877.98949470831,0.001148077772336559,52.99754452795698,359.24327344892697,236.36260667081658,196.92992745740546
15 Jul 2026 03:58:00.000000000,1591.6436343581029,4018.5483602038653,5359.713964950098,-7.398471181950226,1.1194103001257125,1.3545040925236511,-0.0019335860672245256,-0.004893815119222935,-0.0065452696762477326,51.34577188073029,76.37872979930926,520.2542052049241,6877.593876529615,0.0011821716766774678,52.99628677766548,359.23731030401115,240.62065781543993,196.47210785983233
15 Jul 2026 03:59:00.000000000,1144.5726633096422,4076.8595476571127,5429.14916430027,-7.4984598251448356,0.8235911138245879,0.9591585817921795,-0.001389097585927398,-0.0049644283596544225,-0.006629529916071578,52.261365199611234,82.06553246687425,520.434213120679,6877.295130056434,0.0012019633064635237,52.995332951841895,359.23116460318033,244.81230154590202,196.08087823642592
15 Jul 2026 04:00:00.000000000,692.4863278838237,4117.307095748882,5474.728831075932,-7.5655901515645505,0.5241703409494388,0.5596083196065412,-0.0008385990176937837,-0.005013466944671376,-0.006684898172252238,52.867584019258274,87.95855849468407,520.5020116423893,6877.0984860462495,0.0012070149026993885,52.99469967885788,359.22488823844463,248.92494766181258,195.76882397862258
15 Jul 2026 04:01:00.000000000,237.3655688506607,4139.71387666044,5496.252841487158,-7.599570855984106,0.22244895179252566,0.1575942410740848,-0.0002844425155002892,-0.005040725680344796,-0.006711142967098552,53.14898272392558,93.97802269467493,520.4548781653042,6877.007395212606,0.0011971107265728513,52.994397965608975,359.21853540315027,252.94257652336674,195.55195840244517
15 Jul 2026 04:02:00.000000000,-218.7954385979946,4143.9811388425405,5493.625875661411,-7.600252207631486,-0.08026235905481448,-0.24513230103306405,0.0002710060125809283,-0.005046087142189496,-0.0067081505441934815,53.098028768334025,100.03127341502768,520.2918917467516,6877.023468278995,0.0011722672145451207,52.9944330030376,359.21216164291815,256.84395530976485,195.4515068202521
15 Jul 2026 04:03:00.000000000,-673.9977993216451,4130.088932222593,5466.857830404113,-7.567626642716011,-0.3826484488964914,-0.6468166087679571,0.0008253747902740191,-0.005029521998679489,-0.006675925158440374,52.716053682635476,106.02207173011394,520.0139563354086,6877.146447468747,0.0011327416190182603,52.99480407330019,359.2058228824965,260.60002663443913,195.49651826857857
15 Jul 2026 04:04:00.000000000,-1126.246434010927,4098.096216288385,5416.063807227949,-7.501828883837463,-0.6833950197271025,-1.045707725072487,0.0013762940669268156,-0.0049910892400349075,-0.006614589236779567,52.013079898948256,111.860768626177,519.6237942751281,6877.374209922125,0.001079040551665734,52.995504560273915,359.1995744454735,264.1698433599736,195.72793104228657
15 Jul 2026 04:05:00.000000000,-1573.5586078590757,4048.1406502302016,5341.463675078311,-7.403135584089219,-0.9811939219348993,-1.4400655256066914,0.0019214040782077708,-0.004930936310018982,-0.006524383405441544,51.006573513008526,117.47285009405041,519.1259101215261,6877.7028030266865,0.0010119312073348882,52.996522063302095,359.1934700839646,267.4939160488924,196.20522559187364
15 Jul 2026 04:06:00.000000000,-2013.9724234717773,3980.438064678207,5243.381207658071,-7.271964490132685,-1.2747484627497498,-1.828167807846675,0.002458363130898849,-0.00484929912751399,-0.006405666364936071,49.719465997934996,122.80403121720596,518.5265252297618,6878.126511140698,0.0009324608203832661,52.99783861228361,359.18756103521156,270.4827909181349,197.01784690919695
15 Jul 2026 04:07:00.000000000,-2445.5552489207334,3895.2816149723867,5122.24279579695,-7.108873115255019,-1.5627787121903132,-2.208317367438765,0.0029848558626588127,-0.004746501974714735,-0.006258914580831817,48.1779228113627,127.82143529732795,517.8334839919924,6878.6379526859355,0.0008419959910289682,52.99943098044601,359.18189512160666,272.99641326977667,198.30584142230614
15 Jul 2026 04:08:00.000000000,-2866.4120512169993,3793.04061638464,4978.575735969199,-6.914556910648309,-1.8440267975986748,-2.5788490495140914,0.003498601717646711,-0.004622957219661589,-0.006084721746284278,46.40928581586275,132.51161252521356,517.0561330219368,6879.22820609307,0.0007423079332730448,53.00127108943493,359.1765159099217,274.8046918672766,200.29929292364466
15 Jul 2026 04:09:00.000000000,-3274.6936047044214,3674.159062309875,4813.006096881491,-6.689846921068116,-2.1172621756742327,-2.9381367597167873,0.003997363665601867,-0.004479164832896336,-0.005883797962012654,44.44045170036505,136.8767347693215,516.20517499962,6879.886962605057,0.0006357667123744454,53.00332649973605,359.1714619445058,275.5074638768876,203.39835790594316
15 Jul 2026 04:10:00.000000000,-3668.6045429945434,3539.1538271836557,4626.256167068724,-6.4357069098192845,-2.381286868322333,-3.284600416202896,0.00447895717677164,-0.00431571165248112,-0.0056569685722465245,42.296769994989454,140.93024682874568,515.292499297895,6880.602703487728,0.0005258104762425753,53.00556097794477,359.1667660679418,274.3628541954025,208.34490647909797
15 Jul 2026 04:11:00.000000000,-4046.4112221487426,3388.6125567859667,4419.141487675438,-6.153229937813838,-2.634940645736809,-3.6167128199858567,0.004941259446170836,-0.004133270346405968,-0.005405172588669463,40.00141657320111,144.69285357596118,514.3309919096296,6881.362898769806,0.0004181558495831289,53.00793513104359,359.1624548411865,269.9155207160138,216.59427731136049
15 Jul 2026 04:12:00.000000000,-4406.449361909217,3223.19124967692,4192.567476085166,-5.843634382358393,-2.8771061370477624,-3.9330064169048056,0.005382218842851144,-0.003932598021015571,-0.005129460634279753,37.57513701309176,148.18927486286518,513.3343275738736,6882.15422424314,0.0003239751754042764,53.01040709665709,359.1585480734543,259.36853008814234,230.9434020347759
15 Jul 2026 04:13:00.000000000,-4747.131430976621,3043.6115347773443,3947.5256477932335,-5.50825938340328,-3.106713845749884,-4.232079920369027,0.005799864539406524,-0.0037145344235741495,-0.004830992338818482,35.0362433721217,151.445866693958,512.3167473541058,6882.962793106757,0.0002659583274714708,53.01293327725552,359.15505847025247,239.33504363760701,254.7791194450958
15 Jul 2026 04:14:00.000000000,-5066.953741680359,2850.6576515665697,3685.0894458975536,-5.148559708242442,-3.3227470441007587,-4.512604760073389,0.006192316256976744,-0.0034799996899953266,-0.004511033121931236,32.40076453651561,154.4890203599259,511.2928252422269,6883.774398341192,0.00027241614079105225,53.01546910548395,359.1519914058571,214.04407260731205,283.8724203334251
15 Jul 2026 04:15:00.000000000,-5364.503218977835,2645.1731409920844,3406.409689788557,-4.766100030038597,-3.52424651791783,-4.773331318281951,0.006557794044729716,-0.003229991595337296,-0.004170950309268528,29.682676070039662,157.34417823366422,510.2772276394244,6884.5747616626095,0.00033971742920433767,53.017969827223915,359.14934482444374,195.77836988729808,305.94055577909944
15 Jul 2026 04:16:00.000000000,-5638.46380859506,2428.057256977213,3112.7096570259587,-4.362548620991774,-3.7103151308089397,-5.013094912221025,0.00689462799364946,-0.0029655822705100645,-0.0038122085351180984,26.894160134084363,160.03529923284654,509.2844697882369,6885.349784733526,0.00043855520443800345,53.020391288654885,359.14710927174775,186.6075142935733,318.9139528436497
15 Jul 2026 04:17:00.000000000,-5887.622489362287,2200.2611103223016,2805.279814957913,-3.9396704673242775,-3.880122175007364,-5.2308214787767815,0.007201267772614795,-0.0026879143594776807,-0.003436364399893642,24.045865517972466,162.58463189598106,508.3286733894928,6886.085798208328,0.0005487143536540497,53.02269071348552,359.14526805689854,182.93845875097406,326.38566631082875
15 Jul 2026 04:18:00.000000000,-6110.874855439839,1962.783558807413,2485.4722213193086,-3.4993198203619786,-4.032907474733362,-5.425532916198673,0.007476291862857396,-0.002398196601945406,-0.0030450603653680353,21.147151551395666,165.01268648756212,507.4233297225344,6886.769804169868,0.0006603894597755238,53.02482745666708,359.1437975417424,182.25119785503097,330.8757109988974
15 Jul 2026 04:19:00.000000000,-6307.230235219352,1716.6668593625748,2154.6946157854427,-3.04343220563425,-4.167985207478877,-5.596352036984,0.007718416360098614,-0.002097698839150119,-0.0026400178875633554,18.206308602448306,167.33832879691823,506.5810725891999,6887.389707574141,0.0007684334819349208,53.026763721287814,359.142667552771,183.25700966377153,333.67281979634436
15 Jul 2026 04:20:00.000000000,-6475.816315239616,1462.992100252177,1814.4042271939975,-2.5740159198760932,-4.28474740885755,-5.742507086640483,0.007926503210728424,-0.0017877464538767357,-0.0022230298052613525,15.230753284408731,169.57894345707942,505.8134653139899,6887.9345324652695,0.0008696697074045804,53.028465225966556,359.1418419085307,185.2941974336477,335.43870170985804
15 Jul 2026 04:21:00.000000000,-6615.883239495656,1202.8744332466863,1466.1013238185728,-2.0931430538282276,-4.382667127737365,-5.86333578463714,0.008099567748708954,-0.0014697142693912383,-0.0017959520201356772,12.2271995567713,171.75063326271572,505.13080585057344,6888.394618953256,0.000961873591165042,53.029901810911404,359.14127905341604,188.002150575546,336.53398065244414
15 Jul 2026 04:22:00.000000000,-6726.807157028636,937.4581277105623,1111.3225366150887,-1.6029400865587955,-4.461301200264369,-5.958288846562334,0.008236785407122117,-0.0011450199460882032,-0.0013606945231529317,9.201808486695944,173.86843407372564,504.5419537664721,6888.76179726032,0.0010433732160923435,53.03104797186627,359.1409327867733,191.17176801317834,337.1677717940278
15 Jul 2026 04:23:00.000000000,-6808.09319365331,667.9114703368613,751.6339877047869,-1.1055781043961892,-4.520292614091318,-6.0269329502765805,0.008337497485320505,-0.0008151169271161882,-0.0009192118382448458,6.160320141980153,175.94653375513388,504.0541825054846,6889.029535534835,0.0011128815715063549,53.03188331242115,359.1407530746059,194.67514267223828,337.4679967514915
15 Jul 2026 04:24:00.000000000,-6859.377827066103,395.42153589092067,388.62425844334507,-0.6032627042426659,-4.559372437576465,-6.068953113601433,0.008401215868774587,-0.0004814869967818326,-0.00047349297054266853,3.1081713106917377,177.9984894163715,503.6730598669663,6889.193058597876,0.0011694217789129295,53.032392906586246,359.14068692962866,198.4305631398051,337.5163815846157
15 Jul 2026 04:25:00.000000000,-6880.430648337519,121.18885571815913,23.89723320074567,-0.09822364679345287,-4.578361292847473,-6.0841544567138675,0.00842762661392334,-0.00014563252554945368,-2.5550959504413817e-05,0.05060273170489775,-179.96255908700266,503.40235910079747,6889.249435317506,0.0012122917082262833,53.032567565104074,359.1406793442276,202.38403632264811,337.36693377571424
15 Jul 2026 04:26:00.000000000,-6871.15549686411,-153.57798808894577,-340.93514360740727,0.4072956701631374,-4.57717035632136,-6.072463328774854,0.008416592331428543,0.0001909315159590851,0.0004225878518504998,-3.007240578046215,-177.92367916022118,503.24400241063955,6889.197632890428,0.0012410455312845026,53.03240400066524,359.1406742598502,206.49899893175612,337.0562303724797
15 Jul 2026 04:27:00.000000000,-6831.590960168329,-427.6678141441333,-704.2601586766702,0.9110488448187054,-4.555801875412373,-6.033927785241061,0.00836815332216797,0.0005266856852573256,0.000868894712547026,-6.060212415060681,-175.87193746914684,503.1980380003281,6889.0385369359465,0.0012554820543369848,53.03190488898072,359.14061555576524,210.7503191363328,336.6094159579025
15 Jul 2026 04:28:00.000000000,-6761.910234407964,-699.8723095909959,-1064.471630001619,1.4107971352410744,-4.514349195598059,-5.968717409597879,0.00828252744606041,0.0008601142463759554,0.001311349400586142,-9.103068473806049,-173.79419183400364,503.2626511075885,6888.774936959255,0.0012556349384830385,53.03107882450459,359.14044803966647,215.12066217078396,336.0438366709731
15 Jul 2026 04:29:00.000000000,-6662.420346009178,-968.9914848697083,-1419.97717678242,1.9043200780022511,-4.452996297600162,-5.877122480706682,0.008160108725806657,0.0011897133047419762,0.0017479510768458808,-12.130365995347564,-171.6768809088419,503.43420876544803,6888.411477406868,0.0012417623526713572,53.029940171473214,359.14011842259265,219.5982198563088,335.371310323807
15 Jul 2026 04:30:00.000000000,-6533.560739379223,-1233.839086145071,-1769.2054200248836,2.3894259863578466,-4.3720168500091185,-5.759552494366586,0.008001464714211124,0.0015139988068944756,0.0021767289340582424,-15.136356485490877,-169.50581010322887,503.7073373341128,6887.954575197628,0.0012143348159422095,53.02850881278865,359.13957626084465,224.1752623481979,334.59957431120677
15 Jul 2026 04:31:00.000000000,-6375.901240101275,-1493.2479366015596,-2110.613075531353,2.8639622551447723,-4.271772788080017,-5.616534054843846,0.007807332674670075,0.0018315143171980695,0.0025957525248958262,-18.11486789888861,-167.26593346976418,504.07503117553904,6887.412305256743,0.0011740206348672543,53.026809801096896,359.1387748481856,228.84720918386333,333.733214244498
15 Jul 2026 04:32:00.000000000,-6190.13940728177,-1746.0751786048475,-2442.6919021182002,3.325825403248493,-4.152712434504075,-5.44870815881907,0.007578614648105141,0.002140838490742758,0.00300314166268549,-21.05917257791518,-164.94113352601897,504.52879021762027,6886.7942561899035,0.0011216687167970268,53.02487291815959,359.1376720424271,233.61204834553962,332.7742446021827
15 Jul 2026 04:33:00.000000000,-5977.097292733234,-1991.2073898223157,-2763.9754694155927,3.7729707893905466,-4.0153681825716845,-5.256826900263441,0.0073163714962480265,0.002440592169925996,0.003397075799698997,-23.961837212777475,-162.5140046585874,505.0587835913453,6886.111358797683,0.0010582887725383379,53.02273215026081,359.13623101167786,238.47001091271025,331.72243382832625
15 Jul 2026 04:34:00.000000000,-5737.7176283635235,-2227.565547748093,-3073.0457114684054,4.203421942926979,-3.8603537661693306,-5.041749630020802,0.007021816028918412,0.002729445043456143,0.003775802803222891,-26.814551299159824,-159.96565155180627,505.6540360364595,6885.3756906341405,0.0009850290778294414,53.02042508889724,359.1344208869533,243.42346434307893,330.5754108452206
15 Jul 2026 04:35:00.000000000,-5473.0594664531845,-2454.1098186466743,-3368.5392345101236,4.6152794581149905,-3.688361144399879,-4.804438608216042,0.006696305332979522,0.0030061218179805054,0.004137647064936662,-29.60793125741166,-157.27552294135808,506.30263336959854,6884.600260248209,0.0009031520743526478,53.01799226734444,359.1322173094496,248.47704026717108,329.32853709987785
15 Jul 2026 04:36:00.000000000,-5184.293300385008,-2669.844148690437,-3649.153349668518,5.006729407680876,-3.5001570311994596,-4.545954190938892,0.006341332430441949,0.00326940786620659,0.004481016897578034,-32.331298938454694,-154.42131412041715,506.991943000101,6883.798775103551,0.0008140081767015595,53.015476444846435,359.1296028627333,253.63808751687884,327.9744534278724
15 Jul 2026 04:37:00.000000000,-4872.695695824178,-2873.8206369434365,-3913.6518039202624,5.37605123923571,-3.296579102117444,-4.267449594912116,0.005958517394808163,0.0035181543282903033,0.004804411189969029,-34.97243628504997,-151.37899035228708,507.7088452664936,6882.985397446113,0.0007190082251132086,53.01292185112224,359.12656738207994,258.91768652632845,326.50206559908565
15 Jul 2026 04:38:00.000000000,-4539.643464291653,-3065.1436718257173,-4160.870185291514,5.721625125917759,-3.0785319113884535,-3.9701652850120093,0.005549598055839889,0.003751282657131478,0.005106425310112549,-37.5173233257458,-148.12300867678064,508.43997125020735,6882.1744925755565,0.0006195951026269104,53.01037340460188,359.1231081354161,264.33280493958273,324.8943887130415
15 Jul 2026 04:39:00.000000000,-4186.607412634055,-3242.973814652006,-4389.720980961461,6.041938750216738,-2.8469825526516543,-3.6554230296812142,0.005116420418078917,0.003967788611654739,0.005385756263771987,-39.94987562112009,-144.62684718216337,509.1719426993699,6881.380374075941,0.0005172151613540104,53.00787591828166,359.11922987256133,269.91111446035165,323.1237304091428
15 Jul 2026 04:40:00.000000000,-3815.145702814806,-3406.531415910853,-4599.198269711125,6.335593507317806,-2.602956096017807,-3.3246196682920606,0.004660928906813306,0.004166745712120308,0.0056412071291690865,-42.25171107578592,-140.86398485734682,509.89160975867617,6880.617050572683,0.00041329041906092796,53.00547330731749,359.1149447419147,275.702991975451,321.1396898609596
15 Jul 2026 04:41:00.000000000,-3426.8968572162607,-3555.0999517897244,-4788.382032660915,6.601310120761174,-2.3475308330398743,-2.979220632872605,0.004185156548330487,0.004347308184997928,0.0058716908063465014,-44.40199564520248,-136.80950095270342,510.5862823423881,6879.897978511121,0.00030919363824389386,53.00320781244848,359.11027207600375,281.8169807866696,318.83369671815615
15 Jul 2026 04:42:00.000000000,-3023.5724447928437,-3688.0290703577084,-4956.442068803336,6.8379336691328385,-2.081833359258284,-2.620753263998398,0.003691215171210407,0.004508713430676289,0.006076233127039552,-46.377442405949026,-132.4424581789219,511.2439511981244,6879.235825300174,0.00020623440646405568,53.001119253064374,359.1052380497065,288.5573773705953,315.9014245748965
15 Jul 2026 04:43:00.000000000,-2606.9494833762087,-3804.737338507468,-5102.641504119601,7.04443802730036,-1.8070335217425695,-2.2507999575611226,0.0031812857018646045,0.004650284055981665,0.006253975382407041,-48.15256469546143,-127.74916206138532,511.8534949783048,6878.642246939289,0.00010571977041882415,52.999244323200045,359.0998752171937,297.3189398861791,310.94808274192167
15 Jul 2026 04:44:00.000000000,-2178.8625930936914,-3904.714682332729,-5226.339885181944,7.219929729488851,-1.524339256440978,-1.8709911755866986,0.0026576086068434866,0.0047714295159998095,0.00640417632901813,-49.70030126210899,-122.72720196803907,512.4048699536297,6878.127683955065,1.3378356328009731e-05,52.99761594297442,359.09422193589455,352.4117749328228,259.6635298155307
15 Jul 2026 04:45:00.000000000,-1741.1959352531062,-3987.5245150331366,-5326.995850052381,7.363651264164291,-1.234991337321818,-1.4829983504313844,0.0021224745174185065,0.0048716474139454,0.00652621373881045,-50.99312113747357,-117.38984363480998,512.8892793594451,6877.701179122143,8.632032778382112e-05,52.9962626769958,359.0883216876887,116.20346278797636,139.6801488103423
15 Jul 2026 04:46:00.000000000,-1295.8749705881073,-4052.8055476287404,-5404.16937088201,7.474983812117421,-0.9402580565898659,-1.088526708060939,0.001578215050595343,0.004950524503280501,0.0066195855524561085,-52.004654525635644,-111.76988953983039,513.2993197509965,6877.3702200407615,0.0001743209909987818,52.99520823005675,359.0822223094519,126.19211254406214,133.49979242924067
15 Jul 2026 04:47:00.000000000,-844.8580697325752,-4100.273278904991,-5457.523564132385,7.553449439682126,-0.6414298523369748,-0.6893080321895939,0.0010271938261762874,0.0050077374386545675,0.006683910698378649,-52.71176731618486,-105.9217135079559,513.6291021514877,6877.140609197247,0.00025708333531869037,52.99447102905523,359.075975146632,133.8130747443269,129.68707086621083
15 Jul 2026 04:48:00.000000000,-390.1280083482929,-4129.721161851511,-5486.826065464515,7.598712758304025,-0.3398138976655755,-0.2870933879780747,0.0004717976608133947,0.005043053312452171,0.006718929626239086,-53.09681577863084,-99.92011171539919,513.8743461981858,6877.016363652199,0.00033405338602437366,52.99406389853391,359.0696341449817,141.00355639492574,126.3047372570188
15 Jul 2026 04:49:00.000000000,66.31662145873042,-4141.021444660882,-5491.949967406286,7.610582060258774,-0.036728663102217556,0.11635417897197851,-8.55720915786934e-05,0.005056330010170757,0.006724504598762727,-53.14964992114806,-93.85519481374754,514.0324459241248,6876.999645993396,0.00040501028234105676,52.99399383555222,359.0632548965583,148.13203034675183,122.98427877736337
15 Jul 2026 04:50:00.000000000,522.4700522943457,-4134.125684997908,-5472.874318757712,7.589009938108187,0.2665015375486059,0.519266954757168,-0.0006425080948168054,0.005047516407468368,0.006700619771585383,-52.86888054245141,-87.82377846839577,514.1025062499912,6877.090727661375,0.0004699317634918935,52.994261887829396,359.0568936570084,155.31826451957622,119.60588790834001
15 Jul 2026 04:51:00.000000000,976.3280044453227,-4109.064936818177,-5429.684185444245,7.534093392774851,0.5685520089014776,0.9198798683624989,-0.0011966055289921267,0.0050166524241354185,0.006647381080511726,-52.26206047931011,-81.9191075569585,514.0853497010063,6877.287985215482,0.0005289617960245859,52.99486313724935,359.0506063515571,162.61007635854537,116.12170847142282
15 Jul 2026 04:52:00.000000000,1425.8963401144292,-4065.949609531372,-5362.570273210456,7.446073432109284,0.8681031348100979,1.3164377905153026,-0.0017454705840207858,0.004963868938347438,0.0065650159395680184,-51.34472742089878,-76.22147768186578,513.9834933041399,6877.587929561698,0.0005823828195727133,52.995786788939704,359.04444758740146,170.02569512909278,112.51347381911191
15 Jul 2026 04:53:00.000000000,1869.1996783800741,-4004.9689998058157,-5271.828113211834,7.325334158748033,1.1638458298279664,1.707202808690903,-0.0022867289986680515,0.004889387556246039,0.006453872742079124,-50.13857833415698,-70.7919201385884,513.8010960604511,6877.985267618994,0.0006305825621244976,52.997016364254456,359.0384696899821,177.56720541712374,108.77906380663929
15 Jul 2026 04:54:00.000000000,2304.289940176197,-3926.3904968326997,-5157.856812261566,7.172401343149078,1.45448697219503,2.090461465834869,-0.002818034690794046,0.004793520220401934,0.006314420141728315,-48.669239947979435,-65.66985698411182,513.5438778243433,6878.472995365082,0.000674014265181175,52.9985299941433,359.03272178022297,185.22566921361965,104.92738315807041
15 Jul 2026 04:55:00.000000000,2729.2547922436297,-3830.558462447997,-5021.157370270616,6.987940475166057,1.7387548080169144,2.4645319486854924,-0.003337078516764139,0.004676668633319345,0.0061472460807926186,-46.9641005298349,-60.87427808512027,513.2190108534458,6879.04252068042,0.0007131515590050187,53.00030080761,359.0272489090296,192.98354608048683,100.97594172277601
15 Jul 2026 04:56:00.000000000,3142.2259585336956,-3717.8927881766595,-4862.330568326649,6.772754285588892,2.0154043145923604,2.8277712092370257,-0.0038415971855936372,0.004539323462488982,0.005953056520170009,-45.05052438843744,-56.40718519639614,512.8349857183488,6879.683813910645,0.0007484406436905653,53.00229740827877,359.02209126434076,200.81633024307018,96.94921777012978
15 Jul 2026 04:57:00.000000000,3541.3873669694276,-3588.8871320501257,-4682.074431928216,6.527779727918571,2.2832225086963116,3.178581999991582,-0.004329382340489239,0.0043820632894372375,0.005732673820642321,-42.954584031056015,-52.25793600375338,512.4014536759994,6880.385583596669,0.0007802534807797772,53.00448443053541,359.01728346466956,208.69414593079068,92.87706299481471
15 Jul 2026 04:58:00.000000000,3924.9830988610292,-3444.1068389705656,-4481.181275152957,6.254084410398059,2.5410336831750038,3.5154198003570167,-0.0047982898027094335,0.004205553258724669,0.005487034716660119,-40.70029619091034,-48.40746039923908,511.9290480105649,6881.135474386889,0.000808846276392512,53.00682316531157,359.0128539515557,216.58355491769504,88.79289527548399
15 Jul 2026 04:59:00.000000000,4291.32510767185,-3284.186549478074,-4260.534333011842,5.952862469102236,2.78770455254961,3.836799608023221,-0.00524624895612562,0.0040105433825141585,0.0052171878238448125,-38.30926643185648,-44.83178588367435,511.4291872246652,6881.920283754429,0.0008343274358915143,53.00927224436362,359.00882449151067,224.44957036124939,84.73168508374839
15 Jul 2026 05:00:00.000000000,4638.800673324041,-3109.8275030130703,-4021.1039909327064,5.6254298747468345,3.0221492856235876,4.141302565574067,-0.005671272232146362,0.00379786645560524,0.0049242906211152395,-35.80062348260635,-41.50468957765112,510.9138633153182,6882.726193800289,0.0008566383025983792,53.01178837088189,359.00520979617124,232.25772022505015,80.72789225397706
15 Jul 2026 05:01:00.000000000,4965.879557862935,-2921.794543174558,-3763.9436222218455,5.2732191688359515,3.2433344004450873,4.427582389153404,-0.006071464636459462,0.0035684355384097218,0.0046096058520605976,-33.19113553330344,-38.3995255561408,510.395418684456,6883.539014138666,0.0008755484853538979,53.01432708347026,359.00201726717575,239.97593804459885,76.81357535184664
15 Jul 2026 05:02:00.000000000,5271.120828152966,-2720.9128340267644,-3490.185046456802,4.897773628782006,3.4502834945683047,4.694371562886679,-0.006445033241850155,0.0033232409702081806,0.004274497297479559,-30.495425660031017,-35.49037878350275,509.8863155044897,6884.344431639934,0.0008906657636367426,53.0168435399701,358.9992468701233,247.57607052227644,73.0168841535485
15 Jul 2026 05:03:00.000000000,5553.179311400644,-2508.064298201134,-3201.0336240404295,4.5007408666297355,3.6420817814903477,4.940487260142209,-0.006790296556959541,0.0030633468824034457,0.003920424880980094,-27.726229567477777,-32.752717837671014,509.3989015752147,6885.128262654719,0.0009014588574084288,53.019293307280854,358.99689113964024,255.03486138207836,69.36107580413241
15 Jul 2026 05:04:00.000000000,5810.811649760362,-2284.183789336492,-2897.7630045583865,4.083865871859904,3.8178804025590054,5.164836950758508,-0.0071056936662162225,0.0027898871894582716,0.0035489390808463727,-24.89466028753985,-30.163699222738106,508.94517686033305,6885.876703266792,0.0009072901186712419,53.021633143251236,358.994935315319,262.3343673430122,65.86409879614142
15 Jul 2026 05:05:00.000000000,6042.881921106984,-2050.255013285992,-2581.7095490857055,3.648983515289768,3.9769004826339978,5.36642365220117,-0.007389793028063292,0.002504061046596056,0.003161674636644993,-22.010460012407744,-27.702242997964337,508.53656497012787,6886.576573124223,0.0009074546175002062,53.023821756883606,358.99335760591083,269.46185128720055,62.53869969354846
15 Jul 2026 05:06:00.000000000,6248.366794306835,-1807.3062144313217,-2254.266449129455,3.198010538110129,4.118436897452824,5.544350782354984,-0.0076413008106951275,0.002207127774380008,0.002760343554072832,-19.082229552003145,-25.348966455296257,508.18369385404867,6887.2155484827235,0.000901222126966804,53.02582053350528,358.9921295769878,276.4092559255655,59.39294930015752
15 Jul 2026 05:07:00.000000000,6426.360188990903,-1556.4056453699652,-1916.8775674168965,2.7329370574025695,4.241861721035308,5.697826572376763,-0.007859068643541018,0.0019004012633703975,0.0023467274289967793,-16.117632274273433,-23.08603515345676,507.8961898764967,6887.782380261445,0.0008878789858135693,53.027594212204015,358.9912166550419,283.1723796905168,56.43106654602962
15 Jul 2026 05:08:00.000000000,6576.077411952687,-1298.6568401046882,-1571.0310281822763,2.255817626807198,4.346627322618567,5.826167999771292,-0.008042100662621432,0.001585243884272162,0.001922669127851412,-13.123573054783863,-20.896969907508684,507.6824892670102,6888.267093159915,0.0008667675140885475,53.02911150369076,358.990578739034,289.74985846863757,53.65443648280783
15 Jul 2026 05:09:00.000000000,6696.858744840121,-1035.1937126478633,-1218.252586909156,1.7687618981361977,4.4322690845302954,5.928804204605784,-0.00818955973449939,0.001263059942180482,0.0014900638790251578,-10.106354704516438,-18.766433604073768,507.54967066168547,6888.661162211701,0.0008373213857907952,53.03034563782312,358.9901709084801,296.1420095439802,51.06276602201802
15 Jul 2026 05:10:00.000000000,6788.172460773598,-767.1755045877178,-860.0988115908876,1.273924936395737,4.498407715075995,6.005279355509857,-0.008300772753346609,0.0009352887254315766,0.0010508498453111297,-7.071815250472269,-16.680011666284386,507.50331208764374,6888.957663551753,0.0007990960042021032,53.03127483127796,358.9899442155399,302.3495200812681,48.65539509246449
15 Jul 2026 05:11:00.000000000,6849.617250859342,-495.78160662702044,-498.15010942195994,0.7734972466719405,4.544751133872423,6.055254936743319,-0.008375234917395233,0.0006033972103407781,0.0006069982616216646,-4.025449767362442,-14.623993359227924,507.54737529238133,6889.151396641387,0.0007517934328691318,53.03188266728013,358.9898465470641,308.3718476822433,46.43289568954618
15 Jul 2026 05:12:00.000000000,6880.924045237128,-222.20628033143646,-134.00363438206523,0.26969457643498634,4.5710959110366725,6.078511433043087,-0.00841261290888529,0.0002688724928850418,0.0001605032345344296,-0.9725204865804423,-12.58515687352467,507.6841197945219,6889.238975721037,0.0006952818195446043,53.032158380849076,358.9898235414505,314.2049937437254,44.39929809450755
15 Jul 2026 05:13:00.000000000,6881.957217238301,52.34669268522584,230.73388762442295,-0.2352524391418271,4.577328246126576,6.074949395045743,-0.008412746919706605,-6.678597421663047e-05,-0.00028662869027838207,2.0818411862165624,-10.55055849026443,507.91404844258466,6889.218888832459,0.0006296095719405255,53.03209704468982,358.98981954414245,319.8378639135904,42.56572997442743
15 Jul 2026 05:14:00.000000000,6852.715163372828,326.66940621928853,594.4533785861265,-0.7391087184232564,4.563424477612591,6.044589874658875,-0.008375651487277685,-0.00040207425506536037,-0.0007323890799954088,5.132537230671727,-8.507324592821119,508.23588563091425,6889.091523360111,0.0005550149416860145,53.03169965259858,358.9897785850194,325.2453032377978,40.95738077711085
15 Jul 2026 05:15:00.000000000,6793.330256132643,599.5552412582272,955.5506352504906,-1.2396451891630242,4.529451118801197,5.987574226640628,-0.008301515125085509,-0.0007354918277120217,-0.0011747781696060317,8.17440671843247,-6.442444521540477,508.64658865195975,6888.85915766879,0.00047193253189958925,53.03097309904758,358.98964536053614,330.37259997974667,39.62899744707664
15 Jul 2026 05:16:00.000000000,6704.068170916676,869.8042656843605,1312.4335251188315,-1.7346491868554614,4.4755644213827,5.904163279649384,-0.008190698758876548,-0.0010655494173080276,-0.0016118153034813472,11.202127262168872,-4.342562092616658,509.1413919821509,6888.525919051546,0.0003810010193780245,53.02993005542589,358.9893662034591,335.0948094804375,38.70556010166763
15 Jul 2026 05:17:00.000000000,6585.326592667529,1136.2285937279046,1663.5291140571785,-2.2219347246865047,4.402009472990542,5.794735886944943,-0.008043732998423599,-0.0013907766794161002,-0.002041549149833823,14.210110762434232,-2.1937639810804317,509.71388362264855,6888.097708830274,0.0002830885034200486,53.028588745212375,358.9888900232602,339.0837553207117,38.51528041344274
15 Jul 2026 05:18:00.000000000,6437.63331198293,1397.657677533404,2007.2906888162731,-2.6993525667210427,4.3091188401885665,5.659786873564746,-0.00786131429882375,-0.0017097296521650439,-0.002462067580963738,17.192389915991576,0.018635816003617037,510.35611196587047,6887.582096060103,0.00017943055507292773,53.026972622111245,358.98816920076194,341.1891891051162,40.20844138650741
15 Jul 2026 05:19:00.000000000,6261.643724447672,1652.9435040395967,2342.204638944046,-3.164800039752685,4.197310773000718,5.4999244029773315,-0.00764430008432509,-0.0020209979024403356,-0.0028715071211539967,20.142491840164478,2.3103143447837877,511.05872105137803,6886.988181863102,7.313032985422812e-05,53.02510995686369,358.9871604214977,333.28095332239576,51.915234078667545
15 Jul 2026 05:20:00.000000000,6058.137750657976,1900.9656714620314,2666.797164111416,-3.6162305241354122,4.067086991343335,5.315866791763361,-0.007393702924540479,-0.002323211299883111,-0.0032680618759398836,23.05329510997446,4.69815667565826,511.81111152616984,6886.326436945674,5.2956195924244106e-05,53.02303334002665,358.9858254332621,211.23759460135648,177.75714395708943
15 Jul 2026 05:21:00.000000000,5828.016197813145,2140.636321012104,2979.6407747196263,-4.051662569772898,3.9190300773903832,5.108438805646097,-0.007110683867712334,-0.002615046362907612,-0.003649991870546927,25.91686661981697,7.200462326484318,512.6016241479435,6885.608515325733,0.000163420273271498,53.02077910946069,358.9841317147399,194.94549621348224,197.84781804196578
15 Jul 2026 05:22:00.000000000,5572.2965867841185,2370.904901014826,3279.360555763561,-4.469188590038252,3.7538005009182878,4.878567474073029,-0.0067965450463172645,-0.0028952321325260563,-0.004015630740933761,28.72427517475942,9.83712431039913,513.4177422752773,6884.847047703641,0.0002791505317810472,53.018386712564514,358.98205304359954,195.94155293000392,200.65038973571853
15 Jul 2026 05:23:00.000000000,5292.108471191122,2590.762742286619,3564.6401662362687,-4.866983093532115,3.572133306961386,4.627277463454185,-0.0064527216766507795,-0.003162555542196574,-0.004363392737549217,31.465379922950945,12.629752555618978,514.246309482388,6884.055418245405,0.00039487040964280673,53.01589801441591,358.97956995424346,199.21832474508,201.17232483056836
15 Jul 2026 05:24:00.000000000,4988.688277210052,2799.247425438251,3834.2275488207365,-5.243310421013086,3.374834496633282,4.355686051039265,-0.006080773577585855,-0.0034158662649493624,-0.004691779019282956,34.128594182916125,15.601696925278617,515.0737582216892,6883.247528805869,0.0005086164021271718,53.01335656390511,358.97667007726574,203.18699392614553,201.0024642371494
15 Jul 2026 05:25:00.000000000,4663.3736945944665,2995.4469226340507,4086.940327133967,-5.596531962284114,3.1627771327262297,4.0649977422863275,-0.005682376332370584,-0.0036540810320892635,-0.004999383232474705,36.700629671321856,18.777902294976865,515.8863453340265,6882.437554799335,0.0006186896614728897,53.01080683066594,358.97334835481473,207.4305857597805,200.55780306835098
15 Jul 2026 05:26:00.000000000,4317.5976506144225,3178.5034982847487,4321.670870430818,-5.925112835203798,2.9368972016359174,3.756498574333145,-0.005259312210730272,-0.003876187429254406,-0.005284896385012182,39.16623365979896,22.184498875833377,516.6703901718122,6881.639697025177,0.0007234649865077013,53.008293426105794,358.9696071281246,211.79296537278879,199.99449370141193
15 Jul 2026 05:27:00.000000000,3952.8818996522227,3347.61735492179,4537.3910080665955,-6.227628015665315,2.698189262535513,3.4315501472256282,-0.004813460962906724,-0.004081247188523941,-0.005547111042622797,41.50794345546707,25.847997509898562,517.4125111473537,6880.867933777978,0.0008213767350641599,53.00586032210514,358.9654560957544,216.20267731274038,199.3840061337736
15 Jul 2026 05:28:00.000000000,3570.8302614939294,3502.050012431035,4733.156378620946,-6.502767913846031,2.447701913236775,3.0915834224412193,-0.004346790581720468,-0.004268399003802439,-0.005784924885655691,43.70589996610711,29.793929813775893,518.0998566417301,6880.13577751828,0.0009109342982119877,53.00355008099021,358.96091214327146,220.62216849348357,198.76390502826487
15 Jul 2026 05:29:00.000000000,3173.121541602861,3641.12741045566,4908.110400785271,-6.749343397315092,2.186533100329563,2.738092325683182,-0.00386134811569345,-0.0044368609052642645,-0.005997343675733805,45.737785136779785,34.04476431244724,518.720326397575,6879.456040255048,0.0009907443865543087,53.0014031101845,358.95599904739413,225.02928144411302,198.15635650774448
15 Jul 2026 05:30:00.000000000,2761.5021664508067,3764.2427253871433,5061.487855288355,-6.966290266121266,1.9158252988120292,2.372627187644307,-0.003359250600240151,-0.00458593223625502,-0.006183483691600562,47.57897422340008,38.61697345935451,519.262779764035,6878.840611600611,0.0010595345140242919,52.99945695451488,358.95074705971325,229.4093125446713,197.57607001416142
15 Jul 2026 05:31:00.000000000,2337.7785665589104,3870.8588947996614,5192.618069059433,-7.152673188410818,1.6367605837401327,1.9967880527961472,-0.0028426761531586834,-0.004714995277585618,-0.00634257369512989,49.20301546656141,43.517267121452605,519.7172274534059,6878.300253208004,0.0011161757318985087,52.99774563849569,358.94519237727354,233.75111732081047,197.03419315719478
15 Jul 2026 05:32:00.000000000,1903.809339379281,3960.5108434297335,5300.927694509171,-7.307689107405003,1.3505556136272632,1.6122178824637539,-0.002313855264628769,-0.004823516568488016,-0.006473956493935622,50.58255136227482,48.738287821453625,520.0750037971777,6877.844412996305,0.001159703715572858,52.99629907005096,358.93937650918025,238.04492564580053,196.54049670007956
15 Jul 2026 05:33:00.000000000,1461.497223296005,4032.807405941689,5385.943078323799,-7.430670131819687,1.0584565423321972,1.2205956744323685,-0.0017750622915138367,-0.0049110479718205155,-0.006577090164388393,51.690755042110844,54.254480247740304,520.328916846553,6877.481062218602,0.0011893377024581795,52.99514251607239,358.9333455502686,242.28089757747153,196.10481895163204
15 Jul 2026 05:34:00.000000000,1012.7809135099976,4087.432942584732,5447.292215331936,-7.521085921791201,0.7617338735407272,0.8236295178056878,-0.001228607147948683,-0.004977227526996565,-0.006651548992967853,52.50325175189184,60.019293448873526,520.4733740402655,6877.216558035699,0.0012044969926015918,52.99429615897196,358.9271493744374,246.4479499472814,195.7382394412239
15 Jul 2026 05:35:00.000000000,559.626749670777,4124.148644665645,5484.706284084148,-7.578545581528354,0.46167726926936387,0.4230495982820915,-0.0006768271696282704,-0.005021780132448615,-0.006697024191313893,53.00033037797292,65.96509322703977,520.5044815561141,6877.0555338334625,0.0012048148993808413,52.99377474198743,358.92084076168027,250.53256804696073,195.4542675263042
15 Jul 2026 05:36:00.000000000,104.02030458875906,4142.793527356966,5498.020761577346,-7.602799068029387,0.15959032169014575,0.0206011662071703,-0.00012207911349589918,-0.005044518088284429,-0.006713324425106566,53.169069655266135,72.00683123113323,520.4201158660086,6877.000819068763,0.0011901502424438279,52.993587309466754,358.9144744739827,254.51736056477063,195.27028777409666
15 Jul 2026 05:37:00.000000000,-352.04209715900885,4143.285107874051,5487.176115231745,-7.593738122641321,-0.14321470418281565,-0.3819625225271304,0.0004332687545159771,-0.00504534152656429,-0.00670037619229554,53.004900207677196,78.04949627417886,520.2199664246152,6877.0533899545635,0.0011605967695881639,52.99373704671391,358.9081062961699,258.37906884297155,195.2095510393772
15 Jul 2026 05:38:00.000000000,-806.5619022406768,4125.619767470489,5452.218070776101,-7.5513967291088475,-0.44542215060755525,-0.7828872841996138,0.0009868445400421516,-0.005024238741037719,-0.006658224065164242,52.51218848313578,83.99798169562212,519.9055488363466,6877.212351804197,0.0011164913752244802,52.99422122225553,358.90179205841565,262.08559436006306,195.30414732801145
15 Jul 2026 05:39:00.000000000,-1257.5468648256071,4089.8727960631027,5393.297455175306,-7.475951098286925,-0.7457182642913248,-1.1804250957742477,0.0015362806281334154,-0.004981286424200143,-0.006587030805239158,51.70367568025845,89.7669767817555,519.4801882630379,6877.4749533537315,0.00105842284456761,52.9950312336119,358.8955866574453,265.5912972424014,195.59970763469076
15 Jul 2026 05:40:00.000000000,-1703.0195676190456,4036.198118643081,5310.669614193767,-7.367719176103676,-1.0427965048681092,-1.5728411862700633,0.00207922167823344,-0.004916649803887944,-0.006487077339112062,50.598932415524935,95.28847958499321,518.9489732537296,6877.836632875523,0.0009872445220263832,52.996152755858255,358.889543093506,268.8291848774986,196.16321567559407
15 Jul 2026 05:41:00.000000000,-2141.0258989040317,3964.827702993202,5204.6934046798715,-7.227159667885497,-1.3353628582592294,-1.9584211220727517,0.002613332761557755,-0.0048305826636617245,-0.006358762572664197,49.222239776256025,100.51554004798419,518.3186805981427,6878.291095389328,0.0009040977862930921,52.99756599047482,358.8837115399563,271.69728194795204,197.0966381901601
15 Jul 2026 05:42:00.000000000,-2569.6434563033667,3876.070648653249,5075.829762233234,-7.0548705690273055,-1.6221411472221152,-2.335477875488362,0.0031363076892172476,-0.004723427221227707,-0.0062026030079308505,47.60037608891678,105.42223469834195,517.5976722255183,6878.830419778048,0.0008104610491521361,52.99924601023417,358.87813846175004,274.0335563169273,198.56199937437148
15 Jul 2026 05:43:00.000000000,-2986.9898472926375,3770.311957589878,4924.639845623698,-6.851587189420377,-1.9018783295620563,-2.7023588633209035,0.0036458775677048476,-0.004595613829354693,-0.006019232114109799,45.76068780274175,110.00090659618422,516.7957655882418,6879.445194125965,0.0007082580548922155,53.00116319419675,358.87286579827156,275.5670249770603,200.83027522736617
15 Jul 2026 05:44:00.000000000,-3391.2308556767143,3648.0109876647853,4751.78276021194,-6.618179657233456,-2.1733497721640544,-3.0574529391043512,0.004139819604968752,-0.0044476604577836105,-0.005809399396546224,43.72964313331775,114.25804783017317,515.9240793834505,6880.1246771261385,0.0006001096218278215,53.00328374530415,358.86793022489076,275.8163925734241,204.3827552948512
15 Jul 2026 05:45:00.000000000,-3780.5884423393227,3509.699590783306,4558.012863710675,-6.35564988674613,-2.435364486294252,-3.399197318975501,0.004615966173209864,-0.004280171907621682,-0.005573969098707863,41.53190120759139,118.2099901081878,514.9948568708627,6880.856982957604,0.0004899567087469268,53.00557028160697,358.86336250625885,273.8691428008085,210.1319515037392
15 Jul 2026 05:46:00.000000000,-4153.348547652466,3355.9799385642573,4344.176658945235,-6.065127995082022,-2.686770306643045,-3.726084417201741,0.0050722141164088776,-0.004093838707434737,-0.005313918469607155,39.18982463436843,121.87912452515036,514.0212694370243,6881.629286616506,0.00038470238493963817,53.00798249086243,358.8591869527676,267.9116991543104,219.89143760435607
15 Jul 2026 05:47:00.000000000,-4507.868662048483,3187.522039513193,4111.209279841903,-5.747868153975845,-2.9264589934651983,-4.03666856324726,0.005506534272013089,-0.0038894356391641206,-0.0050303355282996206,36.723321684086535,125.29095241879739,513.0172034279825,6882.428046309118,0.00029841610917651345,53.01047783710969,358.8554209898399,254.62930553105957,236.97596871843402
15 Jul 2026 05:48:00.000000000,-4842.585130492705,3005.0609530102743,3860.1305786871467,-5.40524386516585,-3.1533712340568556,-4.3295725681776736,0.005916981153953976,-0.0036678198412078635,-0.004724416256688417,34.14990528753851,128.4719867190359,511.9970336164085,6883.239239183284,0.0002580021652609372,53.01301230690106,358.8520748477281,231.6395506258474,263.76795704702863
15 Jul 2026 05:49:00.000000000,-5156.020156009193,2809.393706933878,3592.0408247611213,-5.0387426516327976,-3.3665015168428694,-4.603494104342914,0.0063017027299768205,-0.0034299284437894167,-0.004397461162731508,31.484877428100553,131.4483802657675,510.9753869761731,6884.048606397805,0.0002862213551376645,53.01554118214757,358.84915137745566,207.29509714760044,291.91474270913307
15 Jul 2026 05:50:00.000000000,-5446.788467082119,2601.375927427206,3308.1160267231844,-4.649960161648304,-3.5649028486641647,-4.85721185884976,0.006658950201406381,-0.003176775692304416,-0.004050871157695061,28.7415736695267,134.24511245293735,509.96690069740345,6884.841903313445,0.0003667265068643972,53.01801982604531,358.8466459962567,192.13952121061797,310.8727543557547
15 Jul 2026 05:51:00.000000000,-5713.603613744582,2381.918191138773,3009.6028935945806,-4.240593688346036,-3.747691283610269,-5.089591418500406,0.006987087685590531,-0.0029094495280438297,-0.003686142709695516,25.93162567336386,136.88557364851331,508.9859785777267,6885.605150441494,0.00047078910083574475,53.020404468291574,358.84454676371627,185.08817843893453,321.72664302067386
15 Jul 2026 05:52:00.000000000,-5955.2838575216565,2151.98211223068,2697.8134517926023,-3.812435114155626,-3.9140502300260898,-5.29959084180452,0.007284601680976255,-0.0026291076011566022,-0.0033048622436093423,23.06521703080375,139.39141649864507,508.04655006010853,6886.32488071219,0.0005821809880708621,53.02265297578394,358.8428345873701,182.58407187190556,328.0334141203458
15 Jul 2026 05:53:00.000000000,-6170.757621181695,1912.5761784699816,2374.1193383775335,-3.3673632967346645,-4.063234501286296,-5.4862658724951,0.007550110191266114,-0.002336972705949376,-0.0029086997779846587,20.15131969457966,141.78257671089878,507.16183624553753,6886.988378632066,0.0006930655481006988,53.02472559522146,358.8414835544055,182.5551062474152,331.86517302804134
15 Jul 2026 05:54:00.000000000,-6359.068465476963,1664.7513528084974,2039.9457934177658,-2.907335920815397,-4.19457407560739,-5.6487747488008395,0.007782371374162426,-0.0020343276387539463,-0.002499401803355859,17.19790588941428,144.07739529312607,506.3441271805001,6887.583906987841,0.0007991235097971457,53.026585654493566,358.8404613837413,183.95997544981765,334.26323743753466
15 Jul 2026 05:55:00.000000000,-6519.37956176742,1409.596458919473,1696.7653770986765,-2.434380848380426,-4.307477530659373,-5.7863825636164234,0.00798029158208566,-0.0017225094940731653,-0.002078783426927879,14.212134880641804,146.2927971182197,505.60457459975095,6888.100916929178,0.0008975654223908777,53.02820021044099,358.8397299907394,186.25648475150433,335.7698148907479
15 Jul 2026 05:56:00.000000000,-6650.977631604863,1148.2333711928147,1346.091439832561,-1.9505870075735132,-4.401435120039463,-5.898465132697542,0.008142932663707206,-0.001402903427804033,-0.0016487198259460376,11.200516455048085,148.44449731141717,504.9530040898464,6888.530237520993,0.0009863821150067958,53.02954063149299,358.839246154689,189.14367880187842,336.6858745197001
15 Jul 2026 05:57:00.000000000,-6753.27632701695,881.8120315977596,989.4713761035282,-1.4580948684481538,-4.4760214608094095,-5.984512331080805,0.008269518399929015,-0.0010769359293731928,-0.0012111370694099257,8.169054194607648,150.54721847454599,504.3977503282834,6888.8642411973415,0.0010640453338089714,53.030583104810624,358.83896227747056,192.4441224866855,337.1888658847048
15 Jul 2026 05:58:00.000000000,-6825.8190283317335,611.5053175962528,628.479695043896,-0.959086560836486,-4.53089780421802,-6.0441308620392356,0.008359439962674506,-0.0007460676586136318,-0.0007680023856383846,5.1233721294784464,152.61490946511992,503.945518650313,6889.096981967293,0.0011293798306250189,53.03130905888072,358.83882722012345,196.04778745499905,337.3888321170656
15 Jul 2026 05:59:00.000000000,-6868.281039894727,338.5037868609544,264.7109427222282,-0.4557756960244378,-4.565813865389632,-6.077046427946923,0.008412260297004204,-0.00041178591374897505,-0.00032131396720458703,2.0688284789334617,154.66096145008308,503.6012757064942,6889.224303711966,0.0011815054129237627,53.031705493980795,358.838787202628,199.88364221711743,337.35681946915014
15 Jul 2026 06:00:00.000000000,-6880.471167895482,64.01032588366454,-100.2274872195082,0.04960304065960372,-4.580609192063218,-6.083105278317221,0.008427717343570711,-7.559680698556779e-05,0.00012690958262337148,-0.9893798645644186,156.698420102071,503.36817141023045,6889.243916461706,0.0012198088782793789,53.031765214554035,358.8387867510629,203.904409121011,337.1401199708066
15 Jul 2026 06:01:00.000000000,-6862.332668675596,-210.76526938765377,-464.7226166554655,0.5548044549817326,-4.575214057305216,-6.0622751168454165,0.008405726045181658,0.0002609827675300102,0.0005746400472734644,-4.0461185594750955,158.7401946975959,503.2474937488702,6889.155439142087,0.0012439286348774304,53.031486959259034,358.8387696754761,208.0779562273415,336.77087917903054
15 Jul 2026 06:02:00.000000000,-6813.943560260347,-484.61175198870666,-827.1631809925336,1.057583492359019,-4.5496498663581155,-6.0146453563515285,0.008346379095915965,0.0005964332837408423,0.0010198505176006645,-7.096219289271973,160.79926590103491,503.2386573610459,6888.960407912863,0.001253744069891547,53.03087542626867,358.8386800611871,212.38221990472672,336.2711732063931
15 Jul 2026 06:03:00.000000000,-6735.516294362836,-756.3218921261712,-1185.9469228635749,1.5557058939856172,-4.504029073284581,-5.940426717884138,0.008249946422770918,0.0009292407586523167,0.0014605263117054956,-10.134382067159775,162.88889439845948,503.3392260858422,6888.662249882828,0.0012493657875672721,53.02994119324662,358.83846325594965,216.80210177783786,335.65611140288456
15 Jul 2026 06:04:00.000000000,-6627.3967906651915,-1024.6979257009139,-1539.487842244366,2.0469587846099166,-4.4385546086618834,-5.839950177704921,0.008116873408878868,0.0012579048591139846,0.001894675769903121,-13.155072926743525,165.02283236565157,503.5449689854833,6888.266222648384,0.0012311247587820445,53.02870053330271,358.8380668355342,221.32752184976874,334.93578287696937
15 Jul 2026 06:05:00.000000000,-6490.062839700857,-1288.556953978966,-1886.2233641758603,2.5291611174077278,-4.353518825119262,-5.71366527321417,0.007947777894008818,0.0015809468494972616,0.0023203408047410344,-16.15241347034959,167.21553897245803,503.84994865271125,6887.779320760732,0.001199559401284941,53.02717513007911,358.83744153051964,225.95218083685626,334.1164938247167
15 Jul 2026 06:06:00.000000000,-6324.12188505721,-1546.736265808528,-2224.6213861397287,3.0001739041910893,-4.2493019728264105,-5.562137785894243,0.007743446010954624,0.0018969172945001,0.0027356070931453015,-19.120058631542864,169.4823995652553,504.2466399572756,6887.210150860074,0.0011554001458555028,53.02539169692149,358.83654209789347,230.67278186489733,333.201545524807
15 Jul 2026 06:07:00.000000000,-6130.308199811218,-1798.0985546430072,-2553.187168407424,3.4579101632692995,-4.126370221997057,-5.386046825844648,0.007504826933609981,0.0022044034379617447,0.0031386138071891998,-22.05105891774021,171.83994549836746,504.7260767796551,6886.5687778101355,0.0010995513606137368,53.02338150680317,358.8353281218786,235.48857378739478,332.1916907451162
15 Jul 2026 06:08:00.000000000,-5909.4794760247405,-2041.5370038038145,-2870.4700323213597,3.900344522530995,-3.985273253920621,-5.186181348288319,0.0072330266372264106,0.0025020361892652493,0.003527562794746723,-24.937703434804188,174.30606727619357,505.2780237412311,6885.866544710771,0.0010330707081211677,53.02117984127163,358.83376472975755,240.40115018090418,331.08533451156836
15 Jul 2026 06:09:00.000000000,-5662.612849698514,-2275.9802148206227,-3175.069833436634,4.325522421536046,-3.826641445874607,-4.963436137389902,0.006929300776993284,0.002788496658121397,0.0039007271336176323,-27.771340333882765,176.90020695210137,505.8911694806989,6885.115870147557,0.0009571461490436602,53.018825368139446,358.8318232098701,245.4144962148817,329.878487047005
15 Jul 2026 06:10:00.000000000,-5390.800386759616,-2500.396955317295,-3465.6431786860812,4.731568863389683,-3.6511826783956662,-4.718807296734492,0.006595046810054367,0.0030625221928948262,0.004256459002313472,-30.542172251618574,179.64350556757861,506.55333765580394,6884.330026446323,0.0008730709095888463,53.016359458925365,358.8294815207891,250.5353437667002,328.56440851376453
15 Jul 2026 06:11:00.000000000,-5095.2440584000105,-2713.8007046917714,-3740.909359186093,5.116696674670106,-3.459678795750202,-4.453387288781496,0.006231795486586102,0.003322911889196905,0.0045931968261438295,-33.23902629888073,-177.4411334688145,507.251711573406,6883.522903029497,0.0007822168153738726,53.013825458137006,358.82672468252014,255.7740100894478,327.1327702559153
15 Jul 2026 06:12:00.000000000,-4777.250236367424,-2915.253977748109,-3999.655972898686,5.479214239448277,-3.2529817519966246,-4.168359567500408,0.005841201841914567,0.0035685315504763076,0.004909471677238568,-35.84910188644831,-174.3291250609316,507.9730681713934,6882.708759216403,0.0006860064799160979,53.01126791735688,358.823545042733,261.1461412690109,325.5679113072572
15 Jul 2026 06:13:00.000000000,-4438.223740610068,-3103.8724084177843,-4240.744214064253,5.81753268122819,-3.0320094757683598,-3.864992849191845,0.005425035816156376,0.0037983180941227666,0.005203912922842848,-38.357706142248745,-170.9945147758268,508.7040169915629,6881.901970965916,0.0005858849563024226,53.00873180773255,358.8199424132112,266.6763955144676,323.8451551229024
15 Jul 2026 06:14:00.000000000,-4079.661473074462,-3278.8285776779935,-4463.11380898924,6.130172474119332,-2.7977414868936763,-3.5446350663122392,0.004985172625113685,0.00401128341087502,0.005475253135175432,-40.74799712021785,-167.41064358412777,509.4312397889297,6881.116776130017,0.0004832917182782725,53.00626172486545,358.81592407408317,272.40685953335094,321.92239328314713
15 Jul 2026 06:15:00.000000000,-3703.1456722745625,-3439.3555717942804,-4665.787580513812,6.415769471705099,-2.551214297145529,-3.2087070478458286,0.004523582993920658,0.004206517695852822,0.0057223322898926135,-43.00077070711233,-163.5513186293187,510.1417265136957,6880.367022769521,0.0003796346215217729,53.00390110023524,358.8115046456802,278.4189227830986,319.7182113786712
15 Jul 2026 06:16:00.000000000,-3310.3368238545813,-3584.750258859207,-4847.875625973397,6.673080348324472,-2.293516626060452,-2.8586959678235635,0.004042323352383012,0.004383192279324164,0.005944101293049798,-45.09434873929006,-159.39266234153985,510.8230035675826,6879.665924983776,0.0002762707238046971,53.00169143318476,358.80670583032025,284.9024127644036,317.0427539094312
15 Jul 2026 06:17:00.000000000,-2902.96626243842,-3714.376273438967,-5008.57909595698,6.900987453065017,-2.025784460767022,-2.496148600776128,0.0035435260762153083,0.004540561994289435,0.006139624888069305,-47.00465192900576,-154.91578959361914,511.4633504679551,6879.025830529334,0.00017451820206094157,52.999671557126106,358.8015560285559,292.4568667309933,313.2964528206977
15 Jul 2026 06:18:00.000000000,-2482.828499925858,-3827.6667007936417,-5147.193563385841,7.098503081232731,-1.749195986400888,-2.122664419654481,0.003029389840120209,0.004677967123545036,0.0063080840013327024,-48.70556592774378,-150.11035696938555,512.0520013397586,6878.45800425349,7.596202912392993e-05,52.99787695301676,358.7960898367453,304.6582914669135,304.9032680217623
15 Jul 2026 06:19:00.000000000,-2051.773314944615,-3924.126453662868,-5263.1119744904,7.26477317149435,-1.4649664109940685,-1.7398885680662952,0.002502170128778045,0.004794834970970153,0.006448777587289823,-50.169719226162556,-144.97879272296268,512.5793279869841,6877.972431056048,2.5745914938219065e-05,52.99633912230968,358.7903474348673,85.1000775978876,168.2697734169076
15 Jul 2026 06:20:00.000000000,-1611.6976376956295,-4003.334335930804,-5355.827175033397,7.3990804391078395,-1.1743427059885974,-1.349504734968496,0.001964169935741897,0.004890681106123615,0.0065611240394855995,-51.36976663089844,-139.54063150495665,513.0370016624522,6877.577641723183,0.00011346375224816508,52.99508503051523,358.7843738755026,118.46381706690532,138.71433981281817
15 Jul 2026 06:21:00.000000000,-1164.5372635935748,-4064.944788706131,-5424.934006756018,7.500846956873975,-0.8785982806241723,-0.9532279560435347,0.0014177306581105744,0.004965110325649792,0.00664466222582585,-52.28018857920408,-133.83591321475708,513.4181310485214,6877.280564558905,0.00019926719476944026,52.994136631246654,358.7782182866311,128.02792076706507,132.95851770441183
15 Jul 2026 06:22:00.000000000,-712.2584285189373,-4108.689315330118,-5470.130970324773,7.569636195444061,-0.5790276058755857,-0.5527973625487315,0.0008652231812116279,0.005017817376785702,0.006699052208518812,-52.87946608538746,-127.92627416733362,513.7173743739443,6877.0864052811985,0.00027973918536934746,52.99351047917996,358.7719330024551,135.7766597882854,129.0179964755997
15 Jul 2026 06:23:00.000000000,-256.8492777328312,-4134.37758270813,-5491.22145222329,7.605154533751092,-0.276940801180507,-0.1499688951937025,0.0003090391292602262,0.0050485874761289065,0.006724075692418778,-53.152304534229344,-121.89248860562205,513.9310240181646,6876.9985571585385,0.00035440192430483765,52.99321743876391,358.76557263772816,143.11693580152178,125.48583448460202
15 Jul 2026 06:24:00.000000000,199.68874007683038,-4141.898197082125,-5488.114513986005,7.607252248587331,0.02634180478431189,0.2534920020054075,-0.00024841775166197357,0.0050572966571329914,0.006719636245587513,-53.091438644782635,-115.82804575438523,514.0570623881883,6877.0185428468285,0.0004230955482438066,52.99326249380307,358.7591931220599,150.38376544316725,122.02697516375456
15 Jul 2026 06:25:00.000000000,655.3495226367671,-4131.219152986639,-5460.825242991611,7.575923989969812,0.3294951295441758,0.6558176949208494,-0.0008047401233535843,0.005043911963843954,0.006685759314289902,-52.69855722622495,-109.82971060503682,514.0951882917069,6877.14598885296,0.00048585794842428173,52.99364466123217,358.75285071136,157.69614518592812,118.5223826399046
15 Jul 2026 06:26:00.000000000,1108.1309771548374,-4102.387954678744,-5409.474664754461,7.511308746104548,0.631194799723223,1.0552456677987845,-0.0013575255471296533,0.005008491503845254,0.006622592048355983,-51.984086092821904,-103.98726107879392,514.0468134707319,6877.37863300835,0.000542887454496519,52.99435701053815,358.74660099400444,165.10333128237198,114.92276228141515
15 Jul 2026 06:27:00.000000000,1556.0436660826192,-4055.531409840042,-5334.289217323227,7.413689298706358,0.9301226130066562,1.4500258156919588,-0.0019043849890311743,0.004951184361314578,0.006530402936619366,-50.96589184081324,-98.37495938198046,513.9150294002337,6877.71236478928,0.0005945107935213836,52.99538678840235,358.7404979093553,172.6240163974076,111.20938454771348
15 Jul 2026 06:28:00.000000000,1997.1194049936348,-3990.8550958533406,-5235.599789067749,7.283491166385194,1.2249719905469614,1.8384277090964045,-0.0024429513879972017,0.004872230360782024,0.006409581238378068,-49.66726284957613,-93.04655855984464,513.7045448952317,6878.141297777981,0.0006411462556686771,52.9967156462615,358.7345927960243,180.25969742133856,107.38071764206704
15 Jul 2026 06:29:00.000000000,2429.4197817622517,-3908.6424994931835,-5113.840321857156,7.121281031001626,1.5144534103656924,2.2187478178565283,-0.0029708883303455717,0.004771959663018757,0.006260636184735238,-48.114653527730255,-88.03426048901794,513.4215955052154,6878.657873026678,0.0006832609629833064,52.998319966657206,358.728933486732,188.0001313858659,103.44697203778007
15 Jul 2026 06:30:00.000000000,2851.0445658339877,-3809.2538314731783,-4969.54598245289,6.927764639542384,1.797299810921094,2.5893166794837863,-0.003485898865070576,0.004650792166278754,0.006084195912920608,-46.335619540059334,-83.35082304459102,513.0738261051024,6879.252991572006,0.0007213237957401445,53.000171282492836,358.7235634657608,195.82613000628098,99.42730634751001
15 Jul 2026 06:31:00.000000000,3260.1399758609764,-3693.1245179958833,-4803.350905899288,6.703784172369043,2.0722719521457744,2.9485059944888268,-0.003985734481297597,0.004509236677365992,0.00588100608544853,-44.357201847592606,-78.9934524586197,512.670148514011,6879.916173856412,0.000755757025032501,53.0022367816743,358.71852110384503,203.7115587365605,95.34782864245777
15 Jul 2026 06:32:00.000000000,3654.906773378073,-3560.763372278338,-4615.985515829236,6.450315067819795,2.338163719001248,3.2947356282773095,-0.004468204254942881,0.0043478898127326995,0.0056519281406503625,-42.20483716657598,-74.94819587458692,512.220576383705,6880.635743354189,0.0007868906676159092,53.0044798881077,358.713838983967,211.62525810731407,91.23967544553133
15 Jul 2026 06:33:00.000000000,4033.6081495751887,-3412.7504500006385,-4408.2734279351735,6.1684622932271305,2.593807350054013,3.626480495769767,-0.0049311841543493926,0.004167434585388105,0.005397937115861901,-39.901745724575036,-71.19396402531774,511.7360399919669,6881.399031278132,0.0008149239336729796,53.00686090868721,358.7095433298582,219.53310868767073,87.13694705218441
15 Jul 2026 06:34:00.000000000,4394.57737164222,-3249.73459375372,-4181.127944404079,5.8594560535429165,2.8380785708884595,3.942277301341085,-0.005372626477061333,0.003968638632271925,0.005120118983573247,-37.468687603152674,-67.70576556104751,511.22818394712436,6882.192598867605,0.0008398977281679405,53.00933773475553,358.70565354721737,227.40019937819397,83.0745394674236
15 Jul 2026 06:35:00.000000000,4736.22515468087,-3072.430672862022,-3935.5481488812006,5.524646930987611,3.0699016094497176,4.240731103123821,-0.005790569371176092,0.0037523520373743415,0.004819667442375163,-34.923969886814966,-64.457065930331,510.709151150064,6883.002473434942,0.0008616809943509789,53.01186658557588,358.70218188556885,235.19292143679732,79.08605055347418
15 Jul 2026 06:36:00.000000000,5057.0467248760015,-2881.6165264070805,-3672.6146135036342,5.165500452449457,3.288254067825914,4.520521667369037,-0.006183146376994434,0.0035195047091178887,0.004497880109499319,-32.28360458366899,-61.42136658091314,510.1913566614999,6883.814394083356,0.0008799719817625838,53.01440278063583,358.6991332266158,242.88076940944364,75.20197921372555
15 Jul 2026 06:37:00.000000000,5355.628539541743,-2678.1296188889582,-3393.484731713405,4.783591085716048,3.4921716226371675,4.780409575590513,-0.006548595908602276,0.003271103276530451,0.00415615407033728,-29.5615436115313,-58.573169677385344,509.6872553755401,6884.614062811523,0.0008943136785311113,53.016901527118065,358.6965050026157,250.43766676399324,71.44839981295992
15 Jul 2026 06:38:00.000000000,5630.654629886807,-2462.8634196895214,-3099.387692886804,4.380595670909831,3.680752524265175,5.01924204480953,-0.00688527057941298,0.0030082274753785053,0.003795980749761554,-26.76994197283941,-55.88849681069795,509.20910759578845,6885.387396592865,0.0009041210910622989,53.01931870863489,358.69428724607326,257.8427195389977,67.84620852146314
15 Jul 2026 06:39:00.000000000,5880.912532908347,-2236.7635193426313,-2791.6191172687695,3.958286299602788,3.8531618637179026,5.235958419513706,-0.007191646264116679,0.002732026005358273,0.003418940083751025,-23.91941969106595,-53.345103881427775,508.7687467382,6886.120775968007,0.000908717077452596,53.02161166132763,358.6924627696733,265.0803992483256,64.41094034250996
15 Jul 2026 06:40:00.000000000,6105.298779787078,-2000.8234975154471,-2471.5353722227264,3.5185226608077143,4.008635575105843,5.429595293080409,-0.007466330780920602,0.002443711850478857,0.003026693984826391,-21.01930671780612,-50.92250025911541,508.37735343653145,6886.801285718367,0.0009073731295540278,53.02373992368496,358.69100747311865,272.1402347432325,61.15307712301219
15 Jul 2026 06:41:00.000000000,6302.823909532286,-1756.0805595407483,-2140.547593351195,3.0632438801966573,4.146484141569247,5.599291216482051,-0.007708072073277645,0.002144557066707258,0.0026209791109053425,-18.077863840769105,-48.601848886235466,508.04524029413835,6887.416943300593,0.0008993517480640695,53.02566594692421,358.6898907712841,279.01613387267287,58.07872570888127
15 Jul 2026 06:42:00.000000000,6472.616978444351,-1503.6109602541,-1800.1154365437274,2.5944598862365473,4.2660959731073955,5.744290953157328,-0.007915765766902283,0.0018358870529770572,0.002203598963306321,-15.102477945760622,-46.36579885745195,507.7816514047137,6887.9569109170125,0.0008839476565334495,53.02735575350152,358.6890761359953,285.7054569769428,55.1905442133199
15 Jul 2026 06:43:00.000000000,6613.929538215888,-1244.5252357483257,-1451.7405894150354,2.1142423442333738,4.366940426136079,5.863949241016525,-0.008088461983412495,0.0015190743354924249,0.0017764153578971832,-12.099832972869622,-44.1982834573455,507.59458055092756,6888.411687371784,0.0008605258355705709,53.02877953225326,358.6885217417586,292.20793219063245,52.4888264262052
15 Jul 2026 06:44:00.000000000,6726.139058177933,-979.9632654084717,-1096.9600728389398,1.6247152062842651,4.448570436741998,5.957734025644344,-0.008225371298118381,0.0011955319074322956,0.0013413393292306414,-9.076059432981191,-42.084303654174384,507.49061168423464,6888.773276216155,0.0008285550642418222,53.0299121598074,358.6881812039588,298.5244444105036,49.97271251389155
15 Jul 2026 06:45:00.000000000,6808.751770284699,-711.0891881897323,-737.3393653082617,1.1280449316174341,4.510624742478995,6.025229132815351,-0.008325869736823598,0.0008667061772627465,0.0009003215422300469,-6.03686601734208,-40.00970829363097,507.47478489437606,6889.035327110442,0.0007876362436511951,53.03073363921717,358.68800439643064,304.6556437332663,47.641580210119145
15 Jul 2026 06:46:00.000000000,6861.40491888098,-439.08619850387095,-374.46538460773166,0.6264304375328205,4.5528296711016205,6.066136353358046,-0.00838950272839905,0.0005340695910821373,0.0004553423012086681,-2.987657030667739,-37.960976514270875,507.55049060032724,6889.193247819327,0.0007375252279257573,53.031229448237006,358.68793833398735,310.60018163396745,45.49680823354237
15 Jul 2026 06:47:00.000000000,6883.868401059335,-165.15124825324145,-9.939362717696072,0.12209284593562027,4.575000478770149,6.080276919077097,-0.008415987937187697,0.00019911300138790818,8.401255309457984e-06,0.06636065065340029,-35.925004275827064,507.7193941451353,6889.244284799325,0.0006781502320225873,53.031390791256975,358.6879281043421,316.35212034473255,43.544366478902425
15 Jul 2026 06:48:00.000000000,6876.045787426255,109.51031753592486,354.63034905208644,-0.3827349058718104,4.577042224881584,6.0675923547171875,-0.008405216928694607,-0.00013666213657960414,-0.0004384930901979744,3.1200775046225675,-33.88889467796215,507.98139236953284,6889.187570923703,0.0006096242069439173,53.03121475060719,358.6879178330315,321.8964626683854,41.7992857544136
15 Jul 2026 06:49:00.000000000,6837.974717289832,383.6901634174175,717.6355070137612,-0.8858185190608405,4.558950175658411,6.028144697659189,-0.008357255636764758,-0.0004717516561906225,-0.0008833339427107805,6.16838469374742,-31.839750498837414,508.33460308815324,6889.024139506011,0.000532253064236647,53.03070433470832,358.68785166444087,327.20017028130445,40.29463901839059
15 Jul 2026 06:50:00.000000000,6769.826666575338,656.182376179165,1077.4751961682769,-1.3849327796319433,4.520809733818165,5.962116083990284,-0.008272343626337162,-0.0008046565707543968,-0.001324126754266828,9.206077384946198,-29.764466828146052,508.7753877159419,6888.756904415969,0.00044654188639162926,53.029868422349125,358.6876747417202,332.19119727723535,39.102507370885185
15 Jul 2026 06:51:00.000000000,6671.9060910934295,925.7888590694605,1432.5630075511958,-1.8778719253620744,4.462795896908215,5.86980770658961,-0.00815089216895916,-0.0011338908775016157,-0.0017588996008480557,12.22775464786562,-27.64952168115295,509.2984066102179,6888.390606717214,0.0003532057288823,53.02872160418359,358.6873341684925,336.70017021561284,38.39229954427103
15 Jul 2026 06:52:00.000000000,6544.648952044078,1191.324679526377,1781.3341345659776,-2.362459863092174,4.385172252068969,5.7516381577206985,-0.007993481167146377,-0.0014579891892806062,-0.0021857132968710036,15.227712460448993,-25.480763059836967,509.8967060241929,6887.931728879936,0.0002532131946510577,53.02728392432722,358.6867799355554,340.2526946405359,38.638444934006955
15 Jul 2026 06:53:00.000000000,6388.620634761534,1451.6233429616268,2122.25235195175,-2.8365601690528495,4.28828951993855,5.60814117512979,-0.007800854991799615,-0.0017755141146033576,-0.0026026711411492685,18.19982624754506,-23.243192203286615,510.5618349301442,6887.388378220225,0.00014805697204297636,53.025580526667746,358.68596579644066,340.93881145380567,41.75093679326146
15 Jul 2026 06:54:00.000000000,6204.513275613773,1705.541966054493,2453.816842349144,-3.2980858090883998,4.172583664994426,5.439962816632928,-0.007573917305783628,-0.002085063312857075,-0.003007928198790342,21.1374192769493,-20.920745015843416,511.28398938110587,6886.770141777565,4.4468937302719274e-05,53.0236412121541,358.6848500765895,317.71720309166375,68.77112564852352
15 Jul 2026 06:55:00.000000000,5993.142515601239,1951.9663241749581,2774.5688370730245,-3.745008520860515,4.0385735937179215,5.247858093476733,-0.007313724974499158,-0.0023852761621703544,-0.0033997000385864737,24.033113221181488,-18.49607733041956,512.0521815549774,6886.087915353903,8.483938389679718e-05,53.02149991486582,358.6833964020915,201.66219098767775,188.62472145998308
15 Jul 2026 06:56:00.000000000,5755.443702489354,2189.815748948981,3083.0980396464015,-4.175367806231736,3.8868584654578764,5.032687097238349,-0.007021481167212644,-0.0026748399864678835,-0.0037762708576559033,26.87865740861832,-15.950365430086034,512.8544301746638,6885.353709887018,0.00019836992171359848,53.01919410606687,358.6815743353507,195.44233260193863,198.64319625220082
15 Jul 2026 06:57:00.000000000,5492.467566217888,2418.047853555964,3378.048802831286,-4.587279488822051,3.71811464368046,4.795410658587232,-0.006698527769876918,-0.0029524958017178946,-0.0041360009431699075,29.664733977908295,-13.263142048086412,513.6779686333003,6884.580438715923,0.00031444764435995236,53.01676413668483,358.6793599066613,197.37307300633253,200.51113223028088
15 Jul 2026 06:58:00.000000000,5205.375394817703,2635.663065074358,3658.126032262041,-4.978943798984959,3.5330923173614432,4.537085578791159,-0.00634633723138273,-0.0032170435530323588,-0.004477333436842019,32.38073770651787,-10.412201082743945,514.5094668780683,6883.781689604587,0.0004298556035182859,53.014252529715925,358.6767360324881,200.88107548590816,200.80189092575296
15 Jul 2026 06:59:00.000000000,4895.433740109212,2841.7089450222647,3922.100792283258,-5.34865295592172,3.332611823570533,4.258859476373986,-0.005966503967995893,-0.003467346827348375,-0.004798800385054838,35.01453230931414,-7.373622801865385,515.3352629229491,6882.9714856227165,0.0005427414336604935,53.01170323491255,358.67369281324846,204.92515167704505,200.55668285488935
15 Jul 2026 07:00:00.000000000,4564.008684082117,3035.2842811022847,4168.8155921347625,-5.6947982240638595,3.1175597028376663,3.96196529185135,-0.005560735450359692,-0.003702337040552883,-0.005099028076553054,37.55219036661156,-4.121996348595314,516.1415997680903,6882.164039135008,0.0006514265296295265,53.009160858754,358.670227705459,209.1926450928304,200.0881838413312
15 Jul 2026 07:01:00.000000000,4212.559697944329,3215.542935096574,4397.189333249456,-6.015876428112091,2.8888845186176133,3.6477154929115145,-0.005130843085067401,-0.003921017106680034,-0.005376741680779073,39.977732894608216,-0.6309475147977793,516.9148634976605,6881.373503223227,0.0007542994272774892,53.00666988312131,358.66634556529226,213.55787626797934,199.52208977294293
15 Jul 2026 07:02:00.000000000,3842.633126714377,3381.69743362342,4606.221900825227,-6.3104959176448725,2.6475924713392076,3.3174960211280076,-0.00467873300207464,-0.004122464612842205,-0.0056307692214668335,42.272898203134176,3.1258867548247045,517.6418184016529,6880.613724861445,0.0008498136377471702,53.004273886285596,358.66205856283176,217.96061068362815,198.91864863220366
15 Jul 2026 07:03:00.000000000,3455.8553324366353,3533.0222903487224,4794.9983853673075,-6.577381978388885,2.3947428358836906,2.9727600189345824,-0.0042063968365048535,-0.0043058345277863595,-0.0058600449250641035,44.416989049130045,7.1732704085173244,518.3098351137488,6879.89800408599,0.0009365055852977251,53.00201477977315,358.6573859685529,222.36804082406175,198.31067844867673
15 Jul 2026 07:04:00.000000000,3053.92552923794,3668.85704984353,4962.692922058908,-6.815381692251427,2.1314432493538202,2.6150213728071514,-0.0037159025846276433,-0.00447036148316714,-0.006063611998325394,46.386871676436904,11.532005006705948,518.9071079657954,6879.238863254207,0.001013017288039187,52.999932074392795,358.6523538157407,226.7601593601219,197.71819417714804
15 Jul 2026 07:05:00.000000000,2638.6083431441716,3788.6090448476584,5108.57213792076,-7.023468252416714,1.858844873501804,2.245848105163157,-0.003209385594329431,-0.004615361671674115,-0.006240624895684698,48.157226165061125,16.215700569950403,519.4228580212705,6878.647830273306,0.0010781195741657197,52.998062188204045,358.64699444476645,231.12321827124313,197.1549486874339
15 Jul 2026 07:06:00.000000000,2211.7261291043583,3891.755860071297,5231.998198568573,-7.200744742867129,1.5781374534608954,1.866855643753162,-0.002689039730355493,-0.004740234407713207,-0.006390351138535322,49.701164462704305,21.22677430768383,519.8475185552118,6878.135239411645,0.0011307342511824973,52.99643780847876,358.6413459370919,235.446398912879,196.63176285617982
15 Jul 2026 07:07:00.000000000,1775.1510771056544,3977.8474968701116,5332.431447980358,-7.346447393610034,1.2905442915916832,1.4796999934974988,-0.0021571087386107026,-0.004844463400268066,-0.006512172753395417,50.99132241377591,26.55210161493609,520.1729000870877,6877.710052983256,0.0011699544561012964,52.99508731877537,358.63545144889224,239.71986448268038,196.1584733029466
15 Jul 2026 07:08:00.000000000,1330.7971383732188,4046.508234209925,5409.432636126107,-7.45994832378205,0.9973171522814805,1.086070831712111,-0.001615877812662267,-0.004927617783423603,-0.006605587389834958,52.001471761497946,32.15919013521636,520.3923324383233,6877.379706830152,0.001195062747246424,52.99403430112003,358.62935845584695,243.933403870438,195.74528878210765
15 Jul 2026 07:09:00.000000000,880.6118021816712,4097.438182146803,5462.664730391208,-7.540757784431648,0.6997311109831985,0.6876845442776794,-0.0010676653504853196,-0.004989352949543991,-0.006670209177912757,52.70857164972241,37.99415183945114,520.5007816701004,6877.14998212448,0.001205546697296229,52.99329712199244,358.6231179222578,248.07526208665823,195.40396002917385
15 Jul 2026 07:10:00.000000000,426.56775288724793,4130.414524825341,5491.894307747569,-7.588525911641319,0.39907935818575874,0.2862772168574397,-0.0005148148721619818,-0.005029411221127818,-0.006705769372432855,53.09500105246498,43.9828137565584,520.4949401542648,6877.024905575536,0.0012011119284691374,52.992888609365345,358.616783408877,252.13088999866443,195.14903032770047
15 Jul 2026 07:11:00.000000000,-29.345563676887366,4145.292450552131,5496.992525353575,-7.603043998502554,0.09666796701226142,-0.11640240731363789,4.0312941896709644e-05,-0.00504762239319802,-0.006712116825364992,53.15054760848203,50.03573914904937,520.3732884366265,6877.006679666916,0.0011816927557459346,52.992815826474,358.6104101350276,256.0813631233815,194.99941704105245
15 Jul 2026 07:12:00.000000000,-485.13043577134675,4142.005766982524,5477.935667897574,-7.584245291694395,-0.20618936845378807,-0.5185999936089745,0.0005953481436273442,-0.005043904168010262,-0.00668921831394901,52.87367418154701,56.05672128923179,520.1361279637744,6877.095644068028,0.0011474609408482462,52.99307994631709,358.60405401131464,259.90114610984085,194.98064746941958
15 Jul 2026 07:13:00.000000000,-938.7894148674525,4120.567199854218,5434.805270517229,-7.5322053151496435,-0.5081766180345193,-0.9185626979609297,0.001147919398077675,-0.005018262492892717,-0.006637158737154055,52.271715651063374,61.9529525807175,519.7855841602435,6877.290268869092,0.0010988336258551355,52.993676229147,358.59777065976743,263.5546925020607,195.12825943457736
15 Jul 2026 07:14:00.000000000,-1388.333849940439,4081.06837405409,5367.787816593239,-7.447141719757372,-0.8079807178513545,-1.3145462568217787,0.001695661912236337,-0.004970791804373456,-0.006556141182754507,51.35994929519625,67.6443425235336,519.3255797613193,6877.587179786267,0.0010364825548559804,52.994594103420354,358.5916144385037,266.99098207908855,195.4932642886448
15 Jul 2026 07:15:00.000000000,-1831.792398400304,4023.6794761496762,5277.174010180169,-7.329413654472609,-1.1042968843608676,-1.704822076961151,0.0022362254705325293,-0.004901675168133343,-0.006446486849112907,50.15980060507442,73.06983391161333,518.7617787260511,6877.981214975986,0.0009613487549554137,52.99581734888207,358.5856374879625,270.13430339126023,196.15136472082693
15 Jul 2026 07:16:00.000000000,-2267.219484741473,3948.6485978943538,5163.357623351705,-7.179520650816722,-1.3958339332928618,-2.087684315675591,0.0027672826306418207,-0.0048111842962886685,-0.006308634795132788,48.69664071307247,78.18979880648982,518.1015014754789,6878.465512593784,0.0008746712571534888,52.997324378678556,358.5798888153699,272.8678982126092,197.21931063540256
15 Jul 2026 07:17:00.000000000,-2692.703677415507,3856.300760661234,5026.833919352992,-6.998101009780811,-1.681319595298243,-2.4614569399408994,0.003286537124192007,-0.004699679412309866,-0.006143141477163793,46.99763579455798,82.98493494060381,517.3536126202802,6879.031627735402,0.0007780486089749914,52.99908861566712,358.5744134334766,275.00330010387586,198.88556089993662
15 Jul 2026 07:18:00.000000000,-3106.3759536950406,3747.036621310433,4868.197653214193,-6.785929677798732,-1.9595058181193028,-2.8245007502935486,0.003791732495310894,-0.004567608926854691,-0.005950680022612162,45.08996922964068,87.45289132814372,516.5283827589707,6879.66967691529,0.0006735773696797588,53.001078956440935,358.56925156866157,276.2192766326823,201.47134141097294
15 Jul 2026 07:19:00.000000000,-3506.4178214445587,3621.3308606732253,4688.140652426832,-6.543915596919532,-2.2291740426485807,-3.1752203518933957,0.004280660994660846,-0.004415508879857317,-0.005732039179957354,42.99957368048639,91.60397527143526,515.6373263388076,6880.368507773924,0.000564180978146659,53.003260315048685,358.5644379523731,275.932544093265,205.55993062911466
15 Jul 2026 07:20:00.000000000,-3891.0692657885065,3479.730256678386,4487.448981449071,-6.273098513740741,-2.48914043742448,-3.5120710514468785,0.004751172729489073,-0.004244002099739968,-0.0054881218794902925,40.750362457666405,95.45696535660335,514.693017972778,6881.115891268748,0.0004544445269105388,53.005594236984614,358.5600012083689,273.0126763642162,212.28175093993076
15 Jul 2026 07:21:00.000000000,-4258.63648774993,3322.8514451572782,4266.9996952088395,-5.97464523217188,-2.738261073078524,-3.8335656546243557,0.005201185051812797,-0.004053797028139208,-0.005219943336489825,38.36386761583545,99.03559749853441,513.7088899917009,6881.898733200378,0.0003528501698800462,53.00803957277951,358.5559633466341,265.2033716505196,223.89310208997932
15 Jul 2026 07:22:00.000000000,-4607.499401070651,3151.3783725690923,4027.757188426234,-5.649845296764298,-2.975437015099512,-4.138281134470563,0.005628692147093032,-0.0038456861577017562,-0.004928628628134385,35.8591677290018,102.3659127494872,512.6990143739155,6882.70330156379,0.0002771378478801458,53.01055319946257,358.5523393729331,248.7882637307534,244.11035007340013
15 Jul 2026 07:23:00.000000000,-4936.1188527139875,2966.0594462659974,3770.76914947444,-5.300106096177656,-3.1996193101989467,-4.424865137279955,0.006031774765259102,-0.0036205440319002423,-0.00461540967819001,33.2529984966977,105.47442368616383,511.677872527157,6883.515465901036,0.0002571884977425259,53.01309077730371,358.54913702106205,223.64101156813723,273.0598376075887
15 Jul 2026 07:24:00.000000000,-5243.04353202596,2767.70438949696,3497.1621296347284,-4.926947380359596,-3.4098138386379686,-4.692042288673623,0.006408610019640784,-0.003379324762164129,-0.00428162159254368,30.559963656104284,108.38695194829599,510.660116689357,6884.320944574575,0.00030538619576928755,53.01560752860248,358.5463566125944,201.5045463338716,298.99863714753235
15 Jul 2026 07:25:00.000000000,-5526.9165333048295,2557.1808100713106,3208.1367409422296,-4.531995190088094,-3.605086002317536,-4.938620259371739,0.006757481158645964,-0.0031230590215908806,-0.003928698294745856,27.79278936082771,111.1279669749493,509.66032695681145,6885.10555568793,0.0003960630763177896,53.01805902487806,358.54399104681613,189.30306100724758,315.00256127333427
15 Jul 2026 07:26:00.000000000,-5786.481536615778,2335.4104934915517,2904.962498340192,-4.116975203588542,-3.7845652163071093,-5.163495547562492,0.007076787203621342,-0.0028528504857902085,-0.003558167426391711,24.962586487236944,113.72027420666919,508.6927681285423,6885.855467256243,0.00050372256534511,53.020401968637685,358.54202592112654,184.0221018258792,324.08607117747783
15 Jul 2026 07:27:00.000000000,-6020.588572187359,2103.365433333514,2588.9723245062532,-3.683705511788033,-3.9474491699763714,-5.365658932990841,0.007365052331154825,-0.0025698717000486085,-0.003171644489068069,22.079100833456803,116.18493338246122,507.77115066549845,6886.557442183953,0.0006155428907776612,53.0225949559693,358.54043978006865,182.48497922971328,329.42586560906915
15 Jul 2026 07:28:00.000000000,-6228.199334634779,1862.063613728446,2261.5567384403216,-3.234088841262886,-4.093007823030539,-5.544200557041481,0.007620934872586802,-0.002275359365758052,-0.00277082622326545,19.150941504074975,118.54132018457597,506.9084000921802,6887.199073639523,0.0007251811907022121,53.024599206511425,358.5392044886976,183.01283770921975,332.7008108664625
15 Jul 2026 07:29:00.000000000,-6408.392014644723,1612.5645608760117,1924.1577516453967,-2.7701042518019854,-4.220587101674007,-5.69831458326921,0.007843235796868313,-0.0019706090508260724,-0.0023574832356246444,16.185784178247374,120.80727174759089,506.1164391099786,6887.769006536542,0.000828956026300705,53.02637924790046,358.5382857239439,184.76262260190327,334.75397379685415
15 Jul 2026 07:30:00.000000000,-6560.365617611638,1355.9646825980628,1578.2624984272138,-2.293798343540592,-4.329612260838172,-5.82730339408925,0.008030906541841463,-0.0016569693429274435,-0.0019334519046242367,13.19054966520556,122.99927721328369,505.40598653943414,6888.257141032588,0.0009243913731096311,53.027903542569774,358.53764357542116,187.28779315556255,336.03190848802586
15 Jul 2026 07:31:00.000000000,-6683.4437410558585,1093.39241693583,1225.3966294270754,-1.8072760165375978,-4.4195908799620875,-5.930581281695092,0.00818305606756641,-0.0013358354792224803,-0.0015006256142605819,10.171560127487203,125.13268925345085,504.7863769612994,6888.65481424487,0.0010096628652772918,53.02914504576875,358.53723324530023,190.33591124962803,336.78706726528503
15 Jul 2026 07:32:00.000000000,-6777.077785453933,826.0032126906435,867.1174999081035,-1.3126908332346656,-4.490115462174003,-6.007677594704314,0.008298957006337548,-0.0010086424976078318,-0.001060945380361602,7.134676285214889,127.22194256311069,504.26540458361694,6888.954956749299,0.001083372378685595,53.03008168485982,358.53700583498204,193.75577291033653,337.1706688629923
15 Jul 2026 07:33:00.000000000,-6840.84957634923,554.9743665261125,505.0071864909709,-0.8122350411875819,-4.540865609868884,-6.058239306474789,0.00837805080240375,-0.0006768579689249658,-0.0006163899526249905,4.085419259747348,129.28077199885175,503.8491944292791,6889.152220872993,0.001144450055658759,53.03069675132389,358.536909204805,197.4524213897108,337.27768500646175
15 Jul 2026 07:34:00.000000000,-6874.473379239395,281.4997427593644,140.66536791256502,-0.3081293195687286,-4.571609753531132,-6.082032976390896,0.008419951747905715,-0.0003419743796621748,-0.00016896548834186015,1.0290807592838347,131.32242732641348,503.5421034227971,6889.243078300732,0.0011921091517954191,53.03097919843302,358.53688889171764,201.36397558355728,337.17001163532615
15 Jul 2026 07:35:00.000000000,-6877.797292699018,6.784403237976074,-224.29789308576798,0.19738768199225146,-4.582206415120307,-6.078946081555241,0.008424449838417057,-5.501243995390724e-06,0.00027930509437248046,-2.029174773115081,133.35988420650443,503.34665336858836,6889.225885083632,0.0012258235097598632,53.030923839205144,358.53688906872515,205.44900141383897,336.88909714975466
15 Jul 2026 07:36:00.000000000,-6850.804009426619,-267.96082432847163,-588.2694284802029,0.7020699398140848,-4.572604992306473,-6.0489877030744275,0.00839151239819374,0.0003310429681844896,0.0007263929667466048,-5.08421253542925,135.40605260981704,503.2634971702902,6889.100912751562,0.001245314404688063,53.03053144101438,358.5368535292231,209.67928419433156,336.4631696676293
15 Jul 2026 07:37:00.000000000,-6793.610939325662,-541.5248105415802,-949.6402653075309,1.2036747128990044,-4.542846055170103,-5.992288558313915,0.008321284441904692,0.0006661389965523059,0.0011702743208477945,-8.130830828468115,137.47398463989884,503.29141895876796,6888.870344875822,0.0012505405280888147,53.029808715057705,358.5367266788008,214.03551990918842,335.9115453702945
15 Jul 2026 07:38:00.000000000,-6706.469693258732,-812.7015916113465,-1306.8129083367667,1.6999731840015408,-4.493061152521479,-5.9091003779137985,0.008214087770698868,0.0009982749555582393,0.0016089412580217186,-11.163662182966506,139.577083929252,503.4273680949775,6888.538239090634,0.0012416880274370838,53.02876820074299,358.53645451696974,218.50466322596517,335.2472801225683
15 Jul 2026 07:39:00.000000000,-6589.764930665148,-1080.2958103919282,-1658.2085659267839,2.188761009427048,-4.423472130588004,-5.799794633796078,0.00807041881812459,0.0013259544067575307,0.0020404125110779366,-14.177068684669528,141.72931840067724,503.66652631238617,6888.110455246101,0.0012191590426267674,53.02742804693163,358.53598559139675,223.07826119363128,334.47883542369084
15 Jul 2026 07:40:00.000000000,-6444.012578719571,-1343.1281020988172,-2002.2742805067903,2.667868703783429,-4.334389972304709,-5.664860631644183,0.007890945291353644,0.0016477042488007032,0.002462743882514168,-17.16502793147714,143.9454371660558,504.0024065827445,6887.594551015572,0.0011835579743331368,53.02581169380681,358.5352719077003,227.75140396593162,333.61112735578973
15 Jul 2026 07:41:00.000000000,-6269.8574350461895,-1600.0403963052586,-2337.489926126063,3.1351717891235538,-4.226213170667705,-5.504902988192976,0.007676501670239044,0.0019620823408831875,0.0028740382886993624,-20.121005941731077,146.24119044307727,504.4269816473633,6886.999646902236,0.001135675165398681,53.0239474609135,358.53426977863546,232.52208817816663,332.6461629084288
15 Jul 2026 07:42:00.000000000,-6068.070170112676,-1849.9011077689966,-2662.3750369182967,3.5886006423843075,-4.099425654428725,-5.32063851994517,0.007428083648816496,0.0022676847835170935,0.0032724553110294397,-23.037813270628163,148.63354821301257,504.9308395713907,6886.3362631686405,0.0010764679470858132,53.021868048595884,358.53294059753716,237.39088611322705,331.58337054955695
15 Jul 2026 07:43:00.000000000,-5839.543749239709,-2091.610189869362,-2975.4954320805473,4.02614998060106,-3.954594288692838,-5.1128925754624,0.0071468416223689855,0.002563152790910202,0.003656220169958801,-25.907440706021426,151.14090831509782,505.50336316545935,6885.616131737469,0.0010070391798225249,53.01960996161028,358.53125152221725,242.36088229429907,330.4196634110008
15 Jul 2026 07:44:00.000000000,-5585.289297608396,-2324.104025910392,-3275.4696050337766,4.445887929866786,-3.792365976615947,-4.882594848024472,0.006834073330737398,0.0028471790993017344,0.004023632050912971,-28.720871414820216,153.78327691617255,506.1329296888058,6884.851986568342,0.0009286135445323641,53.017212865091395,358.5291760571239,247.43790467316876,329.1492079244803
15 Jul 2026 07:45:00.000000000,-5306.431434692219,-2546.3601352051382,-3560.9748467439213,4.845964631162923,-3.6134643913124447,-4.630774709111659,0.00649121578673094,0.003118513870693675,0.004373071732142366,-31.467867637859023,156.58239267786948,506.80712690919336,6884.0573363989,0.0008425119402396125,53.01471888426697,358.52669452334044,252.6311698508901,327.76277847546635
15 Jul 2026 07:46:00.000000000,-5004.2031071380625,-2757.4016726770938,-3830.7530756917226,5.224620343797093,-3.4186863692107643,-4.358556105768914,0.006119836613565694,0.0033759700617849724,0.004703008477906465,-34.136732517870094,159.56174914902343,507.5129813516797,6883.246224039397,0.0007501244356678064,53.01217186033102,358.5237944080006,257.95463703595726,326.2464033729626
15 Jul 2026 07:47:00.000000000,-4679.939951225558,-2956.3017026550583,-4083.6163496381555,5.58019301500258,-3.208897997393294,-4.067152066405794,0.005721624925162673,0.0036184282443065133,0.005012006182716502,-36.71405218224981,162.74644674982926,508.2371944211667,6882.432976624179,0.0006528823355234907,53.00961657567987,358.5204705868534,263.4297651263835,324.57860775144536
15 Jul 2026 07:48:00.000000000,-4335.074217799855,-3142.1872294488367,-4318.452036947928,5.9111252918510075,-2.985030428035089,-3.7578588601272753,0.0052983818742380695,0.0038448408744160374,0.005298728767292435,-39.18443087081761,166.16277593775595,508.9663820307335,6881.631951352074,0.0005522301271451491,53.00709796227196,358.5167254159724,269.0914099243253,322.7245163967666
15 Jul 2026 07:49:00.000000000,-3971.1282935934546,-3314.242969401556,-4534.227628094053,6.215970959247927,-2.748075452679742,-3.4320498539546627,0.004852010986221356,0.0040542360209202925,0.005561944842814567,-41.53024400253584,169.83739914240337,509.68731340388865,6880.857281286679,0.0004495986024745783,53.00466030718026,358.5125686909222,275.0017244861504,320.6219534948799
15 Jul 2026 07:50:00.000000000,-3589.707853839307,-3471.7148509195986,-4729.995170423986,6.493400794370121,-2.4990808682623817,-3.091169110993322,0.004384508390116349,0.004245720575427536,0.005800531677753016,-43.73145177748928,173.79596883631567,510.38714483542,6880.122625742794,0.0003463822613389409,53.00234646946472,358.5080174740871,281.2881134990389,318.1434884104306
15 Jul 2026 07:51:00.000000000,-3192.494681319553,-3613.913230946786,-4904.895311921917,6.742207834175006,-2.2391456651205064,-2.736724770179951,0.003897953037248257,0.004418482973381203,0.006013478508662128,-45.76553936454623,178.06101067299858,511.05364438496986,6879.440929658685,0.00024393237095914075,53.00019712229296,358.50309579319855,288.27289468967143,314.9667744885676
15 Jul 2026 07:52:00.000000000,-2781.239187087692,-3740.2158180701877,-5058.160942022756,6.961312057727323,-1.9694150651786777,-2.370282245343542,0.0033944969890731614,0.004571795466756029,0.006199889251988127,-47.607676310967754,-177.35105385505415,511.67540372874345,6878.824196152156,0.00014363507406914362,52.99825003378835,358.4978342164196,297.1237706504297,309.92407749178955
15 Jul 2026 07:53:00.000000000,-2357.752667854762,-3850.070294068692,-5189.120419717147,7.1497644892446335,-1.6910754360234344,-1.9934572778855297,0.002876355830623887,0.004705015989146969,0.006358984673003704,-49.23120954011142,-172.4337258585531,512.2420336976586,6878.283276187142,4.822501201738921e-05,52.99653939939366,358.4922693115497,318.0188836643823,292.8372210869162
15 Jul 2026 07:54:00.000000000,-1923.8993345201861,-3942.9966271884196,-5297.200381158759,7.306750730817721,-1.4053491038440713,-1.6079088736258904,0.002345799253777878,0.004817589663089293,0.006490104079922212,-50.60860534680605,-167.1947822763991,512.7443403749368,6877.827678944452,5.254680742709739e-05,52.99509523761502,358.4864429989745,101.67083615099372,152.99356675614567
15 Jul 2026 07:55:00.000000000,-1481.5881458401982,-4018.5890716909594,-5381.9281206740925,7.431593935603054,-1.113489085490182,-1.215332150659072,0.0018051418294015775,0.004909049992769732,0.0065927066014674395,-51.71291328573413,-161.6604316121727,513.1744790030943,6877.465406104344,0.00013976479696923563,52.99394285987751,358.48040180987374,120.75560240739759,137.71710245132917
15 Jul 2026 07:56:00.000000000,-1032.7644803466976,-4076.517849397196,-5442.93354062956,7.523757233151948,-0.8167737570086927,-0.8174511211820154,0.00125673397444166,0.004979019789796559,0.0066663721118398,-52.519718093394104,-155.878088784928,513.5260833511729,6877.202812815005,0.00022335209822885014,52.99310242389265,358.4741960629243,130.01821992404118,132.26275170756
15 Jul 2026 07:57:00.000000000,-579.4016790825948,-4116.530509867672,-5479.950666832897,7.582845618200886,-0.5165014735535729,-0.4160114269573755,0.0007029531004561926,0.005027211871838616,0.00671080185583377,-53.009376966119916,-149.9163729478863,513.7943686108886,6877.044497651444,0.0003015325714220784,52.992588578444376,358.4678789741383,137.85352034713523,128.2356431364892
15 Jul 2026 07:58:00.000000000,-123.49249096760701,-4138.45296670321,-5492.81872724994,7.608607313097401,-0.2139851532272927,-0.012773045000520003,0.0001461949165247504,0.005053429567925337,0.006725818818427062,-53.16915711205647,-143.86128634410713,513.9762063192733,6876.9932233680165,0.00037390955062996763,52.99241020586092,358.4615057157086,145.31840524661789,124.57883513378246
15 Jul 2026 07:59:00.000000000,332.95954792648956,-4142.1902081341805,-5481.482792717595,7.600934612056974,0.0894531644171603,0.3904970223127114,-0.00041113515122532927,0.005057567058761589,0.006711367875428518,-52.9947872244271,-137.80858662403264,514.0701702414332,6877.049869726171,0.00044038599616351735,52.99257026669185,358.45513244056576,152.7090390103643,120.99612347250601
15 Jul 2026 08:00:00.000000000,787.9487703452583,-4127.726680665086,-5445.993979115379,7.55986421289625,0.3924877758496374,0.7920320602415197,-0.0009666304702345645,0.005039609568739749,0.0066675157458805645,-52.491008534065266,-131.85377930424238,514.0765525862935,6877.213419140585,0.0005010584672717753,52.99306574928306,358.44881529003976,160.13830433906358,117.37458630031782
15 Jul 2026 08:01:00.000000000,1239.4760384700244,-4095.126345071965,-5386.509211156333,7.485577038959643,0.6937947784227252,1.1900729462518769,-0.0015178916927937587,0.004999633418345002,0.006594450756040103,-51.67096691422573,-126.08217390248217,513.9973503689334,6877.480975342388,0.0005561762983606019,52.99388772506846,358.4426094022129,167.65407385642985,113.6663130180096
15 Jul 2026 08:02:00.000000000,1685.5573786578611,-4044.532404553689,-5303.290548623755,7.3783975508808775,0.9920575342183464,1.5828754347692553,-0.00206253527912425,0.004937805934283241,0.006492482409512796,-50.554620316624565,-120.56141893440011,513.8362221731686,6877.847814711753,0.0006061056345221452,52.99502150851254,358.4365679385803,175.27397674121676,109.85363812513852
15 Jul 2026 08:03:00.000000000,2124.232559655232,-3976.1667053493816,-5196.704076564009,7.238792544829353,1.2859721240535793,1.9687174100431322,-0.0025982021002953805,0.004854385205941276,0.0063620407465276654,-49.16658421375245,-115.33787633250546,513.598416005929,6878.30746939265,0.0006512891500115798,52.9964469187759,358.43074114624176,182.9980586178086,105.9364817883712
15 Jul 2026 08:04:00.000000000,2553.57358334394,-3890.3288106876066,-5067.2183616965785,7.067369431209365,1.5742527818149386,2.3459060936029674,-0.0031225661616338905,0.004749719666043727,0.0062036754612264195,-47.53389999350077,-110.43678347461352,513.2906693690977,6878.851840775186,0.0006922006577482416,52.99813863836984,358.42517547224685,190.81429703672342,101.92683479388397
15 Jul 2026 08:05:00.000000000,2971.693056628194,-3787.3947495671696,-4915.402478166388,6.864873985624438,1.8556372977364817,2.712785190638533,-0.0036333434769480694,0.0046242474657130096,0.006018054735983083,-45.684103460665504,-105.86512713027652,512.9210831023489,6879.471341423712,0.0007292965562427826,53.00006666234737,358.4199127456941,198.70165093305022,97.84570948889962
15 Jul 2026 08:06:00.000000000,3376.752412522185,-3667.815442606792,-4741.923606779555,6.632187562473829,2.1288923772435018,3.06774195690286,-0.0041283011109360624,0.00447849560751149,0.005805963743372993,-43.64378686687529,-101.61583283308697,512.4989709693604,6880.155063047939,0.0007629675509037104,53.00219682998034,358.4149894420345,206.6323612457065,93.7208395231222
15 Jul 2026 08:07:00.000000000,3766.969947873418,-3532.1148080768367,-4547.54421306453,6.370323760978821,2.3928189396064594,3.4092141645503578,-0.004605266391011099,0.00431307879437879,0.0055683027595308555,-41.437681395164354,-97.67210529672332,512.0346873650649,6880.890967666697,0.0007934949066172674,53.00449142942058,358.4104360424686,214.57415222849139,89.58447885337823
15 Jul 2026 08:08:00.000000000,4140.628644544907,-3380.887552245641,-4333.118810905535,6.080424533852424,2.646257338050204,3.7356969418533734,-0.005062136272130268,0.004128697949068343,0.005306084828854296,-39.08818365308581,-94.01121031346958,511.53943590847774,6881.666098707689,0.0008210155712445926,53.00690986456557,358.4062764996871,222.49250314612922,85.4711303133291
15 Jul 2026 08:09:00.000000000,4496.083740309961,-3214.7966493619333,-4099.590320120509,5.7637557303172375,2.8880924802275154,4.045749458154127,-0.005496886821972365,0.003926138359894412,0.0050204329224098065,-36.61520992802313,-90.607409266658,511.0250620469273,6882.466808427204,0.0008454997735740342,53.00940937226461,358.40252781924795,230.3529123853512,81.41528171405486
15 Jul 2026 08:10:00.000000000,4831.77001528656,-3034.5705179396086,-3847.9860281937863,5.421702067756294,3.117258825271275,4.338001421908097,-0.005907582772290178,0.0037062674069349945,0.004712576530937473,-34.03626453186869,-87.43403691197854,510.5038331256822,6883.278997729721,0.0008667432502999911,53.01194577713436,358.399199763859,238.12296210078563,77.44934135253531
15 Jul 2026 08:11:00.000000000,5146.208759488217,-2840.9999015248986,-3579.4131684212125,5.055761529951138,3.3327452310905086,4.61115935642963,-0.006292387068053858,0.003470031829957544,0.004383847643604029,-31.36663085082637,-84.46485207302214,509.98820966326167,6884.088364225202,0.0008843744171417243,53.01447427061012,358.3962946855886,245.77397850509303,73.60197781629944
15 Jul 2026 08:12:00.000000000,5438.014387089059,-2634.934463770268,-3295.0541289516673,4.667539194532417,3.5335996233468987,4.86401261515631,-0.006649570327679383,0.003218454503303606,0.004035676069698871,-28.619620296107986,-81.67483283680768,509.49061180727125,6884.880654186684,0.0008978750075765028,53.01695020045858,358.3938074888452,253.28214262647833,69.89700925983428
15 Jul 2026 08:13:00.000000000,5705.900663321321,-2417.279109421001,-2996.1613095854377,4.258740497852786,3.7189334557275218,5.095439096061931,-0.006977520114415353,0.002952630691963196,0.0036695840729781925,-25.80683756229138,-79.04057772697456,509.02318511927706,6885.641913969964,0.000906611350528317,53.01932985681992,358.39172572456005,260.62900196500857,66.352891721045
15 Jul 2026 08:14:00.000000000,5948.686510615219,-2188.9900446831075,-2684.051645672467,3.8311639518198826,3.8879259298666953,5.304410613417953,-0.007274749908996184,0.002673723773233699,0.003287180302474867,-22.93843801839883,-76.54044361630099,508.5975699400523,6886.358736433382,0.0009098727584743818,53.02157124093783,358.39002981375836,267.8014269108048,62.98276261542217
15 Jul 2026 08:15:00.000000000,6165.301361679889,-1951.0705923688886,-2360.100820989895,3.386693334123159,4.039827942634803,5.489997884548182,-0.007539907663208254,0.00238296041847441,0.0028901530174149847,-20.023364913217293,-74.15451721660759,508.22467861069543,6887.018497953743,0.0009069134461501656,53.02363480306856,358.3886933963802,274.7911195318858,59.79493180187095
15 Jul 2026 08:16:00.000000000,6354.790028741336,-1704.5667791539938,-2025.7371940174805,2.9272893805332143,4.1739657285911225,5.651375089623209,-0.007771783814291874,0.0020816252435406843,0.0024802626226761095,-17.069561563018826,-71.8644875051307,507.91448476309466,6887.609581774052,0.0008969948324818656,53.025484136631874,358.38768379906514,281.5938053203473,56.79368963418582
15 Jul 2026 08:17:00.000000000,6516.3170601095835,-1450.5627141956063,-1682.4354645058916,2.4549810153164957,4.289744166226189,5.787823963954755,-0.00796931863579784,0.0017710549474116025,0.002059333545984255,-14.084158102133918,-69.65346361201495,507.6758287408118,6888.121583641274,0.0008794257677038552,53.02708661646184,358.3869626135003,288.20822350402625,53.98031639461648
15 Jul 2026 08:18:00.000000000,6649.170557641977,-1190.1757802026002,-1331.7101095905318,1.97185616304867,4.3866497182214115,5.898737384683777,-0.00813160880755778,0.0014526319726389846,0.0016292455064281356,-11.073634783909023,-67.50576618079039,507.5162429664695,6888.545495995186,0.0008535989711485226,53.0284139700234,358.38648637499733,294.63498726986984,51.35422176773324
15 Jul 2026 08:19:00.000000000,6752.765431488232,-924.5516597599052,-975.1086208813499,1.4800521919763427,4.464252978319216,5.983622417185519,-0.008257913095466954,0.001127777733355992,0.0011919242397186302,-8.04396499791965,-65.40670881426055,507.4418007349543,6888.87386734678,0.0008190226299799218,53.02944277165926,358.38620732930406,300.875317048359,48.91421121042469
15 Jul 2026 08:20:00.000000000,6826.646071709417,-654.8592212782961,-614.2045758963018,0.9817460453529958,4.522210800473808,6.042102790877165,-0.00834765704073207,0.0007979454674561507,0.0007493317597315623,-5.0007416413840335,-63.34237861748695,507.45699148816135,6889.100933933051,0.0007753466382670246,53.030154851300495,358.3860742739986,306.92955020399984,46.65997587889335
15 Jul 2026 08:21:00.000000000,6870.488419923382,-382.28529027492186,-250.5905788610868,0.4791441226198912,4.560267989693156,6.07392077930757,-0.00840043657901552,0.0004646127809054948,0.00030345624996722424,-1.9492905820876973,-61.29941992983061,507.56462512417846,6889.222721242528,0.0007223833529110204,53.03053761059029,358.386033459691,312.7951628918387,44.59407035909447
15 Jul 2026 08:22:00.000000000,6884.101427978639,-108.02933280866634,114.12889278981613,-0.025528023249887895,4.578258538273979,6.078938465308112,-0.008416020521043987,0.00012927395925289923,-0.00014369831234351565,1.10522511920438,-59.2648222526324,507.76576732290334,6889.2371135657595,0.0006601230589296995,53.03058424100205,358.38602953510946,318.4636998200058,42.72498246752587
15 Jul 2026 08:23:00.000000000,6867.427894738718,166.70192127982875,478.34469892173644,-0.5300361026450688,4.576106395875028,6.057138378427771,-0.008394351854593987,-0.0002065678710816359,-0.0005901226878766696,4.15770667653037,-57.22571153446239,508.0597072455535,6889.143890321888,0.0005887446823172255,53.030293840257585,358.3860065195237,323.91519465098764,41.07271239684993
15 Jul 2026 08:24:00.000000000,6820.544676294084,440.69988712170857,840.450266382213,-1.0321475488416474,4.55382576693156,6.00862349869104,-0.008335547841970098,-0.0005414086458219202,-0.0010338129472715009,7.203023285178901,-55.169142986105804,508.44395830399134,6888.944728536926,0.0005086229415823118,53.0296714251316,358.385908785375,329.1064211784147,39.68052107701785
15 Jul 2026 08:25:00.000000000,6743.662269231275,712.7595371517515,1198.8487998748346,-1.5296419479069634,4.511520934146304,5.933616627710524,-0.008239898916826825,-0.0008737512422696359,-0.0014727809665878637,10.235914660822237,-53.08189324304935,508.9142920148191,6888.643171484182,0.00042033502797919115,53.02872784054157,358.3856820340022,333.94208484136357,38.643738197379506
15 Jul 2026 08:26:00.000000000,6637.123770897441,981.6847886751448,1551.9604363194364,-2.0203213674434966,4.449385612047428,5.83245913516004,-0.00810786640198867,-0.001202113248195946,-0.0019050647311930537,13.250888986026258,-50.950249891831014,509.4648042733276,6888.244564130626,0.0003246772926525824,53.027479566627456,358.3852742473703,338.18943167208516,38.195152801344705
15 Jul 2026 08:27:00.000000000,6501.403224823235,1246.2938387295371,1898.2293056741285,-2.5020205147077865,4.367701839735214,5.70560909537179,-0.00794007909402662,-0.0015250345364995078,-0.0023287383382836965,16.242112761073848,-48.75979717192845,510.08801272130205,6887.755956650366,0.00022274231608246855,53.02594842730092,358.3846365992166,341.1423570194593,39.040904118584486
15 Jul 2026 08:28:00.000000000,6337.103363530606,1505.4244189949682,2236.130462265066,-2.972616657987478,4.266838426800175,5.5536388351731825,-0.007737328782712234,-0.0018410845680143135,-0.002741921597086638,19.203288946953748,-46.495198232197254,510.7749832595392,6887.185977852766,0.00011648763098724626,53.0241612054515,358.3837243097237,339.3875553687984,44.5943313211332
15 Jul 2026 08:29:00.000000000,6144.952764778016,1757.9389444900305,2564.1766521057207,-3.430039249647281,4.147248970846654,5.377231919849299,-0.007500564785833337,-0.0021488693518001605,-0.0031427891354375817,22.12751970411116,-44.139976990301314,511.51548318696103,6886.544680917879,2.9240848301611395e-05,53.02214917161307,358.3824974288927,269.8724921041823,117.90800136381456
15 Jul 2026 08:30:00.000000000,5925.802440825941,2002.7295310115105,2880.924883438477,-3.872279194776723,4.009469468986191,5.177179609156742,-0.007230887604165121,-0.002447038003323999,-0.0035295789371034866,25.007150072803483,-41.67630693780452,512.2981579472191,6885.843364323691,0.00011856659501765707,53.01994753438813,358.3809215350001,198.43192846359648,193.14718366475842
15 Jul 2026 08:31:00.000000000,5680.6218834781475,2238.72285772254,3184.9827697672085,-4.297397715735985,3.854115548967213,4.954376819491194,-0.0069295418033145165,-0.002734288850353127,-0.0039006002465603842,27.833589284312858,-39.08482091213464,513.1107280418627,6885.094371277762,0.00023356396196001026,53.01759482227587,358.3789683360132,196.34962770070595,199.02814361764467
15 Jul 2026 08:32:00.000000000,5410.494590433014,2464.8848529141587,3475.014616899733,-4.7035347698599645,3.6818793482088745,4.709817631538162,-0.006597908246373959,-0.0030093750502741073,-0.004254240797256463,30.597107324338378,-36.34446594531689,513.9402023342163,6884.31087132547,0.0003497610788099277,53.015132207729174,358.37661616355507,198.8862541590943,200.2902432345542
15 Jul 2026 08:33:00.000000000,5116.6131008257735,2680.225182722519,3749.7472279421822,-5.088916984933183,3.4935260708519764,4.444590384945952,-0.006237495799500084,-0.0032711096941339286,-0.004588973334491316,33.28660634642682,-33.432442051113156,514.7731037241977,6883.506628090231,0.0004646803262004702,53.01260278525698,358.3738503508963,202.56476522091998,200.4105489614397
15 Jul 2026 08:34:00.000000000,4800.273569748473,2883.8015244209614,4007.9754027112585,-5.451865084528418,3.289890254013931,4.1598724027348535,-0.0058499326350402465,-0.00351837038597615,-0.004903361421961646,35.88937024169483,-30.324284490564608,515.595703022039,6882.695757306191,0.0005765349826236169,53.01005081617525,358.37066348844087,206.66672801305978,200.1075147862644
15 Jul 2026 08:35:00.000000000,4462.869913012498,3074.72360777905,4248.5671105854135,-5.790800782661908,3.071871774748661,3.856924388327053,-0.005436957254867446,-0.003750103299765814,-0.005196064539139606,38.39080208047483,-26.994176332915522,516.3942567865284,6881.8924794293725,0.0006836635089713382,53.00752095317664,358.3670555523154,210.95184678830927,199.62145472426067
15 Jul 2026 08:36:00.000000000,4105.887554387226,3252.1570098924053,4470.468318414627,-6.104253134318604,2.84043162874377,3.537084537213878,-0.005000409343140735,-0.003965326724964223,-0.005465842487974735,40.77416947874459,-23.41561075900728,517.1552449155191,6881.110871159437,0.0007844700144853262,53.00505745823212,358.36303390384967,215.31743473508584,199.0550709286615
15 Jul 2026 08:37:00.000000000,3730.8968082811175,3415.3266906525796,4672.707457499841,-6.390864334759924,2.596587510747953,3.2017624036841683,-0.004542220555676515,-0.004163134127314049,-0.005711559147917092,43.02039345902947,-19.562554903142278,517.8656038759077,6880.364620174415,0.0008774299262785982,53.00270342744559,358.35861316003957,219.71217217195078,198.4596954701011
15 Jul 2026 08:38:00.000000000,3339.5459309574812,3563.5202578465373,4854.399516115,-6.649394966399335,2.3414092249476672,2.852432560460582,-0.004064405329625317,-0.004342696754762604,-0.005932185622104116,45.10793769440628,-15.411285193904304,518.5129516291772,6879.666787277515,0.0009611096045629837,53.00050003635713,358.3538149372294,224.10713918198283,197.86425772976165
15 Jul 2026 08:39:00.000000000,2933.5538733975204,3696.090952453172,5014.749746165903,-6.878728696761308,2.0760139513797498,2.4906280860932415,-0.0035690517884248564,-0.004503265830301533,-0.006126802832995086,47.01288072728995,-10.943041497947524,519.085800536458,6879.029579984836,0.0010341891881854007,52.998485818833394,358.348667472525,228.48411064247495,197.28698944889595
15 Jul 2026 08:40:00.000000000,2514.7027685641187,3812.4603462094606,5153.056974606138,-7.077876434880441,1.8015613919047238,2.117933911396211,-0.0030583127952426904,-0.004644174375854361,-0.006294603628253403,48.70927808792408,-6.147542897154982,519.5737548047625,6878.4641413500085,0.001095485443760094,52.99669599210111,358.3432051294797,232.83011351325658,196.74086756904882
15 Jul 2026 08:41:00.000000000,2084.8301852782515,3912.1207448527093,5268.7165120040045,-7.245979956204694,1.519248816466375,1.7359800523989888,-0.0025343971900273956,-0.004764838714265161,-0.00643489446089113,50.16993142312678,-1.0271757125360619,519.9676893537694,6877.980357533676,0.0011439733112404875,52.995161839680634,358.337467796722,237.13455004253285,196.23649120090045
15 Jul 2026 08:42:00.000000000,1645.8211803509992,3994.6372915777397,5361.222652176549,-7.382315007605243,1.230306027558212,1.34643475346323,-0.0019995612279077053,-0.004864759698210551,-0.006547096709564015,51.367657198114976,4.398714242354427,520.2599073314309,6877.586687288482,0.0011788054772069606,52.993910162976185,358.3315001899095,241.38743977213036,195.78383983515556
15 Jul 2026 08:43:00.000000000,1199.6001796702471,4059.649766292279,5430.170758173806,-7.486293904645291,0.9359902578334528,0.9509975602303442,-0.0014561002165762596,-0.004943523711414486,-0.006630747699514537,52.277065498648334,10.090450724461528,520.4442738791814,6877.290016150574,0.0011993295936110289,52.99296281109259,358.3253510692011,245.5781264730208,195.39356666109134
15 Jul 2026 08:44:00.000000000,748.1227185466003,4106.874076995927,5475.258930893624,-7.5574676325374694,0.637581013372583,0.5513923388306814,-0.0009063403350293959,-0.005000803484361638,-0.006685501479953297,52.876711561338915,15.986929950509152,520.5163241363767,6877.095537713075,0.001205102950655652,52.992336297098205,358.3190723857727,249.6940945022997,195.07818249464424
15 Jul 2026 08:45:00.000000000,293.36707067356167,4136.10344035733,5496.289257572611,-7.595527460805616,0.33637487257452375,0.14936025446340898,-0.00035263060033627607,-0.005036358759476473,-0.006711129403327292,53.15129897780302,22.008025083301085,520.4733438747392,6877.0066639125735,0.0011959046026581344,52.99204150745888,358.31271837231554,253.71963760796277,194.85338728471942
15 Jul 2026 08:46:00.000000000,-162.67420531742886,4147.209249066635,5493.168638067404,-7.600306079261591,0.03368024883707902,-0.2533472798930739,0.00020266506178661086,-0.005050036835161714,-0.006707520544144365,53.09347403747639,28.060910452827294,520.3144215619208,6877.024965790623,0.0011717451962127991,52.99208350975733,358.30634459325415,257.63411465022864,194.73981472221834
15 Jul 2026 08:47:00.000000000,-618.0027731616062,4140.141624001723,5465.909187435631,-7.57177825997143,-0.2691878762717522,-0.6549756757022241,0.0007571756964641941,-0.005041773006170492,-0.00667468197862521,52.70475508566045,34.049383957189484,520.040471066827,6877.150145706596,0.001132875138412485,52.99246146211082,358.3000069712704,261.40942469591874,194.76555748862415
15 Jul 2026 08:48:00.000000000,-1070.623051752543,4114.929649621359,5414.628213819579,-7.5100610465029565,-0.5709132434734276,-1.0537742540683595,0.0013085312076391185,-0.005011590909660758,-0.006612738935421846,51.99533536204809,39.88403508672953,519.6542246361356,6877.380041480058,0.0010797924143355361,52.993168625938445,358.2937608070663,265.0060987661806,194.97007585694828
15 Jul 2026 08:49:00.000000000,-1518.5507450291514,4071.681291344211,5339.547771094942,-7.415413468172063,-0.8701836242195896,-1.4480033361135782,0.0018543703145150598,-0.004959602775896508,-0.006521934813626182,50.982816334463145,45.490732549328015,519.1601961900807,6877.710662435276,0.001013252626831125,52.9941924819348,358.2876598094982,268.3669227313902,195.41057514423605
15 Jul 2026 08:50:00.000000000,-1959.8213403177588,4010.582994024151,5240.99378622242,-7.28823577346358,-1.1656961410360354,-1.8359413300319327,0.0023923486338194265,-0.004886009569617057,-0.006402631047104288,49.69021924255462,50.81563682849828,518.5646154055739,6878.136256814657,0.0009342863994395783,52.995514947313126,358.2817551529875,271.4060046842085,196.17293867773415
15 Jul 2026 08:51:00.000000000,-2392.4985460447565,3931.898961025179,5119.394761782868,-7.129068173525238,-1.4561625926601922,-2.215891804793898,0.002920146939232774,-0.004791101001595467,-0.00625530678564223,48.14375348432713,55.826302904134366,517.8753334745679,6878.649409524768,0.0008442349080376553,52.99711269061697,358.27609457873467,273.98903364459323,197.39146941417889
15 Jul 2026 08:52:00.000000000,-2814.682639094053,3835.9701138744836,4975.280054836333,-6.938589083843046,-1.740314775223736,-2.58619053818307,0.0034354796387806846,-0.0046752553767681945,-0.006080558346319843,46.37076613004765,60.50964693789092,517.1017018445559,6879.241168686616,0.000744827627472185,52.99895753869496,358.2707215554503,275.89553307103336,199.28663673149384
15 Jul 2026 08:53:00.000000000,-3224.5186913040307,3723.2127330562716,4809.277734065287,-6.717612850102698,-2.0169097885934586,-2.94521252388819,0.00393610349871659,-0.004538939240537131,-0.0058790983825588025,44.3981308674507,64.86811800451034,516.2544256629185,6879.901198983886,0.0006383606626463802,53.00101696881949,358.2656745143744,276.7420461524274,202.2418914124458
15 Jul 2026 08:54:00.000000000,-3620.2046437076438,3594.1167812381073,4622.112018180055,-6.46708694300523,-2.284735314397152,-3.2913789188749787,0.004419826626203612,-0.004382706776588933,-0.005651754708001254,42.2511566729995,68.91534916522697,515.3453940552298,6880.617959348825,0.0005281300382370494,53.003254677434356,358.2609861720274,275.8161235241546,206.9696781712027
15 Jul 2026 08:55:00.000000000,-3999.999196191108,3449.243911110972,4414.600299807142,-6.188088606572495,-2.542614849367615,-3.623163908378428,0.004884517705289933,-0.004207198905890044,-0.0053994687081906885,39.95297017742234,72.67215765760753,514.3874897641213,6881.378902099027,0.00041955990776844154,53.00563121566349,358.2566829526755,271.7087422216709,214.87901690457574
15 Jul 2026 08:56:00.000000000,-4362.229479329911,3289.225161098752,4187.649760567319,-5.8818209453583865,-2.7894128745361573,-3.9391014617608437,0.00532811546239223,-0.004013142034956118,-0.005123293271791437,37.52426544289935,76.16331771140553,513.394381054011,6882.170690248749,0.0003232401139450471,53.00810468053014,358.2527845207082,261.63864295594834,228.75116557945603
15 Jul 2026 08:57:00.000000000,-4705.298474342971,3114.7583434464345,3942.2535847860795,-5.549608438022188,-3.0240399376663483,-4.237791948362221,0.005748638316050713,-0.003801346400149416,-0.004824390172183132,34.983304852620975,79.41519918974086,512.3802991408085,6882.97942937235,0.0002612692194409156,53.01063144984016,358.2493034313152,241.8673299139954,252.32462054981957
15 Jul 2026 08:58:00.000000000,-5027.69214643629,2926.6051306467575,3679.4867812587313,-5.192891867943815,-3.2454576232452084,-4.517908578521519,0.006144194148855266,-0.0035727039597783622,-0.004504026837858393,32.34607176680002,82.4541812545485,511.35980472514757,6883.790910102693,0.0002635331303779972,53.01316694789678,358.2462449057022,215.87809449191272,282.11609289332023
15 Jul 2026 08:59:00.000000000,-5327.986256375126,2725.5878477853853,3400.5016247008693,-4.813222665917873,-3.4526833815236517,-4.778203631360093,0.00651299011878436,-0.0033281857887251837,-0.00416357245483118,29.6265014166693,85.30567911841784,510.3475474837992,6884.590857111202,0.00032883273340791896,53.015666428647684,358.2436067349814,196.7319947293023,305.06452899701026
15 Jul 2026 09:00:00.000000000,-5604.852814984072,2512.5859801699157,3106.522730919643,-4.41225666537462,-3.644795185635474,-5.017514427879616,0.006853342411496451,-0.003068838938620353,-0.003804493356132787,26.83674107164219,87.99361720039913,509.35802259577326,6885.365180246844,0.00042706576635913595,53.01808576253351,358.24137931457386,187.14877162932348,318.45019420721275
15 Jul 2026 09:01:00.000000000,-5857.066145489418,2288.5324075223125,2798.84178230988,-3.9917472769094706,-3.8209359838684716,-5.234769005594551,0.007163685821691429,-0.002795782736216259,-0.0034283476669044956,23.987409860103256,90.5402072976008,508.405328537062,6886.100223413035,0.0005370329048497199,53.02038221321341,358.2395458087241,183.33267877657048,326.0688431316094
15 Jul 2026 09:02:00.000000000,-6083.508519237774,2054.4093780340568,2478.8119229568097,-3.553538095988913,-3.9803179128149795,-5.42899144944551,0.007442583039904641,-0.0025102045030429877,-0.003036779188042212,21.08784224533928,92.96592388306834,507.50293046120265,6886.783006742795,0.0006486242372155248,53.02251519049285,358.23808244240087,182.60152389476187,330.6026779527615
15 Jul 2026 09:03:00.000000000,-6283.175331387461,1811.2442376621748,2147.841845363292,-3.09955496533546,-4.122226236492813,-5.5993068332314655,0.0076887335136631724,-0.0022133546920389668,-0.002631510518565846,18.146308003587972,95.28959978445216,506.66343348285307,6887.401457694339,0.0007566259403718323,53.02444696616828,358.23695891561005,183.60341565165348,333.40360144778936
15 Jul 2026 09:04:00.000000000,-6455.179784701611,1560.1049321352732,1807.3895935531455,-2.631797521445027,-4.246022976669106,-5.744945726338443,0.007900981750354773,-0.0019065414508136374,-0.002214335435365529,15.170206911088439,97.5285905208236,505.8983700917477,6887.9446268364145,0.0008578542871501779,53.02614334013026,358.2361389330249,185.65321341146483,335.1567670169396
15 Jul 2026 09:05:00.000000000,-6598.7570515818015,1302.0953012072548,1458.9561099639595,-2.1523302627131793,-4.351150200572397,-5.865248222174372,0.008078324927299346,-0.001591124633811167,-0.0017871105661273294,12.166239370709771,99.69897410020644,505.218005740185,6888.4028843245815,0.0009500915137269273,53.027574244915265,358.23558083971864,188.38119563741049,336.23191002234626
15 Jul 2026 09:06:00.000000000,-6713.267886968034,1038.3501866734841,1104.0785560783734,-1.6632731844817832,-4.4371329339660885,-5.95966744744222,0.0082199196835652,-0.0012685093008454585,-0.001351746410724782,9.140555765954078,101.81576608643132,504.6311663671537,6888.768093384548,0.001031674776201593,53.028714277959175,358.2352383519674,191.5745881433884,336.84181924256836
15 Jul 2026 09:07:00.000000000,-6798.201667674155,770.030377518379,744.3234390731666,-1.1667920337083013,-4.503581670149783,-6.027772515167391,0.00832508797296853,-0.0009401387511372109,-0.000910197781899975,6.098888021651584,103.89313853338399,504.1450912484623,6889.0337575128,0.001101325587746622,53.029543152061095,358.23506137032945,195.10403118186952,337.1158694612436
15 Jul 2026 09:08:00.000000000,-6853.178837091939,498.31741723453587,381.2795788480731,-0.6650882426691512,-4.550194448812975,-6.069250889157513,0.008393321876422532,-0.0006074871555512919,-0.0004644537531210997,3.0466670677762036,105.94463714472757,503.76531409999717,6889.195138571638,0.0011580744425259938,53.03004605599189,358.23499686077406,198.88733728780693,337.1362632759799
15 Jul 2026 09:09:00.000000000,-6877.952737937436,224.4082998085193,16.550951558063677,-0.16038860690389858,-4.576758482707664,-6.083910133208915,0.008424287283238796,-0.00027205185911484593,-1.6527213516283938e-05,-0.010870111188524932,107.98339468149187,503.4955748205849,6889.2493434871585,0.0012012253952075444,53.030213918757504,358.23498978833845,202.87050355085455,336.95701846168174
15 Jul 2026 09:10:00.000000000,-6872.4108197667165,-50.489917949169886,-348.25055281598634,0.3450652227030869,-4.583151314734187,-6.071679024735112,0.00841782637546896,6.465456441032247e-05,0.0004315558584579299,-3.0685802580690416,110.02234088162812,503.33776365318784,6889.195377842525,0.0012303376909135273,53.03004357272119,358.23498408691904,207.01720637375092,336.614472837292
15 Jul 2026 09:11:00.000000000,-6836.5752122852455,-325.1655591452765,-711.5124203142465,0.849027360372531,-4.569341493118909,-6.032608019411874,0.008373958868370215,0.0004011124182806629,0.0008777672838437314,-6.121316973534857,112.074410425768,503.29189888563195,6889.034165284943,0.001245214169234708,53.029537812573494,358.2349236480439,211.30271336995602,336.13337198997976
15 Jul 2026 09:12:00.000000000,-6770.60265993772,-598.4077954569727,-1071.6288111311897,1.3492583430327334,-4.535388757768225,-5.966869060717212,0.008292881985408038,0.0007358030567725463,0.0013200876111092213,-9.163833770569394,114.15275105421021,503.35613852124806,6888.768532316538,0.0012458915272557656,53.02870534898167,358.23475331116595,215.71021953200307,335.53053273256876
15 Jul 2026 09:13:00.000000000,-6674.783817808869,-869.0121122793412,-1427.0078267535082,1.8435357490796118,-4.48144373645361,-5.874754735689521,0.00817496917042506,0.0010672170342386816,0.001756516959007801,-12.190683623492678,116.27093393815721,503.5268256462713,6888.40315870384,0.0012326299877747568,53.0275606576196,358.23441983791463,220.22858061934284,334.81710935266284
15 Jul 2026 09:14:00.000000000,-6549.5419134029235,-1135.785741044328,-1776.0787071198017,2.3296647031615128,-4.407747155058503,-5.7566767856211385,0.008020767561319269,0.0013938621368608489,0.0021850856524511255,-15.19611151537901,118.44316783134838,503.79856652432954,6887.944494401252,0.0012059011369318063,53.02612372614079,358.2338728530546,224.85089247195637,334.0000139543404
15 Jul 2026 09:15:00.000000000,-6395.430783316514,-1397.553029793058,-2117.2989195437103,2.805488194123447,-4.31462857154433,-5.613163987540951,0.007830994278975125,0.0017142712093024402,0.002603864536439135,-18.17393637812368,120.68451724501578,504.16433977883963,6887.400644526297,0.0011663733452608842,53.02441970347545,358.2330657353945,229.573612963023,333.0827941859693
15 Jul 2026 09:16:00.000000000,-6213.1322980892655,-1653.1607238314687,-2449.1611022896395,3.268897136882025,-4.202504648409647,-5.444859429016596,0.007606531597982899,0.002027009693865492,0.003010974860938995,-21.11741871242104,123.01112262097192,504.61563440016084,6886.7812245327605,0.001114894560503623,53.02247845758015,358.2319564428339,234.39606199810765,332.0661329531782
15 Jul 2026 09:17:00.000000000,-6003.4531925375895,-1901.4831293181726,-2770.199827211808,3.717840113830021,-4.071876983092816,-5.252517204846456,0.007348421092169347,0.0023306828090134185,0.0034045976428553866,-24.019110155360934,125.44041676434199,505.1426137525593,6886.097188289626,0.001052472494103441,53.02033404940708,358.23050825680957,239.32022226624895,330.9480474175609
15 Jul 2026 09:18:00.000000000,-5767.321322575531,-2141.427133938228,-3078.9981477336905,4.150332737258987,-3.923329519869792,-5.0369985694542,0.007057856860476891,0.0026239423045758864,0.0037829824255435868,-26.870681479710996,127.99132595240916,505.7343022700642,6885.360632275965,0.0009802523816079436,53.018024132363344,358.22869043288995,244.3508326347396,329.72379539467516
15 Jul 2026 09:19:00.000000000,-5505.781372849152,-2371.9370603345774,-3374.193900600994,4.564466581006251,-3.757525570232925,-4.799267583117173,0.00673617794846057,0.002905492741672016,0.004144455370990613,-29.662726209341574,130.6844352067889,506.37879113057164,6884.5845795352525,0.0008994926152440258,53.01558928787092,358.2264787458751,249.49584486100719,328.38541848257574
15 Jul 2026 09:20:00.000000000,-5219.990042413417,-2591.9993296776647,-3654.4857322252687,4.958417636856852,-3.57520447142285,-4.540386293466391,0.006384860095465411,0.0031740972605927417,0.004487426640578249,-32.384538618750014,133.54208399119256,507.06345889052574,6883.782747387198,0.000811538647694662,53.013072308789866,358.22385591966037,254.76744266978562,326.9207228764963
15 Jul 2026 09:21:00.000000000,-4911.2107381323995,-2800.6469145975893,-3918.6388229943113,5.330454258913543,-3.377177914680817,-4.261509495931843,0.006005506932747277,0.0034285828104702884,0.004810397034212012,-35.02386796504805,136.5883397479471,507.77520285246453,6882.969303168455,0.0007177956749504942,53.01051744340793,358.2208119341476,260.18408698407654,325.31123408410855
15 Jul 2026 09:22:00.000000000,-4580.807807443942,-2996.9635626534605,-4165.490285606105,5.678944566955421,-3.1643259758558853,-3.9638791179395354,0.0055998407646172576,0.0036678448305626477,0.0051119638791538346,-37.56665626682187,139.84877121906146,508.50067682270856,6882.158612458093,0.000619700772260601,53.00796961341531,358.21734420369273,265.7746845177023,323.52802833581046
15 Jul 2026 09:23:00.000000000,-4230.240343731872,-3180.0877734372298,-4393.954216122005,6.002363287338759,-2.937592881341777,-3.648818271839454,0.005169693056134108,0.0038908513846845276,0.005390826175255913,-39.996775969167764,143.34991181065863,509.22653089439063,6881.364984341985,0.0005186955219852362,53.005473619756884,358.21345762387165,271.58769832388015,321.5226220958903
15 Jul 2026 09:24:00.000000000,-3861.0555984599882,-3349.216514479921,-4603.026379248174,6.299298017404787,-2.6979825417513976,-3.317725020509245,0.0047169947422943045,0.004096646762030932,0.005645789018563686,-42.295797736307755,147.11826924416093,509.9396489556136,6880.602418280739,0.00041620123650722,53.003073350477834,358.2091644856859,277.7134319637919,319.2046880117632
15 Jul 2026 09:25:00.000000000,-3474.8820350498268,-3503.608662930672,-4791.788511813034,6.568454905764041,-2.446553884705292,-2.972065897959574,0.004243766464197695,0.004284354569693155,0.005875767341017682,-44.44283834618162,151.17871225952564,510.6273797645075,6879.884357072724,0.00031360286303738343,53.00081100464976,358.2044842586904,284.3483892786496,316.3776953157754
15 Jul 2026 09:26:00.000000000,-3073.422059631439,-3642.5881618955086,-4959.412230989271,6.808663746781889,-2.1844160162940955,-2.6133692246235203,0.003752108819451814,0.004453180348807709,0.006079789012190571,-46.41456368281682,155.55207065148684,511.27775764467134,6879.223450251302,0.00021226789967022849,52.998726346180135,358.1994432469035,292.035874388215,312.4983100551022
15 Jul 2026 09:27:00.000000000,-2658.4444637919623,-3765.5468820000788,-5105.162536074978,7.01888249238145,-1.912723238603864,-2.2432182539263734,0.0032441927012281254,0.0046024137564688785,0.006256997362170239,-48.18544800906685,160.25185871849237,511.87970912429466,6878.631332029457,0.00011379838655805749,52.99685600077592,358.19407412360033,303.10294577106185,305.2394412913855
15 Jul 2026 09:28:00.000000000,-2231.7766141282623,-3871.947180314333,-5228.400894758019,7.198201188074995,-1.6326699481469051,-1.8632441831869908,0.002722249776523495,0.004731430354710793,0.0064066531827092505,-49.728407604621715,165.28022171536122,512.4232421602106,6878.118417611695,2.6766767658664806e-05,52.99523280856111,358.1884153532604,352.7267859601822,259.42387173255526
15 Jul 2026 09:29:00.000000000,-1795.296422840132,-3961.3241501985185,-5328.587906682738,7.345845342818756,-1.3454854372585836,-1.4751190580825173,0.002188563141963691,0.004839693057412621,0.006528136276086556,-51.015915853561644,170.62354354728274,512.8996149450255,6877.69372134219,7.960671265615807e-05,52.99388524385091,358.18251051096735,108.39354661849102,147.5654130279701
15 Jul 2026 09:30:00.000000000,-1350.9241331099333,-4033.2875568319237,-5405.285538742107,7.461178743748281,-1.0524286178194677,-1.0805485962420527,0.0016454581695122762,0.004926753276717305,0.006620946607737268,-52.02164422258402,176.248608650708,513.3014816808682,6877.364699754432,0.000165212353350845,52.99283691238336,358.1764075113916,123.07995264621697,136.68730206844742
15 Jul 2026 09:31:00.000000000,-900.6139520930398,-4087.5234543156967,-5458.15892800395,7.543705727377962,-0.7547826838068953,-0.681264951694193,0.0010952935431961582,0.004992251816658704,0.006684705126472426,-52.72254356031445,-177.89938252691383,513.6230131109788,6877.137122141244,0.0002465705144307771,52.99210613491996,358.170157761071,132.1247616237279,131.4507419825169
15 Jul 2026 09:32:00.000000000,-446.3455638440256,-4123.795481105954,-5486.977749322979,7.5930729181795265,-0.45384972681479885,-0.2790194387628117,0.0005404524677355499,0.005035919550654217,0.006719154300509534,-53.10109854058721,-171.89559105608038,513.8599900222475,6877.014970783481,0.00032246867868705384,52.99170562458023,358.16381524910287,140.02589531425048,127.35777109696802
15 Jul 2026 09:33:00.000000000,9.884446229593873,-4141.945831336159,-5491.617145737858,7.609070444038013,-0.15094531646866474,0.12442476890065547,-1.6665981453962366e-05,0.005057577915404233,0.006724158411586223,-53.14732121575865,-165.83035349258745,514.0098683635963,6877.000372466103,0.0003925923236127724,52.991642263596354,358.1574355924074,147.59900467976496,123.59269840144376
15 Jul 2026 09:34:00.000000000,466.07122428230696,-4141.895900239343,-5472.0582206025765,7.591632635891101,0.15260694402610664,0.5272999506178649,-0.0005736554080482243,0.0050571392467324665,0.006699703639577235,-52.85999941263101,-159.8005177318331,514.0718150624617,6877.093562382451,0.00045690782813851647,52.991916983395996,358.1510750525796,155.10278275043015,119.89679116913297
15 Jul 2026 09:35:00.000000000,920.2103075754939,-4123.64660245357,-5428.388091149877,7.54083821616038,0.4554808781352488,0.9278411502523324,-0.0011281105927729875,0.005034606969617313,0.006645897951967934,-52.24685503089488,-153.89915917783546,514.0467140616734,6877.29288098643,0.0005155683949096606,52.99252475007375,358.1447895417629,162.64146221774718,116.1657778556143
15 Jul 2026 09:36:00.000000000,1370.3062801047115,-4087.2783625136003,-5360.799503866256,7.456909977583427,0.7563532035853665,1.324293475650571,-0.001677635990708756,0.004990075650174101,0.006562970806344703,-51.323566257098776,-148.20624445422143,513.937142539656,6877.594803806327,0.0005688705091559831,52.99345465543131,358.1386336352376,170.2597916071348,112.35487241235882
15 Jul 2026 09:37:00.000000000,1814.3813937571151,-4032.9507773335354,-5269.590012724586,7.340213950982617,1.0539089988131418,1.714919374416487,-0.0022198542784198525,0.004923730901908576,0.006451272653452305,-50.11192921595521,-142.78239036460437,513.7473177164271,6877.994003688802,0.0006172143619270832,52.994690111885454,358.13265960819604,177.97328090142258,108.44852913565354
15 Jul 2026 09:38:00.000000000,2250.4841242649495,-3960.9019510058897,-5155.160722021981,7.191258057592989,1.346847159190705,2.0980058735312745,-0.002752414996828055,0.004835849132334701,0.006311274220185678,-48.63762541376312,-137.666596336787,513.4830150848426,6878.483444405989,0.0006610603786399435,52.99620914769523,358.12691651379583,185.7799018818933,104.44874277678322
15 Jul 2026 09:39:00.000000000,2676.6976308624858,-3871.4475028188513,-5018.014596355458,7.010690239040877,1.6338858327496797,2.471871768631887,-0.0032730033276783723,0.00472679710536302,0.006143565537928284,-46.92805848987468,-132.87747968395837,513.1514593386206,6879.054504036462,0.0007008815504230276,52.997984797180315,358.1214493187724,193.66552718303365,100.3696099101178
15 Jul 2026 09:40:00.000000000,3091.1480880648764,-3764.9792500565923,-4858.754341180205,6.799296056122801,1.9137678234298037,2.834874746398853,-0.003779349029562792,0.004597031286632329,0.00594885467120722,-45.01057813199796,-128.41675011893787,512.7611896942612,6879.697126032217,0.0007371139577517891,52.99998557892101,358.1162981118765,201.60716706511218,96.23409254826178
15 Jul 2026 09:41:00.000000000,3492.012857396967,-3641.963567928462,-4678.07985847188,6.557995746362331,2.1852659477393237,3.1854184205971108,-0.0042692355463643614,0.004447096934308195,0.0057279660959568155,-42.91122261928424,-124.27355984454086,512.3219017186835,6880.3999954129595,0.0007701092828411492,53.00217605337873,358.1114973990622,209.5755279976536,92.07145990504142
15 Jul 2026 09:42:00.000000000,3877.528466271699,-3502.939429891465,-4476.7852832832195,6.287840730064603,2.447188328254509,3.52195925901127,-0.004740509282822181,0.0042776268904206605,0.00548183866764067,-40.653963940542184,-120.42871032659556,511.8442681741439,6881.150737094292,0.0008000937146321015,53.00451744998039,358.10707549780466,217.5374496004721,87.91485175420551
15 Jul 2026 09:43:00.000000000,4245.998360602398,-3348.51613270593,-4255.75560846576,5.9900095553532395,2.698383604713534,3.843013374984592,-0.005191089026725136,0.004089340029113701,0.005211523121907854,-38.260359237276106,-116.8581613538093,511.3397417712679,6881.936132965413,0.0008271374202242052,53.00696835249499,358.1030540411398,225.45832899455675,83.79885432685694
15 Jul 2026 09:44:00.000000000,4595.800397201641,-3179.370711801376,-4015.9629065264658,5.665803274521066,2.937746040717243,4.147163153692102,-0.005618975476730604,0.0038830393149114546,0.0049181790470983,-35.7494896824865,-113.53566588489599,510.8203430719436,6882.742353990029,0.0008511376951107907,53.00948543051903,358.0994476000766,233.3044197467991,79.75720155978739
15 Jul 2026 09:45:00.000000000,4925.394041631751,-2996.2450539377237,-3758.462159501178,5.3166402469732645,3.16422050136232,4.4330636798420775,-0.006022260817570981,0.0036596094279835586,0.004603071274007717,-33.13807943703153,-110.43458252492361,510.29843709899103,6883.555203320473,0.0008718172251205111,53.01202420409287,358.09626343084597,241.04480902303507,75.8207980773422
15 Jul 2026 09:46:00.000000000,5233.327237006184,-2799.9427156979527,-3484.3867098398473,4.9440503680464944,3.37680727466933,4.6994489303872635,-0.006399138267906305,0.003420013918108767,0.004267565635332395,-30.4407123766719,-107.5290179603877,509.78650247938043,6884.3603661947145,0.0008887369959523262,53.01453982791048,358.0935013513519,248.65289284402252,72.01624401023545
15 Jul 2026 09:47:00.000000000,5518.242909340702,-2591.325458053615,-3194.943347580951,4.549668727981413,3.574566707522806,4.945137693221836,-0.006747911509220027,0.003165291854899577,0.003913124055980328,-27.67009025433659,-104.79447144496316,509.2968971628637,6885.143662235303,0.0009013217201635275,53.0169878812648,358.0911537487858,256.10724812645486,68.36496296827592
15 Jul 2026 09:48:00.000000000,5778.885075491017,-2371.3095090537045,-2891.4070515114213,4.135228711173138,3.7566236251768577,5.169039170895535,-0.007067003892190243,0.0028965539511378326,0.0035412989484280553,-24.837297297252526,-102.2081335586449,508.8416249084405,6885.891295694114,0.0009088945502314019,53.019325149798135,358.08920571810745,263.3918995533954,64.88293512267882
15 Jul 2026 09:49:00.000000000,6014.104520524491,-2140.861568583762,-2575.115404517354,3.7025545523672805,3.922171502282506,5.37015822723185,-0.007354967307005781,0.002614978146664917,0.0031537269018126353,-21.952051666680152,-99.74895829309703,508.4321068082608,6886.590099190482,0.0009107174303015704,53.02151038529985,358.08763532878515,270.4960627670468,61.58095390610909
15 Jul 2026 09:50:00.000000000,6222.864012595411,-1900.9945710889342,-2247.462705874109,3.253553373511605,4.070476352955511,5.547600234501485,-0.007610490596598666,0.002321804651060805,0.002752121668406328,-19.022934429019678,-97.39759459485195,508.0789621139591,6887.22776657569,0.0009060336231191122,53.02350503020824,358.0864140148791,277.4134916659598,58.46527855041757
15 Jul 2026 09:51:00.000000000,6404.243025051791,-1652.763224091896,-1909.8938057528842,2.790206732287991,4.200880307701292,5.700575479543861,-0.007832407390554484,0.002018330456889332,0.00233826646896704,-16.057592991443062,-95.13623620342156,507.7918025382233,6887.7930707250825,0.0008941095246560519,53.02527389412383,358.08550708150227,284.1415624971371,55.53854977458153
15 Jul 2026 09:52:00.000000000,6557.441937596548,-1397.2593422527275,-1563.8976896615025,2.3145617207109703,4.312804846060945,5.828403088993983,-0.008019703237238076,0.0017059033471749545,0.0019140056545255493,-13.062919580794379,-92.94842803976223,507.5790440205012,6888.276062309077,0.0008742736187601986,53.02678577050861,358.08487431853115,290.6801979463752,52.80086542341191
15 Jul 2026 09:53:00.000000000,6681.785690860313,-1135.6069985270472,-1211.0008428449162,1.8287216593306115,4.405753655675276,5.9305144365491165,-0.008171521919228103,0.0013859154345532874,0.0014812357799577735,-10.045207260874234,-90.8188527767472,507.4477396692043,6888.668245923189,0.0008459511499100676,53.02801398282321,358.0844707106855,297.03067961545565,50.25096767308668
15 Jul 2026 09:54:00.000000000,6776.726871689155,-868.9575156713312,-852.760426770249,1.33483643928773,4.479315091039661,6.00645599896963,-0.00828717084418595,0.001059796280741852,0.0010418961593102096,-7.01028687371203,-88.73311125583035,507.40343722573215,6888.9627303597335,0.0008086937040092872,53.02893685061166,358.0842472313348,303.1943191484526,47.887571546691255
15 Jul 2026 09:55:00.000000000,6841.848209778559,-598.4843228428487,-490.75730167195707,0.8350925704999589,4.533164208509386,6.055891632167378,-0.008366125417996183,0.0007290056568988303,0.0005979589879521794,-3.9636486060422964,-86.67750383665751,507.45006394398627,6889.154350273567,0.0007622033563863961,53.02953806746672,358.08415170604474,309.1708415001337,45.710981252841094
15 Jul 2026 09:56:00.000000000,6876.864469942306,-325.3777033419554,-126.58893067428015,0.33170299941364784,4.567064358023766,6.078604244189046,-0.008408032323324433,0.0003950260148335094,0.00015141912836946837,-0.9105519063153873,-84.63881555160714,507.5898412514184,6889.239757020917,0.0007063513974062505,53.02980698436656,358.0841297305938,314.9561256548905,43.72534904554058
15 Jul 2026 09:57:00.000000000,6881.623728239541,-50.839460573768314,238.137797797264,-0.1731032361612833,4.580868316461646,6.074496848007989,-0.008412711644401957,5.9354746833015e-05,-0.00029571633412171604,2.143872618494164,-82.60410532880847,507.82323096676714,6889.217477024401,0.0006411919493797162,53.02973879354155,358.0841256273401,320.53850080538706,41.94237860311222
15 Jul 2026 09:58:00.000000000,6856.108024320627,223.92246992309683,601.813791784082,-0.6770914447215042,4.574518952391541,6.043592983632733,-0.008380157801654933,-0.0002765036821767909,-0.0007414386526130567,5.194525813827965,-80.56049802733331,508.14891421030825,6889.0879366254385,0.0005669711930661865,53.02933460977662,358.08408342309565,325.8916764454975,40.388394478902086
15 Jul 2026 09:59:00.000000000,6800.433386623455,497.6994340934252,962.8349838013582,-1.1780317392718687,4.548049417109035,5.986036505941609,-0.008310539280472514,-0.000611045643262865,-0.0011837479803131772,8.236243667042057,-78.4949772718231,508.5638034719689,6888.853453014868,0.00048413383924812925,53.02860144785127,358.0839478314537,330.95915682796414,39.119927180818436
15 Jul 2026 10:00:00.000000000,6714.849231372273,769.2874701724716,1319.609527138606,-1.6737094438524305,4.501582862111678,5.902090741665187,-0.008204197163549243,-0.000942776204908388,-0.0016206638160278582,11.263698670131891,-76.39417691032693,509.0630876199365,6888.518191468936,0.00039333143660236957,53.02755209663141,358.0836652222991,335.61400101837233,38.26395265559335
15 Jul 2026 10:01:00.000000000,6599.73714062355,1037.492688418618,1670.5649229267483,-2.1619353773602294,4.435331688400857,5.792137025864003,-0.008061642495853918,-0.0012702168610026188,-0.002050235219853213,14.271295409517165,-74.2441693094876,509.64030895644333,6888.088089747712,0.00029544966337671357,53.026204892129044,358.08318456164346,339.5307725896613,38.14594214098034
15 Jul 2026 10:02:00.000000000,6455.609028785753,1301.1365919709283,2014.1550412598167,-2.640555946114778,4.349596338070854,5.656672634891975,-0.007883552535965377,-0.0015919130430804421,-0.0024705506917404,17.25305684407472,-72.03024973238622,510.28747077711273,6887.5707511205665,0.0001917489989815684,53.024583393599215,358.08245830534923,341.61867347524054,39.856727875009646
15 Jul 2026 10:03:00.000000000,6283.104711036011,1559.0613118159235,2348.8670008592153,-3.1074629803653746,4.244763643402553,5.496308139012016,-0.007670765966397083,-0.0019064413411492335,-0.0028797476153710855,20.202497623849222,-69.73671794086994,510.99517328387856,6886.975308058423,8.519703362825238e-05,53.02271596842558,358.081443231222,335.09414677603405,50.17989987384701
15 Jul 2026 10:04:00.000000000,6082.988890795969,1810.1347298890703,2673.2278733179332,-3.560603254798549,4.121304752995166,5.311764203369549,-0.0074242771497067105,-0.002212416365065309,-0.003276021180273303,23.112480746304257,-67.34666131681622,511.7527751538986,6886.312259159949,4.548917232258118e-05,53.0206352931223,358.08010119498357,222.73499985787888,166.3376824482589
15 Jul 2026 10:05:00.000000000,5856.147586851582,2053.2554656264765,2985.8111798146024,-3.9979876389208444,3.9797726582270028,5.103867870791488,-0.007145229539206068,-0.0025084971899877193,-0.003657632711622713,25.97505396742863,-64.84174880394364,512.5485775917613,6885.593282350039,0.0001530893575908494,53.018377779228786,358.07839979702084,197.47261178311814,195.39872642068372
15 Jul 2026 10:06:00.000000000,5603.584023752153,2287.357702776635,3285.2431503064267,-4.417699829773841,3.820799346443476,4.8735483637408334,-0.0068349083539083555,-0.0027933933390586305,-0.004022917349812948,28.78126288933595,-62.202052682146025,513.3700272994026,6884.831027795197,0.0002689197731800952,53.01598293416567,358.0763129483396,197.50508473639212,199.1649573881396
15 Jul 2026 10:07:00.000000000,5326.414011769295,2511.415834938867,3570.208717524218,-4.817904626548614,3.645092609658135,4.62183244564522,-0.006494732643635338,-0.003065870270791192,-0.004370291041682221,31.52093887203003,-59.40592671329622,514.2039344936535,6884.038894313501,0.0003850339066573425,53.013492668239394,358.0738213259357,200.45630838320525,200.01251109683986
15 Jul 2026 10:08:00.000000000,5025.860844899136,2724.4489100786127,3839.4572205636327,-5.196855714093516,3.453432539173019,4.349839383671891,-0.006126246866455675,-0.003324754350031002,-0.004698256820220337,34.18246239227445,-56.42998583558864,515.0367018889498,6883.230793314797,0.0004992894684057517,53.01095055990454,358.0709127097222,204.2631814865673,200.0045116069543
15 Jul 2026 10:09:00.000000000,4703.249747192256,2925.524856094453,4091.807795381935,-5.5529029297362085,3.246667737397252,4.058775555879924,-0.0057311121037190325,-0.0035689372953777204,-0.005005410368413408,36.75250697621207,-53.24925549095598,515.8545604412288,6882.42090448376,0.0006099421610605559,53.00840109210754,358.0675821952027,208.40979201273652,199.6568910188995
15 Jul 2026 10:10:00.000000000,4360.001898900596,3113.7644714695766,4326.15443218004,-5.884498995271925,3.025711278155364,3.7499287453918666,-0.005311097029988498,-0.003797380107429547,-0.005290444877822444,39.215776432324205,-49.83758806186312,516.6438076166096,6881.623427517112,0.0007153465335494341,53.00588887302523,358.0638322782277,212.7075671033672,199.15823938680006
15 Jul 2026 10:11:00.000000000,3997.6280750385613,3288.345166759328,4541.470682000636,-6.190205702590185,2.7915364462764383,3.4246621632945033,-0.004868068748419631,-0.00400911649413056,-0.005552155228128829,41.554760080479966,-46.16847738350706,517.391043997168,6880.852334246472,0.0008139244668403426,53.00345785477731,358.0596728104283,217.07148479244157,198.593592940107
15 Jul 2026 10:12:00.000000000,3617.7219292218624,3448.504444630511,4736.813997524347,-6.468699547955936,2.5451722858215544,3.084408239794412,-0.004403983590689813,-0.004203255820923575,-0.0057894415286370935,43.74954816044032,-42.21643192714551,518.0834041611826,6880.121125422147,0.0009041761198352619,53.00115056371685,358.0551208261242,221.45738502561935,198.0071230570912
15 Jul 2026 10:13:00.000000000,3221.952955948583,3593.543107768843,4911.329695215334,-6.718776815220249,2.2876989845574194,2.7306622206048257,-0.003920877961672609,-0.00437898561824635,-0.0060013120684718115,45.77777273166676,-37.95907526424041,518.7087779646511,6879.442596306634,0.0009847006630825236,52.99900735570047,358.050200243738,225.83955138157037,197.42455458910217
15 Jul 2026 10:14:00.000000000,2812.0591642771583,3722.828185597699,5064.254528150298,-6.9393581128144595,2.020243119949068,2.364975602237057,-0.003420859298730083,-0.004535573690561519,-0.006186885737324623,47.61476555983801,-33.3800971387219,519.2560185973656,6878.8286150345375,0.001054219107247885,52.997065709303335,358.0449414469309,230.20123568968862,196.86264133943246
15 Jul 2026 10:15:00.000000000,2389.8394954569667,3835.7955721852422,5194.919860784653,-7.129492372827553,1.743972789317047,1.9889494362199487,-0.0029060971912986885,-0.004672369870666568,-0.0063453939770226325,49.23404585193363,-28.473035278142405,519.7151340791044,6878.289917442354,0.0011115966991607198,52.995359569286684,358.039380752757,234.53008346467655,196.33374077363376
15 Jul 2026 10:16:00.000000000,1957.1460165395608,3931.9523689785397,5302.754438593767,-7.288360322783507,1.4600926440185875,1.604227528451103,-0.0023788146912347556,-0.0047888074677587215,-0.006476182330024105,50.608251698359005,-23.245585247940586,520.0774591909616,6877.835921766511,0.0011558637904833472,52.993918751755935,358.03355977607345,238.81562169893158,195.848326416451
15 Jul 2026 10:17:00.000000000,1515.8759212054683,4010.878927138763,5387.28674702498,-7.415277441994581,1.1698388445688763,1.2124895559041142,-0.0018412798247048865,-0.004884404457292952,-0.00657871164933728,51.710587266658884,-17.723716269708977,520.3358051946992,6877.474566254715,0.0011862345975839337,52.992768421381,358.0275247012692,243.0476506495054,195.41659629491366
15 Jul 2026 10:18:00.000000000,1067.963368472157,4072.230585142284,5448.146955378272,-7.509696414402936,0.874473950940323,0.8154441193310085,-0.0012957972978212614,-0.004958764456245677,-0.0066525590278699595,52.51675286180758,-11.954426665907558,520.4845850717137,6877.21217234378,0.0012021235242356764,52.99192864980554,358.0213254739486,247.21499148126907,195.04972556018768
15 Jul 2026 10:19:00.000000000,615.371189112304,4115.739098126549,5485.068442291886,-7.571209088976486,0.5752817596224378,0.4148217470979132,-0.0007447003736379943,-0.005011577525567197,-0.006697418502041852,53.007158965808046,-6.005761740203767,520.5199124070251,6877.0533356300275,0.0012031589066151323,52.99141406297008,358.01501492665614,251.30427069149735,194.76108235780742
15 Jul 2026 10:20:00.000000000,160.08248906426067,4141.213756069281,5497.888900308365,-7.599547956876073,0.2735620968564854,0.012367862463578124,-0.00019034288263087047,-0.0050426208310927435,-0.006713101569748432,53.169045610920776,0.036937995206606164,520.4396724475739,6877.000846405486,0.0011891942432065274,52.991233583534814,358.00864785380816,255.29848720419125,194.5676610516859
15 Jul 2026 10:21:00.000000000,-295.9078213941947,4148.542188408325,5486.551017666901,-7.594587152061853,-0.0293744243378595,-0.3901642756640743,0.0003649086805060435,-0.005051759190925202,-0.006699537558015602,52.99802766475696,6.078556620590988,520.2435642745018,6877.055641057158,0.0011603172539349184,52.991390272945566,358.0022800519691,259.175073903345,194.4920210261888
15 Jul 2026 10:22:00.000000000,-750.601544248508,4137.69085312842,5451.1027360142,-7.556342978886099,-0.3322116769613099,-0.7910206499806935,0.0009186830298666618,-0.005038945522890666,-0.006656773855963306,52.49865554771998,12.024096668599045,519.9331134440433,6877.216785136582,0.001116857564672811,52.99188127595926,357.9959673421481,262.90303028606746,194.56515437858963
15 Jul 2026 10:23:00.000000000,-1202.0057277832523,4108.705208705029,5391.697083203149,-7.484973966752156,-0.6336333169353427,-1.1884535722438327,0.001468611990354014,-0.0050042211985489955,-0.006584976019012153,51.68383099470832,17.78854326230764,519.5116548690943,6877.481488405388,0.0010593946157809115,52.99269786866954,357.9897645911913,266.4384088247097,194.83099990580277
15 Jul 2026 10:24:00.000000000,-1648.1411896067955,4061.709567637399,5308.591580807237,-7.3807804483287445,-0.932328098397887,-1.580728772999155,0.0020123384883881275,-0.004947716299156296,-0.006484427735375558,50.573245104347926,23.304307938726986,518.9842861325463,6877.845151656,0.0009887689408671306,52.99382560927628,357.9837247493274,269.7168341932311,195.35392422320209
15 Jul 2026 10:25:00.000000000,-2087.0509999053024,3996.906630662942,5202.147226471319,-7.244203654328057,-1.2269952010780811,-1.9661324846513468,0.002547524686832484,-0.004869649756862092,-0.006355530629871606,49.191252730475775,28.524888975393818,518.3577918439399,6878.301444602062,0.0009061031827125288,52.99524458905486,357.97789792069955,272.64046662134496,196.23175874510684
15 Jul 2026 10:26:00.000000000,-2516.808895648782,3914.576701159017,5072.8270517958235,-7.075824314712951,-1.5163495622021161,-2.3429785071644775,0.003071860313007055,-0.004770329357428104,-0.006198803870988256,47.56466192267666,33.4247765728584,517.6405400700762,6878.842413632307,0.0008128464473739265,52.99692977923479,357.9723304831393,275.0540269944467,197.61977490228253
15 Jul 2026 10:27:00.000000000,-2935.5275957809376,3815.076579742483,4921.194257160622,-6.876360753608919,-1.7991272035860262,-2.709615243147849,0.0035830712160101925,-0.004650151567568547,-0.00601488353015974,45.72081350525586,37.99665082356579,516.8423522885797,6879.45861773452,0.0007108732023920817,52.99885146782047,357.9670642726228,276.6979998744222,199.77748141504998
15 Jul 2026 10:28:00.000000000,-3341.3669865948914,3698.8381397035077,4747.9099257779535,-6.646666463357054,-2.0740905422752873,-3.064432685925305,0.004078928178197576,-0.004509601148008588,-0.005804521640027031,43.686145596313764,42.24724992836238,515.9743487260026,6880.139290425501,0.0006027145901968262,53.00097577881078,357.9621358467482,277.1112616598192,203.16599639764604
15 Jul 2026 10:29:00.000000000,-3732.542145587192,3566.3665846856993,4553.730320353888,-6.387727142217957,-2.3400336703966196,-3.405869340542444,0.00455725598616643,-0.004349250501758267,-0.005568584883955408,41.48527294350025,46.193066193458094,515.0487713471014,6880.872525077816,0.0004921344691112907,53.00326526482429,357.9575758402041,275.416654292637,208.66247388128974
15 Jul 2026 10:30:00.000000000,-4107.331171142902,3418.2383909714476,4339.503767061632,-6.100657180357081,-2.5957875869050144,-3.7324190536894424,0.005015942750778713,-0.004169758707978113,-0.005308052851065527,39.14050754781993,49.85658129446667,514.0787871528795,6881.645480619579,0.00038566605311824944,53.00567956283983,357.9534084236127,269.8504926610639,218.03059660196593
15 Jul 2026 10:31:00.000000000,-4464.082784512768,3255.098937858047,4106.167133099581,-5.786695579991542,-2.840225360778977,-4.042637724395165,0.005452949445535077,-0.003971870188403212,-0.005024015787530653,36.67170643471433,53.26333532865189,513.0782748161628,6882.444604208049,0.0002966912656783938,53.0081761016415,357.9496508753774,257.0608250327512,234.62231571443073
15 Jul 2026 10:32:00.000000000,-4801.223669757093,3077.6598309298843,3854.741905925851,-5.44720129800592,-3.0722672020631054,-4.33514986326676,0.0058663196118918124,-0.0037564129536579276,-0.004717671776439147,34.096334090220665,56.43984479875769,512.0615980262841,6883.255867148579,0.00025187450051354366,53.010710848630794,357.9463132741704,234.08384311317863,261.4014408347853
15 Jul 2026 10:33:00.000000000,-5117.265516729988,2886.695924536132,3586.329884319764,-5.083648002939841,-3.290885414138858,-4.608654964203794,0.00625418916331698,-0.0035242963823749114,-0.00439032328688605,31.42964867203005,59.41224425402983,511.0433692204693,6884.065010055009,0.00027645606297115803,53.013239082956154,357.94339831760146,208.8178640405003,290.4696580980013
15 Jul 2026 10:34:00.000000000,-5410.811731829271,2683.042051457503,3302.1084936988855,-4.697618242959679,-3.4951091978636115,-4.861933649095488,0.006614796199435941,-0.0032765084894443497,-0.004043373038621885,28.684947265085853,62.20548271804907,510.03820763789383,6884.857793033403,0.0003555546167353395,53.0157161814234,357.94090127044893,192.91917079711578,310.1706897488366
15 Jul 2026 10:35:00.000000000,-5680.563781200697,2467.5894695812344,3003.325740583318,-4.290797027154085,-3.684029275879903,-5.09385354319509,0.006946490727821291,-0.0030141126493513568,-0.003678319142092699,25.873828458594406,64.84291483784332,509.06049583375153,6885.620246525699,0.0004592085781428773,53.018098403398206,357.9388100434989,185.56406447902808,321.3282418247151
15 Jul 2026 10:36:00.000000000,-5925.327131423926,2241.2820373548197,2691.2948237101486,-3.864964829089193,-3.856802303606072,-5.303374836809297,0.007247744176373506,-0.002738243749446671,-0.0032967494864528965,23.006447870358,67.3461565622187,508.12413892357733,6886.338918377673,0.000570459195894017,53.02034366090293,357.93710540181974,182.95703893520448,327.73782941892466
15 Jul 2026 10:37:00.000000000,-6144.01675346223,2005.11213183876,2367.3884220030327,-3.421990028847526,-4.012655032264487,-5.489555487784526,0.0075171585708722,-0.0024501037603774137,-0.0029003353649283024,20.091754101232087,69.73510861193091,507.2423308839346,6887.001112704121,0.000681276269841438,53.02241226034011,357.9357612989632,182.9013811789189,331.5961761236842
15 Jul 2026 10:38:00.000000000,-6335.662156867506,1760.1163252703368,2033.0326823431622,-2.9638208175368708,-4.150888188885694,-5.651556019111718,0.007753475245136769,-0.0021509567228852103,-0.00249082434342044,17.137700118641614,72.02808026156801,506.42733220583654,6887.595116215612,0.0007873028487431275,53.024267602747045,357.9347453313985,184.30949575201905,333.99088947458296
15 Jul 2026 10:39:00.000000000,-6499.411922912985,1507.3708381505996,1689.7009328031927,-2.4924765962597144,-4.270880038595527,-5.7886438668782665,0.007955582949723962,-0.001842123164226635,-0.002070032396776445,14.151429517301302,74.24196870860025,505.6902630753983,6888.110407845848,0.0008857495222377537,53.02587683018915,357.9340193053276,186.62188519369207,335.4814802481444
15 Jul 2026 10:40:00.000000000,-6634.537707489513,1247.986788916284,1338.90714963071,-2.0100389095222764,-4.372089595689128,-5.9001972357985535,0.008122525228327876,-0.0015249739712573237,-0.0016398353556326534,11.139439546863574,76.39246581210828,505.0409160397423,6888.537847780447,0.0009746153632069172,53.02721140682313,357.93353990605004,189.5307946077798,336.3757176226232
15 Jul 2026 10:41:00.000000000,-6740.437687233656,983.1052622151568,982.1992087397572,-1.5186419607838113,-4.454059452016628,-5.985708422641666,0.008253506935837228,-0.0012009237605879785,-0.0012021597238704449,8.1077240033269,78.49427540938915,504.4875918037255,6888.869842329173,0.001052381226740929,53.02824762429126,357.9332594582171,192.8560512020513,336.8537893335267
15 Jul 2026 10:42:00.000000000,-6816.639425436375,713.8922196143309,621.1519547198355,-1.0204627650427873,-4.516418194027006,-6.044786571999427,0.008347899784523901,-0.000871423799413624,-0.0007589729440027925,5.061899575838952,80.56133205572989,504.03696139859477,6889.100481503941,0.0011178800871184948,53.02896702242343,357.9331267636709,196.48658229098027,337.02678333790755
15 Jul 2026 10:43:00.000000000,-6862.802137768498,441.5332781945718,257.3601223521275,-0.5177109997990129,-4.558882383380198,-6.077159833907904,0.00840524681934531,-0.000537954542390346,-0.00031227320240834037,2.0073193574815966,82.60701698841366,503.69395747370464,6889.225646654347,0.0011702387732110565,53.02935671770367,357.9330880021621,200.35107336708498,336.9660293884998
15 Jul 2026 10:44:00.000000000,-6878.7183417056185,167.22838386271587,-107.56885273262047,-0.012618621184268949,-4.581258080262199,-6.0826768987330855,0.008425265739098116,-0.00020201785965798756,0.00013592112139955558,-1.0508228270186262,84.64437023287746,503.46169689736615,6889.243086062708,0.0012088499340016509,53.02940963357641,357.93308767912976,204.40233794420874,336.7187288209524
15 Jul 2026 10:45:00.000000000,-6864.314877670668,-107.81359266314563,-472.02209634037234,0.4925706836356722,-4.583441893308363,-6.061307891298688,0.008407851004093973,0.00013487096021385698,0.0005835822470312898,-4.107393730480075,86.68629963929166,503.34143622677175,6889.152457000526,0.0012333567432865364,53.0291246283949,357.9330696038278,208.60854519717307,336.3167265366694
15 Jul 2026 10:46:00.000000000,-6819.6532942699605,-382.3803084281439,-834.3885921630465,0.9956121336893377,-4.565421545233968,-6.013144613296067,0.00835307469113156,0.0004711913432656715,0.001028683906375589,-7.157224172859934,88.7457886473716,503.3325609357866,6888.955333383748,0.0012436423329626816,53.02850651862281,357.9329778805228,212.94807709455253,335.7816534916936
15 Jul 2026 10:47:00.000000000,-6744.929594493521,-655.2614201134403,-1193.0664731693307,1.4942705053632184,-4.527275948738667,-5.938400130374593,0.00826118608119125,0.0008054256064654955,0.0014692122535970632,-10.195011292382988,90.83610494565124,503.4326085925341,6888.655178822699,0.0012398200658022271,53.02756599675497,357.9327578952342,217.40640857431268,335.1280461491579
15 Jul 2026 10:48:00.000000000,-6640.473344299154,-925.2540457838716,-1546.4702687171127,1.9863307216623862,-4.469174792838556,-5.837407707758754,0.008132609991758145,0.0011360670842610915,0.0019031766485378776,-13.21521611265181,92.97101200051493,503.63732547509244,6888.257285526393,0.001222222694640942,53.02631944529255,357.9323572805367,221.97417260643462,334.36528105839824
15 Jul 2026 10:49:00.000000000,-6506.746149514849,-1191.1681872622457,-1893.0380686143237,2.4696083050458975,-4.391377645327034,-5.710619105563793,0.007967943883573969,0.0014616281137480732,0.0023286201929713394,-16.211952895577458,95.16498463489148,503.94075542466317,6887.768680177559,0.001191389435579093,53.024788649959035,357.93172684129,226.64595701080935,333.4987776995176
15 Jul 2026 10:50:00.000000000,-6344.339511391511,-1451.8320843842605,-2231.2385662218235,2.94195962202752,-4.294232582415539,-5.558602251981319,0.007767953804513132,0.0017806477924581243,0.0027436299080199848,-19.1788666345115,97.43342825800721,504.33535907918724,6887.197998526486,0.001148050518807495,53.02300041714086,357.9308214248525,231.4195850292395,332.5307176012836
15 Jul 2026 10:51:00.000000000,-6153.972075333878,-1706.0974732056134,-2559.577943973678,3.4012918517630863,-4.1781743616071925,-5.382038318982101,0.007533569242237833,0.0020916994285398623,0.003146346449177363,-22.108994952583753,99.79289865029753,504.8121610264756,6886.555331046122,0.001093109097829286,53.02098610224916,357.9296007202761,236.29575079097387,331.46040859928286
15 Jul 2026 10:52:00.000000000,-5936.486291260591,-1952.8447213349052,-2876.606566330418,3.845572616028593,-4.04372215837463,-5.181718230966357,0.007265876984486074,0.0023933976131510727,0.003534973269941037,-24.99461071107852,102.2613148594456,505.3609218781216,6885.852042532924,0.0010276206016545067,53.018781057296444,357.9280299722441,241.2779620232908,330.28434188857585
15 Jul 2026 10:53:00.000000000,-5692.84450762749,-2190.9878149249666,-3180.9254471513364,4.272839214163241,-3.891476891129948,-4.958538641731009,0.00696611409595294,0.0026844048554575846,0.003907785159552522,-27.827041979339327,104.85815099095525,505.97033180822456,6885.100569018377,0.0009527697582821365,53.01642400743101,357.92608059701183,246.3728166825751,328.99591520053247
15 Jul 2026 10:54:00.000000000,-5424.124524338948,-2419.4791734274477,-3471.192460711141,4.6812074134838015,-3.7221181621965638,-4.713497419104565,0.006635660131777279,0.0029634377326472443,0.0042631360967453884,-30.596466964079664,107.60458243409106,506.628221731955,6884.314195763037,0.0008698456317279328,53.013956367452046,357.92373068933824,251.5907397961757,327.58469581793906
15 Jul 2026 10:55:00.000000000,-5131.5146325330015,-2637.3142699581877,-3746.1282680358936,5.06887975313323,-3.536400844953457,-4.447688679545333,0.006276028716391673,0.0032292725210801066,0.004599466380169932,-33.29168350666562,110.5235470734435,507.3217880249027,6883.506820432503,0.0007802151240647944,53.01142151040959,357.9209654113177,256.94748793668,326.0349160102686
15 Jul 2026 10:56:00.000000000,-4816.308171528072,-2843.5360369923987,-4004.5219328325434,5.434153327061386,-3.3351513489791484,-4.162297416866692,0.0058888586152338555,0.0034807502869718242,0.004915309012277446,-35.89985653342886,113.63966100933384,508.0378265064873,6882.6927057985085,0.0006852955353138193,53.00886400126051,357.9177772561633,262.46712520467804,324.3224970156551
15 Jul 2026 10:57:00.000000000,-4479.8976350369985,-3037.239039058922,-4245.2362039837835,5.775427019601148,-3.119263595863943,-3.8585937700256134,0.005475904430416659,0.0037167814306122713,0.005209295334546351,-38.40625337580623,116.97890056548033,508.76297132782264,6881.886226463098,0.0005865270354918369,53.00632880918521,357.91416618216863,268.18816256595915,322.4089097255044
15 Jul 2026 10:58:00.000000000,-4123.768360193532,-3217.5733960359025,-4467.212444232229,6.091208174547456,-2.8896947384632896,-3.5379269747241286,0.0050390270386965795,0.0039363496877523555,0.0054801599241174614,-40.793987414269075,120.56792918399489,509.4839344123909,6881.101614172639,0.00048534655970477965,53.00386051256132,357.91013961444287,274.1773489338345,320.22738368114324
15 Jul 2026 10:59:00.000000000,-3749.491833743471,-3383.7484426770316,-4669.475187440946,6.380118685828895,-2.64746065561943,-3.2017190422513404,0.004580183886709935,0.004138515606622278,0.00572674478158381,-43.04380632068006,124.43291499419927,510.1877411898564,6880.352706270067,0.0003831667297490925,53.00150251072639,357.9057123143055,280.5648563188666,317.6477220608235
15 Jul 2026 11:00:00.000000000,-3358.7186504202446,-3535.0361118023216,-4851.136309268187,6.64090050406523,-2.393631253138852,-2.851458207075163,0.004101419241100033,0.004322419526701054,0.005948002849191612,-45.13398289182807,128.59766666420032,510.86195852993416,6879.652701733433,0.00028137192212921233,52.999296256548725,357.90090611868976,287.652564948633,314.3680167523026
15 Jul 2026 11:01:00.000000000,-2953.171158592987,-3670.7740304381396,-5011.398798598826,6.8724205589190825,-2.12932559988047,-2.488692181847867,0.003604854477483836,0.004487284094674768,0.006143000910500033,-47.040392604979964,133.0809389462503,511.4949110156641,6879.0139290705865,0.00018139235306634341,52.997280523454705,357.8957495541226,296.36379226223886,309.46491960435435
15 Jul 2026 11:02:00.000000000,-2534.6358281692187,-3790.3683198378435,-5149.56011928189,7.073675101616916,-1.8557069255135377,-2.1150212552372354,0.0030926784751966144,0.004632416359904389,0.006310921931046009,-48.7368866267814,137.89286707400285,512.0758819828446,6878.447630090944,8.544281255913089e-05,52.99549071994801,357.8902773321919,311.59357602909097,298.04335960432866
15 Jul 2026 11:03:00.000000000,-2104.9553753602995,-3893.2960918269277,-5265.015153756435,7.243793475435107,-1.5739775039093036,-1.7320912643557567,0.002567138163642659,0.004757209492730567,0.00645106690000685,-50.19607891165193,143.03072758611003,512.595296084267,6877.963763261224,2.8504023187498695e-05,52.99395826380571,357.8845297354127,57.30923563357783,196.13598193585415
15 Jul 2026 11:04:00.000000000,-1666.0206782867251,-3979.1076352928562,-5357.258721965319,7.382041324263873,-1.2853734433052106,-1.341586469701715,0.0020305292508346427,0.004861144175145625,0.006562856240403307,-51.39064012920802,148.47461031544756,513.0448805050895,6877.570829982474,0.00010608652387279256,52.99271002706921,357.8785519044946,112.82702379631854,144.42649664151025
15 Jul 2026 11:05:00.000000000,-1219.762516926077,-4047.4282877759197,-5425.887670476146,7.487823250445847,-0.9911594017340389,-0.9452223569209396,0.0014851871418837825,0.004943789705760146,0.00664583084426451,-52.29510635518674,154.1840509729816,513.417802349165,6877.275726707522,0.00018979899964206238,52.99176786167863,357.87239303966123,125.43799577954007,135.62380983606087
15 Jul 2026 11:06:00.000000000,-768.1431699367748,-4097.95998820881,-5470.602528146283,7.560684933285159,-0.6926232433777356,-0.5447383859161125,0.000933478042222249,0.005004804864672635,0.006699652793454316,-52.88805881423808,160.09699920900067,513.7087801294053,6877.083625358008,0.0002689226954506,52.99114821415479,357.86610553026975,134.3246530288162,130.54538051288927
15 Jul 2026 11:07:00.000000000,-313.14790045845217,-4130.482507659578,-5491.208725736564,7.600314718636032,-0.39107064927888885,-0.14189070488852001,0.0003777902222069573,0.005043938573509775,0.006724105812188422,-53.154344330508124,166.13235494961626,513.9141677208434,6876.997884010095,0.0003425577319976031,52.990861836137746,357.8597440281926,142.28154169032862,126.39662249670796
15 Jul 2026 11:08:00.000000000,143.22363773293617,-4144.8543557032835,-5487.617377872954,7.606544688318654,-0.08781969373597219,0.2615551558254441,-0.00017947459128158651,0.005061030380057085,0.006719095488930711,-53.08686719589914,172.19646478904107,514.0320095691513,6877.019989300587,0.00041047080417049004,52.990913595875874,357.8533644814893,149.9520354440768,122.5341220950636
15 Jul 2026 11:09:00.000000000,598.9660427587354,-4141.013360664564,-5459.845626560797,7.579351215721957,0.21580460380112446,0.6638315971738725,-0.0007359097400840748,0.005056010790798378,0.006684649296675734,-52.68749313499921,178.1926018737528,514.0620663859294,6877.149531472758,0.00047269119754447765,52.99130239395241,357.8470231455321,157.56094206790104,118.73303202609434
15 Jul 2026 11:10:00.000000000,1052.07682521442,-4118.976922527335,-5408.016546177156,7.518855011134323,0.5184757425249362,1.063176260316999,-0.0012891121264942513,0.005028901459835464,0.0066209164205190164,-51.96680931289991,-175.96878112389163,514.0058110023629,6877.384212436753,0.000529426102653298,52.99202118467607,357.8407755891679,165.20278702509017,114.898788321994
15 Jul 2026 11:11:00.000000000,1500.5650562567992,-4078.8419378183544,-5332.3586105381355,7.4253206572956465,0.8188712113413416,1.4578393197038837,-0.001836690723024014,0.004979815239821966,0.006528167397422638,-50.942809707638766,-170.3615792870208,513.8663944936008,6877.719886673817,0.0005810147442932547,52.99305710267578,357.8346757135161,172.91812561260832,110.99079866332698
15 Jul 2026 11:12:00.000000000,1942.4599726121291,-4020.784396274524,-5233.204723310822,7.29915563261869,1.1156779586200531,1.8460907485199383,-0.0023762751492837114,0.00490895608233516,0.006406793548902513,-49.63886663730482,-165.03912033353544,513.6485831247207,6878.150634270356,0.0006278854653211033,52.99439169236737,357.828774800859,180.7196203080543,106.99636549841665
15 Jul 2026 11:13:00.000000000,2375.8195076537827,-3945.058649638947,-5110.990813764942,7.1409088167167605,1.4075978512109018,2.2262275435102037,-0.0029055243599861217,0.004816618772864975,0.006257306184540366,-48.08147502270955,-160.03319535857662,513.3586671050916,6878.668864835756,0.00067050937828395,52.996001236130894,357.82312061042074,188.60273301282672,102.91999424288922
15 Jul 2026 11:14:00.000000000,2798.7387172949666,-3851.996353530959,-4966.254000683357,6.951268470516354,1.693353111962426,2.5965808942471367,-0.00342213547802439,0.00470318847108634,0.006080335535342972,-46.29819452896485,-155.35621502033155,513.004342568019,6879.265450543488,0.0007093508833557604,52.997857175287635,357.8177565370305,196.55103333568053,98.77808540814047
15 Jul 2026 11:15:00.000000000,3209.3580689030046,-3742.0050840352797,-4799.630328215545,6.731059681527116,1.9716917231202784,2.955523279346687,-0.003923852794636676,0.004569140022960244,0.005876629371114165,-44.31604368984222,-151.00512324424605,512.5945686150208,6879.929886044013,0.0007448179051154752,52.9999266163247,357.8127208474711,204.53958559526288,94.59554797359169
15 Jul 2026 11:16:00.000000000,3605.87156083473,-3615.566631473411,-4611.852078598234,6.481241263953193,2.2413927807401506,3.3014754690755637,-0.0044084769440247,0.004415037004268854,0.005647051247446487,-42.16042049640758,-146.9657894643598,512.1394016743885,6880.650472539295,0.0007772159478078863,53.002172913313636,357.8080460080163,212.53772943046891,90.40301910796038
15 Jul 2026 11:17:00.000000000,3986.5346395454308,-3473.234974793802,-4403.744668007706,6.202902103402177,2.5012717826839896,3.6329134103904765,-0.004873874241728365,0.004241530450386761,0.005392578322545183,-39.85449852945107,-143.21701860572693,511.64980981726524,6881.414522887231,0.0008067104037028539,53.0045563161317,357.80375811488835,220.51170604835121,86.23423820459631
15 Jul 2026 11:18:00.000000000,4349.671880629307,-3315.633941142317,-4176.223133363344,5.897256937062324,2.750185830060419,3.9483749668807553,-0.005317986160040887,0.00404935722758369,0.005114298685678021,-37.41898933396673,-139.7337682705812,511.13747004509156,6882.2085842294,0.0008333009800084873,53.00703467294651,357.7998764376028,228.42717734564565,82.12352799041598
15 Jul 2026 11:19:00.000000000,4693.684399650708,-3143.454556466851,-3930.2882196764153,5.565641562428585,2.987038719217826,4.246466482531411,-0.005738838893301277,0.00383933799940497,0.0048134081377614445,-34.87215341478747,-136.4894910126036,510.6145519021427,6883.018674312229,0.0008568107435010886,53.00956417448426,357.7964130831505,236.25149787894298,78.1035227298655
15 Jul 2026 11:20:00.000000000,5017.056958296638,-2957.452094469848,-3667.0220795209016,5.209507470960951,3.210785898749485,4.5258691348776585,-0.006134552949927478,0.003612374746612254,0.004491206372205463,-32.229960296754285,-133.4576997779573,510.0934910677264,6883.830527408839,0.0008768904353102131,53.012100126885905,357.7933727867578,243.95555047385272,74.20333273098917
15 Jul 2026 11:21:00.000000000,5318.364731290248,-2758.4428328274043,-3387.583598379503,4.830415907401544,3.420439263578903,4.785345040160313,-0.006503352689356846,0.0033694478028203204,0.00414909250996949,-29.506324465036688,-130.61292227758162,509.5867568351763,6884.629845550996,0.0008930368344683122,53.014597739475754,357.79075283278553,251.51500016375988,70.44729046137677
15 Jul 2026 11:22:00.000000000,5596.2796997050045,-2547.300527339501,-3093.2033619521894,4.430031360770191,3.615071756170471,5.023743070694222,-0.006843575709561307,0.003111612376874863,0.0037885599554843947,-26.713368747774798,-127.93121244628554,509.1066175789547,6885.4025506553735,0.0009046224751112445,53.017012913530294,357.7885431069647,258.9109132948463,66.85433143671635
15 Jul 2026 11:23:00.000000000,5849.576636869728,-2324.952616522183,-2785.1782839708944,4.010114499156937,3.793821743395818,5.240004342975409,-0.007153681976780517,0.002839994540987155,0.00341119055148949,-23.861686035620167,-125.39036053008782,508.66490843788273,6886.135033079092,0.0009109332019040198,53.01930301814632,357.78672627888596,266.12978519940236,63.43796648032678
15 Jul 2026 11:24:00.000000000,6077.13865399143,-2092.376171077497,-2464.865915592244,3.5725145671666643,3.955897136668212,5.433167334206834,-0.007432262580945881,0.002555786675053085,0.0030186480264635944,-20.960583762906154,-122.96990924243082,508.27280549283716,6886.814392170979,0.0009112099074929189,53.02142763956229,357.78527811133574,273.1630887892061,60.2067330032934
15 Jul 2026 11:25:00.000000000,6277.962273982775,-1850.5936046318154,-2133.678459986394,3.119161272032794,4.1005792227287055,5.602372585013642,-0.007678047995890504,0.002260242369844487,0.0026126707449805695,-18.01830431492575,-120.65105209907352,507.940610683367,6887.428664498339,0.0009046911805854197,53.02334929078321,357.7841678908675,280.00648385475193,57.16498552179854
15 Jul 2026 11:26:00.000000000,6451.162003776833,-1600.6681640817274,-1793.0765182465552,2.652056191783381,4.227226172977051,5.746866947207345,-0.00788991572033435,0.0019546708035443235,0.002195063787156973,-15.042219792487021,-118.41646503644893,507.6775515846644,6887.967035625309,0.0008906542719334514,53.025034069084676,357.78335897187117,286.6588147463543,54.313897738911734
15 Jul 2026 11:27:00.000000000,6595.974377650568,-1343.6992197800935,-1444.5625951466052,2.1732637461670534,4.335276200521316,5.866007337571101,-0.008066897179122984,0.0016404306197300381,0.001767690401302565,-12.039002515843071,-116.25010399182474,507.4915999508329,6888.420031596211,0.0008684525421178342,53.026452249912914,357.78280942441825,293.1209821079506,51.65259052419287
15 Jul 2026 11:28:00.000000000,6711.761446745019,-1080.8173775905473,-1089.6743955201005,1.684901778094207,4.424250336170029,5.9592639617573795,-0.008208183772756306,0.001318923347753084,0.0013324628903863226,-9.014774154158657,-114.1369882338906,507.3893126226276,6888.77968663199,0.0008375482431434728,53.027578806838896,357.7824727743498,299.3947102979219,49.17936416172091
15 Jul 2026 11:29:00.000000000,6798.0136930465505,-813.1794364789932,-729.977944053497,1.189131799862922,4.493754797387028,6.026222976468626,-0.008313131969762657,0.0009915864173920437,0.0008913330072881878,-5.975237020867682,-112.06298054914963,507.3756980010932,6889.0396839742225,0.0007975400377291097,53.02839384854143,357.78229882251475,305.4811432883793,46.89310208077552
15 Jul 2026 11:30:00.000000000,6854.352349530407,-541.9632167729801,-367.06056303955455,0.6881489642220951,4.543482927704712,6.066588563036974,-0.00838126735525002,0.0006598858317358207,0.0004462819486135824,-2.925791266656182,-110.01456971650406,507.45411080978994,6889.195467301463,0.0007481850723812621,53.02888296526655,357.7822345286724,311.3790630368466,44.79505208147801
15 Jul 2026 11:31:00.000000000,6880.531111923757,-268.3622854470297,-2.52374406434943,0.18417182515309066,4.573216688174358,6.0801843912154,-0.00841228756292198,0.00032530857054824635,-6.899528134951469e-07,0.12835832984770776,-107.97865710559982,507.62617731743524,6889.244320687071,0.0006894157359354366,53.02903747880963,357.78222494447635,317.0822605855119,42.89145480697322
15 Jul 2026 11:32:00.000000000,6876.437231552892,6.419394241824554,362.02404932768417,-0.3205680430301584,4.582827687010871,6.066954458287533,-0.008406064039505385,-1.0645195992734394e-05,-0.0004475737276447849,3.18210238515344,-105.94234704358712,507.89175258349263,6889.185415654914,0.0006213515458631114,53.0288545917648,357.7822141791423,322.57499277893726,41.198086578380426
15 Jul 2026 11:33:00.000000000,6842.091982929373,281.172860762577,724.9746102641363,-0.8238364971861378,4.572277738540351,6.026963295326982,-0.00836264261097621,-0.00034646999824371546,-0.0008923623472246672,6.230330269047301,-103.89273936269862,508.24891063708685,6889.019824506329,0.0005443071167439876,53.028337433553965,357.78214638085916,327.82289609159125,39.749345108510234
15 Jul 2026 11:34:00.000000000,6777.65050402623,554.6895715817175,1084.727210472328,-1.323407275236353,4.541618947744884,5.960395539401615,-0.008282242842539608,-0.0006806629751819162,-0.0013330612613616684,9.267833383915512,-101.81672199844488,508.69396782286316,6888.750499726083,0.00045879850723174923,53.02749500255398,357.7819667167457,332.75201596727567,38.61921969978574
15 Jul 2026 11:35:00.000000000,6683.401011517346,825.766811255438,1439.6957776444358,-1.8170723724460554,4.490993321971745,5.867554877526588,-0.008165256209841303,-0.001011731711810767,-0.0017676987805962361,12.289204952928824,-99.70076153124224,509.221538864288,6888.38221991003,0.00036555495814750337,53.02634200545243,357.78162233422944,337.19158149088776,37.97851611338973
15 Jul 2026 11:36:00.000000000,6559.763397519852,1093.2130621555928,1788.3159909381832,-2.302652273696777,4.420631916583488,5.748862375024279,-0.008012243116800873,-0.0013382019205803338,-0.002194336191187262,15.288732843904695,-97.53069015637993,509.82462452580654,6887.921503281973,0.0002655650410860193,53.02489859675218,357.7810632870599,340.67659759090225,38.292263918632926
15 Jul 2026 11:37:00.000000000,6407.287218511338,1355.853310202458,2129.052258259472,-2.778005974254079,4.3308535263226515,5.604854207456079,-0.007823928820208811,-0.0016586248858988216,-0.0026110774981268296,18.26028185216569,-95.2914888600398,510.4947291177368,6887.37649046548,0.00016034461531661248,53.023190023077106,357.7802434098235,341.43873800686885,41.32882309533684
15 Jul 2026 11:38:00.000000000,6226.64909101622,1612.5342588279268,2460.4045402961474,-3.241040725651792,4.222062938809995,5.436178821271538,-0.007601198340355678,-0.0019715845984361446,-0.0030160787024904544,21.19716176511803,-92.96706884966693,511.22200549958615,6886.756798735715,5.566472557732208e-05,53.021246178581926,357.77912112574967,323.63641153760534,62.92981738026922
15 Jul 2026 11:39:00.000000000,6018.649512299812,1862.1294255076511,2780.91498793367,-3.68972144850626,4.094748770761829,5.243593553610927,-0.007345090449590945,-0.0022757045139431024,-0.00340755653069303,24.091977518385114,-90.54005699167953,511.99542471324514,6886.073350487184,7.548643427262157e-05,53.01910107930358,357.7776601737684,207.46464962469545,182.90024630928175
15 Jul 2026 11:40:00.000000000,5784.209127619883,2103.5440965428847,3089.1743616299727,-4.122079760152816,3.9494809110930547,5.027960746168027,-0.007056790849881897,-0.002569653883077356,-0.003783796549878955,26.93645797563799,-87.9915968276669,512.8029669292878,6885.338179102243,0.00018807080322134535,53.01679226569103,357.7758302421954,197.5551194784111,196.6084717536518
15 Jul 2026 11:41:00.000000000,5524.364468507933,2335.7201173202648,3383.8282035233465,-4.536222571780373,3.7869075979748668,4.790243391558176,-0.006737624653730788,-0.0028521536091477622,-0.004143160617512281,29.72126056812266,-85.30118561184801,513.6318300262672,6884.56421578788,0.00030436850614601216,53.01436014378571,357.77360749808656,198.8202491962915,199.1420925053886
15 Jul 2026 11:42:00.000000000,5240.263189064041,2557.640496961197,3663.582735418319,-4.9303402169676795,3.6077521590902824,4.531500353180506,-0.006389048294622069,-0.003121981604943059,-0.004484093632898612,32.43575061035674,-82.44658093012319,514.4686518495548,6883.765061256175,0.000420209875238646,53.0118472765776,357.7709750030891,202.06675194964265,199.694419840415
15 Jul 2026 11:43:00.000000000,4933.158829308675,2768.3338080812796,3927.210458302343,-5.302714080997874,3.412809445723971,4.252881201064582,-0.00601264098887467,-0.0033779776308871965,-0.00480512957276502,35.06775717231519,-79.40382912599289,515.29974201495,6882.954746353756,0.0005336277787612886,53.00929763791585,357.7679230086314,205.971799197577,199.58830410345055
15 Jul 2026 11:44:00.000000000,4604.405136293356,2966.8783642095996,4173.555431581246,-5.651723707722478,3.2029419919747046,3.955620706698648,-0.00561009587430566,-0.003619047611747385,-0.005104896813259216,37.603312811674904,-76.1474929335055,516.1113190317534,6882.147485896912,0.0006429081262493633,53.00675584199188,357.7644491253315,210.15287958103244,199.2062756643118
15 Jul 2026 11:45:00.000000000,4255.449974750143,3152.4061593665388,4401.538212870439,-5.9758533680487576,2.979075930179158,3.641033039232135,-0.005183210939003139,-0.0038441674389376517,-0.00538212275312983,40.02639340937498,-72.65118697352214,516.8897485159688,6881.357430039449,0.0007464219167593695,53.004266361824925,357.76055836378015,214.4593356289381,198.69900811591864
15 Jul 2026 11:46:00.000000000,3887.8288600140086,3324.106556011574,4610.16044153962,-6.273698080600849,2.7421966929304906,3.310505704183939,-0.0047338798485010245,-0.004052386278541123,-0.0056356377701511,42.318688094794375,-68.88856323279553,517.6217783399047,6880.598417494601,0.0008426112376699981,53.001872750367156,357.75626304598853,218.81992445579658,198.1377575340389
15 Jul 2026 11:47:00.000000000,3503.158146130718,3481.229709489398,4798.509051782174,-6.543969081360818,2.4933445304832325,2.9654932633729936,-0.004264082764654596,-0.004242829414503952,-0.005864378554506259,44.459448731283324,-64.8349135431532,518.2947667127969,6879.88373485171,0.0009300038189391539,52.99961687778917,357.7515825891015,223.19628996416134,197.56089028610225
15 Jul 2026 11:48:00.000000000,3103.127902244217,3623.08971867783,4965.760103119463,-6.785498744090901,2.233609870436805,2.6075108720071647,-0.003775877232282342,-0.004414700662379507,-0.00606739087003304,46.4254930960827,-60.469550274394265,518.8968993969814,6879.225886078232,0.0010072344758414449,52.99753819822599,357.7465431651348,227.5653674623547,196.99147847697026
15 Jul 2026 11:49:00.000000000,2689.494510070576,3749.067494118534,5111.182218356999,-6.997244957573197,1.9641285441498457,2.238127665414613,-0.003271389197129563,-0.0045672843989632,-0.0062438318069140105,48.19146166396702,-55.779053262470526,519.4173925273977,6878.636376083959,0.0010730677728341138,52.99567305874936,357.7411772427052,231.91162969551198,196.44505403148784
15 Jul 2026 11:50:00.000000000,2264.073014806258,3858.613336291502,5234.139620856958,-7.178294968790629,1.686076901650307,1.8589600241538284,-0.0027528041943970195,-0.004699947251831497,-0.00639297158646207,49.73044450272345,-50.76128389055171,519.846677808385,6878.125511952914,0.0011264198911654138,52.99405406260101,357.73552301868716,236.2232034618214,195.93349223900898
15 Jul 2026 11:51:00.000000000,1828.7292612561198,3951.2492179054907,5334.094764594211,-7.327868703121861,1.4006668339915855,1.4716647423978324,-0.0022223587330371937,-0.004812139498302689,-0.0065141949853785245,51.01508392657628,-45.42973356835483,520.1765672017181,6877.702225125336,0.0011663787724315847,52.99270949778297,357.7296237497227,240.48965089176173,195.46723067784555
15 Jul 2026 11:52:00.000000000,1385.3718461363246,4026.5707651584385,5410.6105518877985,-7.445321573524109,1.1091407190737053,1.077932120517042,-0.0016823318798251268,-0.004903396220420519,-0.006607002441881223,52.019196943083124,-39.81732620815691,520.4003945858227,6877.373917445368,0.0011922220323165812,52.99166284097059,357.72352699516415,244.7004773364237,195.0567615697728
15 Jul 2026 11:53:00.000000000,935.9439169734513,4084.248933757012,5463.352134797613,-7.53014679036189,0.8127663043395273,0.6794789993281981,-0.001135037030410982,-0.004973338258446409,-0.006671010899849302,52.71983371744996,-33.97839381421043,520.5131322505144,6877.146333584975,0.0012034323684191543,52.990932345414066,357.7172837846457,248.8438990997196,194.71386432362928
15 Jul 2026 11:54:00.000000000,482.4148471821812,4124.031376255212,5492.088297174012,-7.581977182393337,0.512831537187574,0.27804175009470145,-0.0005828138400294743,-0.005021673002950991,-0.0067059544431095405,53.099509612798435,-27.98748922920832,520.5114804894691,6877.023461918195,0.0011997103751087831,52.990530720040866,357.71094772473214,252.90557761300153,194.45287166426078
15 Jul 2026 11:55:00.000000000,26.77181640841314,4145.7434978400925,5496.692415084902,-7.60058653731147,0.21063935189955393,-0.12463076824983546,-2.8020272269640067e-05,-0.005048195054474936,-0.006711684756453421,53.14818368715061,-21.934283681014218,520.3939289590272,6877.007465457969,0.00118098489891376,52.9904649053963,357.70457406021023,256.8670616506381,194.2922277417856
15 Jul 2026 11:56:00.000000000,-428.9886752259509,4149.28919817815,5477.142993972027,-7.585890467484656,-0.09249757974547422,-0.5267842752242804,0.0005269752843981727,-0.005052786775526028,-0.006688171443842025,52.86450571228808,-15.91501616670424,520.1607888842734,6877.098643987141,0.0011474213878477633,52.990735950382664,357.69821870632376,260.7036183654894,194.2566574356369
15 Jul 2026 11:57:00.000000000,-882.8693305956206,4134.651297334863,5433.523781404951,-7.537946803283723,-0.3952621280768953,-0.926666150093265,0.001079801889925553,-0.005035418745695095,-0.006635502215176304,52.2559889588685,-10.022315988560395,519.8141956090533,6877.29542801956,0.0010994292182413365,52.99133899201207,357.6919372688572,264.38096001153434,194.3804399792859
15 Jul 2026 11:58:00.000000000,-1332.8805884148196,4101.891644130818,5366.0234547661175,-7.456955512848723,-0.6963380097127105,-1.3225325205806961,0.0016280939756116305,-0.004996150123574393,-0.006553882943351591,51.338059017931705,-4.335928717766269,519.3580814049483,6877.594404724428,0.0010376699487545133,52.99226333860096,357.6857840691238,267.8500061776195,194.7126470747074
15 Jul 2026 11:59:00.000000000,-1777.0491369342783,4051.1509056413793,5274.934883664384,-7.343258143568498,-0.9944151105030734,-1.712655350830129,0.0021694993753817262,-0.004935128906302171,-0.0064436375761627905,50.132246209746384,1.0835228683452502,518.7981188734883,6877.990375439981,0.000963070360341504,52.99349265503704,357.67981119089745,271.03806435355045,195.32596266841955
15 Jul 2026 12:00:00.000000000,-2213.4263795859347,3982.6480369189667,5160.653967389649,-7.1973367771496415,-1.2881948206139198,-2.0953295191751575,0.0027016875191257224,-0.00485259206851348,-0.0063052078757732805,48.66397977358982,6.1968539384203165,518.141635696274,6878.476443898933,0.0008768482121042538,52.995005246973115,357.67406756593243,273.83319680947824,196.33231640133874
15 Jul 2026 12:01:00.000000000,-2640.096823089735,3896.679430453768,5023.678048337485,-7.019812487164879,-1.5763953737202387,-2.468879874230848,0.0032223578336718003,-0.004748865552897301,-0.006139152946069672,46.960442431313524,10.985153043984681,517.3975019064549,6879.04413379138,0.0007805680260299791,52.99677443907571,357.66859811410916,276.0549151975911,197.91218931688343
15 Jul 2026 12:02:00.000000000,-3055.186357791622,3793.617745426905,4864.603903095394,-6.8114432856034135,-1.857757180312808,-2.8316682550653005,0.0037292483832245425,-0.00462436407311717,-0.005946148493727623,45.04880238840245,15.446375718716208,516.5759912718497,6879.683533808878,0.0006762677025084963,52.99876904081181,357.6634429532814,277.39573477401655,200.3730599232674
15 Jul 2026 12:03:00.000000000,-3456.870399132379,3673.910417480906,4684.125313832812,-6.573121543387794,-2.1310481426858927,-3.182100457868891,0.004220144769413323,-0.0044795906886443354,-0.00572698576777314,42.95495630391171,19.591044995555286,515.6886187902021,6880.383467850594,0.0005667609396069006,53.000953891720606,357.65863669270624,277.2968039808345,204.27377486437786
15 Jul 2026 12:04:00.000000000,-3843.3818582245176,3538.0778505552835,4483.030223802491,-6.305870869219202,-2.3950689363814757,-3.518633127767861,0.0046928892900217544,-0.004315136098827643,-0.0054825701073865155,40.70277021692643,23.43807425229298,514.7479566981405,6881.131687637486,0.00045641028144510304,53.003290476717254,357.6542078225519,274.66976430267925,210.7026892796905
15 Jul 2026 12:05:00.000000000,-4213.018908570833,3386.7112933402154,4262.197482167003,-6.010842431594884,-2.6486582398047647,-3.839780550381409,0.0051453903405343495,-0.004131677606649301,-0.005213919032707942,38.31372485254564,27.01127034087311,513.7674317800323,6881.915084577872,0.00035323153154184544,53.005737600736474,357.6501782102471,267.3057205377403,221.8686967089965
15 Jul 2026 12:06:00.000000000,-4564.152515094413,3220.470404085406,4022.5931850175084,-5.6893107104681055,-2.890697890572309,-4.144121313594062,0.005575632020360269,-0.003929977697837082,-0.004922159808271861,35.80684820309463,30.33669939271817,512.7611071255124,6882.719917368359,0.0002742142208874687,53.00825211096776,357.64656271266216,251.346997288292,241.62947273317693
15 Jul 2026 12:07:00.000000000,-4895.233690909171,3040.0805088812726,3765.26662135296,-5.342668667830464,-3.1201179440121374,-4.430304805993086,0.005981683886993294,-0.003710882184364535,-0.004608526414460862,33.19882895826171,33.440868813551916,511.7434518156239,6883.532051501556,0.00024968103882851963,53.01078965407846,357.6433689110489,225.8766176862438,270.9019963327254
15 Jul 2026 12:08:00.000000000,-5204.800446731595,2846.329560087937,3491.3458349229063,-4.9724223304591435,-3.335901606278128,-4.697057514700597,0.006361710783611612,-0.0034753178661107004,-0.004274355869527357,30.504228810078637,36.349576917225455,510.72910230835106,6884.337206597329,0.00029497547599957477,53.01330545518526,357.6405969735654,202.74013939476657,297.8407139210483
15 Jul 2026 12:09:00.000000000,-5491.484397572943,2640.064803321665,3202.032815180962,-4.580184783126917,-3.537090011890452,-4.94318908209701,0.0067139826455823275,-0.003224289668635258,-0.0039210838517987155,27.735737291096445,39.08726033410275,509.732619534423,6885.1212072828885,0.000384696101961049,53.01575510492634,357.6382396479387,189.95167348044586,314.43152045709627
15 Jul 2026 12:10:00.000000000,-5754.016991431723,2422.189163278323,2898.598333113694,-4.167669576593446,-3.7227868133267052,-5.1675980783592586,0.00703688418000371,-0.002958877226531339,-0.003550239587417456,24.90443398748664,41.6766880612219,508.76824589338435,6885.870233225737,0.0004920751669192128,53.018095340817254,357.6362823846142,184.45133235483178,323.73431143841395
15 Jul 2026 12:11:00.000000000,-5991.235325165592,2193.657360673538,2582.376440355752,-3.7366835615436402,-3.892162548656228,-5.369277444974403,0.0073289242964631575,-0.002680230889416404,-0.0031634399803092215,22.0200383550776,44.138883490056685,507.8496664475392,6886.571063878926,0.0006037876747881789,53.02028480914563,357.6347035883614,182.84404501117007,329.1441675497265
15 Jul 2026 12:12:00.000000000,-6202.087513621633,1955.4717746420902,2254.758652723766,-3.2891191670990505,-4.044458752267119,-5.547319563560713,0.007588745162068753,-0.0023895671418329586,-0.0027623829801439316,19.09113759939692,46.49318829537701,506.9897786391092,6887.211313534379,0.000713371497280192,53.022284793973775,357.6334749941328,183.3581315816739,332.4327799435494
15 Jul 2026 12:13:00.000000000,-6385.637579455005,1708.6780670573837,1917.1878420391395,-2.826946150402992,-4.178991773528117,-5.700920904524774,0.007815130746708678,-0.0020881634399986418,-0.0023488402000910354,16.125389417650204,48.75740919723259,506.20047479498254,6887.77965239886,0.0008171261214425457,53.024059900369075,357.6325621606664,185.11667090181973,334.4770824690925
15 Jul 2026 12:14:00.000000000,-6541.069832905576,1454.3605873144538,1571.1518628010913,-2.3522028517983697,-4.295156268843085,-5.829386211360124,0.008007014724903744,-0.0017773524825789998,-0.001924648814996285,13.129700062172247,50.94800913927736,505.49244153025376,6888.266009613442,0.0009125799224233018,53.02557867976223,357.631925073365,187.66031673494282,335.73643519980135
15 Jul 2026 12:15:00.000000000,-6667.692713109254,1193.6375781680672,1218.1769428499163,-1.8669869980560398,-4.392428333981701,-5.932132178765411,0.00816348760530057,-0.0014585159466252303,-0.0014917027890427347,10.110380133461405,53.08031905703812,504.8749799119014,6888.661754424167,0.0009979175381688076,53.02681418632859,357.6315188459266,190.7315546282592,336.4683672928331
15 Jul 2026 12:16:00.000000000,-6764.942065301242,927.656205135624,859.820869563391,-1.3734461036859136,-4.4703682458320095,-6.008690586205665,0.008283802963887026,-0.0011330777326027908,-0.001051943498506192,7.0732814278066085,55.168756407125024,504.35584990034323,6888.959852082495,0.0010717498115146646,53.027744454483,357.63129450851267,194.17715524918844,336.82612333674007
15 Jul 2026 12:17:00.000000000,-6832.383831479465,657.5874337497798,497.66600529350603,-0.8737675273462229,-4.528622785760502,-6.058710852994653,0.008367382673485737,-0.0008024967761983725,-0.000607349832554406,4.023918500793323,57.227043241849465,503.9411421517098,6889.154991496849,0.0011330147703173285,53.02835288895296,357.63119986861585,197.90143536235814,336.90540203277106
15 Jul 2026 12:18:00.000000000,-6869.716135704667,384.62078050074643,133.31216762194532,-0.3701682465076546,-4.566927120533045,-6.08196198634058,0.008413821033750567,-0.00046825949478087356,-0.00015992786801333282,0.967578648151842,59.268420862580896,503.63517974731286,6889.243682168883,0.0011809323415757204,53.02862856042406,357.63118042955955,201.84238514501945,336.7682285183736
15 Jul 2026 12:19:00.000000000,-6876.770749155546,109.95896463231574,-231.630588463434,0.13511558136121934,-4.585106221141514,-6.078333899937593,0.008422887726228602,-0.0001318719466168115,0.00028829977376465445,-2.090576078081465,61.30586072277042,503.4404518291821,6889.224318515764,0.001214981894347095,53.02856640141019,357.6311803504438,205.958745661437,336.455876519094
15 Jul 2026 12:20:00.000000000,-6853.513924270795,-165.18751100657335,-595.5492482252571,0.6398391989203315,-4.583075804789505,-6.047838087438662,0.008394529542165432,0.00020514821166596096,0.0007353047710547689,-5.145411306752479,63.3522727948583,503.3575804774375,6889.097210293507,0.0012348891692817252,53.02816729875898,357.63114343061613,210.22265759716362,335.9962192349993
15 Jul 2026 12:21:00.000000000,-6800.0465917177935,-439.6058211209939,-956.8351356973858,1.1417598956722428,-4.560842790577954,-5.990607642327288,0.008328870850553472,0.0005412798789891025,0.0011790640249620865,-8.191723801401139,65.4207133894351,503.3853214833051,6888.864578480638,0.0012406163193972744,53.02743808103096,357.6310141012595,214.61530643427704,335.40808378777564
15 Jul 2026 12:22:00.000000000,-6716.603918446594,-712.0862918032485,-1313.8911938101078,1.6386476454067376,-4.518505264949409,-5.906896623114373,0.008226212800484429,0.0008750066820628346,0.001617570537285497,-11.224142510146327,67.52459459047759,503.52059897024895,6888.5305166437865,0.0012323519769953137,53.02639140085278,357.6307384065652,219.12426429897818,334.7039090043752
15 Jul 2026 12:23:00.000000000,-6603.554229632883,-981.427857630543,-1665.1392070116744,2.128295658841016,-4.456251958539594,-5.79707877021302,0.008087031276517503,0.001204825073008432,0.0020488441204972075,-14.237023743036433,69.67789708548321,503.758573115234,6888.100918469289,0.0012104997951807863,53.025045514213225,357.6302649571006,223.74184293739503,333.89139208854067
15 Jul 2026 12:24:00.000000000,-6461.397301797282,-1246.4434728806186,-2009.0269278715577,2.608530777690703,-4.3743612415904005,-5.661645588077888,0.007911973646085113,0.0015292522622351872,0.0024709418217391033,-17.224336908882822,71.89538713500453,504.0927395418553,6887.583372794856,0.0011756647080161952,53.02342396050467,357.62954583842856,228.46408583856842,332.9744961682176
15 Jul 2026 12:25:00.000000000,-6290.7620387292045,-1505.9654483049853,-2344.0350701582324,3.0772236395470713,-4.273199650341539,-5.501203813035627,0.00770185436583255,0.0018468339019906987,0.0028819679518878975,-20.179537128691404,74.19283651386608,504.51505831718947,6886.987028095441,0.0011286365992531084,53.0215551488867,357.6285374588091,233.29019904444266,331.9540191856224
15 Jul 2026 12:26:00.000000000,-6092.4035459555225,-1758.8506858030685,-2668.6841322946916,3.532298547356515,-4.153219961688789,-5.31647229348797,0.007457649526226192,0.002156151442961018,0.0032800836204511285,-23.09542098273597,76.58724106882053,505.01610990092644,6886.322428955754,0.0010703713410585884,53.019471858223454,357.6272013209217,238.22232497745995,330.8278198055529
15 Jul 2026 12:27:00.000000000,-5867.199623316051,-2003.985784502651,-2981.541016847787,3.9717429828023842,-4.014958837752837,-5.108278314679544,0.007180490438944826,0.002455829097099685,0.003663515692722796,-25.96396176767421,79.09702846536364,505.585274883949,6885.601327583483,0.001001969344656506,53.01721065939711,357.6255047038257,243.26564283166792,329.59071680156455
15 Jul 2026 12:28:00.000000000,-5616.146698666889,-2240.29199317658,-3281.22541377906,4.393616709329775,-3.859034065722667,-4.877553404843427,0.006871656376832321,0.0027445403497654806,0.004030565099169589,-28.776121150450525,81.7422378753571,506.2109339253795,6884.836473874223,0.0009246518985012828,53.01481127019414,357.623421242991,248.42886382126315,328.23399363100134
15 Jul 2026 12:29:00.000000000,-5340.355228793064,-2466.7299855357146,-3566.4159174961774,4.796060417662536,-3.6861414213482404,-4.625328663174439,0.006532566592528665,0.003021013978224266,0.004379614446237155,-31.521635351168815,84.54464265186931,506.8806839600236,6884.041387919142,0.0008397356849879112,53.01231585417524,357.62093139798264,253.7253200612757,326.744309428252
15 Jul 2026 12:30:00.000000000,-5041.044596220292,-2682.304436731156,-3835.8558502550654,5.177303874240889,-3.4970511866758733,-4.352729652658248,0.00616477174255089,0.0032840395457655867,0.00470913489421569,-34.18877650556533,87.52777012770059,507.5815665067246,6883.230119146781,0.0007486059945918647,53.009768275951345,357.6180227995032,259.175103068618,325.1015604312607
15 Jul 2026 12:31:00.000000000,-4719.537532777689,-2886.0683812661555,-4088.3587670937104,5.535673540747506,-3.292604354056677,-4.060970902285125,0.005769944846271045,0.0035324723543877458,0.0050176922860836705,-36.76409444465697,90.71674937921433,508.30030376291154,6882.416996503072,0.0006526893546809878,53.00721332607675,357.61469046948,264.8092976189389,323.2746461081442
15 Jul 2026 12:32:00.000000000,-4377.254102429939,-3077.127334489939,-4322.813620186451,5.869599640606053,-3.0737085490582796,-3.751350063593932,0.005349871907274379,0.0037652378531644825,0.005303952529989239,-39.23215187287871,94.13788790202106,509.0235381193529,6881.616374200433,0.0005534267168655979,53.00469592932342,357.6109369102845,270.6788827970376,321.21256814766247
15 Jul 2026 12:33:00.000000000,-4015.705277187617,-3254.643161764435,-4538.1895631632115,6.177622655649305,-2.8413337048011997,-3.4252417659576,0.0049064423140171695,0.003981335509848775,0.005566686251521971,-41.57527812831557,97.81784411025272,509.73807076624564,6880.842377604965,0.00045224952541294357,53.002260350405614,357.606772061391,276.8753778139446,318.82378474031844
15 Jul 2026 12:34:00.000000000,-3636.4861405948595,-3417.837681398934,-4733.540378649835,6.458399243107173,-2.5965075192972735,-3.0840912134215004,0.004441639130366477,0.004179842167359512,0.005804772750314735,-43.773384531348476,101.78223256600619,510.4310951801245,6880.108653784628,0.00035056503678550346,52.99994941127639,357.6022131242879,283.5860654506742,315.9209872901459
15 Jul 2026 12:35:00.000000000,-3241.2687538274918,-3565.9959892202473,-4908.008514718005,6.710707569022311,-2.3403107259666593,-2.7294075637072144,0.003957529367660017,0.004359914912781957,0.006017203302617901,-45.80390788081711,106.05349110398417,511.09042147109176,6879.428131114034,0.0002497752244524562,52.99780373391581,357.59728425864233,291.2766339173285,312.03845876618703
15 Jul 2026 12:36:00.000000000,-2831.7947194099847,-3698.469494460748,-5060.828718359078,6.933452059485854,-2.0738722054315,-2.3627571269685017,0.003456254318685918,0.004520793497931759,0.006203083866139985,-47.641975249548636,110.64788602252511,511.70468782194934,6878.812792128457,0.00015147164036482416,52.99586102207832,357.5920161551862,301.55000215757485,305.57324866128755
15 Jul 2026 12:37:00.000000000,-2409.8674773761522,-3814.678658234725,-5191.3312562423,7.12566757520145,-1.7983639643141658,-1.9857564184842895,0.0029400200122075143,0.004661802353139313,0.006361637245849024,-49.2609047370022,115.57167888101286,512.2635555544331,6878.273463548462,5.969008939245166e-05,52.99415539477065,357.58644549283787,325.6266693836483,285.30482376941626
15 Jul 2026 12:38:00.000000000,-1977.3443682582504,-3914.1154273470293,-5298.944714969688,7.286523017942112,-1.5149960040950483,-1.6000650957683322,0.002411087829276261,0.004782352239546875,0.0064922047834172405,-50.633157261744515,120.81676840077631,512.7578847026583,6877.8196270623575,4.9811274588932377e-05,52.99271678330769,357.58061428980534,87.14845752798546,167.59132609081584
15 Jul 2026 12:39:00.000000000,-1536.1284966244223,-3996.3453574869145,-5383.198374780738,7.415324379401575,-1.2250111002744897,-1.2073788066941886,0.0018717653049225079,0.00488194158855132,0.006594247636505214,-51.73181086608432,126.35654900563965,513.1798873512886,6877.459254067382,0.0001318222759007019,52.99157040265395,357.57456916014945,116.40345930918245,142.14462516261912
15 Jul 2026 12:40:00.000000000,-1088.1604284177613,-4061.0094209489444,-5443.72415209567,7.511517243665729,-0.9296795094656333,-0.8094219717182743,0.0013243971173212874,0.004960157568968298,0.0066673477022429805,-52.53252088702573,132.14317700569387,513.5232563965424,6877.19866713698,0.0002135210871421331,52.990736306429106,357.5683604891041,127.83085582257013,134.525500897356
15 Jul 2026 12:41:00.000000000,-635.4097543490894,-4107.8254950656,-5480.258107638309,7.574688754405284,-0.630293619275575,-0.4079405195726552,0.0007713562544205654,0.005016676927651432,0.006711208245445555,-53.015759610966356,138.10764011092726,513.7832678065142,6877.042430511097,0.00029041367083685075,52.990229033455634,357.56204154178283,136.60350922068358,129.56105135899506
15 Jul 2026 12:42:00.000000000,-179.86655122614076,-4136.589528295179,-5492.64151787513,7.604569056606013,-0.3281625537246284,-0.004694593070949301,0.0002150353295969279,0.005051266634012187,0.006725654270732906,-53.16894718796831,144.16365806157566,513.956854885905,6876.993271405648,0.0003618145964851708,52.99005735208932,357.5556675211927,144.61180368343977,125.36085226862036
15 Jul 2026 12:43:00.000000000,276.4672275909556,-4147.176381642413,-5480.821508453377,7.601032220761573,-0.02460674499486299,0.39854876085971264,-0.0003421619907531139,0.0050637843583130815,0.0067106326763820045,-52.98798695784166,150.21537561538588,514.0426534862586,6877.05203341481,0.0004275697878184805,52.990224106821636,357.5492945922726,152.37238524178096,121.40821766888152
15 Jul 2026 12:44:00.000000000,731.5864017841658,-4139.540343680552,-5444.851249087012,7.564096654895926,0.27904751905567277,0.8000229044637651,-0.0008978294941680039,0.005054178801485635,0.006666212211059829,-52.47779424490839,156.1673945779339,514.0410175422276,6877.217662741764,0.0004877699587433955,52.99072616981627,357.5429788893301,160.0801879184002,117.50817427584566
15 Jul 2026 12:45:00.000000000,1183.4912231401117,-4113.715317979596,-5384.88971003835,7.493925006865164,0.581473562989679,1.1979689142329515,-0.0014495669141790439,0.005022489883575985,0.006592583240054385,-51.65166639325287,161.9346904581773,513.9540047549481,6877.48722744858,0.0005426729665916336,52.99155449816749,357.5367755244867,167.8197498596793,113.57614583632228
15 Jul 2026 12:46:00.000000000,1630.1960135508943,-4069.81468224981,-5301.200981009772,7.390823556317255,0.8813497990941783,1.5906428663559435,-0.001994988458697784,0.004968848792052665,0.00649005731969424,-50.529674521357784,167.45001069695812,513.7853326838756,6877.855969369931,0.0005926557771785267,52.99269429578274,357.53073761474593,175.62678812015994,109.57637882154542
15 Jul 2026 12:47:00.000000000,2069.7377512884304,-4008.030819019205,-5194.153153945351,7.255241092695723,1.1773652010910463,1.9763230904292175,-0.0025317314223431745,0.004893477875257583,0.0063590665575479054,-49.13650284753273,172.6674209543606,513.5403059462511,6878.317387794961,0.0006381684721611341,52.994125276930994,357.524915344916,183.510624223561,105.49951732560108
15 Jul 2026 12:48:00.000000000,2500.184574573162,-3928.634318216544,-5064.216771996562,7.087767272988916,1.4682247664694963,2.3533173778435876,-0.003057464924096031,0.004796690362400771,0.006200162731078916,-47.499219839612444,177.56207709073067,513.22571565765,6878.863353494907,0.0006796854000868923,52.99582202669152,357.51935508295236,191.46392448268125,101.35286317893309
15 Jul 2026 12:49:00.000000000,2919.6441710007475,-3831.972852658229,-4911.96284777466,6.889130450761038,1.7526549561365927,2.719970129095486,-0.0035698988002555213,0.0046788898785864105,0.006014016120920333,-45.645355124319344,-177.87268819282974,512.8497126750557,6879.48425116677,0.0007176544293228444,52.99775445182163,357.51409856337966,199.46786947150744,97.15520687671142
15 Jul 2026 12:50:00.000000000,3326.272020813738,-3718.4697281745275,-4738.060455033712,6.660194966547642,2.029409098078611,3.074669421521924,-0.004066792670448532,0.0045405697194027175,0.005801414010282562,-43.60147190611734,-173.62956773950387,512.4216566226806,6880.169147881923,0.0007524476052620701,52.99988831396488,357.5091821531405,207.49567012988732,92.93331183535655
15 Jul 2026 12:51:00.000000000,3718.279461374535,-3588.6221109755515,-4543.273899135391,6.401957889112923,2.2972727393676444,3.415853975759447,-0.004545965178138437,0.004382311842631084,0.005563258793747098,-41.39225911897712,-169.6916147910816,511.95194308621643,6880.905984681755,0.0007843175299434478,53.0021858356721,357.5046362128138,215.5155357522743,88.71894672000266
15 Jul 2026 12:52:00.000000000,4093.941539554452,-3442.998935878142,-4328.459473059427,6.115545197472302,2.555068928215894,3.7420199957478775,-0.005005303389637909,0.004204785531461847,0.005300565635520095,-39.04006551721374,-166.0360099272635,511.4518117478282,6881.68178805611,0.0008133637949871281,53.00460636843079,357.5004845643679,223.49343915486136,84.54612054363399
15 Jul 2026 12:53:00.000000000,4451.604618175914,-3282.2385001938837,-4094.561807354499,5.8022073950559285,2.801663405030885,4.051727853512264,-0.00544277231878767,0.0040087456841553185,0.00501445961900313,-36.56475917821849,-162.63697820904474,510.93313859526006,6882.482897681064,0.0008395128822664468,53.007107110820094,357.49674407475277,231.39566950018934,80.44853005468534
15 Jul 2026 12:54:00.000000000,4789.693702186744,-3107.0457494304983,-3842.609824272282,5.463314549963375,3.0359696786729926,4.343608586450909,-0.005856424523526423,0.0037950306836235224,0.0047061723289171945,-33.983799053454305,-159.46785116932577,510.4082156664003,6883.295206489895,0.0008625133167875026,53.00964386404064,357.4934243625071,239.19101670921842,76.4573754798993
15 Jul 2026 12:55:00.000000000,5106.7194499874395,-2918.1892624622246,-3573.7123083800548,5.100350758909802,3.2569539615301113,4.6163701716204315,-0.006244409706602469,0.0035645598075027705,0.004377037817622656,-31.312427698815288,-156.50240490530365,509.8895220759281,6884.1044089084935,0.0008819459182740863,53.01217181143276,357.49052763245356,246.85241769717496,72.59971438386025
15 Jul 2026 12:56:00.000000000,5401.284835319281,-2716.497945488684,-3289.053108181976,4.714908037138219,3.463639934706901,4.8688035387208775,-0.006604984232576101,0.0033183301418941544,0.00402848791196472,-28.563920882171146,-153.71564604160696,509.38949030491983,6884.896252913419,0.0008972472275859684,53.01464630819747,357.48804864119205,254.35796209265152,68.89745598445126
15 Jul 2026 12:57:00.000000000,5672.091425429439,-2502.857445881993,-2989.8859856613944,4.308679642147686,3.655113312741553,5.099788281311475,-0.006936520462645505,0.003057412972493402,0.0036620468317749566,-25.749852874671635,-151.08420656466154,508.920271906396,6885.656791470131,0.0009077429561930578,53.01702366738317,357.48597479384654,261.69125379854336,65.36699956538347
15 Jul 2026 12:58:00.000000000,5917.945241894184,-2278.206298908147,-2677.5291331443264,3.8834528454237636,3.830526175901948,5.3082980243742375,-0.007237515795844684,0.002782949635235412,0.003279325103222578,-22.88035353424985,-148.58647761936913,508.4935068817166,6886.372628887061,0.0009126877805190328,53.01926192829293,357.484286370163,268.84121241294383,62.01943296841287
15 Jul 2026 12:59:00.000000000,6137.7621715521855,-2043.5318222499393,-2353.3593794259527,3.4411011732595607,3.98910103739005,5.493405405807332,-0.007506601297480027,0.002496146819976253,0.002882012765786556,-19.964345047770987,-146.20257847164538,508.1201010049761,6887.031157680042,0.0009113079148383352,53.02132159380792,357.48295687582083,275.801449743293,58.86115593368531
15 Jul 2026 13:00:00.000000000,6330.572896494495,-1799.8657752296353,-2018.806109642884,2.9835761450201104,4.130134612758812,5.654286629855589,-0.007742549793339513,0.0021982713336901167,0.0024718718891140108,-17.00975361252158,-143.91422748185616,507.8100153092027,6887.62078168334,0.0009028434421930002,53.023166323695335,357.4819535125939,282.5693651140119,55.894784590663676
15 Jul 2026 13:01:00.000000000,6495.527313995952,-1548.2798015751875,-1675.3449258530295,2.5128985445892154,4.253001259579273,5.790225551923475,-0.007944283304736944,0.001890644341088468,0.002050728431440756,-14.023695701316282,-141.70455923146832,507.57207179356107,6888.1311213676945,0.000886588124267902,53.02476357177141,357.4812377589224,289.14507582506604,53.12022074579243
15 Jul 2026 13:02:00.000000000,6631.89841965088,-1289.8806764504566,-1324.4910776422962,2.0311492680056014,4.3571560569034125,5.900617256675636,-0.00811087970812276,0.0015746351152746687,0.0016204634901757365,-11.012640931880194,-139.5579155455521,507.4137791638842,6888.55319762984,0.0008619251563466531,53.026085155800835,357.4807660505474,295.53024660665864,50.53582212613792
15 Jul 2026 13:03:00.000000000,6739.085629776903,-1025.8053802337797,-967.7926942535678,1.5404597972031475,4.442137496341296,5.9849710947861405,-0.008241578506784966,0.001251654341992095,0.0011830040096216965,-7.982554721322653,-137.45962684121906,507.3411820801559,6888.879590697996,0.0008283579696436265,53.027107750218015,357.48049054912616,301.7268094265934,48.13968222765617
15 Jul 2026 13:04:00.000000000,6816.61752234713,-757.2160231343196,-606.8238516682194,1.0430023560795163,4.507569759573642,6.042913148085428,-0.008335785616048232,0.0009231470335045881,0.000740313026561588,-4.939024368578175,-135.39579269395944,507.35873695880196,6889.104571246857,0.0007855356729637889,53.02781329312764,357.4803599852083,307.7354634863662,45.93112993790997
15 Jul 2026 13:05:00.000000000,6864.153979257863,-485.29464613711804,-243.17750971964082,0.5409798106169035,4.553164560788755,6.074188098072677,-0.008393077079404123,0.000590585118597061,0.0002943795472336675,-1.887372302116664,-133.35306563748335,507.4692168732047,6889.2242013262585,0.0007332730869544049,53.028189300562104,357.4803205607024,313.5536769500568,43.91272739558068
15 Jul 2026 13:06:00.000000000,6881.487716582923,-211.23792493292757,121.5416443725985,0.036615379271389886,4.578722536774676,6.078660478682461,-0.008413201648798076,0.0002554597834365628,-0.00015279184088031305,1.1672398409624272,-131.3184391567442,507.6736475229855,6889.236403267012,0.0006715656172553467,53.028229082608945,357.48031689492956,319.1725716120594,42.09338488763116
15 Jul 2026 13:07:00.000000000,6868.545193540951,63.74819561797599,485.7244087167239,-0.46785777681774104,4.584134172103232,6.056315300658641,-0.008396082184710916,-8.072635498838577e-05,-0.0005991915108295478,4.219712756153143,-129.2790390091813,507.97127561712335,6889.140995328008,0.0006005995574291885,53.02793185774716,357.4802929976438,324.5712629380316,40.49402035695275
15 Jul 2026 13:08:00.000000000,6825.386895135628,338.4539083379442,847.7642978351389,-0.9702070121899798,4.56938025188142,6.007258041719129,-0.0083418158531414,-0.0004164671568628137,-0.0010428153758105145,7.264913182697676,-127.22191603379382,508.3595703527079,6888.939693471935,0.0005207591031605184,53.027302763516666,357.48019325196213,329.7050225430463,39.15939646392977
15 Jul 2026 13:09:00.000000000,6752.206987743346,611.6709634589529,1206.0647541169087,-1.4682106316826715,4.534531839776802,5.931714003700179,-0.008250673119160832,-0.0007502608609422397,-0.0014816753894798661,10.297576378652952,-125.13383826471431,508.8342579903093,6888.636079294217,0.00043263338310494564,53.02635276345609,357.4799633899951,334.4766423110372,38.18675600535048
15 Jul 2026 13:10:00.000000000,6649.332351237306,882.1980728032743,1559.0463019098352,-1.9596682296552161,4.4797497842984235,5.830027044850546,-0.008123095559730778,-0.0010806178920281895,-0.0019138098519679298,13.312203933182946,-123.00108037591116,509.38938884604767,6888.23553476286,0.0003370345232383934,53.02509845205426,357.47955144411475,338.6534119528602,37.808843900775216
15 Jul 2026 13:11:00.000000000,6517.220995469569,1148.846270343448,1905.1536072218744,-2.442410864198252,4.405283761480604,5.702657702205688,-0.007959692540168983,-0.0014060684900702287,-0.002337293411720049,16.302953410751826,-120.8092092925698,510.01743536002056,6887.745145044223,0.00023507773301442925,53.023561761232486,357.4789086572927,341.55268729027523,38.70833846636362
15 Jul 2026 13:12:00.000000000,6356.459873007232,1410.444201697934,2242.8624070786586,-2.9143110000039036,4.311470867030493,5.550180725322919,-0.00776123682138248,-0.001725170082100174,-0.0027502466622078506,19.26351621268003,-118.54286639095423,510.70941927796395,6887.173571276456,0.0001287241262772359,53.02176957358472,357.4779903366278,340.1167276210102,43.943013627958024
15 Jul 2026 13:13:00.000000000,6167.762103859057,1665.8433160512106,2570.6862740306083,-3.373292158061836,4.198733775520444,5.373282048422481,-0.007528659179102121,-0.0020365143254818825,-0.003150845242805683,22.186979958758997,-116.18554940562142,511.45506541507547,6886.530895696558,3.4511362221085065e-05,53.01975324921555,357.47675663524177,290.0702682732549,97.78816597166876
15 Jul 2026 13:14:00.000000000,5951.963631475261,1913.9229351566735,2887.1831830642777,-3.8173382158338858,4.0675784882183255,5.172755233008262,-0.0072630421365527924,-0.0023387337608073676,-0.003537328367396663,25.06567173812834,-113.7194014979364,512.2429789710725,6885.82844201746,0.00010866603630291152,53.017548074508746,357.4751732489263,202.2098224387099,189.44731254886491
15 Jul 2026 13:15:00.000000000,5710.019332492716,2153.5951754929697,3190.961850214554,-4.244502307899564,3.9185916945379162,4.9494974172061905,-0.0069656129208930575,-0.0026305080235182877,-0.0039080067191796,27.89097893091653,-111.1250216777648,513.0608429456578,6885.078574379837,0.00022334960580512714,53.01519264250477,357.4732120155108,198.19473104499477,197.26114068019854
15 Jul 2026 13:16:00.000000000,5442.998605495045,2383.8097012169624,3480.687814436439,-4.652915284005357,3.752437774794338,4.704504811265856,-0.006637735762741938,-0.002910569575289433,-0.00426126966621073,30.65314525070419,-108.38132094218669,513.8956318700447,6884.294478559701,0.0003398475931685335,53.012728175740854,357.47085140653274,200.2429365576024,199.01173387319102
15 Jul 2026 13:17:00.000000000,5152.08046642678,2603.5582872839127,3755.08923671968,-5.040793688787135,3.5698554738974018,4.438867780864765,-0.006280903664602783,-0.003177708929772344,-0.004595591770934387,33.34104166248,-105.46546335736689,514.7338378284428,6883.4899293959725,0.00045523298312931203,53.01019780339473,357.4680769027364,203.70623403381148,199.34732053487932
15 Jul 2026 13:18:00.000000000,4838.54818022266,2811.8791739198864,4012.962392964926,-5.406447234916931,3.3716542767909585,4.153765561004242,-0.005896729760107516,-0.003430779358784793,-0.0049095385817658635,35.94191558444502,-102.35295212127785,515.5617045930775,6882.67904860426,0.0005676399178749088,53.007645805355,357.46488124690137,207.68726419584988,199.16528071536416
15 Jul 2026 13:19:00.000000000,4503.7834597207075,3007.8611954797075,4253.17683968943,-5.7482857487746095,3.1587105168643395,3.8504606434451873,-0.005486938387943912,-0.00366870107984367,-0.005201771714789062,38.441128259602564,-99.01794805486577,516.3654656359699,6881.876057267485,0.0006753781964225418,53.0051168364035,357.46126456968864,211.89487296452026,198.7567864429488
15 Jul 2026 13:20:00.000000000,4149.2602638934095,3190.6476686349674,4474.680234252561,-6.064825574880689,2.9319632481770124,3.530292879719437,-0.005053355990234395,-0.0038904649350559677,-0.005471053244866564,40.82190061572638,-95.4339406699989,517.1315818047804,6881.095027337612,0.0007768364757469201,53.002655144031195,357.45723438632683,216.20680006658532,198.244113039554
15 Jul 2026 13:21:00.000000000,3776.53822822433,3359.4400265660342,4676.502793650896,-6.3546954316507795,2.6924099114100035,3.194673340177953,-0.004597901941011689,-0.004095135585141142,-0.005716249443739505,43.06510356636119,-91.57492419337225,517.8469745512342,6880.349636451131,0.0008704796368899578,53.000303793512636,357.4528054642745,220.56269370055585,197.6876244309643
15 Jul 2026 13:22:00.000000000,3387.255760160274,3513.501187679847,4857.7613784295245,-6.616641716975218,2.4411018217345086,2.8450779669027515,-0.004122579392016032,-0.004281854249794345,-0.005936333911484908,45.14915013965292,-87.41724856163688,518.4992507712907,6879.652930255654,0.0009548658209414368,52.998103913731946,357.44799956415545,224.92894051394182,197.1209431991508
15 Jul 2026 13:23:00.000000000,2983.122832630965,3652.158648935136,5017.663190355723,-6.849533266848245,2.1791395047345032,2.4830410553190165,-0.0036294662071597885,-0.004449841032026071,-0.006130390155516103,47.0500725729936,-82.94229150855968,519.0769155455018,6879.017096272736,0.001028668272329059,52.99609397689015,357.4428450585266,229.2846776031581,196.5649386634742
15 Jul 2026 13:24:00.000000000,2565.9135082781404,3774.807295372484,5155.509074531332,-7.052365574147386,1.907667904001993,2.110148595761977,-0.003120706043041111,-0.004598396872915683,-0.006297613682261156,48.741891707079354,-78.1399911889,519.56956934696,6878.45325308746,0.0010906977157500446,52.99430912463606,357.43737643509985,233.61538146261728,196.03413806182954
15 Jul 2026 13:25:00.000000000,2137.4582265143563,3880.911918783234,5270.696418391858,-7.224264477394659,1.6278714812692634,1.7280315024304647,-0.00259849960884367,-0.00472690518172344,-0.00643731366338288,50.19739570836351,-73.01304354364233,519.9680866031234,6877.971258365516,0.0011399236286298846,52.992780552357075,357.4316336930774,237.90953800478422,195.5400567067415
15 Jul 2026 13:26:00.000000000,1699.6358849506782,3970.0094396008817,5362.721641563465,-7.364489330906223,1.340969227132271,1.3383587533151413,-0.0020650961239764465,-0.004834833189542583,-0.006548914241889371,51.3894196253561,-67.58118725478987,520.2647728474761,6877.579538859847,0.0011754936159016605,52.99153496236208,357.4256616430848,242.15665950439754,195.09318125864476
15 Jul 2026 13:27:00.000000000,1254.3657458653038,4041.7108271361553,5431.182271897752,-7.472435668288839,1.0482095974920722,0.942830460753834,-0.0015227849729810307,-0.004921733074104292,-0.006631955541665914,52.292633878136584,-61.88454168011677,520.4534980702206,6877.284945187588,0.0011967504488143393,52.99059409549661,357.41950912287916,246.34587951064748,194.70437506866355
15 Jul 2026 13:28:00.000000000,803.5991978992454,4095.7027140516666,5475.7786040237115,-7.547637370581294,0.7508653883309818,0.5431708889513505,-0.0009738875385085947,-0.004987242895661575,-0.006686094432676581,52.88570066769282,-55.98464215840131,520.5298042666495,6877.092633742396,0.001203246543455412,52.98997434937549,357.41322814247314,250.46472113098838,194.38611018070003
15 Jul 2026 13:29:00.000000000,349.31140232223163,4131.748701705542,5496.314937694029,-7.589768348908009,0.45022855895069935,0.14112143155881685,-0.00042074918068762176,-0.0050310873806722455,-0.006711105099000925,53.15347356791129,-49.96195449272751,520.4909855832032,6877.005977660231,0.001194755849302721,52.989686489921304,357.4068729735395,254.4977616697973,194.1538030043291
15 Jul 2026 13:30:00.000000000,-106.50714721275382,4149.6903535187585,5492.700393882817,-7.598643749147683,0.14760501191437145,-0.2615664399752423,0.00013426868146971318,-0.005053078583874874,-0.006706879447981391,53.08877810691949,-43.90947437060308,520.3361398700133,6877.026508288922,0.0011712833606657333,52.989735461282315,357.40049919892397,258.4249237266477,194.0275235470685
15 Jul 2026 13:31:00.000000000,-561.8591229182063,4149.447873980243,5464.949307180709,-7.574220683187284,-0.1556906635504552,-0.6631382483724508,0.0006887964405420034,-0.005053116444803958,-0.006673427378728862,52.69331936270142,-37.923362697838044,520.0661908622527,6877.153888124276,0.0011330728310798737,52.9901202975021,357.39416273884353,262.219033004528,194.0344379490371
15 Jul 2026 13:32:00.000000000,-1014.7488907833623,4131.020471281246,5413.181193525798,-7.516598487957292,-0.45834047880362017,-1.0618435948732463,0.001240464181062746,-0.005031189252038027,-0.006610876924232643,51.97746083930802,-32.09278784897999,519.6838806295685,6877.38591567755,0.0010806138974078098,52.990834137547814,357.3879188707243,265.84206266226494,194.21256447881066
15 Jul 2026 13:33:00.000000000,-1463.1910397821196,4094.486401916236,5337.620292767627,-7.426018509871058,-0.7590283580858019,-1.4559432481755785,0.0017869096300703491,-0.00498737401149215,-0.006519474258513765,50.958938526608186,-26.491496290768335,519.1937323514449,6877.718562234178,0.001014650992381026,52.99186434351229,357.3818212597602,269.2390257873853,194.6168814072968
15 Jul 2026 13:34:00.000000000,-1905.2188837621025,4040.0026959333036,5238.594686036974,-7.3028634087436535,-1.056445469875387,-1.8437162294560434,0.0023257862352280725,-0.004921836708617454,-0.006399583551746733,49.660862483603104,-21.17288172656149,518.6019838962268,6878.1460399567495,0.000936198797234193,52.993192720010335,357.3759210171799,272.3275236710648,195.32977907104004
15 Jul 2026 13:35:00.000000000,-2338.892906939174,3967.804561906331,5116.534988437335,-7.147655971978668,-1.349295570318483,-2.2234668834345794,0.0028547714219639736,-0.004834832442324242,-0.006251686640516001,48.10948518728348,-16.168958423233402,517.9164931012988,6878.660900284076,0.0008465741731706856,52.99479583102749,357.3702658026149,274.9788882428942,196.47991776052018
15 Jul 2026 13:36:00.000000000,-2762.3091232842335,3878.2044711634435,4971.972618235486,-6.961057427002844,-1.6363003501669107,-2.5935319231390435,0.0033715750708594445,-0.00472670539906448,-0.006076382468494956,46.3321582483085,-11.492445917877987,517.1466160704425,6879.254161085291,0.0007474667890485511,52.99664540877819,357.3648989863662,276.9821163610556,198.27829373139943
15 Jul 2026 13:37:00.000000000,-3173.6073192920485,3771.5909213824953,4805.537644550018,-6.743865237804552,-1.916204774527617,-2.952287433063799,0.003873948244683299,-0.0045978886290165095,-0.005874386244829597,44.35573191050018,-7.140619793380257,516.3030602190488,6879.915460552394,0.0006411023132537379,52.99870884751882,357.35985888624595,277.9703154795679,201.0917938110525
15 Jul 2026 13:38:00.000000000,-3570.97914872791,3648.4268803781474,4617.956216556255,-6.49701037016708,-2.1877824021696872,-3.298155811913402,0.004359692176581932,-0.004448903576245855,-0.005646528255262234,42.20547435541456,-3.099660418504206,515.3977142056664,6880.633235360378,0.0005306411957668357,53.00094977376976,357.3551780924382,277.26067159168775,205.60322769580952
15 Jul 2026 13:39:00.000000000,-3952.6760470004224,3509.24791178658,4410.047578471321,-6.221554009928936,-2.4498406682310514,-3.6296126322369324,0.004826667516105723,-0.004280359314760647,-0.005393752262005905,39.90446288372697,0.6513604601862522,514.4434572841503,6881.394920199647,0.00042122592713157887,53.003328683052075,357.3508828922588,273.49317170698674,213.17260567652193
15 Jul 2026 13:40:00.000000000,-4317.016931889803,3354.659985406934,4182.72067607178,-5.918683719445896,-2.7012261110719575,-3.945193390165804,0.005272803808143281,-0.004092951436125077,-0.005117113421460461,37.47334005785171,4.137270474988943,513.4539509888365,6882.18716539712,0.00032286584686302375,53.00580363206632,357.3469928050685,263.91764875593424,226.5500938944658
15 Jul 2026 13:41:00.000000000,-4662.395656517386,3185.3369762101474,3936.9703622326606,-5.589709019441068,-2.9408295208317115,-4.243500114356877,0.005696109162164304,-0.003887460536719566,-0.004817775653291479,34.930318663973374,7.384452701650166,512.4434164176946,6882.996068997673,0.0002569653559282552,53.008330974251415,357.3435202355857,244.47868636769076,249.7911096785328
15 Jul 2026 13:42:00.000000000,-4987.288179762103,3002.0178574600986,3673.873210959183,-5.236056386615714,-3.1675909841421697,-4.5232077993014315,0.006094680047579909,-0.003664750253349565,-0.004497008396597788,32.29133664379762,10.419273784596465,511.42640069700263,6883.807419384925,0.00025482708845633043,53.010866125879474,357.3404702518458,217.81649762937982,280.25544285292705
15 Jul 2026 13:43:00.000000000,-5290.259418873654,2805.5035950130427,3394.5829515906394,-4.859263661722146,-3.380504796554981,-4.783070624587146,0.006466711135096794,-0.003425764802623245,-0.004156182699007185,29.57028901349199,13.267121572507325,510.41753648570904,6884.606944285925,0.0003179720860847152,53.013364349283414,357.33784049183055,197.72783279769158,304.1463480429085
15 Jul 2026 13:44:00.000000000,-5569.969748877926,2596.6537516336625,3100.3255372615395,-4.460973868175449,-3.578624211715499,-5.021927918674551,0.006810505085933296,-0.0031715259853269287,-0.0037967665934334335,26.779288265871312,15.95188590719412,509.4312985979761,6885.380561836277,0.0004155649474272105,53.01578153948684,357.3356212006462,187.70110465388868,317.975419286847
15 Jul 2026 13:45:00.000000000,-5825.181113555174,2376.3828120964495,2792.393864270864,-4.042928447596159,-3.761065994256975,-5.238709823436037,0.007124482175858886,-0.002903129626042344,-0.003420319730260387,23.928923975311726,18.49574184537642,508.4817619783653,6886.114629287048,0.0005253343457711103,53.01807500041859,357.33379539770857,183.72923543092102,325.7497430261629
15 Jul 2026 13:46:00.000000000,-6054.762713372574,2145.6562418590943,2472.1421616867674,-3.60695992573659,-3.927014741955743,-5.432442614247748,0.007407189632115764,-0.002621741430297741,-0.0030284872494103637,21.028505834470174,20.919128117349732,507.58236534534103,6886.796184916569,0.0006368406973877706,53.02020419704892,357.3323391712103,182.95221986369825,330.32933492333893
15 Jul 2026 13:47:00.000000000,-6257.696236785943,1905.4862941950412,2140.980073248843,-3.154984029871291,-4.075726941938422,-5.602253629934844,0.007657310552094945,-0.0023285922528632767,-0.0026229928923644933,18.086283111843297,23.240844664139612,506.745684817113,6887.413178775186,0.0007447993718469808,53.02213147017963,357.3312220948294,183.9500969226056,333.13416795005764
15 Jul 2026 13:48:00.000000000,-6433.080602838061,1656.927582776612,1800.3664563536092,-2.688991286666931,-4.206534725768209,-5.747375767431686,0.00787367227020067,-0.0020249727846314105,-0.0022056313728156373,15.109638819764363,25.47821797873537,505.9832217419918,6887.9546880393245,0.0008460193422148624,53.02382270125081,357.3304077595636,186.01291813530082,334.87420384351566
15 Jul 2026 13:49:00.000000000,-6580.136184957642,1401.0724388060294,1451.8029255723168,-2.211038137584868,-4.318849289069977,-5.8671514976636505,0.008055254040496382,-0.001712227679207747,-0.0017782600427852663,12.105259867932022,27.647301375068782,505.3052087694452,6888.411112984737,0.0009382898574609723,53.02524791538091,357.32985441141795,188.76146079729384,335.9286796342928
15 Jul 2026 13:50:00.000000000,-6698.208488330877,1139.0460737945903,1096.827170672302,-1.7232376167039916,-4.412163943036438,-5.961036361899318,0.008201193905254731,-0.001391749153689197,-0.0013427899084414367,9.079286011494853,29.763090213629237,504.7204379161549,6888.7743499053095,0.0010199573858841449,53.02638181192297,357.32951568389393,191.9791663255185,336.5141689962596
15 Jul 2026 13:51:00.000000000,-6786.771256131084,872.001570994869,737.0060814422626,-1.2277496432737383,-4.486056767640405,-6.028601911615829,0.008310794634581205,-0.0010649701126224933,-0.0009011760684046567,6.037441081078751,31.839740827885286,504.2361140060413,6889.0379376989795,0.001089752157025787,53.02720421307747,357.32934141243555,195.5351952698574,336.7615269089347
15 Jul 2026 13:52:00.000000000,-6845.428983237439,601.114730198541,373.92871369073157,-0.7267709880329692,-4.540192839643475,-6.069538059694906,0.008383528628220687,-0.000733356854756861,-0.0004554076608195634,2.985150192341412,33.890787603762966,503.85773639980437,6889.19717531047,0.0011467121970359128,53.02770042253141,357.32927851661316,199.34688278355063,336.75343383734673
15 Jul 2026 13:53:00.000000000,-6873.91881978926,327.578792126421,9.199132543994649,-0.2225249781702594,-4.5743260124442,-6.083654816408097,0.008419041693319496,-0.00039840143445237636,-7.497420371818229e-06,-0.07235338432924018,35.92935629329294,503.5890113873722,6889.249207751681,0.0011901478877096514,53.02786148767039,357.3292719345082,203.36022180735802,336.5439121810228
15 Jul 2026 13:54:00.000000000,-6872.111850958213,52.599069879692365,-355.57082942867714,0.28274898946335963,-4.58830022936674,-6.070883390014389,0.008417155628780496,-6.161375792525428e-05,0.0004405290436569606,-3.1299281132675074,37.968373861318,503.43179700876993,6889.193079006151,0.001219623684330908,53.02768436060471,357.3292655928682,207.53913486016225,336.1690541062593
15 Jul 2026 13:55:00.000000000,-6840.013743602408,-222.6124841170393,-718.7688607362605,0.7868060537986467,-4.582050357022317,-6.031276638710784,0.008377869570034743,0.00027548649857781475,0.0008866441294272528,-6.1824273617145,40.020776417739924,503.38608141053027,6889.0297507486885,0.0012349465989609084,53.02717195503527,357.32920339589515,211.85929394818984,335.6532012566455
15 Jul 2026 13:56:00.000000000,-6777.764754915484,-496.84274660781995,-1078.7894670255905,1.2874065384486637,-4.555602530744879,-5.965008867954708,0.008301360069338704,0.0006113780571271667,0.0013288291613229462,-9.224602422839459,42.09971734608048,503.44999515420244,6888.762086463443,0.0012361565118938435,53.026333097829216,357.3290302152117,216.3044262388116,335.0126387031242
15 Jul 2026 13:57:00.000000000,-6685.6391027185055,-768.8828980380114,-1434.0412354321468,1.7823265681926028,-4.509074009657094,-5.87237497461214,0.008187979916203231,0.0009445461997651749,0.0017650852216294617,-12.251001963777437,44.21877772603993,503.61985719060544,6888.394801207908,0.0012235158605866828,53.02518237604054,357.32869286345556,220.86405035415126,334.25785828561726
15 Jul 2026 13:58:00.000000000,-6564.043701574373,-1037.5338737573393,-1782.954028277361,2.2693685779625956,-4.442672544503455,-5.7537889467664485,0.008038255719782804,0.0012734908311133073,0.0021934437735867604,-15.255864400895963,46.39218055853624,503.89025351731385,6887.934377929241,0.001197497478971744,53.02373988197306,357.3281410342549,225.5320818223135,333.39495281553553
15 Jul 2026 13:59:00.000000000,-6413.516273349674,-1301.6117628683412,-2123.986067903499,2.74637164146446,-4.356695266837598,-5.6097817351413415,0.00785288430419523,0.0015967343531693168,0.002611976960609664,-18.232999594388957,48.6350090023262,504.25414686900524,6887.3889518813085,0.001158770010499137,53.02203086069836,357.32732819184906,230.30600351314587,332.42644531912475
15 Jul 2026 14:00:00.000000000,-6234.722845121042,-1559.9531263772933,-2455.6308755853197,3.2112215501305705,-4.2515271133108055,-5.44099851874963,0.007632727985374332,0.001912829269376189,0.0030188074755406074,-21.17565614792182,50.963426539848825,504.70301516744695,6886.7681652979445,0.0011081806927668945,53.02008526618584,357.32621239457706,235.18644237309093,331.3517120135706
15 Jul 2026 14:01:00.000000000,-6028.4546513507585,-1811.4202072637281,-2776.4240289848226,3.6618605778711424,-4.127638803545449,-5.248195393397352,0.007378808820134504,0.0022203654437092726,0.0034121179063489365,-24.076370582365236,53.39489324218292,505.22701589791257,6886.082995037608,0.0010467355466315066,53.017937233837294,357.32475703752567,240.17708887630164,330.16706260463786
15 Jul 2026 14:02:00.000000000,-5795.624460962799,-2054.906006334916,-3084.9497044878776,4.09629687292662,-3.9855843942533866,-5.032235516890098,0.007092301930664099,0.0025179769502091196,0.0037901594785032535,-26.92679487567023,55.948366407453705,505.81517309461236,6885.345556416157,0.0009755771656325784,53.01562447871926,357.32293150110957,245.28497714888732,328.8654599543566
15 Jul 2026 14:03:00.000000000,-5537.262353289448,-2289.3391991945114,-3379.8469729125172,4.512613424781466,-3.8259984357840153,-4.794084749086043,0.006774528022182948,0.002804348460435555,0.004151260130855577,-29.717499574085206,58.64446484563922,506.4555832198786,6884.568886875494,0.0008959604300500145,53.01318763012134,357.32071169397216,250.52124543530374,327.435759454342
15 Jul 2026 14:04:00.000000000,-5254.510969772342,-2513.6888713256035,-3659.8158194693474,4.908976561389725,-3.649592760065759,-4.534806828218959,0.006426945218351987,0.0030782211287456603,0.004493831879128204,-32.43775128606916,61.50556275982558,507.13563591682663,6883.766713489372,0.0008092265939239942,53.01066951421791,357.31808048052727,255.9026714466414,325.8611735688296
15 Jul 2026 14:05:00.000000000,-4948.620270779431,-2726.9690500817887,-3923.622861404782,5.28364393959302,-3.457152930910784,-4.255558127132688,0.006051140345220818,0.0033383979497181872,0.004816377440230925,-35.07526648786426,64.55576020157251,507.84224540685557,6882.953208579139,0.0007167763548626285,53.008114397546315,357.31502798543545,261.45464335227626,324.1163007888257
15 Jul 2026 14:06:00.000000000,-4620.941828864499,-2928.243014314006,-4170.1067394488155,5.634971999411514,-3.2495343888133976,-3.9575820341674524,0.005648819789790071,0.0035837485737675594,0.005117496106315947,-37.61594909364794,67.82065147681129,508.56208819006747,6882.142737895154,0.0006200428104776548,53.00556720472623,357.3115517695794,267.2171004887078,322.1611849259205
15 Jul 2026 14:07:00.000000000,-4272.922691454152,-3116.627364226304,-4398.183161796795,5.9614228603545225,-3.0276583228429,-3.6422030036207054,0.005221800058991287,0.0038132135814302726,0.00539588887652217,-40.043628351100445,71.32678109064533,509.28184268638466,6881.349605917152,0.0005204659120272374,53.00307272431511,357.3076568743181,273.25732303797787,319.9285254933687
15 Jul 2026 14:08:00.000000000,-3906.0988468299693,-3291.2958361477154,-4606.849582204813,6.261570645360043,-2.7925073017315505,-3.310820319609851,0.0047719981546250735,0.00402580822877327,0.005650362869742249,-42.33982763405575,75.1006428356338,509.988426520626,6880.58780283489,0.00041947213023175756,53.000674816912124,357.3033557332184,279.7006890699041,317.29292078171153
15 Jul 2026 14:09:00.000000000,-3522.0883281742294,-3451.482848654323,-4795.189496189658,6.5341072243063065,-2.5451206953512893,-2.9649016155772956,0.004301421867140858,0.0042206256860057275,0.005879835053965762,-44.48361455410403,79.16705249421311,510.66922729843463,6879.870757697812,0.0003184708050147567,52.998415639593155,357.29866795277565,286.81739882969777,313.98414374509196
15 Jul 2026 14:10:00.000000000,-3122.583990592453,-3596.486768405465,-4962.376341923219,6.777847375029994,-2.2865899160263785,-2.6059761890005326,0.0038121600787249087,0.004396839802308757,0.006083335341518876,-46.45160791468421,83.54673107287775,511.31232293217374,6879.211102067854,0.00021891649198373586,52.996334900468455,357.2936199660172,295.3337867111383,309.275830256658
15 Jul 2026 14:11:00.000000000,-2709.345996050156,-3725.6728857259027,-5107.676994663827,6.991733364574038,-2.0180535070318313,-2.2356281477850084,0.0033063731462236044,0.004553707434295299,0.006260009104317918,-48.21824316346973,88.25301109045812,511.906687846488,6878.620448283181,0.00012277939761381717,52.994469156621165,357.28824456512103,308.12941717152637,300.28838347376416
15 Jul 2026 14:12:00.000000000,-2284.194040869163,-3838.476091538534,-5230.454845668047,7.1748389571921365,-1.7406921031411,-1.8554894212751984,0.0027862834198196947,0.004690570383645599,0.0064091191733150156,-49.75641456121562,93.28777068047444,512.4423817119348,6878.109186147468,4.01655020073928e-05,52.9928511679088,357.28258032136864,353.042503366001,259.1835555313991
15 Jul 2026 14:13:00.000000000,-1848.9993598879944,-3934.4032486760793,-5330.172458414373,7.326372858334867,-1.4557232853532205,-1.4672326650097214,0.0022541659308859207,0.004806856988796479,0.006530047383990015,-51.03860050343013,98.6370418563384,512.9107177118613,6877.686301506484,7.47589486020207e-05,52.991509318111866,357.27667090276105,99.30968450651143,156.72467055415441
15 Jul 2026 14:14:00.000000000,-1405.676540887423,-4013.0352518128707,-5406.393796576574,7.445681605333417,-1.164396349236513,-1.0725640846569051,0.0017123392652629804,0.004902083415640478,0.006622295728996113,-52.038514555000276,104.2671951675437,513.3044077337333,6877.359219770971,0.00015675640214710669,52.99046711370643,357.27056430144205,119.5807528776439,140.26189804832447
15 Jul 2026 14:15:00.000000000,-956.1751820436384,-4074.028771382446,-5458.78601964606,7.532251916017652,-0.8679870035250066,-0.6732162007950533,0.0011631566219934331,0.004975854693588917,0.006685487179815256,-52.73319343007691,110.12300581504431,513.6176822835641,6877.13367699755,0.00023637881667687094,52.98974276914792,357.26431198467463,130.25964719348522,133.39125998450072
15 Jul 2026 14:16:00.000000000,-502.4714246279754,-4117.117677731969,-5487.120843259264,7.585712505880023,-0.5677920131984417,-0.27094057303050556,0.0006089970386418472,0.005027865533068231,0.006719366224493653,-53.10525100973666,116.12894991610256,513.8463833442149,6877.013620658371,0.00031105292105930383,52.989348886004215,357.25796798450796,138.95195475497476,128.50712910397348
15 Jul 2026 14:17:00.000000000,-46.5593924957345,-4142.1141425649685,-5491.275462318115,7.605835382981233,-0.26512379907913164,0.13249950090654727,5.2256753388212936e-05,0.00505790095912654,0.006723799165923491,-53.14486189309008,122.19446850761743,513.9880288299728,6877.001141720986,0.0003802585138181986,52.98929223159532,357.25158794232385,147.01042168698876,124.256719162612
15 Jul 2026 14:18:00.000000000,409.5574305772345,-4148.90941538434,-5471.23303584285,7.592536627620619,0.03869499573282426,0.5353362976010853,-0.000504659337518379,0.005065836783681422,0.006698774208193794,-52.85099099601637,128.22268562314846,514.0418477272372,6877.0964391314965,0.0004439180767686663,52.98957362101717,357.24522812524475,154.85606180898864,120.21897655083822
15 Jul 2026 14:19:00.000000000,863.8748549989555,-4137.474273224242,-5427.082733242277,7.545876661107173,0.3423369634713201,0.9358049798749991,-0.0010593461747593614,0.005051639933941465,0.006644401351388119,-52.231528881372206,134.1206991045108,514.008785451184,6877.297817252962,0.0005021814145842041,52.99018790458044,357.2389444319156,162.65770082839194,116.22503659275672
15 Jul 2026 14:20:00.000000000,1314.3966403677146,-4107.859142481326,-5359.0193423682995,7.466060004974178,0.6444754048707027,1.3321508967924804,-0.001609407034901452,0.00501536864117369,0.006560912097117103,-51.30229348518695,139.80887381683078,513.8914793888463,6877.601716264666,0.0005553530539356283,52.991124060811686,357.23279140527603,170.4900092492476,112.20019112406277
15 Jul 2026 14:21:00.000000000,1759.1431208273405,-4060.1938921575456,-5267.342440388852,7.353434528910385,0.9437898094245083,1.7226368601800321,-0.0021524620830715344,0.004957172483065316,0.006448658952560984,-50.08517918401128,145.2270083454213,513.6942050388469,6878.002774983398,0.0006038421074854838,52.99236539328541,357.22682126986524,178.3834949078313,108.1138964293724
15 Jul 2026 14:22:00.000000000,2196.1597700098914,-3994.687298346855,-5152.455129217932,7.208490182766537,1.2389713336810717,2.105550385119995,-0.002686157026671577,0.004877292270498549,0.006308114717615594,-48.60592138521548,150.33652537731464,513.4227935947129,6878.4939250309,0.00064811348702449,52.993889827707214,357.22108301068806,186.34382033720266,103.96045632937803
15 Jul 2026 14:23:00.000000000,2623.525674444084,-3911.626180369506,-5014.862338029105,7.031857205458352,1.5287282673688962,2.4792108801631274,-0.0032081719062994293,0.0047760597478741056,0.006139871511576608,-46.891938380588556,155.11917874560427,513.0845222514006,6879.066514750841,0.0006886370023999229,52.995670303889526,357.21562150995584,194.36069683318175,99.750128538216
15 Jul 2026 14:24:00.000000000,3039.3618837877643,-3811.3742096191077,-4855.168696296773,6.824303801638705,1.811791475446313,2.841976770618787,-0.003716230051743245,0.004653897080032264,0.0059446395014760844,-44.97056472581291,159.57354903029812,512.6879789398329,6879.710460779089,0.0007258359793320735,52.99767525558173,357.210476756899,202.412930849957,95.50407865608273
15 Jul 2026 14:25:00.000000000,3441.839605647878,-3694.370392959299,-4674.075981891526,6.586733275825688,2.086919802055391,3.192252535362952,-0.004208107214468148,0.004511316084478576,0.005723245276174598,-42.867804161880386,163.71068782664102,512.2429036092016,6880.414424700666,0.0007600391016112651,52.99986916956598,357.205683144618,210.47205400137503,91.25075051490637
15 Jul 2026 14:26:00.000000000,3829.188212096443,-3561.127233423914,-4472.380150031573,6.320180613404029,2.352905419880246,3.528495634289642,-0.004681640873464094,0.004348917166869938,0.005476629810295067,-40.60758378520726,167.54992069199886,511.76000857665264,6881.166011792412,0.000791439902891056,53.002213214036885,357.2012688662827,218.50544083898347,87.02274870054332
15 Jul 2026 14:27:00.000000000,4199.703024362417,-3412.2285720427067,-4250.967950379507,6.0258084986664695,2.60857910572741,3.849223299992279,-0.005134739692578985,0.004167387913211937,0.0052058459573457085,-38.211412281618216,171.1153544959248,511.2507808427685,6881.951988459247,0.0008200679885963845,53.00466592507105,357.19725542126605,226.47915776484865,82.853989888799
15 Jul 2026 14:28:00.000000000,4551.752841623716,-3248.327115852962,-4010.8131412802472,5.70490276189714,2.852815420363031,4.153019163679196,-0.005565393088304716,0.003967501291622259,0.004912055411954471,-35.69832330720073,174.4332597146211,510.727269622189,6882.758514631094,0.0008457748175970748,53.00718393898268,357.19365723978956,234.36048678159847,78.77717928899196
15 Jul 2026 14:29:00.000000000,4883.787179421484,-3070.1416585574325,-3752.9723120568515,5.358867250430596,3.0845377679194605,4.438539681891261,-0.005971680852493177,0.003750113421840364,0.004596525089276154,-33.08499707197166,177.53027275182325,510.20186265326083,6883.571387103934,0.0008682350398554271,53.00972275757151,357.19048143258686,242.1199653159887,74.8217709558542
15 Jul 2026 14:30:00.000000000,5194.343183026011,-2878.4540018521943,-3478.5803263987927,4.989218122618971,3.3027233076456004,4.704520327486077,-0.006351782752086624,0.0035161608701661596,0.0042606228704706465,-30.3859783472361,-179.56773506450247,509.6870551197825,6884.37628958884,0.000886962440842672,53.012237532712135,357.187727669833,249.7328033962246,71.01255068760996
15 Jul 2026 14:31:00.000000000,5482.052181165828,-2674.10558715345,-3188.8454021685357,4.597577568626511,3.506407688568521,4.949781505754956,-0.006703988017020387,0.0032666574381581895,0.003905812678302976,-27.61393503362275,-176.83629378951665,509.195215232151,6885.1590450838685,0.0009013379500332392,53.01468385641837,357.1853881913011,257.17962435296835,67.36889533935947
15 Jul 2026 14:32:00.000000000,5745.645845945622,-2457.993849276566,-2885.043845377119,4.185666967818441,3.6946895758822063,5.173234154609534,-0.007026704610304245,0.0030026904191768474,0.0035336488556087188,-24.779922648965766,-174.25262811410258,508.7383506646906,6885.905866108856,0.0009106462260574544,53.01701854244697,357.1834479473968,264.44657330292074,63.904664292945654
15 Jul 2026 14:33:00.000000000,5983.961925569376,-2231.0683055329914,-2568.5144585920225,3.755299499058377,3.8667349366925823,5.373884986649569,-0.0073184681690852795,0.0027254163097670007,0.0031457698371154708,-21.893635410915877,-171.79572594049455,508.32788012148393,6886.603598348643,0.0009141170943990617,53.019200385682616,357.18188486841564,271.52491127523535,60.628605224127085
15 Jul 2026 14:34:00.000000000,6195.94951768595,-1994.3263956779108,-2240.652646589872,3.3083722272819034,4.021781052215256,5.550841330707346,-0.00757795049385203,0.002436055971788597,0.0027438911176640665,-18.96363472043702,-169.44626781440354,507.97441429716326,6887.239953337085,0.0009109684449025312,53.02119088596585,357.1806702570924,278.4102445304038,57.545124619481996
15 Jul 2026 14:35:00.000000000,6380.673852810834,-1748.8090901142068,-1902.9042445950604,2.8468576970494675,4.159140223717191,5.703315531230877,-0.007803967462364387,0.002135889255088592,0.002329797538519594,-15.997552092914697,-167.18647558230168,507.6875504048628,6887.803725983919,0.0009004478604357747,53.02295492367809,357.17976929738177,285.1015291260454,54.65528299160518
15 Jul 2026 14:36:00.000000000,6537.320559355944,-1495.5962857014401,-1556.7590968908205,2.372795071166166,4.278203140448567,5.830628865656047,-0.007995486248389872,0.001826249104060468,0.0019053349311224856,-13.002267167292874,-164.9999181882144,507.4756842578606,6888.284992998531,0.0008818710162084356,53.02446137527347,357.17914167034655,291.5999504168427,51.95791510924552
15 Jul 2026 14:37:00.000000000,6665.199384315964,-1235.8020103736937,-1203.7444158924727,1.888280859639064,4.378441879547149,5.932214942723562,-0.008151631726612296,0.001508515182637048,0.0014724011724951077,-9.98406331412314,-162.87129800492065,507.34584361277217,6888.675288595015,0.0008546556004421164,53.02568365802538,357.17874226619983,297.90771593710747,49.45083679860191
15 Jul 2026 14:38:00.000000000,6763.747346591583,-970.5694595014639,-845.4179538728367,1.395459290988299,4.459412510389662,6.0076225484808425,-0.008271691957059948,0.0011841070658686757,0.0010329367237148636,-6.948764238938343,-160.78623120520513,507.3035461132875,6888.967754267538,0.0008183500827413254,53.02660019452014,357.1785219798647,304.0267191570422,47.13218083015963
15 Jul 2026 14:39:00.000000000,6832.531303242867,-701.0658884927308,-483.3610213768639,0.8965123840086361,4.5207572790715425,6.056517911394187,-0.008355122653926019,0.0008544770570401833,0.0005889147364278254,-3.901855284972517,-158.73102915682466,507.3526847195327,6889.157259895857,0.0007726570856380491,53.027194788856,357.1784285759829,309.9569139827997,45.00202202701223
15 Jul 2026 14:40:00.000000000,6871.249912617225,-428.47738747269347,-119.1713878967472,0.39364978327303174,4.562206352546564,6.078686363474614,-0.008401550562223407,0.0005211026997041696,0.0001423308249603716,-0.8485931596375794,-156.69248364813504,507.49544297916117,6889.2404939700555,0.000717451434091665,53.02745690806751,357.1784076080989,315.69403143176004,43.06466016986805
15 Jul 2026 14:41:00.000000000,6879.73498222141,-154.0035649755119,245.54389842918167,-0.11090157418982509,4.583579106351738,6.0740333804475,-0.008410775681629588,0.00018547906150371207,-0.0003048073896495801,2.205892288029382,-154.65765616869604,507.7322419032664,6889.21602129787,0.00065279324495141,53.02738186396699,357.17840337586506,321.2258233959096,41.332375792855814
15 Jul 2026 14:42:00.000000000,6857.952193342411,121.1478315951466,609.1757345219867,-0.6149078906719702,4.584784944663468,6.042584990609429,-0.008382772299604628,-0.0001508891267959199,-0.0007504908501163261,5.256500728300343,-152.61366996700812,508.06171957008166,6889.084307168384,0.0005789368329355738,53.026970892343,357.17835990344014,326.52490936186854,39.83258300887974
15 Jul 2026 14:43:00.000000000,6806.001198691665,395.76633046568503,970.1201914957627,-1.1161389660178231,4.56582364654667,5.984487548931228,-0.008317688819817199,-0.0004864953901932398,-0.0011927196313017442,8.298065021642936,-150.547502864172,508.4807439077583,6888.847707575748,0.000496337186097207,53.02623112825503,357.17822192195115,331.5331462121589,38.623459247400525
15 Jul 2026 14:44:00.000000000,6724.115093671221,668.6441564672731,1326.7857112519612,-1.612378610040161,4.526785237522817,5.900006879988629,-0.008215846389800555,-0.0008198393981189936,-0.0016295133896442144,11.325252493724202,-148.4457786499048,508.98445842434217,6888.510425744022,0.0004056588927416146,53.02517547797756,357.1779358387953,336.1219052373158,37.833667782540466
15 Jul 2026 14:45:00.000000000,6612.6592661581535,938.5816301200254,1677.6002329913945,-2.1014349379635857,4.467849390845208,5.789526800233252,-0.008077736360658358,-0.0011494347360022604,-0.002058921579953074,14.332460366629684,-146.29455528954776,509.56635997685254,6888.078435823831,0.00030780534169004017,53.02382238994759,357.1774506768994,339.9688658710581,37.78556354670995
15 Jul 2026 14:46:00.000000000,6472.129633895892,1204.3925168701958,2021.0182129261757,-2.58115048017274,4.389284367982365,5.653547036761774,-0.007904016629847807,-0.0014738164766822071,-0.0024790333325107414,17.313701805036274,-144.07910921695296,510.21840702172545,6887.559375240153,0.00020406177925368706,53.02219552882507,357.1767189675225,342.0370988593241,39.516109526120225
15 Jul 2026 14:47:00.000000000,6303.150282587445,1464.909299253615,2355.5275016879364,-3.049412041251773,4.291445512625479,5.492680565912045,-0.007695506937725535,-0.001791548474736623,-0.0028879868924765956,20.26247892769195,-141.7837169060534,510.9311561827344,6886.962407744185,9.730052639211423e-05,53.020323358455,357.1756975810788,336.54082481121014,48.81111779703075
15 Jul 2026 14:48:00.000000000,6106.47052154135,1718.9883457442636,2679.6560454808878,-3.50416024811475,4.174773316925182,5.307650400548765,-0.007453183207470363,-0.00210123031479699,-0.0032839785356272486,23.171639081189802,-139.3914380981917,511.6939244263605,6886.298059749538,4.03468180066274e-05,53.01823864109587,357.17434848151584,237.78128372309953,151.36937961782274
15 Jul 2026 14:49:00.000000000,5882.961377156968,1965.514951297371,2991.9783788969426,-3.9433987328225233,4.039791082502304,5.0992858596490915,-0.007178171031536003,-0.0024015038549720256,-0.0036652708884641976,26.033210799119967,-136.8839101159162,512.494973660774,6885.578033003579,0.00014301624556130088,53.015977861724714,357.1726393911869,200.3104620230421,192.6389380356926
15 Jul 2026 14:50:00.000000000,5633.611547608118,2203.408226037967,3291.1218794312763,-4.365202902224649,3.8871022019825596,4.86851835764879,-0.0068717384201427215,-0.0026910593181369877,-0.004030200597134709,28.838216385046263,-134.24117047131173,513.3217141831583,6884.814997048552,0.00025882309974145656,53.0135805875189,357.1705443546452,199.16383080017536,197.58434934835878
15 Jul 2026 14:51:00.000000000,5359.522844743851,2431.6258101808144,3575.772756063159,-4.767728253671128,3.717387089285484,4.616376753877788,-0.006535287933117093,-0.0029686408962042495,-0.004377185306153824,31.57645930371718,-131.4415365962984,514.1609230977887,6884.0223652602535,0.0003752974892252963,53.01108877372881,357.16804419167113,201.7404499836919,198.80657866072357
15 Jul 2026 14:52:00.000000000,5061.905151457555,2649.1683950008305,3844.68174673844,-5.149218203435057,3.531399788634542,4.3439823042527586,-0.006170348317187756,-0.003233051843955999,-0.0047047299234253635,34.23628707341691,-128.46158827990848,514.998973616559,6883.214058506509,0.0004900472925555668,53.00854602807402,357.16512683162443,205.36671324389357,198.979254767611
15 Jul 2026 14:53:00.000000000,4742.0709245559665,2855.0840315155447,4096.669502139744,-5.508011401965135,3.329964293196389,4.052543258199737,-0.005778565776572855,-0.003483159054807962,-0.005011432169229349,36.804334908803476,-125.27632144176913,515.8220710344365,6882.404260644365,0.0006012705391650331,53.005996846504225,357.1617875234402,209.40705453502758,198.737963445651
15 Jul 2026 14:54:00.000000000,4401.429274521628,3048.472210380494,4330.631635695454,-5.842548517356964,3.1139706044626703,3.7433491435893727,-0.005361694992370458,-0.0037178971204128494,-0.005295987418921369,39.265263039697395,-121.85957138552038,516.6164911413704,6881.6071701708215,0.0007072979701284483,53.00348583365234,357.1580289176096,213.63491508506002,198.30928035085103
15 Jul 2026 14:55:00.000000000,4041.479654410745,3228.487698396339,4545.543422360732,-6.151378475390888,2.884370562897663,3.4177647812643093,-0.004921590002597961,-0.003936271889792612,-0.005557192867163313,41.60151270679663,-118.18483718769127,517.3688168836843,6880.836752359632,0.0008065376551844634,53.00105692156448,357.1538610188286,217.94969977689058,197.79381457881843
15 Jul 2026 14:56:00.000000000,3663.8051907765575,3394.344118737084,4740.464131059991,-6.433164150617235,2.642173479263755,3.077224068857669,-0.0044601950397359855,-0.004137363552287938,-0.005793951052054726,43.79312344091463,-114.22666828295678,518.0661692136921,6880.106496159723,0.0008974799509028734,52.99875260031368,357.14930101008906,222.29976504662594,197.2432207611357
15 Jul 2026 14:57:00.000000000,3270.0656895256357,3545.317263817758,4914.5409780938635,-6.68668750860396,2.388441594156737,2.723223570769363,-0.003979535410707746,-0.00432032927906604,-0.006005272790785567,45.81767746521206,-109.96278158372951,518.6964282583062,6879.429180001283,0.000978716232593013,52.99661317389386,357.14437295139345,226.6553992219729,196.6872187746172
15 Jul 2026 14:58:00.000000000,2861.9903495775134,3680.748131235164,5067.012690870504,-6.910854203877964,2.124285391116113,2.3573159479831793,-0.0034817084854992667,-0.004484405463521198,-0.006190279584734157,47.65046324368055,-105.3770306434694,519.2484411846463,6878.816650461818,0.0010489608995553784,52.99467605434863,357.139107358303,230.9975703407845,196.1448460211766
15 Jul 2026 14:59:00.000000000,2441.370216777794,3800.0456746870373,5197.2126732723345,-7.1046976416138286,1.8508587860662373,1.9811032577153613,-0.00296887484213647,-0.0046289096044999445,-0.00634820555561536,49.26497132798163,-100.46320264285399,519.7122134344617,6878.279617489704,0.0011070733617385554,52.992975106426954,357.13354066767465,235.3125723011202,195.6298114242445
15 Jul 2026 15:00:00.000000000,2010.0504099539119,3902.689263053083,5304.571765661851,-7.267382513483471,1.5693542130583447,1.5962301490142994,-0.002443249600281821,-0.004753241882537177,-0.0064783989816805014,50.633836004792165,-95.2293330366076,520.0790803296019,6877.827469575931,0.0011520786574992332,52.99154005418131,357.1277145998629,239.5891397546893,195.15338072635038
15 Jul 2026 15:01:00.000000000,1569.9221503943122,3988.2308419225096,5388.620593975813,-7.39820781929399,1.2809976234653453,1.2043769766018184,-0.0019070939517460746,-0.004856886473156547,-0.006580323493303265,51.73029329223281,-89.70180619764818,520.3418564092009,6877.468111909851,0.0011831860202860492,52.99039595985424,357.12167542850915,243.81665304107045,194.72617178561757
15 Jul 2026 15:02:00.000000000,1122.9146251400384,4056.2967928373,5448.991503630589,-7.496609386242844,0.9870434128854807,0.8072528513629249,-0.0013627068832543054,-0.004939412645015696,-0.006653558991409327,52.53011949898743,-83.92806789400545,520.4949602390709,6877.207830161781,0.00119980501765628,52.9895627841481,357.1154731706072,247.98379447269448,194.3594985572315
15 Jul 2026 15:03:00.000000000,670.9867140571977,4106.589486237705,5485.420074902968,-7.562161896625244,0.688769287614406,0.40658864274939366,-0.0008124170673954521,-0.0050004756806894925,-0.006697802337700776,53.013847614114546,-77.9765729764724,520.5345128275951,6877.051182107273,0.0012015590909374679,52.989055035568,357.1091607108937,252.07729811223913,194.06662161130416
15 Jul 2026 15:04:00.000000000,216.11860980216792,4138.8885247988355,5497.746217334432,-7.594580433134069,0.3874710801302082,0.0041299452660226695,-0.0002585748861403727,-0.005039817657361296,-0.006712867864039549,53.168879635867505,-71.93295091040308,520.4584081868942,6877.000918853859,0.0011882965279644258,52.98888151498599,357.1027928758575,256.0805240795369,193.86417414472305
15 Jul 2026 15:05:00.000000000,-239.6966405551106,4153.051674328717,5485.914841333489,-7.593721548293121,0.08445752132403639,-0.39836998093143183,0.0002964554619694465,-0.005057268110754449,-0.006698687728993438,52.991014920450894,-65.89241809590793,520.2663549886373,6877.057936954936,0.0011600991718545316,52.98904515992868,357.09642547340343,259.97156842403376,193.77405244414948
15 Jul 2026 15:06:00.000000000,-694.4616438383803,4149.015479834584,5449.976105705566,-7.559583861473801,-0.21895502412069406,-0.799157286839956,0.0008503038256253457,-0.005052744598793011,-0.006655312139883848,52.484987611133334,-59.94985856915373,519.9598886788533,6877.221262204832,0.001117289593735529,52.989542991362434,357.0901143149843,263.7204970375859,193.8261823186113
15 Jul 2026 15:07:00.000000000,-1146.1831906857394,4126.795564725323,5390.085240315313,-7.492308183479377,-0.5214478534727611,-1.1964846210256377,0.0014006019952056102,-0.005026253174231625,-0.006582909448661059,51.66385930949213,-54.18998819790023,519.542353833612,6877.488065407132,0.0010604382043208046,52.99036616397451,357.0839142371697,267.28501506372845,194.06285003861157
15 Jul 2026 15:08:00.000000000,-1592.8807786730317,4086.486611459547,5306.501943543981,-7.392177165091097,-0.8217052471841115,-1.5886182177188581,0.0019449916874640595,-0.0049778887586296216,-0.006481766107391242,50.54744068943156,-48.6799804409603,519.0188569565256,6877.853709902928,0.0009903732115143136,52.99150011915023,357.07787813978484,270.6033099555636,194.54585962265966
15 Jul 2026 15:09:00.000000000,-2032.5950998951416,4028.2620223037343,5199.589354697353,-7.259614462482287,-1.1184198093862823,-1.9738449776557894,0.002481132676426423,-0.004907835405074248,-0.006352286462680193,49.16015943593092,-43.46588878693981,518.396190339023,6878.311830139723,0.0009081993031340562,52.99292483806078,357.07205605737056,273.58159819738364,195.36898644922488
15 Jul 2026 15:10:00.000000000,-2463.396463747719,3952.373259270101,5069.812602097495,-7.095183409250384,-1.4102978202606098,-2.350479530933595,0.0030067111192552563,-0.004816366424421227,-0.006194992351957131,47.528852518336066,-38.572810609942756,517.6827280238379,6878.854440063104,0.0008153375977011054,52.99461519053146,357.06649428027225,276.07123674561524,196.68086613189345
15 Jul 2026 15:11:00.000000000,-2883.393124943901,3859.1488627995936,4917.736928301682,-6.89958518220967,-1.6960645911129546,-2.7168712686090832,0.0035194481140126276,-0.004703844339824842,-0.006010522452030776,45.68085454498811,-34.00773057505399,516.8882953294362,6879.472069625643,0.000713615622677306,52.99654137368557,357.0612345407226,277.8240187845347,198.7296990559817
15 Jul 2026 15:12:00.000000000,-3290.7394859679835,3748.9931493689173,4744.025394777304,-6.673656446223836,-1.974469810721343,-3.0714113266076426,0.0040171085142763005,-0.0045707206302765735,-0.005799631325674468,43.64257316668645,-29.763666205491138,516.0240138059884,6880.153927238512,0.0006054791676754503,52.99866943278756,357.0563132782429,278.39887296374513,201.95655140376076
15 Jul 2026 15:13:00.000000000,-3683.6441422447588,3622.384588964692,4549.436169453504,-6.418366462404582,-2.244292868837068,-3.4125395018622005,0.00449751000616003,-0.004417535212637707,-0.0055631880984719695,41.43857856872307,-25.823966183113676,515.1021238975703,6880.888085546907,0.0004945229973717304,53.00096185526191,357.05176099727976,276.954538191426,207.20268058900982
15 Jul 2026 15:14:00.000000000,-4060.3777373540534,3479.8738642990024,4334.819401897536,-6.134813644091345,-2.5043481397408183,-3.73875107662437,0.004958532439636222,-0.004244915614330307,-0.005302174702629634,39.09113209759214,-22.1660594722095,514.1357879757498,6881.661687497136,0.000386922191171782,53.003378227573194,357.04760172845397,271.7820606069125,216.177038472691
15 Jul 2026 15:15:00.000000000,-4419.280594713999,3322.081614757479,4101.11369243327,-5.824221546243418,-2.7534902056014516,-4.048603522775678,0.005398127380682523,-0.004053575779369847,-0.005017683613697801,36.62003957489219,-18.764368072181938,513.1388767799065,6882.461169289524,0.0002953578855046505,53.005875943536076,357.0438526029666,259.5163875105273,232.24467757796464
15 Jul 2026 15:16:00.000000000,-4758.770091352659,3149.695869379162,3849.3421633420526,-5.487934276270432,-2.9906189962000025,-4.340723053887792,0.005814327837134431,-0.0038443144585513993,-0.00471091501801321,34.04271713237563,-15.592372457502833,512.1257426416337,6883.2724964834015,0.0002460910989078781,53.008410951703766,357.0405235477629,236.63212930155652,258.93098925056404
15 Jul 2026 15:17:00.000000000,-5077.34773877138,2963.4691746615285,3580.608142345369,-5.127411317887547,-3.2146848185151256,-4.613810988947777,0.006205258087427696,-0.0036180131325347902,-0.004383173347636418,31.374379214785765,-12.623956687754008,511.1109831751046,6884.081409246825,0.0002668018939510792,53.01093852877642,357.0376171069571,210.4275766748207,288.9376865118786
15 Jul 2026 15:18:00.000000000,-5373.605935533714,2764.215424656312,3296.0904708464373,-4.74422176426021,-3.4246932468562927,-4.866649888257949,0.006569143526458453,-0.0033756334250304586,-0.00403586313192425,28.62828454606476,-9.834202264797256,510.10919937262395,6884.873672531677,0.00034438860094569305,53.0134140654901,357.03512839282234,193.72743288813476,309.4400717911711
15 Jul 2026 15:19:00.000000000,-5646.234356156266,2552.8064026531947,2997.0384518720284,-4.34003796240141,-3.619709841817732,-5.098109419218685,0.006904320425637346,-0.003118213969713171,-0.00367048412481435,25.81599875611032,-7.199790309697797,509.1347522439604,6885.635326810421,0.00044761370692725824,53.015793851200506,357.0330451673697,186.04690499646745,320.92294564077406
15 Jul 2026 15:20:00.000000000,-5894.025941193287,2330.1680457076873,2684.7664552636434,-3.9166285773567786,-3.7988646644402393,-5.307151907665983,0.00720924548889859,-0.0028468667034264343,-0.0032886256798269026,22.947649592671898,-4.699141550752206,508.20152226974034,6886.352934941858,0.0005587198421139629,53.01803584337168,357.0313480532679,183.33133095641853,327.44097953125595
15 Jul 2026 15:21:00.000000000,-6115.882454136252,2097.2764453281247,2360.648200368766,-3.4758510919837375,-3.961356550713407,-5.492837529295556,0.007482505082798438,-0.0025627725729175112,-0.002891960364684491,20.032162396550135,-2.312390194381582,507.3226759928732,6887.013820742716,0.0006694685165722757,53.02010040841621,357.03001087056,183.24789287900302,331.3270024501124
15 Jul 2026 15:22:00.000000000,-6310.819571934824,1855.153599745836,2026.1107392187391,-3.019643765880512,-4.106457111023995,-5.654329095565544,0.007722824005567196,-0.002267176650965034,-0.0024822368198301314,17.07747095816582,-0.02125861861525944,506.5104440404594,6887.606294935053,0.0007754630603501065,53.02195102081037,357.02900109342914,184.65940779311114,333.71820994409495
15 Jul 2026 15:23:00.000000000,-6477.97147760131,1604.862935313104,1682.6281658900427,-2.550017085019609,-4.233514419414293,-5.790896389394736,0.007929073662391005,-0.0019613826738584116,-0.0020612718864183133,14.090703271320788,2.1911227887900315,505.7759147450109,6888.119864317008,0.0008739141209036781,53.02355490811438,357.0282804191389,186.98815873851717,335.1923327896628
15 Jul 2026 15:24:00.000000000,-6616.594925495402,1347.5046166575837,1331.7150803674228,-2.0690447416384106,-4.341956358594806,-5.9019200079915795,0.008100279514271502,-0.001646747025054912,-0.0016309420464304732,11.078344109068752,4.34042271376336,505.1288473152555,6888.545420266247,0.000962829269326266,53.02488363045701,357.02780543927145,189.91932885420968,336.06420262994817
15 Jul 2026 15:25:00.000000000,-6726.072752495424,1084.210667214077,974.9198376880602,-1.578854191670193,-4.431293588568977,-5.986894673253846,0.008235627676772161,-0.0013246722042560488,-0.0011931742359564406,8.046377534359308,6.44132632129685,504.57750819280733,6888.875403029172,0.0010406986944020734,53.02591358417602,357.0275284015501,193.26993522006396,336.5168178251622
15 Jul 2026 15:26:00.000000000,-6805.916811317724,816.1399236055487,613.8176153936677,-1.0816168442190288,-4.50112210944632,-6.045431974312983,0.008334470552716354,-0.0009965998333127694,-0.0007499361085220794,5.0004129422511,8.507753954307281,504.12853382499156,6889.103938669918,0.00110636377291649,53.02662642062438,357.0273980489536,196.92784599684308,336.662325977047
15 Jul 2026 15:27:00.000000000,-6855.770305709992,544.4728490207505,250.00333428569388,-0.5795379440540143,-4.551125392488767,-6.0772625118782875,0.008396331398646177,-0.0006640032629247288,-0.00030322584050517204,1.9457983420878713,10.553077007569243,503.7868225926916,6889.226946043225,0.0011589585075460335,53.02700937263529,357.02736052137675,200.82146599760887,336.572338000456
15 Jul 2026 15:28:00.000000000,-6875.4095110700055,270.406232168701,-114.91553088186899,-0.07484621359375689,-4.581076057579128,-6.082237419937503,0.00842090774460865,-0.0003283798544295758,0.0001449384166117726,-1.1122754696726442,12.590329944163628,503.555458066351,6889.242211706531,0.0011978815383511495,53.027055482756516,357.02736030401695,204.90370632988189,336.29395810935574
15 Jul 2026 15:29:00.000000000,-6864.744868158835,-4.852200425941697,-479.3262128702716,0.4302166747926752,-4.590837080005574,-6.060329246939985,0.008408073601922758,8.756981146209953e-06,0.0005925293233937779,-4.168676302306499,14.632419271228763,503.4356651362399,6889.149431286341,0.001222780941716971,53.02676372909564,357.0273412057316,209.14304339157636,335.8587244411945
15 Jul 2026 15:30:00.000000000,-6823.821441920055,-280.0892301572042,-841.6179468213306,0.9334067222973592,-4.580362514602127,-6.0116321856469,0.008357880423281812,0.0003458858977585075,0.0010375212579444083,-7.218234074539584,16.692331286503634,503.426799891959,6888.950216449533,0.001233543735432106,53.02613904642314,357.0272473501513,213.5183088786141,335.28781866891893
15 Jul 2026 15:31:00.000000000,-6752.818741898852,-554.0916209008084,-1200.1892593262082,1.432488247463967,-4.549697730722203,-5.936361648184908,0.008270556797008926,0.0006814857906736272,0.001477901216091,-10.255643010700576,18.78334076384166,503.52637342931223,6888.648067288304,0.0012302861916496748,53.02519224203651,357.02702416197485,218.01555222909946,334.5952031830276
15 Jul 2026 15:32:00.000000000,-6652.049905295919,-825.6515929875217,-1553.4552125145665,1.9252444745265824,-4.4989791571009965,-5.8348531902761565,0.008146506887333971,0.0010140439411838792,0.0019116795828763135,-13.275359082886354,20.91922254373744,503.73010905979993,6888.248310590486,0.0012133430111398783,53.02393980775593,357.02661933100023,222.6261165346056,333.7895448203442
15 Jul 2026 15:33:00.000000000,-6521.960248201893,-1093.5722672710176,-1899.8545644316025,2.409487991811417,-4.428433541220987,-5.707560795928937,0.00798630765037708,0.0013420640381485351,0.0023369006555595743,-16.271489167065194,23.114467186183045,504.0320317097352,6887.758005122916,0.0011832543960235017,53.02240363127077,357.02598373675875,227.34546809410656,332.87538497103554
15 Jul 2026 15:34:00.000000000,-6363.125194953681,-1356.6730504202535,-2237.8568078479034,2.883071008373941,-4.338376733173453,-5.555054540853929,0.007790704883259196,0.001664073988940213,0.0027516528056219587,-19.237668265389416,25.38450024648417,504.42458764117083,6887.1858156858425,0.0011407505943194724,53.02061061185163,357.0250723173547,232.1725328677933,331.85380281338047
15 Jul 2026 15:35:00.000000000,-6176.247599755233,-1613.7949333114084,-2565.9690509280263,3.343895340999948,-4.229212009061905,-5.378017659327764,0.007560608183490131,0.0019786334394872717,0.0031540781780931924,-22.16692105883566,27.745902010723533,504.8987920241561,6886.541858289578,0.0010867338074414803,53.01859218715266,357.0238448670082,237.10941888587632,330.72269262750456
15 Jul 2026 15:36:00.000000000,-5962.154478633282,-1863.8056754483234,-2882.7427048325985,3.7899220688332083,-4.101427953574354,-5.1772430449849605,0.007297084911385905,0.0022843409314948133,0.0035423818385351097,-25.051504098087698,30.216620140130765,505.44440135393756,6885.837519344916,0.0010222575582683098,53.01638377942128,357.02226674812454,242.16149345546955,329.4766863507591
15 Jul 2026 15:37:00.000000000,-5721.793173393686,-2105.604849635569,-3186.779945299837,4.219180798999148,-3.9555959253507744,-4.953629220934758,0.007001353265305242,0.0025798406358589292,0.003914840293881532,-27.882725295624677,32.81616084380057,506.05010725131257,6885.085252238192,0.0009485037679709759,53.01402417088069,357.0203095051446,247.3378727211855,328.10666382424114
15 Jul 2026 15:38:00.000000000,-5456.226972448813,-2338.128722657473,-3476.7399174900743,4.62977849347771,-3.792367132083234,-4.70817581855798,0.006674774589001961,0.0028638286131384607,0.0042698093293795595,-30.650738344015213,35.56573387606385,506.7037478171019,6884.298355066374,0.0008667579186984515,53.01155481932319,357.0179513692325,252.65250817340515,326.5986661408342
15 Jul 2026 15:39:00.000000000,-5166.630216161439,-2560.3549494148633,-3751.3446558309515,5.019907814895835,-3.61246934484572,-4.441978607257485,0.00631884503848957,0.0031350585651565015,0.004605731122344297,-33.34431172311921,38.488311557191125,507.39253243988566,6883.490733634683,0.000778382821677246,53.009019126033046,357.0151776447461,258.1262924156303,324.9317897869168
15 Jul 2026 15:40:00.000000000,-4854.282916677439,-2771.3070597998917,-4009.384693191376,5.387854956598393,-3.4167032829164183,-4.156224119286375,0.005935186738615372,0.0033923470559713556,0.004921140612054168,-35.95057577889864,41.60854085941952,508.10327577966524,6882.676654060379,0.0006847917276630036,53.00646166901764,357.0119809705702,263.7911285017616,323.07411726944497
15 Jul 2026 15:41:00.000000000,-4520.56492404494,-2970.0587195193348,-4249.724336420129,5.73200693011291,-3.205938701294566,-3.852183914516571,0.0055255385527871155,0.003634578191035931,0.0052146711191538506,-38.45475795443998,44.95241972590506,508.82263656955666,6881.870489480349,0.0005874219672367702,53.003927415157186,357.0083614515745,269.6981972091236,320.97444986458527
15 Jul 2026 15:42:00.000000000,-4166.949671910914,-3155.7377479644774,-4471.306587904634,6.050858290508414,-2.9811102133396767,-3.531208529836875,0.005091746593001806,0.0038607077607320443,0.005485059231002539,-40.839926883022386,48.546615540902046,509.5373568865762,6881.086465427792,0.00048771148573553084,53.001460925268795,357.0043266578494,275.93625417573645,318.54401055920533
15 Jul 2026 15:43:00.000000000,-3794.997536864572,-3327.5298782691775,-4673.157695606987,6.343017287380507,-2.74321288028354,-3.194721156483401,0.0046357545780294175,0.0040697668619186925,0.005731148978300852,-43.08678198858626,52.417270968970776,510.2344976360535,6880.338408422976,0.00038708437906688405,52.999105566214375,356.999891491655,282.6774345965848,315.61063949142397
15 Jul 2026 15:44:00.000000000,-3406.348846242992,-3484.6822464492398,-4854.391316434848,6.607211435327222,-2.493297598252246,-2.8442110867246746,0.004159594139725018,0.004260865022886878,0.005951895343385198,-45.17354706886117,56.58812471262853,510.9016661617589,6879.639502222462,0.000286966363359571,52.99690274406324,356.9950779244366,290.31422944443386,311.78181792222756
15 Jul 2026 15:45:00.000000000,-3002.7165692742055,-3626.5065983874415,-5014.212280329217,6.842292503438756,-2.2324663115596883,-2.481226968443845,0.0036653751635036,0.004433192867913672,0.006146367154208999,-47.07605252285648,61.077799740734356,511.5272321272026,6879.002055991962,0.00018893153581301943,52.99489117194692,356.9899146085428,299.99945533554626,305.9046986159521
15 Jul 2026 15:46:00.000000000,-2585.8787263579084,-3752.382205062348,-5151.919944644614,7.0472409277861905,-1.9618670788139376,-2.107369902909237,0.003155276226226176,0.00458602435954292,0.006313749419009234,-48.76811535234883,65.89622142553374,512.10052810135,6878.437288417788,9.583916485902711e-05,52.99310618562687,356.98443637056556,317.15603104223607,292.55632962433333
15 Jul 2026 15:47:00.000000000,-2157.670550931724,-3861.7584779354943,-5266.911130421149,7.2211696543274,-1.6826890158292676,-1.7242864173900083,0.002631535180584343,0.004718718663835235,0.006453345165393985,-50.222335496350425,71.04036937713047,512.6120316146522,6877.955131458157,3.638687035210314e-05,52.99157911894236,356.9786835953011,38.13819224088875,215.38243988121275
15 Jul 2026 15:48:00.000000000,-1719.976437783057,-3954.1572777831907,-5358.682633956704,7.363327421973593,-1.3961571365750538,-1.3336613404313034,0.002096439915104897,0.004830721685338697,0.006564576848171989,-51.41140021341761,76.48995656300924,513.0535258190052,6877.564057065115,0.00010001148635407582,52.990336750235365,356.97270151128504,106.3814753153238,150.94745578338427
15 Jul 2026 15:49:00.000000000,-1274.7217111566124,-4029.1749114177387,-5426.833308612669,7.473101496683249,-1.1035271107208438,-0.9372106039667013,0.0015523192993362,0.004921567316079448,0.006646987385741548,-52.30990209330248,82.20409388240734,513.4182362789128,6877.270929788644,0.00018086294010450935,52.989400829577654,356.96653939065254,122.55019751007747,138.58702145644068
15 Jul 2026 15:50:00.000000000,-823.8642451408343,-4086.48381181938,-5471.065713178517,7.5500198676353705,-0.806079953580416,-0.5366739927419462,0.0010015343078922196,0.004990878441976019,0.006700240882580603,-52.89652346442375,88.12031796113125,513.700941834631,6877.080887715927,0.00025837630374867746,52.98878769517889,356.96024967753243,132.72546575671146,132.2199903770235
15 Jul 2026 15:51:00.000000000,-369.38596832719435,-4125.8338980329345,-5491.187324202238,7.593752915594043,-0.5051166619672174,-0.13380785853947108,0.00044646930071091836,0.005038367741521752,0.006724123082812415,-53.15625331221512,94.1572055083656,513.8980579033795,6876.997253706599,0.00033085419891672744,52.98850798575649,356.95388706052165,141.3637036565528,127.3898988605343
15 Jul 2026 15:52:00.000000000,86.71571592215145,-4147.053611948111,-5487.11131067419,7.604114561913646,-0.20195280739445418,0.2696221859771149,-0.00011047657383791649,0.0050638383102483715,0.006718541597311364,-53.08216586467495,100.2209427672089,514.0076910191317,6877.02147836877,0.00039791290514497286,52.988566453932606,356.94750750572274,149.472766974109,123.08885105291078
15 Jul 2026 15:53:00.000000000,542.4365626887651,-4150.050629709973,-5458.856870257901,7.581062904265816,0.1020869035011727,0.6718485808841305,-0.0006668978977460047,0.005067184129356032,0.006683525925768548,-52.67630366129345,106.21484516851429,514.0296638496393,6877.153115686978,0.00045954826521350556,52.98896188391441,356.9411672675595,157.3998611259328,118.9696019340407
15 Jul 2026 15:54:00.000000000,995.7741415661143,-4134.812246061695,-5406.549126980588,7.52470034235873,0.4056740924512169,1.071109128342517,-0.0012203914729180915,0.00504839039296973,0.006619227289584041,-51.94941468184618,112.0495993977938,513.9655103700547,6877.389831669459,0.0005159660496009453,52.989687114853126,356.9349218949086,165.29100521442436,114.88609377552017
15 Jul 2026 15:55:00.000000000,1444.7364850661327,-4101.405430433876,-5330.4185909677,7.4352731938776575,0.7074821885531937,1.4656542862956496,-0.0017685648331554197,0.005007533695150575,0.006525918273415344,-50.91961946180758,117.65167946574586,513.8184413128831,6877.727445835906,0.0005675127815966722,52.99072916939122,356.9288252502386,173.21131791910284,110.77317073242304
15 Jul 2026 15:56:00.000000000,1887.3506987578842,-4049.9765540978997,-5230.800181480017,7.313170797831845,1.006191914182133,1.853754434703898,-0.002309044827678405,0.0049447820684731005,0.006403992260895544,-49.610373343348904,122.9681833543962,513.593280452996,6878.160004823715,0.000614623539990687,52.99206948503316,356.9229285591065,181.18590985927747,106.6056869474715
15 Jul 2026 15:57:00.000000000,2321.6715022689814,-3980.7507882332543,-5108.131815240229,7.1589240996793695,1.3004967684592876,2.233707101263314,-0.0028394863203286325,0.004860394857727396,0.006253962639372692,-48.04821092612558,127.96772986733257,513.2963727220836,6878.679886858769,0.0006577707046578013,52.99368424414853,356.9172795068664,189.216604059966,102.38178652831748
15 Jul 2026 15:58:00.000000000,2745.7896698537297,-3894.031173356071,-4962.9525628635565,6.973203710236688,1.5891084975794711,2.6038441316003613,-0.0033575810378516004,0.004754722399334693,0.006076461731944681,-46.260695224736075,132.63825398321,512.9354655773731,6879.277935322045,0.000697411530855672,52.99554479666601,356.91192139852825,197.29010754172666,98.1147323702328
15 Jul 2026 15:59:00.000000000,3157.8403386802092,-3790.197361248243,-4795.900377178433,6.756817428663285,1.8707625394637957,2.962538786349212,-0.003861066591271749,0.004628205476241646,0.005872239414626005,-44.27482190599778,136.98307232012084,512.5195654718295,6879.943619152781,0.0007339368373565165,52.99761816787841,356.90689239661737,205.38295949288144,93.82795835915938
15 Jul 2026 16:00:00.000000000,3556.011152360491,-3669.7040313438006,-4607.7093983673985,6.510707218911957,2.144223427949814,3.308212744449393,-0.004347735675507814,0.004481374503302199,0.005642161358246388,-42.11594998602666,141.01649154885922,512.0587716834024,6880.665217369909,0.0007676248373729037,52.99986764227765,356.902224850427,213.46525901753407,89.55134195582059
15 Jul 2026 16:01:00.000000000,3938.5502065871187,-3533.078984492592,-4399.206842207267,6.235945629092533,2.408290139169619,3.639342988583686,-0.004815445438784397,0.004314848401317903,0.005387206839864512,-39.80720629507492,144.75981126613792,511.56409015442944,6881.430024572512,0.0007986045103549583,53.0022534130049,356.8979447284351,221.503889711159,85.3179799038844
15 Jul 2026 16:02:00.000000000,4303.773763122572,-3380.9209181449346,-4171.309479249403,5.933731644298086,2.6618013600262795,3.954468545103333,-0.005262126993886868,0.00412933311247416,0.005108466062770103,-37.36925383704779,148.2381239803989,511.0472303627868,6882.2245739055825,0.000826832193967157,53.00473328535404,356.8940711637998,229.4653928201013,81.16131530144195
15 Jul 2026 16:03:00.000000000,4650.073697871291,-3213.896888290511,-3925.0197145624093,5.605385965638402,2.9036406558908046,4.252197047232064,-0.005685795025788471,0.003925619711432226,0.004807136927465507,-34.82030659245594,151.47798940398314,510.52038858569006,6883.034873654107,0.000852083525517598,53.00726342183034,356.89061612084396,237.31839952653985,77.11270549072466
15 Jul 2026 16:04:00.000000000,4975.924648414472,-3032.7394649443627,-3661.4212796505603,5.25234571151684,3.132741511942521,4.5312110869960325,-0.0060845574316455275,0.003704582068482898,0.004484521200450497,-32.17629168922982,154.50588270587957,509.99602121771454,6883.846653366842,0.0008739609009205499,53.00979911555363,356.8875841882435,245.03547507514241,73.19957804725463
15 Jul 2026 16:05:00.000000000,5279.890826276243,-2838.243589581441,-3381.6745503439893,4.876158541520534,3.348092220119347,4.790274318373691,-0.006456624910688077,0.003467174025458075,0.004142020034638561,-29.45108627814543,157.34725041831558,509.4866120560317,6884.645615213767,0.0008919147517346005,53.01229557831831,356.88497250244757,252.59427684273984,69.44427276549278
15 Jul 2026 16:06:00.000000000,5560.632459364965,-2631.2631446797695,-3087.011506798771,4.478476208586553,3.548740581540589,5.028237271772584,-0.006800320412717377,0.0032144260560829172,0.0037811288106826364,-26.656781111682168,160.02600617230254,509.00443765934335,6885.417686157334,0.0009052755855030679,53.01470872939106,356.88277080245257,259.9780234608838,65.8635725305144
15 Jul 2026 16:07:00.000000000,5816.911830568254,-2412.707247384909,-2778.7303542048185,4.061047551200093,3.7337983926726297,5.244042838271523,-0.007114088332252768,0.00294744138530583,0.003403431273980251,-23.803942040478482,162.56432536391077,508.56133501235746,6886.149266469302,0.0009132930923696018,53.01699597114142,356.8809616148413,267.17536275999163,62.468835307439036
15 Jul 2026 16:08:00.000000000,6047.598879389663,-2183.536281258044,-2458.189825335327,3.625710944130234,3.902445682489159,5.436731381237301,-0.007396503336606919,0.002667391559475239,0.003010592965032828,-20.901854065806205,164.98263197117177,508.16847577646547,6886.827470157957,0.0009151786545023819,53.01911693786101,356.8795205656207,274.1797820325437,59.26658375253919
15 Jul 2026 16:09:00.000000000,6251.676334858074,-1944.7576820447057,-2126.8031886190192,3.174386233379242,4.053934667555899,5.6054454330402095,-0.007646278702815796,0.002375511466021222,0.0026043539510313186,-17.95874124543866,167.29970196805382,507.83615137180044,6887.440352985447,0.0009101481053512454,53.02103420462637,356.878416813225,280.9887159160754,56.25939714767967
15 Jul 2026 16:10:00.000000000,6428.24434971314,-1697.4214953885084,-1786.0319879251315,2.7090661884125504,4.187593392374857,5.749433935705065,-0.007862274039873147,0.0020730938164861047,0.0021865208864650615,-14.981960961239292,169.53283265404193,507.5735730110009,6887.977123952612,0.0008974623260979535,53.02271394379215,356.8776135948464,287.6024816001001,53.44697595725951
15 Jul 2026 16:11:00.000000000,6576.524608094003,-1442.6157263337836,-1437.379542656634,2.2318075120830514,4.302829023514396,5.868055986471796,-0.00804350227814873,0.0017614831199934179,0.0017589584479049268,-11.978173971920617,171.69804552363698,507.3886905874811,6888.428336408268,0.0008764640303729813,53.02412651764535,356.877068876391,294.02312000605633,50.82730036273059
15 Jul 2026 16:12:00.000000000,6695.86388160687,-1181.4615023035649,-1082.3842389891781,1.7447214557443704,4.399130768005046,5.960784052386732,-0.008189135808041412,0.001442069185102056,0.001323580202357409,-8.953493156812604,173.81030309447803,507.28803401128056,6888.7860552957145,0.0008466097492209252,53.02524699689839,356.8767360944737,300.25315292138316,48.39787279854882
15 Jul 2026 16:13:00.000000000,6785.737011707624,-915.1080729298313,-722.612645113488,1.2499640936057976,4.476072389193509,6.027206622149615,-0.00829851166800434,0.0011162802023863799,0.0008823389864390126,-5.913614498462027,175.88372872610122,507.2765801868067,6889.043997477821,0.0008074965396874379,53.02605559601832,356.8765649773115,306.2941756482283,46.1571249347137
15 Jul 2026 16:14:00.000000000,6845.749299762512,-644.727671626408,-359.65248508465896,0.7497263162052168,4.533314296652738,6.067030268413175,-0.008371135688410575,0.0007855754690274761,0.00043721688493148327,-2.8639340369432884,177.93182408542805,507.35764834612434,6889.197642573975,0.0007588833141495009,53.02653801786698,356.8765024299725,312.14506573406453,44.10620854488596
15 Jul 2026 16:15:00.000000000,6875.638289896992,-371.51026506899103,4.894492693295266,0.2462236077502644,4.570605190771585,6.0800810994501395,-0.008406685522590544,0.00045143782794241066,-9.78508971243629e-06,0.19034550554786767,179.96768247852134,507.53282589883935,6889.244312287723,0.000700706976231373,53.02668570172899,356.87649346843466,317.79932484283256,42.251653208209106
15 Jul 2026 16:16:00.000000000,6875.274933742501,-96.65821778434211,369.419715255897,-0.2583143241445255,4.587783247180301,6.066305585418354,-0.008405012509538614,0.00011536590021892198,-0.0004566575079075819,3.2441148433869067,-177.99580156354878,507.80192634892825,6889.1832167931,0.0006330938519125923,53.02649597050479,356.87648218598895,323.2404762966166,40.60996832194666
15 Jul 2026 16:17:00.000000000,6844.664130379471,178.6191002141953,732.3150153745466,-0.7616539952723224,4.58477683109635,6.02577075119533,-0.008366142339590989,-0.00022113380423206732,-0.0009013931085320607,6.292261512298768,-175.94572484040657,508.16298017544773,6889.015467365383,0.0005563674397525815,53.02597207461815,356.87641273503726,328.43290130444274,39.216806415715006
15 Jul 2026 16:18:00.000000000,6783.944639071541,453.1107343669284,1091.9798543311301,-1.2615685959474419,4.561604736853973,5.958663734730795,-0.008290274513434977,-0.000556554810404307,-0.0013419973425934986,9.329573106685478,-173.86896804484107,508.6122588964351,6888.744055077285,0.00047105493270946814,53.025123131992586,356.8762303070635,333.3009187289846,38.14788292402153
15 Jul 2026 16:19:00.000000000,6693.388366711339,725.6095665910979,1446.8284992913682,-1.7558483743431283,4.51837595316451,5.8652907168830195,-0.008177780607297205,-0.000889398547989859,-0.0017764987583192568,12.350636956234961,-171.75198623133886,509.1443318520381,6888.373796017111,0.00037789991225586607,53.02396396526726,356.87588209368613,337.6727294101731,37.57503140558882
15 Jul 2026 16:20:00.000000000,6573.399036171888,994.917708078201,1795.297117961583,-2.2423108815148827,4.455288959894267,5.746075235563593,-0.008029201385737931,-0.001218182081246198,-0.00220295911641954,15.34973276656171,-169.5805956947171,509.7521545736043,6887.91124411088,0.00027791096777259327,53.022514839210885,356.87531821197217,341.0927468049254,37.953872457594976
15 Jul 2026 16:21:00.000000000,6424.51024589888,1259.851836069431,2135.8507541749273,-2.718811010435194,4.372630567190026,5.601555903521635,-0.007845242816523105,-0.0015414456174033418,-0.002619483130732063,18.320714644727033,-167.33975707252904,510.427186968426,6887.36457322743,0.00017262730785601999,53.02080110302534,356.8744925779231,341.91566601294227,40.929744261973234
15 Jul 2026 16:22:00.000000000,6247.38293501478,1519.2484475980575,2466.9901493862844,-3.18325076543358,4.270774312493184,5.43238355507325,-0.007626771066713793,-0.001857759718667456,-0.003024227740303125,21.256878830766926,-165.01335677992913,511.1595389625579,6886.743430805844,6.720501122082995e-05,53.018852743878675,356.87336371287597,327.6633942935951,58.98077166546736
15 Jul 2026 16:23:00.000000000,6042.802271864186,1771.9690042652717,2787.258376720997,-3.633588703595724,4.1501784352224815,5.239317852365881,-0.007374806572894531,-0.0021657321515993616,-0.0034154108311947855,24.150813446623154,-162.5839926264861,511.9381407210088,6886.058765753246,6.700962413315157e-05,53.01670385954202,356.8718954688847,214.723353391895,175.719563481657
15 Jul 2026 16:24:00.000000000,5811.673987257229,2016.9049434017031,3095.2472561856007,-4.067848995722514,4.011383452577627,5.023223386221863,-0.00709051729473039,-0.002464014318393708,-0.0037913193418868526,26.99422680340946,-160.0327753353973,512.7509341179008,6885.322633809814,0.00017797495031804454,53.014392059399555,356.8700576604243,199.8698838998224,194.37180779431966
15 Jul 2026 16:25:00.000000000,5555.020176609892,2252.9825324796507,3389.6035218461366,-4.484130061207532,3.855009362912808,4.78506531013101,-0.006775211267416231,-0.0027513072259458325,-0.0041503167015724315,29.77775152539531,-157.33916663235638,513.5850817675573,6884.54798395863,0.00029441221945799065,53.011957804334024,356.8678265915272,200.34195154347384,197.69856537661124
15 Jul 2026 16:26:00.000000000,5273.974597710288,2479.1675452875916,3669.0347141629363,-4.880612738404917,3.6817525054063376,4.5259045484846885,-0.006430328576658384,-0.003026366961249943,-0.004490849568016712,32.490723353466464,-154.48088779063679,514.4271896560662,6883.748429764334,0.00041066013805980044,53.00944369703865,356.86518546918586,203.29131490527993,198.5481017209862
15 Jul 2026 16:27:00.000000000,4969.777492924408,2694.469740160031,3932.314773177509,-5.255567959518317,3.4923821062498774,4.246892621631045,-0.006057432880782996,-0.0032880096547025024,-0.004811453849081888,35.120936593718184,-151.433951311297,515.2635392334834,6882.938009753002,0.0005245968690128251,53.0068937351562,356.86212469594096,207.04235825381033,198.5960540106948
15 Jul 2026 16:28:00.000000000,4643.769966298851,2897.947122383582,4178.289310816127,-5.607363906473179,3.2877365423132203,3.949266130784887,-0.005658202602849225,-0.0035351159259508183,-0.0051107600092064305,37.65438366071078,-148.17289372923733,516.080324738449,6882.130941094658,0.0006344643860314972,53.00435254027856,356.85864203657957,211.12925204387605,198.3082704726344
15 Jul 2026 16:29:00.000000000,4297.387947235156,3088.709974754477,4405.880543132565,-5.934472631406759,3.068719353215933,3.634340945306073,-0.005234421907449374,-0.003766634817983448,-0.005387497676358307,40.07499519018266,-144.6713188940301,516.8638915245049,6881.341370918505,0.0007386134475243913,53.00186457624947,356.85474265612953,215.37234750116912,197.86441569870405
15 Jul 2026 16:30:00.000000000,3932.155773148823,3265.924642120117,4614.091865863062,-6.2354761321658385,2.836295031972069,3.303506133365824,-0.00478797157159844,-0.003981587239078387,-0.005640499583145107,42.364411052834235,-140.9028944963161,517.6009712357031,6880.583129583246,0.00083547364984952,52.99947337039059,356.85043902848764,219.68784565174997,197.34830157638288
15 Jul 2026 16:31:00.000000000,3549.6794240201452,3428.8170574579926,4802.0120590022225,-6.509071879137398,2.5914846230478363,2.958217674857872,-0.004320819840812968,-0.004179068939027568,-0.005868704883553268,44.501832203221205,-136.8429691444082,518.2789098280401,6879.869490141688,0.0009235635601057669,52.99722075121313,356.84575071737424,224.03113611478156,196.804548509112
15 Jul 2026 16:32:00.000000000,3151.639441701005,3576.6759987738396,4968.819108443073,-6.754077795027613,2.33536115469218,2.5999919923911747,-0.003835013349522852,-0.004358253055881916,-0.006071161899158229,46.464028042815045,-132.4709705125663,518.8858846457299,6879.212938087632,0.0010015105794642328,52.995146115887366,356.84070403340064,228.37573454580408,196.25964803851272
15 Jul 2026 16:33:00.000000000,2739.7835666980855,3708.8560676001,5113.783634728926,-6.969436693320515,2.069044930096034,2.2303993328498404,-0.0033326681676069613,-0.004518392276032091,-0.006247030356179489,48.22559968893533,-127.77367001076065,519.4111070252175,6878.624955256662,0.001068072921328145,52.993285740223875,356.83533157324064,232.70413102183798,195.73111457465276
15 Jul 2026 16:34:00.000000000,2315.919124674495,3824.780381289785,5236.271920837659,-7.154220184304186,1.7936986992598722,1.8510570282215888,-0.0028159610144038415,-0.0046588206525065325,-0.006395583176121192,49.75961578156003,-122.74920949833076,519.8450072075876,6878.115821479726,0.001122161118951554,52.99167214318316,356.8296716489612,237.00327497984512,195.2320006198496
15 Jul 2026 16:35:00.000000000,1881.9051943128668,3923.9429725231025,5335.748532532036,-7.30763205954134,1.5105227306384834,1.4636226604950324,-0.0022871206651842494,-0.004778955130633466,-0.0065162078873402295,51.038725783314284,-117.4114488652198,520.1793986806903,6877.694437263779,0.0011628579351852728,52.99033351698572,356.82376761739624,241.26204848592607,194.77342370485428
15 Jul 2026 16:36:00.000000000,1439.644587567296,4005.9108904920386,5411.7785261753,-7.429011166511517,1.2207497988302445,1.0697871516413366,-0.0017484195535598973,-0.004878296825256648,-0.006608407716762179,52.03679283832053,-111.79374449134035,520.4076194390833,6877.368170405588,0.0011894360858503699,52.9892932327615,356.8176671212648,245.46961924382137,194.36621362365847
15 Jul 2026 16:37:00.000000000,991.0756724118621,4070.3259991661166,5464.029240113164,-7.5178337850169665,0.9256401017167737,0.6712677958772416,-0.0012021655596128231,-0.004956432096630362,-0.00667180242387216,52.730959088178906,-105.95087191086796,520.5246480351317,6877.142729038292,0.0012013734583198744,52.98856943036954,356.811421255203,249.6141350730836,194.0222182325791
15 Jul 2026 16:38:00.000000000,538.164067840854,4116.906468705146,5492.271666590115,-7.573715515631058,0.6264761181752979,0.2698012484599815,-0.0006506939545608428,-0.005013033460514267,-0.006706128922328971,53.103877137823524,-99.95776168967781,520.5271926924243,6877.022063173272,0.0011983657079365326,52.988174699566706,356.80508367123844,253.6814360366035,193.75559162660093
15 Jul 2026 16:39:00.000000000,82.8942400249552,4145.447956750745,5496.381402000165,-7.596412688518135,0.3245574151863656,-0.13286351767429522,-9.635946220124691e-05,-0.00504786036644101,-0.006711241731648698,53.14567800520697,-93.90431588484269,520.413752159895,6877.00829633731,0.0011803363331142312,52.98811585812111,356.79870963922815,257.65351552212655,193.58433338305332
15 Jul 2026 16:40:00.000000000,-372.73897175014895,4155.824476776857,5476.339173850138,-7.585823298146614,0.021195411590111818,-0.5349722779918266,0.0004584716139608674,-0.005060759866100726,-0.006687113284512717,52.85519844739401,-87.88680138564392,520.1846473970472,6877.101688423179,0.0011474446349687667,52.9883938307913,356.79235507866906,261.5064139470127,193.53239519638345
15 Jul 2026 16:41:00.000000000,-826.7388710190244,4147.988951090539,5432.230943341508,-7.541987466186066,-0.28229189538539784,-0.9347726370117224,0.0010114292548309856,-0.00505166718557421,-0.006633834103838581,52.24012971851684,-81.99766522262615,519.8420235969663,6877.3006303770035,0.001100092463761172,52.98900363134232,356.7860755787083,265.2070682783859,193.63283170507515
15 Jul 2026 16:42:00.000000000,-1277.1154336365596,4121.973446425781,5364.247582939103,-7.465087431347831,-0.584585235212289,-1.330521115786516,0.0015601476410755629,-0.0050206062051428866,-0.006551612850099947,51.316044948418295,-76.31630539379142,519.3898224717267,6877.601670841708,0.0010389315514648405,52.98993444798461,356.77992542346175,268.7082937349275,193.93281913750022
15 Jul 2026 16:43:00.000000000,-1721.8938223504963,4077.8890904131567,5272.68412875884,-7.355447061345342,-0.8843693950258852,-1.7204902380377163,0.002102273178276776,-0.004967689837707587,-0.006440776222540204,50.10457834765115,-70.90290931143385,518.8337251444169,6877.999574369798,0.0009648749935976644,52.99116983082327,356.77395663964046,271.94035447074634,194.50208496932214
15 Jul 2026 16:44:00.000000000,-2159.1228575620157,4015.9256675738216,5157.938608122759,-7.2135308787460435,-1.180338569963223,-2.102975605496432,0.002635472686642964,-0.004893120290844552,-0.006301768690099823,48.63121635768062,-65.79621925720899,518.1810664118061,6878.487410314978,0.0008791201946605624,52.992687978131414,356.76821808315185,274.7960412538657,195.44783057309812
15 Jul 2026 16:45:00.000000000,-2586.8834148041146,3936.350893915202,5020.5104432460275,-7.039942589484456,-1.4712017250049012,-2.4763029509423196,0.0031574417994450093,-0.004797189180575777,-0.00613515200611302,46.92315751070993,-61.01475735868078,517.4407215607336,6879.056671016353,0.000783199226234033,52.99446211653623,356.76275458065976,277.10270822428294,196.94269476861297
15 Jul 2026 16:46:00.000000000,-3003.296718709255,3839.5093697337657,4860.998432786176,-6.835423100420624,-1.7556879585132776,-2.83883515466815,0.003665913604739652,-0.0046802774638252265,-0.0059416044599830235,45.00755432361176,-56.56026341467869,516.6229673371222,6879.697417407123,0.0006790941712624149,52.99646096856528,356.75760614115745,278.5664434823242,199.2805835170468
15 Jul 2026 16:47:00.000000000,-3406.5325023666505,3725.821210887577,4680.098313936514,-6.600848010743185,-2.0325518552503037,-3.188979206756507,0.004158667548437378,-0.004542855144109068,-0.005721919803804615,42.91026715119867,-52.42200043618635,515.7393190771172,6880.398449718853,0.0005695143113754567,52.99864929946702,356.75280725141795,278.6527686412645,202.99597061934097
15 Jul 2026 16:48:00.000000000,-3794.817000030402,3595.7803596128856,4478.5999089135075,-6.337224561386513,-2.300578813866038,-3.525193093780164,0.00463353860022537,-0.0043854807013198075,-0.005477005788247537,40.65511463022533,-48.580921721556855,514.8023464095065,6881.147500517578,0.00045860933492566653,53.00098853382491,356.74838626775255,276.31653490371525,209.13400185420855
15 Jul 2026 16:49:00.000000000,-4166.44074018639,3449.952576949809,4257.38386109713,-6.045688027080975,-2.5585903307863926,-3.845992584490798,0.005088426666750914,-0.00420880019482529,-0.005207882241165426,38.26352614446312,-45.01315057442256,513.8254703231087,6881.931446907747,0.0003539396852521145,53.00343743124974,356.7443649148224,269.40474777381064,219.84767043935196
15 Jul 2026 16:50:00.000000000,-4519.766105108273,3288.973120014751,4017.417967736834,-5.727497537247154,-2.8054492192497498,-4.149957884941268,0.0055213062123858495,-0.004013545983100788,-0.00491567861640356,35.75447916624835,-41.69259652833549,512.8227447541186,6882.736538381284,0.0002717011123121558,53.00595280938311,356.74075790042906,253.9525861716373,239.1017980458563
15 Jul 2026 16:51:00.000000000,-4853.234622272451,3113.544108728065,3759.7531180408923,-5.38403131472313,-3.0400647390598325,-4.4357401294687895,0.00593023603549236,-0.0038005350121609826,-0.004601630953192749,33.14461547599463,-38.59275781141779,511.8086261786698,6883.548636478956,0.0002424503354045162,53.00849030159703,356.73757265316215,228.2292523059826,268.62718500687635
15 Jul 2026 16:52:00.000000000,-5165.37395245996,2924.431588154935,3485.5188475998766,-5.016781325239629,-3.261397609613394,-4.7020676702617346,0.006313369121436995,-0.0035706666210198273,-0.004267078183508064,30.448454836587082,-35.687859691289525,510.7977349853497,6884.353462177846,0.0002846263865915553,53.011005136142266,356.73480918767825,204.0415791484564,296.6170028757
15 Jul 2026 16:53:00.000000000,-5454.804539088628,2722.4622943466843,3195.9185224419034,-4.627347335583314,-3.4684648760405143,-4.947752125010113,0.006668962482792528,-0.0033249198246956303,-0.0039134577417952905,27.678650276552503,-32.9534984592183,509.8046126411442,6885.136846729281,0.00037332441777404053,53.013452923097745,356.73246010013855,190.61908287965582,313.8417419615323
15 Jul 2026 16:54:00.000000000,-5720.245883376368,2508.52013344566,2892.224168532334,-4.217430384383563,-3.660344596019778,-5.171694139584991,0.006995386877806044,-0.0030643500399161125,-0.0035423004394530277,24.846250201996845,-30.36694158202651,508.8434788416624,6885.88498155228,0.0004804118242328026,53.01579043530783,356.7305106940625,184.8848075491799,323.3783666011843
15 Jul 2026 16:55:00.000000000,-5960.522410375385,2283.542385817873,2575.7709651750715,-3.788825676278924,-3.836180313109716,-5.372888820946716,0.0072911362874639495,-0.002790085230466452,-0.0031552245828197207,21.960947825998407,-27.907201979514145,507.9279929426116,6886.584662745086,0.000592014621892906,53.01797636957391,356.72893923454313,183.20383150603723,328.8618086110617
15 Jul 2026 16:56:00.000000000,-6174.568891788896,2048.5156490573645,2247.9514234916455,-3.3434149176665278,-3.9951852813864503,-5.550430794671034,0.00755483702421498,-0.0025033214612850867,-0.0027539293303518405,19.031308542895957,-25.554971915920845,507.07102399490054,6887.223525814647,0.0007015431904947592,53.019972074683864,356.7277173265538,183.70364812256264,332.16458639820473
15 Jul 2026 16:57:00.000000000,-6361.435392810789,1804.4715358358612,1910.2092738880835,-2.8831581200983316,-4.136646405865104,-5.703518841697878,0.007785256337541335,-0.002205317862070894,-0.002340187300711394,16.064972144530902,-23.29247500079431,506.28443364365523,6887.790266346387,0.0008052770212443926,53.02174223342081,356.7268104108413,185.47126278461585,334.1997077603848
15 Jul 2026 16:58:00.000000000,-6520.29171203724,1552.4821446918063,1564.0330891044787,-2.410084905411967,-4.259927863677257,-5.831460070202431,0.007981310385032437,-0.0018973910164702462,-0.0019158364636120328,13.068830392786323,-21.103274396855596,505.5788759954535,6888.27484254218,0.0009007490586640139,53.02325548647471,356.72617836883063,188.03390779871725,335.4399547282506
15 Jul 2026 16:59:00.000000000,-6650.43128578571,1293.6553239203886,1210.9496720149423,-1.9262853546219705,-4.364474372299011,-5.933673580877058,0.008142071435036646,-0.001580908804700415,-0.0014827713610630858,10.049182383916785,-18.97206081179764,504.9636183072769,6888.668655844953,0.0009861531992133316,53.0244849871814,356.72577622602984,191.1288171693874,336.1481085007079
15 Jul 2026 17:00:00.000000000,-6751.274530908294,1029.1297506910732,852.5172397415445,-1.4339004501927581,-4.449814073272686,-6.009693587371912,0.008266774183482227,-0.0012572837437988614,-0.0010429337270642031,7.011871041111749,-16.884433935869612,504.4463860047911,6888.964706238837,0.0010601094621645786,53.02540887721139,356.7255549416705,194.60069053648084,336.4794851889076
15 Jul 2026 17:01:00.000000000,-6822.371603374812,760.0698493343411,490.31843780267053,-0.9351121683197188,-4.5155610028071305,-6.059171958107904,0.008354821069892063,-0.0009279658795795157,-0.0005983025867996271,3.9624043994412066,-14.826684432083209,504.03323510153297,6889.157719258658,0.0011215639302346765,53.02601067470638,356.72546227074906,198.35311170646239,336.5305169406993
15 Jul 2026 17:02:00.000000000,-6863.40455348597,487.66057435025635,125.95321987733024,-0.4321332840213864,-4.561417124317541,-6.081880151048215,0.008405786501405176,-0.0005944352982396172,-0.0001508839326970408,0.9060653834680517,-12.785579377118065,503.728454573037,6889.2442422550575,0.001169743348822828,53.026279567894676,356.7254436833511,202.32394681755292,336.36335341196457
15 Jul 2026 17:03:00.000000000,-6874.188862498873,213.10208506910743,-238.968369716016,0.07280304300296613,-4.587173902282519,-6.077710519158004,0.008419419907168596,-0.00025819433390066623,0.0002972999150736793,-2.151986306994469,-10.748151440532833,503.53450065135064,6889.222708029744,0.0012041327513751176,53.02621060887392,356.7254433250683,206.47211876533913,336.0190869649987
15 Jul 2026 17:04:00.000000000,-6854.674349643571,-62.39566001243753,-602.8334725947133,0.5774538298516644,-4.5927134016442634,-6.046676971035432,0.008395647566347446,7.924044332221648e-05,0.0007442211467519841,-5.206616693951113,-8.701490565119645,503.4519643619044,6889.093464569049,0.0012244624817820983,53.02580480401028,356.725405001605,210.7701291693915,335.5252303204545
15 Jul 2026 17:05:00.000000000,-6804.945442901631,-337.61836039377613,-964.033712992873,1.0795769047172803,-4.5780089022222965,-5.988914978374697,0.008334573183179721,0.0004163463684534102,0.0011878573777727415,-8.252620965679977,-6.632536150557664,503.4795729426067,6888.858770248608,0.001230698298257077,53.02506909922861,356.72527317014874,215.19965614500998,334.900118405954
15 Jul 2026 17:06:00.000000000,-6725.220811426392,-611.3528529451364,-1320.9724753205696,1.5769415382993992,-4.543125023106266,-5.904680929321888,0.008236477196252347,0.0007516028595199722,0.0016262025160810008,-11.284624448019809,-4.527867578324702,503.6142250842135,6888.522754542932,0.0012230314727417766,53.02401626033107,356.7249939199974,219.74888903120438,334.1555732575566
15 Jul 2026 17:07:00.000000000,-6615.852362021827,-882.3925840604703,-1672.072123530309,2.0673389968826554,-4.488217357581608,-5.794350834198979,0.00810181484159584,0.0010834995389959984,0.0020572774596198514,-14.29697763259217,-2.373491312471977,503.851059230832,6888.091344936116,0.0012018673430078388,53.02266465034647,356.72451592502756,224.4108993521593,333.2985327040035
15 Jul 2026 17:08:00.000000000,-6477.323606578019,-1149.5430453624442,-2015.7811238199902,2.5485929433422334,-4.413531624663188,-5.658418397289396,0.007931213009122605,0.001410544208238217,0.0024791405063997736,-17.28364169187299,-0.15462385982232482,504.1835535007426,6887.572161378398,0.0011678115715060453,53.02103790774688,356.72379135112385,229.18267219241704,332.3320186604799
15 Jul 2026 17:09:00.000000000,-6310.247411700361,-1411.627144252128,-2350.581033218528,3.018569615416002,-4.319402348611037,-5.497492475198573,0.007725465954770131,0.001731270589366679,0.0028898973679167468,-20.238060796339123,2.1445281940170378,504.6036551487633,6886.974380252338,0.0011216538111866164,53.01916453113646,356.7227767024172,234.06460074260636,331.25564228169054
15 Jul 2026 17:10:00.000000000,-6115.363145888744,-1667.4904814325942,-2674.9933180089597,3.475187714931288,-4.20625108272936,-5.312293948538499,0.0074855299511418635,0.0020442457564836384,0.0032877106881683167,-23.153017490807276,4.540986638474394,505.1019369098762,6886.308570389195,0.0010643487512889981,53.017077377692175,356.7214335912767,239.0603583408578,330.06573165525214
15 Jul 2026 17:11:00.000000000,-5893.533243450412,-1916.0065086481125,-2987.585967706352,3.9164279471301775,-4.074584198174683,-5.103652039170485,0.007212516974918842,0.0023480771871713544,0.0036708089834648367,-26.020467511696207,7.053209030510282,505.66777705427387,6885.586504196339,0.0009969947007921014,53.01481308418104,356.7197294183111,244.177151165104,328.7550788857646
15 Jul 2026 17:12:00.000000000,-5645.739207802827,-2156.0815412477123,-3286.9798723755835,4.340342155615195,-3.9249902623041644,-4.872500109839938,0.00690768754602374,0.002641419377169958,0.004037494935532677,-28.83135094774304,9.701267588937139,506.2895595575365,6884.820947411602,0.0009208100106080871,53.0124114207708,356.7176379502488,249.42645633222037,327.31220181848363
15 Jul 2026 17:13:00.000000000,-5373.077079893434,-2386.659601752127,-3571.8549333911183,4.745062005507148,-3.7581370341948,-4.619870986646937,0.006572442838135913,0.0029229799723448006,0.004386152985427793,-31.57537791118074,12.506970359077595,506.95489045467286,6884.025431379434,0.0008371077720902452,53.00991458906018,356.7151397853569,254.8255134641316,325.7198523465621
15 Jul 2026 17:14:00.000000000,-5076.752400095,-2606.7270723393467,-3840.955880246988,5.128807174930572,-3.5747681072941297,-4.34689184735288,0.006208316189434901,0.0031915253857643933,0.004715256194838484,-34.240789436759734,15.493878390521763,507.65082620702697,6883.214012041719,0.0007472694038235542,53.00736647676285,356.71222269806617,260.40016377634237,323.95217724963595
15 Jul 2026 17:15:00.000000000,-4758.074694114427,-2815.317136009927,-4093.097768653144,5.4898930226564735,-3.375699230697755,-4.054778720004207,0.0058169641446901375,0.0034458858824777377,0.005023372361040157,-36.81409896350228,18.68714924235783,508.36410976771356,6882.401020048426,0.0006527180458897522,53.00481188226329,356.7088818565872,266.1903753642651,321.96919289063277
15 Jul 2026 17:16:00.000000000,-4418.45151513191,-3011.5139881352115,-4327.171137868164,5.826737707429756,-3.1618143412526396,-3.7448306367399593,0.005400157150513549,0.003684960124879374,0.0053091693848721895,-39.279827572687765,22.11310711643013,509.08140998146894,6881.6008065173,0.0005548933838506205,53.00229572281197,356.70511990962143,272.26169790108656,319.70533055866537
15 Jul 2026 17:17:00.000000000,-4059.3820757256776,-3194.4568019735866,-4542.146807846139,6.1378687417739854,-2.9340613386904466,-3.418423487125198,0.004959770025527347,0.0039077191869629135,0.0055714199116369606,-41.62025845863221,25.798405857696373,509.78955999339337,6880.827489010084,0.0004552314898060125,52.99986224042824,356.7009469405576,278.7314140937526,317.0432851110702
15 Jul 2026 17:18:00.000000000,-3682.4505038142497,-3363.3434337475383,-4737.080299517256,6.421928970053196,-2.693447635134768,-3.077003613696982,0.004497772312177674,0.004113210055471533,0.005809005276670001,-43.81525404975476,29.768621274734034,510.47579046070683,6880.094702244526,0.0003551599096887691,52.99755421962689,356.69638028990636,285.8369753818649,313.7455794301527
15 Jul 2026 17:19:00.000000000,-3289.318757438286,-3517.433854622736,-4911.115863911405,6.677681966484948,-2.441035509015162,-2.722081190243252,0.004016218604760033,0.004300558646110087,0.006020918800014019,-45.84220284969244,34.04610220102739,511.1279535523006,6879.4153579334,0.0002561466660905837,52.995412230880575,356.69144424916186,294.1545401989532,309.23602637260495
15 Jul 2026 17:20:00.000000000,-2881.7192331918895,-3656.0532987366614,-5063.490108276342,6.904016854104487,-2.177937291433864,-2.355223420276782,0.003517238932399953,0.004468972371654323,0.006206268485113222,-47.67618966389387,38.64695822549157,511.73473397421884,6878.801417938625,0.0001600159107932226,52.993473913271856,356.6861696314291,305.55807628692594,301.64062671853327
15 Jul 2026 17:21:00.000000000,-2461.4471029438364,-3778.595118026067,-5193.535209473022,7.09995254980851,-1.9053104106945928,-1.9780475897715275,0.0030030292556651786,0.004617742302107362,0.006364279179395155,-49.29050415303005,43.57721184926937,512.2858435628267,6878.263684655341,7.181592845827611e-05,52.99177330909163,356.68059322652795,330.83581237409817,280.1711178060334
15 Jul 2026 17:22:00.000000000,-2030.3524130877224,-3884.5233360591455,-5300.68170687651,7.264641443664003,-1.624352318111119,-1.5922140045244246,0.0024758421199240223,0.004746244963482488,0.006494294262049663,-50.657602452032535,48.82843580351335,512.7721963331664,6877.8116122077145,5.065006868501905e-05,52.990340262211454,356.67475715020646,72.04557607173024,182.76963599179084
15 Jul 2026 17:23:00.000000000,-1590.3319799170274,-3973.3748944048407,-5384.4608687418595,7.397372522627562,-1.3362953154168797,-1.199418838646236,0.001937977487299131,0.004853943820766138,0.006595776921494004,-51.75059187761184,54.37362634036631,513.186061247289,6877.453141650043,0.00012485759041500205,52.98919989091637,356.6687080991003,111.48916857560738,147.13434234636273
15 Jul 2026 17:24:00.000000000,-1143.321114237472,-4044.76158616346,-5444.506627436288,7.497573949570543,-1.0424013014925881,-0.8013869171327522,0.0013917737513803644,0.0049403904882628965,0.006668311080448596,-52.54519926741288,60.16451101748573,513.5211903683264,6877.194562933861,0.00020412986630514345,52.98837214455185,356.6624965246381,125.40607937776046,137.0257083720837
15 Jul 2026 17:25:00.000000000,-691.2852074193216,-4098.371672325842,-5480.557080264194,7.564815108376232,-0.7439564533941477,-0.3998644518479956,0.0008395989237258924,0.005005225710580764,0.006711602025586821,-53.02201285583984,66.13168596938523,513.7729204843318,6877.040405930605,0.0002795216304578822,52.987871451836924,356.65617574065726,135.229377567122,131.01062515928697
15 Jul 2026 17:26:00.000000000,-236.21121067186084,-4133.971177402541,-5492.455553623955,7.598808124631911,-0.44226585451983674,0.0033882525336180686,0.0002838419645748005,0.005048180146320955,0.006725476782487998,-53.168606353433944,72.18859602046193,513.9382467145015,6876.993362298456,0.0003498354154875964,52.98770646705554,356.64980098057674,143.83444113852417,126.21367455364626
15 Jul 2026 17:27:00.000000000,219.90096131593492,-4151.404861499301,-5480.151229165998,7.599408869548416,-0.1386480807904157,0.4066041085463918,-0.0002730957791056965,0.005069074984843703,0.00670988427358744,-52.98105795789221,78.23929239225734,514.01586704654,6877.054239459546,0.00041480520184544235,52.987879918586444,356.6434284209342,151.99533132365113,121.8607553137919
15 Jul 2026 17:28:00.000000000,675.047071580293,-4150.5968666113695,-5443.699331389253,7.566617452197546,0.16557024565361272,0.8080165594844236,-0.0008288090747985727,0.005067822411969453,0.006664895276762502,-52.464456828403335,84.1884882215956,514.0061971931259,6877.221947415381,0.0004744965202397979,52.98838856240186,356.637114188587,160.00112460253038,117.66275159289104
15 Jul 2026 17:29:00.000000000,1127.2272163744922,-4131.551035449134,-5383.260876811269,7.500578202249982,0.469059926592815,1.205866884956103,-0.0013808972949739837,0.005044425937125264,0.006590702197297597,-51.6322511250332,89.95144702537722,513.9113555962593,6877.493518583224,0.0005291672401743009,52.98922324129256,356.6309133692728,167.97783957642935,113.493606555489
15 Jul 2026 17:30:00.000000000,1574.4544644251514,-4094.3509016114135,-5299.101985513959,7.4015791423281465,0.7704946733027105,1.5984114870079589,-0.0019269729484963402,0.004998980577999807,0.006487618643963743,-50.50462425577998,95.46131361593822,513.7351188483008,6877.864160290269,0.0005792005430947531,52.99036904868993,356.6248790350981,175.98144681454488,109.29731300946938
15 Jul 2026 17:31:00.000000000,2014.7634492751442,-4039.1593504320003,-5191.592756554358,7.2700509460967595,1.0685565987906127,1.9839291446590128,-0.002464670300267174,0.004931672892093164,0.006356078791281569,-49.106328281642924,100.67258113632117,513.4828482366472,6878.3273390219865,0.0006250507319869947,52.991805594095254,356.6190613081818,184.03160009603045,105.05418262396277
15 Jul 2026 17:32:00.000000000,2446.218883707942,-3966.2179503749044,-5061.205709488054,7.1065653755260705,1.3619417069698327,2.3607282231940374,-0.002991654120704921,0.0048427808360109684,0.006196636499051983,-47.46445797171991,105.56079750068888,513.1613885533055,6878.8748949940855,0.0006671899005786829,52.99350736532021,356.61350647702244,192.1262160745315,100.76626669869663
15 Jul 2026 17:33:00.000000000,2866.9239647775717,-3875.8459554757874,-4908.5137951245215,6.911833188588573,1.6493653675452884,2.727153822384493,-0.0035056285950948816,0.004732673420893378,0.006009964144583225,-45.60653619550177,110.11961318839337,512.778940738522,6879.4971851105065,0.0007060545926826458,52.99544418102829,356.60825618122027,200.24904721517683,96.44978362797455
15 Jul 2026 17:34:00.000000000,3275.0286373699505,-3768.438980058374,-4734.187979662208,6.686701507186836,1.9295677633910118,3.0815948450326807,-0.004004346411543598,0.004601810129916256,0.0057968511205943015,-43.559096739205366,114.35656630909736,512.3449103467356,6880.183251888029,0.0007419953308665628,52.99758172547037,356.6033466789115,208.37455603728122,92.13024501964975
15 Jul 2026 17:35:00.000000000,3668.7376835770942,-3644.4673478152995,-4538.994407562691,6.432150634510641,2.2013192948377704,3.422490964030599,-0.004485618027031264,0.0044507400520729205,0.005558201937769753,-41.3467860929818,118.28875358661148,511.86973422843323,6880.9210154824705,0.0007752332565564048,52.99988215586032,356.5988082097975,216.4717190346877,87.83865209149222
15 Jul 2026 17:36:00.000000000,4046.318604501214,-3504.4741183585766,-4323.7911499452075,6.149290311415845,2.463425922642751,3.748339462630177,-0.004947321099228955,0.0042801006910821145,0.005295033878065001,-38.991905092869985,121.93907848774786,511.36468820793476,6881.697485543835,0.0008058281015792734,53.00230477156438,356.59466446491325,224.50730870379263,83.60821390993158
15 Jul 2026 17:37:00.000000000,4406.109260516115,-3349.0727955180737,-4089.5245469188444,5.839355402871537,2.7147344286412496,4.057701919035283,-0.0053874100475881075,0.004090616398794701,0.005008474134264237,-36.51427362597978,125.33335144799861,510.84167889822425,6882.498989270599,0.0008336606238113491,53.0048067331985,356.5909321724248,232.44872854953522,79.47151259680658
15 Jul 2026 17:38:00.000000000,4746.525235528232,-3178.9447230179535,-3837.2251541272976,5.503701008086295,2.954137570280069,4.349210702915659,-0.005803925693955405,0.0038830963899534102,0.004699756382392369,-33.931305351915576,128.4982436186514,510.3130231211262,6883.311411729837,0.0008584308468259488,53.007343818867426,356.58762080659994,240.26629439123425,75.4582221790027
15 Jul 2026 17:39:00.000000000,5066.066890503405,-2994.836174667606,-3568.0033058398094,5.143796991562951,3.180579102589758,4.62157524821343,-0.00619500491183035,0.0036584322946606822,0.004370216734699974,-31.258202088341253,131.45996130935382,509.79121868631285,6884.120444269201,0.0008796714407059407,53.00987120414368,356.58473242496405,247.93483976491476,71.59350328208843
15 Jul 2026 17:40:00.000000000,5363.326071490541,-2797.5551478723105,-3283.044309163665,4.761221936998124,3.393058638767648,4.873588063832887,-0.006558890198556015,0.0034175952123081214,0.004021289032096919,-28.508204059114167,134.2434691938216,509.2887105154131,6884.911836673251,0.0008967738718002781,53.01234425199124,356.58226163630593,255.43459540021522,67.89712368859414
15 Jul 2026 17:41:00.000000000,5636.992437662562,-2587.9678710544867,-2983.6032863427813,4.357656531512533,3.5906363185837744,5.1041304416443625,-0.006893939071391053,0.0031616322387795597,0.003654499446772692,-25.692855209064874,136.8721017630645,508.8176562691276,6885.671648618405,0.0009090238771306334,53.01471929869023,356.58019569999107,262.7513899981479,64.38325753439923
15 Jul 2026 17:42:00.000000000,5885.8593755334205,-2366.9950374845243,-2670.999684600129,3.9348763940411366,3.772437252363348,5.312177819836942,-0.007198633175316403,0.0028916624471652633,0.003271460378018088,-22.82225997507001,139.36743360665233,508.389695735535,6886.386495959472,0.0009156424803876633,53.016954421916594,356.57851475459955,269.8762968758657,61.06083857782059
15 Jul 2026 17:43:00.000000000,6108.829466562671,-2135.6077799783143,-2346.611475527151,3.494744368619823,3.9376557074867518,5.496804759139818,-0.007471586985315171,0.002608872314862418,0.002873863641687578,-19.905319563082656,141.74931295117494,508.0157282585309,6887.0437874408135,0.0009158290384884691,53.01901017747377,356.5771921717174,276.8048866487503,57.9343073728355
15 Jul 2026 17:44:00.000000000,6304.919476831471,-1894.8234029191817,-2011.8690685675954,3.0392023105869974,4.085559004222494,5.657189489880482,-0.007711555977463722,0.002314510600194805,0.0024634729678244573,-16.949943123169273,144.03599212227314,507.7057024203675,6887.631947569232,0.0009088034532356192,53.020850291752645,356.5761950284517,283.5362389441404,55.004599354818495
15 Jul 2026 17:45:00.000000000,6473.26483939527,-1645.700890031258,-1668.2489656237872,2.57026240112084,4.21549108834811,5.792617989310426,-0.007917444148366886,0.002009882686891094,0.0020421158410529757,-13.963233529874044,146.24431116780391,507.4684220356452,6888.140621610732,0.0008938454603052802,53.022442297802016,356.5754846902504,290.07182684799346,52.27026014110726
15 Jul 2026 17:46:00.000000000,6613.123602272826,-1389.3362082603744,-1317.2671861718911,2.0899980328390297,4.326875749417531,5.902487551114682,-0.008088310761582224,0.001696344425668832,0.0016116747326817065,-10.951649821228877,148.3899071667368,507.31137226530365,6888.560858979482,0.0008703296419707047,53.0237581039068,356.57501749357084,296.41432821422865,49.72863392108842
15 Jul 2026 17:47:00.000000000,6723.879817821776,-1126.8574299142226,-960.4724944453703,1.6005343161207564,4.419219455724958,5.986309812504762,-0.008223376211329129,0.0013752955163276843,0.0011740777913239453,-7.921149491885753,150.48743297457784,507.24056931849026,6888.88527166932,0.000837755410170208,53.02477448477962,356.574745516315,302.5663425000929,47.377146277674726
15 Jul 2026 17:48:00.000000000,6805.046352429634,-859.4196968751472,-599.4394621801176,1.1040382621680673,4.492113779933369,6.043713208707173,-0.008322026902995812,0.0010481724845748399,0.0007312890724905708,-4.8773142880403855,152.55077663203306,507.26043678233566,6889.1081648284235,0.0007957716542216557,53.02547348684866,356.5746174223553,308.52888969582693,45.214804877771556
15 Jul 2026 17:49:00.000000000,6856.267098987295,-588.2000521471235,-235.76140205680358,0.6027087043616477,4.5452373929382155,6.0744448299034675,-0.008383819064819551,0.0007164413188466702,0.0002852984010068946,-1.82546324136999,154.59327749695703,507.3737111134111,6889.22563709014,0.0007441960736914309,53.025842740646304,356.5745793652765,314.2993999266858,43.24420946011416
15 Jul 2026 17:50:00.000000000,6877.318578445301,-314.39216522917155,128.95679171697307,0.09876602401735478,4.57835760772289,6.078371661620498,-0.008408481428085946,0.00038158984185500617,-0.0001618890293473127,1.2292433937765965,156.62793818632176,507.58137825017377,6889.235648834323,0.0006830294894302816,53.025875674944025,356.57457593537237,319.86856292937944,41.47470192528676
15 Jul 2026 17:51:00.000000000,6868.110920825497,-39.200978749043934,493.105858311448,-0.40555824997476225,4.591331459633611,6.055481196053501,-0.008395916725850536,4.51198973284054e-05,-0.0006082632077751513,4.281705753647589,158.66763321972806,507.8826426787312,6889.138057154564,0.0006124657718138237,53.0255716290063,356.5745511332949,325.2146044465786,39.92808949151647
15 Jul 2026 17:52:00.000000000,6828.688220290091,236.16269553419028,855.0794027525523,-0.9080318960241166,4.584106314518819,6.005881408650374,-0.00834620198836377,-0.0002914605617083165,-0.0010518198935507166,7.3267880795671,160.7253162171622,508.27492962005886,6888.934616931743,0.0005328987554120653,53.0249358611242,356.5744493532375,330.2913933044619,38.650537158666786
15 Jul 2026 17:53:00.000000000,6759.228263187798,510.4876029076093,1213.281107938675,-1.4064324368698757,4.556720001410189,5.929800101302643,-0.008259587635229994,-0.0006266453952540726,-0.001490571121260904,10.359221127502341,162.81422783516834,508.7539203252114,6888.628948051966,0.0004449296546988287,53.0239794534023,356.5742163584699,335.0000422160893,37.740966445155955
15 Jul 2026 17:54:00.000000000,6660.041632314018,782.5674655673786,1566.1318884542004,-1.8985574870225186,4.509300471713369,5.827583620477038,-0.008136495382682745,-0.0009589381212562121,-0.001922555508745949,13.373499844678996,164.94810640434417,509.3136197839922,6888.226469440395,0.000349386500827008,53.022719114582436,356.573800232156,339.1082836815216,37.43167903433194
15 Jul 2026 17:55:00.000000000,6531.570194863236,1051.2063679539544,1912.0769491388508,-2.3822349408449126,4.442064992079146,5.699694965384778,-0.007977515014012487,-0.0012868595981304237,-0.002345848258435824,16.363772805601666,167.14140240836352,509.94645549221843,6887.734301200419,0.00024740704529778267,53.021176884461354,356.5731522868734,341.9557438955153,38.38308242674237
15 Jul 2026 17:56:00.000000000,6374.384985635854,1315.2240799282638,2249.5927124636883,-2.8553329347610443,4.355318883090932,5.546711307633684,-0.0077834000746238256,-0.0016089554648414063,-0.0027585707503652726,19.32371979058741,169.40949633950203,510.6434053005875,6887.161136733378,0.00014095957521924004,53.01937974516704,356.572227916983,340.778085249402,43.35954701866091
15 Jul 2026 17:57:00.000000000,6189.183500916357,1573.461291028962,2577.193580217174,-3.3157695215192904,4.24945382049402,5.369320949567119,-0.007555062577802518,-0.0019238032662200427,-0.003158899637451681,22.246413808643073,171.7689167406519,511.39415180105874,6886.5170872583985,4.26876635744444e-05,53.01735914617139,356.57098737902265,303.85973283358953,84.07667920699032
15 Jul 2026 17:58:00.000000000,5976.786421998458,1824.784730182546,2893.438496778749,-3.7615219999006224,4.124945719780561,5.168319753510869,-0.007293566816870706,-0.002230019199871908,-0.0035450753656592997,25.1241639173831,174.23755086759041,512.1872602082598,6885.813501641014,9.923662612742021e-05,53.015150451406726,356.56939648658,206.6561206898042,185.07907477745695
15 Jul 2026 17:59:00.000000000,5738.133790542554,2068.0921465920887,3196.9372833052844,-4.190635849560399,3.982352228429637,4.944607078300169,-0.007000122396183613,-0.0025262644323072766,-0.003915410058064069,27.948335553993413,176.83483360749932,513.0103762748824,6885.062764866237,0.00021330627689593188,53.01279231819653,356.56742720758837,200.18171365508823,195.35229673948325
15 Jul 2026 18:00:00.000000000,5474.280660765745,2302.317129075318,3486.3567144257468,-4.6012332276187555,3.8223098528994583,4.699181262650403,-0.006676076601201562,-0.0028112509441696383,-0.004268294718580297,30.709146056446656,179.58189003390143,513.8504404486039,6884.278078847459,0.00033004858955813424,53.01032601888305,356.5650581536914,201.65957161392404,197.6733107960538
15 Jul 2026 18:01:00.000000000,5186.3922558521435,2526.4337428160134,3760.4263114728365,-4.991520990937071,3.6455307495187643,4.433134697107644,-0.00632290623062949,-0.0030837468767602127,-0.004602205727721141,33.3954350872277,-177.4984079951685,514.6939142378901,6883.473229542574,0.00044587822026306563,53.007794717017354,356.5622749532432,204.88088579693112,198.2509488140346
15 Jul 2026 18:02:00.000000000,4875.738657914105,2739.4609642806636,4017.9438288193173,-5.3597982154907315,3.4527992097028406,4.14764852744532,-0.005942209013810673,-0.0033425813645198347,-0.004915710619370631,35.99441347114906,-174.38153173411754,515.5270146061599,6882.662344550924,0.0005588257926942483,53.005242710753976,356.559070501502,208.72885806649927,198.20202935768944
15 Jul 2026 18:03:00.000000000,4543.689062372031,2940.4668968710916,4257.780412435226,-5.704463191586654,3.2449678704474167,3.8439870325176035,-0.005535694737233681,-0.003586648852653573,-0.005207473146836348,38.49140050520525,-171.04162002255228,516.3359521548452,6881.859645484697,0.0006671663990629365,53.00271465665102,356.5554450837066,212.85238446105515,197.87767401549078
15 Jul 2026 18:04:00.000000000,4191.705628575339,3128.5727518104486,4478.885412428411,-6.024019880854651,3.0229536807393407,3.523491718622019,-0.0051051761899018454,-0.003814912908426893,-0.005476257657897867,40.869570327068075,-167.45215918359756,517.107168882545,6881.079199452343,0.0007692711524227418,53.00025478740562,356.5514063689831,217.10666473522977,197.4226977851521
15 Jul 2026 18:05:00.000000000,3821.3369593542375,3302.956580432343,4680.290833652297,-6.317083827210932,2.7877336537238415,3.187575170874749,-0.004652560034482359,-0.004026409549097921,-0.005720932817601582,43.10974368037025,-163.58717130455076,517.827571409963,6880.334673956331,0.0008635935256450319,52.99790613715357,356.54696927519075,221.4211046149988,196.9077067966248
15 Jul 2026 18:06:00.000000000,3434.2112422533487,3462.8567459388905,4861.115411006333,-6.582387520026104,2.5403404327778274,2.8377146993990725,-0.004179837688835922,-0.004220250114603335,-0.005940474722640241,45.190282963842634,-159.42308095281325,518.4847557329341,6879.63909940098,0.0009486830537828914,52.99570978782297,356.54215570712586,225.75682368147133,196.37159045997208
15 Jul 2026 18:07:00.000000000,3032.0290853209717,3607.575124216858,5020.56829812225,-6.818785212420252,2.281857697682333,2.47544581515697,-0.003689076294097397,-0.004395623724755044,-0.006133969466195167,47.08717424819575,-154.94140522980405,519.0672197964764,6879.004643231767,0.0010232059120234335,52.99370414966378,356.53699417264727,230.09001826721246,195.83815865203982
15 Jul 2026 18:08:00.000000000,2616.556079971047,3736.4800248396646,5157.952360172214,-7.025257201533472,2.0134154346005135,2.1023555666415223,-0.0031824098227321313,-0.004551799363435475,-0.006300615213946114,48.77440399724875,-150.13230316601633,519.5645604630294,6878.442399491035,0.0010859667135619004,52.99192428848046,356.53151928342317,234.4044404276411,195.3236628770174
15 Jul 2026 18:09:00.000000000,2189.615122941031,3849.008824717919,5272.667063298553,-7.200913580366872,1.7361850908603875,1.7200757648251925,-0.0026620303633233706,-0.004688127636389763,-0.006439723856226865,50.22474742584292,-144.99878218751886,519.9676517681262,6877.962197283895,0.0011359294609903413,52.99040131128476,356.52577114898713,238.6875527001706,194.8406416849364
15 Jul 2026 18:10:00.000000000,1753.0785287820001,3944.6703080254492,5364.210954690354,-7.344997472399772,1.451374632736429,1.3302761198942878,-0.0021301796000287396,-0.004804042250590199,-0.00655072230171232,51.41105891745063,-139.56097532926623,520.2688017070358,6877.572431307325,0.0011722367001163357,52.98916182107522,356.51979467464355,242.92828996909753,194.40015902562482
15 Jul 2026 18:11:00.000000000,1308.8599635002581,4023.0467070660757,5432.183728667675,-7.456887760752192,1.1602235215279684,0.9346573093954927,-0.0015891404858086138,-0.004899061261115696,-0.006633153473842717,52.30807014352532,-133.85944557467528,520.4618851701521,6877.279917213705,0.0011942263689844125,52.988227450254236,356.51363877544327,247.11552655236684,194.01333741785015
15 Jul 2026 18:12:00.000000000,858.906229437708,4083.7954395413417,5476.2878751661265,-7.536101323046859,0.8639976206774262,0.5349439940561255,-0.0010412290917779653,-0.004972788127464194,-0.006686677064527905,52.89455121307921,-127.95615881019124,520.542451034644,6877.089774162268,0.0012014460797305122,52.987614480833635,356.50735551989146,251.2367873579736,193.69264707963663
15 Jul 2026 18:13:00.000000000,405.1889306958136,4126.650538410641,5496.3299079344915,-7.5822947816958175,0.5639840441941887,0.13287779434729421,-0.000488786600760534,-0.005024912615402003,-0.006711070090803348,53.155506451232014,-121.93191708792638,520.5078018217271,6877.005336465079,0.0011936647731875815,52.98733355808007,356.50099921827,255.27690258779816,193.45325153647522
15 Jul 2026 18:14:00.000000000,-50.30395203771043,4151.423771073622,5492.221170443599,-7.595265777001347,0.2614859547097724,-0.2697897615387924,6.582859871282864e-05,-0.005055211576838219,-0.006706227294253204,53.08394101929468,-115.87988209333534,520.3570447379517,6877.028095764798,0.0011708819231412754,52.98738950263384,356.4946254714641,259.2163299313037,193.31468575836948
15 Jul 2026 18:15:00.000000000,-505.5765487966542,4158.005445065825,5463.978218089506,-7.5749537675377105,-0.042182682023992675,-0.6713043094184004,0.0006202487722749782,-0.005063549623215661,-0.006672161399550061,52.68174663498298,-109.89616916801295,520.0911133325944,6877.1576746942865,0.0011333348147859437,52.98778122443107,356.4882901968378,263.02879115853693,193.30321990963773
15 Jul 2026 18:16:00.000000000,-958.6336214753027,4146.364897838277,5411.722775764529,-7.521440358913516,-0.34570238030426914,-1.0699157326303463,0.0011721047108692391,-0.005049879706176631,-0.006609003245795556,51.95945651504247,-104.06970094568986,519.7127594201351,6877.391832469319,0.0010815050068550844,52.98850173999431,356.4820486481361,266.67766454590094,193.45546727105148
15 Jul 2026 18:17:00.000000000,-1407.4890904651804,4116.5506685366145,5335.681270328753,-7.4349491584437395,-0.6477534497446193,-1.4638852495480728,0.0017190336736736238,-0.005014243604677512,-0.0065170017846038816,50.934940316961956,-98.47383699490706,519.2265153356532,6877.726502361203,0.001016126172399506,52.98953829286275,356.47595444650915,270.110140706927,193.82422875512268
15 Jul 2026 18:18:00.000000000,-1850.174538203046,4068.6903500372155,5236.183937989018,-7.315845149708443,-0.9470213367505321,-1.85149249658162,0.0022586874601643538,-0.00495677230674262,-0.006396523924445348,49.6313959718304,-93.16152482565951,518.6386270103123,6878.155860489178,0.0009381977018539731,52.99087257514086,356.47005863959265,273.2472424717958,194.48847336389952
15 Jul 2026 18:19:00.000000000,-2284.7476605728325,4002.9901198794264,5113.663507137859,-7.164633577678245,-1.2422019853508661,-2.2310425966095333,0.0027887406637156,-0.004877686267263697,-0.006248054192072046,48.07511817726061,-88.16434889862538,517.9569587741767,6878.672424871799,0.0008490132252631078,52.99248104638323,356.46440880508385,275.9658375245437,195.57132587357953
15 Jul 2026 18:20:00.000000000,-2709.3006364650314,3919.733949186817,4968.6534578654855,-6.981958332260881,-1.5320072089896632,-2.600873200479305,0.003306899146797645,-0.004777295506550839,-0.006072194160587749,46.2934624214283,-83.49466612886,517.1908712114378,6879.267183184518,0.0007502244990848884,52.99433534433396,356.4590482145328,278.0642394047711,197.27446613274213
15 Jul 2026 18:21:00.000000000,-3121.9683849837975,3819.282489235879,4801.785860183669,-6.768599815980105,-1.8151700627798544,-2.9593614862347444,0.0038109087690648075,-0.004655999516495195,-0.005869661597294694,44.31325506596926,-79.14947862077676,516.3510738077217,6879.929747195403,0.0006439902308849395,52.9964027804315,356.4540150720109,279.19193507961944,199.9484017623961
15 Jul 2026 18:22:00.000000000,-3520.9366788969933,3702.0716360312513,4613.788794019958,-6.525472280205057,-2.090450203183475,-3.304931097230748,0.004298564379624938,-0.004514286923753311,-0.0056412892628886855,42.1597232599514,-75.11478185983835,515.4494545363002,6880.648531398713,0.0005333418682072486,52.99864691150183,356.4493418410619,278.6958188702874,204.24623446813277
15 Jul 2026 18:23:00.000000000,-3904.4500819625437,3568.6107741124833,4405.48335528987,-6.253620614059467,-2.3566392191828855,-3.6360589964041288,0.004767719070739408,-0.004352734862385826,-0.005388023298769834,39.85589488933393,-71.36953791861646,514.4988889251961,6881.410952941736,0.0004231517161577355,53.001028177719405,356.445054671814,275.2671193062997,211.47673338631014
15 Jul 2026 18:24:00.000000000,-4270.819676829597,3419.4807018627735,4177.780253844203,-5.954216570951695,-2.612565915890072,-3.9512822098826987,0.005216293668836426,-0.00417200800146296,-0.005110921131959147,37.42236103461682,-67.8888667304771,513.5130315245758,6882.20364955434,0.0003228549795895515,53.00350459574159,356.44117293840117,266.20122872768997,224.34450563998536
15 Jul 2026 18:25:00.000000000,-4618.430549357661,3255.331241826676,3931.6760108279905,-5.62855441964335,-2.8571015283316883,-4.249204429007289,0.00564228641969302,-0.003972857174257912,-0.004811148830071482,34.877284963218024,-64.64637264717312,512.5060930454464,6883.012711847122,0.00025306835034755485,53.00603249493796,356.4377088949166,247.16607902256354,247.1816207138002
15 Jul 2026 18:26:00.000000000,-4945.748994499965,3076.87854096841,3668.248764971211,-5.27804600992583,-3.0891648399984155,-4.528502435910569,0.0060437828068246385,-0.003756117558956439,-0.004489977844968434,32.23655930631224,-61.61570192614104,511.49260675793454,6883.823926052995,0.00024631904876739225,53.008567283860735,356.4346674561035,219.8679726311865,278.2817795141883
15 Jul 2026 18:27:00.000000000,-5251.3294084235795,2884.902067415634,3388.6536995390275,-4.904215247267378,-3.307727177791808,-4.787932314236311,0.006418965419597541,-0.0035227063621136715,-0.004148781087350076,29.514038982627856,-58.771494283124795,510.4871880109384,6884.623023054797,0.000307140073378051,53.01106423354727,356.432046106771,198.7702708308788,303.1816260990602
15 Jul 2026 18:28:00.000000000,-5533.820831356604,2680.241312011044,3094.118104077711,-4.508691976145632,-3.5118172523946467,-5.026335403568897,0.006766123777334151,-0.003273619967778495,-0.003789028290937698,26.721801823735692,-56.08989453011271,509.5042909535854,6885.395929374995,0.000404053490713545,53.01347926392604,356.42983494171193,188.26547637192763,317.4886650060878
15 Jul 2026 18:29:00.000000000,-5791.973105824895,2463.792204918805,2785.936087653179,-4.093205278060691,-3.7005258109557007,-5.242643953850228,0.007083663994387682,-0.003009930518953563,-0.0034122806320015017,23.870407956819456,-53.548764348456466,508.55796669344744,6886.12901571072,0.0005136189884694521,53.01576971951454,356.42801683556274,184.12829395310456,325.4282006913438
15 Jul 2026 18:30:00.000000000,-6024.64261551164,2236.503259562163,2465.46296295676,-3.6595761972680325,-3.8730100674429147,-5.435886434618261,0.007370118164574033,-0.0027327819124671675,-0.0030201845894384234,20.969142399548012,-51.1277007011327,507.6616272056052,6886.809338580577,0.0006250391273717458,53.01789512075833,356.42656773983714,183.3033081538992,330.0556594624225
15 Jul 2026 18:31:00.000000000,-6230.797570983919,1999.371458282091,2134.109323380938,-3.209709914879742,-4.0284978751641525,-5.605192453432699,0.007624153335207683,-0.0024433851995128548,-0.0026144650464795843,18.02623399664473,-48.80793645822855,506.8278193033853,6887.42487071681,0.0007329540692644692,53.019817877761156,356.4254571020485,184.2970675942792,332.8645051374215
15 Jul 2026 18:32:00.000000000,-6409.522810012648,1753.437896238743,1793.3348378907474,-2.7455873999179037,-4.166291605875609,-5.749797238430392,0.007844579936809197,-0.0021430133970689207,-0.0021969176525096844,15.049049069552517,-46.57217406472213,506.068012887777,6887.96471598633,0.0008341651773510625,53.021503953789995,356.4246483997279,186.37334197565482,334.5909817791944
15 Jul 2026 18:33:00.000000000,-6560.024082169284,1499.7832022000193,1444.6417911698793,-2.2692565739314237,-4.285771700625369,-5.869045641618535,0.008030359535574974,-0.0018329957293885758,-0.0017694004819894902,12.044261098153868,-44.4043848080956,505.39240750458276,6888.4193048594125,0.0009264689517330418,53.02292346679862,356.4240997800645,189.14299417670156,335.6242413351507
15 Jul 2026 18:34:00.000000000,-6681.631789819438,1239.5227569068568,1089.5683990393454,-1.7828230336395652,-4.386399859044775,-5.962395622269125,0.008180611778232824,-0.0015147113321436444,-0.0013338250450810798,9.017999264486104,-42.28959343842349,504.8097609548781,6888.78056676251,0.0010082214168747549,53.024051218281606,356.42376479407056,192.38556568189753,336.1847579094486
15 Jul 2026 18:35:00.000000000,-6773.804160523789,973.8017316467165,729.6819314672846,-1.2884403835028209,-4.467721836179508,-6.029421173586494,0.00829462041533723,-0.0011895824669494563,-0.0008921467232096827,5.975979353696071,-40.21365925190549,504.32724332725394,6889.042076048223,0.0010781617135792046,53.0248671400321,356.423593212405,195.9687101057723,336.4048939099753
15 Jul 2026 18:36:00.000000000,-6836.129829178325,703.789971422439,366.5716775474257,-0.7883002368739049,-4.529369819119608,-6.069814660604743,0.00837183829272044,-0.000859067303933545,-0.00044635471565824424,2.9236207108933434,-38.16305909229991,503.9503193556595,6889.199168784418,0.001135335560404362,53.025356650808206,356.42353190860814,199.8092843725283,336.36780851647626
15 Jul 2026 18:37:00.000000000,-6868.329811918161,430.67674867227583,1.8417885764319872,-0.2846219502623292,-4.571064359554527,-6.083388542918556,0.008411891223140648,-0.0005246523429620194,1.5384014794051978e-06,-0.1338470673120147,-36.124674131019816,503.6826614634206,6889.249028096397,0.0011790598092425312,53.025510916490575,356.42352579418883,203.85328333925315,336.12752268809055
15 Jul 2026 18:38:00.000000000,-6870.258857827524,155.6654147899275,-362.89596325243264,0.22035783998408323,-4.592615842867362,-6.070076462219267,0.008414580671960289,-0.00018784455298250706,0.000449507392679183,-3.1912841284653912,-34.085580092577985,503.5260952453412,6889.190736381711,0.0012089042627200762,53.02532700900982,356.4235187891444,208.06488221558536,335.71987636432056
15 Jul 2026 18:39:00.000000000,-6841.90616876093,-120.03202227779936,-726.0294720278563,0.724395805739546,-4.593925479357363,-6.0299336815231195,0.008379885202994557,0.00014983668475007064,0.0008955252381959188,-6.243543568705677,-32.032839354969305,503.48057848112023,6889.025293342041,0.0012246802444239955,53.02480796110748,356.42345481076273,212.42016221693785,335.16880242946826
15 Jul 2026 18:40:00.000000000,-6783.395482017469,-395.2003653749816,-1085.9535920883113,1.225252564898618,-4.574985808514026,-5.963136870251671,0.008307960667247379,0.0004868677379467337,0.0013375740438188938,-9.285374422958323,-29.953292808674465,503.5442140828434,6888.755599428616,0.0012264309644375534,53.023962715836184,356.42327876326124,216.9033846525577,334.49005224651734
15 Jul 2026 18:41:00.000000000,-6694.98451513388,-668.6267110525445,-1441.0773995665795,1.7207032931756692,-4.5358807128041105,-5.8699832367491,0.008199139128260962,0.000821728896130871,0.0017736558610499662,-12.311321010602533,-27.83334938217275,503.7132966767226,6888.386404960572,0.0012144212339660944,53.02280597157173,356.4229375106991,221.50472909335602,333.69345712280443
15 Jul 2026 18:42:00.000000000,-6577.063776588566,-939.1059186486694,-1789.8313826041401,2.2085482348970022,-4.476784943017485,-5.750889017189404,0.008053926555536738,0.001152912462599093,0.002201803297373352,-15.315615137171509,-25.658771743420207,503.9823918241181,6887.924225834735,0.001189125311928774,53.021357925166434,356.4223808159631,226.21892340048265,332.78429793361124
15 Jul 2026 18:43:00.000000000,-6430.154750649894,-1205.446036405653,-2130.6745220761372,2.686623039928224,-4.397963162690357,-5.606387336927123,0.007872999326578221,0.0014789306759674006,0.0026200898008290263,-18.292057542029504,-23.414458002399492,504.34444621990696,6887.377227385228,0.0011512123173009728,53.0196439176897,356.4215622291029,231.04445999917414,331.76408852604385
15 Jul 2026 18:44:00.000000000,-6254.907468877082,-1466.4736561112095,-2462.1012258163187,3.1528088573767383,-4.299768524327574,-5.437125466984524,0.007657199610444598,0.0017983233776261395,0.003026639513450451,-21.233884876243735,-21.084221554835217,504.79092658520636,6886.755078557712,0.0011015290160225739,53.01769398894074,356.42043990926214,235.98324478658012,330.63092652095116
15 Jul 2026 18:45:00.000000000,-6052.097484814011,-1721.0391686523046,-2782.6480808666192,3.605042121419868,-4.1826407949427535,-5.243861504362842,0.007407529720846452,0.002109665349698486,0.0034196366004232473,-24.133618481134025,-18.650574989605637,505.3119844128302,6886.068779121105,0.001041080028641489,53.01554234855183,356.4189773655003,241.0406272933334,329.3794628990842
15 Jul 2026 18:46:00.000000000,-5822.622272132446,-1968.0218940678437,-3090.9003901466062,4.041323970386105,-4.047104052684042,-5.02746051006116,0.007125145541993353,0.002411573257762466,0.0037973339757635376,-26.982891467677096,-16.09452992889218,505.89664324170366,6885.330463139696,0.0009710056738681014,53.01322677299731,356.417144103357,246.22585318052703,328.00044929517577
15 Jul 2026 18:47:00.000000000,-5567.497069829952,-2206.33506109547,-3385.4984620960618,4.459729246824876,-3.8937639799253496,-4.788890142956928,0.006811349141915601,0.002702712143712045,0.004158061360969566,-29.772251323111824,-13.3954337439868,506.53300474031585,6884.553182357698,0.0008925578051599168,53.010787939155186,356.4149161655638,251.55310167246145,326.4797004042098
15 Jul 2026 18:48:00.000000000,-5287.8502010217535,-2434.930612828045,-3665.143624228407,4.858415033534396,-3.723304781083086,-4.52921583096064,0.006467580700602778,0.0029818014280235706,0.0045002326325549215,-32.49093690002087,-10.530877511166539,507.20846957641703,6883.750673500897,0.0008070741505575644,53.00826870621196,356.4122765572384,257.0434846407208,324.7960947881074
15 Jul 2026 18:49:00.000000000,-4984.917894348535,-2652.8038168654707,-3928.603934091495,5.235628688127924,-3.5364857555149145,-4.249595523043724,0.006095409878644997,0.0032476203924080935,0.00482235242994073,-35.12663179848463,-7.476728667931274,507.9099688433134,6882.937113769238,0.0007159518921872681,53.005713358635,356.4092155479515,262.7288336267913,322.9177877985708
15 Jul 2026 18:50:00.000000000,-4660.038639055922,-2858.997660204481,-4174.71956378432,5.589715346424789,-3.334137557161556,-3.951274066854765,0.005696526757225094,0.0034990131291473643,0.005123022015744619,-37.665201733736666,-4.207367565494334,508.624201701915,6882.126868976496,0.000620621670009424,53.003166823642815,356.4057308451851,268.6591644293702,320.7947469918654
15 Jul 2026 18:51:00.000000000,-4314.647106335608,-3052.607011057502,-4402.407836893404,5.9191248725668375,-3.117158173065166,-3.635577256677654,0.005272732469857565,0.003734892953872884,0.0054009443937646185,-40.09043267461215,-0.6962389992559499,509.3378748786787,6881.334238888123,0.0005225243026068438,53.00067387706888,356.40182763611097,274.9185236020812,318.3429056910394
15 Jul 2026 18:52:00.000000000,-3950.267670707258,-3232.782531664983,-4610.66789933773,6.222418240879686,-2.8865086526887707,-3.303905595623745,0.004825929644956844,0.003954246294064242,0.005654928710518383,-42.38380065537419,3.083136249552121,510.0379397263734,6880.573204317196,0.0004230958019705292,52.99827835173125,356.39751849682864,281.66243084349725,315.40672071310803
15 Jul 2026 18:53:00.000000000,-3568.5075657864886,-3398.734328143736,-4798.58500829608,6.498273341234268,-2.643208618911897,-2.95772781403155,0.0043581127602654755,0.004156136073307154,0.005883893975037823,-44.52432413399552,7.15552005113487,510.71182269962827,6879.857180462424,0.0003237780703891876,52.99602236238191,356.39282317069734,289.2207665640577,311.6562849764544
15 Jul 2026 18:54:00.000000000,-3171.0497092488613,-3549.7353251312506,-4965.33442575343,6.745490205316146,-2.3883315901118753,-2.598574183623573,0.0038713584994523893,0.004339704622448774,0.0060868721457169915,-46.488574947763034,11.54152332300103,511.347645310025,6879.198780818388,0.00022612771516414775,52.993945561019046,356.3877682195991,298.451338191207,306.2337614243567
15 Jul 2026 18:55:00.000000000,-2759.645231691602,-3685.124354761237,-5110.184905566253,6.962995656182002,-2.1230001406028456,-2.2280296637478836,0.0033678161833900085,0.004504176155845413,0.006263010640905295,-48.250949991998006,16.254295195596367,511.9344298970575,6878.609595760428,0.000132482383952263,52.992084435806035,356.38238655441893,312.4937786108881,295.99948486385836
15 Jul 2026 18:56:00.000000000,-2336.1057438657695,-3804.308951038512,-5232.501765010741,7.14984738724374,-1.848380924315739,-1.8477269125157305,0.0028496983296091255,0.004648858854924185,0.006411574333914855,-49.78432196244416,21.295444936910997,512.4622878702081,6878.099989612706,5.357417192655652e-05,52.990471666063094,356.3767168529967,353.3584045623857,258.94310389904064
15 Jul 2026 18:57:00.000000000,-1902.295376285134,-3906.767842104096,-5331.749533644137,7.305237479517449,-1.5656795839366526,-1.459339191895165,0.0023192713753736904,0.004773146604646063,0.006531947096119746,-51.06117492905373,26.6506511441054,512.9225874345773,6877.678919654739,7.215964806852202e-05,52.9891355447947,356.3708028759674,89.2383322099218,166.8714657304086
15 Jul 2026 18:58:00.000000000,-1460.1226245512958,-3992.053134142671,-5407.494173961601,7.428495367556869,-1.2761355649441193,-1.0645731919683001,0.001778846580980867,0.004876520428498722,0.0066236329503791295,-52.05526539335768,32.28586969831329,513.3080981990053,6877.353780118836,0.00014906701379473552,52.98809947900775,356.36469269260937,115.66507126349333,144.2530224429099
15 Jul 2026 18:59:00.000000000,-1011.5320332591101,-4059.79218172982,-5459.40486969258,7.519090264890709,-0.9810168514132173,-0.6651617961139975,0.0012307711123276462,0.0049585496653796616,0.00668625689258761,-52.74371684149748,38.14545106467356,513.6131104725532,6877.1302737827955,0.00022655346332163347,52.98738157668269,356.3584378305494,128.20049705712776,135.5258593670523
15 Jul 2026 19:00:00.000000000,-558.4957504179358,-4109.689140409546,-5487.255378842202,7.576633059339137,-0.6816146377988841,-0.26285680535142814,0.000677419285637667,0.0050188929280644435,0.006719565432905829,-53.10927316082075,44.15351066172279,513.8335274779265,6877.012313281298,0.00029982688205051493,52.98699432770788,356.35209236440664,137.772405575212,129.76214051700745
15 Jul 2026 19:01:00.000000000,-103.00498397406203,-4141.526198021919,-5490.924949527814,7.600877687061325,-0.379237948895846,0.14057836247333544,0.00012118394356340926,0.005057298874522642,0.0067234268958743645,-53.14227199228987,50.21927063776544,513.9669291417924,6877.00195375011,0.0003680185494025047,52.98694438440671,356.3457119596098,146.361137909936,124.98148461455973
15 Jul 2026 19:02:00.000000000,352.93860859185673,-4155.164482003634,-5470.398797548304,7.59172199208664,-0.07520821834760236,0.543375985237898,-0.00043553207761059853,0.005073606818761227,0.0066978315116110205,-52.84185539268271,56.24583111684408,514.0126065593099,6877.099357888293,0.00043096668059958826,52.987232445504176,356.3393528883961,154.57537461706306,120.57517122441904
15 Jul 2026 19:03:00.000000000,807.3315669147253,-4150.544640454669,-5425.768145357891,7.549208075390271,0.2291461651301238,0.9437713487963578,-0.0009903244378989579,0.005067747195382482,0.006642891312991405,-52.21608218014797,62.14046694098527,513.9715666703561,6877.302793982727,0.0004888023461770576,52.98785324553307,356.3330710354819,162.65755655528272,116.30072040786101
15 Jul 2026 19:04:00.000000000,1258.1772801181075,-4127.687095288723,-5357.229822798235,7.473522134589802,0.5324953353016022,1.340010047523934,-0.0015407957917552581,0.005039741885770956,0.006558839844992122,-51.28090928744973,67.82387694362215,513.8465071254092,6877.608666892688,0.0005418309353148234,52.98879564979637,356.3269209110515,170.71605297154264,112.04972512445191
15 Jul 2026 19:05:00.000000000,1703.4946143629193,-4086.6919662875553,-5265.085430611348,7.3649937922728705,0.8335134412907312,1.7303552615586109,-0.002084564344684228,0.004989704398780126,0.006446031672403298,-50.05832843616362,73.23627596493343,513.641761759018,6878.011581447646,0.0005904663015591215,52.99004285312206,356.32095468858444,178.7981230492004,107.77489015730514
15 Jul 2026 19:06:00.000000000,2141.3264847971427,-4027.7386653968706,-5149.740068462429,7.224094908050205,1.1308841467764654,2.113094998146857,-0.0026192725145680377,0.0049178398943693245,0.006304941666470622,-48.57412806070511,78.33950826967781,513.3632175254631,6878.5044371743725,0.0006351747108754433,52.99157267880036,356.3152212845524,186.91800063383883,103.46194783946348
15 Jul 2026 19:07:00.000000000,2569.74834075338,-3951.0851611705234,-5011.700629993741,7.051437866887092,1.4233061253609876,2.4865492827660125,-0.0031425957357470507,0.0048244450252564255,0.006136164033878482,-46.85574038984964,83.11569741874374,513.0182041839969,6879.078552748846,0.0006764199044752827,52.993357972314094,356.30976549626934,195.06972789235633,99.116824818624
15 Jul 2026 19:08:00.000000000,2986.8765325141285,-3857.0669139232523,-4851.573668352198,6.847773334306005,1.7094985402968212,2.8490772832956384,-0.0036522514318195597,0.004709907563893308,0.00594041104218647,-44.93048434050943,87.56371253435809,512.6153584464217,6879.7238180684435,0.0007146095333433817,52.99536708279544,356.3046272131224,203.23424293501216,94.75855482380632
15 Jul 2026 19:09:00.000000000,3390.8765273381873,-3746.0954829225884,-4670.0628367231175,6.613987467859999,1.988206494632991,3.199084347569909,-0.004146008171154696,0.004574705778559099,0.005718511392176136,-42.82432880914458,91.69480732945794,512.1644647146342,6880.428871370215,0.0007500463464757769,52.997564423593104,356.2998407150743,211.38419752719068,90.41446130102163
15 Jul 2026 19:10:00.000000000,3779.970941783173,-3618.6568078587434,-4467.965909682273,6.351098573989274,2.258206435370139,3.5350289313250607,-0.004621694999524465,0.00441940751187647,0.005471408175338277,-40.56115585450094,95.52843298865761,511.6762749356891,6881.181298386341,0.0007828884510450526,52.99991110194269,356.29543407074533,219.48780759342736,86.1163072099867
15 Jul 2026 19:11:00.000000000,4152.447356702515,-3475.3091678956243,-4246.171392675391,6.060253200111168,2.518311492505804,3.855429390002041,-0.005077210930610604,0.00424466891827362,0.005200156360236413,-38.16242567514521,99.08876199312141,511.16231048044136,6881.967850137306,0.0008131225271564637,53.00236560652383,356.2914286456395,227.5121373507023,81.89701114016869
15 Jul 2026 19:12:00.000000000,4506.665880725303,-3316.6808228409473,-4005.65472864618,5.7427216536123,2.7673767310367317,4.158870604284788,-0.0055105345523035676,0.004051232810732098,0.004905919745325865,-35.64712445003375,102.40208753312749,510.63464930267634,6882.77467562294,0.0008405524530345894,53.00488454068072,356.2878387290512,235.42583304561597,77.78791376774768
15 Jul 2026 19:13:00.000000000,4841.066427601181,-3143.4673423731183,-3747.474112764216,5.399892942332811,3.004304291214441,4.444010405815601,-0.005919733693827509,0.0038399265746019385,0.004589967326952211,-33.03188851721574,105.49504056480116,510.1057019495593,6883.587565388351,0.0008648038358208946,53.00742338829582,356.28467128613084,243.2011992266552,73.81670171936747
15 Jul 2026 19:14:00.000000000,5154.175672580398,-2956.4286308303185,-3472.7659283271555,5.033269135120342,3.2280483897502927,4.709585766435006,-0.006302975076137699,0.0036116596050826213,0.004253669031668692,-30.331223639482793,108.39347017048702,509.58798026278,6884.3922017233435,0.0008853429889843841,53.00993729875273,356.28192583928285,250.8155322173527,70.00607417497356
15 Jul 2026 19:15:00.000000000,5444.613653061533,-2756.3856567733255,-3182.7398192117053,4.64445914600959,3.437620152393145,4.954418711702607,-0.006658533855467936,0.00336742023472659,0.0038984907762337553,-27.557763964493414,111.12181536999584,509.09386282310896,6885.174411105114,0.0009015074154438413,53.01238187711377,356.27959448087796,258.25171238549086,66.37315061364002
15 Jul 2026 19:16:00.000000000,5711.099979127585,-2544.2168983764263,-2878.673416677367,4.235171951432769,3.6320922464586465,5.177421917542335,-0.006984802956652195,0.0031082721250413107,0.0035259888302031873,-24.722536395726735,113.70281732794979,508.6353613393208,6885.920414421264,0.0009125440928781528,53.01471396557104,356.2776620168404,265.4981486304593,62.929526280358935
15 Jul 2026 19:17:00.000000000,5952.45962036291,-2320.8545176260304,-2561.906740845317,3.807209256415259,3.8106032806167303,5.377603947747526,-0.007280302082082212,0.0028353501060312198,0.003137803469871573,-21.83521129426688,116.1574542541755,508.2238922568445,6886.617070516391,0.0009176518066423596,53.01689240241334,356.2761062384281,272.5482280620171,59.68182240163151
15 Jul 2026 19:18:00.000000000,6167.628236521584,-2087.2802782981066,-2233.8362997277436,3.362457632775521,3.972361938612282,5.554074089886277,-0.007543686275517293,0.0025498554591197355,0.0027356519285073985,-18.904330473438787,118.50501405961259,507.87005785363147,6887.25210869378,0.0009160242457895978,53.01887874517415,356.27489831722323,279.3994386420983,56.63256338029539
15 Jul 2026 19:19:00.000000000,6355.657021235248,-1844.521224684069,-1895.9089112137642,2.902880159698533,4.116650813691695,5.70604674793852,-0.007773753914644485,0.0022530506505158547,0.0023213206637101042,-15.937509625566667,120.76324686482786,507.58344099511936,6887.8143459756775,0.0009068913139869872,53.02063794528395,356.27400331624585,286.05230831094786,53.78123745130989
15 Jul 2026 19:20:00.000000000,6515.717030004448,-1593.645140017092,-1549.6152758659432,2.430507604464218,4.242829911361224,5.832845351808434,-0.007969454015098272,0.0019462535380405828,0.0018966569830587586,-12.941615862275976,122.9485597855845,507.3724175321893,6888.293885178324,0.0008895568882334657,53.02213896242974,356.2733808080057,292.50925375288597,51.12544764708799
15 Jul 2026 19:21:00.000000000,6647.1029662204055,-1335.7558054390186,-1196.4833306811195,1.9474291883181931,4.350339789749567,5.933905746689423,-0.008129892723474558,0.0016308310832367908,0.0014635600814311926,-9.922922914592524,125.07623083549684,507.243990045632,6888.682290190931,0.0008634319443333976,53.023355307907046,356.2729855885225,298.7733656488155,48.66212622999624
15 Jul 2026 19:22:00.000000000,6749.236401874982,-1071.9880821356026,-838.0714160726325,1.455782989265708,4.438704309246839,6.008779029067113,-0.008254338893647517,0.0013081926161563992,0.0010239715625094223,-6.88724739985517,127.16062859735558,507.2036462696193,6888.972735253664,0.0008280625023304782,53.024265507518976,356.27276847460865,304.84707474710916,46.388868265805556
15 Jul 2026 19:23:00.000000000,6821.66841292179,-803.5028408665659,-475.9612901689684,0.9577460396792411,4.507532966228503,6.057133800858762,-0.008342228652531165,0.000979782710913409,0.0005798655301244446,-3.840069862126901,129.2154307816531,507.25524507079535,6889.160125502453,0.0007831522333117608,53.02485347600595,356.27267717034005,310.7305256598507,44.3055574372033
15 Jul 2026 19:24:00.000000000,6864.081612888035,-531.4817645232192,-111.75102605707772,0.4555241818601493,4.556522789455132,6.078757818687478,-0.008393168872633866,0.0006470737394256828,0.0001332383463199821,-0.7866443095749767,131.25383892975324,507.4009323288752,6889.241186578861,0.0007285798578967062,53.02510879655604,356.2726571874061,316.41927758646665,42.416664901937494
15 Jul 2026 19:25:00.000000000,6876.291572255656,-257.1220504966221,252.95217121646303,-0.048658251116343046,4.585459782085854,6.073559021438347,-0.008406939495619057,0.0003115581806326157,-0.0003139018360381494,2.2679001260370697,133.2887890762092,507.64108847018304,6889.214521679798,0.0006644117406851032,53.0250269006193,356.27265280316107,321.9005068870395,40.73504628029996
15 Jul 2026 19:26:00.000000000,6858.2476152607205,18.36895947636932,616.5391902748366,-0.5525688589525874,4.594219897032541,6.041565925874873,-0.008383494663811,-2.525923246598262e-05,-0.0007595456529824343,5.318461898893275,135.3331596693135,507.9743087638047,6889.0806350323555,0.000590910511787026,53.024609145001676,356.2726080395072,327.14579079350636,39.2891574910628
15 Jul 2026 19:27:00.000000000,6810.032990029025,293.779193748299,977.4062436577595,-1.0539776300723,4.582769538484247,5.982927387023927,-0.008322962647989611,-0.0003618694407336256,-0.0012016931044824533,8.3598706999993,137.39997877931987,508.3974168178908,6888.841921411071,0.0005085415829528997,53.023862785014565,356.2724676455003,332.0954733948038,38.138688307238944
15 Jul 2026 19:28:00.000000000,6731.864412291098,567.8972809617811,1333.9620646972726,-1.550667357633417,4.5511655877000505,5.89791172707002,-0.008225644572179152,-0.0006967669737522978,-0.001638364007815966,11.386788643031952,139.50263276501974,508.9055110295069,6888.502621951975,0.0004179827195837978,53.02280084427158,356.2721780664435,336.6195285461907,37.413698988966544
15 Jul 2026 19:29:00.000000000,6624.090987223385,839.5179675516524,1684.6350334624053,-2.0404439443391977,4.499554956455101,5.786905243436944,-0.008092011967995768,-0.0010284577638682171,-0.0020676082154476084,14.393605535493164,141.6550781552733,509.49204306549507,6888.068747148475,0.00032015510207854855,53.02144188352564,356.27168838256307,340.39908087189735,37.4330988317476
15 Jul 2026 19:30:00.000000000,6487.192518162236,1107.4474944429421,2027.8801950526436,-2.5211465271714673,4.428173676678454,5.650410113380449,-0.007922703209519917,-0.0013554667757326568,-0.0024875154905312272,17.374324691479174,143.87205744068385,510.14892680201297,6887.547968522172,0.0002163685112229342,53.01980967269464,356.2709512008724,342.44637291731266,39.18467858101402
15 Jul 2026 19:31:00.000000000,6321.777214955964,1370.5089055081867,2362.1861347390095,-2.990657356826625,4.337345539694025,5.48904171858446,-0.0077185188982392475,-0.001676345373225279,-0.0028962249420074835,20.322435634310043,146.1693175310632,510.8666755455704,6886.949481035608,0.00010942641497238534,53.017932771902906,356.2699234847198,337.7420521337954,47.68782303677881
15 Jul 2026 19:32:00.000000000,6128.57881848715,1627.5472612856602,2686.0816760193193,-3.4469113714168276,4.227480302936107,5.303525418777539,-0.007480416286999933,-0.0019896783536329874,-0.0032919339336232576,23.230769986262832,148.56382641824396,511.6345648127028,6886.283838839872,3.846805530011471e-05,53.015844028939235,356.26856730658403,255.58248941409497,133.64619213678392
15 Jul 2026 19:33:00.000000000,5908.453161352759,1877.4347326531115,2998.142369525779,-3.8879054097484063,4.099071485938874,5.094692808124924,-0.007209502845634904,-0.002294090588630364,-0.0036729063950806883,26.091336974364854,151.07397848323137,512.4408174734197,6885.562767419948,0.00013325842545784916,53.01358000197629,356.2668505110381,203.51858138333188,189.50891831899716
15 Jul 2026 19:34:00.000000000,5662.3741877737275,2119.0755505690604,3296.9967428585273,-4.311707016023383,3.9526937806900952,4.863477491983789,-0.006907029082882349,-0.0025882532230879214,-0.004037480479716776,28.895135507856686,153.71977104193653,513.2728076737129,6884.798955603424,0.00024887650967680817,53.01118031768218,356.2647472764206,200.9278134979846,195.8985431162097
15 Jul 2026 19:35:00.000000000,5391.429458491651,2351.4107895685624,3581.332283747415,-4.716462794875121,3.789000104031634,4.610910424462541,-0.006574380746682224,-0.0028708893952286763,-0.004384075530473442,31.631941048965487,156.52292301132175,514.1172796518397,6884.005831229139,0.0003656690652217771,53.00868697596582,356.2622385654578,203.0738639765103,197.5514129635056
15 Jul 2026 19:36:00.000000000,5096.815168654554,2573.4229644292327,3849.901131424742,-5.100406283053453,3.608718321614462,4.33811484904277,-0.006213070524504515,-0.0031407794533019843,-0.004711198331087309,34.290068040765085,159.50688970030802,514.9605773543858,6883.197324525849,0.0004808947865074575,53.00614361351169,356.25931245708847,206.4988637334049,197.92541905044155
15 Jul 2026 19:37:00.000000000,4779.830708499748,2784.1404212195016,4101.52545364748,-5.461865311532284,3.412647673973324,4.046300885305273,-0.005824729370594654,-0.0033967656587201235,-0.005017448639749884,36.856113265254656,162.69670454829821,515.7888806409873,6882.387623425073,0.000592678212113146,53.003594738963265,356.25596435375553,210.4229743410547,197.8004191963471
15 Jul 2026 19:38:00.000000000,4441.872798026658,2982.6415057742342,4335.102489368352,-5.799268839086197,3.201654935583814,3.7367598045990422,-0.0054110975772886346,-0.003637756376873666,-0.005301524016567422,39.31469325866084,166.11854899916673,516.5884438374502,6881.590925126813,0.0006993218293627505,53.00108495309571,356.2521970606365,214.57531396669214,197.44731180300997
15 Jul 2026 19:39:00.000000000,4084.429227701542,3168.0584945310266,4549.6092396612785,-6.111153245369121,2.976670337266814,3.410858036242017,-0.004974015699986318,-0.003862729768399392,-0.0055622239708413386,41.648201091275354,169.79891816532964,517.3458324506132,6880.821188252132,0.00079921825420093,52.9986581675685,356.2480207354463,218.83748014753715,196.98451302334234
15 Jul 2026 19:40:00.000000000,3709.072237940663,3339.5812743503993,4744.10679182588,-6.396168077633315,2.7386832812849264,3.070030943989225,-0.0045154154366979235,-0.004070737006099893,-0.0057984534702086536,43.83662554546921,173.7632207661885,518.0481539855554,6880.091889857593,0.0008908473386365675,52.99635683586779,356.24345270978256,223.1493875508397,196.472118998052
15 Jul 2026 19:41:00.000000000,3317.451570113043,3496.4607597652725,4917.744264052179,-6.653081250926523,2.48873787666248,2.7157764096020176,-0.004037310543633269,-0.0042609050489659005,-0.006009225860260436,45.857499059744384,178.0336452962454,518.6832789994838,6879.415791455305,0.0009727923420767597,52.994221209829114,356.2385171851088,227.476858879931,195.94431499928322
15 Jul 2026 19:42:00.000000000,2911.287221811363,3638.012037613417,5069.762360052448,-6.88078370601211,2.227928320155608,2.349648257190044,-0.0035417878552368776,-0.004432439013579744,-0.00619366525405255,47.68606698834025,-177.37382722616888,519.2400487754127,6878.804717986484,0.0010437609081266042,52.99228863468501,356.23324480871946,231.79832330975918,195.42267709533417
15 Jul 2026 19:43:00.000000000,2492.361938725764,3763.6172304846245,5199.496525028821,-7.078293532816244,1.957394145738,1.9732495482786316,-0.0030309984573257537,-0.0045846241870348475,-0.006351008454408129,49.295791610232506,-172.45323529559255,519.7084662934427,6878.269353440093,0.0011026065555031729,52.99059289491331,356.22767213704753,236.09857352594213,194.92241525973083
15 Jul 2026 19:44:00.000000000,2062.513474907427,3872.7280717034228,5306.379696032739,-7.244759569592158,1.6783153627045846,1.5882257736792103,-0.002507149044349006,-0.004716827729309125,-0.006480606475498721,50.65930401472724,-167.21295605140807,520.0798675091462,6877.819056499089,0.0011483490053887948,52.989163622279904,356.2218409956879,240.36545806660342,194.4556812218377
15 Jul 2026 19:45:00.000000000,1623.6266526050194,3964.8681856743506,5389.9446412179095,-7.3794644892325785,1.3919074996945695,1.1962579643941345,-0.001972493471344826,-0.0048285001111366055,-0.006581925726054749,51.749872888920116,-161.67979024053395,520.3470703077286,6877.46169924177,0.0011801925364011239,52.988025776395034,356.2157977472528,244.58787476326054,194.03357525796665
15 Jul 2026 19:46:00.000000000,1177.6252520176656,4039.635068406656,5449.825883748475,-7.481827384376706,1.0994165690631117,0.7990557399416832,-0.0014293244950614407,-0.004919176333680262,-0.006654548915428493,52.54335149078596,-155.90163112096297,520.5044988830208,6877.203531529775,0.0011975419323207246,52.987199206847414,356.2095924797908,248.75432237622937,193.66759482327217
15 Jul 2026 19:47:00.000000000,726.4637608244775,4096.70176377559,5485.761207080407,-7.551405862013512,0.8021139635699264,0.3983503092856682,-0.0008799656811045966,-0.004988476969347825,-0.006698175733034598,53.020396224840226,-149.94734149576743,520.5482816847215,6877.049073286954,0.0012000158156664352,52.98669830456962,356.2032781298883,252.8516078848115,193.37092755755955
15 Jul 2026 19:48:00.000000000,272.1190125705972,4135.818231771375,5497.592739198022,-7.587897656582317,0.5012912949654339,-0.004112563482460267,-0.0003267634413454849,-0.005036109059500776,-0.0067126233457412,53.16857171662978,-143.90283654552707,520.476321482097,6877.001036417005,0.0011874573683189615,52.98653174854615,356.1969095557175,256.8634228013981,193.15987529034678
15 Jul 2026 19:49:00.000000000,-183.41825738466304,4156.8124054839045,5485.267614020444,-7.591141768003614,0.19825518227515337,-0.4065796187174149,0.00022792084620577632,-0.005061866895902276,-0.006697826744879268,52.98386204567217,-137.86342888686715,520.2883365031756,6877.060277632469,0.0011599427016083684,52.986702352324095,356.19054257614863,260.7684972688182,193.05570027907916
15 Jul 2026 19:50:00.000000000,-638.1519099897598,4159.5909340078415,5448.8382087442205,-7.561119127989051,-0.10567800377159384,-0.8072971775904696,0.0007817186905669694,-0.0050656327014171445,-0.006653838958695104,52.47118481838328,-131.92388489897553,519.9858720235111,6877.225782975214,0.0011177875386599546,52.98720701305975,356.1842329926788,264.5379311561095,193.0872944585796
15 Jul 2026 19:51:00.000000000,-1090.0889264166026,4144.139608815931,5388.461956361914,-7.497952794520667,-0.40918743445814637,-1.2045182274786854,0.0013322623729218276,-0.005047377219329453,-0.006580831137521699,51.643760826209665,-126.16861829834465,519.5722821962473,6877.494684307754,0.0010615535664867974,52.988036764055245,356.17803561121144,268.13104147931404,193.29533236816357
15 Jul 2026 19:52:00.000000000,-1537.2479293885115,4110.523471487539,5304.400733054328,-7.401907670799163,-0.7109531493572966,-1.596509508441305,0.001877192923793357,-0.005007160206618687,-0.00647909250011413,50.5215194086078,-120.66438605594496,519.0526823342003,6877.862307548591,0.0009920571392533037,52.98917692994317,356.17200328076194,271.48852206948374,193.7391118272916
15 Jul 2026 19:53:00.000000000,-1977.6676732091275,4058.886601028344,5197.019820646682,-7.273389741466288,-1.0096614090630924,-1.981558591843753,0.0024141682479561226,-0.004945130817132017,-0.0063490301173823776,49.1289601474768,-115.45679355731619,518.4338722745276,6878.322251919399,0.0009103857508719823,52.99060738189234,356.1661859658944,274.52056268561194,194.50843515518093
15 Jul 2026 19:54:00.000000000,-2409.415473247084,3989.4515794167246,5066.78644489847,-7.112944815739709,-1.304010067123276,-2.357980940375187,0.0029408714465155882,-0.004861527851733218,-0.006191168498478686,47.49294813225109,-110.57052701652249,517.7242318758264,6878.866498973855,0.0008179338195891037,52.99230288846357,356.16062986910885,277.08503120732485,195.74542729289158
15 Jul 2026 19:55:00.000000000,-2830.5955449301105,3902.5186344964577,4914.267891107491,-6.921256764472157,-1.5927139521930878,-2.7241269361658444,0.0034550193730986385,-0.004756679839645054,-0.006006148928162994,45.64081116883209,-106.01223765191878,516.9335901146087,6879.485549690843,0.0007164842234380461,52.99423355607502,356.1553766185565,278.9448496309054,197.68716009805905
15 Jul 2026 19:56:00.000000000,-3239.3572214520045,3798.4644599380053,4740.129199396821,-6.6991452362614625,-1.8745102491835943,-3.078388860536653,0.003954371449930714,-0.004631004912834995,-0.005794728502188711,43.598926075142515,-101.77470054471696,516.0730696604244,6880.168587446816,0.000608401674672811,52.996365351465705,356.1504625353688,279.67881827106396,200.75482840400025
15 Jul 2026 19:57:00.000000000,-3633.9030184676935,3677.7407127411752,4545.13044314659,-6.447562836756332,-2.1481638655058672,-3.419207805267808,0.004436738749159899,-0.004485010421887266,-0.005557778791498979,41.391818294388614,-97.84110694483195,515.1549092124561,6880.903664238768,0.0004971199511635911,52.998660697104874,356.1459179934773,278.4819092630588,205.75345674335563
15 Jul 2026 19:58:00.000000000,-4012.49651308806,3540.872189669513,4330.123595363309,-6.167591755361607,-2.4124727655304996,-3.745080491292481,0.00489999333242981,-0.004319292246466781,-0.0052962840733520415,39.041698474154686,-94.18879766960211,514.1922662703566,6881.677907117559,0.00038846898133526115,53.001079129207646,356.1417668832788,273.7040726282771,214.33309346850987
15 Jul 2026 19:59:00.000000000,-4373.470003564407,3388.454685115956,4096.048989349756,-5.860439824731367,-2.6662732532035274,-4.054565966614032,0.00534207781624553,-0.0041345337426730655,-0.005011339055484783,36.56832127477918,-90.79215766454405,513.1990033812433,6882.4777414187165,0.0002944228218640149,53.003578006905336,356.1380261885774,261.99065373771055,229.84839343053753
15 Jul 2026 20:00:00.000000000,-4715.231915242088,3221.1525341861675,3843.9313818637015,-5.5274360007932115,-2.908445179558723,-4.346292151172079,0.00576101511483726,-0.003931504275842871,-0.004704146029297329,33.989054564982574,-87.62466492603026,512.1894612458624,6883.289127052003,0.00024067890855323251,53.0061132602058,356.1347056844537,239.28539609216793,256.3556152947617
15 Jul 2026 20:01:00.000000000,-5036.273917717125,3039.6958462831712,3574.8756290142755,-5.170025254580007,-3.1379170487296175,-4.618962192559938,0.00615491829269668,-0.0037110572888477498,-0.0043760113918357635,31.319069189641866,-84.66022243671091,511.1782223702299,6884.097803839006,0.0002572736003092255,53.008640163675416,356.13180776143184,212.1328990441737,287.3101638658013
15 Jul 2026 20:02:00.000000000,-5335.1777177512395,2844.87743613361,3290.0619874215454,-4.789762871783682,-3.353670993206997,-4.871360593104524,0.006522000438960861,-0.0034741278597061917,-0.004028341483349953,28.57158562959021,-81.87394237626314,510.17986920499493,6884.889541677718,0.0003332309818795662,53.01111412230125,356.129327379253,194.5671777372207,308.67803014520047
15 Jul 2026 20:03:00.000000000,-5610.62149241123,2637.549461037928,2990.7410556313857,-4.388308161623537,-3.554747586580266,-5.1023590660309015,0.00686058446341822,-0.0032217297124542492,-0.0036626377017551157,25.758136668385454,-79.24254167922801,509.2087409126268,6885.650391170928,0.00043600497481260036,53.01349145575062,356.1272521511688,186.53726787471692,320.51018650895924
15 Jul 2026 20:04:00.000000000,-5861.3859272023765,2418.6197750775573,2678.2283733803615,-3.9674175831574003,-3.740250460039759,-5.31092207641835,0.007169112695530474,-0.002954951651495544,-0.0032804908655893294,22.88882228693561,-76.7444777296604,508.27869303239714,6886.366930287927,0.0005469632204399487,53.01573016724592,356.12556255751684,183.70703680179014,327.1427755224649
15 Jul 2026 20:05:00.000000000,-6086.359824660876,2189.0480130916617,2353.898699007587,-3.5289373044244474,-3.9093506875482995,-5.4961120215301085,0.007446156163789774,-0.002674953404426422,-0.002883574816905725,19.972544657668504,-74.35991960087271,507.4028643652242,6887.0265026406505,0.0006576425770058005,53.017790683516274,356.1242322849479,183.59465514149804,331.0576381528303
15 Jul 2026 20:06:00.000000000,-6284.545250036365,1949.841419353201,2019.1799880394697,-3.0747952175374227,-4.061290903963915,-5.657094004980273,0.007690423421897453,-0.002382960868208928,-0.002473639269909699,17.017218474154255,-72.07062124249309,506.5934553667033,6887.61744305023,0.000763604440773791,53.01963655276746,356.1232286855423,185.0097306189785,333.44517974763033
15 Jul 2026 20:07:00.000000000,-6455.062182318839,1702.0504380283064,1675.547098682326,-2.6069924408452763,-4.195389120533756,-5.793140160142004,0.007900768787768832,-0.002080260768198326,-0.0020525019304134732,14.029956198878526,-69.85974053712086,505.8615222114839,6888.129286259317,0.0008620595300450069,53.02123508832429,356.12251334784986,187.35534254503966,334.90233531189756
15 Jul 2026 20:08:00.000000000,-6597.15264097985,1446.764084603553,1324.5152525692931,-2.127594347276193,-4.31104220315646,-5.9036334802393275,0.008076199865456796,-0.0017681947537975641,-0.0016220399299116152,11.017230188740651,-67.71163187887814,505.216790471517,6888.552954908727,0.0009510241755557686,53.02255794653146,356.1220427699914,190.30933590197492,335.75127514480215
15 Jul 2026 20:09:00.000000000,-6710.18426137622,1185.1051195019995,967.6332815648101,-1.6387211657210567,-4.407728980606918,-5.9880711156820645,0.008215884220843355,-0.001448152966718734,-0.0011841806340698528,7.985014826513968,-65.61162868281028,504.66749203507896,6888.8809232422145,0.0010289981285116678,53.02358162863578,356.1217691230704,193.68584301447487,336.177882858103
15 Jul 2026 20:10:00.000000000,-6793.65329479552,918.2250470046818,606.4766936692565,-1.1425382095589267,-4.48501295253366,-6.046067103351022,0.008319155100528783,-0.0011215671332252327,-0.0007408919042430357,4.938912260062669,-63.54582472849463,504.2202284859593,6889.107353425161,0.0010948313500553546,53.02428789769281,356.1216410915478,197.37165828659985,336.29538030101475
15 Jul 2026 20:11:00.000000000,-6847.187012565137,647.298964311697,242.6405930241864,-0.6412457929215477,-4.542544570416045,-6.0773544976305685,0.008385516088014314,-0.0007899032416152944,-0.0002941719030754264,1.8842654574484055,-61.500858376490186,503.8798636695246,6889.228201853805,0.0011476651699155625,53.024664103026495,356.1216047758384,201.29490869707408,336.17565670542933
15 Jul 2026 20:12:00.000000000,-6870.545497448642,373.52028707171826,-122.26750934628569,-0.13706890083635417,-4.580063068729047,-6.0817868788918314,0.008414644620668028,-0.00045465387893081323,0.00015396145027108958,-1.1737377736442067,-59.46370064119848,503.6494476056354,6889.241293383623,0.0011869043593523809,53.02470340638937,356.1216046412739,205.4086097039166,335.8657124070938
15 Jul 2026 20:13:00.000000000,-6863.6228096539135,98.0953789370506,-486.63495616953554,0.36775331622581703,-4.597397828204519,-6.059339221701359,0.008406394298216307,-0.0001173303074305543,0.0006014812620459491,-4.229966260994511,-57.421446275151204,503.530173280771,6889.146362004888,0.0012122020344546478,53.02440490570208,356.12158449672927,209.6815510956125,335.3967726125562
15 Jul 2026 20:14:00.000000000,-6826.447519101016,-177.76188635146693,-848.8512371885588,0.8709781497581793,-4.5944692581723015,-6.010108112085005,0.00836079594559319,0.00022054563049794343,0.0010463625617171816,-7.279248984296079,-55.36110603983998,503.5213671805011,6888.9450571299285,0.0012234492397880288,53.023773654057,356.12148848562174,214.0930181833032,334.78956582457704
15 Jul 2026 20:15:00.000000000,-6759.182600069759,-452.8356012246713,-1207.3152758906197,1.3703699672321774,-4.57128919037499,-5.934311310521511,0.008278057415692517,0.00055744968721899,0.0014865931922865663,-10.316277214958257,-53.269397993154726,503.62051372657197,6888.640915312838,0.001220765306665177,53.02282057352502,356.12126207174356,218.62963551176585,334.05747975552003
15 Jul 2026 20:16:00.000000000,-6662.124688877609,-725.9133094809462,-1560.442670552792,1.8637107971101445,-4.527960782217097,-5.832286664766091,0.008158562136393918,0.000891863371394163,0.0019201845698452926,-13.335501831926138,-51.13253583690877,503.82331308085475,6888.239297886286,0.0012044870473967724,53.021562265172015,356.12085300252,223.2834524374217,333.2084753877201
15 Jul 2026 20:17:00.000000000,-6535.702709743407,-995.7914710408822,-1906.6728509154534,2.348810790427353,-4.4646779329776844,-5.70449038390032,0.008002866435799692,0.0012222820042220562,0.002345182192983174,-16.331022279539624,-48.936013189992984,504.12377109071576,6887.7472956536185,0.0011751558332672547,53.02002071853702,356.12021223255647,228.05080351328317,332.24622624798644
15 Jul 2026 20:18:00.000000000,-6380.475878388473,-1261.2808772625829,-2244.4761126757935,2.823518487103867,-4.381724221926095,-5.551494691968203,0.007811695699180328,0.0015472225823486717,0.0027596757898422377,-19.296463517566327,-46.66438426777201,504.51431949734126,6887.173602404788,0.0011335021405277433,53.01822292561753,356.11929479107187,232.93169756923933,331.170729014567
15 Jul 2026 20:19:00.000000000,-6197.1310971270195,-1521.2119885166005,-2572.3604932835406,3.2857308190524392,-4.279471382377019,-5.373984885993224,0.007585939434373429,0.001865231366101219,0.0031618090013234524,-22.224837226738032,-44.30104419904522,504.9859639268394,6886.528359615397,0.0010804274674043406,53.01620040611501,356.11806057780865,237.92962143591066,329.9784995146844
15 Jul 2026 20:20:00.000000000,-5986.479759135258,-1774.44016669556,-2888.878454169841,3.733402787205845,-4.158377330372317,-5.172755828908707,0.007326645337581177,0.0021748911199380473,0.003549788511323909,-25.10838358087862,-41.82801663897984,505.5284566503461,6885.822975228322,0.0010169837353105544,53.01398865228127,356.11647507319833,243.0517417428629,328.6623706876106
15 Jul 2026 20:21:00.000000000,-5749.453983191155,-2019.8507765905056,-3192.6333365141745,4.1645567556483325,-4.018983770750025,-4.948707912825975,0.007035012468461141,0.0024748279427788977,0.003921892550531735,-27.938390260283093,-39.2257632239046,506.1304906452086,6885.069919893488,0.0009443504463606623,53.01162650315279,356.11450995013763,248.30958945478966,327.2108078547791
15 Jul 2026 20:22:00.000000000,-5487.102303395411,-2256.3641315356604,-3482.285559895476,4.577291312863834,-3.861913406766613,-4.7028425319975815,0.006712383653331306,0.0027637176375348033,0.004276478716735476,-30.70498635891963,-36.47303981798366,506.7799111246963,6884.282504446038,0.0008638100167167801,53.00915545922735,356.1121435764221,253.72046212741844,325.6065063195397
15 Jul 2026 20:23:00.000000000,-5200.584841175031,-2482.940260383462,-3756.558535623389,4.969789657486138,-3.687866782094149,-4.436257107729492,0.006360237242602523,0.0030402915822577165,0.00461199107248426,-33.39691090293657,-33.54683970707151,507.4639404328834,6883.474642727229,0.0007767218871669116,53.006618949714685,356.1093613988542,259.3100633802055,323.8237518030152
15 Jul 2026 20:24:00.000000000,-4891.16798921241,-2698.5834746604282,-4014.244269141084,5.340327473591445,-3.497618785884869,-4.150139709317672,0.005980178350734107,0.0033033420783993394,0.004926966498694244,-36.00125956197894,-30.42248518148232,508.16941202763843,6882.660604092862,0.0006844963191398311,53.00406156534868,356.1061562021001,265.1175215316866,321.8234017728057
15 Jul 2026 20:25:00.000000000,-4560.218638820304,-2902.3467166403557,-4254.208628565801,5.687280268265789,-3.292014852654138,-3.845763315836033,0.0055739297066115575,0.0035517271657082784,0.005220040301219303,-38.50321979893863,-27.073956953517932,508.8830091948209,6881.8547601065575,0.0005885694516314657,53.00152827037592,356.1025282376718,271.20545039721816,319.54282466642394
15 Jul 2026 20:26:00.000000000,-4209.1979836849905,-3093.3356709969644,-4475.396259142154,6.009130151666679,-3.071966888998909,-3.5244797633016547,0.005143322234391896,0.0037843749051041055,0.0054899510826122,-40.88581542680786,-23.47458417194989,509.5915041480388,6881.071329980792,0.0004903829514657595,52.99906360771629,356.0984852206526,277.68188565236267,316.87396360704884
15 Jul 2026 20:27:00.000000000,-3839.6549339330395,-3270.7126245833592,-4676.835125996511,6.304472046762606,-2.8384489587281716,-3.187713420558607,0.004690285477984869,0.004000287144014452,0.0057355449081641675,-43.129697589613514,-19.598250380723478,510.28199326233533,6880.324129308421,0.00039137708943944114,52.99671091142253,356.0940421941953,284.7541055785638,313.6095157941505
15 Jul 2026 20:28:00.000000000,-3453.2191749506896,-3433.7000608078843,-4857.640670205531,6.572019322384749,-2.5924927567790923,-2.8369546350555472,0.004216837966591091,0.004198542787225476,0.00595577880538883,-45.21304112838139,-15.421287913852346,510.9421243594163,6879.626326524573,0.00029302718525674664,52.99451154044049,356.08922126414546,292.88468946714755,309.2868742922779
15 Jul 2026 20:29:00.000000000,-3051.593905709623,-3581.5839767883253,-5017.019565521472,6.810608848618426,-2.3351829006420086,-2.4737529870296115,0.0037250776073250056,0.004378300607691058,0.006149723650352776,-47.11163152339783,-10.92520700111482,511.56031219571605,6878.990211359324,0.00019706142760329945,52.99250414729779,356.084051208508,303.37359288765276,302.60605300904575
15 Jul 2026 20:30:00.000000000,-2636.548291181695,-3713.716913171929,-5154.27306537951,7.01920547816413,-2.0676520657955493,-2.099710387241494,0.0032171721696579976,0.004538801635632389,0.006316566497584526,-48.799251935294556,-6.100293814482413,512.1259385933427,6878.42697929081,0.00010688787369497717,52.99072399472567,356.0785669686754,321.6671592085088,288.1206754712953
15 Jul 2026 20:31:00.000000000,-2209.9096631175694,-3829.520688008472,-5268.79993180465,7.196905960709549,-1.7910759891683155,-1.7164740497956112,0.0026953499099819714,0.004679371169773228,0.006455612416323584,-50.24848881271159,-0.9498673915446607,512.6295339868822,6877.946535693721,4.688501441971238e-05,52.989202332364044,356.07280903145806,26.74425167874796,226.851843086491
15 Jul 2026 20:32:00.000000000,-1773.5555029633763,-3928.488827424166,-5360.098939623322,7.3429422996715905,-1.5066683619623658,-1.325729367801195,0.0021618903654199904,0.00479942045616066,0.006566285896231517,-51.43204673298593,4.505407033267197,513.0629375269052,6877.557323007126,9.54916588678952e-05,52.98796584462518,356.0668227129164,99.1767128723702,158.22767608256535
15 Jul 2026 20:33:00.000000000,-1329.4052399816946,-4010.18868706033,-5427.770950958368,7.456684561890834,-1.2156756303862126,-0.9291927158049389,0.0016191153278288808,0.004898448080504642,0.006648131884849742,-52.324575677481135,10.224215149222644,513.4194332752952,6877.266173826826,0.0001725440849030882,52.987036179517986,356.06065735674883,119.33962895341759,141.87304966301434
15 Jul 2026 20:34:00.000000000,-879.4118972117998,-4074.263259222413,-5471.520556269588,7.537643150906225,-0.9193717203662065,-0.5286041996096696,0.001069379990770964,0.004976041114592983,0.00670081651026772,-52.90485997053125,16.143681599173146,513.6938604403321,6877.0781923675,0.0002481361594387721,52.98642956678545,356.0543654614889,130.96478696763552,134.05613716361034
15 Jul 2026 20:35:00.000000000,-425.5536169372118,-4120.4326616462195,-5491.1572794011045,7.585470553704091,-0.6190526996913074,-0.12572037067890396,0.0005150642483995508,0.00503187605566596,0.006724127538970484,-53.158031475555724,22.182062518936572,513.8826960256049,6876.99666624835,0.00031930816562223985,52.98615653210914,356.04800175206265,140.35551434345757,128.4735710225987
15 Jul 2026 20:36:00.000000000,30.17490293051448,-4148.495304464641,-5486.596344980151,7.5999625690439885,-0.3160313892005749,0.27769307998143017,-4.143588831011527e-05,0.005065719588062448,0.0067179746048795,-53.07733471156514,28.24538764643006,513.9841087005328,6877.023010039313,0.0003854295569194567,52.98622171241561,356.0416222122067,148.94160978149174,123.69551237681064
15 Jul 2026 20:37:00.000000000,485.77103073329965,-4158.328732636069,-5457.859007360122,7.581059023178567,-0.011631932929313598,0.679868635620015,-0.0005977168013797196,0.00507742918982817,0.006682389235901287,-52.66498892332227,34.23701883861547,513.997983138897,6877.1567414712845,0.000446432287514877,52.98662377551193,356.03528309496073,157.21067330729701,119.2343215016301
15 Jul 2026 20:38:00.000000000,939.2328506163312,-4149.89014164191,-5405.072441006342,7.528843975965191,0.29281566389275165,1.0790442634793733,-0.00115137575103867,0.005066953596411443,0.006617524689641999,-51.9319023619518,40.06788019038984,513.9259145121777,6877.395490670168,0.0005025083236259616,52.987355445413634,356.0290399288203,165.3670835489587,114.88558102546048
15 Jul 2026 20:39:00.000000000,1388.5678092395133,-4123.21656477484,-5328.4691928964085,7.443545417333105,0.595981020567491,1.473470709089894,-0.0017000193875790846,0.005034333125104769,0.006523655598424044,-50.89632129250817,45.664816744959325,513.7711732651459,6877.7350422277395,0.0005540053036466772,52.98840363284327,356.02294653718695,173.50352136404558,110.55657278627567
15 Jul 2026 20:40:00.000000000,1831.8013290500737,-4078.424730842795,-5228.386198182387,7.325534451028614,0.8965388818188228,1.8614187632685926,-0.0022412723394278555,0.004979699851836036,0.006401177407798803,-49.581783166961614,50.97535252784214,513.5386407399319,6878.169409379404,0.0006013611482208541,52.989749668504466,356.01705408849176,181.65897960039806,106.20826853815151
15 Jul 2026 20:41:00.000000000,2266.9853572294473,-4015.710591643091,-5105.263361093537,7.175323959744714,1.1931746245429933,2.241186488710312,-0.002772785921000678,0.004903277623238821,0.0062506055816850285,-48.01486143352123,55.96851533967437,513.2347166508279,6878.690939027063,0.0006450463651412837,52.99136963490803,356.0114101938304,189.84238794708617,101.83170554398068
15 Jul 2026 20:42:00.000000000,2692.206818988648,-3935.3485191532545,-4959.6417038900745,6.993566743369784,1.4845897597982725,2.611106391085961,-0.0032922469946351863,0.004805381876992231,0.006072574534888587,-46.2231218096597,60.63258420829779,512.8671998424481,6879.290445830133,0.0006855080631016806,52.99323479078054,356.00605806805527,198.0440352408332,97.43656468204222
15 Jul 2026 20:43:00.000000000,3105.5959433141006,-3837.6901730740933,-4792.161087654679,6.781053120364905,1.769507417585134,2.9695525169600194,-0.0037973870099541687,0.004686419238148985,0.0058678362476978965,-44.233536659681825,64.97113453329794,512.4451441862734,6879.957373097519,0.0007231169245290312,52.995312080445586,356.0010357691156,206.2422684821619,93.0444718056042
15 Jul 2026 20:44:00.000000000,3505.3344286249053,-3723.1630401700395,-4603.557509859196,6.538707981366377,2.046677799723619,3.3149474577562623,-0.004285991226893162,0.0045468868482035464,0.005637258504330333,-42.07142577833943,68.9986474914701,511.9786918811541,6880.679977754502,0.0007581209000398893,52.99756471907136,355.996375529048,214.40826054719682,88.68423036373056
15 Jul 2026 20:45:00.000000000,3889.663415121209,-3592.268647810403,-4394.659984999455,6.267587284153131,2.314883583558878,3.645769235573114,-0.004755908113600885,0.004387371383686939,0.005381822698450205,-39.75986914395296,72.73652592260358,511.47888681677136,6881.445536237678,0.0007906098611931608,52.99995284334425,355.99210318835554,222.50986870505233,84.3879631681335
15 Jul 2026 20:46:00.000000000,4256.891229968466,-3445.5804552338914,-4166.387016160066,5.968873980205289,2.572945256462046,3.960558043071451,-0.0052050588917809705,0.004208547716828367,0.005102621145143141,-37.31948121628481,76.20991151540862,510.9574710291329,6882.240567796776,0.0008204945990487456,53.00243421598636,355.98823774365866,230.51486095485507,80.18788628763663
15 Jul 2026 20:47:00.000000000,4605.400870925293,-3283.7414273466284,-3919.7426671597927,5.643873365261548,2.8197263582674355,4.257922806100567,-0.00563144718368003,0.00401117717149246,0.00480085384149406,-34.7684295076426,79.44537562504631,510.42666761651884,6883.051071359884,0.0008475018423332399,53.00496497159887,355.9847910164876,238.39348731613762,76.1137379329979
15 Jul 2026 20:48:00.000000000,4933.657193651193,-3107.461297323355,-3655.812246928236,5.294007849563521,3.054138606035608,4.536547534384686,-0.006033168697969434,0.0037961053307561704,0.004477824623652894,-32.12259883569334,82.46938115342344,509.89895378412234,6883.862771857169,0.0008711849284748809,53.00750039060625,355.9817674489008,246.12030490391896,72.1909534981896
15 Jul 2026 20:49:00.000000000,5240.213767801104,-2917.513525893457,-3375.7576199513487,4.920811147796592,3.275146873012038,4.795197422650602,-0.006408420871737532,0.003564259354800313,0.0041349366735439945,-29.395829115065503,85.30734866835574,509.3868279364264,6884.661371702018,0.0008909479423706764,53.00999568760199,355.9791640294107,253.67521725948313,68.43962628555224
15 Jul 2026 20:50:00.000000000,5523.719367163511,-2714.731966959906,-3080.812158975103,4.525921894026406,3.4817739914695216,5.032724662197665,-0.006755512375725039,0.003316644778888817,0.0037736873439196297,-26.600179121036277,87.98315927824815,508.9025749288024,6885.432803005223,0.0009060799365063512,53.012406800168975,355.9769703503125,261.04378132455963,64.87420052650144
15 Jul 2026 20:51:00.000000000,5782.924059613587,-2500.0072510656487,-2772.2753586201493,4.11107669302224,3.67310534744326,5.248073921261054,-0.00707287237360449,0.003054341766541432,0.0033956622794445125,-23.746187756783343,90.51895400994611,508.45803371407345,6886.163476051306,0.0009157953997615358,53.01469116426711,355.97516879527774,268.2169151279287,61.5037636292147
15 Jul 2026 20:52:00.000000000,6016.684863538633,-2274.282900191699,-2451.5071311015213,3.6781026261148155,3.848293234254318,5.440287451708149,-0.007359059418426364,0.0027785008053302636,0.003002528828349615,-20.84311767443556,92.9351235689788,508.0643716669017,6886.8405195999985,0.0009192773490268548,53.01680846254436,355.97373485368763,275.1901782057222,58.3327656334273
15 Jul 2026 20:53:00.000000000,6223.970938716348,-2038.5511893686858,-2119.921807798715,3.2289092369174597,4.006560931299411,5.60850977974504,-0.007612769865810056,0.0024903378450322157,0.002596028756205227,-17.89917467885919,95.25041348237954,507.7318698319745,6887.452008692337,0.0009157200405648615,53.01872133243269,355.97263755603694,281.9627915272452,55.36199910291158
15 Jul 2026 20:54:00.000000000,6403.868281379301,-1793.8487725980344,-1778.9818729314388,2.7654800296468176,4.147206474891757,5.75199193944734,-0.007832845676624,0.0021911288884310207,0.002177970287796165,-14.921701498769464,97.48209436335308,507.4697232150851,6887.987175840702,0.0009043690834124945,53.02039602162505,355.9718400225587,288.5365249395361,52.58971144574609
15 Jul 2026 20:55:00.000000000,6555.583895399975,-1541.252092542959,-1430.191458003822,2.2898635201571595,4.2696060890262615,5.8700952100919075,-0.008018281491922625,0.0018822040610821814,0.001750219523575835,-11.917347389404933,99.64616522262416,507.2858600167455,6888.436601762566,0.0008845574938779319,53.021802979479965,355.9713001152837,294.9145212615105,50.01278053569747
15 Jul 2026 20:56:00.000000000,6678.449414165682,-1281.8725953278888,-1075.0896279184037,1.804163886909304,4.373217245808781,5.962294321440338,-0.008168230860583908,0.0015649411962190389,0.0013146912903281537,-8.892216491950382,101.75757045085653,507.18678339636307,6888.792382175989,0.0008557368556649223,53.02291737404906,355.97097118192113,301.1000542582024,47.627956409186474
15 Jul 2026 20:57:00.000000000,6771.924150755424,-1016.8517735257304,-715.2434916834852,1.3105312756971028,4.457581327915672,6.028180095253606,-0.008282011520973307,0.0012407589862766322,0.0008733395040400959,-5.851998504827105,103.83041964038836,507.1774389540577,6889.048267605028,0.0008175032179171127,53.02371952574964,355.9708028783855,307.0951269116462,45.43326262693399
15 Jul 2026 20:58:00.000000000,6835.5975574477725,-747.3560619706001,-352.24117237349657,0.8111518178116206,4.522325868784724,6.0674614963156355,-0.008359109641720517,0.0009111097608373707,0.00042814713357008184,-2.80208540078072,105.87820499004809,507.2611106347217,6889.199773636507,0.0007696176991762979,53.024195250182906,355.9707420554287,312.8986781642738,43.42978913071274
15 Jul 2026 20:59:00.000000000,6869.191079322095,-474.5716123769215,12.315327573746632,0.3082374262578421,4.567166350200915,6.079967071983058,-0.008399182948531281,0.0005774719623630901,-1.8884133060355737e-05,0.25232211319707815,107.91401456714972,507.43934720471015,6889.244259617252,0.0007120220294231563,53.024336104205766,355.9707336937499,318.5039040566992,41.62437068006135
15 Jul 2026 21:00:00.000000000,6872.559390711209,-199.69897383239626,376.8173285843861,-0.19598456154092064,4.591907541434508,6.065645765615296,-0.008402062688001768,0.00024134239884741752,-0.00046574440986565707,3.306114808776054,109.95074184663223,507.711920839089,6889.180974370792,0.0006448495599906683,53.02413953106666,355.97072187111405,323.8936091993832,40.034234936590025
15 Jul 2026 21:01:00.000000000,6845.691007447852,76.05229297214066,739.6567058975189,-0.6992818235393516,4.596444368990127,6.024567095996364,-0.00836775439079214,-9.577164294211444e-05,-0.0009104262069449414,6.354178346320287,112.00129314811983,508.076818703125,6889.011068132157,0.0005684328317493605,53.02360890219059,355.9706507445265,329.0309903668203,38.69621841461866
15 Jul 2026 21:02:00.000000000,6788.708272142399,351.4690394076095,1099.233113173616,-1.1994275030962152,4.580762311195625,5.9569207018497785,-0.008296437429823132,-0.0004323603355539691,-0.0013509349797815678,9.391296468812646,114.07879511007077,508.53026773300274,6888.737570534539,0.0004833103058565395,53.02275345500536,355.9704655302423,333.83881560766946,37.68758691219492
15 Jul 2026 21:03:00.000000000,6701.8667140585585,625.3399619155706,1453.9611598629751,-1.6942105970832135,4.5449373171563705,5.863015257574525,-0.00818846338225239,-0.0007669192119391836,-0.0017852995174013479,12.412050565427526,116.19680429499552,509.06679213726545,6888.365335118757,0.00039024002498098677,53.02158812801865,355.97011346445754,338.14459752851735,37.1808617722879
15 Jul 2026 21:04:00.000000000,6585.553789432636,896.46101594963,1802.2775050081366,-2.1814462114241864,4.489135254868168,5.743276773192225,-0.008044353236753395,-0.0010979569428500261,-0.00221158205785069,15.410712127440965,118.36952040231813,509.6793024710985,6887.900951461221,0.00029025058776740786,53.02013329614269,355.9695447279397,341.5021454511933,37.62226728157974
15 Jul 2026 21:05:00.000000000,6440.287012232763,1163.6407828731765,2142.6478311244687,-2.6589856162146117,4.4136108983742375,5.598246298002051,-0.007864793499259275,-0.001424002907952805,-0.002627888026299567,18.38112451484162,120.61200323880357,510.3592144990546,6887.352626613565,0.00018490452239760578,53.01841441099794,355.96871331843863,342.37420580816274,40.549089849404034
15 Jul 2026 21:06:00.000000000,6266.71148930075,1425.7057625877553,2473.5736631455734,-3.1247260366091405,4.318706468621593,5.428577053410314,-0.007650631275844199,-0.0017436144845963577,-0.0030323753017671607,21.31657035318728,122.940391276875,511.0965954753011,6886.730038106783,7.893598515203981e-05,53.01646155257244,355.9675778557304,330.6015075491013,56.12063220042325
15 Jul 2026 21:07:00.000000000,6065.596877493347,1681.5055656722236,2793.5989990987778,-3.576620120775024,4.204849746993108,5.235031025675277,-0.007402868427357728,-0.002055383987017195,-0.0034232629318587593,24.209620873808845,125.37211585394456,511.88033494861867,6886.044161280413,5.977994084657913e-05,53.01430890014751,355.9661023052779,223.8080508876978,166.71292425820624
15 Jul 2026 21:08:00.000000000,5837.833783780995,1929.91798007327,3101.316721144169,-4.012685032235031,4.072551784245182,5.018475053750784,-0.007122654899514913,-0.0023579451982502736,-0.0037988392280462967,27.051963747236595,127.92609914167257,512.6983367541826,6885.3070741455895,0.00016811828080911674,53.01199413179174,355.9642566079704,202.41769870935673,191.9021314046476
15 Jul 2026 21:09:00.000000000,5584.429632224397,2169.8538888434227,3395.3747578185526,-4.431011120646522,3.9224042306799567,4.779876450920719,-0.006811281348211629,-0.002649979449425641,-0.0041574691922792485,29.834206691018153,130.62291499160682,513.5377284941198,6884.531743369357,0.00028459143959378645,53.00955776295578,355.96201720501386,201.94487908828896,196.17385167166873
15 Jul 2026 21:10:00.000000000,5306.504024296522,2400.262017047895,3674.4819707136116,-4.829770132265781,3.7550763157537332,4.5202982014222055,-0.00647017118196773,-0.0029302212134855745,-0.004497601241872071,32.54565576157178,133.48487844197223,514.3850845394711,6883.731795273239,0.00040121319431299753,53.00704243574522,355.95936744890946,204.55707124251816,197.36062954080708
15 Jul 2026 21:11:00.000000000,5005.2836211228,2620.1334877050945,3937.4137413337826,-5.207222928791143,3.571311506929614,4.240893774719374,-0.006100872145391173,-0.003197463192736433,-0.004817773216611959,35.17407038214365,136.53601075028342,515.2266584087845,6882.921275965227,0.0005156530935807339,53.004492171292355,355.95629789342183,208.13782136986757,197.57893991098697
15 Jul 2026 21:12:00.000000000,4682.096577874521,2828.5061684404736,4183.017236448996,-5.561726690709623,3.3719238784096905,3.942901600525046,-0.005705047566565388,-0.0034505608931031584,-0.005116617669577437,37.70540270361051,139.8018013673806,516.0486202919295,6882.114404871151,0.0006260984233157315,53.001951598278026,355.95280645757776,212.12224220350265,197.39368839834114
15 Jul 2026 21:13:00.000000000,4338.366561798717,3024.468792355551,4410.216332817046,-5.891741588434536,3.157794220471024,3.627639247130825,-0.005284467384843756,-0.0036884366901421784,-0.005392866458856764,40.12353800722392,143.3086568109992,516.8372954876189,6881.325325999095,0.0007308763554684947,52.99946517105609,355.94889846083817,216.29715695968218,197.01806729673655
15 Jul 2026 21:14:00.000000000,3975.606386094145,3207.1648384934424,4618.016184718209,-6.1958369113228935,2.9298659194232837,3.2964973440704295,-0.004840999065794282,-0.003910083403410621,-0.00564535467195371,42.41006682768294,147.08289301864238,517.5793996028773,6880.567861259465,0.0008284026888966592,52.99707639100617,355.9445865289529,220.56450008976563,196.5501547881581
15 Jul 2026 21:15:00.000000000,3595.4112924096403,3375.7961589490396,4805.507420050065,-6.47269665055098,2.6891406370073194,2.9509332879998356,-0.004376598497619126,-0.004114567405969294,-0.005873023926924943,44.54413919726347,151.1491036017955,518.2622665135353,6879.855270079175,0.0009171862518099833,52.9948270446764,355.939890372128,224.87263980175803,196.04159243632154
15 Jul 2026 21:16:00.000000000,3199.4519146594866,3529.626341448634,4971.869953099716,-6.721124537200558,2.436673816096318,2.592464767596849,-0.0038933009469829375,-0.0043010313036118165,-0.006074925103461301,46.5024762351884,155.52774419997974,518.8740652989095,6879.200019394721,0.0009958467648668859,52.99275647198158,355.9348364394263,229.19128328531153,195.52268002914843
15 Jul 2026 21:17:00.000000000,2789.4669567606265,3667.9837976937133,5116.376404090065,-6.940048541004438,2.1735700373428495,2.222663139947049,-0.0033932121358715224,-0.0044686962249338175,-0.00625022056418294,48.25963995282815,160.23185010620583,519.4040026288957,6878.613567890867,0.0010631359717619352,52.99090087719808,355.92945745540004,233.50072186845026,195.01313053919807
15 Jul 2026 21:18:00.000000000,2367.2556164198086,3790.2645691963276,5238.395117476395,-7.128524838398738,1.9009782487680122,1.8431466870778646,-0.0028784994832091477,-0.004616863768454797,-0.006398185931771725,49.7886780190039,165.26299710170971,519.8425073906337,6878.106168076977,0.0011179587166486886,52.9892926947543,355.92379184706715,237.78659830848372,194.52730299660234
15 Jul 2026 21:19:00.000000000,1934.6697865148913,3895.934843562481,5337.39277257851,-7.285741260542891,1.6200868875023755,1.4555737773970927,-0.002351383534507795,-0.00474491765341135,-0.006518211486149652,51.062247727644596,170.60695515031284,520.1813946836351,6877.686689467513,0.001159392587390824,52.98796002086518,355.91788307118776,242.0370320301445,194.07707745765703
15 Jul 2026 21:20:00.000000000,1493.6060649990995,3984.533175235604,5412.936581499147,-7.411020232846508,1.332118910094189,1.061635952989898,-0.0018141295855021347,-0.004852325120843967,-0.006609803244416576,52.054259234785526,176.22993451575704,520.4140066796327,6877.362465762622,0.0011867054334683384,52.98692612092083,355.91177885354523,246.24079689229626,193.67367748263717
15 Jul 2026 21:21:00.000000000,1045.9976033963346,4055.6724056538096,5464.696070467104,-7.503821217419764,1.0383267449625517,0.663050959955198,-0.001269039488200279,-0.0049386381298799145,-0.006672583782338614,52.741947613220084,-177.92328338764403,520.5353282292265,6877.139168518226,0.0011993703896921966,52.98620902122873,355.90553035344874,250.38593114525003,193.32906045648542
15 Jul 2026 21:22:00.000000000,593.8058235308349,4109.041278460379,5492.444441626569,-7.5637426685994695,0.7399871782199691,0.26155573594607245,-0.0007184436116919193,-0.005003494387137699,-0.006706292845381737,53.10810355786398,-171.92800466496402,520.5420754958922,6877.020709356123,0.0011970782550312434,52.985821192250484,355.8991912680118,254.45842065087513,193.0572346732361
15 Jul 2026 21:23:00.000000000,139.01203136435169,4144.405746065017,5496.059513104737,-7.59052350974651,0.4383961818037973,-0.1411006337863529,-0.00016469291752335878,-0.00504661824189733,-0.006710787789048932,53.143030578699424,-165.8743585164528,520.4327563049835,6877.009172301621,0.0011797472942611659,52.985769328890875,355.89281689179126,258.4406740496484,192.8757844944665
15 Jul 2026 21:24:00.000000000,-316.39104348798423,4161.609964313548,5475.524235776273,-7.584044136731262,0.134863691237337,-0.5431639824469601,0.0003898489005994319,-0.005067821471553874,-0.006686043876489414,52.84575248484592,-159.85863534294913,520.2077013081571,6877.104777354342,0.0011475308220583085,52.98605423171836,355.8864631481501,262.3094750851944,192.8079183643067
15 Jul 2026 21:25:00.000000000,-770.4077542677535,4160.576972437961,5430.926785666221,-7.544326950300411,-0.16929166083948516,-0.9428821417203881,0.0009428132701941594,-0.005067003970754115,-0.00663215444579062,52.22413809673744,-153.97309594507647,519.8690654793866,6877.305875901626,0.0011008233945679893,52.98667079124527,355.88018560920017,266.03295058541835,192.8855011751153
15 Jul 2026 21:26:00.000000000,-1221.04806133729,4141.30905580856,5362.4602313948035,-7.471536415991071,-0.47274784978614864,-1.3385120280318399,0.001491834646056559,-0.005044154348616958,-0.006549330947118023,51.293907303151414,-148.29678813698138,519.4207998771955,6877.6089780810935,0.0010402672654165007,52.98760807561115,355.8740385214547,269.5657659342783,193.15385914278707
15 Jul 2026 21:27:00.000000000,-1666.3360457400242,4103.887789346772,5270.421776531161,-7.365978646672781,-0.7741847970589547,-1.7283267268698632,0.002034558527901521,-0.0049993504268801975,-0.006437902834489986,50.076797264692196,-142.8894630645375,518.8685940269626,6878.008811692286,0.0009667623901981513,52.98884952021423,355.8680738541781,272.84107740271685,193.6798278162456
15 Jul 2026 21:28:00.000000000,-2104.3183831982055,4048.4737598176516,5155.211577239387,-7.228100499385755,-1.0722897349087488,-2.1106225657090945,0.0025686496439509977,-0.004932759622739819,-0.006298317285264166,48.598350722503355,-137.78942104308533,518.2197896969744,6878.4984117541,0.000881486712690797,52.990373216062856,355.8623403870628,275.756307637978,194.56597691509236
15 Jul 2026 21:29:00.000000000,-2533.0727490950967,3975.3059656423416,5017.331136218607,-7.058488175129365,-1.365762589965954,-2.4837261640023187,0.003091800346120121,-0.004844639188558738,-0.006131138705767308,46.885781287165024,-133.014796390885,517.4832672604875,6879.069239309387,0.000785941392582292,52.99215229189746,355.8568828531921,278.1465069251148,195.97724937508374
15 Jul 2026 21:30:00.000000000,-2950.7161242328084,3884.7008933849156,4857.3812747051115,-6.857865307847159,-1.6533213761080219,-2.8460014459431022,0.0036017392501033166,-0.004735336271470253,-0.005937047970532087,44.966225277504115,-128.5670260938837,516.6693062519946,6879.711327597861,0.0006820554839509259,52.994155383493705,355.8517411523712,279.7311326806953,198.19418213529568
15 Jul 2026 21:31:00.000000000,-3355.4129702627956,3777.0512707170788,4676.0596852590925,-6.6270905272482725,-1.9337075845959548,-3.1958565983502307,0.004096240140305232,-0.004605287751215719,-0.005716841337623074,42.865506446925785,-124.43516097738264,515.7894221354578,6880.413453257327,0.00057243913735664,52.9963471820289,355.8469496485901,279.9999324678266,201.72702337218973
15 Jul 2026 21:32:00.000000000,-3745.3832427473403,3652.824496459323,4474.158069228172,-6.367154479444476,-2.2056915566981714,-3.53175095225104,0.0045731311408349,-0.004455019805353202,-0.005471428972119022,40.60739590199079,-120.60002247664961,514.8561817018225,6881.163329780675,0.000461039126798902,52.99868905200314,355.842536564053,277.9518063943702,207.57687031368377
15 Jul 2026 21:33:00.000000000,-4118.910208837772,3512.5607492785884,4252.558864191667,-6.079176289802211,-2.4680778209390257,-3.8522017626946115,0.005030304137401337,-0.004285147150855185,-0.00520183301141337,38.21327167535778,-117.03766513618339,513.8829998966954,6881.947820056917,0.0003549738319095984,53.00113970797568,355.8385234804317,271.4972299494592,217.8332465737323
15 Jul 2026 21:34:00.000000000,-4474.348035670328,3356.8707777769055,4012.2315683452466,-5.76439945396361,-2.719710373920067,-4.155790857211177,0.005465724412520954,-0.004096371906315663,-0.004909185101680548,35.70206078225393,-113.7219748923395,512.8839212394735,6882.753164467095,0.00026961173789802323,53.003655938332834,355.83492495628747,256.59935254702486,236.5330037351416
15 Jul 2026 21:35:00.000000000,-4810.129114797233,3186.433376073053,3754.228670691458,-5.42418714573692,-2.95947788042748,-4.44117111932591,0.005877440439343933,-0.0038894820232226648,-0.004594723342464136,33.09035819499404,-110.62645606507755,511.87338932444936,6883.565220697692,0.00023552412858389516,53.00619336345864,355.83174826741856,230.70478880620522,266.2295301479811
15 Jul 2026 21:36:00.000000000,-5124.771087415001,3001.992550514412,3479.6811980376315,-5.06001693444674,-3.186318765487345,-4.707072769839163,0.006263593760429779,-0.0036653492374351844,-0.004259788581660301,30.39264186355986,-107.72535775560168,510.8660081826132,6884.369711182777,0.0002743480717179061,53.008707215055416,355.8289932749212,205.41588698880557,295.320482521563
15 Jul 2026 21:37:00.000000000,-5416.883534844407,2804.3543848889512,3189.793892146381,-4.673474909328636,-3.3992261682302325,-4.952309405380765,0.0066224288569259535,-0.0034249264958510195,-0.0039058200105864366,27.62152842950717,-104.9943092873848,509.8762995201844,6885.152473898184,0.0003619494102650023,53.011153122964274,355.8266524233688,191.307077315512,313.2314375873611
15 Jul 2026 21:38:00.000000000,-5685.174298754326,2594.3836133758286,2885.8400329023175,-4.2662492145181625,-3.597252725077607,-5.175783751202741,0.006952302905389817,-0.003169244826037317,-0.0035343500265368876,24.788035228916428,-102.41061460994837,508.91846002551665,6885.899712113626,0.00046873290532197415,53.01348789567907,355.82471086938665,185.3228531743737,323.0179108193396
15 Jul 2026 21:39:00.000000000,-5928.455396036015,2372.999912486036,2569.1559259968535,-3.840123004980439,-3.7795151479401037,-5.3764930834518205,0.007251695299163462,-0.0028994096212303605,-0.0031469983385991247,21.90182933152453,-99.9533229171766,508.0061230406364,6886.598238668609,0.0005802240202602976,53.015670280828665,355.8231467384777,183.56438484190943,328.5787425923306
15 Jul 2026 21:40:00.000000000,-6145.64849408013,2141.1739253352043,2241.1350763521477,-3.3969668411576786,-3.945198561964326,-5.55353427536767,0.007519216807817445,-0.0026165963287403606,-0.0027454653135473555,18.9714544082114,-97.60316034330795,507.1521289171084,6887.235710376739,0.0006896965613148524,53.01766169222835,355.82193150578615,184.04939962037577,331.8962178768032
15 Jul 2026 21:41:00.000000000,-6335.789913513118,1899.923033737792,1903.222071233304,-2.9387305479595405,-4.093560566944033,-5.706108422088767,0.007753618242137485,-0.0023220455414178676,-0.0023315245746973238,16.00453242191049,-95.34238074225878,506.36830831176184,6887.800848287233,0.000793409026038853,53.01942689066088,355.82103049425547,185.82642352057448,333.921824343455
15 Jul 2026 21:42:00.000000000,-6498.035127231556,1650.3068957576036,1556.9061996779137,-2.4674345717420754,-4.223934986892898,-5.8335250000601295,0.007953798490446213,-0.002017057505374704,-0.0019070148846983379,13.007940710393235,-93.15457329122599,505.6652825203276,6888.283639739967,0.0008888991022901889,53.02093460633687,355.82040348156556,188.4086103163851,335.14242305511596
15 Jul 2026 21:43:00.000000000,-6631.6627268328875,1393.4227684484101,1203.7148374385831,-1.9851608768642932,-4.335735273486632,-5.935205519442583,0.008118811796635348,-0.001702986071165069,-0.0014738313615710928,9.98796692338778,-91.0244502479994,505.05228469411696,6888.675518442437,0.0009743702059212912,53.02215809198692,355.8200054053143,191.52775925289112,335.82623046856503
15 Jul 2026 21:44:00.000000000,-6736.077830265894,1130.4006375242386,845.2066290223567,-1.494043431022201,-4.428457531121447,-6.0106866313965925,0.008247874154360025,-0.00138123212887668,-0.0010339160940256293,6.950445161673309,-88.93762835810806,504.5370054373013,6888.969519168248,0.0010484517451703709,53.0230755967394,355.81978715413,195.0264523650295,336.1306807945238
15 Jul 2026 21:45:00.000000000,-6810.81490768881,862.398177557203,482.9645005608563,-0.9962583355884888,-4.501683134178351,-6.059622656590732,0.008340368712161825,-0.0010532365822218186,-0.0005892482399813677,3.900876985046516,-86.88041091091362,504.12546584532737,6889.1604041234905,0.0011100980283077692,53.02367075231723,355.819696430864,198.80753446914613,336.1529456592582
15 Jul 2026 21:46:00.000000000,-6855.540006084768,590.5955679598678,118.58853909495801,-0.49401366339057484,-4.555080910669268,-6.081787506665352,0.008395850088195817,-0.0007204729258507863,-0.00014183370352244094,0.8445409882141731,-84.8395732747982,503.82192052554524,6889.2447585396685,0.0011585427667803376,53.02393286461957,355.81967867273397,202.80875282645817,335.95529407516506
15 Jul 2026 21:47:00.000000000,-6870.052357084183,316.1901914445332,-246.3112246297549,0.010460928443361566,-4.588408870679602,-6.07707597652893,0.008414047522750634,-0.0003844395025330879,0.00030630550079428076,-2.2134054423960934,-82.80215215804455,503.6287925524323,6889.221053621127,0.0011932767967065057,53.023857105414926,355.81967801222714,206.98921910068168,335.5786301048381
15 Jul 2026 21:48:00.000000000,-6854.285356622234,40.39124280851942,-610.1220916402206,0.5149247389496421,-4.601515462810477,-6.045504392118516,0.008394866808516706,-4.6651523206774344e-05,0.0007531420800410961,-5.267828684172513,-80.7552373356043,503.54664166538697,6889.089675588506,0.0012140352029261484,53.02344460063201,355.81963826181374,211.32180136699424,335.0501004685267
15 Jul 2026 21:49:00.000000000,-6808.30690943695,-235.5857232534246,-971.2359895608018,1.0171366428206188,-4.594340347026184,-5.987210605428422,0.008338390969606972,0.00029136706017991065,0.0011966543692299885,-8.313522312047835,-78.68576383467011,503.5741663350846,6888.852920204115,0.0012207874919273787,53.02270241356009,355.819503905111,215.7886731548783,334.3875451196841
15 Jul 2026 21:50:00.000000000,-6732.319135908984,-510.524276064906,-1328.056747586858,1.514865713379007,-4.566914677783201,-5.902453336003085,0.008244879678761155,0.0006280917367678206,0.0016348371880719828,-11.345107989800592,-76.58030241902154,503.7082396238344,6888.514952825613,0.001213727728563577,53.02164342313236,355.81922107692947,220.37864004440868,333.60217027632604
15 Jul 2026 21:51:00.000000000,-6626.657443274089,-783.2125951722759,-1679.0073125758258,2.005901773696326,-4.519360896902231,-5.791610865492161,0.00811476742836931,0.0009620055805270762,0.0020657125258591504,-14.356930347741358,-74.42484662043216,503.94397806594213,6888.081734696175,0.0011932631035591705,53.02028609932979,355.818738514862,225.08552721295612,332.7001605184121
15 Jul 2026 21:52:00.000000000,-6491.788967715325,-1052.4489295268534,-2022.5368678296559,2.4880658021543827,-4.451892041182766,-5.655179099067984,0.007948660496095501,0.001291607264769531,0.00248733993746741,-17.342942274594243,-72.20459562908601,504.2748421164241,6887.560916826568,0.0011600001969651345,53.018654179573566,355.81800846550874,229.90724772613217,331.683610164401
15 Jul 2026 21:53:00.000000000,-6328.310398180799,-1317.0470007980894,-2357.1278171654317,2.9592201217677014,-4.364810575093494,-5.493769014306668,0.007747332764334445,0.0016154188610023215,0.002897826541329209,-20.296576936905616,-69.90373430859023,504.69276607884467,6886.961703442597,0.0011147286492127965,53.01677625174189,355.81698752923995,234.84535681557077,330.55096869100345
15 Jul 2026 21:54:00.000000000,-6136.945196895252,-1575.8413227406297,-2681.302598284511,3.4172783068669874,-4.258506763853676,-5.308103524348092,0.0075117204766172434,0.001931993342975368,0.0032953365220564734,-23.210602783272673,-67.50521484975057,505.1883148431386,6886.294687546422,0.0010584022259892462,53.014685251116475,355.81563742844435,239.90501519458246,329.29707715124107
15 Jul 2026 21:55:00.000000000,-5918.540235368067,-1827.6924095980144,-2993.630291215864,3.86021474614264,-4.133456606713229,-5.099013787612429,0.007242916027824229,0.002239921725696511,0.0036781000534204513,-26.076957920578018,-64.99054973922216,505.75086425655076,6885.571661659539,0.000992117453064008,53.012417880107634,355.81392568557357,245.09538176281583,327.91277524523184
15 Jul 2026 21:56:00.000000000,-5674.061868183575,-2071.4918478371,-3292.7329896790557,4.28607380736789,-3.9902193541279853,-4.86743500092607,0.006942160902311578,0.002537839780725352,0.004044421574464939,-28.886560780857273,-62.339633669892166,506.3688015262905,6884.805407268339,0.0009170901521228135,53.01001396099333,355.81182619887807,250.43057206152773,326.383942686971
15 Jul 2026 21:57:00.000000000,-5404.591469943651,-2306.1672070305976,-3577.2919055296716,4.692978556141746,-3.8294346357194025,-4.614401716495784,0.006610837878806484,0.002824434280253749,0.004392687366667961,-31.629095281103048,-59.53062390438955,507.0297417191681,6884.009466870222,0.0008346303697920297,53.00751573311494,355.8093197055356,255.93150946712848,324.6896478835284
15 Jul 2026 21:58:00.000000000,-5111.320463382646,-2530.686767397356,-3846.0531789547754,5.079138988470443,-3.651819228341056,-4.341042725703206,0.006250462630654614,0.0030984487363309196,0.004721372399492839,-34.29277126095198,-56.53992574517636,507.72075618604526,6883.197902815565,0.0007461164199257135,53.004967106974206,355.80639412385455,261.62937760616063,322.7986954467235
15 Jul 2026 21:59:00.000000000,-4795.544868869358,-2744.064043327729,-4097.8333697121025,5.44285974469063,-3.458163495207009,-4.048575554149922,0.005862674850611421,0.0033586886152644872,0.005029046429827902,-36.864065671705,-53.342353326627226,508.42860859699255,6882.385047350729,0.0006529691887876397,53.002412888457904,355.80304476843065,267.5722470808163,320.6629994504155
15 Jul 2026 22:00:00.000000000,-4458.659407209316,-2945.36208412758,-4331.524607420196,5.7825472799052395,-3.249327527850978,-3.7383006127446,0.00544922902376984,0.0036040260194635854,0.005314379356548565,-39.32745788406343,-49.91156607627117,509.1399942250529,6881.585248390592,0.0005566288589751343,52.99989798695977,355.7992744343507,273.8386306535093,318.2040282865454
15 Jul 2026 22:01:00.000000000,-4102.151189041418,-3133.6975350648877,-4546.099381513308,6.096716473328872,-3.0262370228004674,-3.411595049102839,0.005011984968886349,0.0038334038428389783,0.00557614584963094,-41.665184886327836,-46.220915277295234,509.841778156423,6880.812615585865,0.0004585390050798741,52.99746662146775,355.7950933488922,280.5679236567312,315.2823643531234
15 Jul 2026 22:02:00.000000000,-3727.5930247782453,-3308.2444438244966,-4740.614954244707,6.383996665964584,-2.7898789240589514,-3.0699063418198262,0.004552898253840178,0.004045839415664496,0.005813229284889124,-43.8570602040112,-42.24486472425206,510.521228225717,6880.080771200661,0.00036015225858172393,52.99516153872728,355.7905189915349,288.0382223897166,311.61988581330087
15 Jul 2026 22:03:00.000000000,-3336.6363897061983,-3468.2377991727235,-4914.217382466859,6.643137121882659,-2.541296861301507,-2.7147456780462185,0.0040740105818214125,0.004240427666924997,0.006024625030742398,-45.88042412253366,-37.961155774480225,511.1662386667585,6879.402610188,0.00026300978262717306,52.99302325738361,355.7855757854567,296.90569294555013,306.5603979790404
15 Jul 2026 22:04:00.000000000,-2931.004078832811,-3612.976790467007,-5066.145136378809,6.873011913725522,-2.2815864117452778,-2.347681151701901,0.003577440225102398,0.004416343838446734,0.00620944313991814,-47.71031939015589,-33.3538370699263,511.7655407231423,6878.790073645602,0.00016916294590567921,52.991089351544865,355.78029466596684,309.1823841967198,298.0918205892355
15 Jul 2026 22:05:00.000000000,-2512.482585945984,-3741.827778224924,-5195.732305543884,7.072624237175389,-2.011890211406977,-1.9703308162805084,0.00306537256682171,0.0045728457913491736,0.006366910505876091,-49.32000761787663,-28.417126898211105,512.3088967673266,6878.253939561362,8.432244120054876e-05,52.98939378650635,355.77471253354906,334.6161639553596,276.46625196232225
15 Jul 2026 22:06:00.000000000,-2082.9142409544124,-3854.2269674370855,-5302.411384424313,7.241110162202867,-1.7333929388974445,-1.5843556224870603,0.0025400507933499967,0.004709275950228033,0.006496372548480352,-50.681940753793754,-23.15978016367594,512.7872748228572,6877.803634423814,5.4906591833625645e-05,52.987966318444876,355.76887160122936,58.394284441670266,196.49640388533638
15 Jul 2026 22:07:00.000000000,-1644.1891389850236,-3949.682776628219,-5385.7156313973255,7.377741830877387,-1.4473161921660733,-1.1914522671179066,0.0020037667588430957,0.004825062929137333,0.006597294489778469,-51.76925617929977,-17.609199868391187,513.1930007619793,6877.4470688845395,0.00011904579582006663,52.986831968747346,355.7628186478846,106.00814464684386,152.69083964813194
15 Jul 2026 22:08:00.000000000,-1198.2368941935733,-4027.777896783874,-5445.280996665803,7.481930112309603,-1.1549132759758651,-0.7933459760075902,0.0014588520277517129,0.004919722884343109,0.006669262280380134,-52.55775313384239,-11.814087161809708,513.5198858520424,6877.190500226242,0.00019524399061053176,52.986010582303265,355.7566041907906,122.72292195226694,139.78434285430012
15 Jul 2026 22:09:00.000000000,-747.0182504350415,-4088.1710352876794,-5480.847615777723,7.553226725153193,-0.8574639152254587,-0.3917832403250219,0.0009076690834454274,0.004992860635171732,0.006711983230410783,-53.02813665517772,-5.844235891548781,513.7633277421467,6877.038423918458,0.00026888558852093566,52.98551647758673,355.7502815921259,133.71908411506357,132.59640589287042
15 Jul 2026 22:10:00.000000000,-292.51658046818534,-4130.598340813733,-5492.26086649375,7.591325836895523,-0.5562689070301198,0.011475477322532485,0.0003526026764665584,0.005044170587253363,0.006725286388249217,-53.1681346264279,0.2135269780016465,513.9203834103595,6876.993496042591,0.0003379856081987663,52.9853581947114,355.7439061153283,142.9795927687017,127.14402691449934
15 Jul 2026 22:11:00.000000000,163.27069521374054,-4154.874505848973,-5479.471987659911,7.59606514727617,-0.25264472252106035,0.4146630529355886,-0.00020394872495008574,0.0050734374863059956,0.006709122700904455,-52.9740003055683,6.26316319714266,513.9898130278184,6877.056487844197,0.000402098269090716,52.98553834588912,355.7375339481031,151.57422226379518,122.35739147969421
15 Jul 2026 22:12:00.000000000,618.3407391874823,-4160.893544123645,-5442.538259510799,7.567426460647552,0.05208193208645593,0.8160130149140562,-0.0007595814278895518,0.005080537021624675,0.006663564977119839,-52.45099641928499,12.209501231221186,513.9720941351559,6877.22627313308,0.00046124044070554126,52.986053570892146,355.73122120943697,159.89933509533566,117.84009762511326
15 Jul 2026 22:13:00.000000000,1070.69394700897,-4148.629240769027,-5381.622745525653,7.505535749191095,0.3565795864835919,1.213766850068633,-0.0013118950015996204,0.005065436289577327,0.00658880766195014,-51.612721282720756,17.968095558703386,513.8694059676642,6877.499848706119,0.0005156598167102292,52.98689459824479,355.7250229582736,168.12774361512848,113.41929464134195
15 Jul 2026 22:14:00.000000000,1518.3425857144205,-4118.135273527432,-5296.993596627057,7.410662705840196,0.6595175009159808,1.6061812903940775,-0.0018585008095951103,0.005028194116076148,0.006485166416313821,-50.47946971400961,23.47248974632221,513.6855842055478,6877.872387421254,0.000565740343838076,52.98804641098416,355.71899222140553,176.33807960861128,109.01631397518715
15 Jul 2026 22:15:00.000000000,1959.3193902398873,-4069.5450038459585,-5189.022919201432,7.283219782769699,0.9595711757669698,1.9915355684032034,-0.00239703063441886,0.004968961226404608,0.00635307748127262,-49.07606071514667,28.67760428435638,513.4260468640337,6878.33732301164,0.0006119368273889088,52.98948851396851,355.713179057862,184.5615153812219,104.59994860371143
15 Jul 2026 22:16:00.000000000,2391.6860867328805,-4003.070937231942,-5058.185209181715,7.123760708619407,1.2554278664086471,2.36813862730522,-0.002925145436716799,0.0048879802438426346,0.006193096798076357,-47.42961458143595,33.55937794149913,513.0976924721222,6878.886465201045,0.0006547159135323588,52.9911952979073,355.7076296763127,192.80186208949382,100.16635513749156
15 Jul 2026 22:17:00.000000000,2813.5418112456505,-3919.0038528662317,-4905.05535530902,6.932978475438351,1.5457920921778872,2.7343362701126916,-0.003440544278924057,0.004785585486297704,0.006005898839854042,-45.567646850291524,38.1117772786968,512.7087721172406,6879.510143174688,0.0006944997006631348,52.99313649357294,355.70238562110535,201.04585910970297,95.7287648534077
15 Jul 2026 22:18:00.000000000,3223.03139168514,-3817.7116031962155,-4730.3062157239865,6.711702784862752,1.8293911263501543,3.0885182289737663,-0.003940973432048001,0.004662202526013067,0.005792275106473635,-43.51666152252269,42.34256962395886,512.2687373518207,6880.197374978853,0.0007316140731077607,52.995277708059604,355.6974830412657,209.26956102955225,91.31109706510456
15 Jul 2026 22:19:00.000000000,3618.353460234824,-3699.637585083267,-4534.7057732563335,6.460896942426681,2.104980451624088,3.4291251328086627,-0.004424235666459957,0.004518347468002815,0.0055531322234061,-41.30126245273049,46.26900016700186,511.7880663633147,6880.936059975651,0.0007662457502432564,52.99758103350958,355.6929520553507,217.44304893106738,86.94324815728217
15 Jul 2026 22:20:00.000000000,3997.768362777362,-3565.298885091691,-4319.113876210171,6.1816541892852515,2.3713491629622285,3.7546553478262505,-0.0048881997126122454,0.004354625903310703,0.005289489587531174,-38.94370249567963,49.91405526242077,511.27807119554643,6881.713191073466,0.0007984120362193467,53.0000057174567,355.6888162232482,225.53424977906684,82.65727246448502
15 Jul 2026 22:21:00.000000000,4359.605831239489,-3415.284102674552,-4084.4785730862927,5.875193462069418,2.6273252968360494,4.06367166190525,-0.005330809858136748,0.004171731488788486,0.0050024764990168275,-36.46375336911494,53.30358002288295,510.7506891699571,6882.515083095821,0.000827946017007018,53.00250888286157,355.68509213418696,233.51204281078645,78.48427609472157
15 Jul 2026 22:22:00.000000000,4702.272384276221,-3250.250856362081,-3831.8320515466794,5.542854574140831,2.871781063079582,4.354807780315707,-0.005750095628359649,0.0039704441061316695,0.004693328721852384,-33.878783509937776,56.46424775041295,510.21826198231554,6883.327613348901,0.0008544980244691967,53.00504628505363,355.6817891180551,241.34861198601615,74.45206463534423
15 Jul 2026 22:23:00.000000000,5024.2584214125145,-3070.922979565547,-3562.286193994421,5.18609281514354,3.103637952857615,4.6267745970288425,-0.006144181483090936,0.0037516275586979998,0.004363384424833093,-31.20395408983229,59.42224684568555,509.69330623479686,6884.136470207836,0.000877552161449242,53.007573092165245,355.67890908501414,249.02098361791911,70.58360561876076
15 Jul 2026 22:24:00.000000000,5324.144975707387,-2878.0874142811517,-3277.0277643891013,4.8064729704043625,3.3218716938020356,4.8783662030949815,-0.006511296442068389,0.0035162267666743025,0.004014079459648665,-28.45246988789485,62.202513119245886,509.1882793955788,6884.927405369712,0.0008964550767058916,53.010044675252104,355.67644649604915,256.5117608312863,66.89629409998567
15 Jul 2026 22:25:00.000000000,5600.610090267198,-2672.590812779684,-2977.3132433143965,4.405662767304137,3.525517021322666,5.108465591420612,-0.006849783539560464,0.0032652644309007044,0.0036469419470200205,-25.63584461953632,64.82834748137184,508.71534534835615,6885.6864853232355,0.0009104532918937606,53.01241739415006,355.6743884648313,263.8091567639758,63.40191943001988
15 Jul 2026 22:26:00.000000000,5852.4347845555985,-2455.3358592860086,-2664.4633308126668,3.9854257620829387,3.7136722335580497,5.316050015897368,-0.007158108997777092,0.0029998371452404924,0.0032635861556371336,-22.76415739033889,67.32129026366164,508.2861437933252,6886.400337565852,0.000918735241255444,53.01464936522134,355.6727149888813,270.9064907007779,60.107169036579855
15 Jul 2026 22:27:00.000000000,6078.508577478043,-2227.277325630123,-2339.8571390513816,3.5476136874565865,3.88550349652268,5.500195962340496,-0.007434870999529815,0.0027211109475554305,0.002865705673271283,-19.846288506067715,69.70115723233263,507.9115677804389,6887.056387159935,0.0009204746091953361,53.0167011974889,355.67139930584085,277.80132860849307,57.01448774514371
15 Jul 2026 22:28:00.000000000,6277.83453566823,-1989.4178768809315,-2004.9260994332249,3.0941582887184294,4.0402488657797395,5.6600836891662,-0.007678807937391334,0.0024303163120495855,0.00245506588650601,-16.890130141059217,71.98617146841147,507.6015535888618,6887.643079365961,0.0009148722800179327,53.018536684243536,355.6704083683709,284.49442616032894,54.12313455491947
15 Jul 2026 22:29:00.000000000,6449.533817304518,-1742.8036449787428,-1661.1476112441774,2.6270626834255237,4.177221991508012,5.795001297223861,-0.007888806012975487,0.002128742597641057,0.002033495801819307,-13.90277163458537,74.19314772979203,507.3648870082405,6888.150084316463,0.0009011950115447237,53.02012343801668,355.6697034291818,290.9885819612393,51.43032916172882
15 Jul 2026 22:30:00.000000000,6592.849684122806,-1488.5195903424233,-1310.0384612926773,2.1483922870968724,4.295815475143616,5.904348290711358,-0.0080639060717029,0.001817731982701677,0.0016028792602766242,-10.890661500696126,76.33770208503614,507.2090298265208,6888.5684800034105,0.0008788096557248985,53.02143345783332,355.6692407257414,297.2874434840145,48.93244572244148
15 Jul 2026 22:31:00.000000000,6707.150957063978,-1227.6846732718927,-953.1480461628029,1.6602653543202424,4.395503847875025,5.987638594611234,-0.008203309555747846,0.0014986729256401823,0.0011651456104444045,-7.859749361409282,78.43447074911823,507.1399699862311,6888.890910234517,0.00084721230749695,53.02244361887055,355.6689722525166,303.3942311270946,46.626288455222685
15 Jul 2026 22:32:00.000000000,6791.9348941583285,-961.4468586739433,-592.0514306383694,1.164843191061053,4.475846144108519,6.044502998522949,-0.008306383478723341,0.0011729932060566284,0.0007222599222274067,-4.815611455569896,80.49732946547908,507.16209844170857,6889.111714666861,0.0008060521676461789,53.02313607602914,355.66884660706665,309.3102442059468,44.5105852696151
15 Jul 2026 22:33:00.000000000,6846.829472774657,-690.977979149547,-228.34227749051482,0.6643200995536759,4.536488046553375,6.074691002035562,-0.00837266433509092,0.0008421526099894518,0.0002762128350266801,-1.7635634604677564,82.53960956936125,507.2781152411091,6889.227028539358,0.0007551501979203028,53.02349857445149,355.668809895019,315.03284587995114,42.588002430958284
15 Jul 2026 22:34:00.000000000,6871.5950621890315,-417.46848274832433,136.37431487892573,0.16091312174083242,4.577163583712778,6.078072042749679,-0.008401860876679245,0.0005076353329008428,-0.00017098985511535594,1.29123571147753,84.57430986513042,507.48896678146286,6889.234850289308,0.0006945129012977504,53.02352466166204,355.66880667804566,320.5522867059285,40.86832057490804
15 Jul 2026 22:35:00.000000000,6866.125476488947,-142.1220927273857,500.48902951732236,-0.34314834932147603,4.597696365193153,6.0546360945600615,-0.008393855712184326,0.00017094218126790045,-0.0006173377573449546,4.343685596628154,86.61430523528564,507.7938155562067,6889.135075839707,0.0006243419103969593,53.023213797738016,355.66878094808993,325.84593302073176,39.37420587684166
15 Jul 2026 22:36:00.000000000,6830.448402060587,133.84959264480193,862.3955647777773,-0.8456330185268834,4.598000345248717,6.0044936306722505,-0.008348705700226274,-0.00016641734186859862,-0.0010608264805818087,7.388647896545734,88.67255384596191,508.1900430497863,6888.929498970872,0.000545040838081116,53.02257136170678,355.66867711082216,330.8663491407707,38.15312739571352
15 Jul 2026 22:37:00.000000000,6764.725198220905,409.23253176897697,1220.4978468873019,-1.3443181258547372,4.5780801102040956,5.927874952855143,-0.008266641140777053,-0.0005029329788632259,-0.0014994681435825607,10.420848820638659,90.76230513369363,508.6732857513264,6888.6217778277205,0.0004572231068800177,53.02160855418243,355.66844096106894,335.5131907154693,37.30546326283322
15 Jul 2026 22:38:00.000000000,6669.250073879004,682.8156743207027,1573.2171834696028,-1.8369997997586263,4.538030690708222,5.825128895426751,-0.008148063778197535,-0.0008371015988393936,-0.0019313016849395958,13.434776625625291,92.8973105256298,509.237503578374,6888.217368248502,0.00036173274320720197,53.02034219806306,355.668020633178,339.55499087424124,37.06271408345461
15 Jul 2026 22:39:00.000000000,6544.448647358665,953.3963704303985,1918.9993209719626,-2.321503256897034,4.478036905010969,5.696720919236504,-0.00799354366547861,-0.0011674349325393363,-0.0023544028636945965,16.42457084184736,95.0920380088558,509.8750793411791,6887.723425218045,0.0002597298911827015,53.01879444088554,355.66736750969494,342.35257803491106,38.06408469049008
15 Jul 2026 22:40:00.000000000,6390.875900607391,1219.7857266270946,2256.321370049638,-2.795692781520874,4.398372244469679,5.543230617253419,-0.007803814949835618,-0.001492467079690404,-0.0027668938490013457,19.38389956718356,97.36189004007674,510.57694725681387,6887.148674335013,0.00015319248510864425,53.01699236414047,355.66643707257515,341.3879124089113,42.82764722198421
15 Jul 2026 22:41:00.000000000,6209.213542883986,1480.8138815406005,2583.698564422868,-3.257481422220185,4.299397317150601,5.365348659122059,-0.007579770663906315,-0.0018107617151029336,-0.0031669523091266494,22.305821129596506,99.72342153384115,511.33274795599726,6886.5032557256745,5.242336416492224e-05,53.014967506462796,355.6651896820902,313.0036972842458,75.01072944789823
15 Jul 2026 22:42:00.000000000,6000.266802590663,1735.3351754432404,2899.690820505002,-3.704840349161785,4.181557869559883,5.163873207054832,-0.007322456621229496,-0.0021209189291095604,-0.0035528199238775886,25.182626474613706,102.1945502497257,512.131006928643,6885.798543325457,9.042412219663184e-05,53.01275530909959,355.6635912699045,211.92987480908437,179.88341862935715
15 Jul 2026 22:43:00.000000000,5764.9606691420895,1982.2331890212934,3202.909067156712,-4.135807821216978,4.045382410115755,4.93970583956654,-0.0070330645225690075,-0.0024215816472921833,-0.003922810257728509,28.00565900450949,104.79474504089698,512.9593329369128,6885.046942874885,0.00020345878342147925,53.010394493398294,355.6616139342803,202.32853203477254,193.28365515695842
15 Jul 2026 22:44:00.000000000,5504.335609594333,2220.4256282811457,3492.021317198848,-4.5484977192873774,3.891479460863895,4.693847022731265,-0.006712924398027472,-0.00271144158873017,-0.004275315951663181,30.76510957799203,107.54516708619383,513.8046325951759,6884.261672331102,0.00032037439752927654,53.00792638122629,355.65923642716007,203.14081359340298,196.2703195976599
15 Jul 2026 22:45:00.000000000,5219.542787167226,2448.8690341409706,3765.7584547566366,-4.941107609432726,3.7205344660990605,4.427391170795362,-0.006363496504447242,-0.0029892447324540955,-0.004608815204966435,33.44978644097134,110.46872414289243,514.6533370779398,6883.456528674658,0.00043662196443845644,53.00539417021181,355.65644452465716,206.090459554215,197.11969460986296
15 Jul 2026 22:46:00.000000000,4911.838810757423,2666.5632970303495,4022.919715048724,-5.311926306872754,3.5333063879334894,4.1415213390935754,-0.005986362803923052,-0.003253796275992397,-0.00492187753782149,36.04686370434605,113.58997677815069,515.4916367707073,6882.6456452905895,0.0005500965530597419,53.00284217646809,355.6532312746004,209.79228890289357,197.2169812856531
15 Jul 2026 22:47:00.000000000,4582.580046063338,2872.5559586354952,4262.377835814707,-5.659340919306488,3.3306240194635683,3.8375035923062693,-0.005583218143501509,-0.0035039650820100268,-0.005213168841015681,38.54161860077518,116.93480786331622,516.3057196223573,6881.84324422275,0.0006590309648411284,53.00031505801617,355.6495971168536,213.8247651277284,196.98373343836974
15 Jul 2026 22:48:00.000000000,4233.216520043451,3065.946284761632,4483.083862125591,-5.981843355039791,3.1133820460436286,3.5166810902332526,-0.0051558612512423415,-0.003738687622288554,-0.005481455736222281,40.91717837639271,120.52973377854049,517.0820089853421,6881.063387640298,0.0007617762021011105,52.99785703244546,355.64554987442773,218.01722532674663,196.59062842242733
15 Jul 2026 22:49:00.000000000,3865.2854510550537,3245.889095113224,4684.071588846791,-6.278036287979843,2.882536884304805,3.1804679314494435,-0.004706185649603594,-0.003956971437805946,-0.005725609281588258,43.15431354523783,124.40070380125414,517.8073968353658,6880.319732819312,0.0008567732789936036,52.99551110244339,355.64110461552605,222.2875040872559,196.1198432347016
15 Jul 2026 22:50:00.000000000,3480.4044374395444,3411.598337468976,4864.461627303599,-6.546638577232212,2.6391023271511975,2.830342792799854,-0.0042361705767442175,-0.00415789814451666,-0.005944608070913089,45.2313358941673,128.57121760307024,518.4694684353811,6879.625294833212,0.0009425626492709682,52.99331830268218,355.6362833890146,226.59083361351512,195.61615442027204
15 Jul 2026 22:51:00.000000000,3080.2643371793506,3562.350395431892,5023.465084984197,-6.786490144057911,2.384145020903938,2.4678423994435246,-0.003747871989062543,-0.004340626022370731,-0.0061375407834578415,47.1241854686028,133.05961720723076,519.0567147417842,6878.992220969998,0.0010178031972798787,52.991316981175444,355.6311148378961,230.90014568388793,195.10663620024474
15 Jul 2026 22:52:00.000000000,2666.6218710550534,3697.4871203867074,5160.386849041842,-6.996556312736984,2.118779798409768,2.0945548566684775,-0.003243413698917586,-0.004504392228681954,-0.00630360824445469,48.80681467220287,137.8755209006154,519.5587291315176,6878.4315806553395,0.0010812933278600454,52.9895421276173,355.6256336975909,235.19728377782423,194.6094484784573
15 Jul 2026 22:53:00.000000000,2241.2919812205237,3816.418579659322,5274.6284661523005,-7.17593162469989,1.8441648892467575,1.7121128708333186,-0.002724978686396987,-0.0046485146837480715,-0.006442125063925331,50.251986301537066,143.01560790990848,519.9663853503091,6877.953174368317,0.0011319915392436072,52.98802476040165,355.6198801877157,239.46857468098935,194.1382654154414
15 Jul 2026 22:54:00.000000000,1806.1399764838152,3918.625514060783,5365.690612814624,-7.323843136944266,1.5614970253326048,1.3221868828742953,-0.002194800601691393,-0.004772393674744457,-0.006552520916755074,51.43257483090283,148.45934937707852,520.2719939333589,6877.565364694054,0.0011690353289186472,52.98679138300228,355.61389930797816,243.70230278033785,193.70480135378915
15 Jul 2026 22:55:00.000000000,1363.0734949700388,4003.6614989942314,5433.1751514694015,-7.439653216268763,1.2720064574817145,0.926478134079274,-0.0016551554588998796,-0.004875513224827964,-0.006634341526636179,52.32337410221507,154.16573820871307,520.4694347245044,6877.274932274598,0.001191757840642619,52.985863519195355,355.6077400504065,247.88703237941195,193.3204887592576
15 Jul 2026 22:56:00.000000000,914.0343139586033,4071.154804201899,5476.786768925163,-7.522861840405917,0.9769518956518137,0.5267116801474894,-0.001108353503425057,-0.004957442269712779,-0.006687249408441499,52.90326307457624,160.0723790139722,520.5542635105624,6877.086959000218,0.0011997019458930122,52.9852573352412,355.601454541647,252.0102520991026,192.99783410802715
15 Jul 2026 22:57:00.000000000,460.99003634281513,4120.809947857006,5496.334194396662,-7.573108415562766,0.6776153834053097,0.12462936674724312,-0.0005567312214292018,-0.005017835678147935,-0.006711024414416446,53.15739758726478,166.0981362419906,520.5237911894139,6877.004740336074,0.0011926316670079471,52.98498335563891,355.59509713022663,256.057013566492,192.75177951016187
15 Jul 2026 22:58:00.000000000,5.925682390201031,4152.408941335126,5491.730995221259,-7.590173117687414,0.37529711492146367,-0.278017222903501,-2.64344769665344e-06,-0.005056435147676914,-0.006705564121600089,53.07896281973102,172.14968624735832,520.377134299763,6877.029728208559,0.0011705410829951207,52.985046277448085,355.58872343469136,260.00828022553196,192.6013542299607
15 Jul 2026 22:59:00.000000000,-449.16478473781297,4165.812221423847,5462.995948863862,-7.573977761808269,0.07131020145429955,-0.67947383954167,0.0005515444815686715,-0.005073069995864512,-0.006670884081972337,52.67003702599853,178.13096361610346,520.1152361545616,6877.161505388574,0.0011336611891594422,52.98544488646494,355.5823893691527,263.8386386266397,192.5719637390819
15 Jul 2026 23:00:00.000000000,-902.2869714641953,4160.959267123961,5410.252990321286,-7.524586200453518,-0.23302460688461685,-1.077990650553697,0.0011034645891527103,-0.0050676578572992894,-0.006607117943110304,51.941322575467225,-176.04670496466764,519.7408582367871,6877.39779180953,0.001082465727683589,52.98617207677567,355.57615016327674,267.5128342039765,192.69885428682184
15 Jul 2026 23:01:00.000000000,-1351.454575971309,4137.868898535371,5333.730734493242,-7.4422042485855116,-0.5363842384851599,-1.471829326075681,0.001650754190451915,-0.005040205288876279,-0.006514517436521689,50.910821934528514,-170.45629012804275,519.2585419351402,6877.7344827536435,0.0010176780105157436,52.987214973414886,355.5700593937708,270.98018391427394,193.03270060669522
15 Jul 2026 23:02:00.000000000,-1794.6978915207999,4096.6392556606515,5233.761573562237,-7.3271791289308394,-0.8374486509427173,-1.8592701199863597,0.002191063957972366,-0.004990808271692388,-0.006393452212134558,49.60181995909506,-165.150292843141,518.6745411167058,6878.165718333541,0.0009402827710918276,52.98855515606618,355.5641680443006,274.16505770430814,193.6491247853357
15 Jul 2026 23:03:00.000000000,-2230.072261888379,4037.447455333161,5110.780349970253,-7.179998428279623,-1.1349062083912882,-2.2386189357175255,0.002722066168948917,-0.004919652590858628,-0.006244409488557168,48.04065271210009,-160.1598687332548,517.996726453101,6878.683983195391,0.0008515514641148948,52.99016897998123,355.55852361025916,276.94974598841367,194.66582910558745
15 Jul 2026 23:04:00.000000000,-2655.6664592360785,3960.548924921228,4965.32260624292,-7.0012885524870505,-1.427459077243563,-2.6082143644947675,0.003241463177439704,-0.004827014060814202,-0.00606799347160315,46.25467890080256,-155.4970137799881,517.2344628346649,6879.280234879267,0.0007530997838767564,52.99202798859853,355.55316926409546,279.1417079838232,196.27534800961837
15 Jul 2026 23:05:00.000000000,-3069.610953924787,3866.2764120143206,4798.022413738445,-6.791812665745092,-1.713828630040121,-2.966434680637838,0.0037469961409851245,-0.004713258559762526,-0.00586492448940895,44.270700570812174,-151.15845847301452,516.3984616210556,6879.944058797335,0.0006470228935524254,52.99409941073755,355.548143095815,280.4065853155875,198.81203476429312
15 Jul 2026 23:06:00.000000000,-3470.0860448646877,3755.0386699842134,4609.6097834214015,-6.552468098374361,-1.9927608445924263,-3.3117047750448023,0.004236454015647557,-0.004578841826822108,-0.005636037780865317,42.113903604782806,-147.13001509569128,515.5006098835372,6880.66384733979,0.0005362297964038768,52.996346733759665,355.54347744204915,280.1209240150077,202.89933969944101
15 Jul 2026 23:07:00.000000000,-3855.32981802823,3627.318820168763,4400.90766301165,-6.2842832070666885,-2.2630316827020387,-3.642503004095659,0.0047076828144081,-0.004424308970060273,-0.0053822818688274935,39.807266391920805,-143.3905373811008,514.5537791886846,6881.427000194955,0.000425334620831931,52.9987303427499,355.53919831549223,277.0289708529709,209.793014072804
15 Jul 2026 23:08:00.000000000,-4223.645899802148,3483.6723924566327,4172.828526352337,-5.988413672289689,-2.5234524296141547,-3.957367927122567,0.005158595108717012,-0.004250293634939258,-0.005104716453116805,37.37132855035363,-139.91509378939864,513.5716168498747,6882.220142586127,0.00032320886591579936,53.001208214602165,355.5353249448416,268.4850014258041,222.13878213992604
15 Jul 2026 23:09:00.000000000,-4573.410970988298,3324.7250472757314,3926.3705625798343,-5.666138219503515,-2.7728749721254298,-4.254904901497892,0.005587179728340735,-0.004057516776075822,-0.004804509752009074,34.82420390793573,-136.6772767341246,512.568322923452,6883.02935778483,0.00024959920201253927,53.00373665491505,355.5318694334084,249.925257490209,244.50040392914653
15 Jul 2026 23:10:00.000000000,-4903.0820065452235,3151.1699834046044,3662.6134746651155,-5.318853753959592,-3.0101969900704537,-4.533792500465791,0.005991511598716889,-0.0038467849816875674,-0.0044829352314445904,32.18173989374432,-133.65074575454685,511.55841654288724,6883.840429971771,0.00023803254496587386,53.00627106483217,355.5288365425514,222.04168725832548,276.18593500817445
15 Jul 2026 23:11:00.000000000,-5211.203205669545,2963.765037634374,3382.713899104881,-4.948069903111779,-3.2343670328955003,-4.792788715296025,0.0063697616360157035,-0.00361898830310722,-0.004141367667144908,29.457751446849365,-130.8101683282888,510.5564954559966,6884.63909328566,0.0002963419062048572,53.008766724414755,355.5262236038498,199.86429386639335,302.16537802722866
15 Jul 2026 23:12:00.000000000,-5496.412576620476,2763.3294840777426,3087.9004609456497,-4.555402965984375,-3.4443894503547297,-5.030736900342769,0.00672020660201416,-0.003375097547512781,-0.0037812784944993476,26.66428185290462,-128.131723995658,509.57699284787293,6885.4112827360095,0.00039253219592502844,53.011179578818144,355.52402056177476,188.84296362654058,316.98885442861445
15 Jul 2026 23:13:00.000000000,-5757.448140830524,2550.7405428545617,2779.468480888671,-4.142569275101654,-3.6393291441326348,-5.246571417310224,0.0070412388090091696,-0.0031161610023463892,-0.0034042304161956707,23.811861898607663,-125.59331117247437,508.63393568457735,6886.143382564325,0.0005018871487622226,53.01346701346728,355.52221014623944,184.53003532240862,325.1040350623517
15 Jul 2026 23:14:00.000000000,-5993.153721398523,2326.929609919206,2458.774353894381,-3.711377983600614,-3.8183161055656716,-5.4393229336068805,0.0073313755491277955,-0.002843300568021724,-0.0030118712499703003,20.909752022131716,-123.1745624647218,507.740708890431,6886.8224676242235,0.0006132198150215715,53.01558860459345,355.52076817219444,183.65481288424448,329.78162737352295
15 Jul 2026 23:15:00.000000000,-6202.484282044035,2092.8782219225086,2127.229621432642,-3.26372329774342,-3.9805497036752,-5.608123329217604,0.0075892681228571434,-0.0025577072917143504,-0.0026059270204352642,17.966160728261123,-120.85674347765111,506.90982966635016,6887.436533419366,0.000721090326269444,53.01750683189847,355.5196639611426,184.64434269967217,332.5945979073281
15 Jul 2026 23:16:00.000000000,-6384.510784060324,1849.613772150905,1786.2947622409458,-2.8015761829686294,-4.12530268753541,-5.75221016711998,0.007813710328218152,-0.002260636303384353,-0.0021881943113922346,14.988437720438483,-118.62258550585113,506.152736160842,6887.974710589776,0.0008222920983900269,53.019187740753225,355.51886087734994,186.73451707695807,334.3070686181638
15 Jul 2026 23:17:00.000000000,-6538.424530730969,1598.2049957377178,1437.4727291036938,-2.3269755796511573,-4.25192486761184,-5.870930683952384,0.00800364628131074,-0.001953401173016964,-0.0017605319177942857,11.983243111989099,-116.45608434542288,505.47959451588406,6888.427459874357,0.0009146291279617232,53.02060154219932,355.51831696944805,189.52584643674362,335.31854441068555
15 Jul 2026 23:18:00.000000000,-6663.540971085825,1339.757244425045,1082.3022616750002,-1.842019172600998,-4.359846442159705,-5.9637452604144,0.008158177437656457,-0.001637367719470991,-0.0013248518515935155,8.956695567016494,-114.34228476417454,504.89912802415745,6888.786743896226,0.0009964672446436801,53.02172314009659,355.5179857062514,192.79385236971714,335.85351978011886
15 Jul 2026 23:19:00.000000000,-6759.302937740114,1075.4075731232494,722.3510076805233,-1.3488537657754762,-4.448580937050279,-6.03023033470108,0.008276568695561436,-0.0013139473158371344,-0.0008831097739792305,5.9145028738729835,-112.26706159719608,504.418471755859,6889.046172515523,0.001066554697706044,53.02253257602169,355.5178167939703,196.40465416994698,336.0458919475193
15 Jul 2026 23:20:00.000000000,-6825.283296851127,806.3196623374605,359.20848688809497,-0.8496653204740219,-4.517727730454868,-6.070080727066653,0.008358253477074877,-0.0009845897492168668,-0.00043729494184328773,2.8620786508870406,-110.21690282986296,504.04305554693207,6889.201118963749,0.0011239450595455836,53.02301538395783,355.51775706046925,200.27463022245482,335.9792991174168
15 Jul 2026 23:21:00.000000000,-6861.186991903034,533.6786021290486,-5.521066024420117,-0.34666872118001535,-4.566974137605401,-6.083111349268319,0.0084028376926698,-0.0006507757027763261,1.0580231371822843e-05,-0.19535113877565052,-108.17869647144354,503.7765176964908,6889.248804506854,0.001167961795590023,53.023162848395145,355.5177513910729,204.34978379285027,335.7077543165483
15 Jul 2026 23:22:00.000000000,-6866.85246702288,258.68556465037506,-370.2259421911853,0.15790266195462427,-4.596097035260524,-6.069258279009933,0.00841010252602207,-0.00031400893932255063,0.00045849088847679895,-3.2526482875255343,-106.13952085201318,503.6206511118033,6889.188349969791,0.0011981801931374714,53.022972161157156,355.5177436994312,208.59454951257652,335.2668385269971
15 Jul 2026 23:23:00.000000000,-6842.252459779026,-17.447606637636202,-733.2942443781892,0.6618075414163581,-4.604964010430599,-6.028579186420315,0.008380005982725225,2.4191729032923866e-05,0.0009044105968748144,-6.304665582649542,-104.08643675457058,503.5753829800016,6889.020793080181,0.0012144160261171439,53.022446474055165,355.51767791634234,212.98542247651795,334.680071204166
15 Jul 2026 23:24:00.000000000,-6787.4941578335,-293.50386217126515,-1093.1211788420787,1.1628073366295648,-4.593534023210587,-5.961253106867049,0.008312683184068805,0.0003623005937429002,0.0013463222490163677,-9.346149762303595,-102.00627926074756,503.6387883556917,6888.74907124106,0.0012167159800136646,53.02159484631236,355.51749897902295,217.50719962258844,333.9626685172189
15 Jul 2026 23:25:00.000000000,-6702.818718333511,-568.2664365858747,-1448.1163140475478,1.6586767786705077,-4.561857579091132,-5.867579561822432,0.008208445401459326,0.0006987932325429236,0.0017822288714513606,-12.37164075740746,-99.8854472238029,503.8071373507909,6888.377970003654,0.0012053473967163627,53.02043208756685,355.51715380337,222.15071867047047,333.1238040420939
15 Jul 2026 23:26:00.000000000,-6588.600153445761,-840.5243346625357,-1796.7107673799135,2.1472144204723187,-4.510076411706288,-5.747977036852052,0.008067777856937585,0.0010321546291404344,0.002210164221745632,-15.375363718375326,-97.70968889654594,504.0749749195884,6887.914038171213,0.0011807861332089518,53.018978499116876,355.5165922219315,226.91151103373224,332.16795549999495
15 Jul 2026 23:27:00.000000000,-6445.343589875113,-1109.0777836995173,-2137.36428173798,2.626252979690718,-4.438422682470327,-5.602980832880659,0.007891336335386702,0.001360887140176591,0.0026282030586859,-18.351110214425855,-95.46388357392358,504.4352315652629,6887.365471101798,0.0011437019792900252,53.017259517885286,355.5157678709602,231.78906106601886,331.095645187536
15 Jul 2026 23:28:00.000000000,-6273.682914485287,-1372.7436236279275,-2468.572155050884,3.0936694448276443,-4.347217708803605,-5.43324031350902,0.007679942674311982,0.0016835182244438775,0.0030344709796981334,-21.29210488825187,-93.13182144863515,504.87936267522497,6886.741964384578,0.0010949414553374404,53.015305269317324,355.51463901074635,236.78652222199295,329.9037235243353
15 Jul 2026 23:29:00.000000000,-6074.377822173755,-1630.3606070475435,-2788.8719872990714,3.547394879867107,-4.236870237498087,-5.2395155771285316,0.007434579222850441,0.001998607858333307,0.0034271537335907923,-24.190853838044212,-90.69598769558965,505.39751363521134,6886.05454061985,0.0010355080512600685,53.013150037055965,355.5131692646477,241.91084937159812,328.5852364854378
15 Jul 2026 23:30:00.000000000,-5848.310285878632,-1880.7945824837186,-3096.850211495558,3.985423868386054,-4.1078742841016265,-5.022673587751495,0.007156382368698855,0.0023047555698471134,0.0038045059288676925,-27.038971235399394,-88.1373627987864,505.9787073920719,6885.315352531832,0.0009665401439830784,53.01083165873134,355.51132826361743,247.17340840834896,327.1288157832173
15 Jul 2026 23:31:00.000000000,-5596.4804719560525,-2122.943535534378,-3391.1483772389574,4.405823544660324,-3.960806562895788,-4.783683802723627,0.006846635251003556,0.0026006070360329726,0.004164859076098286,-29.826981426901224,-85.43526028113982,506.6110507407084,6884.537466070874,0.0008892869882315504,53.00839085852983,355.5090921847132,252.59126241122186,325.517392543783
15 Jul 2026 23:32:00.000000000,-5320.002127112453,-2355.742464150107,-3670.4691578390907,4.806742166475831,-3.796323535017256,-4.5236133387168085,0.006506759780316416,0.0028848601999543386,0.004506628918283575,-32.544095419210166,-82.56723651824923,507.28195530980685,6883.734627512759,0.0008050833612349019,53.00587052834746,355.5064441739544,258.18957965168585,323.72578919015575
15 Jul 2026 23:33:00.000000000,-5020.097465579781,-2578.168066015695,-3933.5820545689166,5.186417191917262,-3.615158104474838,-4.243621719566118,0.006138308096186184,0.0031562708780455044,0.004828322023529118,-35.177963840738705,-79.5091265370648,507.97836901592206,6882.921018830089,0.0007153237398357482,53.0033149702619,355.50337464594423,264.0061235818854,321.71622939912766
15 Jul 2026 23:34:00.000000000,-4698.091587270298,-2789.243217832985,-4179.328774248523,5.5431828300874,-3.4181159932169622,-3.9449552506081655,0.005742953588318312,0.0034136578408972824,0.0051285416301753,-37.71441411354936,-76.2352855696854,508.68701364593136,6882.111005791939,0.0006214375034313282,53.00076911375921,355.49988145485906,270.099989567197,319.42960137050704
15 Jul 2026 23:35:00.000000000,-4355.40645920417,-2988.0412282176976,-4406.628259080025,5.875477043294133,-3.206071826988781,-3.6289410641934783,0.005322481604536191,0.003655907363768289,0.0054059927518080916,-40.13718884633187,-72.71914811610903,509.3946242105706,6881.318883341648,0.0005248681860379863,52.998277721612716,355.49596993370596,276.56989050652487,316.7671722666413
15 Jul 2026 23:36:00.000000000,-3993.5544937289465,-3173.6898477744166,-4614.481350258279,6.18184798533131,-2.979964963609182,-3.2969808801870144,0.004878779963189466,0.003881977257118034,0.0056594865677279,-42.42771668554493,-68.93425018188118,510.0881857796917,6880.558622809762,0.0004270642712436555,52.99588459852384,355.49165280109537,283.59656414411586,313.54818101766955
15 Jul 2026 23:37:00.000000000,-3614.1317576052693,-3345.3750218934097,-4801.975069590929,6.460959867242079,-2.7407950943300414,-2.9505445233018968,0.004413829369514022,0.004090900394744308,0.0058879441322677905,-44.56496694985898,-64.85588477060992,510.75516365616454,6879.843625442533,0.0003295046467448356,52.99363181659259,355.48694993713985,291.5561406859928,309.39647087952204
15 Jul 2026 23:38:00.000000000,-3218.8108465588757,-3502.344373500649,-4968.286505683188,6.711598247559786,-2.4896176475687315,-2.5911632367220943,0.003929693829270443,0.00428178777126397,0.006090399454672349,-46.52546462732281,-60.46355236162397,511.3837229590412,6879.186486571466,0.0002338511636466332,52.99155897139021,355.48188803244557,301.3921747746838,303.36845768796627
15 Jul 2026 23:39:00.000000000,-2809.3334597937946,-3643.91040477006,-5112.686293623118,6.932674749022466,-2.227539022241666,-2.220422828213462,0.0034285111292466698,0.004453831123883069,0.0062660020031410375,-48.28356832719423,-55.74428882685223,511.9629339586988,6878.598774521143,0.0001427628328671572,52.98970248186506,355.4765001164078,316.2935592956906,292.2752163327171
15 Jul 2026 23:40:00.000000000,-2387.502708760327,-3769.4534083435387,-5234.541679149575,7.1232312075211555,-1.9557116755848905,-1.8399566814204507,0.0029124834406840583,0.004606305161783886,0.006414018696438934,-49.81212963825178,-50.69675550834193,512.4829598263257,6878.090828057638,6.699238961389097e-05,52.9880949465292,355.4708249731807,353.67438527657725,258.70262118672633
15 Jul 2026 23:41:00.000000000,-1955.1751940238048,-3878.4240800243992,-5333.319160148983,7.282443261753158,-1.6753290877316909,-1.4514386612891095,0.0023838680801146943,0.004738569447238065,0.0065338354453842555,-51.08363897215515,-45.335628740367916,512.9352238174288,6877.67157582662,7.205783086170911e-05,52.98676456737012,355.46490645572703,78.76583187627168,177.4194564882157
15 Jul 2026 23:42:00.000000000,-1514.252883453348,-3970.345826174966,-5408.5866999663285,7.409623393643635,-1.3876206225748668,-1.0565759387344984,0.0018449684442088004,0.0048500699729309305,0.006624958305218714,-52.07189660820579,-39.6953680718581,513.3125532957777,6877.348380826425,0.00014227128100228383,52.98573465171904,355.45879271014263,111.31493031425309,148.67865282062283
15 Jul 2026 23:43:00.000000000,-1066.674824447626,-4044.8167601061077,-5460.015508384445,7.504223430031539,-1.0938463018617084,-0.6571017561879866,0.0012981251190416858,0.004940340480383923,0.006687014298707522,-52.75411371096382,-33.8320472329927,513.6092984112651,6877.126912513538,0.000217146051257448,52.98502320091288,355.4525353240551,125.92956548669572,137.87228593634472
15 Jul 2026 23:44:00.000000000,-614.4087220784527,-4101.51138273495,-5487.381387362793,7.565836515665473,-0.7952915068534965,-0.25476815222137456,0.0007457071461867226,0.005009003558060797,0.0067197519596153546,-53.113164969112866,-27.821909359026947,513.8214236678699,6877.011048656629,0.0002888141374673289,52.984642593033364,355.44618841425734,136.47702730810903,131.13302587988642
15 Jul 2026 23:45:00.000000000,-159.44241463073993,-4140.181943534137,-5490.565639585348,7.594198566072093,-0.4932616198147547,0.1486613391561831,0.00019010341530238794,0.0050557715509401665,0.006723041635768467,-53.13955155303466,-21.755947650061355,513.946571049206,6877.0028085455,0.0003558833311332217,52.984599365323575,355.4398076698178,145.64543480991196,125.7727133711365
15 Jul 2026 23:46:00.000000000,296.22472253418346,-4160.659478495425,-5469.555538741675,7.589189206759679,-0.18907661578232762,0.551419001137333,-0.0003662858567868174,0.0050804473088147655,0.006696875583828908,-52.83259270305398,-15.731081727863671,513.9840938065588,6877.102318632517,0.00041805826672942307,52.98489410009884,355.4334493676667,154.2576839575718,120.96841247976366
15 Jul 2026 23:47:00.000000000,750.5904141594934,-4162.854522407897,-5424.444361200842,7.550832202544947,0.11593438618205991,0.9517402466745597,-0.0009210576086971979,0.0050829247881365915,0.006641367870483379,-52.2005150766671,-9.839856014040574,513.9350604544544,6877.307811143299,0.0004754328035508587,52.98552141612111,355.42716937817306,162.63965824479345,116.39420052447507
15 Jul 2026 23:48:00.000000000,1201.6581328215407,-4146.7574932763155,-5355.430979419105,7.479295377812755,0.42043860373432773,1.3478709195420375,-0.001471814429551991,0.005063189514599181,0.006556754084215696,-51.259413845851874,-4.161235257816537,513.8022289593312,6877.615655646305,0.0005283046439110401,52.986470065522035,355.42102217834565,170.9375974907923,111.90379976326939
15 Jul 2026 23:49:00.000000000,1647.4457266678066,-4112.438747206995,-5262.819018092206,7.3748900254561205,0.7231050955584386,1.738074572274285,-0.0020161731171226757,0.005021318902236753,0.006443390846641852,-50.03137716958726,1.245412470787566,513.5899915467212,6878.020423026418,0.0005770874572885422,52.987723134479715,355.415059890199,179.21746631151248,107.43120939607897
15 Jul 2026 23:50:00.000000000,2085.993996385901,-4060.048302604732,-5147.015574771957,7.238069799326957,1.0226102802800048,2.12063970834083,-0.0025517733449277966,0.004957482415398841,0.006301755100270128,-48.54224563766545,6.342352454585264,513.3042909894974,6878.514980771058,0.0006222452305590261,52.989258344007794,355.40933136127234,187.5030648696941,102.95259526736368
15 Jul 2026 23:51:00.000000000,2515.3751902326385,-3989.815233086994,-5008.529507462412,7.069429082480927,1.3176434599204552,2.493886974156615,-0.0030762864767408054,0.0048719415506217915,0.006132443137911293,-46.81946470440734,11.112076552729816,512.9525096721475,6879.09061795584,0.0006642323588020687,52.99104844543792,355.4038813036355,195.793337163569,98.46898200169274
15 Jul 2026 23:52:00.000000000,2933.701385399068,-3902.0467291743394,-4847.969292637789,6.869700821533241,1.606912336155293,2.8561762841105676,-0.0035874245544059847,0.004765049605100558,0.00593616932654376,-44.890337145483265,15.553740677732169,512.5433331518145,6879.73719781754,0.0007034375857753998,52.99306170349973,355.3987495065032,204.07175420155255,93.99687021822203
15 Jul 2026 23:53:00.000000000,3339.1327233586967,-3797.12682957536,-4666.04045821906,6.639753816234204,1.889148505543684,3.2059138588418867,-0.004082949473331653,0.004637251196146664,0.005713764476614828,-42.78079671009598,19.67879898450922,512.0865903516519,6880.443335332122,0.0007401345608853106,52.995262458355015,355.3939701364068,212.31244372256893,89.56210715827127
15 Jul 2026 23:54:00.000000000,3729.8854661581486,-3675.514823789998,-4463.542597333135,6.380589453074765,2.1631129174031103,3.5415591536611126,-0.004560682340776443,0.004489081484730371,0.005466173794825249,-40.514680276728846,23.50682689607006,511.59307292181967,6881.196596781344,0.0007744430639320973,52.99761175655423,355.38957113717015,220.48482512426773,85.19525205832096
15 Jul 2026 23:55:00.000000000,4104.239839940678,-3537.743328812444,-4241.365970182139,6.093337872453187,2.427601275282753,3.861631650454407,-0.0050185129961585586,0.004321165057563863,0.005194454362081038,-38.113399526845086,27.062061465724625,511.0743366821109,6881.983717901236,0.0008063044591518926,53.000068039676265,355.38557374023816,228.55733560370223,80.92785025916804
15 Jul 2026 23:56:00.000000000,4460.547631397206,-3384.4160439490884,-4000.4877030711077,5.779253560741246,2.681449360135071,4.164717482823283,-0.005454409654786446,0.004134214420793717,0.0048997720783648425,-35.59589320302369,30.37081788307984,510.5424884103483,6882.790836865268,0.0008354733618010545,53.00258787840818,355.3819920938402,236.50035508550627,76.78950847238794
15 Jul 2026 23:57:00.000000000,4797.239502402172,-3216.205189162038,-3741.9675955765615,5.439710361489884,2.923538250475521,4.449475860780828,-0.005866428615999374,0.003929028057848127,0.004583398017943107,-32.9787538506403,33.45972120489371,510.00996155444574,6883.603738073382,0.0008615254497541628,53.00512673903878,355.3788330174367,244.28829095595248,72.8058101828523
15 Jul 2026 23:58:00.000000000,5112.831987849984,-3033.848633918419,-3466.9435489745006,5.076195903996066,3.152799412155452,4.714645258228413,-0.006252723962565645,0.003706488011019696,0.004246704149289903,-30.27644831998821,36.35459801109522,509.4892847138522,6884.408102499668,0.0008838794359130334,53.007639768789616,355.3760958856311,251.90080335377868,68.99709043447142
15 Jul 2026 23:59:00.000000000,5405.9341417514415,-2838.1467252435787,-3176.626631347264,4.690305452420772,3.3682196280220937,4.959049323864992,-0.006611557158186526,0.003467556948838606,0.003891158379654847,-27.501577104950766,39.07985627511223,508.99284694834745,6885.189760204134,0.0009018298871152768,53.01008258609951,355.3737726434186,259.3232353069676,65.37800570908216
16 Jul 2026 00:00:00.000000000,5675.253797000005,-2629.9588255580547,-2872.2957972288787,4.283735184516605,3.5688457357936763,5.181602474276164,-0.006941306442054526,0.0032132746938484816,0.0035183189017184723,-24.665138589454696,41.658202984510005,508.5326641194838,6885.934940542017,0.0009145870165867912,53.012412061916756,355.3718479520002,266.5463918927234,61.95775472130247
